workout_date,workout_type,title,notes,source_file,record_index,timestamp,elapsed_seconds,distance_m,heart_rate,power,cadence,speed,altitude,latitude,longitude
2026-04-26,training,Postrun Yoga,"Oh…this is a blessing after the running. Every time I does it after a workout session I feel all the muscles in my body.

Its like a massage.",2026-04-26_11-40-57_hk_1777196457.fit,1,2026-04-26T09:44:47.000Z,0.000,,120,,,,,,
2026-04-26,training,Postrun Yoga,"Oh…this is a blessing after the running. Every time I does it after a workout session I feel all the muscles in my body.

Its like a massage.",2026-04-26_11-40-57_hk_1777196457.fit,2,2026-04-26T09:44:49.000Z,2.000,,120,,,,,,
2026-04-26,training,Postrun Yoga,"Oh…this is a blessing after the running. Every time I does it after a workout session I feel all the muscles in my body.

Its like a massage.",2026-04-26_11-40-57_hk_1777196457.fit,3,2026-04-26T09:44:51.000Z,4.000,,120,,,,,,
2026-04-26,training,Postrun Yoga,"Oh…this is a blessing after the running. Every time I does it after a workout session I feel all the muscles in my body.

Its like a massage.",2026-04-26_11-40-57_hk_1777196457.fit,4,2026-04-26T09:44:52.000Z,5.000,,123,,,,,,
2026-04-26,training,Postrun Yoga,"Oh…this is a blessing after the running. Every time I does it after a workout session I feel all the muscles in my body.

Its like a massage.",2026-04-26_11-40-57_hk_1777196457.fit,5,2026-04-26T09:44:54.000Z,7.000,,123,,,,,,
2026-04-26,training,Postrun Yoga,"Oh…this is a blessing after the running. Every time I does it after a workout session I feel all the muscles in my body.

Its like a massage.",2026-04-26_11-40-57_hk_1777196457.fit,6,2026-04-26T09:44:56.000Z,9.000,,123,,,,,,
2026-04-26,training,Postrun Yoga,"Oh…this is a blessing after the running. Every time I does it after a workout session I feel all the muscles in my body.

Its like a massage.",2026-04-26_11-40-57_hk_1777196457.fit,7,2026-04-26T09:44:57.000Z,10.000,,123,,,,,,
2026-04-26,training,Postrun Yoga,"Oh…this is a blessing after the running. Every time I does it after a workout session I feel all the muscles in my body.

Its like a massage.",2026-04-26_11-40-57_hk_1777196457.fit,8,2026-04-26T09:44:59.000Z,12.000,,123,,,,,,
2026-04-26,training,Postrun Yoga,"Oh…this is a blessing after the running. Every time I does it after a workout session I feel all the muscles in my body.

Its like a massage.",2026-04-26_11-40-57_hk_1777196457.fit,9,2026-04-26T09:45:01.000Z,14.000,,123,,,,,,
2026-04-26,training,Postrun Yoga,"Oh…this is a blessing after the running. Every time I does it after a workout session I feel all the muscles in my body.

Its like a massage.",2026-04-26_11-40-57_hk_1777196457.fit,10,2026-04-26T09:45:02.000Z,15.000,,126,,,,,,
2026-04-26,training,Postrun Yoga,"Oh…this is a blessing after the running. Every time I does it after a workout session I feel all the muscles in my body.

Its like a massage.",2026-04-26_11-40-57_hk_1777196457.fit,11,2026-04-26T09:45:04.000Z,17.000,,126,,,,,,
2026-04-26,training,Postrun Yoga,"Oh…this is a blessing after the running. Every time I does it after a workout session I feel all the muscles in my body.

Its like a massage.",2026-04-26_11-40-57_hk_1777196457.fit,12,2026-04-26T09:45:07.000Z,20.000,,126,,,,,,
2026-04-26,training,Postrun Yoga,"Oh…this is a blessing after the running. Every time I does it after a workout session I feel all the muscles in my body.

Its like a massage.",2026-04-26_11-40-57_hk_1777196457.fit,13,2026-04-26T09:45:09.000Z,22.000,,126,,,,,,
2026-04-26,training,Postrun Yoga,"Oh…this is a blessing after the running. Every time I does it after a workout session I feel all the muscles in my body.

Its like a massage.",2026-04-26_11-40-57_hk_1777196457.fit,14,2026-04-26T09:45:12.000Z,25.000,,126,,,,,,
2026-04-26,training,Postrun Yoga,"Oh…this is a blessing after the running. Every time I does it after a workout session I feel all the muscles in my body.

Its like a massage.",2026-04-26_11-40-57_hk_1777196457.fit,15,2026-04-26T09:45:14.000Z,27.000,,126,,,,,,
2026-04-26,training,Postrun Yoga,"Oh…this is a blessing after the running. Every time I does it after a workout session I feel all the muscles in my body.

Its like a massage.",2026-04-26_11-40-57_hk_1777196457.fit,16,2026-04-26T09:45:16.000Z,29.000,,133,,,,,,
2026-04-26,training,Postrun Yoga,"Oh…this is a blessing after the running. Every time I does it after a workout session I feel all the muscles in my body.

Its like a massage.",2026-04-26_11-40-57_hk_1777196457.fit,17,2026-04-26T09:45:17.000Z,30.000,,133,,,,,,
2026-04-26,training,Postrun Yoga,"Oh…this is a blessing after the running. Every time I does it after a workout session I feel all the muscles in my body.

Its like a massage.",2026-04-26_11-40-57_hk_1777196457.fit,18,2026-04-26T09:45:19.000Z,32.000,,133,,,,,,
2026-04-26,training,Postrun Yoga,"Oh…this is a blessing after the running. Every time I does it after a workout session I feel all the muscles in my body.

Its like a massage.",2026-04-26_11-40-57_hk_1777196457.fit,19,2026-04-26T09:45:22.000Z,35.000,,132,,,,,,
2026-04-26,training,Postrun Yoga,"Oh…this is a blessing after the running. Every time I does it after a workout session I feel all the muscles in my body.

Its like a massage.",2026-04-26_11-40-57_hk_1777196457.fit,20,2026-04-26T09:45:25.000Z,38.000,,132,,,,,,
2026-04-26,training,Postrun Yoga,"Oh…this is a blessing after the running. Every time I does it after a workout session I feel all the muscles in my body.

Its like a massage.",2026-04-26_11-40-57_hk_1777196457.fit,21,2026-04-26T09:45:27.000Z,40.000,,134,,,,,,
2026-04-26,training,Postrun Yoga,"Oh…this is a blessing after the running. Every time I does it after a workout session I feel all the muscles in my body.

Its like a massage.",2026-04-26_11-40-57_hk_1777196457.fit,22,2026-04-26T09:45:30.000Z,43.000,,134,,,,,,
2026-04-26,training,Postrun Yoga,"Oh…this is a blessing after the running. Every time I does it after a workout session I feel all the muscles in my body.

Its like a massage.",2026-04-26_11-40-57_hk_1777196457.fit,23,2026-04-26T09:45:32.000Z,45.000,,134,,,,,,
2026-04-26,training,Postrun Yoga,"Oh…this is a blessing after the running. Every time I does it after a workout session I feel all the muscles in my body.

Its like a massage.",2026-04-26_11-40-57_hk_1777196457.fit,24,2026-04-26T09:45:34.000Z,47.000,,134,,,,,,
2026-04-26,training,Postrun Yoga,"Oh…this is a blessing after the running. Every time I does it after a workout session I feel all the muscles in my body.

Its like a massage.",2026-04-26_11-40-57_hk_1777196457.fit,25,2026-04-26T09:45:35.000Z,48.000,,134,,,,,,
2026-04-26,training,Postrun Yoga,"Oh…this is a blessing after the running. Every time I does it after a workout session I feel all the muscles in my body.

Its like a massage.",2026-04-26_11-40-57_hk_1777196457.fit,26,2026-04-26T09:45:37.000Z,50.000,,134,,,,,,
2026-04-26,training,Postrun Yoga,"Oh…this is a blessing after the running. Every time I does it after a workout session I feel all the muscles in my body.

Its like a massage.",2026-04-26_11-40-57_hk_1777196457.fit,27,2026-04-26T09:45:40.000Z,53.000,,134,,,,,,
2026-04-26,training,Postrun Yoga,"Oh…this is a blessing after the running. Every time I does it after a workout session I feel all the muscles in my body.

Its like a massage.",2026-04-26_11-40-57_hk_1777196457.fit,28,2026-04-26T09:45:41.000Z,54.000,,138,,,,,,
2026-04-26,training,Postrun Yoga,"Oh…this is a blessing after the running. Every time I does it after a workout session I feel all the muscles in my body.

Its like a massage.",2026-04-26_11-40-57_hk_1777196457.fit,29,2026-04-26T09:45:42.000Z,55.000,,138,,,,,,
2026-04-26,training,Postrun Yoga,"Oh…this is a blessing after the running. Every time I does it after a workout session I feel all the muscles in my body.

Its like a massage.",2026-04-26_11-40-57_hk_1777196457.fit,30,2026-04-26T09:45:45.000Z,58.000,,138,,,,,,
2026-04-26,training,Postrun Yoga,"Oh…this is a blessing after the running. Every time I does it after a workout session I feel all the muscles in my body.

Its like a massage.",2026-04-26_11-40-57_hk_1777196457.fit,31,2026-04-26T09:45:46.000Z,59.000,,137,,,,,,
2026-04-26,training,Postrun Yoga,"Oh…this is a blessing after the running. Every time I does it after a workout session I feel all the muscles in my body.

Its like a massage.",2026-04-26_11-40-57_hk_1777196457.fit,32,2026-04-26T09:45:47.000Z,60.000,,137,,,,,,
2026-04-26,training,Postrun Yoga,"Oh…this is a blessing after the running. Every time I does it after a workout session I feel all the muscles in my body.

Its like a massage.",2026-04-26_11-40-57_hk_1777196457.fit,33,2026-04-26T09:45:48.000Z,61.000,,137,,,,,,
2026-04-26,training,Postrun Yoga,"Oh…this is a blessing after the running. Every time I does it after a workout session I feel all the muscles in my body.

Its like a massage.",2026-04-26_11-40-57_hk_1777196457.fit,34,2026-04-26T09:45:50.000Z,63.000,,137,,,,,,
2026-04-26,training,Postrun Yoga,"Oh…this is a blessing after the running. Every time I does it after a workout session I feel all the muscles in my body.

Its like a massage.",2026-04-26_11-40-57_hk_1777196457.fit,35,2026-04-26T09:45:52.000Z,65.000,,135,,,,,,
2026-04-26,training,Postrun Yoga,"Oh…this is a blessing after the running. Every time I does it after a workout session I feel all the muscles in my body.

Its like a massage.",2026-04-26_11-40-57_hk_1777196457.fit,36,2026-04-26T09:45:53.000Z,66.000,,135,,,,,,
2026-04-26,training,Postrun Yoga,"Oh…this is a blessing after the running. Every time I does it after a workout session I feel all the muscles in my body.

Its like a massage.",2026-04-26_11-40-57_hk_1777196457.fit,37,2026-04-26T09:45:55.000Z,68.000,,135,,,,,,
2026-04-26,training,Postrun Yoga,"Oh…this is a blessing after the running. Every time I does it after a workout session I feel all the muscles in my body.

Its like a massage.",2026-04-26_11-40-57_hk_1777196457.fit,38,2026-04-26T09:45:57.000Z,70.000,,132,,,,,,
2026-04-26,training,Postrun Yoga,"Oh…this is a blessing after the running. Every time I does it after a workout session I feel all the muscles in my body.

Its like a massage.",2026-04-26_11-40-57_hk_1777196457.fit,39,2026-04-26T09:45:58.000Z,71.000,,132,,,,,,
2026-04-26,training,Postrun Yoga,"Oh…this is a blessing after the running. Every time I does it after a workout session I feel all the muscles in my body.

Its like a massage.",2026-04-26_11-40-57_hk_1777196457.fit,40,2026-04-26T09:46:00.000Z,73.000,,132,,,,,,
2026-04-26,training,Postrun Yoga,"Oh…this is a blessing after the running. Every time I does it after a workout session I feel all the muscles in my body.

Its like a massage.",2026-04-26_11-40-57_hk_1777196457.fit,41,2026-04-26T09:46:02.000Z,75.000,,131,,,,,,
2026-04-26,training,Postrun Yoga,"Oh…this is a blessing after the running. Every time I does it after a workout session I feel all the muscles in my body.

Its like a massage.",2026-04-26_11-40-57_hk_1777196457.fit,42,2026-04-26T09:46:03.000Z,76.000,,131,,,,,,
2026-04-26,training,Postrun Yoga,"Oh…this is a blessing after the running. Every time I does it after a workout session I feel all the muscles in my body.

Its like a massage.",2026-04-26_11-40-57_hk_1777196457.fit,43,2026-04-26T09:46:05.000Z,78.000,,131,,,,,,
2026-04-26,training,Postrun Yoga,"Oh…this is a blessing after the running. Every time I does it after a workout session I feel all the muscles in my body.

Its like a massage.",2026-04-26_11-40-57_hk_1777196457.fit,44,2026-04-26T09:46:07.000Z,80.000,,134,,,,,,
2026-04-26,training,Postrun Yoga,"Oh…this is a blessing after the running. Every time I does it after a workout session I feel all the muscles in my body.

Its like a massage.",2026-04-26_11-40-57_hk_1777196457.fit,45,2026-04-26T09:46:08.000Z,81.000,,134,,,,,,
2026-04-26,training,Postrun Yoga,"Oh…this is a blessing after the running. Every time I does it after a workout session I feel all the muscles in my body.

Its like a massage.",2026-04-26_11-40-57_hk_1777196457.fit,46,2026-04-26T09:46:11.000Z,84.000,,134,,,,,,
2026-04-26,training,Postrun Yoga,"Oh…this is a blessing after the running. Every time I does it after a workout session I feel all the muscles in my body.

Its like a massage.",2026-04-26_11-40-57_hk_1777196457.fit,47,2026-04-26T09:46:12.000Z,85.000,,135,,,,,,
2026-04-26,training,Postrun Yoga,"Oh…this is a blessing after the running. Every time I does it after a workout session I feel all the muscles in my body.

Its like a massage.",2026-04-26_11-40-57_hk_1777196457.fit,48,2026-04-26T09:46:13.000Z,86.000,,135,,,,,,
2026-04-26,training,Postrun Yoga,"Oh…this is a blessing after the running. Every time I does it after a workout session I feel all the muscles in my body.

Its like a massage.",2026-04-26_11-40-57_hk_1777196457.fit,49,2026-04-26T09:46:16.000Z,89.000,,135,,,,,,
2026-04-26,training,Postrun Yoga,"Oh…this is a blessing after the running. Every time I does it after a workout session I feel all the muscles in my body.

Its like a massage.",2026-04-26_11-40-57_hk_1777196457.fit,50,2026-04-26T09:46:18.000Z,91.000,,134,,,,,,
2026-04-26,training,Postrun Yoga,"Oh…this is a blessing after the running. Every time I does it after a workout session I feel all the muscles in my body.

Its like a massage.",2026-04-26_11-40-57_hk_1777196457.fit,51,2026-04-26T09:46:21.000Z,94.000,,134,,,,,,
2026-04-26,training,Postrun Yoga,"Oh…this is a blessing after the running. Every time I does it after a workout session I feel all the muscles in my body.

Its like a massage.",2026-04-26_11-40-57_hk_1777196457.fit,52,2026-04-26T09:46:23.000Z,96.000,,134,,,,,,
2026-04-26,training,Postrun Yoga,"Oh…this is a blessing after the running. Every time I does it after a workout session I feel all the muscles in my body.

Its like a massage.",2026-04-26_11-40-57_hk_1777196457.fit,53,2026-04-26T09:46:26.000Z,99.000,,124,,,,,,
2026-04-26,training,Postrun Yoga,"Oh…this is a blessing after the running. Every time I does it after a workout session I feel all the muscles in my body.

Its like a massage.",2026-04-26_11-40-57_hk_1777196457.fit,54,2026-04-26T09:46:29.000Z,102.000,,124,,,,,,
2026-04-26,training,Postrun Yoga,"Oh…this is a blessing after the running. Every time I does it after a workout session I feel all the muscles in my body.

Its like a massage.",2026-04-26_11-40-57_hk_1777196457.fit,55,2026-04-26T09:46:30.000Z,103.000,,124,,,,,,
2026-04-26,training,Postrun Yoga,"Oh…this is a blessing after the running. Every time I does it after a workout session I feel all the muscles in my body.

Its like a massage.",2026-04-26_11-40-57_hk_1777196457.fit,56,2026-04-26T09:46:31.000Z,104.000,,124,,,,,,
2026-04-26,training,Postrun Yoga,"Oh…this is a blessing after the running. Every time I does it after a workout session I feel all the muscles in my body.

Its like a massage.",2026-04-26_11-40-57_hk_1777196457.fit,57,2026-04-26T09:46:32.000Z,105.000,,126,,,,,,
2026-04-26,training,Postrun Yoga,"Oh…this is a blessing after the running. Every time I does it after a workout session I feel all the muscles in my body.

Its like a massage.",2026-04-26_11-40-57_hk_1777196457.fit,58,2026-04-26T09:46:34.000Z,107.000,,126,,,,,,
2026-04-26,training,Postrun Yoga,"Oh…this is a blessing after the running. Every time I does it after a workout session I feel all the muscles in my body.

Its like a massage.",2026-04-26_11-40-57_hk_1777196457.fit,59,2026-04-26T09:46:36.000Z,109.000,,126,,,,,,
2026-04-26,training,Postrun Yoga,"Oh…this is a blessing after the running. Every time I does it after a workout session I feel all the muscles in my body.

Its like a massage.",2026-04-26_11-40-57_hk_1777196457.fit,60,2026-04-26T09:46:37.000Z,110.000,,125,,,,,,
2026-04-26,training,Postrun Yoga,"Oh…this is a blessing after the running. Every time I does it after a workout session I feel all the muscles in my body.

Its like a massage.",2026-04-26_11-40-57_hk_1777196457.fit,61,2026-04-26T09:46:39.000Z,112.000,,125,,,,,,
2026-04-26,training,Postrun Yoga,"Oh…this is a blessing after the running. Every time I does it after a workout session I feel all the muscles in my body.

Its like a massage.",2026-04-26_11-40-57_hk_1777196457.fit,62,2026-04-26T09:46:41.000Z,114.000,,125,,,,,,
2026-04-26,training,Postrun Yoga,"Oh…this is a blessing after the running. Every time I does it after a workout session I feel all the muscles in my body.

Its like a massage.",2026-04-26_11-40-57_hk_1777196457.fit,63,2026-04-26T09:46:43.000Z,116.000,,125,,,,,,
2026-04-26,training,Postrun Yoga,"Oh…this is a blessing after the running. Every time I does it after a workout session I feel all the muscles in my body.

Its like a massage.",2026-04-26_11-40-57_hk_1777196457.fit,64,2026-04-26T09:46:44.000Z,117.000,,125,,,,,,
2026-04-26,training,Postrun Yoga,"Oh…this is a blessing after the running. Every time I does it after a workout session I feel all the muscles in my body.

Its like a massage.",2026-04-26_11-40-57_hk_1777196457.fit,65,2026-04-26T09:46:46.000Z,119.000,,125,,,,,,
2026-04-26,training,Postrun Yoga,"Oh…this is a blessing after the running. Every time I does it after a workout session I feel all the muscles in my body.

Its like a massage.",2026-04-26_11-40-57_hk_1777196457.fit,66,2026-04-26T09:46:47.000Z,120.000,,125,,,,,,
2026-04-26,training,Postrun Yoga,"Oh…this is a blessing after the running. Every time I does it after a workout session I feel all the muscles in my body.

Its like a massage.",2026-04-26_11-40-57_hk_1777196457.fit,67,2026-04-26T09:46:49.000Z,122.000,,125,,,,,,
2026-04-26,training,Postrun Yoga,"Oh…this is a blessing after the running. Every time I does it after a workout session I feel all the muscles in my body.

Its like a massage.",2026-04-26_11-40-57_hk_1777196457.fit,68,2026-04-26T09:46:52.000Z,125.000,,125,,,,,,
2026-04-26,training,Postrun Yoga,"Oh…this is a blessing after the running. Every time I does it after a workout session I feel all the muscles in my body.

Its like a massage.",2026-04-26_11-40-57_hk_1777196457.fit,69,2026-04-26T09:46:54.000Z,127.000,,125,,,,,,
2026-04-26,training,Postrun Yoga,"Oh…this is a blessing after the running. Every time I does it after a workout session I feel all the muscles in my body.

Its like a massage.",2026-04-26_11-40-57_hk_1777196457.fit,70,2026-04-26T09:46:56.000Z,129.000,,131,,,,,,
2026-04-26,training,Postrun Yoga,"Oh…this is a blessing after the running. Every time I does it after a workout session I feel all the muscles in my body.

Its like a massage.",2026-04-26_11-40-57_hk_1777196457.fit,71,2026-04-26T09:46:57.000Z,130.000,,131,,,,,,
2026-04-26,training,Postrun Yoga,"Oh…this is a blessing after the running. Every time I does it after a workout session I feel all the muscles in my body.

Its like a massage.",2026-04-26_11-40-57_hk_1777196457.fit,72,2026-04-26T09:46:59.000Z,132.000,,131,,,,,,
2026-04-26,training,Postrun Yoga,"Oh…this is a blessing after the running. Every time I does it after a workout session I feel all the muscles in my body.

Its like a massage.",2026-04-26_11-40-57_hk_1777196457.fit,73,2026-04-26T09:47:01.000Z,134.000,,134,,,,,,
2026-04-26,training,Postrun Yoga,"Oh…this is a blessing after the running. Every time I does it after a workout session I feel all the muscles in my body.

Its like a massage.",2026-04-26_11-40-57_hk_1777196457.fit,74,2026-04-26T09:47:02.000Z,135.000,,134,,,,,,
2026-04-26,training,Postrun Yoga,"Oh…this is a blessing after the running. Every time I does it after a workout session I feel all the muscles in my body.

Its like a massage.",2026-04-26_11-40-57_hk_1777196457.fit,75,2026-04-26T09:47:03.000Z,136.000,,133,,,,,,
2026-04-26,training,Postrun Yoga,"Oh…this is a blessing after the running. Every time I does it after a workout session I feel all the muscles in my body.

Its like a massage.",2026-04-26_11-40-57_hk_1777196457.fit,76,2026-04-26T09:47:04.000Z,137.000,,133,,,,,,
2026-04-26,training,Postrun Yoga,"Oh…this is a blessing after the running. Every time I does it after a workout session I feel all the muscles in my body.

Its like a massage.",2026-04-26_11-40-57_hk_1777196457.fit,77,2026-04-26T09:47:07.000Z,140.000,,133,,,,,,
2026-04-26,training,Postrun Yoga,"Oh…this is a blessing after the running. Every time I does it after a workout session I feel all the muscles in my body.

Its like a massage.",2026-04-26_11-40-57_hk_1777196457.fit,78,2026-04-26T09:47:08.000Z,141.000,,132,,,,,,
2026-04-26,training,Postrun Yoga,"Oh…this is a blessing after the running. Every time I does it after a workout session I feel all the muscles in my body.

Its like a massage.",2026-04-26_11-40-57_hk_1777196457.fit,79,2026-04-26T09:47:09.000Z,142.000,,132,,,,,,
2026-04-26,training,Postrun Yoga,"Oh…this is a blessing after the running. Every time I does it after a workout session I feel all the muscles in my body.

Its like a massage.",2026-04-26_11-40-57_hk_1777196457.fit,80,2026-04-26T09:47:12.000Z,145.000,,132,,,,,,
2026-04-26,training,Postrun Yoga,"Oh…this is a blessing after the running. Every time I does it after a workout session I feel all the muscles in my body.

Its like a massage.",2026-04-26_11-40-57_hk_1777196457.fit,81,2026-04-26T09:47:15.000Z,148.000,,132,,,,,,
2026-04-26,training,Postrun Yoga,"Oh…this is a blessing after the running. Every time I does it after a workout session I feel all the muscles in my body.

Its like a massage.",2026-04-26_11-40-57_hk_1777196457.fit,82,2026-04-26T09:47:17.000Z,150.000,,131,,,,,,
2026-04-26,training,Postrun Yoga,"Oh…this is a blessing after the running. Every time I does it after a workout session I feel all the muscles in my body.

Its like a massage.",2026-04-26_11-40-57_hk_1777196457.fit,83,2026-04-26T09:47:20.000Z,153.000,,131,,,,,,
2026-04-26,training,Postrun Yoga,"Oh…this is a blessing after the running. Every time I does it after a workout session I feel all the muscles in my body.

Its like a massage.",2026-04-26_11-40-57_hk_1777196457.fit,84,2026-04-26T09:47:22.000Z,155.000,,131,,,,,,
2026-04-26,training,Postrun Yoga,"Oh…this is a blessing after the running. Every time I does it after a workout session I feel all the muscles in my body.

Its like a massage.",2026-04-26_11-40-57_hk_1777196457.fit,85,2026-04-26T09:47:25.000Z,158.000,,131,,,,,,
2026-04-26,training,Postrun Yoga,"Oh…this is a blessing after the running. Every time I does it after a workout session I feel all the muscles in my body.

Its like a massage.",2026-04-26_11-40-57_hk_1777196457.fit,86,2026-04-26T09:47:27.000Z,160.000,,131,,,,,,
2026-04-26,training,Postrun Yoga,"Oh…this is a blessing after the running. Every time I does it after a workout session I feel all the muscles in my body.

Its like a massage.",2026-04-26_11-40-57_hk_1777196457.fit,87,2026-04-26T09:47:30.000Z,163.000,,131,,,,,,
2026-04-26,training,Postrun Yoga,"Oh…this is a blessing after the running. Every time I does it after a workout session I feel all the muscles in my body.

Its like a massage.",2026-04-26_11-40-57_hk_1777196457.fit,88,2026-04-26T09:47:33.000Z,166.000,,131,,,,,,
2026-04-26,training,Postrun Yoga,"Oh…this is a blessing after the running. Every time I does it after a workout session I feel all the muscles in my body.

Its like a massage.",2026-04-26_11-40-57_hk_1777196457.fit,89,2026-04-26T09:47:35.000Z,168.000,,131,,,,,,
2026-04-26,training,Postrun Yoga,"Oh…this is a blessing after the running. Every time I does it after a workout session I feel all the muscles in my body.

Its like a massage.",2026-04-26_11-40-57_hk_1777196457.fit,90,2026-04-26T09:47:38.000Z,171.000,,131,,,,,,
2026-04-26,training,Postrun Yoga,"Oh…this is a blessing after the running. Every time I does it after a workout session I feel all the muscles in my body.

Its like a massage.",2026-04-26_11-40-57_hk_1777196457.fit,91,2026-04-26T09:47:39.000Z,172.000,,132,,,,,,
2026-04-26,training,Postrun Yoga,"Oh…this is a blessing after the running. Every time I does it after a workout session I feel all the muscles in my body.

Its like a massage.",2026-04-26_11-40-57_hk_1777196457.fit,92,2026-04-26T09:47:40.000Z,173.000,,132,,,,,,
2026-04-26,training,Postrun Yoga,"Oh…this is a blessing after the running. Every time I does it after a workout session I feel all the muscles in my body.

Its like a massage.",2026-04-26_11-40-57_hk_1777196457.fit,93,2026-04-26T09:47:43.000Z,176.000,,132,,,,,,
2026-04-26,training,Postrun Yoga,"Oh…this is a blessing after the running. Every time I does it after a workout session I feel all the muscles in my body.

Its like a massage.",2026-04-26_11-40-57_hk_1777196457.fit,94,2026-04-26T09:47:45.000Z,178.000,,136,,,,,,
2026-04-26,training,Postrun Yoga,"Oh…this is a blessing after the running. Every time I does it after a workout session I feel all the muscles in my body.

Its like a massage.",2026-04-26_11-40-57_hk_1777196457.fit,95,2026-04-26T09:47:48.000Z,181.000,,136,,,,,,
2026-04-26,training,Postrun Yoga,"Oh…this is a blessing after the running. Every time I does it after a workout session I feel all the muscles in my body.

Its like a massage.",2026-04-26_11-40-57_hk_1777196457.fit,96,2026-04-26T09:47:50.000Z,183.000,,136,,,,,,
2026-04-26,training,Postrun Yoga,"Oh…this is a blessing after the running. Every time I does it after a workout session I feel all the muscles in my body.

Its like a massage.",2026-04-26_11-40-57_hk_1777196457.fit,97,2026-04-26T09:47:51.000Z,184.000,,138,,,,,,
2026-04-26,training,Postrun Yoga,"Oh…this is a blessing after the running. Every time I does it after a workout session I feel all the muscles in my body.

Its like a massage.",2026-04-26_11-40-57_hk_1777196457.fit,98,2026-04-26T09:47:53.000Z,186.000,,138,,,,,,
2026-04-26,training,Postrun Yoga,"Oh…this is a blessing after the running. Every time I does it after a workout session I feel all the muscles in my body.

Its like a massage.",2026-04-26_11-40-57_hk_1777196457.fit,99,2026-04-26T09:47:56.000Z,189.000,,143,,,,,,
2026-04-26,training,Postrun Yoga,"Oh…this is a blessing after the running. Every time I does it after a workout session I feel all the muscles in my body.

Its like a massage.",2026-04-26_11-40-57_hk_1777196457.fit,100,2026-04-26T09:47:58.000Z,191.000,,143,,,,,,
2026-04-26,training,Postrun Yoga,"Oh…this is a blessing after the running. Every time I does it after a workout session I feel all the muscles in my body.

Its like a massage.",2026-04-26_11-40-57_hk_1777196457.fit,101,2026-04-26T09:50:17.000Z,330.000,,121,,,,,,
2026-04-26,training,Postrun Yoga,"Oh…this is a blessing after the running. Every time I does it after a workout session I feel all the muscles in my body.

Its like a massage.",2026-04-26_11-40-57_hk_1777196457.fit,102,2026-04-26T09:50:19.000Z,332.000,,121,,,,,,
2026-04-26,training,Postrun Yoga,"Oh…this is a blessing after the running. Every time I does it after a workout session I feel all the muscles in my body.

Its like a massage.",2026-04-26_11-40-57_hk_1777196457.fit,103,2026-04-26T09:50:21.000Z,334.000,,121,,,,,,
2026-04-26,training,Postrun Yoga,"Oh…this is a blessing after the running. Every time I does it after a workout session I feel all the muscles in my body.

Its like a massage.",2026-04-26_11-40-57_hk_1777196457.fit,104,2026-04-26T09:50:24.000Z,337.000,,121,,,,,,
2026-04-26,training,Postrun Yoga,"Oh…this is a blessing after the running. Every time I does it after a workout session I feel all the muscles in my body.

Its like a massage.",2026-04-26_11-40-57_hk_1777196457.fit,105,2026-04-26T09:50:26.000Z,339.000,,117,,,,,,
2026-04-26,training,Postrun Yoga,"Oh…this is a blessing after the running. Every time I does it after a workout session I feel all the muscles in my body.

Its like a massage.",2026-04-26_11-40-57_hk_1777196457.fit,106,2026-04-26T09:50:27.000Z,340.000,,117,,,,,,
2026-04-26,training,Postrun Yoga,"Oh…this is a blessing after the running. Every time I does it after a workout session I feel all the muscles in my body.

Its like a massage.",2026-04-26_11-40-57_hk_1777196457.fit,107,2026-04-26T09:50:29.000Z,342.000,,117,,,,,,
2026-04-26,training,Postrun Yoga,"Oh…this is a blessing after the running. Every time I does it after a workout session I feel all the muscles in my body.

Its like a massage.",2026-04-26_11-40-57_hk_1777196457.fit,108,2026-04-26T09:50:31.000Z,344.000,,118,,,,,,
2026-04-26,training,Postrun Yoga,"Oh…this is a blessing after the running. Every time I does it after a workout session I feel all the muscles in my body.

Its like a massage.",2026-04-26_11-40-57_hk_1777196457.fit,109,2026-04-26T09:50:32.000Z,345.000,,118,,,,,,
2026-04-26,training,Postrun Yoga,"Oh…this is a blessing after the running. Every time I does it after a workout session I feel all the muscles in my body.

Its like a massage.",2026-04-26_11-40-57_hk_1777196457.fit,110,2026-04-26T09:50:34.000Z,347.000,,118,,,,,,
2026-04-26,training,Postrun Yoga,"Oh…this is a blessing after the running. Every time I does it after a workout session I feel all the muscles in my body.

Its like a massage.",2026-04-26_11-40-57_hk_1777196457.fit,111,2026-04-26T09:50:36.000Z,349.000,,117,,,,,,
2026-04-26,training,Postrun Yoga,"Oh…this is a blessing after the running. Every time I does it after a workout session I feel all the muscles in my body.

Its like a massage.",2026-04-26_11-40-57_hk_1777196457.fit,112,2026-04-26T09:50:37.000Z,350.000,,117,,,,,,
2026-04-26,training,Postrun Yoga,"Oh…this is a blessing after the running. Every time I does it after a workout session I feel all the muscles in my body.

Its like a massage.",2026-04-26_11-40-57_hk_1777196457.fit,113,2026-04-26T09:50:39.000Z,352.000,,117,,,,,,
2026-04-26,training,Postrun Yoga,"Oh…this is a blessing after the running. Every time I does it after a workout session I feel all the muscles in my body.

Its like a massage.",2026-04-26_11-40-57_hk_1777196457.fit,114,2026-04-26T09:50:40.000Z,353.000,,118,,,,,,
2026-04-26,training,Postrun Yoga,"Oh…this is a blessing after the running. Every time I does it after a workout session I feel all the muscles in my body.

Its like a massage.",2026-04-26_11-40-57_hk_1777196457.fit,115,2026-04-26T09:50:42.000Z,355.000,,118,,,,,,
2026-04-26,training,Postrun Yoga,"Oh…this is a blessing after the running. Every time I does it after a workout session I feel all the muscles in my body.

Its like a massage.",2026-04-26_11-40-57_hk_1777196457.fit,116,2026-04-26T09:50:45.000Z,358.000,,118,,,,,,
2026-04-26,training,Postrun Yoga,"Oh…this is a blessing after the running. Every time I does it after a workout session I feel all the muscles in my body.

Its like a massage.",2026-04-26_11-40-57_hk_1777196457.fit,117,2026-04-26T09:50:47.000Z,360.000,,118,,,,,,
2026-04-26,training,Postrun Yoga,"Oh…this is a blessing after the running. Every time I does it after a workout session I feel all the muscles in my body.

Its like a massage.",2026-04-26_11-40-57_hk_1777196457.fit,118,2026-04-26T09:50:50.000Z,363.000,,118,,,,,,
2026-04-26,training,Postrun Yoga,"Oh…this is a blessing after the running. Every time I does it after a workout session I feel all the muscles in my body.

Its like a massage.",2026-04-26_11-40-57_hk_1777196457.fit,119,2026-04-26T09:50:52.000Z,365.000,,118,,,,,,
2026-04-26,training,Postrun Yoga,"Oh…this is a blessing after the running. Every time I does it after a workout session I feel all the muscles in my body.

Its like a massage.",2026-04-26_11-40-57_hk_1777196457.fit,120,2026-04-26T09:50:55.000Z,368.000,,118,,,,,,
2026-04-26,training,Postrun Yoga,"Oh…this is a blessing after the running. Every time I does it after a workout session I feel all the muscles in my body.

Its like a massage.",2026-04-26_11-40-57_hk_1777196457.fit,121,2026-04-26T09:50:56.000Z,369.000,,120,,,,,,
2026-04-26,training,Postrun Yoga,"Oh…this is a blessing after the running. Every time I does it after a workout session I feel all the muscles in my body.

Its like a massage.",2026-04-26_11-40-57_hk_1777196457.fit,122,2026-04-26T09:50:57.000Z,370.000,,120,,,,,,
2026-04-26,training,Postrun Yoga,"Oh…this is a blessing after the running. Every time I does it after a workout session I feel all the muscles in my body.

Its like a massage.",2026-04-26_11-40-57_hk_1777196457.fit,123,2026-04-26T09:50:58.000Z,371.000,,119,,,,,,
2026-04-26,training,Postrun Yoga,"Oh…this is a blessing after the running. Every time I does it after a workout session I feel all the muscles in my body.

Its like a massage.",2026-04-26_11-40-57_hk_1777196457.fit,124,2026-04-26T09:51:00.000Z,373.000,,119,,,,,,
2026-04-26,training,Postrun Yoga,"Oh…this is a blessing after the running. Every time I does it after a workout session I feel all the muscles in my body.

Its like a massage.",2026-04-26_11-40-57_hk_1777196457.fit,125,2026-04-26T09:51:02.000Z,375.000,,119,,,,,,
2026-04-26,training,Postrun Yoga,"Oh…this is a blessing after the running. Every time I does it after a workout session I feel all the muscles in my body.

Its like a massage.",2026-04-26_11-40-57_hk_1777196457.fit,126,2026-04-26T09:51:05.000Z,378.000,,119,,,,,,
2026-04-26,training,Postrun Yoga,"Oh…this is a blessing after the running. Every time I does it after a workout session I feel all the muscles in my body.

Its like a massage.",2026-04-26_11-40-57_hk_1777196457.fit,127,2026-04-26T09:51:06.000Z,379.000,,120,,,,,,
2026-04-26,training,Postrun Yoga,"Oh…this is a blessing after the running. Every time I does it after a workout session I feel all the muscles in my body.

Its like a massage.",2026-04-26_11-40-57_hk_1777196457.fit,128,2026-04-26T09:51:08.000Z,381.000,,120,,,,,,
2026-04-26,training,Postrun Yoga,"Oh…this is a blessing after the running. Every time I does it after a workout session I feel all the muscles in my body.

Its like a massage.",2026-04-26_11-40-57_hk_1777196457.fit,129,2026-04-26T09:51:10.000Z,383.000,,120,,,,,,
2026-04-26,training,Postrun Yoga,"Oh…this is a blessing after the running. Every time I does it after a workout session I feel all the muscles in my body.

Its like a massage.",2026-04-26_11-40-57_hk_1777196457.fit,130,2026-04-26T09:51:11.000Z,384.000,,119,,,,,,
2026-04-26,training,Postrun Yoga,"Oh…this is a blessing after the running. Every time I does it after a workout session I feel all the muscles in my body.

Its like a massage.",2026-04-26_11-40-57_hk_1777196457.fit,131,2026-04-26T09:51:13.000Z,386.000,,119,,,,,,
2026-04-26,training,Postrun Yoga,"Oh…this is a blessing after the running. Every time I does it after a workout session I feel all the muscles in my body.

Its like a massage.",2026-04-26_11-40-57_hk_1777196457.fit,132,2026-04-26T09:51:14.000Z,387.000,,120,,,,,,
2026-04-26,training,Postrun Yoga,"Oh…this is a blessing after the running. Every time I does it after a workout session I feel all the muscles in my body.

Its like a massage.",2026-04-26_11-40-57_hk_1777196457.fit,133,2026-04-26T09:51:15.000Z,388.000,,120,,,,,,
2026-04-26,training,Postrun Yoga,"Oh…this is a blessing after the running. Every time I does it after a workout session I feel all the muscles in my body.

Its like a massage.",2026-04-26_11-40-57_hk_1777196457.fit,134,2026-04-26T09:51:18.000Z,391.000,,120,,,,,,
2026-04-26,training,Postrun Yoga,"Oh…this is a blessing after the running. Every time I does it after a workout session I feel all the muscles in my body.

Its like a massage.",2026-04-26_11-40-57_hk_1777196457.fit,135,2026-04-26T09:51:19.000Z,392.000,,121,,,,,,
2026-04-26,training,Postrun Yoga,"Oh…this is a blessing after the running. Every time I does it after a workout session I feel all the muscles in my body.

Its like a massage.",2026-04-26_11-40-57_hk_1777196457.fit,136,2026-04-26T09:51:20.000Z,393.000,,121,,,,,,
2026-04-26,training,Postrun Yoga,"Oh…this is a blessing after the running. Every time I does it after a workout session I feel all the muscles in my body.

Its like a massage.",2026-04-26_11-40-57_hk_1777196457.fit,137,2026-04-26T09:51:22.000Z,395.000,,122,,,,,,
2026-04-26,training,Postrun Yoga,"Oh…this is a blessing after the running. Every time I does it after a workout session I feel all the muscles in my body.

Its like a massage.",2026-04-26_11-40-57_hk_1777196457.fit,138,2026-04-26T09:51:23.000Z,396.000,,122,,,,,,
2026-04-26,training,Postrun Yoga,"Oh…this is a blessing after the running. Every time I does it after a workout session I feel all the muscles in my body.

Its like a massage.",2026-04-26_11-40-57_hk_1777196457.fit,139,2026-04-26T09:51:25.000Z,398.000,,122,,,,,,
2026-04-26,training,Postrun Yoga,"Oh…this is a blessing after the running. Every time I does it after a workout session I feel all the muscles in my body.

Its like a massage.",2026-04-26_11-40-57_hk_1777196457.fit,140,2026-04-26T09:51:27.000Z,400.000,,121,,,,,,
2026-04-26,training,Postrun Yoga,"Oh…this is a blessing after the running. Every time I does it after a workout session I feel all the muscles in my body.

Its like a massage.",2026-04-26_11-40-57_hk_1777196457.fit,141,2026-04-26T09:51:28.000Z,401.000,,121,,,,,,
2026-04-26,training,Postrun Yoga,"Oh…this is a blessing after the running. Every time I does it after a workout session I feel all the muscles in my body.

Its like a massage.",2026-04-26_11-40-57_hk_1777196457.fit,142,2026-04-26T09:51:31.000Z,404.000,,121,,,,,,
2026-04-26,training,Postrun Yoga,"Oh…this is a blessing after the running. Every time I does it after a workout session I feel all the muscles in my body.

Its like a massage.",2026-04-26_11-40-57_hk_1777196457.fit,143,2026-04-26T09:51:33.000Z,406.000,,121,,,,,,
2026-04-26,training,Postrun Yoga,"Oh…this is a blessing after the running. Every time I does it after a workout session I feel all the muscles in my body.

Its like a massage.",2026-04-26_11-40-57_hk_1777196457.fit,144,2026-04-26T09:51:36.000Z,409.000,,120,,,,,,
2026-04-26,training,Postrun Yoga,"Oh…this is a blessing after the running. Every time I does it after a workout session I feel all the muscles in my body.

Its like a massage.",2026-04-26_11-40-57_hk_1777196457.fit,145,2026-04-26T09:51:38.000Z,411.000,,120,,,,,,
2026-04-26,training,Postrun Yoga,"Oh…this is a blessing after the running. Every time I does it after a workout session I feel all the muscles in my body.

Its like a massage.",2026-04-26_11-40-57_hk_1777196457.fit,146,2026-04-26T09:51:40.000Z,413.000,,123,,,,,,
2026-04-26,training,Postrun Yoga,"Oh…this is a blessing after the running. Every time I does it after a workout session I feel all the muscles in my body.

Its like a massage.",2026-04-26_11-40-57_hk_1777196457.fit,147,2026-04-26T09:51:41.000Z,414.000,,123,,,,,,
2026-04-26,training,Postrun Yoga,"Oh…this is a blessing after the running. Every time I does it after a workout session I feel all the muscles in my body.

Its like a massage.",2026-04-26_11-40-57_hk_1777196457.fit,148,2026-04-26T09:51:43.000Z,416.000,,123,,,,,,
2026-04-26,training,Postrun Yoga,"Oh…this is a blessing after the running. Every time I does it after a workout session I feel all the muscles in my body.

Its like a massage.",2026-04-26_11-40-57_hk_1777196457.fit,149,2026-04-26T09:51:46.000Z,419.000,,127,,,,,,
2026-04-26,training,Postrun Yoga,"Oh…this is a blessing after the running. Every time I does it after a workout session I feel all the muscles in my body.

Its like a massage.",2026-04-26_11-40-57_hk_1777196457.fit,150,2026-04-26T09:51:49.000Z,422.000,,127,,,,,,
2026-04-26,training,Postrun Yoga,"Oh…this is a blessing after the running. Every time I does it after a workout session I feel all the muscles in my body.

Its like a massage.",2026-04-26_11-40-57_hk_1777196457.fit,151,2026-04-26T09:51:50.000Z,423.000,,126,,,,,,
2026-04-26,training,Postrun Yoga,"Oh…this is a blessing after the running. Every time I does it after a workout session I feel all the muscles in my body.

Its like a massage.",2026-04-26_11-40-57_hk_1777196457.fit,152,2026-04-26T09:51:51.000Z,424.000,,126,,,,,,
2026-04-26,training,Postrun Yoga,"Oh…this is a blessing after the running. Every time I does it after a workout session I feel all the muscles in my body.

Its like a massage.",2026-04-26_11-40-57_hk_1777196457.fit,153,2026-04-26T09:51:52.000Z,425.000,,125,,,,,,
2026-04-26,training,Postrun Yoga,"Oh…this is a blessing after the running. Every time I does it after a workout session I feel all the muscles in my body.

Its like a massage.",2026-04-26_11-40-57_hk_1777196457.fit,154,2026-04-26T09:51:54.000Z,427.000,,125,,,,,,
2026-04-26,training,Postrun Yoga,"Oh…this is a blessing after the running. Every time I does it after a workout session I feel all the muscles in my body.

Its like a massage.",2026-04-26_11-40-57_hk_1777196457.fit,155,2026-04-26T09:51:56.000Z,429.000,,125,,,,,,
2026-04-26,training,Postrun Yoga,"Oh…this is a blessing after the running. Every time I does it after a workout session I feel all the muscles in my body.

Its like a massage.",2026-04-26_11-40-57_hk_1777196457.fit,156,2026-04-26T09:51:57.000Z,430.000,,125,,,,,,
2026-04-26,training,Postrun Yoga,"Oh…this is a blessing after the running. Every time I does it after a workout session I feel all the muscles in my body.

Its like a massage.",2026-04-26_11-40-57_hk_1777196457.fit,157,2026-04-26T09:51:59.000Z,432.000,,125,,,,,,
2026-04-26,training,Postrun Yoga,"Oh…this is a blessing after the running. Every time I does it after a workout session I feel all the muscles in my body.

Its like a massage.",2026-04-26_11-40-57_hk_1777196457.fit,158,2026-04-26T09:52:01.000Z,434.000,,125,,,,,,
2026-04-26,training,Postrun Yoga,"Oh…this is a blessing after the running. Every time I does it after a workout session I feel all the muscles in my body.

Its like a massage.",2026-04-26_11-40-57_hk_1777196457.fit,159,2026-04-26T09:52:04.000Z,437.000,,125,,,,,,
2026-04-26,training,Postrun Yoga,"Oh…this is a blessing after the running. Every time I does it after a workout session I feel all the muscles in my body.

Its like a massage.",2026-04-26_11-40-57_hk_1777196457.fit,160,2026-04-26T09:52:06.000Z,439.000,,125,,,,,,
2026-04-26,training,Postrun Yoga,"Oh…this is a blessing after the running. Every time I does it after a workout session I feel all the muscles in my body.

Its like a massage.",2026-04-26_11-40-57_hk_1777196457.fit,161,2026-04-26T09:52:07.000Z,440.000,,127,,,,,,
2026-04-26,training,Postrun Yoga,"Oh…this is a blessing after the running. Every time I does it after a workout session I feel all the muscles in my body.

Its like a massage.",2026-04-26_11-40-57_hk_1777196457.fit,162,2026-04-26T09:52:09.000Z,442.000,,127,,,,,,
2026-04-26,training,Postrun Yoga,"Oh…this is a blessing after the running. Every time I does it after a workout session I feel all the muscles in my body.

Its like a massage.",2026-04-26_11-40-57_hk_1777196457.fit,163,2026-04-26T09:52:12.000Z,445.000,,127,,,,,,
2026-04-26,training,Postrun Yoga,"Oh…this is a blessing after the running. Every time I does it after a workout session I feel all the muscles in my body.

Its like a massage.",2026-04-26_11-40-57_hk_1777196457.fit,164,2026-04-26T09:52:14.000Z,447.000,,127,,,,,,
2026-04-26,training,Postrun Yoga,"Oh…this is a blessing after the running. Every time I does it after a workout session I feel all the muscles in my body.

Its like a massage.",2026-04-26_11-40-57_hk_1777196457.fit,165,2026-04-26T09:52:17.000Z,450.000,,127,,,,,,
2026-04-26,training,Postrun Yoga,"Oh…this is a blessing after the running. Every time I does it after a workout session I feel all the muscles in my body.

Its like a massage.",2026-04-26_11-40-57_hk_1777196457.fit,166,2026-04-26T09:52:19.000Z,452.000,,127,,,,,,
2026-04-26,training,Postrun Yoga,"Oh…this is a blessing after the running. Every time I does it after a workout session I feel all the muscles in my body.

Its like a massage.",2026-04-26_11-40-57_hk_1777196457.fit,167,2026-04-26T09:52:21.000Z,454.000,,129,,,,,,
2026-04-26,training,Postrun Yoga,"Oh…this is a blessing after the running. Every time I does it after a workout session I feel all the muscles in my body.

Its like a massage.",2026-04-26_11-40-57_hk_1777196457.fit,168,2026-04-26T09:52:22.000Z,455.000,,129,,,,,,
2026-04-26,training,Postrun Yoga,"Oh…this is a blessing after the running. Every time I does it after a workout session I feel all the muscles in my body.

Its like a massage.",2026-04-26_11-40-57_hk_1777196457.fit,169,2026-04-26T09:52:24.000Z,457.000,,129,,,,,,
2026-04-26,training,Postrun Yoga,"Oh…this is a blessing after the running. Every time I does it after a workout session I feel all the muscles in my body.

Its like a massage.",2026-04-26_11-40-57_hk_1777196457.fit,170,2026-04-26T09:52:26.000Z,459.000,,131,,,,,,
2026-04-26,training,Postrun Yoga,"Oh…this is a blessing after the running. Every time I does it after a workout session I feel all the muscles in my body.

Its like a massage.",2026-04-26_11-40-57_hk_1777196457.fit,171,2026-04-26T09:52:27.000Z,460.000,,131,,,,,,
2026-04-26,training,Postrun Yoga,"Oh…this is a blessing after the running. Every time I does it after a workout session I feel all the muscles in my body.

Its like a massage.",2026-04-26_11-40-57_hk_1777196457.fit,172,2026-04-26T09:52:29.000Z,462.000,,131,,,,,,
2026-04-26,training,Postrun Yoga,"Oh…this is a blessing after the running. Every time I does it after a workout session I feel all the muscles in my body.

Its like a massage.",2026-04-26_11-40-57_hk_1777196457.fit,173,2026-04-26T09:52:31.000Z,464.000,,131,,,,,,
2026-04-26,training,Postrun Yoga,"Oh…this is a blessing after the running. Every time I does it after a workout session I feel all the muscles in my body.

Its like a massage.",2026-04-26_11-40-57_hk_1777196457.fit,174,2026-04-26T09:52:32.000Z,465.000,,131,,,,,,
2026-04-26,training,Postrun Yoga,"Oh…this is a blessing after the running. Every time I does it after a workout session I feel all the muscles in my body.

Its like a massage.",2026-04-26_11-40-57_hk_1777196457.fit,175,2026-04-26T09:52:35.000Z,468.000,,135,,,,,,
2026-04-26,training,Postrun Yoga,"Oh…this is a blessing after the running. Every time I does it after a workout session I feel all the muscles in my body.

Its like a massage.",2026-04-26_11-40-57_hk_1777196457.fit,176,2026-04-26T09:52:37.000Z,470.000,,135,,,,,,
2026-04-26,training,Postrun Yoga,"Oh…this is a blessing after the running. Every time I does it after a workout session I feel all the muscles in my body.

Its like a massage.",2026-04-26_11-40-57_hk_1777196457.fit,177,2026-04-26T09:52:40.000Z,473.000,,134,,,,,,
2026-04-26,training,Postrun Yoga,"Oh…this is a blessing after the running. Every time I does it after a workout session I feel all the muscles in my body.

Its like a massage.",2026-04-26_11-40-57_hk_1777196457.fit,178,2026-04-26T09:52:42.000Z,475.000,,134,,,,,,
2026-04-26,training,Postrun Yoga,"Oh…this is a blessing after the running. Every time I does it after a workout session I feel all the muscles in my body.

Its like a massage.",2026-04-26_11-40-57_hk_1777196457.fit,179,2026-04-26T09:52:45.000Z,478.000,,134,,,,,,
2026-04-26,training,Postrun Yoga,"Oh…this is a blessing after the running. Every time I does it after a workout session I feel all the muscles in my body.

Its like a massage.",2026-04-26_11-40-57_hk_1777196457.fit,180,2026-04-26T09:52:47.000Z,480.000,,134,,,,,,
2026-04-26,training,Postrun Yoga,"Oh…this is a blessing after the running. Every time I does it after a workout session I feel all the muscles in my body.

Its like a massage.",2026-04-26_11-40-57_hk_1777196457.fit,181,2026-04-26T09:52:50.000Z,483.000,,132,,,,,,
2026-04-26,training,Postrun Yoga,"Oh…this is a blessing after the running. Every time I does it after a workout session I feel all the muscles in my body.

Its like a massage.",2026-04-26_11-40-57_hk_1777196457.fit,182,2026-04-26T09:52:52.000Z,485.000,,132,,,,,,
2026-04-26,training,Postrun Yoga,"Oh…this is a blessing after the running. Every time I does it after a workout session I feel all the muscles in my body.

Its like a massage.",2026-04-26_11-40-57_hk_1777196457.fit,183,2026-04-26T09:52:53.000Z,486.000,,132,,,,,,
2026-04-26,training,Postrun Yoga,"Oh…this is a blessing after the running. Every time I does it after a workout session I feel all the muscles in my body.

Its like a massage.",2026-04-26_11-40-57_hk_1777196457.fit,184,2026-04-26T09:52:55.000Z,488.000,,132,,,,,,
2026-04-26,training,Postrun Yoga,"Oh…this is a blessing after the running. Every time I does it after a workout session I feel all the muscles in my body.

Its like a massage.",2026-04-26_11-40-57_hk_1777196457.fit,185,2026-04-26T09:52:58.000Z,491.000,,132,,,,,,
2026-04-26,training,Postrun Yoga,"Oh…this is a blessing after the running. Every time I does it after a workout session I feel all the muscles in my body.

Its like a massage.",2026-04-26_11-40-57_hk_1777196457.fit,186,2026-04-26T09:52:59.000Z,492.000,,131,,,,,,
2026-04-26,training,Postrun Yoga,"Oh…this is a blessing after the running. Every time I does it after a workout session I feel all the muscles in my body.

Its like a massage.",2026-04-26_11-40-57_hk_1777196457.fit,187,2026-04-26T09:53:00.000Z,493.000,,131,,,,,,
2026-04-26,training,Postrun Yoga,"Oh…this is a blessing after the running. Every time I does it after a workout session I feel all the muscles in my body.

Its like a massage.",2026-04-26_11-40-57_hk_1777196457.fit,188,2026-04-26T09:53:02.000Z,495.000,,130,,,,,,
2026-04-26,training,Postrun Yoga,"Oh…this is a blessing after the running. Every time I does it after a workout session I feel all the muscles in my body.

Its like a massage.",2026-04-26_11-40-57_hk_1777196457.fit,189,2026-04-26T09:53:03.000Z,496.000,,130,,,,,,
2026-04-26,training,Postrun Yoga,"Oh…this is a blessing after the running. Every time I does it after a workout session I feel all the muscles in my body.

Its like a massage.",2026-04-26_11-40-57_hk_1777196457.fit,190,2026-04-26T09:53:05.000Z,498.000,,130,,,,,,
2026-04-26,training,Postrun Yoga,"Oh…this is a blessing after the running. Every time I does it after a workout session I feel all the muscles in my body.

Its like a massage.",2026-04-26_11-40-57_hk_1777196457.fit,191,2026-04-26T09:53:07.000Z,500.000,,127,,,,,,
2026-04-26,training,Postrun Yoga,"Oh…this is a blessing after the running. Every time I does it after a workout session I feel all the muscles in my body.

Its like a massage.",2026-04-26_11-40-57_hk_1777196457.fit,192,2026-04-26T09:53:08.000Z,501.000,,127,,,,,,
2026-04-26,training,Postrun Yoga,"Oh…this is a blessing after the running. Every time I does it after a workout session I feel all the muscles in my body.

Its like a massage.",2026-04-26_11-40-57_hk_1777196457.fit,193,2026-04-26T09:53:10.000Z,503.000,,127,,,,,,
2026-04-26,training,Postrun Yoga,"Oh…this is a blessing after the running. Every time I does it after a workout session I feel all the muscles in my body.

Its like a massage.",2026-04-26_11-40-57_hk_1777196457.fit,194,2026-04-26T09:53:12.000Z,505.000,,126,,,,,,
2026-04-26,training,Postrun Yoga,"Oh…this is a blessing after the running. Every time I does it after a workout session I feel all the muscles in my body.

Its like a massage.",2026-04-26_11-40-57_hk_1777196457.fit,195,2026-04-26T09:53:13.000Z,506.000,,126,,,,,,
2026-04-26,training,Postrun Yoga,"Oh…this is a blessing after the running. Every time I does it after a workout session I feel all the muscles in my body.

Its like a massage.",2026-04-26_11-40-57_hk_1777196457.fit,196,2026-04-26T09:53:16.000Z,509.000,,126,,,,,,
2026-04-26,training,Postrun Yoga,"Oh…this is a blessing after the running. Every time I does it after a workout session I feel all the muscles in my body.

Its like a massage.",2026-04-26_11-40-57_hk_1777196457.fit,197,2026-04-26T09:53:17.000Z,510.000,,128,,,,,,
2026-04-26,training,Postrun Yoga,"Oh…this is a blessing after the running. Every time I does it after a workout session I feel all the muscles in my body.

Its like a massage.",2026-04-26_11-40-57_hk_1777196457.fit,198,2026-04-26T09:53:18.000Z,511.000,,128,,,,,,
2026-04-26,training,Postrun Yoga,"Oh…this is a blessing after the running. Every time I does it after a workout session I feel all the muscles in my body.

Its like a massage.",2026-04-26_11-40-57_hk_1777196457.fit,199,2026-04-26T09:53:21.000Z,514.000,,128,,,,,,
2026-04-26,training,Postrun Yoga,"Oh…this is a blessing after the running. Every time I does it after a workout session I feel all the muscles in my body.

Its like a massage.",2026-04-26_11-40-57_hk_1777196457.fit,200,2026-04-26T09:53:22.000Z,515.000,,127,,,,,,
2026-04-26,training,Postrun Yoga,"Oh…this is a blessing after the running. Every time I does it after a workout session I feel all the muscles in my body.

Its like a massage.",2026-04-26_11-40-57_hk_1777196457.fit,201,2026-04-26T09:53:23.000Z,516.000,,127,,,,,,
2026-04-26,training,Postrun Yoga,"Oh…this is a blessing after the running. Every time I does it after a workout session I feel all the muscles in my body.

Its like a massage.",2026-04-26_11-40-57_hk_1777196457.fit,202,2026-04-26T09:53:26.000Z,519.000,,127,,,,,,
2026-04-26,training,Postrun Yoga,"Oh…this is a blessing after the running. Every time I does it after a workout session I feel all the muscles in my body.

Its like a massage.",2026-04-26_11-40-57_hk_1777196457.fit,203,2026-04-26T09:53:28.000Z,521.000,,127,,,,,,
2026-04-26,training,Postrun Yoga,"Oh…this is a blessing after the running. Every time I does it after a workout session I feel all the muscles in my body.

Its like a massage.",2026-04-26_11-40-57_hk_1777196457.fit,204,2026-04-26T09:53:31.000Z,524.000,,126,,,,,,
2026-04-26,training,Postrun Yoga,"Oh…this is a blessing after the running. Every time I does it after a workout session I feel all the muscles in my body.

Its like a massage.",2026-04-26_11-40-57_hk_1777196457.fit,205,2026-04-26T09:53:32.000Z,525.000,,125,,,,,,
2026-04-26,training,Postrun Yoga,"Oh…this is a blessing after the running. Every time I does it after a workout session I feel all the muscles in my body.

Its like a massage.",2026-04-26_11-40-57_hk_1777196457.fit,206,2026-04-26T09:53:33.000Z,526.000,,125,,,,,,
2026-04-26,training,Postrun Yoga,"Oh…this is a blessing after the running. Every time I does it after a workout session I feel all the muscles in my body.

Its like a massage.",2026-04-26_11-40-57_hk_1777196457.fit,207,2026-04-26T09:53:36.000Z,529.000,,125,,,,,,
2026-04-26,training,Postrun Yoga,"Oh…this is a blessing after the running. Every time I does it after a workout session I feel all the muscles in my body.

Its like a massage.",2026-04-26_11-40-57_hk_1777196457.fit,208,2026-04-26T09:53:37.000Z,530.000,,121,,,,,,
2026-04-26,training,Postrun Yoga,"Oh…this is a blessing after the running. Every time I does it after a workout session I feel all the muscles in my body.

Its like a massage.",2026-04-26_11-40-57_hk_1777196457.fit,209,2026-04-26T09:53:39.000Z,532.000,,121,,,,,,
2026-04-26,training,Postrun Yoga,"Oh…this is a blessing after the running. Every time I does it after a workout session I feel all the muscles in my body.

Its like a massage.",2026-04-26_11-40-57_hk_1777196457.fit,210,2026-04-26T09:53:41.000Z,534.000,,121,,,,,,
2026-04-26,training,Postrun Yoga,"Oh…this is a blessing after the running. Every time I does it after a workout session I feel all the muscles in my body.

Its like a massage.",2026-04-26_11-40-57_hk_1777196457.fit,211,2026-04-26T09:53:42.000Z,535.000,,119,,,,,,
2026-04-26,training,Postrun Yoga,"Oh…this is a blessing after the running. Every time I does it after a workout session I feel all the muscles in my body.

Its like a massage.",2026-04-26_11-40-57_hk_1777196457.fit,212,2026-04-26T09:53:44.000Z,537.000,,119,,,,,,
2026-04-26,training,Postrun Yoga,"Oh…this is a blessing after the running. Every time I does it after a workout session I feel all the muscles in my body.

Its like a massage.",2026-04-26_11-40-57_hk_1777196457.fit,213,2026-04-26T09:53:46.000Z,539.000,,119,,,,,,
2026-04-26,training,Postrun Yoga,"Oh…this is a blessing after the running. Every time I does it after a workout session I feel all the muscles in my body.

Its like a massage.",2026-04-26_11-40-57_hk_1777196457.fit,214,2026-04-26T09:53:49.000Z,542.000,,119,,,,,,
2026-04-26,training,Postrun Yoga,"Oh…this is a blessing after the running. Every time I does it after a workout session I feel all the muscles in my body.

Its like a massage.",2026-04-26_11-40-57_hk_1777196457.fit,215,2026-04-26T09:53:51.000Z,544.000,,119,,,,,,
2026-04-26,training,Postrun Yoga,"Oh…this is a blessing after the running. Every time I does it after a workout session I feel all the muscles in my body.

Its like a massage.",2026-04-26_11-40-57_hk_1777196457.fit,216,2026-04-26T09:53:53.000Z,546.000,,120,,,,,,
2026-04-26,training,Postrun Yoga,"Oh…this is a blessing after the running. Every time I does it after a workout session I feel all the muscles in my body.

Its like a massage.",2026-04-26_11-40-57_hk_1777196457.fit,217,2026-04-26T09:53:54.000Z,547.000,,120,,,,,,
2026-04-26,training,Postrun Yoga,"Oh…this is a blessing after the running. Every time I does it after a workout session I feel all the muscles in my body.

Its like a massage.",2026-04-26_11-40-57_hk_1777196457.fit,218,2026-04-26T09:53:57.000Z,550.000,,119,,,,,,
2026-04-26,training,Postrun Yoga,"Oh…this is a blessing after the running. Every time I does it after a workout session I feel all the muscles in my body.

Its like a massage.",2026-04-26_11-40-57_hk_1777196457.fit,219,2026-04-26T09:53:59.000Z,552.000,,119,,,,,,
2026-04-26,training,Postrun Yoga,"Oh…this is a blessing after the running. Every time I does it after a workout session I feel all the muscles in my body.

Its like a massage.",2026-04-26_11-40-57_hk_1777196457.fit,220,2026-04-26T09:54:02.000Z,555.000,,119,,,,,,
2026-04-26,training,Postrun Yoga,"Oh…this is a blessing after the running. Every time I does it after a workout session I feel all the muscles in my body.

Its like a massage.",2026-04-26_11-40-57_hk_1777196457.fit,221,2026-04-26T09:54:04.000Z,557.000,,119,,,,,,
2026-04-26,training,Postrun Yoga,"Oh…this is a blessing after the running. Every time I does it after a workout session I feel all the muscles in my body.

Its like a massage.",2026-04-26_11-40-57_hk_1777196457.fit,222,2026-04-26T09:54:07.000Z,560.000,,119,,,,,,
2026-04-26,training,Postrun Yoga,"Oh…this is a blessing after the running. Every time I does it after a workout session I feel all the muscles in my body.

Its like a massage.",2026-04-26_11-40-57_hk_1777196457.fit,223,2026-04-26T09:54:09.000Z,562.000,,119,,,,,,
2026-04-26,training,Postrun Yoga,"Oh…this is a blessing after the running. Every time I does it after a workout session I feel all the muscles in my body.

Its like a massage.",2026-04-26_11-40-57_hk_1777196457.fit,224,2026-04-26T09:54:11.000Z,564.000,,119,,,,,,
2026-04-26,training,Postrun Yoga,"Oh…this is a blessing after the running. Every time I does it after a workout session I feel all the muscles in my body.

Its like a massage.",2026-04-26_11-40-57_hk_1777196457.fit,225,2026-04-26T09:54:12.000Z,565.000,,119,,,,,,
2026-04-26,training,Postrun Yoga,"Oh…this is a blessing after the running. Every time I does it after a workout session I feel all the muscles in my body.

Its like a massage.",2026-04-26_11-40-57_hk_1777196457.fit,226,2026-04-26T09:54:14.000Z,567.000,,119,,,,,,
2026-04-26,training,Postrun Yoga,"Oh…this is a blessing after the running. Every time I does it after a workout session I feel all the muscles in my body.

Its like a massage.",2026-04-26_11-40-57_hk_1777196457.fit,227,2026-04-26T09:54:16.000Z,569.000,,118,,,,,,
2026-04-26,training,Postrun Yoga,"Oh…this is a blessing after the running. Every time I does it after a workout session I feel all the muscles in my body.

Its like a massage.",2026-04-26_11-40-57_hk_1777196457.fit,228,2026-04-26T09:54:17.000Z,570.000,,118,,,,,,
2026-04-26,training,Postrun Yoga,"Oh…this is a blessing after the running. Every time I does it after a workout session I feel all the muscles in my body.

Its like a massage.",2026-04-26_11-40-57_hk_1777196457.fit,229,2026-04-26T09:54:20.000Z,573.000,,118,,,,,,
2026-04-26,training,Postrun Yoga,"Oh…this is a blessing after the running. Every time I does it after a workout session I feel all the muscles in my body.

Its like a massage.",2026-04-26_11-40-57_hk_1777196457.fit,230,2026-04-26T09:54:22.000Z,575.000,,118,,,,,,
2026-04-26,training,Postrun Yoga,"Oh…this is a blessing after the running. Every time I does it after a workout session I feel all the muscles in my body.

Its like a massage.",2026-04-26_11-40-57_hk_1777196457.fit,231,2026-04-26T09:54:25.000Z,578.000,,118,,,,,,
2026-04-26,training,Postrun Yoga,"Oh…this is a blessing after the running. Every time I does it after a workout session I feel all the muscles in my body.

Its like a massage.",2026-04-26_11-40-57_hk_1777196457.fit,232,2026-04-26T09:54:26.000Z,579.000,,115,,,,,,
2026-04-26,training,Postrun Yoga,"Oh…this is a blessing after the running. Every time I does it after a workout session I feel all the muscles in my body.

Its like a massage.",2026-04-26_11-40-57_hk_1777196457.fit,233,2026-04-26T09:54:27.000Z,580.000,,115,,,,,,
2026-04-26,training,Postrun Yoga,"Oh…this is a blessing after the running. Every time I does it after a workout session I feel all the muscles in my body.

Its like a massage.",2026-04-26_11-40-57_hk_1777196457.fit,234,2026-04-26T09:54:30.000Z,583.000,,115,,,,,,
2026-04-26,training,Postrun Yoga,"Oh…this is a blessing after the running. Every time I does it after a workout session I feel all the muscles in my body.

Its like a massage.",2026-04-26_11-40-57_hk_1777196457.fit,235,2026-04-26T09:54:31.000Z,584.000,,114,,,,,,
2026-04-26,training,Postrun Yoga,"Oh…this is a blessing after the running. Every time I does it after a workout session I feel all the muscles in my body.

Its like a massage.",2026-04-26_11-40-57_hk_1777196457.fit,236,2026-04-26T09:54:32.000Z,585.000,,114,,,,,,
2026-04-26,training,Postrun Yoga,"Oh…this is a blessing after the running. Every time I does it after a workout session I feel all the muscles in my body.

Its like a massage.",2026-04-26_11-40-57_hk_1777196457.fit,237,2026-04-26T09:54:33.000Z,586.000,,115,,,,,,
2026-04-26,training,Postrun Yoga,"Oh…this is a blessing after the running. Every time I does it after a workout session I feel all the muscles in my body.

Its like a massage.",2026-04-26_11-40-57_hk_1777196457.fit,238,2026-04-26T09:54:35.000Z,588.000,,115,,,,,,
2026-04-26,training,Postrun Yoga,"Oh…this is a blessing after the running. Every time I does it after a workout session I feel all the muscles in my body.

Its like a massage.",2026-04-26_11-40-57_hk_1777196457.fit,239,2026-04-26T09:54:37.000Z,590.000,,115,,,,,,
2026-04-26,training,Postrun Yoga,"Oh…this is a blessing after the running. Every time I does it after a workout session I feel all the muscles in my body.

Its like a massage.",2026-04-26_11-40-57_hk_1777196457.fit,240,2026-04-26T09:54:40.000Z,593.000,,115,,,,,,
2026-04-26,training,Postrun Yoga,"Oh…this is a blessing after the running. Every time I does it after a workout session I feel all the muscles in my body.

Its like a massage.",2026-04-26_11-40-57_hk_1777196457.fit,241,2026-04-26T09:54:42.000Z,595.000,,115,,,,,,
2026-04-26,training,Postrun Yoga,"Oh…this is a blessing after the running. Every time I does it after a workout session I feel all the muscles in my body.

Its like a massage.",2026-04-26_11-40-57_hk_1777196457.fit,242,2026-04-26T09:54:43.000Z,596.000,,115,,,,,,
2026-04-26,training,Postrun Yoga,"Oh…this is a blessing after the running. Every time I does it after a workout session I feel all the muscles in my body.

Its like a massage.",2026-04-26_11-40-57_hk_1777196457.fit,243,2026-04-26T09:54:45.000Z,598.000,,115,,,,,,
2026-04-26,training,Postrun Yoga,"Oh…this is a blessing after the running. Every time I does it after a workout session I feel all the muscles in my body.

Its like a massage.",2026-04-26_11-40-57_hk_1777196457.fit,244,2026-04-26T09:54:48.000Z,601.000,,115,,,,,,
2026-04-26,training,Postrun Yoga,"Oh…this is a blessing after the running. Every time I does it after a workout session I feel all the muscles in my body.

Its like a massage.",2026-04-26_11-40-57_hk_1777196457.fit,245,2026-04-26T09:54:50.000Z,603.000,,115,,,,,,
2026-04-26,training,Postrun Yoga,"Oh…this is a blessing after the running. Every time I does it after a workout session I feel all the muscles in my body.

Its like a massage.",2026-04-26_11-40-57_hk_1777196457.fit,246,2026-04-26T09:54:51.000Z,604.000,,118,,,,,,
2026-04-26,training,Postrun Yoga,"Oh…this is a blessing after the running. Every time I does it after a workout session I feel all the muscles in my body.

Its like a massage.",2026-04-26_11-40-57_hk_1777196457.fit,247,2026-04-26T09:54:53.000Z,606.000,,118,,,,,,
2026-04-26,training,Postrun Yoga,"Oh…this is a blessing after the running. Every time I does it after a workout session I feel all the muscles in my body.

Its like a massage.",2026-04-26_11-40-57_hk_1777196457.fit,248,2026-04-26T09:54:55.000Z,608.000,,117,,,,,,
2026-04-26,training,Postrun Yoga,"Oh…this is a blessing after the running. Every time I does it after a workout session I feel all the muscles in my body.

Its like a massage.",2026-04-26_11-40-57_hk_1777196457.fit,249,2026-04-26T09:54:58.000Z,611.000,,118,,,,,,
2026-04-26,training,Postrun Yoga,"Oh…this is a blessing after the running. Every time I does it after a workout session I feel all the muscles in my body.

Its like a massage.",2026-04-26_11-40-57_hk_1777196457.fit,250,2026-04-26T09:55:01.000Z,614.000,,118,,,,,,
2026-04-26,training,Postrun Yoga,"Oh…this is a blessing after the running. Every time I does it after a workout session I feel all the muscles in my body.

Its like a massage.",2026-04-26_11-40-57_hk_1777196457.fit,251,2026-04-26T09:55:03.000Z,616.000,,113,,,,,,
2026-04-26,training,Postrun Yoga,"Oh…this is a blessing after the running. Every time I does it after a workout session I feel all the muscles in my body.

Its like a massage.",2026-04-26_11-40-57_hk_1777196457.fit,252,2026-04-26T09:55:06.000Z,619.000,,113,,,,,,
2026-04-26,training,Postrun Yoga,"Oh…this is a blessing after the running. Every time I does it after a workout session I feel all the muscles in my body.

Its like a massage.",2026-04-26_11-40-57_hk_1777196457.fit,253,2026-04-26T09:55:08.000Z,621.000,,113,,,,,,
2026-04-26,training,Postrun Yoga,"Oh…this is a blessing after the running. Every time I does it after a workout session I feel all the muscles in my body.

Its like a massage.",2026-04-26_11-40-57_hk_1777196457.fit,254,2026-04-26T09:55:11.000Z,624.000,,116,,,,,,
2026-04-26,training,Postrun Yoga,"Oh…this is a blessing after the running. Every time I does it after a workout session I feel all the muscles in my body.

Its like a massage.",2026-04-26_11-40-57_hk_1777196457.fit,255,2026-04-26T09:55:13.000Z,626.000,,116,,,,,,
2026-04-26,training,Postrun Yoga,"Oh…this is a blessing after the running. Every time I does it after a workout session I feel all the muscles in my body.

Its like a massage.",2026-04-26_11-40-57_hk_1777196457.fit,256,2026-04-26T09:55:16.000Z,629.000,,115,,,,,,
2026-04-26,training,Postrun Yoga,"Oh…this is a blessing after the running. Every time I does it after a workout session I feel all the muscles in my body.

Its like a massage.",2026-04-26_11-40-57_hk_1777196457.fit,257,2026-04-26T09:55:18.000Z,631.000,,115,,,,,,
2026-04-26,training,Postrun Yoga,"Oh…this is a blessing after the running. Every time I does it after a workout session I feel all the muscles in my body.

Its like a massage.",2026-04-26_11-40-57_hk_1777196457.fit,258,2026-04-26T09:55:21.000Z,634.000,,118,,,,,,
2026-04-26,training,Postrun Yoga,"Oh…this is a blessing after the running. Every time I does it after a workout session I feel all the muscles in my body.

Its like a massage.",2026-04-26_11-40-57_hk_1777196457.fit,259,2026-04-26T09:55:22.000Z,635.000,,117,,,,,,
2026-04-26,training,Postrun Yoga,"Oh…this is a blessing after the running. Every time I does it after a workout session I feel all the muscles in my body.

Its like a massage.",2026-04-26_11-40-57_hk_1777196457.fit,260,2026-04-26T09:55:24.000Z,637.000,,117,,,,,,
2026-04-26,training,Postrun Yoga,"Oh…this is a blessing after the running. Every time I does it after a workout session I feel all the muscles in my body.

Its like a massage.",2026-04-26_11-40-57_hk_1777196457.fit,261,2026-04-26T09:55:26.000Z,639.000,,117,,,,,,
2026-04-26,training,Postrun Yoga,"Oh…this is a blessing after the running. Every time I does it after a workout session I feel all the muscles in my body.

Its like a massage.",2026-04-26_11-40-57_hk_1777196457.fit,262,2026-04-26T09:55:27.000Z,640.000,,115,,,,,,
2026-04-26,training,Postrun Yoga,"Oh…this is a blessing after the running. Every time I does it after a workout session I feel all the muscles in my body.

Its like a massage.",2026-04-26_11-40-57_hk_1777196457.fit,263,2026-04-26T09:55:29.000Z,642.000,,115,,,,,,
2026-04-26,training,Postrun Yoga,"Oh…this is a blessing after the running. Every time I does it after a workout session I feel all the muscles in my body.

Its like a massage.",2026-04-26_11-40-57_hk_1777196457.fit,264,2026-04-26T09:55:31.000Z,644.000,,115,,,,,,
2026-04-26,training,Postrun Yoga,"Oh…this is a blessing after the running. Every time I does it after a workout session I feel all the muscles in my body.

Its like a massage.",2026-04-26_11-40-57_hk_1777196457.fit,265,2026-04-26T09:55:34.000Z,647.000,,115,,,,,,
2026-04-26,training,Postrun Yoga,"Oh…this is a blessing after the running. Every time I does it after a workout session I feel all the muscles in my body.

Its like a massage.",2026-04-26_11-40-57_hk_1777196457.fit,266,2026-04-26T09:55:36.000Z,649.000,,115,,,,,,
2026-04-26,training,Postrun Yoga,"Oh…this is a blessing after the running. Every time I does it after a workout session I feel all the muscles in my body.

Its like a massage.",2026-04-26_11-40-57_hk_1777196457.fit,267,2026-04-26T09:55:39.000Z,652.000,,115,,,,,,
2026-04-26,training,Postrun Yoga,"Oh…this is a blessing after the running. Every time I does it after a workout session I feel all the muscles in my body.

Its like a massage.",2026-04-26_11-40-57_hk_1777196457.fit,268,2026-04-26T09:55:41.000Z,654.000,,116,,,,,,
2026-04-26,training,Postrun Yoga,"Oh…this is a blessing after the running. Every time I does it after a workout session I feel all the muscles in my body.

Its like a massage.",2026-04-26_11-40-57_hk_1777196457.fit,269,2026-04-26T09:55:43.000Z,656.000,,116,,,,,,
2026-04-26,training,Postrun Yoga,"Oh…this is a blessing after the running. Every time I does it after a workout session I feel all the muscles in my body.

Its like a massage.",2026-04-26_11-40-57_hk_1777196457.fit,270,2026-04-26T09:55:44.000Z,657.000,,116,,,,,,
2026-04-26,training,Postrun Yoga,"Oh…this is a blessing after the running. Every time I does it after a workout session I feel all the muscles in my body.

Its like a massage.",2026-04-26_11-40-57_hk_1777196457.fit,271,2026-04-26T09:55:47.000Z,660.000,,118,,,,,,
2026-04-26,training,Postrun Yoga,"Oh…this is a blessing after the running. Every time I does it after a workout session I feel all the muscles in my body.

Its like a massage.",2026-04-26_11-40-57_hk_1777196457.fit,272,2026-04-26T09:55:49.000Z,662.000,,118,,,,,,
2026-04-26,training,Postrun Yoga,"Oh…this is a blessing after the running. Every time I does it after a workout session I feel all the muscles in my body.

Its like a massage.",2026-04-26_11-40-57_hk_1777196457.fit,273,2026-04-26T09:55:52.000Z,665.000,,118,,,,,,
2026-04-26,training,Postrun Yoga,"Oh…this is a blessing after the running. Every time I does it after a workout session I feel all the muscles in my body.

Its like a massage.",2026-04-26_11-40-57_hk_1777196457.fit,274,2026-04-26T09:55:54.000Z,667.000,,118,,,,,,
2026-04-26,training,Postrun Yoga,"Oh…this is a blessing after the running. Every time I does it after a workout session I feel all the muscles in my body.

Its like a massage.",2026-04-26_11-40-57_hk_1777196457.fit,275,2026-04-26T09:55:56.000Z,669.000,,116,,,,,,
2026-04-26,training,Postrun Yoga,"Oh…this is a blessing after the running. Every time I does it after a workout session I feel all the muscles in my body.

Its like a massage.",2026-04-26_11-40-57_hk_1777196457.fit,276,2026-04-26T09:55:57.000Z,670.000,,116,,,,,,
2026-04-26,training,Postrun Yoga,"Oh…this is a blessing after the running. Every time I does it after a workout session I feel all the muscles in my body.

Its like a massage.",2026-04-26_11-40-57_hk_1777196457.fit,277,2026-04-26T09:55:59.000Z,672.000,,116,,,,,,
2026-04-26,training,Postrun Yoga,"Oh…this is a blessing after the running. Every time I does it after a workout session I feel all the muscles in my body.

Its like a massage.",2026-04-26_11-40-57_hk_1777196457.fit,278,2026-04-26T09:56:02.000Z,675.000,,116,,,,,,
2026-04-26,training,Postrun Yoga,"Oh…this is a blessing after the running. Every time I does it after a workout session I feel all the muscles in my body.

Its like a massage.",2026-04-26_11-40-57_hk_1777196457.fit,279,2026-04-26T09:56:05.000Z,678.000,,116,,,,,,
2026-04-26,training,Postrun Yoga,"Oh…this is a blessing after the running. Every time I does it after a workout session I feel all the muscles in my body.

Its like a massage.",2026-04-26_11-40-57_hk_1777196457.fit,280,2026-04-26T09:56:07.000Z,680.000,,116,,,,,,
2026-04-26,training,Postrun Yoga,"Oh…this is a blessing after the running. Every time I does it after a workout session I feel all the muscles in my body.

Its like a massage.",2026-04-26_11-40-57_hk_1777196457.fit,281,2026-04-26T09:56:10.000Z,683.000,,116,,,,,,
2026-04-26,training,Postrun Yoga,"Oh…this is a blessing after the running. Every time I does it after a workout session I feel all the muscles in my body.

Its like a massage.",2026-04-26_11-40-57_hk_1777196457.fit,282,2026-04-26T09:56:12.000Z,685.000,,116,,,,,,
2026-04-26,training,Postrun Yoga,"Oh…this is a blessing after the running. Every time I does it after a workout session I feel all the muscles in my body.

Its like a massage.",2026-04-26_11-40-57_hk_1777196457.fit,283,2026-04-26T09:56:15.000Z,688.000,,116,,,,,,
2026-04-26,training,Postrun Yoga,"Oh…this is a blessing after the running. Every time I does it after a workout session I feel all the muscles in my body.

Its like a massage.",2026-04-26_11-40-57_hk_1777196457.fit,284,2026-04-26T09:56:16.000Z,689.000,,117,,,,,,
2026-04-26,training,Postrun Yoga,"Oh…this is a blessing after the running. Every time I does it after a workout session I feel all the muscles in my body.

Its like a massage.",2026-04-26_11-40-57_hk_1777196457.fit,285,2026-04-26T09:56:17.000Z,690.000,,117,,,,,,
2026-04-26,training,Postrun Yoga,"Oh…this is a blessing after the running. Every time I does it after a workout session I feel all the muscles in my body.

Its like a massage.",2026-04-26_11-40-57_hk_1777196457.fit,286,2026-04-26T09:56:18.000Z,691.000,,118,,,,,,
2026-04-26,training,Postrun Yoga,"Oh…this is a blessing after the running. Every time I does it after a workout session I feel all the muscles in my body.

Its like a massage.",2026-04-26_11-40-57_hk_1777196457.fit,287,2026-04-26T09:56:20.000Z,693.000,,118,,,,,,
2026-04-26,training,Postrun Yoga,"Oh…this is a blessing after the running. Every time I does it after a workout session I feel all the muscles in my body.

Its like a massage.",2026-04-26_11-40-57_hk_1777196457.fit,288,2026-04-26T09:56:22.000Z,695.000,,118,,,,,,
2026-04-26,training,Postrun Yoga,"Oh…this is a blessing after the running. Every time I does it after a workout session I feel all the muscles in my body.

Its like a massage.",2026-04-26_11-40-57_hk_1777196457.fit,289,2026-04-26T09:56:25.000Z,698.000,,118,,,,,,
2026-04-26,training,Postrun Yoga,"Oh…this is a blessing after the running. Every time I does it after a workout session I feel all the muscles in my body.

Its like a massage.",2026-04-26_11-40-57_hk_1777196457.fit,290,2026-04-26T09:56:26.000Z,699.000,,111,,,,,,
2026-04-26,training,Postrun Yoga,"Oh…this is a blessing after the running. Every time I does it after a workout session I feel all the muscles in my body.

Its like a massage.",2026-04-26_11-40-57_hk_1777196457.fit,291,2026-04-26T09:56:28.000Z,701.000,,111,,,,,,
2026-04-26,training,Postrun Yoga,"Oh…this is a blessing after the running. Every time I does it after a workout session I feel all the muscles in my body.

Its like a massage.",2026-04-26_11-40-57_hk_1777196457.fit,292,2026-04-26T09:56:30.000Z,703.000,,111,,,,,,
2026-04-26,training,Postrun Yoga,"Oh…this is a blessing after the running. Every time I does it after a workout session I feel all the muscles in my body.

Its like a massage.",2026-04-26_11-40-57_hk_1777196457.fit,293,2026-04-26T09:56:31.000Z,704.000,,114,,,,,,
2026-04-26,training,Postrun Yoga,"Oh…this is a blessing after the running. Every time I does it after a workout session I feel all the muscles in my body.

Its like a massage.",2026-04-26_11-40-57_hk_1777196457.fit,294,2026-04-26T09:56:32.000Z,705.000,,114,,,,,,
2026-04-26,training,Postrun Yoga,"Oh…this is a blessing after the running. Every time I does it after a workout session I feel all the muscles in my body.

Its like a massage.",2026-04-26_11-40-57_hk_1777196457.fit,295,2026-04-26T09:56:33.000Z,706.000,,114,,,,,,
2026-04-26,training,Postrun Yoga,"Oh…this is a blessing after the running. Every time I does it after a workout session I feel all the muscles in my body.

Its like a massage.",2026-04-26_11-40-57_hk_1777196457.fit,296,2026-04-26T09:56:35.000Z,708.000,,114,,,,,,
2026-04-26,training,Postrun Yoga,"Oh…this is a blessing after the running. Every time I does it after a workout session I feel all the muscles in my body.

Its like a massage.",2026-04-26_11-40-57_hk_1777196457.fit,297,2026-04-26T09:56:37.000Z,710.000,,114,,,,,,
2026-04-26,training,Postrun Yoga,"Oh…this is a blessing after the running. Every time I does it after a workout session I feel all the muscles in my body.

Its like a massage.",2026-04-26_11-40-57_hk_1777196457.fit,298,2026-04-26T09:56:38.000Z,711.000,,114,,,,,,
2026-04-26,training,Postrun Yoga,"Oh…this is a blessing after the running. Every time I does it after a workout session I feel all the muscles in my body.

Its like a massage.",2026-04-26_11-40-57_hk_1777196457.fit,299,2026-04-26T09:56:40.000Z,713.000,,114,,,,,,
2026-04-26,training,Postrun Yoga,"Oh…this is a blessing after the running. Every time I does it after a workout session I feel all the muscles in my body.

Its like a massage.",2026-04-26_11-40-57_hk_1777196457.fit,300,2026-04-26T09:56:43.000Z,716.000,,114,,,,,,
2026-04-26,training,Postrun Yoga,"Oh…this is a blessing after the running. Every time I does it after a workout session I feel all the muscles in my body.

Its like a massage.",2026-04-26_11-40-57_hk_1777196457.fit,301,2026-04-26T09:56:44.000Z,717.000,,116,,,,,,
2026-04-26,training,Postrun Yoga,"Oh…this is a blessing after the running. Every time I does it after a workout session I feel all the muscles in my body.

Its like a massage.",2026-04-26_11-40-57_hk_1777196457.fit,302,2026-04-26T09:56:45.000Z,718.000,,116,,,,,,
2026-04-26,training,Postrun Yoga,"Oh…this is a blessing after the running. Every time I does it after a workout session I feel all the muscles in my body.

Its like a massage.",2026-04-26_11-40-57_hk_1777196457.fit,303,2026-04-26T09:56:48.000Z,721.000,,116,,,,,,
2026-04-26,training,Postrun Yoga,"Oh…this is a blessing after the running. Every time I does it after a workout session I feel all the muscles in my body.

Its like a massage.",2026-04-26_11-40-57_hk_1777196457.fit,304,2026-04-26T09:56:49.000Z,722.000,,117,,,,,,
2026-04-26,training,Postrun Yoga,"Oh…this is a blessing after the running. Every time I does it after a workout session I feel all the muscles in my body.

Its like a massage.",2026-04-26_11-40-57_hk_1777196457.fit,305,2026-04-26T09:56:51.000Z,724.000,,117,,,,,,
2026-04-26,training,Postrun Yoga,"Oh…this is a blessing after the running. Every time I does it after a workout session I feel all the muscles in my body.

Its like a massage.",2026-04-26_11-40-57_hk_1777196457.fit,306,2026-04-26T09:56:52.000Z,725.000,,118,,,,,,
2026-04-26,training,Postrun Yoga,"Oh…this is a blessing after the running. Every time I does it after a workout session I feel all the muscles in my body.

Its like a massage.",2026-04-26_11-40-57_hk_1777196457.fit,307,2026-04-26T09:56:53.000Z,726.000,,118,,,,,,
2026-04-26,training,Postrun Yoga,"Oh…this is a blessing after the running. Every time I does it after a workout session I feel all the muscles in my body.

Its like a massage.",2026-04-26_11-40-57_hk_1777196457.fit,308,2026-04-26T09:56:56.000Z,729.000,,118,,,,,,
2026-04-26,training,Postrun Yoga,"Oh…this is a blessing after the running. Every time I does it after a workout session I feel all the muscles in my body.

Its like a massage.",2026-04-26_11-40-57_hk_1777196457.fit,309,2026-04-26T09:56:57.000Z,730.000,,123,,,,,,
2026-04-26,training,Postrun Yoga,"Oh…this is a blessing after the running. Every time I does it after a workout session I feel all the muscles in my body.

Its like a massage.",2026-04-26_11-40-57_hk_1777196457.fit,310,2026-04-26T09:56:58.000Z,731.000,,123,,,,,,
2026-04-26,training,Postrun Yoga,"Oh…this is a blessing after the running. Every time I does it after a workout session I feel all the muscles in my body.

Its like a massage.",2026-04-26_11-40-57_hk_1777196457.fit,311,2026-04-26T09:57:01.000Z,734.000,,123,,,,,,
2026-04-26,training,Postrun Yoga,"Oh…this is a blessing after the running. Every time I does it after a workout session I feel all the muscles in my body.

Its like a massage.",2026-04-26_11-40-57_hk_1777196457.fit,312,2026-04-26T09:57:02.000Z,735.000,,128,,,,,,
2026-04-26,training,Postrun Yoga,"Oh…this is a blessing after the running. Every time I does it after a workout session I feel all the muscles in my body.

Its like a massage.",2026-04-26_11-40-57_hk_1777196457.fit,313,2026-04-26T09:57:03.000Z,736.000,,128,,,,,,
2026-04-26,training,Postrun Yoga,"Oh…this is a blessing after the running. Every time I does it after a workout session I feel all the muscles in my body.

Its like a massage.",2026-04-26_11-40-57_hk_1777196457.fit,314,2026-04-26T09:57:06.000Z,739.000,,128,,,,,,
2026-04-26,training,Postrun Yoga,"Oh…this is a blessing after the running. Every time I does it after a workout session I feel all the muscles in my body.

Its like a massage.",2026-04-26_11-40-57_hk_1777196457.fit,315,2026-04-26T09:57:09.000Z,742.000,,128,,,,,,
2026-04-26,training,Postrun Yoga,"Oh…this is a blessing after the running. Every time I does it after a workout session I feel all the muscles in my body.

Its like a massage.",2026-04-26_11-40-57_hk_1777196457.fit,316,2026-04-26T09:57:11.000Z,744.000,,128,,,,,,
2026-04-26,training,Postrun Yoga,"Oh…this is a blessing after the running. Every time I does it after a workout session I feel all the muscles in my body.

Its like a massage.",2026-04-26_11-40-57_hk_1777196457.fit,317,2026-04-26T09:57:14.000Z,747.000,,128,,,,,,
2026-04-26,training,Postrun Yoga,"Oh…this is a blessing after the running. Every time I does it after a workout session I feel all the muscles in my body.

Its like a massage.",2026-04-26_11-40-57_hk_1777196457.fit,318,2026-04-26T09:57:16.000Z,749.000,,129,,,,,,
2026-04-26,training,Postrun Yoga,"Oh…this is a blessing after the running. Every time I does it after a workout session I feel all the muscles in my body.

Its like a massage.",2026-04-26_11-40-57_hk_1777196457.fit,319,2026-04-26T09:57:19.000Z,752.000,,129,,,,,,
2026-04-26,training,Postrun Yoga,"Oh…this is a blessing after the running. Every time I does it after a workout session I feel all the muscles in my body.

Its like a massage.",2026-04-26_11-40-57_hk_1777196457.fit,320,2026-04-26T09:57:21.000Z,754.000,,125,,,,,,
2026-04-26,training,Postrun Yoga,"Oh…this is a blessing after the running. Every time I does it after a workout session I feel all the muscles in my body.

Its like a massage.",2026-04-26_11-40-57_hk_1777196457.fit,321,2026-04-26T09:57:24.000Z,757.000,,125,,,,,,
2026-04-26,training,Postrun Yoga,"Oh…this is a blessing after the running. Every time I does it after a workout session I feel all the muscles in my body.

Its like a massage.",2026-04-26_11-40-57_hk_1777196457.fit,322,2026-04-26T09:57:25.000Z,758.000,,124,,,,,,
2026-04-26,training,Postrun Yoga,"Oh…this is a blessing after the running. Every time I does it after a workout session I feel all the muscles in my body.

Its like a massage.",2026-04-26_11-40-57_hk_1777196457.fit,323,2026-04-26T09:57:26.000Z,759.000,,124,,,,,,
2026-04-26,training,Postrun Yoga,"Oh…this is a blessing after the running. Every time I does it after a workout session I feel all the muscles in my body.

Its like a massage.",2026-04-26_11-40-57_hk_1777196457.fit,324,2026-04-26T09:57:27.000Z,760.000,,125,,,,,,
2026-04-26,training,Postrun Yoga,"Oh…this is a blessing after the running. Every time I does it after a workout session I feel all the muscles in my body.

Its like a massage.",2026-04-26_11-40-57_hk_1777196457.fit,325,2026-04-26T09:57:29.000Z,762.000,,125,,,,,,
2026-04-26,training,Postrun Yoga,"Oh…this is a blessing after the running. Every time I does it after a workout session I feel all the muscles in my body.

Its like a massage.",2026-04-26_11-40-57_hk_1777196457.fit,326,2026-04-26T09:57:32.000Z,765.000,,126,,,,,,
2026-04-26,training,Postrun Yoga,"Oh…this is a blessing after the running. Every time I does it after a workout session I feel all the muscles in my body.

Its like a massage.",2026-04-26_11-40-57_hk_1777196457.fit,327,2026-04-26T09:57:34.000Z,767.000,,126,,,,,,
2026-04-26,training,Postrun Yoga,"Oh…this is a blessing after the running. Every time I does it after a workout session I feel all the muscles in my body.

Its like a massage.",2026-04-26_11-40-57_hk_1777196457.fit,328,2026-04-26T09:57:37.000Z,770.000,,126,,,,,,
2026-04-26,training,Postrun Yoga,"Oh…this is a blessing after the running. Every time I does it after a workout session I feel all the muscles in my body.

Its like a massage.",2026-04-26_11-40-57_hk_1777196457.fit,329,2026-04-26T09:57:39.000Z,772.000,,126,,,,,,
2026-04-26,training,Postrun Yoga,"Oh…this is a blessing after the running. Every time I does it after a workout session I feel all the muscles in my body.

Its like a massage.",2026-04-26_11-40-57_hk_1777196457.fit,330,2026-04-26T09:57:42.000Z,775.000,,127,,,,,,
2026-04-26,training,Postrun Yoga,"Oh…this is a blessing after the running. Every time I does it after a workout session I feel all the muscles in my body.

Its like a massage.",2026-04-26_11-40-57_hk_1777196457.fit,331,2026-04-26T09:57:44.000Z,777.000,,127,,,,,,
2026-04-26,training,Postrun Yoga,"Oh…this is a blessing after the running. Every time I does it after a workout session I feel all the muscles in my body.

Its like a massage.",2026-04-26_11-40-57_hk_1777196457.fit,332,2026-04-26T09:57:47.000Z,780.000,,127,,,,,,
2026-04-26,training,Postrun Yoga,"Oh…this is a blessing after the running. Every time I does it after a workout session I feel all the muscles in my body.

Its like a massage.",2026-04-26_11-40-57_hk_1777196457.fit,333,2026-04-26T09:57:49.000Z,782.000,,108,,,,,,
2026-04-26,training,Postrun Yoga,"Oh…this is a blessing after the running. Every time I does it after a workout session I feel all the muscles in my body.

Its like a massage.",2026-04-26_11-40-57_hk_1777196457.fit,334,2026-04-26T09:57:52.000Z,785.000,,108,,,,,,
2026-04-26,training,Postrun Yoga,"Oh…this is a blessing after the running. Every time I does it after a workout session I feel all the muscles in my body.

Its like a massage.",2026-04-26_11-40-57_hk_1777196457.fit,335,2026-04-26T09:57:55.000Z,788.000,,108,,,,,,
2026-04-26,training,Postrun Yoga,"Oh…this is a blessing after the running. Every time I does it after a workout session I feel all the muscles in my body.

Its like a massage.",2026-04-26_11-40-57_hk_1777196457.fit,336,2026-04-26T09:57:56.000Z,789.000,,100,,,,,,
2026-04-26,training,Postrun Yoga,"Oh…this is a blessing after the running. Every time I does it after a workout session I feel all the muscles in my body.

Its like a massage.",2026-04-26_11-40-57_hk_1777196457.fit,337,2026-04-26T09:57:57.000Z,790.000,,100,,,,,,
2026-04-26,training,Postrun Yoga,"Oh…this is a blessing after the running. Every time I does it after a workout session I feel all the muscles in my body.

Its like a massage.",2026-04-26_11-40-57_hk_1777196457.fit,338,2026-04-26T09:58:00.000Z,793.000,,96,,,,,,
2026-04-26,training,Postrun Yoga,"Oh…this is a blessing after the running. Every time I does it after a workout session I feel all the muscles in my body.

Its like a massage.",2026-04-26_11-40-57_hk_1777196457.fit,339,2026-04-26T09:58:02.000Z,795.000,,96,,,,,,
2026-04-26,training,Postrun Yoga,"Oh…this is a blessing after the running. Every time I does it after a workout session I feel all the muscles in my body.

Its like a massage.",2026-04-26_11-40-57_hk_1777196457.fit,340,2026-04-26T09:58:04.000Z,797.000,,93,,,,,,
2026-04-26,training,Postrun Yoga,"Oh…this is a blessing after the running. Every time I does it after a workout session I feel all the muscles in my body.

Its like a massage.",2026-04-26_11-40-57_hk_1777196457.fit,341,2026-04-26T09:58:05.000Z,798.000,,93,,,,,,
2026-04-26,training,Postrun Yoga,"Oh…this is a blessing after the running. Every time I does it after a workout session I feel all the muscles in my body.

Its like a massage.",2026-04-26_11-40-57_hk_1777196457.fit,342,2026-04-26T09:58:07.000Z,800.000,,93,,,,,,
2026-04-26,training,Postrun Yoga,"Oh…this is a blessing after the running. Every time I does it after a workout session I feel all the muscles in my body.

Its like a massage.",2026-04-26_11-40-57_hk_1777196457.fit,343,2026-04-26T09:58:10.000Z,803.000,,93,,,,,,
2026-04-26,training,Postrun Yoga,"Oh…this is a blessing after the running. Every time I does it after a workout session I feel all the muscles in my body.

Its like a massage.",2026-04-26_11-40-57_hk_1777196457.fit,344,2026-04-26T09:58:11.000Z,804.000,,96,,,,,,
2026-04-26,training,Postrun Yoga,"Oh…this is a blessing after the running. Every time I does it after a workout session I feel all the muscles in my body.

Its like a massage.",2026-04-26_11-40-57_hk_1777196457.fit,345,2026-04-26T09:58:13.000Z,806.000,,96,,,,,,
2026-04-26,training,Postrun Yoga,"Oh…this is a blessing after the running. Every time I does it after a workout session I feel all the muscles in my body.

Its like a massage.",2026-04-26_11-40-57_hk_1777196457.fit,346,2026-04-26T09:58:15.000Z,808.000,,90,,,,,,
2026-04-26,training,Postrun Yoga,"Oh…this is a blessing after the running. Every time I does it after a workout session I feel all the muscles in my body.

Its like a massage.",2026-04-26_11-40-57_hk_1777196457.fit,347,2026-04-26T09:58:18.000Z,811.000,,90,,,,,,
2026-04-26,training,Postrun Yoga,"Oh…this is a blessing after the running. Every time I does it after a workout session I feel all the muscles in my body.

Its like a massage.",2026-04-26_11-40-57_hk_1777196457.fit,348,2026-04-26T09:58:20.000Z,813.000,,95,,,,,,
2026-04-26,training,Postrun Yoga,"Oh…this is a blessing after the running. Every time I does it after a workout session I feel all the muscles in my body.

Its like a massage.",2026-04-26_11-40-57_hk_1777196457.fit,349,2026-04-26T09:58:23.000Z,816.000,,95,,,,,,
2026-04-26,training,Postrun Yoga,"Oh…this is a blessing after the running. Every time I does it after a workout session I feel all the muscles in my body.

Its like a massage.",2026-04-26_11-40-57_hk_1777196457.fit,350,2026-04-26T09:58:25.000Z,818.000,,95,,,,,,
2026-04-26,training,Postrun Yoga,"Oh…this is a blessing after the running. Every time I does it after a workout session I feel all the muscles in my body.

Its like a massage.",2026-04-26_11-40-57_hk_1777196457.fit,351,2026-04-26T09:58:26.000Z,819.000,,95,,,,,,
2026-04-26,training,Postrun Yoga,"Oh…this is a blessing after the running. Every time I does it after a workout session I feel all the muscles in my body.

Its like a massage.",2026-04-26_11-40-57_hk_1777196457.fit,352,2026-04-26T09:58:27.000Z,820.000,,96,,,,,,
2026-04-26,training,Postrun Yoga,"Oh…this is a blessing after the running. Every time I does it after a workout session I feel all the muscles in my body.

Its like a massage.",2026-04-26_11-40-57_hk_1777196457.fit,353,2026-04-26T09:58:28.000Z,821.000,,96,,,,,,
2026-04-26,training,Postrun Yoga,"Oh…this is a blessing after the running. Every time I does it after a workout session I feel all the muscles in my body.

Its like a massage.",2026-04-26_11-40-57_hk_1777196457.fit,354,2026-04-26T09:58:30.000Z,823.000,,96,,,,,,
2026-04-26,training,Postrun Yoga,"Oh…this is a blessing after the running. Every time I does it after a workout session I feel all the muscles in my body.

Its like a massage.",2026-04-26_11-40-57_hk_1777196457.fit,355,2026-04-26T09:58:32.000Z,825.000,,95,,,,,,
2026-04-26,training,Postrun Yoga,"Oh…this is a blessing after the running. Every time I does it after a workout session I feel all the muscles in my body.

Its like a massage.",2026-04-26_11-40-57_hk_1777196457.fit,356,2026-04-26T09:58:33.000Z,826.000,,95,,,,,,
2026-04-26,training,Postrun Yoga,"Oh…this is a blessing after the running. Every time I does it after a workout session I feel all the muscles in my body.

Its like a massage.",2026-04-26_11-40-57_hk_1777196457.fit,357,2026-04-26T09:58:36.000Z,829.000,,95,,,,,,
2026-04-26,training,Postrun Yoga,"Oh…this is a blessing after the running. Every time I does it after a workout session I feel all the muscles in my body.

Its like a massage.",2026-04-26_11-40-57_hk_1777196457.fit,358,2026-04-26T09:58:37.000Z,830.000,,104,,,,,,
2026-04-26,training,Postrun Yoga,"Oh…this is a blessing after the running. Every time I does it after a workout session I feel all the muscles in my body.

Its like a massage.",2026-04-26_11-40-57_hk_1777196457.fit,359,2026-04-26T09:58:38.000Z,831.000,,104,,,,,,
2026-04-26,training,Postrun Yoga,"Oh…this is a blessing after the running. Every time I does it after a workout session I feel all the muscles in my body.

Its like a massage.",2026-04-26_11-40-57_hk_1777196457.fit,360,2026-04-26T09:58:41.000Z,834.000,,104,,,,,,
2026-04-26,training,Postrun Yoga,"Oh…this is a blessing after the running. Every time I does it after a workout session I feel all the muscles in my body.

Its like a massage.",2026-04-26_11-40-57_hk_1777196457.fit,361,2026-04-26T09:58:42.000Z,835.000,,112,,,,,,
2026-04-26,training,Postrun Yoga,"Oh…this is a blessing after the running. Every time I does it after a workout session I feel all the muscles in my body.

Its like a massage.",2026-04-26_11-40-57_hk_1777196457.fit,362,2026-04-26T09:58:43.000Z,836.000,,112,,,,,,
2026-04-26,training,Postrun Yoga,"Oh…this is a blessing after the running. Every time I does it after a workout session I feel all the muscles in my body.

Its like a massage.",2026-04-26_11-40-57_hk_1777196457.fit,363,2026-04-26T09:58:46.000Z,839.000,,112,,,,,,
2026-04-26,training,Postrun Yoga,"Oh…this is a blessing after the running. Every time I does it after a workout session I feel all the muscles in my body.

Its like a massage.",2026-04-26_11-40-57_hk_1777196457.fit,364,2026-04-26T09:58:48.000Z,841.000,,112,,,,,,
2026-04-26,training,Postrun Yoga,"Oh…this is a blessing after the running. Every time I does it after a workout session I feel all the muscles in my body.

Its like a massage.",2026-04-26_11-40-57_hk_1777196457.fit,365,2026-04-26T09:58:51.000Z,844.000,,108,,,,,,
2026-04-26,training,Postrun Yoga,"Oh…this is a blessing after the running. Every time I does it after a workout session I feel all the muscles in my body.

Its like a massage.",2026-04-26_11-40-57_hk_1777196457.fit,366,2026-04-26T09:58:53.000Z,846.000,,108,,,,,,
2026-04-26,training,Postrun Yoga,"Oh…this is a blessing after the running. Every time I does it after a workout session I feel all the muscles in my body.

Its like a massage.",2026-04-26_11-40-57_hk_1777196457.fit,367,2026-04-26T09:58:56.000Z,849.000,,100,,,,,,
2026-04-26,training,Postrun Yoga,"Oh…this is a blessing after the running. Every time I does it after a workout session I feel all the muscles in my body.

Its like a massage.",2026-04-26_11-40-57_hk_1777196457.fit,368,2026-04-26T09:58:59.000Z,852.000,,100,,,,,,
2026-04-26,training,Postrun Yoga,"Oh…this is a blessing after the running. Every time I does it after a workout session I feel all the muscles in my body.

Its like a massage.",2026-04-26_11-40-57_hk_1777196457.fit,369,2026-04-26T09:59:01.000Z,854.000,,95,,,,,,
2026-04-26,training,Postrun Yoga,"Oh…this is a blessing after the running. Every time I does it after a workout session I feel all the muscles in my body.

Its like a massage.",2026-04-26_11-40-57_hk_1777196457.fit,370,2026-04-26T09:59:04.000Z,857.000,,95,,,,,,
2026-04-26,training,Postrun Yoga,"Oh…this is a blessing after the running. Every time I does it after a workout session I feel all the muscles in my body.

Its like a massage.",2026-04-26_11-40-57_hk_1777196457.fit,371,2026-04-26T09:59:05.000Z,858.000,,93,,,,,,
2026-04-26,training,Postrun Yoga,"Oh…this is a blessing after the running. Every time I does it after a workout session I feel all the muscles in my body.

Its like a massage.",2026-04-26_11-40-57_hk_1777196457.fit,372,2026-04-26T09:59:06.000Z,859.000,,93,,,,,,
2026-04-26,training,Postrun Yoga,"Oh…this is a blessing after the running. Every time I does it after a workout session I feel all the muscles in my body.

Its like a massage.",2026-04-26_11-40-57_hk_1777196457.fit,373,2026-04-26T09:59:09.000Z,862.000,,93,,,,,,
2026-04-26,training,Postrun Yoga,"Oh…this is a blessing after the running. Every time I does it after a workout session I feel all the muscles in my body.

Its like a massage.",2026-04-26_11-40-57_hk_1777196457.fit,374,2026-04-26T09:59:11.000Z,864.000,,95,,,,,,
2026-04-26,training,Postrun Yoga,"Oh…this is a blessing after the running. Every time I does it after a workout session I feel all the muscles in my body.

Its like a massage.",2026-04-26_11-40-57_hk_1777196457.fit,375,2026-04-26T09:59:12.000Z,865.000,,95,,,,,,
2026-04-26,training,Postrun Yoga,"Oh…this is a blessing after the running. Every time I does it after a workout session I feel all the muscles in my body.

Its like a massage.",2026-04-26_11-40-57_hk_1777196457.fit,376,2026-04-26T09:59:14.000Z,867.000,,95,,,,,,
2026-04-26,training,Postrun Yoga,"Oh…this is a blessing after the running. Every time I does it after a workout session I feel all the muscles in my body.

Its like a massage.",2026-04-26_11-40-57_hk_1777196457.fit,377,2026-04-26T09:59:17.000Z,870.000,,95,,,,,,
2026-04-26,training,Postrun Yoga,"Oh…this is a blessing after the running. Every time I does it after a workout session I feel all the muscles in my body.

Its like a massage.",2026-04-26_11-40-57_hk_1777196457.fit,378,2026-04-26T09:59:19.000Z,872.000,,95,,,,,,
2026-04-26,training,Postrun Yoga,"Oh…this is a blessing after the running. Every time I does it after a workout session I feel all the muscles in my body.

Its like a massage.",2026-04-26_11-40-57_hk_1777196457.fit,379,2026-04-26T09:59:22.000Z,875.000,,105,,,,,,
2026-04-26,training,Postrun Yoga,"Oh…this is a blessing after the running. Every time I does it after a workout session I feel all the muscles in my body.

Its like a massage.",2026-04-26_11-40-57_hk_1777196457.fit,380,2026-04-26T09:59:24.000Z,877.000,,105,,,,,,
2026-04-26,training,Postrun Yoga,"Oh…this is a blessing after the running. Every time I does it after a workout session I feel all the muscles in my body.

Its like a massage.",2026-04-26_11-40-57_hk_1777196457.fit,381,2026-04-26T09:59:27.000Z,880.000,,105,,,,,,
2026-04-26,training,Postrun Yoga,"Oh…this is a blessing after the running. Every time I does it after a workout session I feel all the muscles in my body.

Its like a massage.",2026-04-26_11-40-57_hk_1777196457.fit,382,2026-04-26T09:59:28.000Z,881.000,,111,,,,,,
2026-04-26,training,Postrun Yoga,"Oh…this is a blessing after the running. Every time I does it after a workout session I feel all the muscles in my body.

Its like a massage.",2026-04-26_11-40-57_hk_1777196457.fit,383,2026-04-26T09:59:29.000Z,882.000,,111,,,,,,
2026-04-26,training,Postrun Yoga,"Oh…this is a blessing after the running. Every time I does it after a workout session I feel all the muscles in my body.

Its like a massage.",2026-04-26_11-40-57_hk_1777196457.fit,384,2026-04-26T09:59:32.000Z,885.000,,111,,,,,,
2026-04-26,training,Postrun Yoga,"Oh…this is a blessing after the running. Every time I does it after a workout session I feel all the muscles in my body.

Its like a massage.",2026-04-26_11-40-57_hk_1777196457.fit,385,2026-04-26T09:59:34.000Z,887.000,,111,,,,,,
2026-04-26,training,Postrun Yoga,"Oh…this is a blessing after the running. Every time I does it after a workout session I feel all the muscles in my body.

Its like a massage.",2026-04-26_11-40-57_hk_1777196457.fit,386,2026-04-26T09:59:37.000Z,890.000,,111,,,,,,
2026-04-26,training,Postrun Yoga,"Oh…this is a blessing after the running. Every time I does it after a workout session I feel all the muscles in my body.

Its like a massage.",2026-04-26_11-40-57_hk_1777196457.fit,387,2026-04-26T09:59:40.000Z,893.000,,111,,,,,,
2026-04-26,training,Postrun Yoga,"Oh…this is a blessing after the running. Every time I does it after a workout session I feel all the muscles in my body.

Its like a massage.",2026-04-26_11-40-57_hk_1777196457.fit,388,2026-04-26T09:59:42.000Z,895.000,,111,,,,,,
2026-04-26,training,Postrun Yoga,"Oh…this is a blessing after the running. Every time I does it after a workout session I feel all the muscles in my body.

Its like a massage.",2026-04-26_11-40-57_hk_1777196457.fit,389,2026-04-26T09:59:45.000Z,898.000,,111,,,,,,
2026-04-26,training,Postrun Yoga,"Oh…this is a blessing after the running. Every time I does it after a workout session I feel all the muscles in my body.

Its like a massage.",2026-04-26_11-40-57_hk_1777196457.fit,390,2026-04-26T09:59:46.000Z,899.000,,93,,,,,,
2026-04-26,training,Postrun Yoga,"Oh…this is a blessing after the running. Every time I does it after a workout session I feel all the muscles in my body.

Its like a massage.",2026-04-26_11-40-57_hk_1777196457.fit,391,2026-04-26T09:59:47.000Z,900.000,,93,,,,,,
2026-04-26,training,Postrun Yoga,"Oh…this is a blessing after the running. Every time I does it after a workout session I feel all the muscles in my body.

Its like a massage.",2026-04-26_11-40-57_hk_1777196457.fit,392,2026-04-26T09:59:50.000Z,903.000,,93,,,,,,
2026-04-26,training,Postrun Yoga,"Oh…this is a blessing after the running. Every time I does it after a workout session I feel all the muscles in my body.

Its like a massage.",2026-04-26_11-40-57_hk_1777196457.fit,393,2026-04-26T09:59:51.000Z,904.000,,94,,,,,,
2026-04-26,training,Postrun Yoga,"Oh…this is a blessing after the running. Every time I does it after a workout session I feel all the muscles in my body.

Its like a massage.",2026-04-26_11-40-57_hk_1777196457.fit,394,2026-04-26T09:59:52.000Z,905.000,,94,,,,,,
2026-04-26,training,Postrun Yoga,"Oh…this is a blessing after the running. Every time I does it after a workout session I feel all the muscles in my body.

Its like a massage.",2026-04-26_11-40-57_hk_1777196457.fit,395,2026-04-26T09:59:55.000Z,908.000,,94,,,,,,
2026-04-26,training,Postrun Yoga,"Oh…this is a blessing after the running. Every time I does it after a workout session I feel all the muscles in my body.

Its like a massage.",2026-04-26_11-40-57_hk_1777196457.fit,396,2026-04-26T09:59:56.000Z,909.000,,95,,,,,,
2026-04-26,training,Postrun Yoga,"Oh…this is a blessing after the running. Every time I does it after a workout session I feel all the muscles in my body.

Its like a massage.",2026-04-26_11-40-57_hk_1777196457.fit,397,2026-04-26T09:59:57.000Z,910.000,,95,,,,,,
2026-04-26,training,Postrun Yoga,"Oh…this is a blessing after the running. Every time I does it after a workout session I feel all the muscles in my body.

Its like a massage.",2026-04-26_11-40-57_hk_1777196457.fit,398,2026-04-26T09:59:58.000Z,911.000,,95,,,,,,
2026-04-26,training,Postrun Yoga,"Oh…this is a blessing after the running. Every time I does it after a workout session I feel all the muscles in my body.

Its like a massage.",2026-04-26_11-40-57_hk_1777196457.fit,399,2026-04-26T10:00:00.000Z,913.000,,95,,,,,,
2026-04-26,training,Postrun Yoga,"Oh…this is a blessing after the running. Every time I does it after a workout session I feel all the muscles in my body.

Its like a massage.",2026-04-26_11-40-57_hk_1777196457.fit,400,2026-04-26T10:00:02.000Z,915.000,,93,,,,,,
2026-04-26,training,Postrun Yoga,"Oh…this is a blessing after the running. Every time I does it after a workout session I feel all the muscles in my body.

Its like a massage.",2026-04-26_11-40-57_hk_1777196457.fit,401,2026-04-26T10:00:03.000Z,916.000,,93,,,,,,
2026-04-26,training,Postrun Yoga,"Oh…this is a blessing after the running. Every time I does it after a workout session I feel all the muscles in my body.

Its like a massage.",2026-04-26_11-40-57_hk_1777196457.fit,402,2026-04-26T10:00:05.000Z,918.000,,93,,,,,,
2026-04-26,training,Postrun Yoga,"Oh…this is a blessing after the running. Every time I does it after a workout session I feel all the muscles in my body.

Its like a massage.",2026-04-26_11-40-57_hk_1777196457.fit,403,2026-04-26T10:00:07.000Z,920.000,,96,,,,,,
2026-04-26,training,Postrun Yoga,"Oh…this is a blessing after the running. Every time I does it after a workout session I feel all the muscles in my body.

Its like a massage.",2026-04-26_11-40-57_hk_1777196457.fit,404,2026-04-26T10:00:08.000Z,921.000,,96,,,,,,
2026-04-26,training,Postrun Yoga,"Oh…this is a blessing after the running. Every time I does it after a workout session I feel all the muscles in my body.

Its like a massage.",2026-04-26_11-40-57_hk_1777196457.fit,405,2026-04-26T10:00:10.000Z,923.000,,96,,,,,,
2026-04-26,training,Postrun Yoga,"Oh…this is a blessing after the running. Every time I does it after a workout session I feel all the muscles in my body.

Its like a massage.",2026-04-26_11-40-57_hk_1777196457.fit,406,2026-04-26T10:00:13.000Z,926.000,,96,,,,,,
2026-04-26,training,Postrun Yoga,"Oh…this is a blessing after the running. Every time I does it after a workout session I feel all the muscles in my body.

Its like a massage.",2026-04-26_11-40-57_hk_1777196457.fit,407,2026-04-26T10:00:15.000Z,928.000,,96,,,,,,
2026-04-26,training,Postrun Yoga,"Oh…this is a blessing after the running. Every time I does it after a workout session I feel all the muscles in my body.

Its like a massage.",2026-04-26_11-40-57_hk_1777196457.fit,408,2026-04-26T10:00:16.000Z,929.000,,107,,,,,,
2026-04-26,training,Postrun Yoga,"Oh…this is a blessing after the running. Every time I does it after a workout session I feel all the muscles in my body.

Its like a massage.",2026-04-26_11-40-57_hk_1777196457.fit,409,2026-04-26T10:00:18.000Z,931.000,,107,,,,,,
2026-04-26,training,Postrun Yoga,"Oh…this is a blessing after the running. Every time I does it after a workout session I feel all the muscles in my body.

Its like a massage.",2026-04-26_11-40-57_hk_1777196457.fit,410,2026-04-26T10:00:19.000Z,932.000,,112,,,,,,
2026-04-26,training,Postrun Yoga,"Oh…this is a blessing after the running. Every time I does it after a workout session I feel all the muscles in my body.

Its like a massage.",2026-04-26_11-40-57_hk_1777196457.fit,411,2026-04-26T10:00:21.000Z,934.000,,112,,,,,,
2026-04-26,training,Postrun Yoga,"Oh…this is a blessing after the running. Every time I does it after a workout session I feel all the muscles in my body.

Its like a massage.",2026-04-26_11-40-57_hk_1777196457.fit,412,2026-04-26T10:00:23.000Z,936.000,,112,,,,,,
2026-04-26,training,Postrun Yoga,"Oh…this is a blessing after the running. Every time I does it after a workout session I feel all the muscles in my body.

Its like a massage.",2026-04-26_11-40-57_hk_1777196457.fit,413,2026-04-26T10:00:26.000Z,939.000,,116,,,,,,
2026-04-26,training,Postrun Yoga,"Oh…this is a blessing after the running. Every time I does it after a workout session I feel all the muscles in my body.

Its like a massage.",2026-04-26_11-40-57_hk_1777196457.fit,414,2026-04-26T10:00:28.000Z,941.000,,116,,,,,,
2026-04-26,training,Postrun Yoga,"Oh…this is a blessing after the running. Every time I does it after a workout session I feel all the muscles in my body.

Its like a massage.",2026-04-26_11-40-57_hk_1777196457.fit,415,2026-04-26T10:00:29.000Z,942.000,,116,,,,,,
2026-04-26,training,Postrun Yoga,"Oh…this is a blessing after the running. Every time I does it after a workout session I feel all the muscles in my body.

Its like a massage.",2026-04-26_11-40-57_hk_1777196457.fit,416,2026-04-26T10:00:31.000Z,944.000,,116,,,,,,
2026-04-26,training,Postrun Yoga,"Oh…this is a blessing after the running. Every time I does it after a workout session I feel all the muscles in my body.

Its like a massage.",2026-04-26_11-40-57_hk_1777196457.fit,417,2026-04-26T10:00:33.000Z,946.000,,116,,,,,,
2026-04-26,training,Postrun Yoga,"Oh…this is a blessing after the running. Every time I does it after a workout session I feel all the muscles in my body.

Its like a massage.",2026-04-26_11-40-57_hk_1777196457.fit,418,2026-04-26T10:00:34.000Z,947.000,,114,,,,,,
2026-04-26,training,Postrun Yoga,"Oh…this is a blessing after the running. Every time I does it after a workout session I feel all the muscles in my body.

Its like a massage.",2026-04-26_11-40-57_hk_1777196457.fit,419,2026-04-26T10:00:36.000Z,949.000,,114,,,,,,
2026-04-26,training,Postrun Yoga,"Oh…this is a blessing after the running. Every time I does it after a workout session I feel all the muscles in my body.

Its like a massage.",2026-04-26_11-40-57_hk_1777196457.fit,420,2026-04-26T10:00:39.000Z,952.000,,114,,,,,,
2026-04-26,training,Postrun Yoga,"Oh…this is a blessing after the running. Every time I does it after a workout session I feel all the muscles in my body.

Its like a massage.",2026-04-26_11-40-57_hk_1777196457.fit,421,2026-04-26T10:00:41.000Z,954.000,,108,,,,,,
2026-04-26,training,Postrun Yoga,"Oh…this is a blessing after the running. Every time I does it after a workout session I feel all the muscles in my body.

Its like a massage.",2026-04-26_11-40-57_hk_1777196457.fit,422,2026-04-26T10:00:42.000Z,955.000,,107,,,,,,
2026-04-26,training,Postrun Yoga,"Oh…this is a blessing after the running. Every time I does it after a workout session I feel all the muscles in my body.

Its like a massage.",2026-04-26_11-40-57_hk_1777196457.fit,423,2026-04-26T10:00:44.000Z,957.000,,107,,,,,,
2026-04-26,training,Postrun Yoga,"Oh…this is a blessing after the running. Every time I does it after a workout session I feel all the muscles in my body.

Its like a massage.",2026-04-26_11-40-57_hk_1777196457.fit,424,2026-04-26T10:00:46.000Z,959.000,,107,,,,,,
2026-04-26,training,Postrun Yoga,"Oh…this is a blessing after the running. Every time I does it after a workout session I feel all the muscles in my body.

Its like a massage.",2026-04-26_11-40-57_hk_1777196457.fit,425,2026-04-26T10:00:49.000Z,962.000,,107,,,,,,
2026-04-26,training,Postrun Yoga,"Oh…this is a blessing after the running. Every time I does it after a workout session I feel all the muscles in my body.

Its like a massage.",2026-04-26_11-40-57_hk_1777196457.fit,426,2026-04-26T10:00:51.000Z,964.000,,107,,,,,,
2026-04-26,training,Postrun Yoga,"Oh…this is a blessing after the running. Every time I does it after a workout session I feel all the muscles in my body.

Its like a massage.",2026-04-26_11-40-57_hk_1777196457.fit,427,2026-04-26T10:00:54.000Z,967.000,,107,,,,,,
2026-04-26,training,Postrun Yoga,"Oh…this is a blessing after the running. Every time I does it after a workout session I feel all the muscles in my body.

Its like a massage.",2026-04-26_11-40-57_hk_1777196457.fit,428,2026-04-26T10:00:56.000Z,969.000,,107,,,,,,
2026-04-26,training,Postrun Yoga,"Oh…this is a blessing after the running. Every time I does it after a workout session I feel all the muscles in my body.

Its like a massage.",2026-04-26_11-40-57_hk_1777196457.fit,429,2026-04-26T10:00:59.000Z,972.000,,107,,,,,,
2026-04-26,training,Postrun Yoga,"Oh…this is a blessing after the running. Every time I does it after a workout session I feel all the muscles in my body.

Its like a massage.",2026-04-26_11-40-57_hk_1777196457.fit,430,2026-04-26T10:01:02.000Z,975.000,,101,,,,,,
2026-04-26,training,Postrun Yoga,"Oh…this is a blessing after the running. Every time I does it after a workout session I feel all the muscles in my body.

Its like a massage.",2026-04-26_11-40-57_hk_1777196457.fit,431,2026-04-26T10:01:04.000Z,977.000,,101,,,,,,
2026-04-26,training,Postrun Yoga,"Oh…this is a blessing after the running. Every time I does it after a workout session I feel all the muscles in my body.

Its like a massage.",2026-04-26_11-40-57_hk_1777196457.fit,432,2026-04-26T10:01:07.000Z,980.000,,101,,,,,,
2026-04-26,training,Postrun Yoga,"Oh…this is a blessing after the running. Every time I does it after a workout session I feel all the muscles in my body.

Its like a massage.",2026-04-26_11-40-57_hk_1777196457.fit,433,2026-04-26T10:01:09.000Z,982.000,,101,,,,,,
2026-04-26,training,Postrun Yoga,"Oh…this is a blessing after the running. Every time I does it after a workout session I feel all the muscles in my body.

Its like a massage.",2026-04-26_11-40-57_hk_1777196457.fit,434,2026-04-26T10:01:11.000Z,984.000,,105,,,,,,
2026-04-26,training,Postrun Yoga,"Oh…this is a blessing after the running. Every time I does it after a workout session I feel all the muscles in my body.

Its like a massage.",2026-04-26_11-40-57_hk_1777196457.fit,435,2026-04-26T10:01:12.000Z,985.000,,105,,,,,,
2026-04-26,training,Postrun Yoga,"Oh…this is a blessing after the running. Every time I does it after a workout session I feel all the muscles in my body.

Its like a massage.",2026-04-26_11-40-57_hk_1777196457.fit,436,2026-04-26T10:01:14.000Z,987.000,,105,,,,,,
2026-04-26,training,Postrun Yoga,"Oh…this is a blessing after the running. Every time I does it after a workout session I feel all the muscles in my body.

Its like a massage.",2026-04-26_11-40-57_hk_1777196457.fit,437,2026-04-26T10:01:16.000Z,989.000,,109,,,,,,
2026-04-26,training,Postrun Yoga,"Oh…this is a blessing after the running. Every time I does it after a workout session I feel all the muscles in my body.

Its like a massage.",2026-04-26_11-40-57_hk_1777196457.fit,438,2026-04-26T10:01:17.000Z,990.000,,110,,,,,,
2026-04-26,training,Postrun Yoga,"Oh…this is a blessing after the running. Every time I does it after a workout session I feel all the muscles in my body.

Its like a massage.",2026-04-26_11-40-57_hk_1777196457.fit,439,2026-04-26T10:01:19.000Z,992.000,,110,,,,,,
2026-04-26,training,Postrun Yoga,"Oh…this is a blessing after the running. Every time I does it after a workout session I feel all the muscles in my body.

Its like a massage.",2026-04-26_11-40-57_hk_1777196457.fit,440,2026-04-26T10:01:22.000Z,995.000,,110,,,,,,
2026-04-26,training,Postrun Yoga,"Oh…this is a blessing after the running. Every time I does it after a workout session I feel all the muscles in my body.

Its like a massage.",2026-04-26_11-40-57_hk_1777196457.fit,441,2026-04-26T10:01:25.000Z,998.000,,110,,,,,,
2026-04-26,training,Postrun Yoga,"Oh…this is a blessing after the running. Every time I does it after a workout session I feel all the muscles in my body.

Its like a massage.",2026-04-26_11-40-57_hk_1777196457.fit,442,2026-04-26T10:01:27.000Z,1000.000,,110,,,,,,
2026-04-26,training,Postrun Yoga,"Oh…this is a blessing after the running. Every time I does it after a workout session I feel all the muscles in my body.

Its like a massage.",2026-04-26_11-40-57_hk_1777196457.fit,443,2026-04-26T10:01:30.000Z,1003.000,,110,,,,,,
2026-04-26,training,Postrun Yoga,"Oh…this is a blessing after the running. Every time I does it after a workout session I feel all the muscles in my body.

Its like a massage.",2026-04-26_11-40-57_hk_1777196457.fit,444,2026-04-26T10:01:31.000Z,1004.000,,112,,,,,,
2026-04-26,training,Postrun Yoga,"Oh…this is a blessing after the running. Every time I does it after a workout session I feel all the muscles in my body.

Its like a massage.",2026-04-26_11-40-57_hk_1777196457.fit,445,2026-04-26T10:01:32.000Z,1005.000,,111,,,,,,
2026-04-26,training,Postrun Yoga,"Oh…this is a blessing after the running. Every time I does it after a workout session I feel all the muscles in my body.

Its like a massage.",2026-04-26_11-40-57_hk_1777196457.fit,446,2026-04-26T10:01:35.000Z,1008.000,,111,,,,,,
2026-04-26,training,Postrun Yoga,"Oh…this is a blessing after the running. Every time I does it after a workout session I feel all the muscles in my body.

Its like a massage.",2026-04-26_11-40-57_hk_1777196457.fit,447,2026-04-26T10:01:37.000Z,1010.000,,111,,,,,,
2026-04-26,training,Postrun Yoga,"Oh…this is a blessing after the running. Every time I does it after a workout session I feel all the muscles in my body.

Its like a massage.",2026-04-26_11-40-57_hk_1777196457.fit,448,2026-04-26T10:01:40.000Z,1013.000,,111,,,,,,
2026-04-26,training,Postrun Yoga,"Oh…this is a blessing after the running. Every time I does it after a workout session I feel all the muscles in my body.

Its like a massage.",2026-04-26_11-40-57_hk_1777196457.fit,449,2026-04-26T10:01:43.000Z,1016.000,,111,,,,,,
2026-04-26,training,Postrun Yoga,"Oh…this is a blessing after the running. Every time I does it after a workout session I feel all the muscles in my body.

Its like a massage.",2026-04-26_11-40-57_hk_1777196457.fit,450,2026-04-26T10:01:45.000Z,1018.000,,111,,,,,,
2026-04-26,training,Postrun Yoga,"Oh…this is a blessing after the running. Every time I does it after a workout session I feel all the muscles in my body.

Its like a massage.",2026-04-26_11-40-57_hk_1777196457.fit,451,2026-04-26T10:01:46.000Z,1019.000,,106,,,,,,
2026-04-26,training,Postrun Yoga,"Oh…this is a blessing after the running. Every time I does it after a workout session I feel all the muscles in my body.

Its like a massage.",2026-04-26_11-40-57_hk_1777196457.fit,452,2026-04-26T10:01:48.000Z,1021.000,,106,,,,,,
2026-04-26,training,Postrun Yoga,"Oh…this is a blessing after the running. Every time I does it after a workout session I feel all the muscles in my body.

Its like a massage.",2026-04-26_11-40-57_hk_1777196457.fit,453,2026-04-26T10:01:50.000Z,1023.000,,106,,,,,,
2026-04-26,training,Postrun Yoga,"Oh…this is a blessing after the running. Every time I does it after a workout session I feel all the muscles in my body.

Its like a massage.",2026-04-26_11-40-57_hk_1777196457.fit,454,2026-04-26T10:01:51.000Z,1024.000,,101,,,,,,
2026-04-26,training,Postrun Yoga,"Oh…this is a blessing after the running. Every time I does it after a workout session I feel all the muscles in my body.

Its like a massage.",2026-04-26_11-40-57_hk_1777196457.fit,455,2026-04-26T10:01:53.000Z,1026.000,,101,,,,,,
2026-04-26,training,Postrun Yoga,"Oh…this is a blessing after the running. Every time I does it after a workout session I feel all the muscles in my body.

Its like a massage.",2026-04-26_11-40-57_hk_1777196457.fit,456,2026-04-26T10:01:55.000Z,1028.000,,101,,,,,,
2026-04-26,training,Postrun Yoga,"Oh…this is a blessing after the running. Every time I does it after a workout session I feel all the muscles in my body.

Its like a massage.",2026-04-26_11-40-57_hk_1777196457.fit,457,2026-04-26T10:01:56.000Z,1029.000,,96,,,,,,
2026-04-26,training,Postrun Yoga,"Oh…this is a blessing after the running. Every time I does it after a workout session I feel all the muscles in my body.

Its like a massage.",2026-04-26_11-40-57_hk_1777196457.fit,458,2026-04-26T10:01:58.000Z,1031.000,,96,,,,,,
2026-04-26,training,Postrun Yoga,"Oh…this is a blessing after the running. Every time I does it after a workout session I feel all the muscles in my body.

Its like a massage.",2026-04-26_11-40-57_hk_1777196457.fit,459,2026-04-26T10:02:00.000Z,1033.000,,96,,,,,,
2026-04-26,training,Postrun Yoga,"Oh…this is a blessing after the running. Every time I does it after a workout session I feel all the muscles in my body.

Its like a massage.",2026-04-26_11-40-57_hk_1777196457.fit,460,2026-04-26T10:02:01.000Z,1034.000,,91,,,,,,
2026-04-26,training,Postrun Yoga,"Oh…this is a blessing after the running. Every time I does it after a workout session I feel all the muscles in my body.

Its like a massage.",2026-04-26_11-40-57_hk_1777196457.fit,461,2026-04-26T10:02:02.000Z,1035.000,,90,,,,,,
2026-04-26,training,Postrun Yoga,"Oh…this is a blessing after the running. Every time I does it after a workout session I feel all the muscles in my body.

Its like a massage.",2026-04-26_11-40-57_hk_1777196457.fit,462,2026-04-26T10:02:03.000Z,1036.000,,90,,,,,,
2026-04-26,training,Postrun Yoga,"Oh…this is a blessing after the running. Every time I does it after a workout session I feel all the muscles in my body.

Its like a massage.",2026-04-26_11-40-57_hk_1777196457.fit,463,2026-04-26T10:02:06.000Z,1039.000,,90,,,,,,
2026-04-26,training,Postrun Yoga,"Oh…this is a blessing after the running. Every time I does it after a workout session I feel all the muscles in my body.

Its like a massage.",2026-04-26_11-40-57_hk_1777196457.fit,464,2026-04-26T10:02:07.000Z,1040.000,,92,,,,,,
2026-04-26,training,Postrun Yoga,"Oh…this is a blessing after the running. Every time I does it after a workout session I feel all the muscles in my body.

Its like a massage.",2026-04-26_11-40-57_hk_1777196457.fit,465,2026-04-26T10:02:08.000Z,1041.000,,92,,,,,,
2026-04-26,training,Postrun Yoga,"Oh…this is a blessing after the running. Every time I does it after a workout session I feel all the muscles in my body.

Its like a massage.",2026-04-26_11-40-57_hk_1777196457.fit,466,2026-04-26T10:02:11.000Z,1044.000,,92,,,,,,
2026-04-26,training,Postrun Yoga,"Oh…this is a blessing after the running. Every time I does it after a workout session I feel all the muscles in my body.

Its like a massage.",2026-04-26_11-40-57_hk_1777196457.fit,467,2026-04-26T10:02:13.000Z,1046.000,,92,,,,,,
2026-04-26,training,Postrun Yoga,"Oh…this is a blessing after the running. Every time I does it after a workout session I feel all the muscles in my body.

Its like a massage.",2026-04-26_11-40-57_hk_1777196457.fit,468,2026-04-26T10:02:16.000Z,1049.000,,92,,,,,,
2026-04-26,training,Postrun Yoga,"Oh…this is a blessing after the running. Every time I does it after a workout session I feel all the muscles in my body.

Its like a massage.",2026-04-26_11-40-57_hk_1777196457.fit,469,2026-04-26T10:02:18.000Z,1051.000,,92,,,,,,
2026-04-26,training,Postrun Yoga,"Oh…this is a blessing after the running. Every time I does it after a workout session I feel all the muscles in my body.

Its like a massage.",2026-04-26_11-40-57_hk_1777196457.fit,470,2026-04-26T10:02:20.000Z,1053.000,,89,,,,,,
2026-04-26,training,Postrun Yoga,"Oh…this is a blessing after the running. Every time I does it after a workout session I feel all the muscles in my body.

Its like a massage.",2026-04-26_11-40-57_hk_1777196457.fit,471,2026-04-26T10:02:21.000Z,1054.000,,89,,,,,,
2026-04-26,training,Postrun Yoga,"Oh…this is a blessing after the running. Every time I does it after a workout session I feel all the muscles in my body.

Its like a massage.",2026-04-26_11-40-57_hk_1777196457.fit,472,2026-04-26T10:02:22.000Z,1055.000,,88,,,,,,
2026-04-26,training,Postrun Yoga,"Oh…this is a blessing after the running. Every time I does it after a workout session I feel all the muscles in my body.

Its like a massage.",2026-04-26_11-40-57_hk_1777196457.fit,473,2026-04-26T10:02:23.000Z,1056.000,,88,,,,,,
2026-04-26,training,Postrun Yoga,"Oh…this is a blessing after the running. Every time I does it after a workout session I feel all the muscles in my body.

Its like a massage.",2026-04-26_11-40-57_hk_1777196457.fit,474,2026-04-26T10:02:26.000Z,1059.000,,88,,,,,,
2026-04-26,training,Postrun Yoga,"Oh…this is a blessing after the running. Every time I does it after a workout session I feel all the muscles in my body.

Its like a massage.",2026-04-26_11-40-57_hk_1777196457.fit,475,2026-04-26T10:02:29.000Z,1062.000,,88,,,,,,
2026-04-26,training,Postrun Yoga,"Oh…this is a blessing after the running. Every time I does it after a workout session I feel all the muscles in my body.

Its like a massage.",2026-04-26_11-40-57_hk_1777196457.fit,476,2026-04-26T10:02:31.000Z,1064.000,,91,,,,,,
2026-04-26,training,Postrun Yoga,"Oh…this is a blessing after the running. Every time I does it after a workout session I feel all the muscles in my body.

Its like a massage.",2026-04-26_11-40-57_hk_1777196457.fit,477,2026-04-26T10:02:32.000Z,1065.000,,91,,,,,,
2026-04-26,training,Postrun Yoga,"Oh…this is a blessing after the running. Every time I does it after a workout session I feel all the muscles in my body.

Its like a massage.",2026-04-26_11-40-57_hk_1777196457.fit,478,2026-04-26T10:02:34.000Z,1067.000,,91,,,,,,
2026-04-26,training,Postrun Yoga,"Oh…this is a blessing after the running. Every time I does it after a workout session I feel all the muscles in my body.

Its like a massage.",2026-04-26_11-40-57_hk_1777196457.fit,479,2026-04-26T10:02:36.000Z,1069.000,,91,,,,,,
2026-04-26,training,Postrun Yoga,"Oh…this is a blessing after the running. Every time I does it after a workout session I feel all the muscles in my body.

Its like a massage.",2026-04-26_11-40-57_hk_1777196457.fit,480,2026-04-26T10:02:39.000Z,1072.000,,91,,,,,,
2026-04-26,training,Postrun Yoga,"Oh…this is a blessing after the running. Every time I does it after a workout session I feel all the muscles in my body.

Its like a massage.",2026-04-26_11-40-57_hk_1777196457.fit,481,2026-04-26T10:02:41.000Z,1074.000,,96,,,,,,
2026-04-26,training,Postrun Yoga,"Oh…this is a blessing after the running. Every time I does it after a workout session I feel all the muscles in my body.

Its like a massage.",2026-04-26_11-40-57_hk_1777196457.fit,482,2026-04-26T10:02:44.000Z,1077.000,,96,,,,,,
2026-04-26,training,Postrun Yoga,"Oh…this is a blessing after the running. Every time I does it after a workout session I feel all the muscles in my body.

Its like a massage.",2026-04-26_11-40-57_hk_1777196457.fit,483,2026-04-26T10:02:46.000Z,1079.000,,89,,,,,,
2026-04-26,training,Postrun Yoga,"Oh…this is a blessing after the running. Every time I does it after a workout session I feel all the muscles in my body.

Its like a massage.",2026-04-26_11-40-57_hk_1777196457.fit,484,2026-04-26T10:02:47.000Z,1080.000,,89,,,,,,
2026-04-26,training,Postrun Yoga,"Oh…this is a blessing after the running. Every time I does it after a workout session I feel all the muscles in my body.

Its like a massage.",2026-04-26_11-40-57_hk_1777196457.fit,485,2026-04-26T10:02:49.000Z,1082.000,,89,,,,,,
2026-04-26,training,Postrun Yoga,"Oh…this is a blessing after the running. Every time I does it after a workout session I feel all the muscles in my body.

Its like a massage.",2026-04-26_11-40-57_hk_1777196457.fit,486,2026-04-26T10:02:52.000Z,1085.000,,89,,,,,,
2026-04-26,training,Postrun Yoga,"Oh…this is a blessing after the running. Every time I does it after a workout session I feel all the muscles in my body.

Its like a massage.",2026-04-26_11-40-57_hk_1777196457.fit,487,2026-04-26T10:02:54.000Z,1087.000,,89,,,,,,
2026-04-26,training,Postrun Yoga,"Oh…this is a blessing after the running. Every time I does it after a workout session I feel all the muscles in my body.

Its like a massage.",2026-04-26_11-40-57_hk_1777196457.fit,488,2026-04-26T10:02:55.000Z,1088.000,,90,,,,,,
2026-04-26,training,Postrun Yoga,"Oh…this is a blessing after the running. Every time I does it after a workout session I feel all the muscles in my body.

Its like a massage.",2026-04-26_11-40-57_hk_1777196457.fit,489,2026-04-26T10:02:57.000Z,1090.000,,90,,,,,,