workout_date,workout_type,title,notes,source_file,record_index,timestamp,elapsed_seconds,distance_m,heart_rate,power,cadence,speed,altitude,latitude,longitude
2026-05-07,training,Postrun Exercises,After run regular stretching and Yoga becomes a habit now. But nice thing is I can feel all my muscle during these short sessions. Its like learning about your body.,2026-05-07_09-06-23_hk_1778137583.fit,1,2026-05-07T07:06:25.000Z,0.000,,125,,,,,,
2026-05-07,training,Postrun Exercises,After run regular stretching and Yoga becomes a habit now. But nice thing is I can feel all my muscle during these short sessions. Its like learning about your body.,2026-05-07_09-06-23_hk_1778137583.fit,2,2026-05-07T07:06:26.000Z,1.000,,125,,,,,,
2026-05-07,training,Postrun Exercises,After run regular stretching and Yoga becomes a habit now. But nice thing is I can feel all my muscle during these short sessions. Its like learning about your body.,2026-05-07_09-06-23_hk_1778137583.fit,3,2026-05-07T07:06:28.000Z,3.000,,125,,,,,,
2026-05-07,training,Postrun Exercises,After run regular stretching and Yoga becomes a habit now. But nice thing is I can feel all my muscle during these short sessions. Its like learning about your body.,2026-05-07_09-06-23_hk_1778137583.fit,4,2026-05-07T07:06:29.000Z,4.000,,125,,,,,,
2026-05-07,training,Postrun Exercises,After run regular stretching and Yoga becomes a habit now. But nice thing is I can feel all my muscle during these short sessions. Its like learning about your body.,2026-05-07_09-06-23_hk_1778137583.fit,5,2026-05-07T07:06:31.000Z,6.000,,121,,,,,,
2026-05-07,training,Postrun Exercises,After run regular stretching and Yoga becomes a habit now. But nice thing is I can feel all my muscle during these short sessions. Its like learning about your body.,2026-05-07_09-06-23_hk_1778137583.fit,6,2026-05-07T07:06:34.000Z,9.000,,121,,,,,,
2026-05-07,training,Postrun Exercises,After run regular stretching and Yoga becomes a habit now. But nice thing is I can feel all my muscle during these short sessions. Its like learning about your body.,2026-05-07_09-06-23_hk_1778137583.fit,7,2026-05-07T07:06:36.000Z,11.000,,119,,,,,,
2026-05-07,training,Postrun Exercises,After run regular stretching and Yoga becomes a habit now. But nice thing is I can feel all my muscle during these short sessions. Its like learning about your body.,2026-05-07_09-06-23_hk_1778137583.fit,8,2026-05-07T07:06:37.000Z,12.000,,119,,,,,,
2026-05-07,training,Postrun Exercises,After run regular stretching and Yoga becomes a habit now. But nice thing is I can feel all my muscle during these short sessions. Its like learning about your body.,2026-05-07_09-06-23_hk_1778137583.fit,9,2026-05-07T07:06:39.000Z,14.000,,119,,,,,,
2026-05-07,training,Postrun Exercises,After run regular stretching and Yoga becomes a habit now. But nice thing is I can feel all my muscle during these short sessions. Its like learning about your body.,2026-05-07_09-06-23_hk_1778137583.fit,10,2026-05-07T07:06:42.000Z,17.000,,119,,,,,,
2026-05-07,training,Postrun Exercises,After run regular stretching and Yoga becomes a habit now. But nice thing is I can feel all my muscle during these short sessions. Its like learning about your body.,2026-05-07_09-06-23_hk_1778137583.fit,11,2026-05-07T07:06:44.000Z,19.000,,119,,,,,,
2026-05-07,training,Postrun Exercises,After run regular stretching and Yoga becomes a habit now. But nice thing is I can feel all my muscle during these short sessions. Its like learning about your body.,2026-05-07_09-06-23_hk_1778137583.fit,12,2026-05-07T07:06:47.000Z,22.000,,119,,,,,,
2026-05-07,training,Postrun Exercises,After run regular stretching and Yoga becomes a habit now. But nice thing is I can feel all my muscle during these short sessions. Its like learning about your body.,2026-05-07_09-06-23_hk_1778137583.fit,13,2026-05-07T07:06:49.000Z,24.000,,119,,,,,,
2026-05-07,training,Postrun Exercises,After run regular stretching and Yoga becomes a habit now. But nice thing is I can feel all my muscle during these short sessions. Its like learning about your body.,2026-05-07_09-06-23_hk_1778137583.fit,14,2026-05-07T07:06:52.000Z,27.000,,119,,,,,,
2026-05-07,training,Postrun Exercises,After run regular stretching and Yoga becomes a habit now. But nice thing is I can feel all my muscle during these short sessions. Its like learning about your body.,2026-05-07_09-06-23_hk_1778137583.fit,15,2026-05-07T07:06:54.000Z,29.000,,119,,,,,,
2026-05-07,training,Postrun Exercises,After run regular stretching and Yoga becomes a habit now. But nice thing is I can feel all my muscle during these short sessions. Its like learning about your body.,2026-05-07_09-06-23_hk_1778137583.fit,16,2026-05-07T07:06:57.000Z,32.000,,119,,,,,,
2026-05-07,training,Postrun Exercises,After run regular stretching and Yoga becomes a habit now. But nice thing is I can feel all my muscle during these short sessions. Its like learning about your body.,2026-05-07_09-06-23_hk_1778137583.fit,17,2026-05-07T07:07:00.000Z,35.000,,119,,,,,,
2026-05-07,training,Postrun Exercises,After run regular stretching and Yoga becomes a habit now. But nice thing is I can feel all my muscle during these short sessions. Its like learning about your body.,2026-05-07_09-06-23_hk_1778137583.fit,18,2026-05-07T07:07:02.000Z,37.000,,119,,,,,,
2026-05-07,training,Postrun Exercises,After run regular stretching and Yoga becomes a habit now. But nice thing is I can feel all my muscle during these short sessions. Its like learning about your body.,2026-05-07_09-06-23_hk_1778137583.fit,19,2026-05-07T07:07:05.000Z,40.000,,119,,,,,,
2026-05-07,training,Postrun Exercises,After run regular stretching and Yoga becomes a habit now. But nice thing is I can feel all my muscle during these short sessions. Its like learning about your body.,2026-05-07_09-06-23_hk_1778137583.fit,20,2026-05-07T07:07:07.000Z,42.000,,119,,,,,,
2026-05-07,training,Postrun Exercises,After run regular stretching and Yoga becomes a habit now. But nice thing is I can feel all my muscle during these short sessions. Its like learning about your body.,2026-05-07_09-06-23_hk_1778137583.fit,21,2026-05-07T07:07:10.000Z,45.000,,119,,,,,,
2026-05-07,training,Postrun Exercises,After run regular stretching and Yoga becomes a habit now. But nice thing is I can feel all my muscle during these short sessions. Its like learning about your body.,2026-05-07_09-06-23_hk_1778137583.fit,22,2026-05-07T07:07:12.000Z,47.000,,119,,,,,,
2026-05-07,training,Postrun Exercises,After run regular stretching and Yoga becomes a habit now. But nice thing is I can feel all my muscle during these short sessions. Its like learning about your body.,2026-05-07_09-06-23_hk_1778137583.fit,23,2026-05-07T07:07:15.000Z,50.000,,119,,,,,,
2026-05-07,training,Postrun Exercises,After run regular stretching and Yoga becomes a habit now. But nice thing is I can feel all my muscle during these short sessions. Its like learning about your body.,2026-05-07_09-06-23_hk_1778137583.fit,24,2026-05-07T07:07:17.000Z,52.000,,119,,,,,,
2026-05-07,training,Postrun Exercises,After run regular stretching and Yoga becomes a habit now. But nice thing is I can feel all my muscle during these short sessions. Its like learning about your body.,2026-05-07_09-06-23_hk_1778137583.fit,25,2026-05-07T07:07:20.000Z,55.000,,119,,,,,,
2026-05-07,training,Postrun Exercises,After run regular stretching and Yoga becomes a habit now. But nice thing is I can feel all my muscle during these short sessions. Its like learning about your body.,2026-05-07_09-06-23_hk_1778137583.fit,26,2026-05-07T07:07:23.000Z,58.000,,119,,,,,,
2026-05-07,training,Postrun Exercises,After run regular stretching and Yoga becomes a habit now. But nice thing is I can feel all my muscle during these short sessions. Its like learning about your body.,2026-05-07_09-06-23_hk_1778137583.fit,27,2026-05-07T07:07:25.000Z,60.000,,126,,,,,,
2026-05-07,training,Postrun Exercises,After run regular stretching and Yoga becomes a habit now. But nice thing is I can feel all my muscle during these short sessions. Its like learning about your body.,2026-05-07_09-06-23_hk_1778137583.fit,28,2026-05-07T07:07:28.000Z,63.000,,126,,,,,,
2026-05-07,training,Postrun Exercises,After run regular stretching and Yoga becomes a habit now. But nice thing is I can feel all my muscle during these short sessions. Its like learning about your body.,2026-05-07_09-06-23_hk_1778137583.fit,29,2026-05-07T07:07:30.000Z,65.000,,126,,,,,,
2026-05-07,training,Postrun Exercises,After run regular stretching and Yoga becomes a habit now. But nice thing is I can feel all my muscle during these short sessions. Its like learning about your body.,2026-05-07_09-06-23_hk_1778137583.fit,30,2026-05-07T07:07:33.000Z,68.000,,126,,,,,,
2026-05-07,training,Postrun Exercises,After run regular stretching and Yoga becomes a habit now. But nice thing is I can feel all my muscle during these short sessions. Its like learning about your body.,2026-05-07_09-06-23_hk_1778137583.fit,31,2026-05-07T07:07:35.000Z,70.000,,126,,,,,,
2026-05-07,training,Postrun Exercises,After run regular stretching and Yoga becomes a habit now. But nice thing is I can feel all my muscle during these short sessions. Its like learning about your body.,2026-05-07_09-06-23_hk_1778137583.fit,32,2026-05-07T07:07:36.000Z,71.000,,127,,,,,,
2026-05-07,training,Postrun Exercises,After run regular stretching and Yoga becomes a habit now. But nice thing is I can feel all my muscle during these short sessions. Its like learning about your body.,2026-05-07_09-06-23_hk_1778137583.fit,33,2026-05-07T07:07:38.000Z,73.000,,127,,,,,,
2026-05-07,training,Postrun Exercises,After run regular stretching and Yoga becomes a habit now. But nice thing is I can feel all my muscle during these short sessions. Its like learning about your body.,2026-05-07_09-06-23_hk_1778137583.fit,34,2026-05-07T07:07:41.000Z,76.000,,127,,,,,,
2026-05-07,training,Postrun Exercises,After run regular stretching and Yoga becomes a habit now. But nice thing is I can feel all my muscle during these short sessions. Its like learning about your body.,2026-05-07_09-06-23_hk_1778137583.fit,35,2026-05-07T07:07:42.000Z,77.000,,128,,,,,,
2026-05-07,training,Postrun Exercises,After run regular stretching and Yoga becomes a habit now. But nice thing is I can feel all my muscle during these short sessions. Its like learning about your body.,2026-05-07_09-06-23_hk_1778137583.fit,36,2026-05-07T07:07:43.000Z,78.000,,128,,,,,,
2026-05-07,training,Postrun Exercises,After run regular stretching and Yoga becomes a habit now. But nice thing is I can feel all my muscle during these short sessions. Its like learning about your body.,2026-05-07_09-06-23_hk_1778137583.fit,37,2026-05-07T07:07:46.000Z,81.000,,129,,,,,,
2026-05-07,training,Postrun Exercises,After run regular stretching and Yoga becomes a habit now. But nice thing is I can feel all my muscle during these short sessions. Its like learning about your body.,2026-05-07_09-06-23_hk_1778137583.fit,38,2026-05-07T07:07:48.000Z,83.000,,129,,,,,,
2026-05-07,training,Postrun Exercises,After run regular stretching and Yoga becomes a habit now. But nice thing is I can feel all my muscle during these short sessions. Its like learning about your body.,2026-05-07_09-06-23_hk_1778137583.fit,39,2026-05-07T07:07:51.000Z,86.000,,129,,,,,,
2026-05-07,training,Postrun Exercises,After run regular stretching and Yoga becomes a habit now. But nice thing is I can feel all my muscle during these short sessions. Its like learning about your body.,2026-05-07_09-06-23_hk_1778137583.fit,40,2026-05-07T07:07:53.000Z,88.000,,129,,,,,,
2026-05-07,training,Postrun Exercises,After run regular stretching and Yoga becomes a habit now. But nice thing is I can feel all my muscle during these short sessions. Its like learning about your body.,2026-05-07_09-06-23_hk_1778137583.fit,41,2026-05-07T07:07:56.000Z,91.000,,129,,,,,,
2026-05-07,training,Postrun Exercises,After run regular stretching and Yoga becomes a habit now. But nice thing is I can feel all my muscle during these short sessions. Its like learning about your body.,2026-05-07_09-06-23_hk_1778137583.fit,42,2026-05-07T07:07:57.000Z,92.000,,131,,,,,,
2026-05-07,training,Postrun Exercises,After run regular stretching and Yoga becomes a habit now. But nice thing is I can feel all my muscle during these short sessions. Its like learning about your body.,2026-05-07_09-06-23_hk_1778137583.fit,43,2026-05-07T07:07:58.000Z,93.000,,131,,,,,,
2026-05-07,training,Postrun Exercises,After run regular stretching and Yoga becomes a habit now. But nice thing is I can feel all my muscle during these short sessions. Its like learning about your body.,2026-05-07_09-06-23_hk_1778137583.fit,44,2026-05-07T07:08:01.000Z,96.000,,132,,,,,,
2026-05-07,training,Postrun Exercises,After run regular stretching and Yoga becomes a habit now. But nice thing is I can feel all my muscle during these short sessions. Its like learning about your body.,2026-05-07_09-06-23_hk_1778137583.fit,45,2026-05-07T07:08:04.000Z,99.000,,132,,,,,,
2026-05-07,training,Postrun Exercises,After run regular stretching and Yoga becomes a habit now. But nice thing is I can feel all my muscle during these short sessions. Its like learning about your body.,2026-05-07_09-06-23_hk_1778137583.fit,46,2026-05-07T07:08:06.000Z,101.000,,135,,,,,,
2026-05-07,training,Postrun Exercises,After run regular stretching and Yoga becomes a habit now. But nice thing is I can feel all my muscle during these short sessions. Its like learning about your body.,2026-05-07_09-06-23_hk_1778137583.fit,47,2026-05-07T07:08:09.000Z,104.000,,135,,,,,,
2026-05-07,training,Postrun Exercises,After run regular stretching and Yoga becomes a habit now. But nice thing is I can feel all my muscle during these short sessions. Its like learning about your body.,2026-05-07_09-06-23_hk_1778137583.fit,48,2026-05-07T07:08:11.000Z,106.000,,134,,,,,,
2026-05-07,training,Postrun Exercises,After run regular stretching and Yoga becomes a habit now. But nice thing is I can feel all my muscle during these short sessions. Its like learning about your body.,2026-05-07_09-06-23_hk_1778137583.fit,49,2026-05-07T07:08:14.000Z,109.000,,134,,,,,,
2026-05-07,training,Postrun Exercises,After run regular stretching and Yoga becomes a habit now. But nice thing is I can feel all my muscle during these short sessions. Its like learning about your body.,2026-05-07_09-06-23_hk_1778137583.fit,50,2026-05-07T07:08:16.000Z,111.000,,134,,,,,,
2026-05-07,training,Postrun Exercises,After run regular stretching and Yoga becomes a habit now. But nice thing is I can feel all my muscle during these short sessions. Its like learning about your body.,2026-05-07_09-06-23_hk_1778137583.fit,51,2026-05-07T07:08:19.000Z,114.000,,134,,,,,,
2026-05-07,training,Postrun Exercises,After run regular stretching and Yoga becomes a habit now. But nice thing is I can feel all my muscle during these short sessions. Its like learning about your body.,2026-05-07_09-06-23_hk_1778137583.fit,52,2026-05-07T07:08:20.000Z,115.000,,136,,,,,,
2026-05-07,training,Postrun Exercises,After run regular stretching and Yoga becomes a habit now. But nice thing is I can feel all my muscle during these short sessions. Its like learning about your body.,2026-05-07_09-06-23_hk_1778137583.fit,53,2026-05-07T07:08:21.000Z,116.000,,136,,,,,,
2026-05-07,training,Postrun Exercises,After run regular stretching and Yoga becomes a habit now. But nice thing is I can feel all my muscle during these short sessions. Its like learning about your body.,2026-05-07_09-06-23_hk_1778137583.fit,54,2026-05-07T07:08:24.000Z,119.000,,136,,,,,,
2026-05-07,training,Postrun Exercises,After run regular stretching and Yoga becomes a habit now. But nice thing is I can feel all my muscle during these short sessions. Its like learning about your body.,2026-05-07_09-06-23_hk_1778137583.fit,55,2026-05-07T07:08:25.000Z,120.000,,138,,,,,,
2026-05-07,training,Postrun Exercises,After run regular stretching and Yoga becomes a habit now. But nice thing is I can feel all my muscle during these short sessions. Its like learning about your body.,2026-05-07_09-06-23_hk_1778137583.fit,56,2026-05-07T07:08:26.000Z,121.000,,137,,,,,,
2026-05-07,training,Postrun Exercises,After run regular stretching and Yoga becomes a habit now. But nice thing is I can feel all my muscle during these short sessions. Its like learning about your body.,2026-05-07_09-06-23_hk_1778137583.fit,57,2026-05-07T07:08:27.000Z,122.000,,137,,,,,,
2026-05-07,training,Postrun Exercises,After run regular stretching and Yoga becomes a habit now. But nice thing is I can feel all my muscle during these short sessions. Its like learning about your body.,2026-05-07_09-06-23_hk_1778137583.fit,58,2026-05-07T07:08:29.000Z,124.000,,137,,,,,,
2026-05-07,training,Postrun Exercises,After run regular stretching and Yoga becomes a habit now. But nice thing is I can feel all my muscle during these short sessions. Its like learning about your body.,2026-05-07_09-06-23_hk_1778137583.fit,59,2026-05-07T07:08:31.000Z,126.000,,136,,,,,,
2026-05-07,training,Postrun Exercises,After run regular stretching and Yoga becomes a habit now. But nice thing is I can feel all my muscle during these short sessions. Its like learning about your body.,2026-05-07_09-06-23_hk_1778137583.fit,60,2026-05-07T07:08:32.000Z,127.000,,136,,,,,,
2026-05-07,training,Postrun Exercises,After run regular stretching and Yoga becomes a habit now. But nice thing is I can feel all my muscle during these short sessions. Its like learning about your body.,2026-05-07_09-06-23_hk_1778137583.fit,61,2026-05-07T07:08:34.000Z,129.000,,136,,,,,,
2026-05-07,training,Postrun Exercises,After run regular stretching and Yoga becomes a habit now. But nice thing is I can feel all my muscle during these short sessions. Its like learning about your body.,2026-05-07_09-06-23_hk_1778137583.fit,62,2026-05-07T07:08:37.000Z,132.000,,136,,,,,,
2026-05-07,training,Postrun Exercises,After run regular stretching and Yoga becomes a habit now. But nice thing is I can feel all my muscle during these short sessions. Its like learning about your body.,2026-05-07_09-06-23_hk_1778137583.fit,63,2026-05-07T07:08:39.000Z,134.000,,136,,,,,,
2026-05-07,training,Postrun Exercises,After run regular stretching and Yoga becomes a habit now. But nice thing is I can feel all my muscle during these short sessions. Its like learning about your body.,2026-05-07_09-06-23_hk_1778137583.fit,64,2026-05-07T07:08:40.000Z,135.000,,132,,,,,,
2026-05-07,training,Postrun Exercises,After run regular stretching and Yoga becomes a habit now. But nice thing is I can feel all my muscle during these short sessions. Its like learning about your body.,2026-05-07_09-06-23_hk_1778137583.fit,65,2026-05-07T07:08:42.000Z,137.000,,132,,,,,,
2026-05-07,training,Postrun Exercises,After run regular stretching and Yoga becomes a habit now. But nice thing is I can feel all my muscle during these short sessions. Its like learning about your body.,2026-05-07_09-06-23_hk_1778137583.fit,66,2026-05-07T07:08:45.000Z,140.000,,133,,,,,,
2026-05-07,training,Postrun Exercises,After run regular stretching and Yoga becomes a habit now. But nice thing is I can feel all my muscle during these short sessions. Its like learning about your body.,2026-05-07_09-06-23_hk_1778137583.fit,67,2026-05-07T07:08:46.000Z,141.000,,130,,,,,,
2026-05-07,training,Postrun Exercises,After run regular stretching and Yoga becomes a habit now. But nice thing is I can feel all my muscle during these short sessions. Its like learning about your body.,2026-05-07_09-06-23_hk_1778137583.fit,68,2026-05-07T07:08:47.000Z,142.000,,130,,,,,,
2026-05-07,training,Postrun Exercises,After run regular stretching and Yoga becomes a habit now. But nice thing is I can feel all my muscle during these short sessions. Its like learning about your body.,2026-05-07_09-06-23_hk_1778137583.fit,69,2026-05-07T07:08:50.000Z,145.000,,130,,,,,,
2026-05-07,training,Postrun Exercises,After run regular stretching and Yoga becomes a habit now. But nice thing is I can feel all my muscle during these short sessions. Its like learning about your body.,2026-05-07_09-06-23_hk_1778137583.fit,70,2026-05-07T07:08:52.000Z,147.000,,130,,,,,,
2026-05-07,training,Postrun Exercises,After run regular stretching and Yoga becomes a habit now. But nice thing is I can feel all my muscle during these short sessions. Its like learning about your body.,2026-05-07_09-06-23_hk_1778137583.fit,71,2026-05-07T07:08:55.000Z,150.000,,125,,,,,,
2026-05-07,training,Postrun Exercises,After run regular stretching and Yoga becomes a habit now. But nice thing is I can feel all my muscle during these short sessions. Its like learning about your body.,2026-05-07_09-06-23_hk_1778137583.fit,72,2026-05-07T07:08:56.000Z,151.000,,126,,,,,,
2026-05-07,training,Postrun Exercises,After run regular stretching and Yoga becomes a habit now. But nice thing is I can feel all my muscle during these short sessions. Its like learning about your body.,2026-05-07_09-06-23_hk_1778137583.fit,73,2026-05-07T07:08:57.000Z,152.000,,126,,,,,,
2026-05-07,training,Postrun Exercises,After run regular stretching and Yoga becomes a habit now. But nice thing is I can feel all my muscle during these short sessions. Its like learning about your body.,2026-05-07_09-06-23_hk_1778137583.fit,74,2026-05-07T07:09:00.000Z,155.000,,126,,,,,,
2026-05-07,training,Postrun Exercises,After run regular stretching and Yoga becomes a habit now. But nice thing is I can feel all my muscle during these short sessions. Its like learning about your body.,2026-05-07_09-06-23_hk_1778137583.fit,75,2026-05-07T07:09:01.000Z,156.000,,125,,,,,,
2026-05-07,training,Postrun Exercises,After run regular stretching and Yoga becomes a habit now. But nice thing is I can feel all my muscle during these short sessions. Its like learning about your body.,2026-05-07_09-06-23_hk_1778137583.fit,76,2026-05-07T07:09:02.000Z,157.000,,125,,,,,,
2026-05-07,training,Postrun Exercises,After run regular stretching and Yoga becomes a habit now. But nice thing is I can feel all my muscle during these short sessions. Its like learning about your body.,2026-05-07_09-06-23_hk_1778137583.fit,77,2026-05-07T07:09:05.000Z,160.000,,125,,,,,,
2026-05-07,training,Postrun Exercises,After run regular stretching and Yoga becomes a habit now. But nice thing is I can feel all my muscle during these short sessions. Its like learning about your body.,2026-05-07_09-06-23_hk_1778137583.fit,78,2026-05-07T07:09:08.000Z,163.000,,128,,,,,,
2026-05-07,training,Postrun Exercises,After run regular stretching and Yoga becomes a habit now. But nice thing is I can feel all my muscle during these short sessions. Its like learning about your body.,2026-05-07_09-06-23_hk_1778137583.fit,79,2026-05-07T07:09:10.000Z,165.000,,128,,,,,,
2026-05-07,training,Postrun Exercises,After run regular stretching and Yoga becomes a habit now. But nice thing is I can feel all my muscle during these short sessions. Its like learning about your body.,2026-05-07_09-06-23_hk_1778137583.fit,80,2026-05-07T07:09:12.000Z,167.000,,128,,,,,,
2026-05-07,training,Postrun Exercises,After run regular stretching and Yoga becomes a habit now. But nice thing is I can feel all my muscle during these short sessions. Its like learning about your body.,2026-05-07_09-06-23_hk_1778137583.fit,81,2026-05-07T07:09:13.000Z,168.000,,128,,,,,,
2026-05-07,training,Postrun Exercises,After run regular stretching and Yoga becomes a habit now. But nice thing is I can feel all my muscle during these short sessions. Its like learning about your body.,2026-05-07_09-06-23_hk_1778137583.fit,82,2026-05-07T07:09:15.000Z,170.000,,128,,,,,,
2026-05-07,training,Postrun Exercises,After run regular stretching and Yoga becomes a habit now. But nice thing is I can feel all my muscle during these short sessions. Its like learning about your body.,2026-05-07_09-06-23_hk_1778137583.fit,83,2026-05-07T07:09:16.000Z,171.000,,127,,,,,,
2026-05-07,training,Postrun Exercises,After run regular stretching and Yoga becomes a habit now. But nice thing is I can feel all my muscle during these short sessions. Its like learning about your body.,2026-05-07_09-06-23_hk_1778137583.fit,84,2026-05-07T07:09:18.000Z,173.000,,127,,,,,,
2026-05-07,training,Postrun Exercises,After run regular stretching and Yoga becomes a habit now. But nice thing is I can feel all my muscle during these short sessions. Its like learning about your body.,2026-05-07_09-06-23_hk_1778137583.fit,85,2026-05-07T07:09:20.000Z,175.000,,127,,,,,,
2026-05-07,training,Postrun Exercises,After run regular stretching and Yoga becomes a habit now. But nice thing is I can feel all my muscle during these short sessions. Its like learning about your body.,2026-05-07_09-06-23_hk_1778137583.fit,86,2026-05-07T07:09:23.000Z,178.000,,127,,,,,,
2026-05-07,training,Postrun Exercises,After run regular stretching and Yoga becomes a habit now. But nice thing is I can feel all my muscle during these short sessions. Its like learning about your body.,2026-05-07_09-06-23_hk_1778137583.fit,87,2026-05-07T07:09:25.000Z,180.000,,127,,,,,,
2026-05-07,training,Postrun Exercises,After run regular stretching and Yoga becomes a habit now. But nice thing is I can feel all my muscle during these short sessions. Its like learning about your body.,2026-05-07_09-06-23_hk_1778137583.fit,88,2026-05-07T07:09:28.000Z,183.000,,127,,,,,,
2026-05-07,training,Postrun Exercises,After run regular stretching and Yoga becomes a habit now. But nice thing is I can feel all my muscle during these short sessions. Its like learning about your body.,2026-05-07_09-06-23_hk_1778137583.fit,89,2026-05-07T07:09:31.000Z,186.000,,127,,,,,,
2026-05-07,training,Postrun Exercises,After run regular stretching and Yoga becomes a habit now. But nice thing is I can feel all my muscle during these short sessions. Its like learning about your body.,2026-05-07_09-06-23_hk_1778137583.fit,90,2026-05-07T07:09:33.000Z,188.000,,127,,,,,,
2026-05-07,training,Postrun Exercises,After run regular stretching and Yoga becomes a habit now. But nice thing is I can feel all my muscle during these short sessions. Its like learning about your body.,2026-05-07_09-06-23_hk_1778137583.fit,91,2026-05-07T07:09:35.000Z,190.000,,136,,,,,,
2026-05-07,training,Postrun Exercises,After run regular stretching and Yoga becomes a habit now. But nice thing is I can feel all my muscle during these short sessions. Its like learning about your body.,2026-05-07_09-06-23_hk_1778137583.fit,92,2026-05-07T07:09:36.000Z,191.000,,136,,,,,,
2026-05-07,training,Postrun Exercises,After run regular stretching and Yoga becomes a habit now. But nice thing is I can feel all my muscle during these short sessions. Its like learning about your body.,2026-05-07_09-06-23_hk_1778137583.fit,93,2026-05-07T07:09:37.000Z,192.000,,135,,,,,,
2026-05-07,training,Postrun Exercises,After run regular stretching and Yoga becomes a habit now. But nice thing is I can feel all my muscle during these short sessions. Its like learning about your body.,2026-05-07_09-06-23_hk_1778137583.fit,94,2026-05-07T07:09:38.000Z,193.000,,135,,,,,,
2026-05-07,training,Postrun Exercises,After run regular stretching and Yoga becomes a habit now. But nice thing is I can feel all my muscle during these short sessions. Its like learning about your body.,2026-05-07_09-06-23_hk_1778137583.fit,95,2026-05-07T07:09:41.000Z,196.000,,135,,,,,,
2026-05-07,training,Postrun Exercises,After run regular stretching and Yoga becomes a habit now. But nice thing is I can feel all my muscle during these short sessions. Its like learning about your body.,2026-05-07_09-06-23_hk_1778137583.fit,96,2026-05-07T07:09:42.000Z,197.000,,135,,,,,,
2026-05-07,training,Postrun Exercises,After run regular stretching and Yoga becomes a habit now. But nice thing is I can feel all my muscle during these short sessions. Its like learning about your body.,2026-05-07_09-06-23_hk_1778137583.fit,97,2026-05-07T07:09:43.000Z,198.000,,135,,,,,,
2026-05-07,training,Postrun Exercises,After run regular stretching and Yoga becomes a habit now. But nice thing is I can feel all my muscle during these short sessions. Its like learning about your body.,2026-05-07_09-06-23_hk_1778137583.fit,98,2026-05-07T07:09:46.000Z,201.000,,135,,,,,,
2026-05-07,training,Postrun Exercises,After run regular stretching and Yoga becomes a habit now. But nice thing is I can feel all my muscle during these short sessions. Its like learning about your body.,2026-05-07_09-06-23_hk_1778137583.fit,99,2026-05-07T07:09:49.000Z,204.000,,135,,,,,,
2026-05-07,training,Postrun Exercises,After run regular stretching and Yoga becomes a habit now. But nice thing is I can feel all my muscle during these short sessions. Its like learning about your body.,2026-05-07_09-06-23_hk_1778137583.fit,100,2026-05-07T07:09:50.000Z,205.000,,136,,,,,,
2026-05-07,training,Postrun Exercises,After run regular stretching and Yoga becomes a habit now. But nice thing is I can feel all my muscle during these short sessions. Its like learning about your body.,2026-05-07_09-06-23_hk_1778137583.fit,101,2026-05-07T07:09:51.000Z,206.000,,136,,,,,,
2026-05-07,training,Postrun Exercises,After run regular stretching and Yoga becomes a habit now. But nice thing is I can feel all my muscle during these short sessions. Its like learning about your body.,2026-05-07_09-06-23_hk_1778137583.fit,102,2026-05-07T07:09:54.000Z,209.000,,136,,,,,,
2026-05-07,training,Postrun Exercises,After run regular stretching and Yoga becomes a habit now. But nice thing is I can feel all my muscle during these short sessions. Its like learning about your body.,2026-05-07_09-06-23_hk_1778137583.fit,103,2026-05-07T07:09:55.000Z,210.000,,136,,,,,,
2026-05-07,training,Postrun Exercises,After run regular stretching and Yoga becomes a habit now. But nice thing is I can feel all my muscle during these short sessions. Its like learning about your body.,2026-05-07_09-06-23_hk_1778137583.fit,104,2026-05-07T07:09:56.000Z,211.000,,136,,,,,,
2026-05-07,training,Postrun Exercises,After run regular stretching and Yoga becomes a habit now. But nice thing is I can feel all my muscle during these short sessions. Its like learning about your body.,2026-05-07_09-06-23_hk_1778137583.fit,105,2026-05-07T07:09:59.000Z,214.000,,136,,,,,,
2026-05-07,training,Postrun Exercises,After run regular stretching and Yoga becomes a habit now. But nice thing is I can feel all my muscle during these short sessions. Its like learning about your body.,2026-05-07_09-06-23_hk_1778137583.fit,106,2026-05-07T07:10:00.000Z,215.000,,132,,,,,,
2026-05-07,training,Postrun Exercises,After run regular stretching and Yoga becomes a habit now. But nice thing is I can feel all my muscle during these short sessions. Its like learning about your body.,2026-05-07_09-06-23_hk_1778137583.fit,107,2026-05-07T07:10:01.000Z,216.000,,131,,,,,,
2026-05-07,training,Postrun Exercises,After run regular stretching and Yoga becomes a habit now. But nice thing is I can feel all my muscle during these short sessions. Its like learning about your body.,2026-05-07_09-06-23_hk_1778137583.fit,108,2026-05-07T07:10:04.000Z,219.000,,131,,,,,,
2026-05-07,training,Postrun Exercises,After run regular stretching and Yoga becomes a habit now. But nice thing is I can feel all my muscle during these short sessions. Its like learning about your body.,2026-05-07_09-06-23_hk_1778137583.fit,109,2026-05-07T07:10:06.000Z,221.000,,131,,,,,,
2026-05-07,training,Postrun Exercises,After run regular stretching and Yoga becomes a habit now. But nice thing is I can feel all my muscle during these short sessions. Its like learning about your body.,2026-05-07_09-06-23_hk_1778137583.fit,110,2026-05-07T07:10:09.000Z,224.000,,131,,,,,,
2026-05-07,training,Postrun Exercises,After run regular stretching and Yoga becomes a habit now. But nice thing is I can feel all my muscle during these short sessions. Its like learning about your body.,2026-05-07_09-06-23_hk_1778137583.fit,111,2026-05-07T07:10:10.000Z,225.000,,125,,,,,,
2026-05-07,training,Postrun Exercises,After run regular stretching and Yoga becomes a habit now. But nice thing is I can feel all my muscle during these short sessions. Its like learning about your body.,2026-05-07_09-06-23_hk_1778137583.fit,112,2026-05-07T07:10:11.000Z,226.000,,125,,,,,,
2026-05-07,training,Postrun Exercises,After run regular stretching and Yoga becomes a habit now. But nice thing is I can feel all my muscle during these short sessions. Its like learning about your body.,2026-05-07_09-06-23_hk_1778137583.fit,113,2026-05-07T07:10:12.000Z,227.000,,125,,,,,,
2026-05-07,training,Postrun Exercises,After run regular stretching and Yoga becomes a habit now. But nice thing is I can feel all my muscle during these short sessions. Its like learning about your body.,2026-05-07_09-06-23_hk_1778137583.fit,114,2026-05-07T07:10:14.000Z,229.000,,125,,,,,,
2026-05-07,training,Postrun Exercises,After run regular stretching and Yoga becomes a habit now. But nice thing is I can feel all my muscle during these short sessions. Its like learning about your body.,2026-05-07_09-06-23_hk_1778137583.fit,115,2026-05-07T07:10:16.000Z,231.000,,128,,,,,,
2026-05-07,training,Postrun Exercises,After run regular stretching and Yoga becomes a habit now. But nice thing is I can feel all my muscle during these short sessions. Its like learning about your body.,2026-05-07_09-06-23_hk_1778137583.fit,116,2026-05-07T07:10:17.000Z,232.000,,128,,,,,,
2026-05-07,training,Postrun Exercises,After run regular stretching and Yoga becomes a habit now. But nice thing is I can feel all my muscle during these short sessions. Its like learning about your body.,2026-05-07_09-06-23_hk_1778137583.fit,117,2026-05-07T07:10:19.000Z,234.000,,128,,,,,,
2026-05-07,training,Postrun Exercises,After run regular stretching and Yoga becomes a habit now. But nice thing is I can feel all my muscle during these short sessions. Its like learning about your body.,2026-05-07_09-06-23_hk_1778137583.fit,118,2026-05-07T07:10:21.000Z,236.000,,127,,,,,,
2026-05-07,training,Postrun Exercises,After run regular stretching and Yoga becomes a habit now. But nice thing is I can feel all my muscle during these short sessions. Its like learning about your body.,2026-05-07_09-06-23_hk_1778137583.fit,119,2026-05-07T07:10:22.000Z,237.000,,127,,,,,,
2026-05-07,training,Postrun Exercises,After run regular stretching and Yoga becomes a habit now. But nice thing is I can feel all my muscle during these short sessions. Its like learning about your body.,2026-05-07_09-06-23_hk_1778137583.fit,120,2026-05-07T07:10:24.000Z,239.000,,127,,,,,,
2026-05-07,training,Postrun Exercises,After run regular stretching and Yoga becomes a habit now. But nice thing is I can feel all my muscle during these short sessions. Its like learning about your body.,2026-05-07_09-06-23_hk_1778137583.fit,121,2026-05-07T07:10:27.000Z,242.000,,127,,,,,,
2026-05-07,training,Postrun Exercises,After run regular stretching and Yoga becomes a habit now. But nice thing is I can feel all my muscle during these short sessions. Its like learning about your body.,2026-05-07_09-06-23_hk_1778137583.fit,122,2026-05-07T07:10:29.000Z,244.000,,127,,,,,,
2026-05-07,training,Postrun Exercises,After run regular stretching and Yoga becomes a habit now. But nice thing is I can feel all my muscle during these short sessions. Its like learning about your body.,2026-05-07_09-06-23_hk_1778137583.fit,123,2026-05-07T07:10:30.000Z,245.000,,130,,,,,,
2026-05-07,training,Postrun Exercises,After run regular stretching and Yoga becomes a habit now. But nice thing is I can feel all my muscle during these short sessions. Its like learning about your body.,2026-05-07_09-06-23_hk_1778137583.fit,124,2026-05-07T07:10:32.000Z,247.000,,130,,,,,,
2026-05-07,training,Postrun Exercises,After run regular stretching and Yoga becomes a habit now. But nice thing is I can feel all my muscle during these short sessions. Its like learning about your body.,2026-05-07_09-06-23_hk_1778137583.fit,125,2026-05-07T07:10:35.000Z,250.000,,130,,,,,,
2026-05-07,training,Postrun Exercises,After run regular stretching and Yoga becomes a habit now. But nice thing is I can feel all my muscle during these short sessions. Its like learning about your body.,2026-05-07_09-06-23_hk_1778137583.fit,126,2026-05-07T07:10:36.000Z,251.000,,129,,,,,,
2026-05-07,training,Postrun Exercises,After run regular stretching and Yoga becomes a habit now. But nice thing is I can feel all my muscle during these short sessions. Its like learning about your body.,2026-05-07_09-06-23_hk_1778137583.fit,127,2026-05-07T07:10:37.000Z,252.000,,129,,,,,,
2026-05-07,training,Postrun Exercises,After run regular stretching and Yoga becomes a habit now. But nice thing is I can feel all my muscle during these short sessions. Its like learning about your body.,2026-05-07_09-06-23_hk_1778137583.fit,128,2026-05-07T07:10:40.000Z,255.000,,129,,,,,,
2026-05-07,training,Postrun Exercises,After run regular stretching and Yoga becomes a habit now. But nice thing is I can feel all my muscle during these short sessions. Its like learning about your body.,2026-05-07_09-06-23_hk_1778137583.fit,129,2026-05-07T07:10:41.000Z,256.000,,128,,,,,,
2026-05-07,training,Postrun Exercises,After run regular stretching and Yoga becomes a habit now. But nice thing is I can feel all my muscle during these short sessions. Its like learning about your body.,2026-05-07_09-06-23_hk_1778137583.fit,130,2026-05-07T07:10:42.000Z,257.000,,128,,,,,,
2026-05-07,training,Postrun Exercises,After run regular stretching and Yoga becomes a habit now. But nice thing is I can feel all my muscle during these short sessions. Its like learning about your body.,2026-05-07_09-06-23_hk_1778137583.fit,131,2026-05-07T07:10:45.000Z,260.000,,128,,,,,,
2026-05-07,training,Postrun Exercises,After run regular stretching and Yoga becomes a habit now. But nice thing is I can feel all my muscle during these short sessions. Its like learning about your body.,2026-05-07_09-06-23_hk_1778137583.fit,132,2026-05-07T07:10:46.000Z,261.000,,129,,,,,,
2026-05-07,training,Postrun Exercises,After run regular stretching and Yoga becomes a habit now. But nice thing is I can feel all my muscle during these short sessions. Its like learning about your body.,2026-05-07_09-06-23_hk_1778137583.fit,133,2026-05-07T07:10:47.000Z,262.000,,129,,,,,,
2026-05-07,training,Postrun Exercises,After run regular stretching and Yoga becomes a habit now. But nice thing is I can feel all my muscle during these short sessions. Its like learning about your body.,2026-05-07_09-06-23_hk_1778137583.fit,134,2026-05-07T07:10:50.000Z,265.000,,129,,,,,,
2026-05-07,training,Postrun Exercises,After run regular stretching and Yoga becomes a habit now. But nice thing is I can feel all my muscle during these short sessions. Its like learning about your body.,2026-05-07_09-06-23_hk_1778137583.fit,135,2026-05-07T07:10:51.000Z,266.000,,131,,,,,,
2026-05-07,training,Postrun Exercises,After run regular stretching and Yoga becomes a habit now. But nice thing is I can feel all my muscle during these short sessions. Its like learning about your body.,2026-05-07_09-06-23_hk_1778137583.fit,136,2026-05-07T07:10:53.000Z,268.000,,131,,,,,,
2026-05-07,training,Postrun Exercises,After run regular stretching and Yoga becomes a habit now. But nice thing is I can feel all my muscle during these short sessions. Its like learning about your body.,2026-05-07_09-06-23_hk_1778137583.fit,137,2026-05-07T07:10:55.000Z,270.000,,131,,,,,,
2026-05-07,training,Postrun Exercises,After run regular stretching and Yoga becomes a habit now. But nice thing is I can feel all my muscle during these short sessions. Its like learning about your body.,2026-05-07_09-06-23_hk_1778137583.fit,138,2026-05-07T07:10:56.000Z,271.000,,132,,,,,,
2026-05-07,training,Postrun Exercises,After run regular stretching and Yoga becomes a habit now. But nice thing is I can feel all my muscle during these short sessions. Its like learning about your body.,2026-05-07_09-06-23_hk_1778137583.fit,139,2026-05-07T07:10:58.000Z,273.000,,132,,,,,,
2026-05-07,training,Postrun Exercises,After run regular stretching and Yoga becomes a habit now. But nice thing is I can feel all my muscle during these short sessions. Its like learning about your body.,2026-05-07_09-06-23_hk_1778137583.fit,140,2026-05-07T07:11:00.000Z,275.000,,132,,,,,,
2026-05-07,training,Postrun Exercises,After run regular stretching and Yoga becomes a habit now. But nice thing is I can feel all my muscle during these short sessions. Its like learning about your body.,2026-05-07_09-06-23_hk_1778137583.fit,141,2026-05-07T07:11:03.000Z,278.000,,132,,,,,,
2026-05-07,training,Postrun Exercises,After run regular stretching and Yoga becomes a habit now. But nice thing is I can feel all my muscle during these short sessions. Its like learning about your body.,2026-05-07_09-06-23_hk_1778137583.fit,142,2026-05-07T07:11:04.000Z,279.000,,132,,,,,,
2026-05-07,training,Postrun Exercises,After run regular stretching and Yoga becomes a habit now. But nice thing is I can feel all my muscle during these short sessions. Its like learning about your body.,2026-05-07_09-06-23_hk_1778137583.fit,143,2026-05-07T07:11:05.000Z,280.000,,132,,,,,,
2026-05-07,training,Postrun Exercises,After run regular stretching and Yoga becomes a habit now. But nice thing is I can feel all my muscle during these short sessions. Its like learning about your body.,2026-05-07_09-06-23_hk_1778137583.fit,144,2026-05-07T07:11:06.000Z,281.000,,134,,,,,,
2026-05-07,training,Postrun Exercises,After run regular stretching and Yoga becomes a habit now. But nice thing is I can feel all my muscle during these short sessions. Its like learning about your body.,2026-05-07_09-06-23_hk_1778137583.fit,145,2026-05-07T07:11:08.000Z,283.000,,134,,,,,,
2026-05-07,training,Postrun Exercises,After run regular stretching and Yoga becomes a habit now. But nice thing is I can feel all my muscle during these short sessions. Its like learning about your body.,2026-05-07_09-06-23_hk_1778137583.fit,146,2026-05-07T07:11:10.000Z,285.000,,134,,,,,,
2026-05-07,training,Postrun Exercises,After run regular stretching and Yoga becomes a habit now. But nice thing is I can feel all my muscle during these short sessions. Its like learning about your body.,2026-05-07_09-06-23_hk_1778137583.fit,147,2026-05-07T07:11:12.000Z,287.000,,145,,,,,,
2026-05-07,training,Postrun Exercises,After run regular stretching and Yoga becomes a habit now. But nice thing is I can feel all my muscle during these short sessions. Its like learning about your body.,2026-05-07_09-06-23_hk_1778137583.fit,148,2026-05-07T07:11:13.000Z,288.000,,145,,,,,,
2026-05-07,training,Postrun Exercises,After run regular stretching and Yoga becomes a habit now. But nice thing is I can feel all my muscle during these short sessions. Its like learning about your body.,2026-05-07_09-06-23_hk_1778137583.fit,149,2026-05-07T07:11:16.000Z,291.000,,145,,,,,,
2026-05-07,training,Postrun Exercises,After run regular stretching and Yoga becomes a habit now. But nice thing is I can feel all my muscle during these short sessions. Its like learning about your body.,2026-05-07_09-06-23_hk_1778137583.fit,150,2026-05-07T07:11:18.000Z,293.000,,145,,,,,,
2026-05-07,training,Postrun Exercises,After run regular stretching and Yoga becomes a habit now. But nice thing is I can feel all my muscle during these short sessions. Its like learning about your body.,2026-05-07_09-06-23_hk_1778137583.fit,151,2026-05-07T07:11:19.000Z,294.000,,146,,,,,,
2026-05-07,training,Postrun Exercises,After run regular stretching and Yoga becomes a habit now. But nice thing is I can feel all my muscle during these short sessions. Its like learning about your body.,2026-05-07_09-06-23_hk_1778137583.fit,152,2026-05-07T07:11:21.000Z,296.000,,146,,,,,,
2026-05-07,training,Postrun Exercises,After run regular stretching and Yoga becomes a habit now. But nice thing is I can feel all my muscle during these short sessions. Its like learning about your body.,2026-05-07_09-06-23_hk_1778137583.fit,153,2026-05-07T07:11:23.000Z,298.000,,146,,,,,,
2026-05-07,training,Postrun Exercises,After run regular stretching and Yoga becomes a habit now. But nice thing is I can feel all my muscle during these short sessions. Its like learning about your body.,2026-05-07_09-06-23_hk_1778137583.fit,154,2026-05-07T07:11:25.000Z,300.000,,144,,,,,,
2026-05-07,training,Postrun Exercises,After run regular stretching and Yoga becomes a habit now. But nice thing is I can feel all my muscle during these short sessions. Its like learning about your body.,2026-05-07_09-06-23_hk_1778137583.fit,155,2026-05-07T07:11:26.000Z,301.000,,144,,,,,,
2026-05-07,training,Postrun Exercises,After run regular stretching and Yoga becomes a habit now. But nice thing is I can feel all my muscle during these short sessions. Its like learning about your body.,2026-05-07_09-06-23_hk_1778137583.fit,156,2026-05-07T07:11:28.000Z,303.000,,144,,,,,,
2026-05-07,training,Postrun Exercises,After run regular stretching and Yoga becomes a habit now. But nice thing is I can feel all my muscle during these short sessions. Its like learning about your body.,2026-05-07_09-06-23_hk_1778137583.fit,157,2026-05-07T07:11:29.000Z,304.000,,144,,,,,,
2026-05-07,training,Postrun Exercises,After run regular stretching and Yoga becomes a habit now. But nice thing is I can feel all my muscle during these short sessions. Its like learning about your body.,2026-05-07_09-06-23_hk_1778137583.fit,158,2026-05-07T07:11:31.000Z,306.000,,140,,,,,,
2026-05-07,training,Postrun Exercises,After run regular stretching and Yoga becomes a habit now. But nice thing is I can feel all my muscle during these short sessions. Its like learning about your body.,2026-05-07_09-06-23_hk_1778137583.fit,159,2026-05-07T07:11:33.000Z,308.000,,140,,,,,,
2026-05-07,training,Postrun Exercises,After run regular stretching and Yoga becomes a habit now. But nice thing is I can feel all my muscle during these short sessions. Its like learning about your body.,2026-05-07_09-06-23_hk_1778137583.fit,160,2026-05-07T07:11:36.000Z,311.000,,140,,,,,,
2026-05-07,training,Postrun Exercises,After run regular stretching and Yoga becomes a habit now. But nice thing is I can feel all my muscle during these short sessions. Its like learning about your body.,2026-05-07_09-06-23_hk_1778137583.fit,161,2026-05-07T07:11:39.000Z,314.000,,140,,,,,,
2026-05-07,training,Postrun Exercises,After run regular stretching and Yoga becomes a habit now. But nice thing is I can feel all my muscle during these short sessions. Its like learning about your body.,2026-05-07_09-06-23_hk_1778137583.fit,162,2026-05-07T07:11:40.000Z,315.000,,138,,,,,,
2026-05-07,training,Postrun Exercises,After run regular stretching and Yoga becomes a habit now. But nice thing is I can feel all my muscle during these short sessions. Its like learning about your body.,2026-05-07_09-06-23_hk_1778137583.fit,163,2026-05-07T07:11:41.000Z,316.000,,138,,,,,,
2026-05-07,training,Postrun Exercises,After run regular stretching and Yoga becomes a habit now. But nice thing is I can feel all my muscle during these short sessions. Its like learning about your body.,2026-05-07_09-06-23_hk_1778137583.fit,164,2026-05-07T07:11:42.000Z,317.000,,138,,,,,,
2026-05-07,training,Postrun Exercises,After run regular stretching and Yoga becomes a habit now. But nice thing is I can feel all my muscle during these short sessions. Its like learning about your body.,2026-05-07_09-06-23_hk_1778137583.fit,165,2026-05-07T07:11:44.000Z,319.000,,138,,,,,,
2026-05-07,training,Postrun Exercises,After run regular stretching and Yoga becomes a habit now. But nice thing is I can feel all my muscle during these short sessions. Its like learning about your body.,2026-05-07_09-06-23_hk_1778137583.fit,166,2026-05-07T07:11:46.000Z,321.000,,134,,,,,,
2026-05-07,training,Postrun Exercises,After run regular stretching and Yoga becomes a habit now. But nice thing is I can feel all my muscle during these short sessions. Its like learning about your body.,2026-05-07_09-06-23_hk_1778137583.fit,167,2026-05-07T07:11:49.000Z,324.000,,134,,,,,,
2026-05-07,training,Postrun Exercises,After run regular stretching and Yoga becomes a habit now. But nice thing is I can feel all my muscle during these short sessions. Its like learning about your body.,2026-05-07_09-06-23_hk_1778137583.fit,168,2026-05-07T07:11:51.000Z,326.000,,134,,,,,,
2026-05-07,training,Postrun Exercises,After run regular stretching and Yoga becomes a habit now. But nice thing is I can feel all my muscle during these short sessions. Its like learning about your body.,2026-05-07_09-06-23_hk_1778137583.fit,169,2026-05-07T07:11:52.000Z,327.000,,132,,,,,,
2026-05-07,training,Postrun Exercises,After run regular stretching and Yoga becomes a habit now. But nice thing is I can feel all my muscle during these short sessions. Its like learning about your body.,2026-05-07_09-06-23_hk_1778137583.fit,170,2026-05-07T07:11:54.000Z,329.000,,132,,,,,,
2026-05-07,training,Postrun Exercises,After run regular stretching and Yoga becomes a habit now. But nice thing is I can feel all my muscle during these short sessions. Its like learning about your body.,2026-05-07_09-06-23_hk_1778137583.fit,171,2026-05-07T07:11:56.000Z,331.000,,132,,,,,,
2026-05-07,training,Postrun Exercises,After run regular stretching and Yoga becomes a habit now. But nice thing is I can feel all my muscle during these short sessions. Its like learning about your body.,2026-05-07_09-06-23_hk_1778137583.fit,172,2026-05-07T07:11:58.000Z,333.000,,132,,,,,,
2026-05-07,training,Postrun Exercises,After run regular stretching and Yoga becomes a habit now. But nice thing is I can feel all my muscle during these short sessions. Its like learning about your body.,2026-05-07_09-06-23_hk_1778137583.fit,173,2026-05-07T07:11:59.000Z,334.000,,132,,,,,,
2026-05-07,training,Postrun Exercises,After run regular stretching and Yoga becomes a habit now. But nice thing is I can feel all my muscle during these short sessions. Its like learning about your body.,2026-05-07_09-06-23_hk_1778137583.fit,174,2026-05-07T07:12:02.000Z,337.000,,132,,,,,,
2026-05-07,training,Postrun Exercises,After run regular stretching and Yoga becomes a habit now. But nice thing is I can feel all my muscle during these short sessions. Its like learning about your body.,2026-05-07_09-06-23_hk_1778137583.fit,175,2026-05-07T07:12:04.000Z,339.000,,132,,,,,,
2026-05-07,training,Postrun Exercises,After run regular stretching and Yoga becomes a habit now. But nice thing is I can feel all my muscle during these short sessions. Its like learning about your body.,2026-05-07_09-06-23_hk_1778137583.fit,176,2026-05-07T07:12:05.000Z,340.000,,131,,,,,,
2026-05-07,training,Postrun Exercises,After run regular stretching and Yoga becomes a habit now. But nice thing is I can feel all my muscle during these short sessions. Its like learning about your body.,2026-05-07_09-06-23_hk_1778137583.fit,177,2026-05-07T07:12:07.000Z,342.000,,131,,,,,,
2026-05-07,training,Postrun Exercises,After run regular stretching and Yoga becomes a habit now. But nice thing is I can feel all my muscle during these short sessions. Its like learning about your body.,2026-05-07_09-06-23_hk_1778137583.fit,178,2026-05-07T07:12:09.000Z,344.000,,131,,,,,,
2026-05-07,training,Postrun Exercises,After run regular stretching and Yoga becomes a habit now. But nice thing is I can feel all my muscle during these short sessions. Its like learning about your body.,2026-05-07_09-06-23_hk_1778137583.fit,179,2026-05-07T07:12:10.000Z,345.000,,132,,,,,,
2026-05-07,training,Postrun Exercises,After run regular stretching and Yoga becomes a habit now. But nice thing is I can feel all my muscle during these short sessions. Its like learning about your body.,2026-05-07_09-06-23_hk_1778137583.fit,180,2026-05-07T07:12:12.000Z,347.000,,132,,,,,,
2026-05-07,training,Postrun Exercises,After run regular stretching and Yoga becomes a habit now. But nice thing is I can feel all my muscle during these short sessions. Its like learning about your body.,2026-05-07_09-06-23_hk_1778137583.fit,181,2026-05-07T07:12:14.000Z,349.000,,132,,,,,,
2026-05-07,training,Postrun Exercises,After run regular stretching and Yoga becomes a habit now. But nice thing is I can feel all my muscle during these short sessions. Its like learning about your body.,2026-05-07_09-06-23_hk_1778137583.fit,182,2026-05-07T07:12:15.000Z,350.000,,130,,,,,,
2026-05-07,training,Postrun Exercises,After run regular stretching and Yoga becomes a habit now. But nice thing is I can feel all my muscle during these short sessions. Its like learning about your body.,2026-05-07_09-06-23_hk_1778137583.fit,183,2026-05-07T07:12:17.000Z,352.000,,130,,,,,,
2026-05-07,training,Postrun Exercises,After run regular stretching and Yoga becomes a habit now. But nice thing is I can feel all my muscle during these short sessions. Its like learning about your body.,2026-05-07_09-06-23_hk_1778137583.fit,184,2026-05-07T07:12:20.000Z,355.000,,130,,,,,,
2026-05-07,training,Postrun Exercises,After run regular stretching and Yoga becomes a habit now. But nice thing is I can feel all my muscle during these short sessions. Its like learning about your body.,2026-05-07_09-06-23_hk_1778137583.fit,185,2026-05-07T07:12:21.000Z,356.000,,130,,,,,,
2026-05-07,training,Postrun Exercises,After run regular stretching and Yoga becomes a habit now. But nice thing is I can feel all my muscle during these short sessions. Its like learning about your body.,2026-05-07_09-06-23_hk_1778137583.fit,186,2026-05-07T07:12:22.000Z,357.000,,130,,,,,,
2026-05-07,training,Postrun Exercises,After run regular stretching and Yoga becomes a habit now. But nice thing is I can feel all my muscle during these short sessions. Its like learning about your body.,2026-05-07_09-06-23_hk_1778137583.fit,187,2026-05-07T07:12:25.000Z,360.000,,130,,,,,,
2026-05-07,training,Postrun Exercises,After run regular stretching and Yoga becomes a habit now. But nice thing is I can feel all my muscle during these short sessions. Its like learning about your body.,2026-05-07_09-06-23_hk_1778137583.fit,188,2026-05-07T07:12:26.000Z,361.000,,129,,,,,,
2026-05-07,training,Postrun Exercises,After run regular stretching and Yoga becomes a habit now. But nice thing is I can feel all my muscle during these short sessions. Its like learning about your body.,2026-05-07_09-06-23_hk_1778137583.fit,189,2026-05-07T07:12:27.000Z,362.000,,129,,,,,,
2026-05-07,training,Postrun Exercises,After run regular stretching and Yoga becomes a habit now. But nice thing is I can feel all my muscle during these short sessions. Its like learning about your body.,2026-05-07_09-06-23_hk_1778137583.fit,190,2026-05-07T07:12:30.000Z,365.000,,129,,,,,,
2026-05-07,training,Postrun Exercises,After run regular stretching and Yoga becomes a habit now. But nice thing is I can feel all my muscle during these short sessions. Its like learning about your body.,2026-05-07_09-06-23_hk_1778137583.fit,191,2026-05-07T07:12:31.000Z,366.000,,132,,,,,,
2026-05-07,training,Postrun Exercises,After run regular stretching and Yoga becomes a habit now. But nice thing is I can feel all my muscle during these short sessions. Its like learning about your body.,2026-05-07_09-06-23_hk_1778137583.fit,192,2026-05-07T07:12:32.000Z,367.000,,132,,,,,,
2026-05-07,training,Postrun Exercises,After run regular stretching and Yoga becomes a habit now. But nice thing is I can feel all my muscle during these short sessions. Its like learning about your body.,2026-05-07_09-06-23_hk_1778137583.fit,193,2026-05-07T07:12:35.000Z,370.000,,132,,,,,,
2026-05-07,training,Postrun Exercises,After run regular stretching and Yoga becomes a habit now. But nice thing is I can feel all my muscle during these short sessions. Its like learning about your body.,2026-05-07_09-06-23_hk_1778137583.fit,194,2026-05-07T07:12:37.000Z,372.000,,133,,,,,,
2026-05-07,training,Postrun Exercises,After run regular stretching and Yoga becomes a habit now. But nice thing is I can feel all my muscle during these short sessions. Its like learning about your body.,2026-05-07_09-06-23_hk_1778137583.fit,195,2026-05-07T07:12:40.000Z,375.000,,133,,,,,,
2026-05-07,training,Postrun Exercises,After run regular stretching and Yoga becomes a habit now. But nice thing is I can feel all my muscle during these short sessions. Its like learning about your body.,2026-05-07_09-06-23_hk_1778137583.fit,196,2026-05-07T07:12:43.000Z,378.000,,133,,,,,,
2026-05-07,training,Postrun Exercises,After run regular stretching and Yoga becomes a habit now. But nice thing is I can feel all my muscle during these short sessions. Its like learning about your body.,2026-05-07_09-06-23_hk_1778137583.fit,197,2026-05-07T07:12:44.000Z,379.000,,134,,,,,,
2026-05-07,training,Postrun Exercises,After run regular stretching and Yoga becomes a habit now. But nice thing is I can feel all my muscle during these short sessions. Its like learning about your body.,2026-05-07_09-06-23_hk_1778137583.fit,198,2026-05-07T07:12:45.000Z,380.000,,134,,,,,,
2026-05-07,training,Postrun Exercises,After run regular stretching and Yoga becomes a habit now. But nice thing is I can feel all my muscle during these short sessions. Its like learning about your body.,2026-05-07_09-06-23_hk_1778137583.fit,199,2026-05-07T07:12:48.000Z,383.000,,134,,,,,,
2026-05-07,training,Postrun Exercises,After run regular stretching and Yoga becomes a habit now. But nice thing is I can feel all my muscle during these short sessions. Its like learning about your body.,2026-05-07_09-06-23_hk_1778137583.fit,200,2026-05-07T07:12:50.000Z,385.000,,129,,,,,,
2026-05-07,training,Postrun Exercises,After run regular stretching and Yoga becomes a habit now. But nice thing is I can feel all my muscle during these short sessions. Its like learning about your body.,2026-05-07_09-06-23_hk_1778137583.fit,201,2026-05-07T07:12:53.000Z,388.000,,129,,,,,,
2026-05-07,training,Postrun Exercises,After run regular stretching and Yoga becomes a habit now. But nice thing is I can feel all my muscle during these short sessions. Its like learning about your body.,2026-05-07_09-06-23_hk_1778137583.fit,202,2026-05-07T07:12:55.000Z,390.000,,127,,,,,,
2026-05-07,training,Postrun Exercises,After run regular stretching and Yoga becomes a habit now. But nice thing is I can feel all my muscle during these short sessions. Its like learning about your body.,2026-05-07_09-06-23_hk_1778137583.fit,203,2026-05-07T07:12:56.000Z,391.000,,127,,,,,,
2026-05-07,training,Postrun Exercises,After run regular stretching and Yoga becomes a habit now. But nice thing is I can feel all my muscle during these short sessions. Its like learning about your body.,2026-05-07_09-06-23_hk_1778137583.fit,204,2026-05-07T07:12:58.000Z,393.000,,127,,,,,,
2026-05-07,training,Postrun Exercises,After run regular stretching and Yoga becomes a habit now. But nice thing is I can feel all my muscle during these short sessions. Its like learning about your body.,2026-05-07_09-06-23_hk_1778137583.fit,205,2026-05-07T07:13:00.000Z,395.000,,127,,,,,,
2026-05-07,training,Postrun Exercises,After run regular stretching and Yoga becomes a habit now. But nice thing is I can feel all my muscle during these short sessions. Its like learning about your body.,2026-05-07_09-06-23_hk_1778137583.fit,206,2026-05-07T07:13:03.000Z,398.000,,127,,,,,,
2026-05-07,training,Postrun Exercises,After run regular stretching and Yoga becomes a habit now. But nice thing is I can feel all my muscle during these short sessions. Its like learning about your body.,2026-05-07_09-06-23_hk_1778137583.fit,207,2026-05-07T07:13:04.000Z,399.000,,126,,,,,,
2026-05-07,training,Postrun Exercises,After run regular stretching and Yoga becomes a habit now. But nice thing is I can feel all my muscle during these short sessions. Its like learning about your body.,2026-05-07_09-06-23_hk_1778137583.fit,208,2026-05-07T07:13:06.000Z,401.000,,129,,,,,,
2026-05-07,training,Postrun Exercises,After run regular stretching and Yoga becomes a habit now. But nice thing is I can feel all my muscle during these short sessions. Its like learning about your body.,2026-05-07_09-06-23_hk_1778137583.fit,209,2026-05-07T07:13:08.000Z,403.000,,129,,,,,,
2026-05-07,training,Postrun Exercises,After run regular stretching and Yoga becomes a habit now. But nice thing is I can feel all my muscle during these short sessions. Its like learning about your body.,2026-05-07_09-06-23_hk_1778137583.fit,210,2026-05-07T07:13:11.000Z,406.000,,131,,,,,,
2026-05-07,training,Postrun Exercises,After run regular stretching and Yoga becomes a habit now. But nice thing is I can feel all my muscle during these short sessions. Its like learning about your body.,2026-05-07_09-06-23_hk_1778137583.fit,211,2026-05-07T07:13:13.000Z,408.000,,131,,,,,,
2026-05-07,training,Postrun Exercises,After run regular stretching and Yoga becomes a habit now. But nice thing is I can feel all my muscle during these short sessions. Its like learning about your body.,2026-05-07_09-06-23_hk_1778137583.fit,212,2026-05-07T07:13:16.000Z,411.000,,131,,,,,,
2026-05-07,training,Postrun Exercises,After run regular stretching and Yoga becomes a habit now. But nice thing is I can feel all my muscle during these short sessions. Its like learning about your body.,2026-05-07_09-06-23_hk_1778137583.fit,213,2026-05-07T07:13:18.000Z,413.000,,131,,,,,,
2026-05-07,training,Postrun Exercises,After run regular stretching and Yoga becomes a habit now. But nice thing is I can feel all my muscle during these short sessions. Its like learning about your body.,2026-05-07_09-06-23_hk_1778137583.fit,214,2026-05-07T07:13:20.000Z,415.000,,129,,,,,,
2026-05-07,training,Postrun Exercises,After run regular stretching and Yoga becomes a habit now. But nice thing is I can feel all my muscle during these short sessions. Its like learning about your body.,2026-05-07_09-06-23_hk_1778137583.fit,215,2026-05-07T07:13:21.000Z,416.000,,129,,,,,,
2026-05-07,training,Postrun Exercises,After run regular stretching and Yoga becomes a habit now. But nice thing is I can feel all my muscle during these short sessions. Its like learning about your body.,2026-05-07_09-06-23_hk_1778137583.fit,216,2026-05-07T07:13:24.000Z,419.000,,129,,,,,,
2026-05-07,training,Postrun Exercises,After run regular stretching and Yoga becomes a habit now. But nice thing is I can feel all my muscle during these short sessions. Its like learning about your body.,2026-05-07_09-06-23_hk_1778137583.fit,217,2026-05-07T07:13:26.000Z,421.000,,129,,,,,,
2026-05-07,training,Postrun Exercises,After run regular stretching and Yoga becomes a habit now. But nice thing is I can feel all my muscle during these short sessions. Its like learning about your body.,2026-05-07_09-06-23_hk_1778137583.fit,218,2026-05-07T07:13:29.000Z,424.000,,129,,,,,,
2026-05-07,training,Postrun Exercises,After run regular stretching and Yoga becomes a habit now. But nice thing is I can feel all my muscle during these short sessions. Its like learning about your body.,2026-05-07_09-06-23_hk_1778137583.fit,219,2026-05-07T07:13:30.000Z,425.000,,127,,,,,,
2026-05-07,training,Postrun Exercises,After run regular stretching and Yoga becomes a habit now. But nice thing is I can feel all my muscle during these short sessions. Its like learning about your body.,2026-05-07_09-06-23_hk_1778137583.fit,220,2026-05-07T07:13:31.000Z,426.000,,127,,,,,,
2026-05-07,training,Postrun Exercises,After run regular stretching and Yoga becomes a habit now. But nice thing is I can feel all my muscle during these short sessions. Its like learning about your body.,2026-05-07_09-06-23_hk_1778137583.fit,221,2026-05-07T07:13:33.000Z,428.000,,131,,,,,,
2026-05-07,training,Postrun Exercises,After run regular stretching and Yoga becomes a habit now. But nice thing is I can feel all my muscle during these short sessions. Its like learning about your body.,2026-05-07_09-06-23_hk_1778137583.fit,222,2026-05-07T07:13:34.000Z,429.000,,131,,,,,,
2026-05-07,training,Postrun Exercises,After run regular stretching and Yoga becomes a habit now. But nice thing is I can feel all my muscle during these short sessions. Its like learning about your body.,2026-05-07_09-06-23_hk_1778137583.fit,223,2026-05-07T07:13:36.000Z,431.000,,131,,,,,,
2026-05-07,training,Postrun Exercises,After run regular stretching and Yoga becomes a habit now. But nice thing is I can feel all my muscle during these short sessions. Its like learning about your body.,2026-05-07_09-06-23_hk_1778137583.fit,224,2026-05-07T07:13:39.000Z,434.000,,130,,,,,,
2026-05-07,training,Postrun Exercises,After run regular stretching and Yoga becomes a habit now. But nice thing is I can feel all my muscle during these short sessions. Its like learning about your body.,2026-05-07_09-06-23_hk_1778137583.fit,225,2026-05-07T07:13:41.000Z,436.000,,130,,,,,,
2026-05-07,training,Postrun Exercises,After run regular stretching and Yoga becomes a habit now. But nice thing is I can feel all my muscle during these short sessions. Its like learning about your body.,2026-05-07_09-06-23_hk_1778137583.fit,226,2026-05-07T07:13:42.000Z,437.000,,128,,,,,,
2026-05-07,training,Postrun Exercises,After run regular stretching and Yoga becomes a habit now. But nice thing is I can feel all my muscle during these short sessions. Its like learning about your body.,2026-05-07_09-06-23_hk_1778137583.fit,227,2026-05-07T07:13:44.000Z,439.000,,128,,,,,,
2026-05-07,training,Postrun Exercises,After run regular stretching and Yoga becomes a habit now. But nice thing is I can feel all my muscle during these short sessions. Its like learning about your body.,2026-05-07_09-06-23_hk_1778137583.fit,228,2026-05-07T07:13:47.000Z,442.000,,128,,,,,,
2026-05-07,training,Postrun Exercises,After run regular stretching and Yoga becomes a habit now. But nice thing is I can feel all my muscle during these short sessions. Its like learning about your body.,2026-05-07_09-06-23_hk_1778137583.fit,229,2026-05-07T07:13:48.000Z,443.000,,129,,,,,,
2026-05-07,training,Postrun Exercises,After run regular stretching and Yoga becomes a habit now. But nice thing is I can feel all my muscle during these short sessions. Its like learning about your body.,2026-05-07_09-06-23_hk_1778137583.fit,230,2026-05-07T07:13:49.000Z,444.000,,129,,,,,,
2026-05-07,training,Postrun Exercises,After run regular stretching and Yoga becomes a habit now. But nice thing is I can feel all my muscle during these short sessions. Its like learning about your body.,2026-05-07_09-06-23_hk_1778137583.fit,231,2026-05-07T07:13:51.000Z,446.000,,130,,,,,,
2026-05-07,training,Postrun Exercises,After run regular stretching and Yoga becomes a habit now. But nice thing is I can feel all my muscle during these short sessions. Its like learning about your body.,2026-05-07_09-06-23_hk_1778137583.fit,232,2026-05-07T07:13:52.000Z,447.000,,130,,,,,,
2026-05-07,training,Postrun Exercises,After run regular stretching and Yoga becomes a habit now. But nice thing is I can feel all my muscle during these short sessions. Its like learning about your body.,2026-05-07_09-06-23_hk_1778137583.fit,233,2026-05-07T07:13:54.000Z,449.000,,130,,,,,,
2026-05-07,training,Postrun Exercises,After run regular stretching and Yoga becomes a habit now. But nice thing is I can feel all my muscle during these short sessions. Its like learning about your body.,2026-05-07_09-06-23_hk_1778137583.fit,234,2026-05-07T07:13:57.000Z,452.000,,130,,,,,,
2026-05-07,training,Postrun Exercises,After run regular stretching and Yoga becomes a habit now. But nice thing is I can feel all my muscle during these short sessions. Its like learning about your body.,2026-05-07_09-06-23_hk_1778137583.fit,235,2026-05-07T07:13:59.000Z,454.000,,130,,,,,,
2026-05-07,training,Postrun Exercises,After run regular stretching and Yoga becomes a habit now. But nice thing is I can feel all my muscle during these short sessions. Its like learning about your body.,2026-05-07_09-06-23_hk_1778137583.fit,236,2026-05-07T07:14:00.000Z,455.000,,128,,,,,,
2026-05-07,training,Postrun Exercises,After run regular stretching and Yoga becomes a habit now. But nice thing is I can feel all my muscle during these short sessions. Its like learning about your body.,2026-05-07_09-06-23_hk_1778137583.fit,237,2026-05-07T07:14:02.000Z,457.000,,128,,,,,,
2026-05-07,training,Postrun Exercises,After run regular stretching and Yoga becomes a habit now. But nice thing is I can feel all my muscle during these short sessions. Its like learning about your body.,2026-05-07_09-06-23_hk_1778137583.fit,238,2026-05-07T07:14:03.000Z,458.000,,126,,,,,,
2026-05-07,training,Postrun Exercises,After run regular stretching and Yoga becomes a habit now. But nice thing is I can feel all my muscle during these short sessions. Its like learning about your body.,2026-05-07_09-06-23_hk_1778137583.fit,239,2026-05-07T07:14:04.000Z,459.000,,126,,,,,,
2026-05-07,training,Postrun Exercises,After run regular stretching and Yoga becomes a habit now. But nice thing is I can feel all my muscle during these short sessions. Its like learning about your body.,2026-05-07_09-06-23_hk_1778137583.fit,240,2026-05-07T07:14:06.000Z,461.000,,127,,,,,,
2026-05-07,training,Postrun Exercises,After run regular stretching and Yoga becomes a habit now. But nice thing is I can feel all my muscle during these short sessions. Its like learning about your body.,2026-05-07_09-06-23_hk_1778137583.fit,241,2026-05-07T07:14:07.000Z,462.000,,127,,,,,,
2026-05-07,training,Postrun Exercises,After run regular stretching and Yoga becomes a habit now. But nice thing is I can feel all my muscle during these short sessions. Its like learning about your body.,2026-05-07_09-06-23_hk_1778137583.fit,242,2026-05-07T07:14:10.000Z,465.000,,127,,,,,,
2026-05-07,training,Postrun Exercises,After run regular stretching and Yoga becomes a habit now. But nice thing is I can feel all my muscle during these short sessions. Its like learning about your body.,2026-05-07_09-06-23_hk_1778137583.fit,243,2026-05-07T07:14:11.000Z,466.000,,126,,,,,,
2026-05-07,training,Postrun Exercises,After run regular stretching and Yoga becomes a habit now. But nice thing is I can feel all my muscle during these short sessions. Its like learning about your body.,2026-05-07_09-06-23_hk_1778137583.fit,244,2026-05-07T07:14:12.000Z,467.000,,126,,,,,,
2026-05-07,training,Postrun Exercises,After run regular stretching and Yoga becomes a habit now. But nice thing is I can feel all my muscle during these short sessions. Its like learning about your body.,2026-05-07_09-06-23_hk_1778137583.fit,245,2026-05-07T07:14:15.000Z,470.000,,126,,,,,,
2026-05-07,training,Postrun Exercises,After run regular stretching and Yoga becomes a habit now. But nice thing is I can feel all my muscle during these short sessions. Its like learning about your body.,2026-05-07_09-06-23_hk_1778137583.fit,246,2026-05-07T07:14:17.000Z,472.000,,128,,,,,,
2026-05-07,training,Postrun Exercises,After run regular stretching and Yoga becomes a habit now. But nice thing is I can feel all my muscle during these short sessions. Its like learning about your body.,2026-05-07_09-06-23_hk_1778137583.fit,247,2026-05-07T07:14:20.000Z,475.000,,128,,,,,,
2026-05-07,training,Postrun Exercises,After run regular stretching and Yoga becomes a habit now. But nice thing is I can feel all my muscle during these short sessions. Its like learning about your body.,2026-05-07_09-06-23_hk_1778137583.fit,248,2026-05-07T07:14:22.000Z,477.000,,129,,,,,,
2026-05-07,training,Postrun Exercises,After run regular stretching and Yoga becomes a habit now. But nice thing is I can feel all my muscle during these short sessions. Its like learning about your body.,2026-05-07_09-06-23_hk_1778137583.fit,249,2026-05-07T07:14:25.000Z,480.000,,129,,,,,,
2026-05-07,training,Postrun Exercises,After run regular stretching and Yoga becomes a habit now. But nice thing is I can feel all my muscle during these short sessions. Its like learning about your body.,2026-05-07_09-06-23_hk_1778137583.fit,250,2026-05-07T07:14:28.000Z,483.000,,129,,,,,,
2026-05-07,training,Postrun Exercises,After run regular stretching and Yoga becomes a habit now. But nice thing is I can feel all my muscle during these short sessions. Its like learning about your body.,2026-05-07_09-06-23_hk_1778137583.fit,251,2026-05-07T07:14:30.000Z,485.000,,127,,,,,,
2026-05-07,training,Postrun Exercises,After run regular stretching and Yoga becomes a habit now. But nice thing is I can feel all my muscle during these short sessions. Its like learning about your body.,2026-05-07_09-06-23_hk_1778137583.fit,252,2026-05-07T07:14:33.000Z,488.000,,127,,,,,,
2026-05-07,training,Postrun Exercises,After run regular stretching and Yoga becomes a habit now. But nice thing is I can feel all my muscle during these short sessions. Its like learning about your body.,2026-05-07_09-06-23_hk_1778137583.fit,253,2026-05-07T07:14:35.000Z,490.000,,125,,,,,,
2026-05-07,training,Postrun Exercises,After run regular stretching and Yoga becomes a habit now. But nice thing is I can feel all my muscle during these short sessions. Its like learning about your body.,2026-05-07_09-06-23_hk_1778137583.fit,254,2026-05-07T07:14:38.000Z,493.000,,125,,,,,,
2026-05-07,training,Postrun Exercises,After run regular stretching and Yoga becomes a habit now. But nice thing is I can feel all my muscle during these short sessions. Its like learning about your body.,2026-05-07_09-06-23_hk_1778137583.fit,255,2026-05-07T07:14:40.000Z,495.000,,122,,,,,,
2026-05-07,training,Postrun Exercises,After run regular stretching and Yoga becomes a habit now. But nice thing is I can feel all my muscle during these short sessions. Its like learning about your body.,2026-05-07_09-06-23_hk_1778137583.fit,256,2026-05-07T07:14:43.000Z,498.000,,122,,,,,,
2026-05-07,training,Postrun Exercises,After run regular stretching and Yoga becomes a habit now. But nice thing is I can feel all my muscle during these short sessions. Its like learning about your body.,2026-05-07_09-06-23_hk_1778137583.fit,257,2026-05-07T07:14:44.000Z,499.000,,116,,,,,,
2026-05-07,training,Postrun Exercises,After run regular stretching and Yoga becomes a habit now. But nice thing is I can feel all my muscle during these short sessions. Its like learning about your body.,2026-05-07_09-06-23_hk_1778137583.fit,258,2026-05-07T07:14:45.000Z,500.000,,116,,,,,,
2026-05-07,training,Postrun Exercises,After run regular stretching and Yoga becomes a habit now. But nice thing is I can feel all my muscle during these short sessions. Its like learning about your body.,2026-05-07_09-06-23_hk_1778137583.fit,259,2026-05-07T07:14:48.000Z,503.000,,113,,,,,,
2026-05-07,training,Postrun Exercises,After run regular stretching and Yoga becomes a habit now. But nice thing is I can feel all my muscle during these short sessions. Its like learning about your body.,2026-05-07_09-06-23_hk_1778137583.fit,260,2026-05-07T07:14:51.000Z,506.000,,115,,,,,,
2026-05-07,training,Postrun Exercises,After run regular stretching and Yoga becomes a habit now. But nice thing is I can feel all my muscle during these short sessions. Its like learning about your body.,2026-05-07_09-06-23_hk_1778137583.fit,261,2026-05-07T07:14:53.000Z,508.000,,115,,,,,,
2026-05-07,training,Postrun Exercises,After run regular stretching and Yoga becomes a habit now. But nice thing is I can feel all my muscle during these short sessions. Its like learning about your body.,2026-05-07_09-06-23_hk_1778137583.fit,262,2026-05-07T07:14:56.000Z,511.000,,115,,,,,,
2026-05-07,training,Postrun Exercises,After run regular stretching and Yoga becomes a habit now. But nice thing is I can feel all my muscle during these short sessions. Its like learning about your body.,2026-05-07_09-06-23_hk_1778137583.fit,263,2026-05-07T07:14:57.000Z,512.000,,117,,,,,,
2026-05-07,training,Postrun Exercises,After run regular stretching and Yoga becomes a habit now. But nice thing is I can feel all my muscle during these short sessions. Its like learning about your body.,2026-05-07_09-06-23_hk_1778137583.fit,264,2026-05-07T07:14:58.000Z,513.000,,117,,,,,,
2026-05-07,training,Postrun Exercises,After run regular stretching and Yoga becomes a habit now. But nice thing is I can feel all my muscle during these short sessions. Its like learning about your body.,2026-05-07_09-06-23_hk_1778137583.fit,265,2026-05-07T07:15:01.000Z,516.000,,117,,,,,,
2026-05-07,training,Postrun Exercises,After run regular stretching and Yoga becomes a habit now. But nice thing is I can feel all my muscle during these short sessions. Its like learning about your body.,2026-05-07_09-06-23_hk_1778137583.fit,266,2026-05-07T07:15:03.000Z,518.000,,116,,,,,,
2026-05-07,training,Postrun Exercises,After run regular stretching and Yoga becomes a habit now. But nice thing is I can feel all my muscle during these short sessions. Its like learning about your body.,2026-05-07_09-06-23_hk_1778137583.fit,267,2026-05-07T07:15:06.000Z,521.000,,116,,,,,,
2026-05-07,training,Postrun Exercises,After run regular stretching and Yoga becomes a habit now. But nice thing is I can feel all my muscle during these short sessions. Its like learning about your body.,2026-05-07_09-06-23_hk_1778137583.fit,268,2026-05-07T07:15:08.000Z,523.000,,113,,,,,,
2026-05-07,training,Postrun Exercises,After run regular stretching and Yoga becomes a habit now. But nice thing is I can feel all my muscle during these short sessions. Its like learning about your body.,2026-05-07_09-06-23_hk_1778137583.fit,269,2026-05-07T07:15:11.000Z,526.000,,113,,,,,,
2026-05-07,training,Postrun Exercises,After run regular stretching and Yoga becomes a habit now. But nice thing is I can feel all my muscle during these short sessions. Its like learning about your body.,2026-05-07_09-06-23_hk_1778137583.fit,270,2026-05-07T07:15:14.000Z,529.000,,113,,,,,,
2026-05-07,training,Postrun Exercises,After run regular stretching and Yoga becomes a habit now. But nice thing is I can feel all my muscle during these short sessions. Its like learning about your body.,2026-05-07_09-06-23_hk_1778137583.fit,271,2026-05-07T07:15:15.000Z,530.000,,113,,,,,,
2026-05-07,training,Postrun Exercises,After run regular stretching and Yoga becomes a habit now. But nice thing is I can feel all my muscle during these short sessions. Its like learning about your body.,2026-05-07_09-06-23_hk_1778137583.fit,272,2026-05-07T07:15:16.000Z,531.000,,114,,,,,,
2026-05-07,training,Postrun Exercises,After run regular stretching and Yoga becomes a habit now. But nice thing is I can feel all my muscle during these short sessions. Its like learning about your body.,2026-05-07_09-06-23_hk_1778137583.fit,273,2026-05-07T07:15:19.000Z,534.000,,114,,,,,,
2026-05-07,training,Postrun Exercises,After run regular stretching and Yoga becomes a habit now. But nice thing is I can feel all my muscle during these short sessions. Its like learning about your body.,2026-05-07_09-06-23_hk_1778137583.fit,274,2026-05-07T07:15:21.000Z,536.000,,114,,,,,,
2026-05-07,training,Postrun Exercises,After run regular stretching and Yoga becomes a habit now. But nice thing is I can feel all my muscle during these short sessions. Its like learning about your body.,2026-05-07_09-06-23_hk_1778137583.fit,275,2026-05-07T07:15:24.000Z,539.000,,114,,,,,,
2026-05-07,training,Postrun Exercises,After run regular stretching and Yoga becomes a habit now. But nice thing is I can feel all my muscle during these short sessions. Its like learning about your body.,2026-05-07_09-06-23_hk_1778137583.fit,276,2026-05-07T07:15:26.000Z,541.000,,114,,,,,,
2026-05-07,training,Postrun Exercises,After run regular stretching and Yoga becomes a habit now. But nice thing is I can feel all my muscle during these short sessions. Its like learning about your body.,2026-05-07_09-06-23_hk_1778137583.fit,277,2026-05-07T07:15:29.000Z,544.000,,114,,,,,,
2026-05-07,training,Postrun Exercises,After run regular stretching and Yoga becomes a habit now. But nice thing is I can feel all my muscle during these short sessions. Its like learning about your body.,2026-05-07_09-06-23_hk_1778137583.fit,278,2026-05-07T07:15:32.000Z,547.000,,114,,,,,,
2026-05-07,training,Postrun Exercises,After run regular stretching and Yoga becomes a habit now. But nice thing is I can feel all my muscle during these short sessions. Its like learning about your body.,2026-05-07_09-06-23_hk_1778137583.fit,279,2026-05-07T07:15:34.000Z,549.000,,114,,,,,,
2026-05-07,training,Postrun Exercises,After run regular stretching and Yoga becomes a habit now. But nice thing is I can feel all my muscle during these short sessions. Its like learning about your body.,2026-05-07_09-06-23_hk_1778137583.fit,280,2026-05-07T07:15:35.000Z,550.000,,120,,,,,,
2026-05-07,training,Postrun Exercises,After run regular stretching and Yoga becomes a habit now. But nice thing is I can feel all my muscle during these short sessions. Its like learning about your body.,2026-05-07_09-06-23_hk_1778137583.fit,281,2026-05-07T07:15:36.000Z,551.000,,120,,,,,,
2026-05-07,training,Postrun Exercises,After run regular stretching and Yoga becomes a habit now. But nice thing is I can feel all my muscle during these short sessions. Its like learning about your body.,2026-05-07_09-06-23_hk_1778137583.fit,282,2026-05-07T07:15:37.000Z,552.000,,120,,,,,,
2026-05-07,training,Postrun Exercises,After run regular stretching and Yoga becomes a habit now. But nice thing is I can feel all my muscle during these short sessions. Its like learning about your body.,2026-05-07_09-06-23_hk_1778137583.fit,283,2026-05-07T07:15:39.000Z,554.000,,120,,,,,,
2026-05-07,training,Postrun Exercises,After run regular stretching and Yoga becomes a habit now. But nice thing is I can feel all my muscle during these short sessions. Its like learning about your body.,2026-05-07_09-06-23_hk_1778137583.fit,284,2026-05-07T07:15:41.000Z,556.000,,121,,,,,,
2026-05-07,training,Postrun Exercises,After run regular stretching and Yoga becomes a habit now. But nice thing is I can feel all my muscle during these short sessions. Its like learning about your body.,2026-05-07_09-06-23_hk_1778137583.fit,285,2026-05-07T07:15:42.000Z,557.000,,121,,,,,,
2026-05-07,training,Postrun Exercises,After run regular stretching and Yoga becomes a habit now. But nice thing is I can feel all my muscle during these short sessions. Its like learning about your body.,2026-05-07_09-06-23_hk_1778137583.fit,286,2026-05-07T07:15:44.000Z,559.000,,121,,,,,,
2026-05-07,training,Postrun Exercises,After run regular stretching and Yoga becomes a habit now. But nice thing is I can feel all my muscle during these short sessions. Its like learning about your body.,2026-05-07_09-06-23_hk_1778137583.fit,287,2026-05-07T07:15:46.000Z,561.000,,122,,,,,,
2026-05-07,training,Postrun Exercises,After run regular stretching and Yoga becomes a habit now. But nice thing is I can feel all my muscle during these short sessions. Its like learning about your body.,2026-05-07_09-06-23_hk_1778137583.fit,288,2026-05-07T07:15:47.000Z,562.000,,122,,,,,,
2026-05-07,training,Postrun Exercises,After run regular stretching and Yoga becomes a habit now. But nice thing is I can feel all my muscle during these short sessions. Its like learning about your body.,2026-05-07_09-06-23_hk_1778137583.fit,289,2026-05-07T07:15:49.000Z,564.000,,122,,,,,,
2026-05-07,training,Postrun Exercises,After run regular stretching and Yoga becomes a habit now. But nice thing is I can feel all my muscle during these short sessions. Its like learning about your body.,2026-05-07_09-06-23_hk_1778137583.fit,290,2026-05-07T07:15:52.000Z,567.000,,122,,,,,,
2026-05-07,training,Postrun Exercises,After run regular stretching and Yoga becomes a habit now. But nice thing is I can feel all my muscle during these short sessions. Its like learning about your body.,2026-05-07_09-06-23_hk_1778137583.fit,291,2026-05-07T07:15:54.000Z,569.000,,121,,,,,,
2026-05-07,training,Postrun Exercises,After run regular stretching and Yoga becomes a habit now. But nice thing is I can feel all my muscle during these short sessions. Its like learning about your body.,2026-05-07_09-06-23_hk_1778137583.fit,292,2026-05-07T07:15:55.000Z,570.000,,121,,,,,,
2026-05-07,training,Postrun Exercises,After run regular stretching and Yoga becomes a habit now. But nice thing is I can feel all my muscle during these short sessions. Its like learning about your body.,2026-05-07_09-06-23_hk_1778137583.fit,293,2026-05-07T07:15:57.000Z,572.000,,120,,,,,,
2026-05-07,training,Postrun Exercises,After run regular stretching and Yoga becomes a habit now. But nice thing is I can feel all my muscle during these short sessions. Its like learning about your body.,2026-05-07_09-06-23_hk_1778137583.fit,294,2026-05-07T07:16:00.000Z,575.000,,120,,,,,,
2026-05-07,training,Postrun Exercises,After run regular stretching and Yoga becomes a habit now. But nice thing is I can feel all my muscle during these short sessions. Its like learning about your body.,2026-05-07_09-06-23_hk_1778137583.fit,295,2026-05-07T07:16:01.000Z,576.000,,123,,,,,,
2026-05-07,training,Postrun Exercises,After run regular stretching and Yoga becomes a habit now. But nice thing is I can feel all my muscle during these short sessions. Its like learning about your body.,2026-05-07_09-06-23_hk_1778137583.fit,296,2026-05-07T07:16:02.000Z,577.000,,123,,,,,,
2026-05-07,training,Postrun Exercises,After run regular stretching and Yoga becomes a habit now. But nice thing is I can feel all my muscle during these short sessions. Its like learning about your body.,2026-05-07_09-06-23_hk_1778137583.fit,297,2026-05-07T07:16:05.000Z,580.000,,123,,,,,,
2026-05-07,training,Postrun Exercises,After run regular stretching and Yoga becomes a habit now. But nice thing is I can feel all my muscle during these short sessions. Its like learning about your body.,2026-05-07_09-06-23_hk_1778137583.fit,298,2026-05-07T07:16:06.000Z,581.000,,128,,,,,,
2026-05-07,training,Postrun Exercises,After run regular stretching and Yoga becomes a habit now. But nice thing is I can feel all my muscle during these short sessions. Its like learning about your body.,2026-05-07_09-06-23_hk_1778137583.fit,299,2026-05-07T07:16:07.000Z,582.000,,128,,,,,,
2026-05-07,training,Postrun Exercises,After run regular stretching and Yoga becomes a habit now. But nice thing is I can feel all my muscle during these short sessions. Its like learning about your body.,2026-05-07_09-06-23_hk_1778137583.fit,300,2026-05-07T07:16:10.000Z,585.000,,128,,,,,,
2026-05-07,training,Postrun Exercises,After run regular stretching and Yoga becomes a habit now. But nice thing is I can feel all my muscle during these short sessions. Its like learning about your body.,2026-05-07_09-06-23_hk_1778137583.fit,301,2026-05-07T07:16:12.000Z,587.000,,128,,,,,,
2026-05-07,training,Postrun Exercises,After run regular stretching and Yoga becomes a habit now. But nice thing is I can feel all my muscle during these short sessions. Its like learning about your body.,2026-05-07_09-06-23_hk_1778137583.fit,302,2026-05-07T07:16:15.000Z,590.000,,120,,,,,,
2026-05-07,training,Postrun Exercises,After run regular stretching and Yoga becomes a habit now. But nice thing is I can feel all my muscle during these short sessions. Its like learning about your body.,2026-05-07_09-06-23_hk_1778137583.fit,303,2026-05-07T07:16:18.000Z,593.000,,120,,,,,,
2026-05-07,training,Postrun Exercises,After run regular stretching and Yoga becomes a habit now. But nice thing is I can feel all my muscle during these short sessions. Its like learning about your body.,2026-05-07_09-06-23_hk_1778137583.fit,304,2026-05-07T07:16:20.000Z,595.000,,112,,,,,,
2026-05-07,training,Postrun Exercises,After run regular stretching and Yoga becomes a habit now. But nice thing is I can feel all my muscle during these short sessions. Its like learning about your body.,2026-05-07_09-06-23_hk_1778137583.fit,305,2026-05-07T07:16:23.000Z,598.000,,112,,,,,,
2026-05-07,training,Postrun Exercises,After run regular stretching and Yoga becomes a habit now. But nice thing is I can feel all my muscle during these short sessions. Its like learning about your body.,2026-05-07_09-06-23_hk_1778137583.fit,306,2026-05-07T07:16:25.000Z,600.000,,105,,,,,,
2026-05-07,training,Postrun Exercises,After run regular stretching and Yoga becomes a habit now. But nice thing is I can feel all my muscle during these short sessions. Its like learning about your body.,2026-05-07_09-06-23_hk_1778137583.fit,307,2026-05-07T07:16:27.000Z,602.000,,105,,,,,,
2026-05-07,training,Postrun Exercises,After run regular stretching and Yoga becomes a habit now. But nice thing is I can feel all my muscle during these short sessions. Its like learning about your body.,2026-05-07_09-06-23_hk_1778137583.fit,308,2026-05-07T07:16:28.000Z,603.000,,105,,,,,,
2026-05-07,training,Postrun Exercises,After run regular stretching and Yoga becomes a habit now. But nice thing is I can feel all my muscle during these short sessions. Its like learning about your body.,2026-05-07_09-06-23_hk_1778137583.fit,309,2026-05-07T07:16:30.000Z,605.000,,105,,,,,,
2026-05-07,training,Postrun Exercises,After run regular stretching and Yoga becomes a habit now. But nice thing is I can feel all my muscle during these short sessions. Its like learning about your body.,2026-05-07_09-06-23_hk_1778137583.fit,310,2026-05-07T07:16:33.000Z,608.000,,105,,,,,,
2026-05-07,training,Postrun Exercises,After run regular stretching and Yoga becomes a habit now. But nice thing is I can feel all my muscle during these short sessions. Its like learning about your body.,2026-05-07_09-06-23_hk_1778137583.fit,311,2026-05-07T07:16:35.000Z,610.000,,106,,,,,,
2026-05-07,training,Postrun Exercises,After run regular stretching and Yoga becomes a habit now. But nice thing is I can feel all my muscle during these short sessions. Its like learning about your body.,2026-05-07_09-06-23_hk_1778137583.fit,312,2026-05-07T07:16:36.000Z,611.000,,106,,,,,,
2026-05-07,training,Postrun Exercises,After run regular stretching and Yoga becomes a habit now. But nice thing is I can feel all my muscle during these short sessions. Its like learning about your body.,2026-05-07_09-06-23_hk_1778137583.fit,313,2026-05-07T07:16:38.000Z,613.000,,106,,,,,,
2026-05-07,training,Postrun Exercises,After run regular stretching and Yoga becomes a habit now. But nice thing is I can feel all my muscle during these short sessions. Its like learning about your body.,2026-05-07_09-06-23_hk_1778137583.fit,314,2026-05-07T07:16:40.000Z,615.000,,102,,,,,,
2026-05-07,training,Postrun Exercises,After run regular stretching and Yoga becomes a habit now. But nice thing is I can feel all my muscle during these short sessions. Its like learning about your body.,2026-05-07_09-06-23_hk_1778137583.fit,315,2026-05-07T07:16:41.000Z,616.000,,102,,,,,,
2026-05-07,training,Postrun Exercises,After run regular stretching and Yoga becomes a habit now. But nice thing is I can feel all my muscle during these short sessions. Its like learning about your body.,2026-05-07_09-06-23_hk_1778137583.fit,316,2026-05-07T07:16:42.000Z,617.000,,102,,,,,,
2026-05-07,training,Postrun Exercises,After run regular stretching and Yoga becomes a habit now. But nice thing is I can feel all my muscle during these short sessions. Its like learning about your body.,2026-05-07_09-06-23_hk_1778137583.fit,317,2026-05-07T07:16:43.000Z,618.000,,102,,,,,,
2026-05-07,training,Postrun Exercises,After run regular stretching and Yoga becomes a habit now. But nice thing is I can feel all my muscle during these short sessions. Its like learning about your body.,2026-05-07_09-06-23_hk_1778137583.fit,318,2026-05-07T07:16:46.000Z,621.000,,102,,,,,,
2026-05-07,training,Postrun Exercises,After run regular stretching and Yoga becomes a habit now. But nice thing is I can feel all my muscle during these short sessions. Its like learning about your body.,2026-05-07_09-06-23_hk_1778137583.fit,319,2026-05-07T07:16:48.000Z,623.000,,105,,,,,,
2026-05-07,training,Postrun Exercises,After run regular stretching and Yoga becomes a habit now. But nice thing is I can feel all my muscle during these short sessions. Its like learning about your body.,2026-05-07_09-06-23_hk_1778137583.fit,320,2026-05-07T07:16:51.000Z,626.000,,105,,,,,,
2026-05-07,training,Postrun Exercises,After run regular stretching and Yoga becomes a habit now. But nice thing is I can feel all my muscle during these short sessions. Its like learning about your body.,2026-05-07_09-06-23_hk_1778137583.fit,321,2026-05-07T07:16:53.000Z,628.000,,105,,,,,,
2026-05-07,training,Postrun Exercises,After run regular stretching and Yoga becomes a habit now. But nice thing is I can feel all my muscle during these short sessions. Its like learning about your body.,2026-05-07_09-06-23_hk_1778137583.fit,322,2026-05-07T07:16:54.000Z,629.000,,102,,,,,,
2026-05-07,training,Postrun Exercises,After run regular stretching and Yoga becomes a habit now. But nice thing is I can feel all my muscle during these short sessions. Its like learning about your body.,2026-05-07_09-06-23_hk_1778137583.fit,323,2026-05-07T07:16:56.000Z,631.000,,102,,,,,,
2026-05-07,training,Postrun Exercises,After run regular stretching and Yoga becomes a habit now. But nice thing is I can feel all my muscle during these short sessions. Its like learning about your body.,2026-05-07_09-06-23_hk_1778137583.fit,324,2026-05-07T07:16:59.000Z,634.000,,102,,,,,,
2026-05-07,training,Postrun Exercises,After run regular stretching and Yoga becomes a habit now. But nice thing is I can feel all my muscle during these short sessions. Its like learning about your body.,2026-05-07_09-06-23_hk_1778137583.fit,325,2026-05-07T07:17:01.000Z,636.000,,102,,,,,,
2026-05-07,training,Postrun Exercises,After run regular stretching and Yoga becomes a habit now. But nice thing is I can feel all my muscle during these short sessions. Its like learning about your body.,2026-05-07_09-06-23_hk_1778137583.fit,326,2026-05-07T07:17:04.000Z,639.000,,102,,,,,,
2026-05-07,training,Postrun Exercises,After run regular stretching and Yoga becomes a habit now. But nice thing is I can feel all my muscle during these short sessions. Its like learning about your body.,2026-05-07_09-06-23_hk_1778137583.fit,327,2026-05-07T07:17:05.000Z,640.000,,107,,,,,,
2026-05-07,training,Postrun Exercises,After run regular stretching and Yoga becomes a habit now. But nice thing is I can feel all my muscle during these short sessions. Its like learning about your body.,2026-05-07_09-06-23_hk_1778137583.fit,328,2026-05-07T07:17:06.000Z,641.000,,107,,,,,,
2026-05-07,training,Postrun Exercises,After run regular stretching and Yoga becomes a habit now. But nice thing is I can feel all my muscle during these short sessions. Its like learning about your body.,2026-05-07_09-06-23_hk_1778137583.fit,329,2026-05-07T07:17:09.000Z,644.000,,107,,,,,,
2026-05-07,training,Postrun Exercises,After run regular stretching and Yoga becomes a habit now. But nice thing is I can feel all my muscle during these short sessions. Its like learning about your body.,2026-05-07_09-06-23_hk_1778137583.fit,330,2026-05-07T07:17:10.000Z,645.000,,107,,,,,,
2026-05-07,training,Postrun Exercises,After run regular stretching and Yoga becomes a habit now. But nice thing is I can feel all my muscle during these short sessions. Its like learning about your body.,2026-05-07_09-06-23_hk_1778137583.fit,331,2026-05-07T07:17:11.000Z,646.000,,107,,,,,,
2026-05-07,training,Postrun Exercises,After run regular stretching and Yoga becomes a habit now. But nice thing is I can feel all my muscle during these short sessions. Its like learning about your body.,2026-05-07_09-06-23_hk_1778137583.fit,332,2026-05-07T07:17:14.000Z,649.000,,107,,,,,,
2026-05-07,training,Postrun Exercises,After run regular stretching and Yoga becomes a habit now. But nice thing is I can feel all my muscle during these short sessions. Its like learning about your body.,2026-05-07_09-06-23_hk_1778137583.fit,333,2026-05-07T07:17:16.000Z,651.000,,107,,,,,,
2026-05-07,training,Postrun Exercises,After run regular stretching and Yoga becomes a habit now. But nice thing is I can feel all my muscle during these short sessions. Its like learning about your body.,2026-05-07_09-06-23_hk_1778137583.fit,334,2026-05-07T07:17:19.000Z,654.000,,107,,,,,,
2026-05-07,training,Postrun Exercises,After run regular stretching and Yoga becomes a habit now. But nice thing is I can feel all my muscle during these short sessions. Its like learning about your body.,2026-05-07_09-06-23_hk_1778137583.fit,335,2026-05-07T07:17:20.000Z,655.000,,103,,,,,,
2026-05-07,training,Postrun Exercises,After run regular stretching and Yoga becomes a habit now. But nice thing is I can feel all my muscle during these short sessions. Its like learning about your body.,2026-05-07_09-06-23_hk_1778137583.fit,336,2026-05-07T07:17:22.000Z,657.000,,103,,,,,,
2026-05-07,training,Postrun Exercises,After run regular stretching and Yoga becomes a habit now. But nice thing is I can feel all my muscle during these short sessions. Its like learning about your body.,2026-05-07_09-06-23_hk_1778137583.fit,337,2026-05-07T07:17:24.000Z,659.000,,103,,,,,,
2026-05-07,training,Postrun Exercises,After run regular stretching and Yoga becomes a habit now. But nice thing is I can feel all my muscle during these short sessions. Its like learning about your body.,2026-05-07_09-06-23_hk_1778137583.fit,338,2026-05-07T07:17:25.000Z,660.000,,103,,,,,,
2026-05-07,training,Postrun Exercises,After run regular stretching and Yoga becomes a habit now. But nice thing is I can feel all my muscle during these short sessions. Its like learning about your body.,2026-05-07_09-06-23_hk_1778137583.fit,339,2026-05-07T07:17:27.000Z,662.000,,103,,,,,,
2026-05-07,training,Postrun Exercises,After run regular stretching and Yoga becomes a habit now. But nice thing is I can feel all my muscle during these short sessions. Its like learning about your body.,2026-05-07_09-06-23_hk_1778137583.fit,340,2026-05-07T07:17:29.000Z,664.000,,103,,,,,,
2026-05-07,training,Postrun Exercises,After run regular stretching and Yoga becomes a habit now. But nice thing is I can feel all my muscle during these short sessions. Its like learning about your body.,2026-05-07_09-06-23_hk_1778137583.fit,341,2026-05-07T07:17:30.000Z,665.000,,104,,,,,,
2026-05-07,training,Postrun Exercises,After run regular stretching and Yoga becomes a habit now. But nice thing is I can feel all my muscle during these short sessions. Its like learning about your body.,2026-05-07_09-06-23_hk_1778137583.fit,342,2026-05-07T07:17:32.000Z,667.000,,104,,,,,,
2026-05-07,training,Postrun Exercises,After run regular stretching and Yoga becomes a habit now. But nice thing is I can feel all my muscle during these short sessions. Its like learning about your body.,2026-05-07_09-06-23_hk_1778137583.fit,343,2026-05-07T07:17:34.000Z,669.000,,104,,,,,,
2026-05-07,training,Postrun Exercises,After run regular stretching and Yoga becomes a habit now. But nice thing is I can feel all my muscle during these short sessions. Its like learning about your body.,2026-05-07_09-06-23_hk_1778137583.fit,344,2026-05-07T07:17:37.000Z,672.000,,104,,,,,,
2026-05-07,training,Postrun Exercises,After run regular stretching and Yoga becomes a habit now. But nice thing is I can feel all my muscle during these short sessions. Its like learning about your body.,2026-05-07_09-06-23_hk_1778137583.fit,345,2026-05-07T07:17:38.000Z,673.000,,107,,,,,,
2026-05-07,training,Postrun Exercises,After run regular stretching and Yoga becomes a habit now. But nice thing is I can feel all my muscle during these short sessions. Its like learning about your body.,2026-05-07_09-06-23_hk_1778137583.fit,346,2026-05-07T07:17:40.000Z,675.000,,107,,,,,,
2026-05-07,training,Postrun Exercises,After run regular stretching and Yoga becomes a habit now. But nice thing is I can feel all my muscle during these short sessions. Its like learning about your body.,2026-05-07_09-06-23_hk_1778137583.fit,347,2026-05-07T07:17:42.000Z,677.000,,107,,,,,,
2026-05-07,training,Postrun Exercises,After run regular stretching and Yoga becomes a habit now. But nice thing is I can feel all my muscle during these short sessions. Its like learning about your body.,2026-05-07_09-06-23_hk_1778137583.fit,348,2026-05-07T07:17:45.000Z,680.000,,104,,,,,,
2026-05-07,training,Postrun Exercises,After run regular stretching and Yoga becomes a habit now. But nice thing is I can feel all my muscle during these short sessions. Its like learning about your body.,2026-05-07_09-06-23_hk_1778137583.fit,349,2026-05-07T07:17:47.000Z,682.000,,104,,,,,,
2026-05-07,training,Postrun Exercises,After run regular stretching and Yoga becomes a habit now. But nice thing is I can feel all my muscle during these short sessions. Its like learning about your body.,2026-05-07_09-06-23_hk_1778137583.fit,350,2026-05-07T07:17:48.000Z,683.000,,104,,,,,,