workout_date,workout_type,title,notes,source_file,record_index,timestamp,elapsed_seconds,distance_m,heart_rate,power,cadence,speed,altitude,latitude,longitude
2026-09-09,Running,Morning Run,"*Murakami* is right in his memoir about running that if you skip more than one day, it's a disaster. Because mind forgets the pleasure of running so its hard to convince it to do it again. However sometimes I need to write reports at 5-6AM so after that I don't have time in morning. So I need to look for optimum strategy.

Anyway, feeling good. Temperature is a bit lower today but its pleasing once I warmed up.",2026-09-09_08-44-28_hk_1788936268.fit,1,2026-09-09T06:44:28.000Z,0.000,0,,,,,30.04,50.820552,4.403124
2026-09-09,Running,Morning Run,"*Murakami* is right in his memoir about running that if you skip more than one day, it's a disaster. Because mind forgets the pleasure of running so its hard to convince it to do it again. However sometimes I need to write reports at 5-6AM so after that I don't have time in morning. So I need to look for optimum strategy.

Anyway, feeling good. Temperature is a bit lower today but its pleasing once I warmed up.",2026-09-09_08-44-28_hk_1788936268.fit,2,2026-09-09T06:44:29.000Z,1.000,2.65,,,,,30.02,50.820534,4.403124
2026-09-09,Running,Morning Run,"*Murakami* is right in his memoir about running that if you skip more than one day, it's a disaster. Because mind forgets the pleasure of running so its hard to convince it to do it again. However sometimes I need to write reports at 5-6AM so after that I don't have time in morning. So I need to look for optimum strategy.

Anyway, feeling good. Temperature is a bit lower today but its pleasing once I warmed up.",2026-09-09_08-44-28_hk_1788936268.fit,3,2026-09-09T06:44:30.000Z,2.000,5.56,,,,,29.99,50.820516,4.403124
2026-09-09,Running,Morning Run,"*Murakami* is right in his memoir about running that if you skip more than one day, it's a disaster. Because mind forgets the pleasure of running so its hard to convince it to do it again. However sometimes I need to write reports at 5-6AM so after that I don't have time in morning. So I need to look for optimum strategy.

Anyway, feeling good. Temperature is a bit lower today but its pleasing once I warmed up.",2026-09-09_08-44-28_hk_1788936268.fit,4,2026-09-09T06:44:31.000Z,3.000,8.46,,,141,,29.97,50.820498,4.403142
2026-09-09,Running,Morning Run,"*Murakami* is right in his memoir about running that if you skip more than one day, it's a disaster. Because mind forgets the pleasure of running so its hard to convince it to do it again. However sometimes I need to write reports at 5-6AM so after that I don't have time in morning. So I need to look for optimum strategy.

Anyway, feeling good. Temperature is a bit lower today but its pleasing once I warmed up.",2026-09-09_08-44-28_hk_1788936268.fit,5,2026-09-09T06:44:32.000Z,4.000,11.36,,169,141,,29.94,50.82048,4.40316
2026-09-09,Running,Morning Run,"*Murakami* is right in his memoir about running that if you skip more than one day, it's a disaster. Because mind forgets the pleasure of running so its hard to convince it to do it again. However sometimes I need to write reports at 5-6AM so after that I don't have time in morning. So I need to look for optimum strategy.

Anyway, feeling good. Temperature is a bit lower today but its pleasing once I warmed up.",2026-09-09_08-44-28_hk_1788936268.fit,6,2026-09-09T06:44:33.000Z,5.000,13.77,,169,141,,29.92,50.820462,4.40316
2026-09-09,Running,Morning Run,"*Murakami* is right in his memoir about running that if you skip more than one day, it's a disaster. Because mind forgets the pleasure of running so its hard to convince it to do it again. However sometimes I need to write reports at 5-6AM so after that I don't have time in morning. So I need to look for optimum strategy.

Anyway, feeling good. Temperature is a bit lower today but its pleasing once I warmed up.",2026-09-09_08-44-28_hk_1788936268.fit,7,2026-09-09T06:44:34.000Z,6.000,16.18,,169,114,,29.9,50.820444,4.403178
2026-09-09,Running,Morning Run,"*Murakami* is right in his memoir about running that if you skip more than one day, it's a disaster. Because mind forgets the pleasure of running so its hard to convince it to do it again. However sometimes I need to write reports at 5-6AM so after that I don't have time in morning. So I need to look for optimum strategy.

Anyway, feeling good. Temperature is a bit lower today but its pleasing once I warmed up.",2026-09-09_08-44-28_hk_1788936268.fit,8,2026-09-09T06:44:35.000Z,7.000,18.59,,191,114,,29.89,50.820426,4.403196
2026-09-09,Running,Morning Run,"*Murakami* is right in his memoir about running that if you skip more than one day, it's a disaster. Because mind forgets the pleasure of running so its hard to convince it to do it again. However sometimes I need to write reports at 5-6AM so after that I don't have time in morning. So I need to look for optimum strategy.

Anyway, feeling good. Temperature is a bit lower today but its pleasing once I warmed up.",2026-09-09_08-44-28_hk_1788936268.fit,9,2026-09-09T06:44:36.000Z,8.000,21.19,,191,114,,29.88,50.82039,4.403214
2026-09-09,Running,Morning Run,"*Murakami* is right in his memoir about running that if you skip more than one day, it's a disaster. Because mind forgets the pleasure of running so its hard to convince it to do it again. However sometimes I need to write reports at 5-6AM so after that I don't have time in morning. So I need to look for optimum strategy.

Anyway, feeling good. Temperature is a bit lower today but its pleasing once I warmed up.",2026-09-09_08-44-28_hk_1788936268.fit,10,2026-09-09T06:44:37.000Z,9.000,23.78,,191,98,,29.88,50.820372,4.403232
2026-09-09,Running,Morning Run,"*Murakami* is right in his memoir about running that if you skip more than one day, it's a disaster. Because mind forgets the pleasure of running so its hard to convince it to do it again. However sometimes I need to write reports at 5-6AM so after that I don't have time in morning. So I need to look for optimum strategy.

Anyway, feeling good. Temperature is a bit lower today but its pleasing once I warmed up.",2026-09-09_08-44-28_hk_1788936268.fit,11,2026-09-09T06:44:38.000Z,10.000,25.82,,191,98,,29.87,50.820336,4.403232
2026-09-09,Running,Morning Run,"*Murakami* is right in his memoir about running that if you skip more than one day, it's a disaster. Because mind forgets the pleasure of running so its hard to convince it to do it again. However sometimes I need to write reports at 5-6AM so after that I don't have time in morning. So I need to look for optimum strategy.

Anyway, feeling good. Temperature is a bit lower today but its pleasing once I warmed up.",2026-09-09_08-44-28_hk_1788936268.fit,12,2026-09-09T06:44:39.000Z,11.000,27.86,,191,98,,29.87,50.820318,4.403232
2026-09-09,Running,Morning Run,"*Murakami* is right in his memoir about running that if you skip more than one day, it's a disaster. Because mind forgets the pleasure of running so its hard to convince it to do it again. However sometimes I need to write reports at 5-6AM so after that I don't have time in morning. So I need to look for optimum strategy.

Anyway, feeling good. Temperature is a bit lower today but its pleasing once I warmed up.",2026-09-09_08-44-28_hk_1788936268.fit,13,2026-09-09T06:44:40.000Z,12.000,29.89,,190,90,,29.87,50.8203,4.403232
2026-09-09,Running,Morning Run,"*Murakami* is right in his memoir about running that if you skip more than one day, it's a disaster. Because mind forgets the pleasure of running so its hard to convince it to do it again. However sometimes I need to write reports at 5-6AM so after that I don't have time in morning. So I need to look for optimum strategy.

Anyway, feeling good. Temperature is a bit lower today but its pleasing once I warmed up.",2026-09-09_08-44-28_hk_1788936268.fit,14,2026-09-09T06:44:41.000Z,13.000,31.73,,190,90,,29.88,50.820282,4.403232
2026-09-09,Running,Morning Run,"*Murakami* is right in his memoir about running that if you skip more than one day, it's a disaster. Because mind forgets the pleasure of running so its hard to convince it to do it again. However sometimes I need to write reports at 5-6AM so after that I don't have time in morning. So I need to look for optimum strategy.

Anyway, feeling good. Temperature is a bit lower today but its pleasing once I warmed up.",2026-09-09_08-44-28_hk_1788936268.fit,15,2026-09-09T06:44:42.000Z,14.000,33.57,,188,90,,29.88,50.820264,4.403232
2026-09-09,Running,Morning Run,"*Murakami* is right in his memoir about running that if you skip more than one day, it's a disaster. Because mind forgets the pleasure of running so its hard to convince it to do it again. However sometimes I need to write reports at 5-6AM so after that I don't have time in morning. So I need to look for optimum strategy.

Anyway, feeling good. Temperature is a bit lower today but its pleasing once I warmed up.",2026-09-09_08-44-28_hk_1788936268.fit,16,2026-09-09T06:44:43.000Z,15.000,35.39,,188,76,,29.88,50.820228,4.403232
2026-09-09,Running,Morning Run,"*Murakami* is right in his memoir about running that if you skip more than one day, it's a disaster. Because mind forgets the pleasure of running so its hard to convince it to do it again. However sometimes I need to write reports at 5-6AM so after that I don't have time in morning. So I need to look for optimum strategy.

Anyway, feeling good. Temperature is a bit lower today but its pleasing once I warmed up.",2026-09-09_08-44-28_hk_1788936268.fit,17,2026-09-09T06:44:44.000Z,16.000,37.21,,188,76,,29.88,50.82021,4.40325
2026-09-09,Running,Morning Run,"*Murakami* is right in his memoir about running that if you skip more than one day, it's a disaster. Because mind forgets the pleasure of running so its hard to convince it to do it again. However sometimes I need to write reports at 5-6AM so after that I don't have time in morning. So I need to look for optimum strategy.

Anyway, feeling good. Temperature is a bit lower today but its pleasing once I warmed up.",2026-09-09_08-44-28_hk_1788936268.fit,18,2026-09-09T06:44:45.000Z,17.000,39.03,,187,76,,29.89,50.820192,4.40325
2026-09-09,Running,Morning Run,"*Murakami* is right in his memoir about running that if you skip more than one day, it's a disaster. Because mind forgets the pleasure of running so its hard to convince it to do it again. However sometimes I need to write reports at 5-6AM so after that I don't have time in morning. So I need to look for optimum strategy.

Anyway, feeling good. Temperature is a bit lower today but its pleasing once I warmed up.",2026-09-09_08-44-28_hk_1788936268.fit,19,2026-09-09T06:44:46.000Z,18.000,41.12,,187,76,,29.89,50.820174,4.40325
2026-09-09,Running,Morning Run,"*Murakami* is right in his memoir about running that if you skip more than one day, it's a disaster. Because mind forgets the pleasure of running so its hard to convince it to do it again. However sometimes I need to write reports at 5-6AM so after that I don't have time in morning. So I need to look for optimum strategy.

Anyway, feeling good. Temperature is a bit lower today but its pleasing once I warmed up.",2026-09-09_08-44-28_hk_1788936268.fit,20,2026-09-09T06:44:47.000Z,19.000,43.21,,186,76,,29.89,50.820156,4.403268
2026-09-09,Running,Morning Run,"*Murakami* is right in his memoir about running that if you skip more than one day, it's a disaster. Because mind forgets the pleasure of running so its hard to convince it to do it again. However sometimes I need to write reports at 5-6AM so after that I don't have time in morning. So I need to look for optimum strategy.

Anyway, feeling good. Temperature is a bit lower today but its pleasing once I warmed up.",2026-09-09_08-44-28_hk_1788936268.fit,21,2026-09-09T06:44:48.000Z,20.000,44.82,,186,76,,29.89,50.82012,4.403286
2026-09-09,Running,Morning Run,"*Murakami* is right in his memoir about running that if you skip more than one day, it's a disaster. Because mind forgets the pleasure of running so its hard to convince it to do it again. However sometimes I need to write reports at 5-6AM so after that I don't have time in morning. So I need to look for optimum strategy.

Anyway, feeling good. Temperature is a bit lower today but its pleasing once I warmed up.",2026-09-09_08-44-28_hk_1788936268.fit,22,2026-09-09T06:44:49.000Z,21.000,46.44,,186,74,,29.89,50.820102,4.403304
2026-09-09,Running,Morning Run,"*Murakami* is right in his memoir about running that if you skip more than one day, it's a disaster. Because mind forgets the pleasure of running so its hard to convince it to do it again. However sometimes I need to write reports at 5-6AM so after that I don't have time in morning. So I need to look for optimum strategy.

Anyway, feeling good. Temperature is a bit lower today but its pleasing once I warmed up.",2026-09-09_08-44-28_hk_1788936268.fit,23,2026-09-09T06:44:50.000Z,22.000,48.05,,184,74,,29.89,50.820084,4.403304
2026-09-09,Running,Morning Run,"*Murakami* is right in his memoir about running that if you skip more than one day, it's a disaster. Because mind forgets the pleasure of running so its hard to convince it to do it again. However sometimes I need to write reports at 5-6AM so after that I don't have time in morning. So I need to look for optimum strategy.

Anyway, feeling good. Temperature is a bit lower today but its pleasing once I warmed up.",2026-09-09_08-44-28_hk_1788936268.fit,24,2026-09-09T06:44:51.000Z,23.000,51.48,,184,74,,29.89,50.820066,4.403322
2026-09-09,Running,Morning Run,"*Murakami* is right in his memoir about running that if you skip more than one day, it's a disaster. Because mind forgets the pleasure of running so its hard to convince it to do it again. However sometimes I need to write reports at 5-6AM so after that I don't have time in morning. So I need to look for optimum strategy.

Anyway, feeling good. Temperature is a bit lower today but its pleasing once I warmed up.",2026-09-09_08-44-28_hk_1788936268.fit,25,2026-09-09T06:44:52.000Z,24.000,54.91,,185,76,2.272,29.89,50.82003,4.403322
2026-09-09,Running,Morning Run,"*Murakami* is right in his memoir about running that if you skip more than one day, it's a disaster. Because mind forgets the pleasure of running so its hard to convince it to do it again. However sometimes I need to write reports at 5-6AM so after that I don't have time in morning. So I need to look for optimum strategy.

Anyway, feeling good. Temperature is a bit lower today but its pleasing once I warmed up.",2026-09-09_08-44-28_hk_1788936268.fit,26,2026-09-09T06:44:53.000Z,25.000,57.2,,185,76,2.245,29.89,50.820012,4.40334
2026-09-09,Running,Morning Run,"*Murakami* is right in his memoir about running that if you skip more than one day, it's a disaster. Because mind forgets the pleasure of running so its hard to convince it to do it again. However sometimes I need to write reports at 5-6AM so after that I don't have time in morning. So I need to look for optimum strategy.

Anyway, feeling good. Temperature is a bit lower today but its pleasing once I warmed up.",2026-09-09_08-44-28_hk_1788936268.fit,27,2026-09-09T06:44:54.000Z,26.000,59.49,,185,76,2.219,29.89,50.819994,4.40334
2026-09-09,Running,Morning Run,"*Murakami* is right in his memoir about running that if you skip more than one day, it's a disaster. Because mind forgets the pleasure of running so its hard to convince it to do it again. However sometimes I need to write reports at 5-6AM so after that I don't have time in morning. So I need to look for optimum strategy.

Anyway, feeling good. Temperature is a bit lower today but its pleasing once I warmed up.",2026-09-09_08-44-28_hk_1788936268.fit,28,2026-09-09T06:44:55.000Z,27.000,61.77,,185,76,2.192,29.89,50.819976,4.40334
2026-09-09,Running,Morning Run,"*Murakami* is right in his memoir about running that if you skip more than one day, it's a disaster. Because mind forgets the pleasure of running so its hard to convince it to do it again. However sometimes I need to write reports at 5-6AM so after that I don't have time in morning. So I need to look for optimum strategy.

Anyway, feeling good. Temperature is a bit lower today but its pleasing once I warmed up.",2026-09-09_08-44-28_hk_1788936268.fit,29,2026-09-09T06:44:56.000Z,28.000,63.35,,185,76,2.166,29.88,50.819958,4.403358
2026-09-09,Running,Morning Run,"*Murakami* is right in his memoir about running that if you skip more than one day, it's a disaster. Because mind forgets the pleasure of running so its hard to convince it to do it again. However sometimes I need to write reports at 5-6AM so after that I don't have time in morning. So I need to look for optimum strategy.

Anyway, feeling good. Temperature is a bit lower today but its pleasing once I warmed up.",2026-09-09_08-44-28_hk_1788936268.fit,30,2026-09-09T06:44:57.000Z,29.000,64.92,,185,76,2.131,29.88,50.81994,4.403358
2026-09-09,Running,Morning Run,"*Murakami* is right in his memoir about running that if you skip more than one day, it's a disaster. Because mind forgets the pleasure of running so its hard to convince it to do it again. However sometimes I need to write reports at 5-6AM so after that I don't have time in morning. So I need to look for optimum strategy.

Anyway, feeling good. Temperature is a bit lower today but its pleasing once I warmed up.",2026-09-09_08-44-28_hk_1788936268.fit,31,2026-09-09T06:44:58.000Z,30.000,66.49,,173,77,2.096,29.88,50.819904,4.403376
2026-09-09,Running,Morning Run,"*Murakami* is right in his memoir about running that if you skip more than one day, it's a disaster. Because mind forgets the pleasure of running so its hard to convince it to do it again. However sometimes I need to write reports at 5-6AM so after that I don't have time in morning. So I need to look for optimum strategy.

Anyway, feeling good. Temperature is a bit lower today but its pleasing once I warmed up.",2026-09-09_08-44-28_hk_1788936268.fit,32,2026-09-09T06:44:59.000Z,31.000,68.9,,173,77,2.096,29.89,50.819886,4.403376
2026-09-09,Running,Morning Run,"*Murakami* is right in his memoir about running that if you skip more than one day, it's a disaster. Because mind forgets the pleasure of running so its hard to convince it to do it again. However sometimes I need to write reports at 5-6AM so after that I don't have time in morning. So I need to look for optimum strategy.

Anyway, feeling good. Temperature is a bit lower today but its pleasing once I warmed up.",2026-09-09_08-44-28_hk_1788936268.fit,33,2026-09-09T06:45:00.000Z,32.000,71.32,,134,77,2.089,29.89,50.819868,4.403394
2026-09-09,Running,Morning Run,"*Murakami* is right in his memoir about running that if you skip more than one day, it's a disaster. Because mind forgets the pleasure of running so its hard to convince it to do it again. However sometimes I need to write reports at 5-6AM so after that I don't have time in morning. So I need to look for optimum strategy.

Anyway, feeling good. Temperature is a bit lower today but its pleasing once I warmed up.",2026-09-09_08-44-28_hk_1788936268.fit,34,2026-09-09T06:45:01.000Z,33.000,73.32,,134,78,2.085,29.89,50.81985,4.403394
2026-09-09,Running,Morning Run,"*Murakami* is right in his memoir about running that if you skip more than one day, it's a disaster. Because mind forgets the pleasure of running so its hard to convince it to do it again. However sometimes I need to write reports at 5-6AM so after that I don't have time in morning. So I need to look for optimum strategy.

Anyway, feeling good. Temperature is a bit lower today but its pleasing once I warmed up.",2026-09-09_08-44-28_hk_1788936268.fit,35,2026-09-09T06:45:02.000Z,34.000,75.32,,134,78,2.062,29.89,50.819814,4.403394
2026-09-09,Running,Morning Run,"*Murakami* is right in his memoir about running that if you skip more than one day, it's a disaster. Because mind forgets the pleasure of running so its hard to convince it to do it again. However sometimes I need to write reports at 5-6AM so after that I don't have time in morning. So I need to look for optimum strategy.

Anyway, feeling good. Temperature is a bit lower today but its pleasing once I warmed up.",2026-09-09_08-44-28_hk_1788936268.fit,36,2026-09-09T06:45:03.000Z,35.000,77.33,,193,78,2.06,29.89,50.819796,4.403394
2026-09-09,Running,Morning Run,"*Murakami* is right in his memoir about running that if you skip more than one day, it's a disaster. Because mind forgets the pleasure of running so its hard to convince it to do it again. However sometimes I need to write reports at 5-6AM so after that I don't have time in morning. So I need to look for optimum strategy.

Anyway, feeling good. Temperature is a bit lower today but its pleasing once I warmed up.",2026-09-09_08-44-28_hk_1788936268.fit,37,2026-09-09T06:45:04.000Z,36.000,80.96,,193,76,2.128,29.9,50.819778,4.403394
2026-09-09,Running,Morning Run,"*Murakami* is right in his memoir about running that if you skip more than one day, it's a disaster. Because mind forgets the pleasure of running so its hard to convince it to do it again. However sometimes I need to write reports at 5-6AM so after that I don't have time in morning. So I need to look for optimum strategy.

Anyway, feeling good. Temperature is a bit lower today but its pleasing once I warmed up.",2026-09-09_08-44-28_hk_1788936268.fit,38,2026-09-09T06:45:05.000Z,37.000,84.6,,188,76,2.219,29.9,50.81976,4.403394
2026-09-09,Running,Morning Run,"*Murakami* is right in his memoir about running that if you skip more than one day, it's a disaster. Because mind forgets the pleasure of running so its hard to convince it to do it again. However sometimes I need to write reports at 5-6AM so after that I don't have time in morning. So I need to look for optimum strategy.

Anyway, feeling good. Temperature is a bit lower today but its pleasing once I warmed up.",2026-09-09_08-44-28_hk_1788936268.fit,39,2026-09-09T06:45:06.000Z,38.000,86.55,,188,76,2.225,29.9,50.819724,4.403394
2026-09-09,Running,Morning Run,"*Murakami* is right in his memoir about running that if you skip more than one day, it's a disaster. Because mind forgets the pleasure of running so its hard to convince it to do it again. However sometimes I need to write reports at 5-6AM so after that I don't have time in morning. So I need to look for optimum strategy.

Anyway, feeling good. Temperature is a bit lower today but its pleasing once I warmed up.",2026-09-09_08-44-28_hk_1788936268.fit,40,2026-09-09T06:45:07.000Z,39.000,88.51,,188,76,2.23,29.9,50.819706,4.403376
2026-09-09,Running,Morning Run,"*Murakami* is right in his memoir about running that if you skip more than one day, it's a disaster. Because mind forgets the pleasure of running so its hard to convince it to do it again. However sometimes I need to write reports at 5-6AM so after that I don't have time in morning. So I need to look for optimum strategy.

Anyway, feeling good. Temperature is a bit lower today but its pleasing once I warmed up.",2026-09-09_08-44-28_hk_1788936268.fit,41,2026-09-09T06:45:08.000Z,40.000,90.47,,190,76,2.236,29.91,50.819688,4.403376
2026-09-09,Running,Morning Run,"*Murakami* is right in his memoir about running that if you skip more than one day, it's a disaster. Because mind forgets the pleasure of running so its hard to convince it to do it again. However sometimes I need to write reports at 5-6AM so after that I don't have time in morning. So I need to look for optimum strategy.

Anyway, feeling good. Temperature is a bit lower today but its pleasing once I warmed up.",2026-09-09_08-44-28_hk_1788936268.fit,42,2026-09-09T06:45:09.000Z,41.000,94.67,,190,76,2.339,29.91,50.81967,4.403358
2026-09-09,Running,Morning Run,"*Murakami* is right in his memoir about running that if you skip more than one day, it's a disaster. Because mind forgets the pleasure of running so its hard to convince it to do it again. However sometimes I need to write reports at 5-6AM so after that I don't have time in morning. So I need to look for optimum strategy.

Anyway, feeling good. Temperature is a bit lower today but its pleasing once I warmed up.",2026-09-09_08-44-28_hk_1788936268.fit,43,2026-09-09T06:45:10.000Z,42.000,98.87,,197,76,2.541,29.91,50.819634,4.40334
2026-09-09,Running,Morning Run,"*Murakami* is right in his memoir about running that if you skip more than one day, it's a disaster. Because mind forgets the pleasure of running so its hard to convince it to do it again. However sometimes I need to write reports at 5-6AM so after that I don't have time in morning. So I need to look for optimum strategy.

Anyway, feeling good. Temperature is a bit lower today but its pleasing once I warmed up.",2026-09-09_08-44-28_hk_1788936268.fit,44,2026-09-09T06:45:11.000Z,43.000,101.16,,197,76,2.529,29.91,50.819616,4.40334
2026-09-09,Running,Morning Run,"*Murakami* is right in his memoir about running that if you skip more than one day, it's a disaster. Because mind forgets the pleasure of running so its hard to convince it to do it again. However sometimes I need to write reports at 5-6AM so after that I don't have time in morning. So I need to look for optimum strategy.

Anyway, feeling good. Temperature is a bit lower today but its pleasing once I warmed up.",2026-09-09_08-44-28_hk_1788936268.fit,45,2026-09-09T06:45:12.000Z,44.000,103.45,,197,76,2.475,29.91,50.819598,4.403322
2026-09-09,Running,Morning Run,"*Murakami* is right in his memoir about running that if you skip more than one day, it's a disaster. Because mind forgets the pleasure of running so its hard to convince it to do it again. However sometimes I need to write reports at 5-6AM so after that I don't have time in morning. So I need to look for optimum strategy.

Anyway, feeling good. Temperature is a bit lower today but its pleasing once I warmed up.",2026-09-09_08-44-28_hk_1788936268.fit,46,2026-09-09T06:45:13.000Z,45.000,105.74,,200,79,2.421,29.91,50.819562,4.403322
2026-09-09,Running,Morning Run,"*Murakami* is right in his memoir about running that if you skip more than one day, it's a disaster. Because mind forgets the pleasure of running so its hard to convince it to do it again. However sometimes I need to write reports at 5-6AM so after that I don't have time in morning. So I need to look for optimum strategy.

Anyway, feeling good. Temperature is a bit lower today but its pleasing once I warmed up.",2026-09-09_08-44-28_hk_1788936268.fit,47,2026-09-09T06:45:14.000Z,46.000,107.76,,200,79,2.408,29.92,50.819544,4.403304
2026-09-09,Running,Morning Run,"*Murakami* is right in his memoir about running that if you skip more than one day, it's a disaster. Because mind forgets the pleasure of running so its hard to convince it to do it again. However sometimes I need to write reports at 5-6AM so after that I don't have time in morning. So I need to look for optimum strategy.

Anyway, feeling good. Temperature is a bit lower today but its pleasing once I warmed up.",2026-09-09_08-44-28_hk_1788936268.fit,48,2026-09-09T06:45:15.000Z,47.000,109.78,,200,79,2.395,29.92,50.819526,4.403304
2026-09-09,Running,Morning Run,"*Murakami* is right in his memoir about running that if you skip more than one day, it's a disaster. Because mind forgets the pleasure of running so its hard to convince it to do it again. However sometimes I need to write reports at 5-6AM so after that I don't have time in morning. So I need to look for optimum strategy.

Anyway, feeling good. Temperature is a bit lower today but its pleasing once I warmed up.",2026-09-09_08-44-28_hk_1788936268.fit,49,2026-09-09T06:45:16.000Z,48.000,111.8,,199,77,2.382,29.92,50.819508,4.403304
2026-09-09,Running,Morning Run,"*Murakami* is right in his memoir about running that if you skip more than one day, it's a disaster. Because mind forgets the pleasure of running so its hard to convince it to do it again. However sometimes I need to write reports at 5-6AM so after that I don't have time in morning. So I need to look for optimum strategy.

Anyway, feeling good. Temperature is a bit lower today but its pleasing once I warmed up.",2026-09-09_08-44-28_hk_1788936268.fit,50,2026-09-09T06:45:17.000Z,49.000,115.07,,199,77,2.507,29.92,50.819472,4.403286
2026-09-09,Running,Morning Run,"*Murakami* is right in his memoir about running that if you skip more than one day, it's a disaster. Because mind forgets the pleasure of running so its hard to convince it to do it again. However sometimes I need to write reports at 5-6AM so after that I don't have time in morning. So I need to look for optimum strategy.

Anyway, feeling good. Temperature is a bit lower today but its pleasing once I warmed up.",2026-09-09_08-44-28_hk_1788936268.fit,51,2026-09-09T06:45:18.000Z,50.000,118.33,,198,77,2.592,29.92,50.819454,4.403286
2026-09-09,Running,Morning Run,"*Murakami* is right in his memoir about running that if you skip more than one day, it's a disaster. Because mind forgets the pleasure of running so its hard to convince it to do it again. However sometimes I need to write reports at 5-6AM so after that I don't have time in morning. So I need to look for optimum strategy.

Anyway, feeling good. Temperature is a bit lower today but its pleasing once I warmed up.",2026-09-09_08-44-28_hk_1788936268.fit,52,2026-09-09T06:45:19.000Z,51.000,120.24,,198,78,2.567,29.92,50.819436,4.403286
2026-09-09,Running,Morning Run,"*Murakami* is right in his memoir about running that if you skip more than one day, it's a disaster. Because mind forgets the pleasure of running so its hard to convince it to do it again. However sometimes I need to write reports at 5-6AM so after that I don't have time in morning. So I need to look for optimum strategy.

Anyway, feeling good. Temperature is a bit lower today but its pleasing once I warmed up.",2026-09-09_08-44-28_hk_1788936268.fit,53,2026-09-09T06:45:20.000Z,52.000,122.16,,198,78,2.542,29.92,50.819418,4.403268
2026-09-09,Running,Morning Run,"*Murakami* is right in his memoir about running that if you skip more than one day, it's a disaster. Because mind forgets the pleasure of running so its hard to convince it to do it again. However sometimes I need to write reports at 5-6AM so after that I don't have time in morning. So I need to look for optimum strategy.

Anyway, feeling good. Temperature is a bit lower today but its pleasing once I warmed up.",2026-09-09_08-44-28_hk_1788936268.fit,54,2026-09-09T06:45:21.000Z,53.000,124.07,,198,78,2.537,29.92,50.819382,4.403268
2026-09-09,Running,Morning Run,"*Murakami* is right in his memoir about running that if you skip more than one day, it's a disaster. Because mind forgets the pleasure of running so its hard to convince it to do it again. However sometimes I need to write reports at 5-6AM so after that I don't have time in morning. So I need to look for optimum strategy.

Anyway, feeling good. Temperature is a bit lower today but its pleasing once I warmed up.",2026-09-09_08-44-28_hk_1788936268.fit,55,2026-09-09T06:45:22.000Z,54.000,127.55,,198,76,2.644,29.92,50.819364,4.403268
2026-09-09,Running,Morning Run,"*Murakami* is right in his memoir about running that if you skip more than one day, it's a disaster. Because mind forgets the pleasure of running so its hard to convince it to do it again. However sometimes I need to write reports at 5-6AM so after that I don't have time in morning. So I need to look for optimum strategy.

Anyway, feeling good. Temperature is a bit lower today but its pleasing once I warmed up.",2026-09-09_08-44-28_hk_1788936268.fit,56,2026-09-09T06:45:23.000Z,55.000,131.04,,198,76,2.636,29.93,50.819346,4.40325
2026-09-09,Running,Morning Run,"*Murakami* is right in his memoir about running that if you skip more than one day, it's a disaster. Because mind forgets the pleasure of running so its hard to convince it to do it again. However sometimes I need to write reports at 5-6AM so after that I don't have time in morning. So I need to look for optimum strategy.

Anyway, feeling good. Temperature is a bit lower today but its pleasing once I warmed up.",2026-09-09_08-44-28_hk_1788936268.fit,57,2026-09-09T06:45:24.000Z,56.000,133.18,,198,76,2.611,29.93,50.819328,4.40325
2026-09-09,Running,Morning Run,"*Murakami* is right in his memoir about running that if you skip more than one day, it's a disaster. Because mind forgets the pleasure of running so its hard to convince it to do it again. However sometimes I need to write reports at 5-6AM so after that I don't have time in morning. So I need to look for optimum strategy.

Anyway, feeling good. Temperature is a bit lower today but its pleasing once I warmed up.",2026-09-09_08-44-28_hk_1788936268.fit,58,2026-09-09T06:45:25.000Z,57.000,135.31,,198,76,2.536,29.93,50.81931,4.403232
2026-09-09,Running,Morning Run,"*Murakami* is right in his memoir about running that if you skip more than one day, it's a disaster. Because mind forgets the pleasure of running so its hard to convince it to do it again. However sometimes I need to write reports at 5-6AM so after that I don't have time in morning. So I need to look for optimum strategy.

Anyway, feeling good. Temperature is a bit lower today but its pleasing once I warmed up.",2026-09-09_08-44-28_hk_1788936268.fit,59,2026-09-09T06:45:26.000Z,58.000,137.45,,199,76,2.545,29.92,50.819274,4.403232
2026-09-09,Running,Morning Run,"*Murakami* is right in his memoir about running that if you skip more than one day, it's a disaster. Because mind forgets the pleasure of running so its hard to convince it to do it again. However sometimes I need to write reports at 5-6AM so after that I don't have time in morning. So I need to look for optimum strategy.

Anyway, feeling good. Temperature is a bit lower today but its pleasing once I warmed up.",2026-09-09_08-44-28_hk_1788936268.fit,60,2026-09-09T06:45:27.000Z,59.000,140.73,,199,76,2.646,29.92,50.819256,4.403232
2026-09-09,Running,Morning Run,"*Murakami* is right in his memoir about running that if you skip more than one day, it's a disaster. Because mind forgets the pleasure of running so its hard to convince it to do it again. However sometimes I need to write reports at 5-6AM so after that I don't have time in morning. So I need to look for optimum strategy.

Anyway, feeling good. Temperature is a bit lower today but its pleasing once I warmed up.",2026-09-09_08-44-28_hk_1788936268.fit,61,2026-09-09T06:45:28.000Z,60.000,144.01,,197,76,2.677,29.92,50.819238,4.403232
2026-09-09,Running,Morning Run,"*Murakami* is right in his memoir about running that if you skip more than one day, it's a disaster. Because mind forgets the pleasure of running so its hard to convince it to do it again. However sometimes I need to write reports at 5-6AM so after that I don't have time in morning. So I need to look for optimum strategy.

Anyway, feeling good. Temperature is a bit lower today but its pleasing once I warmed up.",2026-09-09_08-44-28_hk_1788936268.fit,62,2026-09-09T06:45:29.000Z,61.000,145.95,,197,76,2.564,29.92,50.81922,4.403232
2026-09-09,Running,Morning Run,"*Murakami* is right in his memoir about running that if you skip more than one day, it's a disaster. Because mind forgets the pleasure of running so its hard to convince it to do it again. However sometimes I need to write reports at 5-6AM so after that I don't have time in morning. So I need to look for optimum strategy.

Anyway, feeling good. Temperature is a bit lower today but its pleasing once I warmed up.",2026-09-09_08-44-28_hk_1788936268.fit,63,2026-09-09T06:45:30.000Z,62.000,147.9,,197,76,2.535,29.92,50.819184,4.403232
2026-09-09,Running,Morning Run,"*Murakami* is right in his memoir about running that if you skip more than one day, it's a disaster. Because mind forgets the pleasure of running so its hard to convince it to do it again. However sometimes I need to write reports at 5-6AM so after that I don't have time in morning. So I need to look for optimum strategy.

Anyway, feeling good. Temperature is a bit lower today but its pleasing once I warmed up.",2026-09-09_08-44-28_hk_1788936268.fit,64,2026-09-09T06:45:31.000Z,63.000,149.84,,196,76,2.427,29.92,50.819166,4.403214
2026-09-09,Running,Morning Run,"*Murakami* is right in his memoir about running that if you skip more than one day, it's a disaster. Because mind forgets the pleasure of running so its hard to convince it to do it again. However sometimes I need to write reports at 5-6AM so after that I don't have time in morning. So I need to look for optimum strategy.

Anyway, feeling good. Temperature is a bit lower today but its pleasing once I warmed up.",2026-09-09_08-44-28_hk_1788936268.fit,65,2026-09-09T06:45:32.000Z,64.000,153.33,,196,76,2.484,29.92,50.819148,4.403214
2026-09-09,Running,Morning Run,"*Murakami* is right in his memoir about running that if you skip more than one day, it's a disaster. Because mind forgets the pleasure of running so its hard to convince it to do it again. However sometimes I need to write reports at 5-6AM so after that I don't have time in morning. So I need to look for optimum strategy.

Anyway, feeling good. Temperature is a bit lower today but its pleasing once I warmed up.",2026-09-09_08-44-28_hk_1788936268.fit,66,2026-09-09T06:45:33.000Z,65.000,156.82,,197,76,2.554,29.92,50.81913,4.403214
2026-09-09,Running,Morning Run,"*Murakami* is right in his memoir about running that if you skip more than one day, it's a disaster. Because mind forgets the pleasure of running so its hard to convince it to do it again. However sometimes I need to write reports at 5-6AM so after that I don't have time in morning. So I need to look for optimum strategy.

Anyway, feeling good. Temperature is a bit lower today but its pleasing once I warmed up.",2026-09-09_08-44-28_hk_1788936268.fit,67,2026-09-09T06:45:34.000Z,66.000,159.19,,197,77,2.571,29.92,50.819094,4.403196
2026-09-09,Running,Morning Run,"*Murakami* is right in his memoir about running that if you skip more than one day, it's a disaster. Because mind forgets the pleasure of running so its hard to convince it to do it again. However sometimes I need to write reports at 5-6AM so after that I don't have time in morning. So I need to look for optimum strategy.

Anyway, feeling good. Temperature is a bit lower today but its pleasing once I warmed up.",2026-09-09_08-44-28_hk_1788936268.fit,68,2026-09-09T06:45:35.000Z,67.000,161.55,,197,77,2.588,29.92,50.819076,4.403196
2026-09-09,Running,Morning Run,"*Murakami* is right in his memoir about running that if you skip more than one day, it's a disaster. Because mind forgets the pleasure of running so its hard to convince it to do it again. However sometimes I need to write reports at 5-6AM so after that I don't have time in morning. So I need to look for optimum strategy.

Anyway, feeling good. Temperature is a bit lower today but its pleasing once I warmed up.",2026-09-09_08-44-28_hk_1788936268.fit,69,2026-09-09T06:45:36.000Z,68.000,163.92,,196,77,2.606,29.92,50.819058,4.403178
2026-09-09,Running,Morning Run,"*Murakami* is right in his memoir about running that if you skip more than one day, it's a disaster. Because mind forgets the pleasure of running so its hard to convince it to do it again. However sometimes I need to write reports at 5-6AM so after that I don't have time in morning. So I need to look for optimum strategy.

Anyway, feeling good. Temperature is a bit lower today but its pleasing once I warmed up.",2026-09-09_08-44-28_hk_1788936268.fit,70,2026-09-09T06:45:37.000Z,69.000,165.24,,196,78,2.509,29.92,50.81904,4.403178
2026-09-09,Running,Morning Run,"*Murakami* is right in his memoir about running that if you skip more than one day, it's a disaster. Because mind forgets the pleasure of running so its hard to convince it to do it again. However sometimes I need to write reports at 5-6AM so after that I don't have time in morning. So I need to look for optimum strategy.

Anyway, feeling good. Temperature is a bit lower today but its pleasing once I warmed up.",2026-09-09_08-44-28_hk_1788936268.fit,71,2026-09-09T06:45:38.000Z,70.000,166.55,,196,78,2.452,29.92,50.819022,4.403178
2026-09-09,Running,Morning Run,"*Murakami* is right in his memoir about running that if you skip more than one day, it's a disaster. Because mind forgets the pleasure of running so its hard to convince it to do it again. However sometimes I need to write reports at 5-6AM so after that I don't have time in morning. So I need to look for optimum strategy.

Anyway, feeling good. Temperature is a bit lower today but its pleasing once I warmed up.",2026-09-09_08-44-28_hk_1788936268.fit,72,2026-09-09T06:45:39.000Z,71.000,167.87,,191,78,2.4,29.92,50.818986,4.40316
2026-09-09,Running,Morning Run,"*Murakami* is right in his memoir about running that if you skip more than one day, it's a disaster. Because mind forgets the pleasure of running so its hard to convince it to do it again. However sometimes I need to write reports at 5-6AM so after that I don't have time in morning. So I need to look for optimum strategy.

Anyway, feeling good. Temperature is a bit lower today but its pleasing once I warmed up.",2026-09-09_08-44-28_hk_1788936268.fit,73,2026-09-09T06:45:40.000Z,72.000,171.98,,191,78,2.464,29.92,50.818968,4.40316
2026-09-09,Running,Morning Run,"*Murakami* is right in his memoir about running that if you skip more than one day, it's a disaster. Because mind forgets the pleasure of running so its hard to convince it to do it again. However sometimes I need to write reports at 5-6AM so after that I don't have time in morning. So I need to look for optimum strategy.

Anyway, feeling good. Temperature is a bit lower today but its pleasing once I warmed up.",2026-09-09_08-44-28_hk_1788936268.fit,74,2026-09-09T06:45:41.000Z,73.000,176.09,,196,78,2.601,29.91,50.81895,4.403142
2026-09-09,Running,Morning Run,"*Murakami* is right in his memoir about running that if you skip more than one day, it's a disaster. Because mind forgets the pleasure of running so its hard to convince it to do it again. However sometimes I need to write reports at 5-6AM so after that I don't have time in morning. So I need to look for optimum strategy.

Anyway, feeling good. Temperature is a bit lower today but its pleasing once I warmed up.",2026-09-09_08-44-28_hk_1788936268.fit,75,2026-09-09T06:45:42.000Z,74.000,178.61,,196,78,2.553,29.91,50.818932,4.403124
2026-09-09,Running,Morning Run,"*Murakami* is right in his memoir about running that if you skip more than one day, it's a disaster. Because mind forgets the pleasure of running so its hard to convince it to do it again. However sometimes I need to write reports at 5-6AM so after that I don't have time in morning. So I need to look for optimum strategy.

Anyway, feeling good. Temperature is a bit lower today but its pleasing once I warmed up.",2026-09-09_08-44-28_hk_1788936268.fit,76,2026-09-09T06:45:43.000Z,75.000,181.12,,196,79,2.504,29.91,50.818896,4.403106
2026-09-09,Running,Morning Run,"*Murakami* is right in his memoir about running that if you skip more than one day, it's a disaster. Because mind forgets the pleasure of running so its hard to convince it to do it again. However sometimes I need to write reports at 5-6AM so after that I don't have time in morning. So I need to look for optimum strategy.

Anyway, feeling good. Temperature is a bit lower today but its pleasing once I warmed up.",2026-09-09_08-44-28_hk_1788936268.fit,77,2026-09-09T06:45:44.000Z,76.000,183.63,,198,79,2.523,29.91,50.818878,4.403106
2026-09-09,Running,Morning Run,"*Murakami* is right in his memoir about running that if you skip more than one day, it's a disaster. Because mind forgets the pleasure of running so its hard to convince it to do it again. However sometimes I need to write reports at 5-6AM so after that I don't have time in morning. So I need to look for optimum strategy.

Anyway, feeling good. Temperature is a bit lower today but its pleasing once I warmed up.",2026-09-09_08-44-28_hk_1788936268.fit,78,2026-09-09T06:45:45.000Z,77.000,186.93,,198,79,2.581,29.9,50.81886,4.403088
2026-09-09,Running,Morning Run,"*Murakami* is right in his memoir about running that if you skip more than one day, it's a disaster. Because mind forgets the pleasure of running so its hard to convince it to do it again. However sometimes I need to write reports at 5-6AM so after that I don't have time in morning. So I need to look for optimum strategy.

Anyway, feeling good. Temperature is a bit lower today but its pleasing once I warmed up.",2026-09-09_08-44-28_hk_1788936268.fit,79,2026-09-09T06:45:46.000Z,78.000,190.22,,200,76,2.639,29.9,50.818824,4.40307
2026-09-09,Running,Morning Run,"*Murakami* is right in his memoir about running that if you skip more than one day, it's a disaster. Because mind forgets the pleasure of running so its hard to convince it to do it again. However sometimes I need to write reports at 5-6AM so after that I don't have time in morning. So I need to look for optimum strategy.

Anyway, feeling good. Temperature is a bit lower today but its pleasing once I warmed up.",2026-09-09_08-44-28_hk_1788936268.fit,80,2026-09-09T06:45:47.000Z,79.000,192.28,,200,76,2.578,29.89,50.818806,4.40307
2026-09-09,Running,Morning Run,"*Murakami* is right in his memoir about running that if you skip more than one day, it's a disaster. Because mind forgets the pleasure of running so its hard to convince it to do it again. However sometimes I need to write reports at 5-6AM so after that I don't have time in morning. So I need to look for optimum strategy.

Anyway, feeling good. Temperature is a bit lower today but its pleasing once I warmed up.",2026-09-09_08-44-28_hk_1788936268.fit,81,2026-09-09T06:45:48.000Z,80.000,194.35,,200,76,2.517,29.89,50.818788,4.403052
2026-09-09,Running,Morning Run,"*Murakami* is right in his memoir about running that if you skip more than one day, it's a disaster. Because mind forgets the pleasure of running so its hard to convince it to do it again. However sometimes I need to write reports at 5-6AM so after that I don't have time in morning. So I need to look for optimum strategy.

Anyway, feeling good. Temperature is a bit lower today but its pleasing once I warmed up.",2026-09-09_08-44-28_hk_1788936268.fit,82,2026-09-09T06:45:49.000Z,81.000,196.41,,198,79,2.523,29.89,50.81877,4.403034
2026-09-09,Running,Morning Run,"*Murakami* is right in his memoir about running that if you skip more than one day, it's a disaster. Because mind forgets the pleasure of running so its hard to convince it to do it again. However sometimes I need to write reports at 5-6AM so after that I don't have time in morning. So I need to look for optimum strategy.

Anyway, feeling good. Temperature is a bit lower today but its pleasing once I warmed up.",2026-09-09_08-44-28_hk_1788936268.fit,83,2026-09-09T06:45:50.000Z,82.000,200.18,,198,79,2.65,29.88,50.818734,4.403034
2026-09-09,Running,Morning Run,"*Murakami* is right in his memoir about running that if you skip more than one day, it's a disaster. Because mind forgets the pleasure of running so its hard to convince it to do it again. However sometimes I need to write reports at 5-6AM so after that I don't have time in morning. So I need to look for optimum strategy.

Anyway, feeling good. Temperature is a bit lower today but its pleasing once I warmed up.",2026-09-09_08-44-28_hk_1788936268.fit,84,2026-09-09T06:45:51.000Z,83.000,203.96,,200,79,2.665,29.87,50.818716,4.403016
2026-09-09,Running,Morning Run,"*Murakami* is right in his memoir about running that if you skip more than one day, it's a disaster. Because mind forgets the pleasure of running so its hard to convince it to do it again. However sometimes I need to write reports at 5-6AM so after that I don't have time in morning. So I need to look for optimum strategy.

Anyway, feeling good. Temperature is a bit lower today but its pleasing once I warmed up.",2026-09-09_08-44-28_hk_1788936268.fit,85,2026-09-09T06:45:52.000Z,84.000,206.33,,200,78,2.65,29.87,50.818698,4.403016
2026-09-09,Running,Morning Run,"*Murakami* is right in his memoir about running that if you skip more than one day, it's a disaster. Because mind forgets the pleasure of running so its hard to convince it to do it again. However sometimes I need to write reports at 5-6AM so after that I don't have time in morning. So I need to look for optimum strategy.

Anyway, feeling good. Temperature is a bit lower today but its pleasing once I warmed up.",2026-09-09_08-44-28_hk_1788936268.fit,86,2026-09-09T06:45:53.000Z,85.000,208.7,,200,78,2.594,29.86,50.818662,4.402998
2026-09-09,Running,Morning Run,"*Murakami* is right in his memoir about running that if you skip more than one day, it's a disaster. Because mind forgets the pleasure of running so its hard to convince it to do it again. However sometimes I need to write reports at 5-6AM so after that I don't have time in morning. So I need to look for optimum strategy.

Anyway, feeling good. Temperature is a bit lower today but its pleasing once I warmed up.",2026-09-09_08-44-28_hk_1788936268.fit,87,2026-09-09T06:45:54.000Z,86.000,211.07,,202,78,2.594,29.86,50.818644,4.402998
2026-09-09,Running,Morning Run,"*Murakami* is right in his memoir about running that if you skip more than one day, it's a disaster. Because mind forgets the pleasure of running so its hard to convince it to do it again. However sometimes I need to write reports at 5-6AM so after that I don't have time in morning. So I need to look for optimum strategy.

Anyway, feeling good. Temperature is a bit lower today but its pleasing once I warmed up.",2026-09-09_08-44-28_hk_1788936268.fit,88,2026-09-09T06:45:55.000Z,87.000,214.71,,202,78,2.673,29.85,50.818626,4.40298
2026-09-09,Running,Morning Run,"*Murakami* is right in his memoir about running that if you skip more than one day, it's a disaster. Because mind forgets the pleasure of running so its hard to convince it to do it again. However sometimes I need to write reports at 5-6AM so after that I don't have time in morning. So I need to look for optimum strategy.

Anyway, feeling good. Temperature is a bit lower today but its pleasing once I warmed up.",2026-09-09_08-44-28_hk_1788936268.fit,89,2026-09-09T06:45:56.000Z,88.000,218.34,,152,78,2.969,29.85,50.81859,4.402962
2026-09-09,Running,Morning Run,"*Murakami* is right in his memoir about running that if you skip more than one day, it's a disaster. Because mind forgets the pleasure of running so its hard to convince it to do it again. However sometimes I need to write reports at 5-6AM so after that I don't have time in morning. So I need to look for optimum strategy.

Anyway, feeling good. Temperature is a bit lower today but its pleasing once I warmed up.",2026-09-09_08-44-28_hk_1788936268.fit,90,2026-09-09T06:45:57.000Z,89.000,220.58,,152,78,2.928,29.85,50.818572,4.402944
2026-09-09,Running,Morning Run,"*Murakami* is right in his memoir about running that if you skip more than one day, it's a disaster. Because mind forgets the pleasure of running so its hard to convince it to do it again. However sometimes I need to write reports at 5-6AM so after that I don't have time in morning. So I need to look for optimum strategy.

Anyway, feeling good. Temperature is a bit lower today but its pleasing once I warmed up.",2026-09-09_08-44-28_hk_1788936268.fit,91,2026-09-09T06:45:58.000Z,90.000,222.81,,152,79,2.824,29.85,50.818554,4.402926
2026-09-09,Running,Morning Run,"*Murakami* is right in his memoir about running that if you skip more than one day, it's a disaster. Because mind forgets the pleasure of running so its hard to convince it to do it again. However sometimes I need to write reports at 5-6AM so after that I don't have time in morning. So I need to look for optimum strategy.

Anyway, feeling good. Temperature is a bit lower today but its pleasing once I warmed up.",2026-09-09_08-44-28_hk_1788936268.fit,92,2026-09-09T06:45:59.000Z,91.000,225.04,,163,79,2.793,29.84,50.818518,4.402908
2026-09-09,Running,Morning Run,"*Murakami* is right in his memoir about running that if you skip more than one day, it's a disaster. Because mind forgets the pleasure of running so its hard to convince it to do it again. However sometimes I need to write reports at 5-6AM so after that I don't have time in morning. So I need to look for optimum strategy.

Anyway, feeling good. Temperature is a bit lower today but its pleasing once I warmed up.",2026-09-09_08-44-28_hk_1788936268.fit,93,2026-09-09T06:46:00.000Z,92.000,227.03,,163,79,2.681,29.85,50.8185,4.40289
2026-09-09,Running,Morning Run,"*Murakami* is right in his memoir about running that if you skip more than one day, it's a disaster. Because mind forgets the pleasure of running so its hard to convince it to do it again. However sometimes I need to write reports at 5-6AM so after that I don't have time in morning. So I need to look for optimum strategy.

Anyway, feeling good. Temperature is a bit lower today but its pleasing once I warmed up.",2026-09-09_08-44-28_hk_1788936268.fit,94,2026-09-09T06:46:01.000Z,93.000,229.01,,163,77,2.653,29.85,50.818482,4.402872
2026-09-09,Running,Morning Run,"*Murakami* is right in his memoir about running that if you skip more than one day, it's a disaster. Because mind forgets the pleasure of running so its hard to convince it to do it again. However sometimes I need to write reports at 5-6AM so after that I don't have time in morning. So I need to look for optimum strategy.

Anyway, feeling good. Temperature is a bit lower today but its pleasing once I warmed up.",2026-09-09_08-44-28_hk_1788936268.fit,95,2026-09-09T06:46:02.000Z,94.000,231,,189,77,2.62,29.85,50.818464,4.402854
2026-09-09,Running,Morning Run,"*Murakami* is right in his memoir about running that if you skip more than one day, it's a disaster. Because mind forgets the pleasure of running so its hard to convince it to do it again. However sometimes I need to write reports at 5-6AM so after that I don't have time in morning. So I need to look for optimum strategy.

Anyway, feeling good. Temperature is a bit lower today but its pleasing once I warmed up.",2026-09-09_08-44-28_hk_1788936268.fit,96,2026-09-09T06:46:03.000Z,95.000,234.66,,189,77,2.685,29.85,50.818446,4.402836
2026-09-09,Running,Morning Run,"*Murakami* is right in his memoir about running that if you skip more than one day, it's a disaster. Because mind forgets the pleasure of running so its hard to convince it to do it again. However sometimes I need to write reports at 5-6AM so after that I don't have time in morning. So I need to look for optimum strategy.

Anyway, feeling good. Temperature is a bit lower today but its pleasing once I warmed up.",2026-09-09_08-44-28_hk_1788936268.fit,97,2026-09-09T06:46:04.000Z,96.000,238.32,,203,79,2.705,29.85,50.818428,4.402818
2026-09-09,Running,Morning Run,"*Murakami* is right in his memoir about running that if you skip more than one day, it's a disaster. Because mind forgets the pleasure of running so its hard to convince it to do it again. However sometimes I need to write reports at 5-6AM so after that I don't have time in morning. So I need to look for optimum strategy.

Anyway, feeling good. Temperature is a bit lower today but its pleasing once I warmed up.",2026-09-09_08-44-28_hk_1788936268.fit,98,2026-09-09T06:46:05.000Z,97.000,240.49,,203,79,2.646,29.84,50.81841,4.402782
2026-09-09,Running,Morning Run,"*Murakami* is right in his memoir about running that if you skip more than one day, it's a disaster. Because mind forgets the pleasure of running so its hard to convince it to do it again. However sometimes I need to write reports at 5-6AM so after that I don't have time in morning. So I need to look for optimum strategy.

Anyway, feeling good. Temperature is a bit lower today but its pleasing once I warmed up.",2026-09-09_08-44-28_hk_1788936268.fit,99,2026-09-09T06:46:06.000Z,98.000,242.67,,203,79,2.652,29.84,50.818392,4.402764
2026-09-09,Running,Morning Run,"*Murakami* is right in his memoir about running that if you skip more than one day, it's a disaster. Because mind forgets the pleasure of running so its hard to convince it to do it again. However sometimes I need to write reports at 5-6AM so after that I don't have time in morning. So I need to look for optimum strategy.

Anyway, feeling good. Temperature is a bit lower today but its pleasing once I warmed up.",2026-09-09_08-44-28_hk_1788936268.fit,100,2026-09-09T06:46:07.000Z,99.000,244.84,,201,75,2.658,29.84,50.818374,4.402746
2026-09-09,Running,Morning Run,"*Murakami* is right in his memoir about running that if you skip more than one day, it's a disaster. Because mind forgets the pleasure of running so its hard to convince it to do it again. However sometimes I need to write reports at 5-6AM so after that I don't have time in morning. So I need to look for optimum strategy.

Anyway, feeling good. Temperature is a bit lower today but its pleasing once I warmed up.",2026-09-09_08-44-28_hk_1788936268.fit,101,2026-09-09T06:46:08.000Z,100.000,248.18,,201,75,2.725,29.84,50.818338,4.402728
2026-09-09,Running,Morning Run,"*Murakami* is right in his memoir about running that if you skip more than one day, it's a disaster. Because mind forgets the pleasure of running so its hard to convince it to do it again. However sometimes I need to write reports at 5-6AM so after that I don't have time in morning. So I need to look for optimum strategy.

Anyway, feeling good. Temperature is a bit lower today but its pleasing once I warmed up.",2026-09-09_08-44-28_hk_1788936268.fit,102,2026-09-09T06:46:09.000Z,101.000,251.53,,187,75,2.702,29.83,50.81832,4.40271
2026-09-09,Running,Morning Run,"*Murakami* is right in his memoir about running that if you skip more than one day, it's a disaster. Because mind forgets the pleasure of running so its hard to convince it to do it again. However sometimes I need to write reports at 5-6AM so after that I don't have time in morning. So I need to look for optimum strategy.

Anyway, feeling good. Temperature is a bit lower today but its pleasing once I warmed up.",2026-09-09_08-44-28_hk_1788936268.fit,103,2026-09-09T06:46:10.000Z,102.000,253.9,,187,68,2.686,29.83,50.818302,4.402692
2026-09-09,Running,Morning Run,"*Murakami* is right in his memoir about running that if you skip more than one day, it's a disaster. Because mind forgets the pleasure of running so its hard to convince it to do it again. However sometimes I need to write reports at 5-6AM so after that I don't have time in morning. So I need to look for optimum strategy.

Anyway, feeling good. Temperature is a bit lower today but its pleasing once I warmed up.",2026-09-09_08-44-28_hk_1788936268.fit,104,2026-09-09T06:46:11.000Z,103.000,256.27,,187,68,2.616,29.82,50.818284,4.402674
2026-09-09,Running,Morning Run,"*Murakami* is right in his memoir about running that if you skip more than one day, it's a disaster. Because mind forgets the pleasure of running so its hard to convince it to do it again. However sometimes I need to write reports at 5-6AM so after that I don't have time in morning. So I need to look for optimum strategy.

Anyway, feeling good. Temperature is a bit lower today but its pleasing once I warmed up.",2026-09-09_08-44-28_hk_1788936268.fit,105,2026-09-09T06:46:12.000Z,104.000,258.64,,184,68,2.616,29.82,50.818266,4.402638
2026-09-09,Running,Morning Run,"*Murakami* is right in his memoir about running that if you skip more than one day, it's a disaster. Because mind forgets the pleasure of running so its hard to convince it to do it again. However sometimes I need to write reports at 5-6AM so after that I don't have time in morning. So I need to look for optimum strategy.

Anyway, feeling good. Temperature is a bit lower today but its pleasing once I warmed up.",2026-09-09_08-44-28_hk_1788936268.fit,106,2026-09-09T06:46:13.000Z,105.000,262.03,,184,69,2.682,29.81,50.818248,4.40262
2026-09-09,Running,Morning Run,"*Murakami* is right in his memoir about running that if you skip more than one day, it's a disaster. Because mind forgets the pleasure of running so its hard to convince it to do it again. However sometimes I need to write reports at 5-6AM so after that I don't have time in morning. So I need to look for optimum strategy.

Anyway, feeling good. Temperature is a bit lower today but its pleasing once I warmed up.",2026-09-09_08-44-28_hk_1788936268.fit,107,2026-09-09T06:46:14.000Z,106.000,265.42,,182,69,2.669,29.81,50.81823,4.402602
2026-09-09,Running,Morning Run,"*Murakami* is right in his memoir about running that if you skip more than one day, it's a disaster. Because mind forgets the pleasure of running so its hard to convince it to do it again. However sometimes I need to write reports at 5-6AM so after that I don't have time in morning. So I need to look for optimum strategy.

Anyway, feeling good. Temperature is a bit lower today but its pleasing once I warmed up.",2026-09-09_08-44-28_hk_1788936268.fit,108,2026-09-09T06:46:15.000Z,107.000,267.87,,182,69,2.658,29.8,50.818194,4.402584
2026-09-09,Running,Morning Run,"*Murakami* is right in his memoir about running that if you skip more than one day, it's a disaster. Because mind forgets the pleasure of running so its hard to convince it to do it again. However sometimes I need to write reports at 5-6AM so after that I don't have time in morning. So I need to look for optimum strategy.

Anyway, feeling good. Temperature is a bit lower today but its pleasing once I warmed up.",2026-09-09_08-44-28_hk_1788936268.fit,109,2026-09-09T06:46:16.000Z,108.000,270.31,,182,69,2.598,29.8,50.818176,4.402566
2026-09-09,Running,Morning Run,"*Murakami* is right in his memoir about running that if you skip more than one day, it's a disaster. Because mind forgets the pleasure of running so its hard to convince it to do it again. However sometimes I need to write reports at 5-6AM so after that I don't have time in morning. So I need to look for optimum strategy.

Anyway, feeling good. Temperature is a bit lower today but its pleasing once I warmed up.",2026-09-09_08-44-28_hk_1788936268.fit,110,2026-09-09T06:46:17.000Z,109.000,272.75,,183,69,2.609,29.79,50.818158,4.402548
2026-09-09,Running,Morning Run,"*Murakami* is right in his memoir about running that if you skip more than one day, it's a disaster. Because mind forgets the pleasure of running so its hard to convince it to do it again. However sometimes I need to write reports at 5-6AM so after that I don't have time in morning. So I need to look for optimum strategy.

Anyway, feeling good. Temperature is a bit lower today but its pleasing once I warmed up.",2026-09-09_08-44-28_hk_1788936268.fit,111,2026-09-09T06:46:18.000Z,110.000,275.35,,183,69,2.648,29.79,50.81814,4.402512
2026-09-09,Running,Morning Run,"*Murakami* is right in his memoir about running that if you skip more than one day, it's a disaster. Because mind forgets the pleasure of running so its hard to convince it to do it again. However sometimes I need to write reports at 5-6AM so after that I don't have time in morning. So I need to look for optimum strategy.

Anyway, feeling good. Temperature is a bit lower today but its pleasing once I warmed up.",2026-09-09_08-44-28_hk_1788936268.fit,112,2026-09-09T06:46:19.000Z,111.000,277.95,,183,78,2.68,29.78,50.818104,4.402494
2026-09-09,Running,Morning Run,"*Murakami* is right in his memoir about running that if you skip more than one day, it's a disaster. Because mind forgets the pleasure of running so its hard to convince it to do it again. However sometimes I need to write reports at 5-6AM so after that I don't have time in morning. So I need to look for optimum strategy.

Anyway, feeling good. Temperature is a bit lower today but its pleasing once I warmed up.",2026-09-09_08-44-28_hk_1788936268.fit,113,2026-09-09T06:46:20.000Z,112.000,280.54,,194,78,2.712,29.78,50.818086,4.402476
2026-09-09,Running,Morning Run,"*Murakami* is right in his memoir about running that if you skip more than one day, it's a disaster. Because mind forgets the pleasure of running so its hard to convince it to do it again. However sometimes I need to write reports at 5-6AM so after that I don't have time in morning. So I need to look for optimum strategy.

Anyway, feeling good. Temperature is a bit lower today but its pleasing once I warmed up.",2026-09-09_08-44-28_hk_1788936268.fit,114,2026-09-09T06:46:21.000Z,113.000,283.82,,194,78,2.78,29.77,50.818068,4.40244
2026-09-09,Running,Morning Run,"*Murakami* is right in his memoir about running that if you skip more than one day, it's a disaster. Because mind forgets the pleasure of running so its hard to convince it to do it again. However sometimes I need to write reports at 5-6AM so after that I don't have time in morning. So I need to look for optimum strategy.

Anyway, feeling good. Temperature is a bit lower today but its pleasing once I warmed up.",2026-09-09_08-44-28_hk_1788936268.fit,115,2026-09-09T06:46:22.000Z,114.000,287.11,,192,76,2.76,29.77,50.81805,4.402422
2026-09-09,Running,Morning Run,"*Murakami* is right in his memoir about running that if you skip more than one day, it's a disaster. Because mind forgets the pleasure of running so its hard to convince it to do it again. However sometimes I need to write reports at 5-6AM so after that I don't have time in morning. So I need to look for optimum strategy.

Anyway, feeling good. Temperature is a bit lower today but its pleasing once I warmed up.",2026-09-09_08-44-28_hk_1788936268.fit,116,2026-09-09T06:46:23.000Z,115.000,289.39,,192,76,2.688,29.76,50.818032,4.402386
2026-09-09,Running,Morning Run,"*Murakami* is right in his memoir about running that if you skip more than one day, it's a disaster. Because mind forgets the pleasure of running so its hard to convince it to do it again. However sometimes I need to write reports at 5-6AM so after that I don't have time in morning. So I need to look for optimum strategy.

Anyway, feeling good. Temperature is a bit lower today but its pleasing once I warmed up.",2026-09-09_08-44-28_hk_1788936268.fit,117,2026-09-09T06:46:24.000Z,116.000,291.66,,192,76,2.693,29.76,50.818014,4.402368
2026-09-09,Running,Morning Run,"*Murakami* is right in his memoir about running that if you skip more than one day, it's a disaster. Because mind forgets the pleasure of running so its hard to convince it to do it again. However sometimes I need to write reports at 5-6AM so after that I don't have time in morning. So I need to look for optimum strategy.

Anyway, feeling good. Temperature is a bit lower today but its pleasing once I warmed up.",2026-09-09_08-44-28_hk_1788936268.fit,118,2026-09-09T06:46:25.000Z,117.000,293.94,,190,79,2.699,29.75,50.817996,4.402332
2026-09-09,Running,Morning Run,"*Murakami* is right in his memoir about running that if you skip more than one day, it's a disaster. Because mind forgets the pleasure of running so its hard to convince it to do it again. However sometimes I need to write reports at 5-6AM so after that I don't have time in morning. So I need to look for optimum strategy.

Anyway, feeling good. Temperature is a bit lower today but its pleasing once I warmed up.",2026-09-09_08-44-28_hk_1788936268.fit,119,2026-09-09T06:46:26.000Z,118.000,297.61,,190,79,2.778,29.75,50.817978,4.402314
2026-09-09,Running,Morning Run,"*Murakami* is right in his memoir about running that if you skip more than one day, it's a disaster. Because mind forgets the pleasure of running so its hard to convince it to do it again. However sometimes I need to write reports at 5-6AM so after that I don't have time in morning. So I need to look for optimum strategy.

Anyway, feeling good. Temperature is a bit lower today but its pleasing once I warmed up.",2026-09-09_08-44-28_hk_1788936268.fit,120,2026-09-09T06:46:27.000Z,119.000,301.29,,187,79,2.795,29.74,50.81796,4.402278
2026-09-09,Running,Morning Run,"*Murakami* is right in his memoir about running that if you skip more than one day, it's a disaster. Because mind forgets the pleasure of running so its hard to convince it to do it again. However sometimes I need to write reports at 5-6AM so after that I don't have time in morning. So I need to look for optimum strategy.

Anyway, feeling good. Temperature is a bit lower today but its pleasing once I warmed up.",2026-09-09_08-44-28_hk_1788936268.fit,121,2026-09-09T06:46:28.000Z,120.000,303.21,,187,78,2.72,29.74,50.81796,4.40226
2026-09-09,Running,Morning Run,"*Murakami* is right in his memoir about running that if you skip more than one day, it's a disaster. Because mind forgets the pleasure of running so its hard to convince it to do it again. However sometimes I need to write reports at 5-6AM so after that I don't have time in morning. So I need to look for optimum strategy.

Anyway, feeling good. Temperature is a bit lower today but its pleasing once I warmed up.",2026-09-09_08-44-28_hk_1788936268.fit,122,2026-09-09T06:46:29.000Z,121.000,305.13,,187,78,2.696,29.73,50.817942,4.402242
2026-09-09,Running,Morning Run,"*Murakami* is right in his memoir about running that if you skip more than one day, it's a disaster. Because mind forgets the pleasure of running so its hard to convince it to do it again. However sometimes I need to write reports at 5-6AM so after that I don't have time in morning. So I need to look for optimum strategy.

Anyway, feeling good. Temperature is a bit lower today but its pleasing once I warmed up.",2026-09-09_08-44-28_hk_1788936268.fit,123,2026-09-09T06:46:30.000Z,122.000,307.05,,181,78,2.672,29.72,50.817924,4.402206
2026-09-09,Running,Morning Run,"*Murakami* is right in his memoir about running that if you skip more than one day, it's a disaster. Because mind forgets the pleasure of running so its hard to convince it to do it again. However sometimes I need to write reports at 5-6AM so after that I don't have time in morning. So I need to look for optimum strategy.

Anyway, feeling good. Temperature is a bit lower today but its pleasing once I warmed up.",2026-09-09_08-44-28_hk_1788936268.fit,124,2026-09-09T06:46:31.000Z,123.000,310.09,,181,78,2.708,29.72,50.817906,4.402188
2026-09-09,Running,Morning Run,"*Murakami* is right in his memoir about running that if you skip more than one day, it's a disaster. Because mind forgets the pleasure of running so its hard to convince it to do it again. However sometimes I need to write reports at 5-6AM so after that I don't have time in morning. So I need to look for optimum strategy.

Anyway, feeling good. Temperature is a bit lower today but its pleasing once I warmed up.",2026-09-09_08-44-28_hk_1788936268.fit,125,2026-09-09T06:46:32.000Z,124.000,313.13,,176,78,2.689,29.72,50.817888,4.402152
2026-09-09,Running,Morning Run,"*Murakami* is right in his memoir about running that if you skip more than one day, it's a disaster. Because mind forgets the pleasure of running so its hard to convince it to do it again. However sometimes I need to write reports at 5-6AM so after that I don't have time in morning. So I need to look for optimum strategy.

Anyway, feeling good. Temperature is a bit lower today but its pleasing once I warmed up.",2026-09-09_08-44-28_hk_1788936268.fit,126,2026-09-09T06:46:33.000Z,125.000,314.99,,176,78,2.648,29.71,50.817888,4.402134
2026-09-09,Running,Morning Run,"*Murakami* is right in his memoir about running that if you skip more than one day, it's a disaster. Because mind forgets the pleasure of running so its hard to convince it to do it again. However sometimes I need to write reports at 5-6AM so after that I don't have time in morning. So I need to look for optimum strategy.

Anyway, feeling good. Temperature is a bit lower today but its pleasing once I warmed up.",2026-09-09_08-44-28_hk_1788936268.fit,127,2026-09-09T06:46:34.000Z,126.000,316.85,,176,77,2.571,29.71,50.81787,4.402116
2026-09-09,Running,Morning Run,"*Murakami* is right in his memoir about running that if you skip more than one day, it's a disaster. Because mind forgets the pleasure of running so its hard to convince it to do it again. However sometimes I need to write reports at 5-6AM so after that I don't have time in morning. So I need to look for optimum strategy.

Anyway, feeling good. Temperature is a bit lower today but its pleasing once I warmed up.",2026-09-09_08-44-28_hk_1788936268.fit,128,2026-09-09T06:46:35.000Z,127.000,318.71,,169,77,2.542,29.7,50.817852,4.402098
2026-09-09,Running,Morning Run,"*Murakami* is right in his memoir about running that if you skip more than one day, it's a disaster. Because mind forgets the pleasure of running so its hard to convince it to do it again. However sometimes I need to write reports at 5-6AM so after that I don't have time in morning. So I need to look for optimum strategy.

Anyway, feeling good. Temperature is a bit lower today but its pleasing once I warmed up.",2026-09-09_08-44-28_hk_1788936268.fit,129,2026-09-09T06:46:36.000Z,128.000,321.01,151,169,77,2.535,29.7,50.817834,4.402062
2026-09-09,Running,Morning Run,"*Murakami* is right in his memoir about running that if you skip more than one day, it's a disaster. Because mind forgets the pleasure of running so its hard to convince it to do it again. However sometimes I need to write reports at 5-6AM so after that I don't have time in morning. So I need to look for optimum strategy.

Anyway, feeling good. Temperature is a bit lower today but its pleasing once I warmed up.",2026-09-09_08-44-28_hk_1788936268.fit,130,2026-09-09T06:46:37.000Z,129.000,323.31,151,163,76,2.528,29.69,50.817834,4.402044
2026-09-09,Running,Morning Run,"*Murakami* is right in his memoir about running that if you skip more than one day, it's a disaster. Because mind forgets the pleasure of running so its hard to convince it to do it again. However sometimes I need to write reports at 5-6AM so after that I don't have time in morning. So I need to look for optimum strategy.

Anyway, feeling good. Temperature is a bit lower today but its pleasing once I warmed up.",2026-09-09_08-44-28_hk_1788936268.fit,131,2026-09-09T06:46:38.000Z,130.000,326.1,151,163,76,2.537,29.69,50.817816,4.402026
2026-09-09,Running,Morning Run,"*Murakami* is right in his memoir about running that if you skip more than one day, it's a disaster. Because mind forgets the pleasure of running so its hard to convince it to do it again. However sometimes I need to write reports at 5-6AM so after that I don't have time in morning. So I need to look for optimum strategy.

Anyway, feeling good. Temperature is a bit lower today but its pleasing once I warmed up.",2026-09-09_08-44-28_hk_1788936268.fit,132,2026-09-09T06:46:39.000Z,131.000,328.89,151,163,76,2.547,29.68,50.817798,4.402008
2026-09-09,Running,Morning Run,"*Murakami* is right in his memoir about running that if you skip more than one day, it's a disaster. Because mind forgets the pleasure of running so its hard to convince it to do it again. However sometimes I need to write reports at 5-6AM so after that I don't have time in morning. So I need to look for optimum strategy.

Anyway, feeling good. Temperature is a bit lower today but its pleasing once I warmed up.",2026-09-09_08-44-28_hk_1788936268.fit,133,2026-09-09T06:46:40.000Z,132.000,331.68,151,167,79,2.557,29.68,50.81778,4.401972
2026-09-09,Running,Morning Run,"*Murakami* is right in his memoir about running that if you skip more than one day, it's a disaster. Because mind forgets the pleasure of running so its hard to convince it to do it again. However sometimes I need to write reports at 5-6AM so after that I don't have time in morning. So I need to look for optimum strategy.

Anyway, feeling good. Temperature is a bit lower today but its pleasing once I warmed up.",2026-09-09_08-44-28_hk_1788936268.fit,134,2026-09-09T06:46:41.000Z,133.000,334.21,151,167,79,2.519,29.68,50.817762,4.401954
2026-09-09,Running,Morning Run,"*Murakami* is right in his memoir about running that if you skip more than one day, it's a disaster. Because mind forgets the pleasure of running so its hard to convince it to do it again. However sometimes I need to write reports at 5-6AM so after that I don't have time in morning. So I need to look for optimum strategy.

Anyway, feeling good. Temperature is a bit lower today but its pleasing once I warmed up.",2026-09-09_08-44-28_hk_1788936268.fit,135,2026-09-09T06:46:42.000Z,134.000,336.74,151,167,79,2.52,29.67,50.817744,4.401918
2026-09-09,Running,Morning Run,"*Murakami* is right in his memoir about running that if you skip more than one day, it's a disaster. Because mind forgets the pleasure of running so its hard to convince it to do it again. However sometimes I need to write reports at 5-6AM so after that I don't have time in morning. So I need to look for optimum strategy.

Anyway, feeling good. Temperature is a bit lower today but its pleasing once I warmed up.",2026-09-09_08-44-28_hk_1788936268.fit,136,2026-09-09T06:46:43.000Z,135.000,339.27,151,173,77,2.484,29.67,50.817726,4.401882
2026-09-09,Running,Morning Run,"*Murakami* is right in his memoir about running that if you skip more than one day, it's a disaster. Because mind forgets the pleasure of running so its hard to convince it to do it again. However sometimes I need to write reports at 5-6AM so after that I don't have time in morning. So I need to look for optimum strategy.

Anyway, feeling good. Temperature is a bit lower today but its pleasing once I warmed up.",2026-09-09_08-44-28_hk_1788936268.fit,137,2026-09-09T06:46:44.000Z,136.000,342.65,151,173,77,2.55,29.67,50.817708,4.401864
2026-09-09,Running,Morning Run,"*Murakami* is right in his memoir about running that if you skip more than one day, it's a disaster. Because mind forgets the pleasure of running so its hard to convince it to do it again. However sometimes I need to write reports at 5-6AM so after that I don't have time in morning. So I need to look for optimum strategy.

Anyway, feeling good. Temperature is a bit lower today but its pleasing once I warmed up.",2026-09-09_08-44-28_hk_1788936268.fit,138,2026-09-09T06:46:45.000Z,137.000,346.04,151,173,77,2.605,29.67,50.81769,4.401846
2026-09-09,Running,Morning Run,"*Murakami* is right in his memoir about running that if you skip more than one day, it's a disaster. Because mind forgets the pleasure of running so its hard to convince it to do it again. However sometimes I need to write reports at 5-6AM so after that I don't have time in morning. So I need to look for optimum strategy.

Anyway, feeling good. Temperature is a bit lower today but its pleasing once I warmed up.",2026-09-09_08-44-28_hk_1788936268.fit,139,2026-09-09T06:46:46.000Z,138.000,347.83,151,173,79,2.511,29.67,50.817672,4.40181
2026-09-09,Running,Morning Run,"*Murakami* is right in his memoir about running that if you skip more than one day, it's a disaster. Because mind forgets the pleasure of running so its hard to convince it to do it again. However sometimes I need to write reports at 5-6AM so after that I don't have time in morning. So I need to look for optimum strategy.

Anyway, feeling good. Temperature is a bit lower today but its pleasing once I warmed up.",2026-09-09_08-44-28_hk_1788936268.fit,140,2026-09-09T06:46:47.000Z,139.000,349.61,151,173,79,2.476,29.66,50.817672,4.401792
2026-09-09,Running,Morning Run,"*Murakami* is right in his memoir about running that if you skip more than one day, it's a disaster. Because mind forgets the pleasure of running so its hard to convince it to do it again. However sometimes I need to write reports at 5-6AM so after that I don't have time in morning. So I need to look for optimum strategy.

Anyway, feeling good. Temperature is a bit lower today but its pleasing once I warmed up.",2026-09-09_08-44-28_hk_1788936268.fit,141,2026-09-09T06:46:48.000Z,140.000,351.4,151,169,79,2.386,29.66,50.817654,4.401756
2026-09-09,Running,Morning Run,"*Murakami* is right in his memoir about running that if you skip more than one day, it's a disaster. Because mind forgets the pleasure of running so its hard to convince it to do it again. However sometimes I need to write reports at 5-6AM so after that I don't have time in morning. So I need to look for optimum strategy.

Anyway, feeling good. Temperature is a bit lower today but its pleasing once I warmed up.",2026-09-09_08-44-28_hk_1788936268.fit,142,2026-09-09T06:46:49.000Z,141.000,354.46,151,169,77,2.441,29.66,50.817636,4.401738
2026-09-09,Running,Morning Run,"*Murakami* is right in his memoir about running that if you skip more than one day, it's a disaster. Because mind forgets the pleasure of running so its hard to convince it to do it again. However sometimes I need to write reports at 5-6AM so after that I don't have time in morning. So I need to look for optimum strategy.

Anyway, feeling good. Temperature is a bit lower today but its pleasing once I warmed up.",2026-09-09_08-44-28_hk_1788936268.fit,143,2026-09-09T06:46:50.000Z,142.000,357.52,151,169,77,2.524,29.66,50.817618,4.401702
2026-09-09,Running,Morning Run,"*Murakami* is right in his memoir about running that if you skip more than one day, it's a disaster. Because mind forgets the pleasure of running so its hard to convince it to do it again. However sometimes I need to write reports at 5-6AM so after that I don't have time in morning. So I need to look for optimum strategy.

Anyway, feeling good. Temperature is a bit lower today but its pleasing once I warmed up.",2026-09-09_08-44-28_hk_1788936268.fit,144,2026-09-09T06:46:51.000Z,143.000,360.07,151,169,77,2.525,29.66,50.8176,4.401684
2026-09-09,Running,Morning Run,"*Murakami* is right in his memoir about running that if you skip more than one day, it's a disaster. Because mind forgets the pleasure of running so its hard to convince it to do it again. However sometimes I need to write reports at 5-6AM so after that I don't have time in morning. So I need to look for optimum strategy.

Anyway, feeling good. Temperature is a bit lower today but its pleasing once I warmed up.",2026-09-09_08-44-28_hk_1788936268.fit,145,2026-09-09T06:46:52.000Z,144.000,362.63,151,169,78,2.502,29.66,50.8176,4.401648
2026-09-09,Running,Morning Run,"*Murakami* is right in his memoir about running that if you skip more than one day, it's a disaster. Because mind forgets the pleasure of running so its hard to convince it to do it again. However sometimes I need to write reports at 5-6AM so after that I don't have time in morning. So I need to look for optimum strategy.

Anyway, feeling good. Temperature is a bit lower today but its pleasing once I warmed up.",2026-09-09_08-44-28_hk_1788936268.fit,146,2026-09-09T06:46:53.000Z,145.000,365.18,151,169,78,2.51,29.66,50.817582,4.401612
2026-09-09,Running,Morning Run,"*Murakami* is right in his memoir about running that if you skip more than one day, it's a disaster. Because mind forgets the pleasure of running so its hard to convince it to do it again. However sometimes I need to write reports at 5-6AM so after that I don't have time in morning. So I need to look for optimum strategy.

Anyway, feeling good. Temperature is a bit lower today but its pleasing once I warmed up.",2026-09-09_08-44-28_hk_1788936268.fit,147,2026-09-09T06:46:54.000Z,146.000,369.14,151,169,78,2.654,29.65,50.817564,4.401594
2026-09-09,Running,Morning Run,"*Murakami* is right in his memoir about running that if you skip more than one day, it's a disaster. Because mind forgets the pleasure of running so its hard to convince it to do it again. However sometimes I need to write reports at 5-6AM so after that I don't have time in morning. So I need to look for optimum strategy.

Anyway, feeling good. Temperature is a bit lower today but its pleasing once I warmed up.",2026-09-09_08-44-28_hk_1788936268.fit,148,2026-09-09T06:46:55.000Z,147.000,373.1,151,173,79,2.742,29.65,50.817546,4.401558
2026-09-09,Running,Morning Run,"*Murakami* is right in his memoir about running that if you skip more than one day, it's a disaster. Because mind forgets the pleasure of running so its hard to convince it to do it again. However sometimes I need to write reports at 5-6AM so after that I don't have time in morning. So I need to look for optimum strategy.

Anyway, feeling good. Temperature is a bit lower today but its pleasing once I warmed up.",2026-09-09_08-44-28_hk_1788936268.fit,149,2026-09-09T06:46:56.000Z,148.000,375.2,151,173,79,2.731,29.65,50.817546,4.401522
2026-09-09,Running,Morning Run,"*Murakami* is right in his memoir about running that if you skip more than one day, it's a disaster. Because mind forgets the pleasure of running so its hard to convince it to do it again. However sometimes I need to write reports at 5-6AM so after that I don't have time in morning. So I need to look for optimum strategy.

Anyway, feeling good. Temperature is a bit lower today but its pleasing once I warmed up.",2026-09-09_08-44-28_hk_1788936268.fit,150,2026-09-09T06:46:57.000Z,149.000,377.31,151,173,79,2.695,29.64,50.817528,4.401504
2026-09-09,Running,Morning Run,"*Murakami* is right in his memoir about running that if you skip more than one day, it's a disaster. Because mind forgets the pleasure of running so its hard to convince it to do it again. However sometimes I need to write reports at 5-6AM so after that I don't have time in morning. So I need to look for optimum strategy.

Anyway, feeling good. Temperature is a bit lower today but its pleasing once I warmed up.",2026-09-09_08-44-28_hk_1788936268.fit,151,2026-09-09T06:46:58.000Z,150.000,379.41,151,168,79,2.659,29.64,50.81751,4.401468
2026-09-09,Running,Morning Run,"*Murakami* is right in his memoir about running that if you skip more than one day, it's a disaster. Because mind forgets the pleasure of running so its hard to convince it to do it again. However sometimes I need to write reports at 5-6AM so after that I don't have time in morning. So I need to look for optimum strategy.

Anyway, feeling good. Temperature is a bit lower today but its pleasing once I warmed up.",2026-09-09_08-44-28_hk_1788936268.fit,152,2026-09-09T06:46:59.000Z,151.000,381.88,151,168,79,2.642,29.64,50.817492,4.401432
2026-09-09,Running,Morning Run,"*Murakami* is right in his memoir about running that if you skip more than one day, it's a disaster. Because mind forgets the pleasure of running so its hard to convince it to do it again. However sometimes I need to write reports at 5-6AM so after that I don't have time in morning. So I need to look for optimum strategy.

Anyway, feeling good. Temperature is a bit lower today but its pleasing once I warmed up.",2026-09-09_08-44-28_hk_1788936268.fit,153,2026-09-09T06:47:00.000Z,152.000,384.34,151,166,79,2.639,29.63,50.817492,4.401414
2026-09-09,Running,Morning Run,"*Murakami* is right in his memoir about running that if you skip more than one day, it's a disaster. Because mind forgets the pleasure of running so its hard to convince it to do it again. However sometimes I need to write reports at 5-6AM so after that I don't have time in morning. So I need to look for optimum strategy.

Anyway, feeling good. Temperature is a bit lower today but its pleasing once I warmed up.",2026-09-09_08-44-28_hk_1788936268.fit,154,2026-09-09T06:47:01.000Z,153.000,386.87,151,166,79,2.638,29.63,50.817474,4.401378
2026-09-09,Running,Morning Run,"*Murakami* is right in his memoir about running that if you skip more than one day, it's a disaster. Because mind forgets the pleasure of running so its hard to convince it to do it again. However sometimes I need to write reports at 5-6AM so after that I don't have time in morning. So I need to look for optimum strategy.

Anyway, feeling good. Temperature is a bit lower today but its pleasing once I warmed up.",2026-09-09_08-44-28_hk_1788936268.fit,155,2026-09-09T06:47:02.000Z,154.000,389.4,151,166,79,2.638,29.62,50.817456,4.401342
2026-09-09,Running,Morning Run,"*Murakami* is right in his memoir about running that if you skip more than one day, it's a disaster. Because mind forgets the pleasure of running so its hard to convince it to do it again. However sometimes I need to write reports at 5-6AM so after that I don't have time in morning. So I need to look for optimum strategy.

Anyway, feeling good. Temperature is a bit lower today but its pleasing once I warmed up.",2026-09-09_08-44-28_hk_1788936268.fit,156,2026-09-09T06:47:03.000Z,155.000,391.92,151,169,79,2.633,29.62,50.817438,4.401306
2026-09-09,Running,Morning Run,"*Murakami* is right in his memoir about running that if you skip more than one day, it's a disaster. Because mind forgets the pleasure of running so its hard to convince it to do it again. However sometimes I need to write reports at 5-6AM so after that I don't have time in morning. So I need to look for optimum strategy.

Anyway, feeling good. Temperature is a bit lower today but its pleasing once I warmed up.",2026-09-09_08-44-28_hk_1788936268.fit,157,2026-09-09T06:47:04.000Z,156.000,394.47,151,169,79,2.591,29.61,50.817438,4.401288
2026-09-09,Running,Morning Run,"*Murakami* is right in his memoir about running that if you skip more than one day, it's a disaster. Because mind forgets the pleasure of running so its hard to convince it to do it again. However sometimes I need to write reports at 5-6AM so after that I don't have time in morning. So I need to look for optimum strategy.

Anyway, feeling good. Temperature is a bit lower today but its pleasing once I warmed up.",2026-09-09_08-44-28_hk_1788936268.fit,158,2026-09-09T06:47:05.000Z,157.000,397.03,151,169,79,2.549,29.61,50.81742,4.401252
2026-09-09,Running,Morning Run,"*Murakami* is right in his memoir about running that if you skip more than one day, it's a disaster. Because mind forgets the pleasure of running so its hard to convince it to do it again. However sometimes I need to write reports at 5-6AM so after that I don't have time in morning. So I need to look for optimum strategy.

Anyway, feeling good. Temperature is a bit lower today but its pleasing once I warmed up.",2026-09-09_08-44-28_hk_1788936268.fit,159,2026-09-09T06:47:06.000Z,158.000,399.58,151,170,79,2.588,29.61,50.817402,4.401216
2026-09-09,Running,Morning Run,"*Murakami* is right in his memoir about running that if you skip more than one day, it's a disaster. Because mind forgets the pleasure of running so its hard to convince it to do it again. However sometimes I need to write reports at 5-6AM so after that I don't have time in morning. So I need to look for optimum strategy.

Anyway, feeling good. Temperature is a bit lower today but its pleasing once I warmed up.",2026-09-09_08-44-28_hk_1788936268.fit,160,2026-09-09T06:47:07.000Z,159.000,401.98,151,170,77,2.662,29.61,50.817402,4.40118
2026-09-09,Running,Morning Run,"*Murakami* is right in his memoir about running that if you skip more than one day, it's a disaster. Because mind forgets the pleasure of running so its hard to convince it to do it again. However sometimes I need to write reports at 5-6AM so after that I don't have time in morning. So I need to look for optimum strategy.

Anyway, feeling good. Temperature is a bit lower today but its pleasing once I warmed up.",2026-09-09_08-44-28_hk_1788936268.fit,161,2026-09-09T06:47:08.000Z,160.000,404.39,151,167,77,2.65,29.6,50.817384,4.401162
2026-09-09,Running,Morning Run,"*Murakami* is right in his memoir about running that if you skip more than one day, it's a disaster. Because mind forgets the pleasure of running so its hard to convince it to do it again. However sometimes I need to write reports at 5-6AM so after that I don't have time in morning. So I need to look for optimum strategy.

Anyway, feeling good. Temperature is a bit lower today but its pleasing once I warmed up.",2026-09-09_08-44-28_hk_1788936268.fit,162,2026-09-09T06:47:09.000Z,161.000,406.71,151,167,77,2.612,29.6,50.817384,4.401126
2026-09-09,Running,Morning Run,"*Murakami* is right in his memoir about running that if you skip more than one day, it's a disaster. Because mind forgets the pleasure of running so its hard to convince it to do it again. However sometimes I need to write reports at 5-6AM so after that I don't have time in morning. So I need to look for optimum strategy.

Anyway, feeling good. Temperature is a bit lower today but its pleasing once I warmed up.",2026-09-09_08-44-28_hk_1788936268.fit,163,2026-09-09T06:47:10.000Z,162.000,409.02,151,167,79,2.575,29.6,50.817366,4.40109
2026-09-09,Running,Morning Run,"*Murakami* is right in his memoir about running that if you skip more than one day, it's a disaster. Because mind forgets the pleasure of running so its hard to convince it to do it again. However sometimes I need to write reports at 5-6AM so after that I don't have time in morning. So I need to look for optimum strategy.

Anyway, feeling good. Temperature is a bit lower today but its pleasing once I warmed up.",2026-09-09_08-44-28_hk_1788936268.fit,164,2026-09-09T06:47:11.000Z,163.000,411.34,151,168,79,2.563,29.6,50.817366,4.401072
2026-09-09,Running,Morning Run,"*Murakami* is right in his memoir about running that if you skip more than one day, it's a disaster. Because mind forgets the pleasure of running so its hard to convince it to do it again. However sometimes I need to write reports at 5-6AM so after that I don't have time in morning. So I need to look for optimum strategy.

Anyway, feeling good. Temperature is a bit lower today but its pleasing once I warmed up.",2026-09-09_08-44-28_hk_1788936268.fit,165,2026-09-09T06:47:12.000Z,164.000,414.56,151,168,79,2.597,29.6,50.817348,4.401036
2026-09-09,Running,Morning Run,"*Murakami* is right in his memoir about running that if you skip more than one day, it's a disaster. Because mind forgets the pleasure of running so its hard to convince it to do it again. However sometimes I need to write reports at 5-6AM so after that I don't have time in morning. So I need to look for optimum strategy.

Anyway, feeling good. Temperature is a bit lower today but its pleasing once I warmed up.",2026-09-09_08-44-28_hk_1788936268.fit,166,2026-09-09T06:47:13.000Z,165.000,417.78,151,170,76,2.63,29.6,50.81733,4.401
2026-09-09,Running,Morning Run,"*Murakami* is right in his memoir about running that if you skip more than one day, it's a disaster. Because mind forgets the pleasure of running so its hard to convince it to do it again. However sometimes I need to write reports at 5-6AM so after that I don't have time in morning. So I need to look for optimum strategy.

Anyway, feeling good. Temperature is a bit lower today but its pleasing once I warmed up.",2026-09-09_08-44-28_hk_1788936268.fit,167,2026-09-09T06:47:14.000Z,166.000,419.73,151,170,76,2.529,29.6,50.81733,4.400964
2026-09-09,Running,Morning Run,"*Murakami* is right in his memoir about running that if you skip more than one day, it's a disaster. Because mind forgets the pleasure of running so its hard to convince it to do it again. However sometimes I need to write reports at 5-6AM so after that I don't have time in morning. So I need to look for optimum strategy.

Anyway, feeling good. Temperature is a bit lower today but its pleasing once I warmed up.",2026-09-09_08-44-28_hk_1788936268.fit,168,2026-09-09T06:47:15.000Z,167.000,421.68,151,170,76,2.502,29.59,50.817312,4.400946
2026-09-09,Running,Morning Run,"*Murakami* is right in his memoir about running that if you skip more than one day, it's a disaster. Because mind forgets the pleasure of running so its hard to convince it to do it again. However sometimes I need to write reports at 5-6AM so after that I don't have time in morning. So I need to look for optimum strategy.

Anyway, feeling good. Temperature is a bit lower today but its pleasing once I warmed up.",2026-09-09_08-44-28_hk_1788936268.fit,169,2026-09-09T06:47:16.000Z,168.000,423.62,151,168,77,2.406,29.59,50.817312,4.40091
2026-09-09,Running,Morning Run,"*Murakami* is right in his memoir about running that if you skip more than one day, it's a disaster. Because mind forgets the pleasure of running so its hard to convince it to do it again. However sometimes I need to write reports at 5-6AM so after that I don't have time in morning. So I need to look for optimum strategy.

Anyway, feeling good. Temperature is a bit lower today but its pleasing once I warmed up.",2026-09-09_08-44-28_hk_1788936268.fit,170,2026-09-09T06:47:17.000Z,169.000,427.33,151,168,77,2.501,29.59,50.817294,4.400874
2026-09-09,Running,Morning Run,"*Murakami* is right in his memoir about running that if you skip more than one day, it's a disaster. Because mind forgets the pleasure of running so its hard to convince it to do it again. However sometimes I need to write reports at 5-6AM so after that I don't have time in morning. So I need to look for optimum strategy.

Anyway, feeling good. Temperature is a bit lower today but its pleasing once I warmed up.",2026-09-09_08-44-28_hk_1788936268.fit,171,2026-09-09T06:47:18.000Z,170.000,431.04,151,167,77,2.581,29.59,50.817294,4.400856
2026-09-09,Running,Morning Run,"*Murakami* is right in his memoir about running that if you skip more than one day, it's a disaster. Because mind forgets the pleasure of running so its hard to convince it to do it again. However sometimes I need to write reports at 5-6AM so after that I don't have time in morning. So I need to look for optimum strategy.

Anyway, feeling good. Temperature is a bit lower today but its pleasing once I warmed up.",2026-09-09_08-44-28_hk_1788936268.fit,172,2026-09-09T06:47:19.000Z,171.000,432.78,151,167,78,2.545,29.59,50.817276,4.40082
2026-09-09,Running,Morning Run,"*Murakami* is right in his memoir about running that if you skip more than one day, it's a disaster. Because mind forgets the pleasure of running so its hard to convince it to do it again. However sometimes I need to write reports at 5-6AM so after that I don't have time in morning. So I need to look for optimum strategy.

Anyway, feeling good. Temperature is a bit lower today but its pleasing once I warmed up.",2026-09-09_08-44-28_hk_1788936268.fit,173,2026-09-09T06:47:20.000Z,172.000,434.52,151,167,78,2.509,29.59,50.817276,4.400784
2026-09-09,Running,Morning Run,"*Murakami* is right in his memoir about running that if you skip more than one day, it's a disaster. Because mind forgets the pleasure of running so its hard to convince it to do it again. However sometimes I need to write reports at 5-6AM so after that I don't have time in morning. So I need to look for optimum strategy.

Anyway, feeling good. Temperature is a bit lower today but its pleasing once I warmed up.",2026-09-09_08-44-28_hk_1788936268.fit,174,2026-09-09T06:47:21.000Z,173.000,436.26,151,164,78,2.472,29.59,50.817258,4.400766
2026-09-09,Running,Morning Run,"*Murakami* is right in his memoir about running that if you skip more than one day, it's a disaster. Because mind forgets the pleasure of running so its hard to convince it to do it again. However sometimes I need to write reports at 5-6AM so after that I don't have time in morning. So I need to look for optimum strategy.

Anyway, feeling good. Temperature is a bit lower today but its pleasing once I warmed up.",2026-09-09_08-44-28_hk_1788936268.fit,175,2026-09-09T06:47:22.000Z,174.000,438.34,151,164,78,2.451,29.58,50.817258,4.40073
2026-09-09,Running,Morning Run,"*Murakami* is right in his memoir about running that if you skip more than one day, it's a disaster. Because mind forgets the pleasure of running so its hard to convince it to do it again. However sometimes I need to write reports at 5-6AM so after that I don't have time in morning. So I need to look for optimum strategy.

Anyway, feeling good. Temperature is a bit lower today but its pleasing once I warmed up.",2026-09-09_08-44-28_hk_1788936268.fit,176,2026-09-09T06:47:23.000Z,175.000,440.43,151,164,78,2.43,29.58,50.81724,4.400694
2026-09-09,Running,Morning Run,"*Murakami* is right in his memoir about running that if you skip more than one day, it's a disaster. Because mind forgets the pleasure of running so its hard to convince it to do it again. However sometimes I need to write reports at 5-6AM so after that I don't have time in morning. So I need to look for optimum strategy.

Anyway, feeling good. Temperature is a bit lower today but its pleasing once I warmed up.",2026-09-09_08-44-28_hk_1788936268.fit,177,2026-09-09T06:47:24.000Z,176.000,442.51,151,163,78,2.409,29.58,50.81724,4.400676
2026-09-09,Running,Morning Run,"*Murakami* is right in his memoir about running that if you skip more than one day, it's a disaster. Because mind forgets the pleasure of running so its hard to convince it to do it again. However sometimes I need to write reports at 5-6AM so after that I don't have time in morning. So I need to look for optimum strategy.

Anyway, feeling good. Temperature is a bit lower today but its pleasing once I warmed up.",2026-09-09_08-44-28_hk_1788936268.fit,178,2026-09-09T06:47:25.000Z,177.000,445.29,151,163,79,2.42,29.58,50.817222,4.40064
2026-09-09,Running,Morning Run,"*Murakami* is right in his memoir about running that if you skip more than one day, it's a disaster. Because mind forgets the pleasure of running so its hard to convince it to do it again. However sometimes I need to write reports at 5-6AM so after that I don't have time in morning. So I need to look for optimum strategy.

Anyway, feeling good. Temperature is a bit lower today but its pleasing once I warmed up.",2026-09-09_08-44-28_hk_1788936268.fit,179,2026-09-09T06:47:26.000Z,178.000,448.08,151,160,79,2.431,29.58,50.817222,4.400604
2026-09-09,Running,Morning Run,"*Murakami* is right in his memoir about running that if you skip more than one day, it's a disaster. Because mind forgets the pleasure of running so its hard to convince it to do it again. However sometimes I need to write reports at 5-6AM so after that I don't have time in morning. So I need to look for optimum strategy.

Anyway, feeling good. Temperature is a bit lower today but its pleasing once I warmed up.",2026-09-09_08-44-28_hk_1788936268.fit,180,2026-09-09T06:47:27.000Z,179.000,450.25,151,160,79,2.413,29.58,50.817204,4.400586
2026-09-09,Running,Morning Run,"*Murakami* is right in his memoir about running that if you skip more than one day, it's a disaster. Because mind forgets the pleasure of running so its hard to convince it to do it again. However sometimes I need to write reports at 5-6AM so after that I don't have time in morning. So I need to look for optimum strategy.

Anyway, feeling good. Temperature is a bit lower today but its pleasing once I warmed up.",2026-09-09_08-44-28_hk_1788936268.fit,181,2026-09-09T06:47:28.000Z,180.000,452.42,151,160,77,2.402,29.58,50.817204,4.40055
2026-09-09,Running,Morning Run,"*Murakami* is right in his memoir about running that if you skip more than one day, it's a disaster. Because mind forgets the pleasure of running so its hard to convince it to do it again. However sometimes I need to write reports at 5-6AM so after that I don't have time in morning. So I need to look for optimum strategy.

Anyway, feeling good. Temperature is a bit lower today but its pleasing once I warmed up.",2026-09-09_08-44-28_hk_1788936268.fit,182,2026-09-09T06:47:29.000Z,181.000,454.59,151,162,77,2.39,29.58,50.817186,4.400514
2026-09-09,Running,Morning Run,"*Murakami* is right in his memoir about running that if you skip more than one day, it's a disaster. Because mind forgets the pleasure of running so its hard to convince it to do it again. However sometimes I need to write reports at 5-6AM so after that I don't have time in morning. So I need to look for optimum strategy.

Anyway, feeling good. Temperature is a bit lower today but its pleasing once I warmed up.",2026-09-09_08-44-28_hk_1788936268.fit,183,2026-09-09T06:47:30.000Z,182.000,456.87,151,162,77,2.389,29.57,50.817186,4.400478
2026-09-09,Running,Morning Run,"*Murakami* is right in his memoir about running that if you skip more than one day, it's a disaster. Because mind forgets the pleasure of running so its hard to convince it to do it again. However sometimes I need to write reports at 5-6AM so after that I don't have time in morning. So I need to look for optimum strategy.

Anyway, feeling good. Temperature is a bit lower today but its pleasing once I warmed up.",2026-09-09_08-44-28_hk_1788936268.fit,184,2026-09-09T06:47:31.000Z,183.000,459.14,151,157,79,2.387,29.57,50.817168,4.400442
2026-09-09,Running,Morning Run,"*Murakami* is right in his memoir about running that if you skip more than one day, it's a disaster. Because mind forgets the pleasure of running so its hard to convince it to do it again. However sometimes I need to write reports at 5-6AM so after that I don't have time in morning. So I need to look for optimum strategy.

Anyway, feeling good. Temperature is a bit lower today but its pleasing once I warmed up.",2026-09-09_08-44-28_hk_1788936268.fit,185,2026-09-09T06:47:32.000Z,184.000,461.1,151,157,79,2.367,29.57,50.817168,4.400424
2026-09-09,Running,Morning Run,"*Murakami* is right in his memoir about running that if you skip more than one day, it's a disaster. Because mind forgets the pleasure of running so its hard to convince it to do it again. However sometimes I need to write reports at 5-6AM so after that I don't have time in morning. So I need to look for optimum strategy.

Anyway, feeling good. Temperature is a bit lower today but its pleasing once I warmed up.",2026-09-09_08-44-28_hk_1788936268.fit,186,2026-09-09T06:47:33.000Z,185.000,463.06,151,157,79,2.351,29.57,50.817168,4.400388
2026-09-09,Running,Morning Run,"*Murakami* is right in his memoir about running that if you skip more than one day, it's a disaster. Because mind forgets the pleasure of running so its hard to convince it to do it again. However sometimes I need to write reports at 5-6AM so after that I don't have time in morning. So I need to look for optimum strategy.

Anyway, feeling good. Temperature is a bit lower today but its pleasing once I warmed up.",2026-09-09_08-44-28_hk_1788936268.fit,187,2026-09-09T06:47:34.000Z,186.000,465.02,151,158,76,2.294,29.57,50.81715,4.400352
2026-09-09,Running,Morning Run,"*Murakami* is right in his memoir about running that if you skip more than one day, it's a disaster. Because mind forgets the pleasure of running so its hard to convince it to do it again. However sometimes I need to write reports at 5-6AM so after that I don't have time in morning. So I need to look for optimum strategy.

Anyway, feeling good. Temperature is a bit lower today but its pleasing once I warmed up.",2026-09-09_08-44-28_hk_1788936268.fit,188,2026-09-09T06:47:35.000Z,187.000,468.43,151,158,76,2.302,29.57,50.81715,4.400316
2026-09-09,Running,Morning Run,"*Murakami* is right in his memoir about running that if you skip more than one day, it's a disaster. Because mind forgets the pleasure of running so its hard to convince it to do it again. However sometimes I need to write reports at 5-6AM so after that I don't have time in morning. So I need to look for optimum strategy.

Anyway, feeling good. Temperature is a bit lower today but its pleasing once I warmed up.",2026-09-09_08-44-28_hk_1788936268.fit,189,2026-09-09T06:47:36.000Z,188.000,471.84,151,161,76,2.389,29.57,50.81715,4.400298
2026-09-09,Running,Morning Run,"*Murakami* is right in his memoir about running that if you skip more than one day, it's a disaster. Because mind forgets the pleasure of running so its hard to convince it to do it again. However sometimes I need to write reports at 5-6AM so after that I don't have time in morning. So I need to look for optimum strategy.

Anyway, feeling good. Temperature is a bit lower today but its pleasing once I warmed up.",2026-09-09_08-44-28_hk_1788936268.fit,190,2026-09-09T06:47:37.000Z,189.000,474.13,151,161,77,2.405,29.57,50.81715,4.400262
2026-09-09,Running,Morning Run,"*Murakami* is right in his memoir about running that if you skip more than one day, it's a disaster. Because mind forgets the pleasure of running so its hard to convince it to do it again. However sometimes I need to write reports at 5-6AM so after that I don't have time in morning. So I need to look for optimum strategy.

Anyway, feeling good. Temperature is a bit lower today but its pleasing once I warmed up.",2026-09-09_08-44-28_hk_1788936268.fit,191,2026-09-09T06:47:38.000Z,190.000,476.43,151,161,77,2.4,29.57,50.817132,4.400244
2026-09-09,Running,Morning Run,"*Murakami* is right in his memoir about running that if you skip more than one day, it's a disaster. Because mind forgets the pleasure of running so its hard to convince it to do it again. However sometimes I need to write reports at 5-6AM so after that I don't have time in morning. So I need to look for optimum strategy.

Anyway, feeling good. Temperature is a bit lower today but its pleasing once I warmed up.",2026-09-09_08-44-28_hk_1788936268.fit,192,2026-09-09T06:47:39.000Z,191.000,478.72,151,164,77,2.336,29.57,50.817132,4.400226
2026-09-09,Running,Morning Run,"*Murakami* is right in his memoir about running that if you skip more than one day, it's a disaster. Because mind forgets the pleasure of running so its hard to convince it to do it again. However sometimes I need to write reports at 5-6AM so after that I don't have time in morning. So I need to look for optimum strategy.

Anyway, feeling good. Temperature is a bit lower today but its pleasing once I warmed up.",2026-09-09_08-44-28_hk_1788936268.fit,193,2026-09-09T06:47:40.000Z,192.000,481.77,151,164,78,2.306,29.57,50.817132,4.400208
2026-09-09,Running,Morning Run,"*Murakami* is right in his memoir about running that if you skip more than one day, it's a disaster. Because mind forgets the pleasure of running so its hard to convince it to do it again. However sometimes I need to write reports at 5-6AM so after that I don't have time in morning. So I need to look for optimum strategy.

Anyway, feeling good. Temperature is a bit lower today but its pleasing once I warmed up.",2026-09-09_08-44-28_hk_1788936268.fit,194,2026-09-09T06:47:41.000Z,193.000,484.82,151,165,78,2.395,29.57,50.817132,4.400208
2026-09-09,Running,Morning Run,"*Murakami* is right in his memoir about running that if you skip more than one day, it's a disaster. Because mind forgets the pleasure of running so its hard to convince it to do it again. However sometimes I need to write reports at 5-6AM so after that I don't have time in morning. So I need to look for optimum strategy.

Anyway, feeling good. Temperature is a bit lower today but its pleasing once I warmed up.",2026-09-09_08-44-28_hk_1788936268.fit,195,2026-09-09T06:47:42.000Z,194.000,487.13,151,165,78,2.422,29.57,50.817132,4.40019
2026-09-09,Running,Morning Run,"*Murakami* is right in his memoir about running that if you skip more than one day, it's a disaster. Because mind forgets the pleasure of running so its hard to convince it to do it again. However sometimes I need to write reports at 5-6AM so after that I don't have time in morning. So I need to look for optimum strategy.

Anyway, feeling good. Temperature is a bit lower today but its pleasing once I warmed up.",2026-09-09_08-44-28_hk_1788936268.fit,196,2026-09-09T06:47:43.000Z,195.000,489.44,151,165,78,2.433,29.57,50.817132,4.400172
2026-09-09,Running,Morning Run,"*Murakami* is right in his memoir about running that if you skip more than one day, it's a disaster. Because mind forgets the pleasure of running so its hard to convince it to do it again. However sometimes I need to write reports at 5-6AM so after that I don't have time in morning. So I need to look for optimum strategy.

Anyway, feeling good. Temperature is a bit lower today but its pleasing once I warmed up.",2026-09-09_08-44-28_hk_1788936268.fit,197,2026-09-09T06:47:44.000Z,196.000,491.75,151,166,78,2.444,29.57,50.817132,4.400154
2026-09-09,Running,Morning Run,"*Murakami* is right in his memoir about running that if you skip more than one day, it's a disaster. Because mind forgets the pleasure of running so its hard to convince it to do it again. However sometimes I need to write reports at 5-6AM so after that I don't have time in morning. So I need to look for optimum strategy.

Anyway, feeling good. Temperature is a bit lower today but its pleasing once I warmed up.",2026-09-09_08-44-28_hk_1788936268.fit,198,2026-09-09T06:47:45.000Z,197.000,494.02,151,166,78,2.453,29.57,50.817114,4.400118
2026-09-09,Running,Morning Run,"*Murakami* is right in his memoir about running that if you skip more than one day, it's a disaster. Because mind forgets the pleasure of running so its hard to convince it to do it again. However sometimes I need to write reports at 5-6AM so after that I don't have time in morning. So I need to look for optimum strategy.

Anyway, feeling good. Temperature is a bit lower today but its pleasing once I warmed up.",2026-09-09_08-44-28_hk_1788936268.fit,199,2026-09-09T06:47:46.000Z,198.000,496.29,151,166,79,2.428,29.57,50.817114,4.4001
2026-09-09,Running,Morning Run,"*Murakami* is right in his memoir about running that if you skip more than one day, it's a disaster. Because mind forgets the pleasure of running so its hard to convince it to do it again. However sometimes I need to write reports at 5-6AM so after that I don't have time in morning. So I need to look for optimum strategy.

Anyway, feeling good. Temperature is a bit lower today but its pleasing once I warmed up.",2026-09-09_08-44-28_hk_1788936268.fit,200,2026-09-09T06:47:47.000Z,199.000,498.56,151,166,79,2.404,29.57,50.817114,4.400064
2026-09-09,Running,Morning Run,"*Murakami* is right in his memoir about running that if you skip more than one day, it's a disaster. Because mind forgets the pleasure of running so its hard to convince it to do it again. However sometimes I need to write reports at 5-6AM so after that I don't have time in morning. So I need to look for optimum strategy.

Anyway, feeling good. Temperature is a bit lower today but its pleasing once I warmed up.",2026-09-09_08-44-28_hk_1788936268.fit,201,2026-09-09T06:47:48.000Z,200.000,501.46,151,166,79,2.439,29.57,50.817114,4.400046
2026-09-09,Running,Morning Run,"*Murakami* is right in his memoir about running that if you skip more than one day, it's a disaster. Because mind forgets the pleasure of running so its hard to convince it to do it again. However sometimes I need to write reports at 5-6AM so after that I don't have time in morning. So I need to look for optimum strategy.

Anyway, feeling good. Temperature is a bit lower today but its pleasing once I warmed up.",2026-09-09_08-44-28_hk_1788936268.fit,202,2026-09-09T06:47:49.000Z,201.000,504.36,151,166,76,2.473,29.57,50.817114,4.40001
2026-09-09,Running,Morning Run,"*Murakami* is right in his memoir about running that if you skip more than one day, it's a disaster. Because mind forgets the pleasure of running so its hard to convince it to do it again. However sometimes I need to write reports at 5-6AM so after that I don't have time in morning. So I need to look for optimum strategy.

Anyway, feeling good. Temperature is a bit lower today but its pleasing once I warmed up.",2026-09-09_08-44-28_hk_1788936268.fit,203,2026-09-09T06:47:50.000Z,202.000,506.54,151,166,76,2.474,29.57,50.817096,4.399974
2026-09-09,Running,Morning Run,"*Murakami* is right in his memoir about running that if you skip more than one day, it's a disaster. Because mind forgets the pleasure of running so its hard to convince it to do it again. However sometimes I need to write reports at 5-6AM so after that I don't have time in morning. So I need to look for optimum strategy.

Anyway, feeling good. Temperature is a bit lower today but its pleasing once I warmed up.",2026-09-09_08-44-28_hk_1788936268.fit,204,2026-09-09T06:47:51.000Z,203.000,508.72,151,166,76,2.469,29.57,50.817096,4.399938
2026-09-09,Running,Morning Run,"*Murakami* is right in his memoir about running that if you skip more than one day, it's a disaster. Because mind forgets the pleasure of running so its hard to convince it to do it again. However sometimes I need to write reports at 5-6AM so after that I don't have time in morning. So I need to look for optimum strategy.

Anyway, feeling good. Temperature is a bit lower today but its pleasing once I warmed up.",2026-09-09_08-44-28_hk_1788936268.fit,205,2026-09-09T06:47:52.000Z,204.000,510.91,151,166,79,2.465,29.56,50.817096,4.399902
2026-09-09,Running,Morning Run,"*Murakami* is right in his memoir about running that if you skip more than one day, it's a disaster. Because mind forgets the pleasure of running so its hard to convince it to do it again. However sometimes I need to write reports at 5-6AM so after that I don't have time in morning. So I need to look for optimum strategy.

Anyway, feeling good. Temperature is a bit lower today but its pleasing once I warmed up.",2026-09-09_08-44-28_hk_1788936268.fit,206,2026-09-09T06:47:53.000Z,205.000,513.62,151,166,79,2.528,29.56,50.817096,4.399848
2026-09-09,Running,Morning Run,"*Murakami* is right in his memoir about running that if you skip more than one day, it's a disaster. Because mind forgets the pleasure of running so its hard to convince it to do it again. However sometimes I need to write reports at 5-6AM so after that I don't have time in morning. So I need to look for optimum strategy.

Anyway, feeling good. Temperature is a bit lower today but its pleasing once I warmed up.",2026-09-09_08-44-28_hk_1788936268.fit,207,2026-09-09T06:47:54.000Z,206.000,516.33,151,164,79,2.565,29.56,50.817096,4.399812
2026-09-09,Running,Morning Run,"*Murakami* is right in his memoir about running that if you skip more than one day, it's a disaster. Because mind forgets the pleasure of running so its hard to convince it to do it again. However sometimes I need to write reports at 5-6AM so after that I don't have time in morning. So I need to look for optimum strategy.

Anyway, feeling good. Temperature is a bit lower today but its pleasing once I warmed up.",2026-09-09_08-44-28_hk_1788936268.fit,208,2026-09-09T06:47:55.000Z,207.000,519.47,151,164,76,2.552,29.56,50.817078,4.399776
2026-09-09,Running,Morning Run,"*Murakami* is right in his memoir about running that if you skip more than one day, it's a disaster. Because mind forgets the pleasure of running so its hard to convince it to do it again. However sometimes I need to write reports at 5-6AM so after that I don't have time in morning. So I need to look for optimum strategy.

Anyway, feeling good. Temperature is a bit lower today but its pleasing once I warmed up.",2026-09-09_08-44-28_hk_1788936268.fit,209,2026-09-09T06:47:56.000Z,208.000,522.61,151,164,76,2.539,29.56,50.817078,4.39974
2026-09-09,Running,Morning Run,"*Murakami* is right in his memoir about running that if you skip more than one day, it's a disaster. Because mind forgets the pleasure of running so its hard to convince it to do it again. However sometimes I need to write reports at 5-6AM so after that I don't have time in morning. So I need to look for optimum strategy.

Anyway, feeling good. Temperature is a bit lower today but its pleasing once I warmed up.",2026-09-09_08-44-28_hk_1788936268.fit,210,2026-09-09T06:47:57.000Z,209.000,525.75,151,171,76,2.581,29.56,50.817078,4.399704
2026-09-09,Running,Morning Run,"*Murakami* is right in his memoir about running that if you skip more than one day, it's a disaster. Because mind forgets the pleasure of running so its hard to convince it to do it again. However sometimes I need to write reports at 5-6AM so after that I don't have time in morning. So I need to look for optimum strategy.

Anyway, feeling good. Temperature is a bit lower today but its pleasing once I warmed up.",2026-09-09_08-44-28_hk_1788936268.fit,211,2026-09-09T06:47:58.000Z,210.000,529.18,151,171,78,2.656,29.55,50.817078,4.399668
2026-09-09,Running,Morning Run,"*Murakami* is right in his memoir about running that if you skip more than one day, it's a disaster. Because mind forgets the pleasure of running so its hard to convince it to do it again. However sometimes I need to write reports at 5-6AM so after that I don't have time in morning. So I need to look for optimum strategy.

Anyway, feeling good. Temperature is a bit lower today but its pleasing once I warmed up.",2026-09-09_08-44-28_hk_1788936268.fit,212,2026-09-09T06:47:59.000Z,211.000,532.61,151,171,78,2.676,29.55,50.817078,4.399614
2026-09-09,Running,Morning Run,"*Murakami* is right in his memoir about running that if you skip more than one day, it's a disaster. Because mind forgets the pleasure of running so its hard to convince it to do it again. However sometimes I need to write reports at 5-6AM so after that I don't have time in morning. So I need to look for optimum strategy.

Anyway, feeling good. Temperature is a bit lower today but its pleasing once I warmed up.",2026-09-09_08-44-28_hk_1788936268.fit,213,2026-09-09T06:48:00.000Z,212.000,534.67,151,171,78,2.645,29.55,50.817078,4.399578
2026-09-09,Running,Morning Run,"*Murakami* is right in his memoir about running that if you skip more than one day, it's a disaster. Because mind forgets the pleasure of running so its hard to convince it to do it again. However sometimes I need to write reports at 5-6AM so after that I don't have time in morning. So I need to look for optimum strategy.

Anyway, feeling good. Temperature is a bit lower today but its pleasing once I warmed up.",2026-09-09_08-44-28_hk_1788936268.fit,214,2026-09-09T06:48:01.000Z,213.000,536.73,151,171,77,2.596,29.55,50.817078,4.399542
2026-09-09,Running,Morning Run,"*Murakami* is right in his memoir about running that if you skip more than one day, it's a disaster. Because mind forgets the pleasure of running so its hard to convince it to do it again. However sometimes I need to write reports at 5-6AM so after that I don't have time in morning. So I need to look for optimum strategy.

Anyway, feeling good. Temperature is a bit lower today but its pleasing once I warmed up.",2026-09-09_08-44-28_hk_1788936268.fit,215,2026-09-09T06:48:02.000Z,214.000,538.79,151,172,77,2.583,29.55,50.817078,4.399506
2026-09-09,Running,Morning Run,"*Murakami* is right in his memoir about running that if you skip more than one day, it's a disaster. Because mind forgets the pleasure of running so its hard to convince it to do it again. However sometimes I need to write reports at 5-6AM so after that I don't have time in morning. So I need to look for optimum strategy.

Anyway, feeling good. Temperature is a bit lower today but its pleasing once I warmed up.",2026-09-09_08-44-28_hk_1788936268.fit,216,2026-09-09T06:48:03.000Z,215.000,542.41,151,172,77,2.667,29.55,50.81706,4.39947
2026-09-09,Running,Morning Run,"*Murakami* is right in his memoir about running that if you skip more than one day, it's a disaster. Because mind forgets the pleasure of running so its hard to convince it to do it again. However sometimes I need to write reports at 5-6AM so after that I don't have time in morning. So I need to look for optimum strategy.

Anyway, feeling good. Temperature is a bit lower today but its pleasing once I warmed up.",2026-09-09_08-44-28_hk_1788936268.fit,217,2026-09-09T06:48:04.000Z,216.000,546.03,151,174,79,2.738,29.55,50.81706,4.399434
2026-09-09,Running,Morning Run,"*Murakami* is right in his memoir about running that if you skip more than one day, it's a disaster. Because mind forgets the pleasure of running so its hard to convince it to do it again. However sometimes I need to write reports at 5-6AM so after that I don't have time in morning. So I need to look for optimum strategy.

Anyway, feeling good. Temperature is a bit lower today but its pleasing once I warmed up.",2026-09-09_08-44-28_hk_1788936268.fit,218,2026-09-09T06:48:05.000Z,217.000,548.64,151,174,79,2.782,29.54,50.81706,4.399398
2026-09-09,Running,Morning Run,"*Murakami* is right in his memoir about running that if you skip more than one day, it's a disaster. Because mind forgets the pleasure of running so its hard to convince it to do it again. However sometimes I need to write reports at 5-6AM so after that I don't have time in morning. So I need to look for optimum strategy.

Anyway, feeling good. Temperature is a bit lower today but its pleasing once I warmed up.",2026-09-09_08-44-28_hk_1788936268.fit,219,2026-09-09T06:48:06.000Z,218.000,551.25,151,174,79,2.773,29.54,50.81706,4.399344
2026-09-09,Running,Morning Run,"*Murakami* is right in his memoir about running that if you skip more than one day, it's a disaster. Because mind forgets the pleasure of running so its hard to convince it to do it again. However sometimes I need to write reports at 5-6AM so after that I don't have time in morning. So I need to look for optimum strategy.

Anyway, feeling good. Temperature is a bit lower today but its pleasing once I warmed up.",2026-09-09_08-44-28_hk_1788936268.fit,220,2026-09-09T06:48:07.000Z,219.000,553.86,151,176,79,2.758,29.54,50.81706,4.399308
2026-09-09,Running,Morning Run,"*Murakami* is right in his memoir about running that if you skip more than one day, it's a disaster. Because mind forgets the pleasure of running so its hard to convince it to do it again. However sometimes I need to write reports at 5-6AM so after that I don't have time in morning. So I need to look for optimum strategy.

Anyway, feeling good. Temperature is a bit lower today but its pleasing once I warmed up.",2026-09-09_08-44-28_hk_1788936268.fit,221,2026-09-09T06:48:08.000Z,220.000,555.16,151,176,79,2.674,29.54,50.81706,4.399272
2026-09-09,Running,Morning Run,"*Murakami* is right in his memoir about running that if you skip more than one day, it's a disaster. Because mind forgets the pleasure of running so its hard to convince it to do it again. However sometimes I need to write reports at 5-6AM so after that I don't have time in morning. So I need to look for optimum strategy.

Anyway, feeling good. Temperature is a bit lower today but its pleasing once I warmed up.",2026-09-09_08-44-28_hk_1788936268.fit,222,2026-09-09T06:48:09.000Z,221.000,556.47,151,176,79,2.605,29.54,50.81706,4.399218
2026-09-09,Running,Morning Run,"*Murakami* is right in his memoir about running that if you skip more than one day, it's a disaster. Because mind forgets the pleasure of running so its hard to convince it to do it again. However sometimes I need to write reports at 5-6AM so after that I don't have time in morning. So I need to look for optimum strategy.

Anyway, feeling good. Temperature is a bit lower today but its pleasing once I warmed up.",2026-09-09_08-44-28_hk_1788936268.fit,223,2026-09-09T06:48:10.000Z,222.000,557.77,151,171,77,2.561,29.54,50.81706,4.399182
2026-09-09,Running,Morning Run,"*Murakami* is right in his memoir about running that if you skip more than one day, it's a disaster. Because mind forgets the pleasure of running so its hard to convince it to do it again. However sometimes I need to write reports at 5-6AM so after that I don't have time in morning. So I need to look for optimum strategy.

Anyway, feeling good. Temperature is a bit lower today but its pleasing once I warmed up.",2026-09-09_08-44-28_hk_1788936268.fit,224,2026-09-09T06:48:11.000Z,223.000,563.87,151,171,77,2.791,29.54,50.81706,4.399146
2026-09-09,Running,Morning Run,"*Murakami* is right in his memoir about running that if you skip more than one day, it's a disaster. Because mind forgets the pleasure of running so its hard to convince it to do it again. However sometimes I need to write reports at 5-6AM so after that I don't have time in morning. So I need to look for optimum strategy.

Anyway, feeling good. Temperature is a bit lower today but its pleasing once I warmed up.",2026-09-09_08-44-28_hk_1788936268.fit,225,2026-09-09T06:48:12.000Z,224.000,569.96,151,170,77,2.97,29.54,50.81706,4.39911
2026-09-09,Running,Morning Run,"*Murakami* is right in his memoir about running that if you skip more than one day, it's a disaster. Because mind forgets the pleasure of running so its hard to convince it to do it again. However sometimes I need to write reports at 5-6AM so after that I don't have time in morning. So I need to look for optimum strategy.

Anyway, feeling good. Temperature is a bit lower today but its pleasing once I warmed up.",2026-09-09_08-44-28_hk_1788936268.fit,226,2026-09-09T06:48:13.000Z,225.000,572.57,151,170,78,2.95,29.54,50.81706,4.399074
2026-09-09,Running,Morning Run,"*Murakami* is right in his memoir about running that if you skip more than one day, it's a disaster. Because mind forgets the pleasure of running so its hard to convince it to do it again. However sometimes I need to write reports at 5-6AM so after that I don't have time in morning. So I need to look for optimum strategy.

Anyway, feeling good. Temperature is a bit lower today but its pleasing once I warmed up.",2026-09-09_08-44-28_hk_1788936268.fit,227,2026-09-09T06:48:14.000Z,226.000,575.18,151,170,78,2.92,29.54,50.81706,4.399038
2026-09-09,Running,Morning Run,"*Murakami* is right in his memoir about running that if you skip more than one day, it's a disaster. Because mind forgets the pleasure of running so its hard to convince it to do it again. However sometimes I need to write reports at 5-6AM so after that I don't have time in morning. So I need to look for optimum strategy.

Anyway, feeling good. Temperature is a bit lower today but its pleasing once I warmed up.",2026-09-09_08-44-28_hk_1788936268.fit,228,2026-09-09T06:48:15.000Z,227.000,577.79,151,178,78,2.891,29.54,50.81706,4.398984
2026-09-09,Running,Morning Run,"*Murakami* is right in his memoir about running that if you skip more than one day, it's a disaster. Because mind forgets the pleasure of running so its hard to convince it to do it again. However sometimes I need to write reports at 5-6AM so after that I don't have time in morning. So I need to look for optimum strategy.

Anyway, feeling good. Temperature is a bit lower today but its pleasing once I warmed up.",2026-09-09_08-44-28_hk_1788936268.fit,229,2026-09-09T06:48:16.000Z,228.000,581.09,151,178,76,2.884,29.54,50.81706,4.398948
2026-09-09,Running,Morning Run,"*Murakami* is right in his memoir about running that if you skip more than one day, it's a disaster. Because mind forgets the pleasure of running so its hard to convince it to do it again. However sometimes I need to write reports at 5-6AM so after that I don't have time in morning. So I need to look for optimum strategy.

Anyway, feeling good. Temperature is a bit lower today but its pleasing once I warmed up.",2026-09-09_08-44-28_hk_1788936268.fit,230,2026-09-09T06:48:17.000Z,229.000,584.38,151,178,76,2.876,29.54,50.81706,4.398912
2026-09-09,Running,Morning Run,"*Murakami* is right in his memoir about running that if you skip more than one day, it's a disaster. Because mind forgets the pleasure of running so its hard to convince it to do it again. However sometimes I need to write reports at 5-6AM so after that I don't have time in morning. So I need to look for optimum strategy.

Anyway, feeling good. Temperature is a bit lower today but its pleasing once I warmed up.",2026-09-09_08-44-28_hk_1788936268.fit,231,2026-09-09T06:48:18.000Z,230.000,586.17,151,178,76,2.861,29.55,50.81706,4.398876
2026-09-09,Running,Morning Run,"*Murakami* is right in his memoir about running that if you skip more than one day, it's a disaster. Because mind forgets the pleasure of running so its hard to convince it to do it again. However sometimes I need to write reports at 5-6AM so after that I don't have time in morning. So I need to look for optimum strategy.

Anyway, feeling good. Temperature is a bit lower today but its pleasing once I warmed up.",2026-09-09_08-44-28_hk_1788936268.fit,232,2026-09-09T06:48:19.000Z,231.000,587.96,151,178,78,2.846,29.55,50.81706,4.39884
2026-09-09,Running,Morning Run,"*Murakami* is right in his memoir about running that if you skip more than one day, it's a disaster. Because mind forgets the pleasure of running so its hard to convince it to do it again. However sometimes I need to write reports at 5-6AM so after that I don't have time in morning. So I need to look for optimum strategy.

Anyway, feeling good. Temperature is a bit lower today but its pleasing once I warmed up.",2026-09-09_08-44-28_hk_1788936268.fit,233,2026-09-09T06:48:20.000Z,232.000,589.75,151,176,78,2.831,29.55,50.81706,4.398804
2026-09-09,Running,Morning Run,"*Murakami* is right in his memoir about running that if you skip more than one day, it's a disaster. Because mind forgets the pleasure of running so its hard to convince it to do it again. However sometimes I need to write reports at 5-6AM so after that I don't have time in morning. So I need to look for optimum strategy.

Anyway, feeling good. Temperature is a bit lower today but its pleasing once I warmed up.",2026-09-09_08-44-28_hk_1788936268.fit,234,2026-09-09T06:48:21.000Z,233.000,592.73,151,176,78,2.795,29.55,50.81706,4.398786
2026-09-09,Running,Morning Run,"*Murakami* is right in his memoir about running that if you skip more than one day, it's a disaster. Because mind forgets the pleasure of running so its hard to convince it to do it again. However sometimes I need to write reports at 5-6AM so after that I don't have time in morning. So I need to look for optimum strategy.

Anyway, feeling good. Temperature is a bit lower today but its pleasing once I warmed up.",2026-09-09_08-44-28_hk_1788936268.fit,235,2026-09-09T06:48:22.000Z,234.000,595.72,151,177,76,2.805,29.56,50.81706,4.39875
2026-09-09,Running,Morning Run,"*Murakami* is right in his memoir about running that if you skip more than one day, it's a disaster. Because mind forgets the pleasure of running so its hard to convince it to do it again. However sometimes I need to write reports at 5-6AM so after that I don't have time in morning. So I need to look for optimum strategy.

Anyway, feeling good. Temperature is a bit lower today but its pleasing once I warmed up.",2026-09-09_08-44-28_hk_1788936268.fit,236,2026-09-09T06:48:23.000Z,235.000,597.97,151,177,76,2.733,29.56,50.81706,4.398714
2026-09-09,Running,Morning Run,"*Murakami* is right in his memoir about running that if you skip more than one day, it's a disaster. Because mind forgets the pleasure of running so its hard to convince it to do it again. However sometimes I need to write reports at 5-6AM so after that I don't have time in morning. So I need to look for optimum strategy.

Anyway, feeling good. Temperature is a bit lower today but its pleasing once I warmed up.",2026-09-09_08-44-28_hk_1788936268.fit,237,2026-09-09T06:48:24.000Z,236.000,600.22,151,177,76,2.715,29.57,50.817078,4.398678
2026-09-09,Running,Morning Run,"*Murakami* is right in his memoir about running that if you skip more than one day, it's a disaster. Because mind forgets the pleasure of running so its hard to convince it to do it again. However sometimes I need to write reports at 5-6AM so after that I don't have time in morning. So I need to look for optimum strategy.

Anyway, feeling good. Temperature is a bit lower today but its pleasing once I warmed up.",2026-09-09_08-44-28_hk_1788936268.fit,238,2026-09-09T06:48:25.000Z,237.000,602.47,151,179,79,2.696,29.57,50.817078,4.398642
2026-09-09,Running,Morning Run,"*Murakami* is right in his memoir about running that if you skip more than one day, it's a disaster. Because mind forgets the pleasure of running so its hard to convince it to do it again. However sometimes I need to write reports at 5-6AM so after that I don't have time in morning. So I need to look for optimum strategy.

Anyway, feeling good. Temperature is a bit lower today but its pleasing once I warmed up.",2026-09-09_08-44-28_hk_1788936268.fit,239,2026-09-09T06:48:26.000Z,238.000,604.17,151,179,79,2.648,29.58,50.817078,4.398606
2026-09-09,Running,Morning Run,"*Murakami* is right in his memoir about running that if you skip more than one day, it's a disaster. Because mind forgets the pleasure of running so its hard to convince it to do it again. However sometimes I need to write reports at 5-6AM so after that I don't have time in morning. So I need to look for optimum strategy.

Anyway, feeling good. Temperature is a bit lower today but its pleasing once I warmed up.",2026-09-09_08-44-28_hk_1788936268.fit,240,2026-09-09T06:48:27.000Z,239.000,605.87,151,179,79,2.669,29.58,50.817078,4.39857
2026-09-09,Running,Morning Run,"*Murakami* is right in his memoir about running that if you skip more than one day, it's a disaster. Because mind forgets the pleasure of running so its hard to convince it to do it again. However sometimes I need to write reports at 5-6AM so after that I don't have time in morning. So I need to look for optimum strategy.

Anyway, feeling good. Temperature is a bit lower today but its pleasing once I warmed up.",2026-09-09_08-44-28_hk_1788936268.fit,241,2026-09-09T06:48:28.000Z,240.000,607.57,151,177,76,2.689,29.59,50.817078,4.398552
2026-09-09,Running,Morning Run,"*Murakami* is right in his memoir about running that if you skip more than one day, it's a disaster. Because mind forgets the pleasure of running so its hard to convince it to do it again. However sometimes I need to write reports at 5-6AM so after that I don't have time in morning. So I need to look for optimum strategy.

Anyway, feeling good. Temperature is a bit lower today but its pleasing once I warmed up.",2026-09-09_08-44-28_hk_1788936268.fit,242,2026-09-09T06:48:29.000Z,241.000,610.89,151,177,76,2.796,29.6,50.817078,4.398516
2026-09-09,Running,Morning Run,"*Murakami* is right in his memoir about running that if you skip more than one day, it's a disaster. Because mind forgets the pleasure of running so its hard to convince it to do it again. However sometimes I need to write reports at 5-6AM so after that I don't have time in morning. So I need to look for optimum strategy.

Anyway, feeling good. Temperature is a bit lower today but its pleasing once I warmed up.",2026-09-09_08-44-28_hk_1788936268.fit,243,2026-09-09T06:48:30.000Z,242.000,614.21,151,263,76,2.65,29.6,50.817078,4.39848
2026-09-09,Running,Morning Run,"*Murakami* is right in his memoir about running that if you skip more than one day, it's a disaster. Because mind forgets the pleasure of running so its hard to convince it to do it again. However sometimes I need to write reports at 5-6AM so after that I don't have time in morning. So I need to look for optimum strategy.

Anyway, feeling good. Temperature is a bit lower today but its pleasing once I warmed up.",2026-09-09_08-44-28_hk_1788936268.fit,244,2026-09-09T06:48:31.000Z,243.000,616.28,151,263,78,2.621,29.61,50.817096,4.398444
2026-09-09,Running,Morning Run,"*Murakami* is right in his memoir about running that if you skip more than one day, it's a disaster. Because mind forgets the pleasure of running so its hard to convince it to do it again. However sometimes I need to write reports at 5-6AM so after that I don't have time in morning. So I need to look for optimum strategy.

Anyway, feeling good. Temperature is a bit lower today but its pleasing once I warmed up.",2026-09-09_08-44-28_hk_1788936268.fit,245,2026-09-09T06:48:32.000Z,244.000,618.36,151,263,78,2.595,29.61,50.817096,4.398408
2026-09-09,Running,Morning Run,"*Murakami* is right in his memoir about running that if you skip more than one day, it's a disaster. Because mind forgets the pleasure of running so its hard to convince it to do it again. However sometimes I need to write reports at 5-6AM so after that I don't have time in morning. So I need to look for optimum strategy.

Anyway, feeling good. Temperature is a bit lower today but its pleasing once I warmed up.",2026-09-09_08-44-28_hk_1788936268.fit,246,2026-09-09T06:48:33.000Z,245.000,620.44,151,252,78,2.404,29.62,50.817096,4.398372
2026-09-09,Running,Morning Run,"*Murakami* is right in his memoir about running that if you skip more than one day, it's a disaster. Because mind forgets the pleasure of running so its hard to convince it to do it again. However sometimes I need to write reports at 5-6AM so after that I don't have time in morning. So I need to look for optimum strategy.

Anyway, feeling good. Temperature is a bit lower today but its pleasing once I warmed up.",2026-09-09_08-44-28_hk_1788936268.fit,247,2026-09-09T06:48:34.000Z,246.000,623.4,151,252,77,2.42,29.62,50.817096,4.398354
2026-09-09,Running,Morning Run,"*Murakami* is right in his memoir about running that if you skip more than one day, it's a disaster. Because mind forgets the pleasure of running so its hard to convince it to do it again. However sometimes I need to write reports at 5-6AM so after that I don't have time in morning. So I need to look for optimum strategy.

Anyway, feeling good. Temperature is a bit lower today but its pleasing once I warmed up.",2026-09-09_08-44-28_hk_1788936268.fit,248,2026-09-09T06:48:35.000Z,247.000,626.36,151,242,77,2.437,29.63,50.817096,4.398318
2026-09-09,Running,Morning Run,"*Murakami* is right in his memoir about running that if you skip more than one day, it's a disaster. Because mind forgets the pleasure of running so its hard to convince it to do it again. However sometimes I need to write reports at 5-6AM so after that I don't have time in morning. So I need to look for optimum strategy.

Anyway, feeling good. Temperature is a bit lower today but its pleasing once I warmed up.",2026-09-09_08-44-28_hk_1788936268.fit,249,2026-09-09T06:48:36.000Z,248.000,628.53,151,242,77,2.417,29.63,50.817114,4.398282
2026-09-09,Running,Morning Run,"*Murakami* is right in his memoir about running that if you skip more than one day, it's a disaster. Because mind forgets the pleasure of running so its hard to convince it to do it again. However sometimes I need to write reports at 5-6AM so after that I don't have time in morning. So I need to look for optimum strategy.

Anyway, feeling good. Temperature is a bit lower today but its pleasing once I warmed up.",2026-09-09_08-44-28_hk_1788936268.fit,250,2026-09-09T06:48:37.000Z,249.000,630.71,151,242,79,2.406,29.64,50.817114,4.398246
2026-09-09,Running,Morning Run,"*Murakami* is right in his memoir about running that if you skip more than one day, it's a disaster. Because mind forgets the pleasure of running so its hard to convince it to do it again. However sometimes I need to write reports at 5-6AM so after that I don't have time in morning. So I need to look for optimum strategy.

Anyway, feeling good. Temperature is a bit lower today but its pleasing once I warmed up.",2026-09-09_08-44-28_hk_1788936268.fit,251,2026-09-09T06:48:38.000Z,250.000,632.89,151,238,79,2.355,29.64,50.817114,4.39821
2026-09-09,Running,Morning Run,"*Murakami* is right in his memoir about running that if you skip more than one day, it's a disaster. Because mind forgets the pleasure of running so its hard to convince it to do it again. However sometimes I need to write reports at 5-6AM so after that I don't have time in morning. So I need to look for optimum strategy.

Anyway, feeling good. Temperature is a bit lower today but its pleasing once I warmed up.",2026-09-09_08-44-28_hk_1788936268.fit,252,2026-09-09T06:48:39.000Z,251.000,635.74,151,238,79,2.334,29.65,50.817132,4.398192
2026-09-09,Running,Morning Run,"*Murakami* is right in his memoir about running that if you skip more than one day, it's a disaster. Because mind forgets the pleasure of running so its hard to convince it to do it again. However sometimes I need to write reports at 5-6AM so after that I don't have time in morning. So I need to look for optimum strategy.

Anyway, feeling good. Temperature is a bit lower today but its pleasing once I warmed up.",2026-09-09_08-44-28_hk_1788936268.fit,253,2026-09-09T06:48:40.000Z,252.000,638.59,151,231,79,2.411,29.65,50.817132,4.398156
2026-09-09,Running,Morning Run,"*Murakami* is right in his memoir about running that if you skip more than one day, it's a disaster. Because mind forgets the pleasure of running so its hard to convince it to do it again. However sometimes I need to write reports at 5-6AM so after that I don't have time in morning. So I need to look for optimum strategy.

Anyway, feeling good. Temperature is a bit lower today but its pleasing once I warmed up.",2026-09-09_08-44-28_hk_1788936268.fit,254,2026-09-09T06:48:41.000Z,253.000,640.25,151,231,79,2.405,29.66,50.817132,4.39812
2026-09-09,Running,Morning Run,"*Murakami* is right in his memoir about running that if you skip more than one day, it's a disaster. Because mind forgets the pleasure of running so its hard to convince it to do it again. However sometimes I need to write reports at 5-6AM so after that I don't have time in morning. So I need to look for optimum strategy.

Anyway, feeling good. Temperature is a bit lower today but its pleasing once I warmed up.",2026-09-09_08-44-28_hk_1788936268.fit,255,2026-09-09T06:48:42.000Z,254.000,641.92,151,231,79,2.371,29.67,50.81715,4.398102
2026-09-09,Running,Morning Run,"*Murakami* is right in his memoir about running that if you skip more than one day, it's a disaster. Because mind forgets the pleasure of running so its hard to convince it to do it again. However sometimes I need to write reports at 5-6AM so after that I don't have time in morning. So I need to look for optimum strategy.

Anyway, feeling good. Temperature is a bit lower today but its pleasing once I warmed up.",2026-09-09_08-44-28_hk_1788936268.fit,256,2026-09-09T06:48:43.000Z,255.000,643.58,151,229,77,2.311,29.67,50.81715,4.398066
2026-09-09,Running,Morning Run,"*Murakami* is right in his memoir about running that if you skip more than one day, it's a disaster. Because mind forgets the pleasure of running so its hard to convince it to do it again. However sometimes I need to write reports at 5-6AM so after that I don't have time in morning. So I need to look for optimum strategy.

Anyway, feeling good. Temperature is a bit lower today but its pleasing once I warmed up.",2026-09-09_08-44-28_hk_1788936268.fit,257,2026-09-09T06:48:44.000Z,256.000,646.61,151,229,77,2.313,29.68,50.81715,4.39803
2026-09-09,Running,Morning Run,"*Murakami* is right in his memoir about running that if you skip more than one day, it's a disaster. Because mind forgets the pleasure of running so its hard to convince it to do it again. However sometimes I need to write reports at 5-6AM so after that I don't have time in morning. So I need to look for optimum strategy.

Anyway, feeling good. Temperature is a bit lower today but its pleasing once I warmed up.",2026-09-09_08-44-28_hk_1788936268.fit,258,2026-09-09T06:48:45.000Z,257.000,649.64,151,231,77,2.349,29.68,50.817168,4.398012
2026-09-09,Running,Morning Run,"*Murakami* is right in his memoir about running that if you skip more than one day, it's a disaster. Because mind forgets the pleasure of running so its hard to convince it to do it again. However sometimes I need to write reports at 5-6AM so after that I don't have time in morning. So I need to look for optimum strategy.

Anyway, feeling good. Temperature is a bit lower today but its pleasing once I warmed up.",2026-09-09_08-44-28_hk_1788936268.fit,259,2026-09-09T06:48:46.000Z,258.000,651.73,151,231,79,2.342,29.69,50.817168,4.397976
2026-09-09,Running,Morning Run,"*Murakami* is right in his memoir about running that if you skip more than one day, it's a disaster. Because mind forgets the pleasure of running so its hard to convince it to do it again. However sometimes I need to write reports at 5-6AM so after that I don't have time in morning. So I need to look for optimum strategy.

Anyway, feeling good. Temperature is a bit lower today but its pleasing once I warmed up.",2026-09-09_08-44-28_hk_1788936268.fit,260,2026-09-09T06:48:47.000Z,259.000,653.83,151,231,79,2.335,29.7,50.817168,4.39794
2026-09-09,Running,Morning Run,"*Murakami* is right in his memoir about running that if you skip more than one day, it's a disaster. Because mind forgets the pleasure of running so its hard to convince it to do it again. However sometimes I need to write reports at 5-6AM so after that I don't have time in morning. So I need to look for optimum strategy.

Anyway, feeling good. Temperature is a bit lower today but its pleasing once I warmed up.",2026-09-09_08-44-28_hk_1788936268.fit,261,2026-09-09T06:48:48.000Z,260.000,655.93,151,233,79,2.384,29.7,50.817186,4.397922
2026-09-09,Running,Morning Run,"*Murakami* is right in his memoir about running that if you skip more than one day, it's a disaster. Because mind forgets the pleasure of running so its hard to convince it to do it again. However sometimes I need to write reports at 5-6AM so after that I don't have time in morning. So I need to look for optimum strategy.

Anyway, feeling good. Temperature is a bit lower today but its pleasing once I warmed up.",2026-09-09_08-44-28_hk_1788936268.fit,262,2026-09-09T06:48:49.000Z,261.000,658.19,151,233,79,2.411,29.71,50.817186,4.397886
2026-09-09,Running,Morning Run,"*Murakami* is right in his memoir about running that if you skip more than one day, it's a disaster. Because mind forgets the pleasure of running so its hard to convince it to do it again. However sometimes I need to write reports at 5-6AM so after that I don't have time in morning. So I need to look for optimum strategy.

Anyway, feeling good. Temperature is a bit lower today but its pleasing once I warmed up.",2026-09-09_08-44-28_hk_1788936268.fit,263,2026-09-09T06:48:50.000Z,262.000,660.45,151,233,79,2.404,29.71,50.817204,4.39785
2026-09-09,Running,Morning Run,"*Murakami* is right in his memoir about running that if you skip more than one day, it's a disaster. Because mind forgets the pleasure of running so its hard to convince it to do it again. However sometimes I need to write reports at 5-6AM so after that I don't have time in morning. So I need to look for optimum strategy.

Anyway, feeling good. Temperature is a bit lower today but its pleasing once I warmed up.",2026-09-09_08-44-28_hk_1788936268.fit,264,2026-09-09T06:48:51.000Z,263.000,662.71,151,234,79,2.356,29.71,50.817204,4.397832
2026-09-09,Running,Morning Run,"*Murakami* is right in his memoir about running that if you skip more than one day, it's a disaster. Because mind forgets the pleasure of running so its hard to convince it to do it again. However sometimes I need to write reports at 5-6AM so after that I don't have time in morning. So I need to look for optimum strategy.

Anyway, feeling good. Temperature is a bit lower today but its pleasing once I warmed up.",2026-09-09_08-44-28_hk_1788936268.fit,265,2026-09-09T06:48:52.000Z,264.000,665.17,151,234,79,2.317,29.72,50.817222,4.397796
2026-09-09,Running,Morning Run,"*Murakami* is right in his memoir about running that if you skip more than one day, it's a disaster. Because mind forgets the pleasure of running so its hard to convince it to do it again. However sometimes I need to write reports at 5-6AM so after that I don't have time in morning. So I need to look for optimum strategy.

Anyway, feeling good. Temperature is a bit lower today but its pleasing once I warmed up.",2026-09-09_08-44-28_hk_1788936268.fit,266,2026-09-09T06:48:53.000Z,265.000,667.63,151,232,79,2.334,29.72,50.817222,4.39776
2026-09-09,Running,Morning Run,"*Murakami* is right in his memoir about running that if you skip more than one day, it's a disaster. Because mind forgets the pleasure of running so its hard to convince it to do it again. However sometimes I need to write reports at 5-6AM so after that I don't have time in morning. So I need to look for optimum strategy.

Anyway, feeling good. Temperature is a bit lower today but its pleasing once I warmed up.",2026-09-09_08-44-28_hk_1788936268.fit,267,2026-09-09T06:48:54.000Z,266.000,669.79,151,232,79,2.338,29.73,50.81724,4.397724
2026-09-09,Running,Morning Run,"*Murakami* is right in his memoir about running that if you skip more than one day, it's a disaster. Because mind forgets the pleasure of running so its hard to convince it to do it again. However sometimes I need to write reports at 5-6AM so after that I don't have time in morning. So I need to look for optimum strategy.

Anyway, feeling good. Temperature is a bit lower today but its pleasing once I warmed up.",2026-09-09_08-44-28_hk_1788936268.fit,268,2026-09-09T06:48:55.000Z,267.000,671.95,151,232,79,2.342,29.73,50.81724,4.397706
2026-09-09,Running,Morning Run,"*Murakami* is right in his memoir about running that if you skip more than one day, it's a disaster. Because mind forgets the pleasure of running so its hard to convince it to do it again. However sometimes I need to write reports at 5-6AM so after that I don't have time in morning. So I need to look for optimum strategy.

Anyway, feeling good. Temperature is a bit lower today but its pleasing once I warmed up.",2026-09-09_08-44-28_hk_1788936268.fit,269,2026-09-09T06:48:56.000Z,268.000,674.11,151,231,79,2.305,29.73,50.81724,4.39767
2026-09-09,Running,Morning Run,"*Murakami* is right in his memoir about running that if you skip more than one day, it's a disaster. Because mind forgets the pleasure of running so its hard to convince it to do it again. However sometimes I need to write reports at 5-6AM so after that I don't have time in morning. So I need to look for optimum strategy.

Anyway, feeling good. Temperature is a bit lower today but its pleasing once I warmed up.",2026-09-09_08-44-28_hk_1788936268.fit,270,2026-09-09T06:48:57.000Z,269.000,677.16,151,231,79,2.309,29.74,50.817258,4.397634
2026-09-09,Running,Morning Run,"*Murakami* is right in his memoir about running that if you skip more than one day, it's a disaster. Because mind forgets the pleasure of running so its hard to convince it to do it again. However sometimes I need to write reports at 5-6AM so after that I don't have time in morning. So I need to look for optimum strategy.

Anyway, feeling good. Temperature is a bit lower today but its pleasing once I warmed up.",2026-09-09_08-44-28_hk_1788936268.fit,271,2026-09-09T06:48:58.000Z,270.000,680.2,151,229,79,2.348,29.74,50.817258,4.397598
2026-09-09,Running,Morning Run,"*Murakami* is right in his memoir about running that if you skip more than one day, it's a disaster. Because mind forgets the pleasure of running so its hard to convince it to do it again. However sometimes I need to write reports at 5-6AM so after that I don't have time in morning. So I need to look for optimum strategy.

Anyway, feeling good. Temperature is a bit lower today but its pleasing once I warmed up.",2026-09-09_08-44-28_hk_1788936268.fit,272,2026-09-09T06:48:59.000Z,271.000,682.08,151,229,79,2.335,29.75,50.817258,4.397562
2026-09-09,Running,Morning Run,"*Murakami* is right in his memoir about running that if you skip more than one day, it's a disaster. Because mind forgets the pleasure of running so its hard to convince it to do it again. However sometimes I need to write reports at 5-6AM so after that I don't have time in morning. So I need to look for optimum strategy.

Anyway, feeling good. Temperature is a bit lower today but its pleasing once I warmed up.",2026-09-09_08-44-28_hk_1788936268.fit,273,2026-09-09T06:49:00.000Z,272.000,683.97,151,229,79,2.322,29.75,50.817276,4.397544
2026-09-09,Running,Morning Run,"*Murakami* is right in his memoir about running that if you skip more than one day, it's a disaster. Because mind forgets the pleasure of running so its hard to convince it to do it again. However sometimes I need to write reports at 5-6AM so after that I don't have time in morning. So I need to look for optimum strategy.

Anyway, feeling good. Temperature is a bit lower today but its pleasing once I warmed up.",2026-09-09_08-44-28_hk_1788936268.fit,274,2026-09-09T06:49:01.000Z,273.000,685.86,151,226,77,2.278,29.76,50.817276,4.397508
2026-09-09,Running,Morning Run,"*Murakami* is right in his memoir about running that if you skip more than one day, it's a disaster. Because mind forgets the pleasure of running so its hard to convince it to do it again. However sometimes I need to write reports at 5-6AM so after that I don't have time in morning. So I need to look for optimum strategy.

Anyway, feeling good. Temperature is a bit lower today but its pleasing once I warmed up.",2026-09-09_08-44-28_hk_1788936268.fit,275,2026-09-09T06:49:02.000Z,274.000,689.44,151,226,77,2.312,29.76,50.817294,4.397472
2026-09-09,Running,Morning Run,"*Murakami* is right in his memoir about running that if you skip more than one day, it's a disaster. Because mind forgets the pleasure of running so its hard to convince it to do it again. However sometimes I need to write reports at 5-6AM so after that I don't have time in morning. So I need to look for optimum strategy.

Anyway, feeling good. Temperature is a bit lower today but its pleasing once I warmed up.",2026-09-09_08-44-28_hk_1788936268.fit,276,2026-09-09T06:49:03.000Z,275.000,693.02,151,227,77,2.434,29.77,50.817294,4.397436
2026-09-09,Running,Morning Run,"*Murakami* is right in his memoir about running that if you skip more than one day, it's a disaster. Because mind forgets the pleasure of running so its hard to convince it to do it again. However sometimes I need to write reports at 5-6AM so after that I don't have time in morning. So I need to look for optimum strategy.

Anyway, feeling good. Temperature is a bit lower today but its pleasing once I warmed up.",2026-09-09_08-44-28_hk_1788936268.fit,277,2026-09-09T06:49:04.000Z,276.000,695.21,151,227,79,2.459,29.77,50.817312,4.397418
2026-09-09,Running,Morning Run,"*Murakami* is right in his memoir about running that if you skip more than one day, it's a disaster. Because mind forgets the pleasure of running so its hard to convince it to do it again. However sometimes I need to write reports at 5-6AM so after that I don't have time in morning. So I need to look for optimum strategy.

Anyway, feeling good. Temperature is a bit lower today but its pleasing once I warmed up.",2026-09-09_08-44-28_hk_1788936268.fit,278,2026-09-09T06:49:05.000Z,277.000,697.4,151,227,79,2.419,29.78,50.817312,4.397382
2026-09-09,Running,Morning Run,"*Murakami* is right in his memoir about running that if you skip more than one day, it's a disaster. Because mind forgets the pleasure of running so its hard to convince it to do it again. However sometimes I need to write reports at 5-6AM so after that I don't have time in morning. So I need to look for optimum strategy.

Anyway, feeling good. Temperature is a bit lower today but its pleasing once I warmed up.",2026-09-09_08-44-28_hk_1788936268.fit,279,2026-09-09T06:49:06.000Z,278.000,699.58,151,226,79,2.408,29.78,50.817312,4.397346
2026-09-09,Running,Morning Run,"*Murakami* is right in his memoir about running that if you skip more than one day, it's a disaster. Because mind forgets the pleasure of running so its hard to convince it to do it again. However sometimes I need to write reports at 5-6AM so after that I don't have time in morning. So I need to look for optimum strategy.

Anyway, feeling good. Temperature is a bit lower today but its pleasing once I warmed up.",2026-09-09_08-44-28_hk_1788936268.fit,280,2026-09-09T06:49:07.000Z,279.000,702.12,151,226,78,2.399,29.79,50.81733,4.397328
2026-09-09,Running,Morning Run,"*Murakami* is right in his memoir about running that if you skip more than one day, it's a disaster. Because mind forgets the pleasure of running so its hard to convince it to do it again. However sometimes I need to write reports at 5-6AM so after that I don't have time in morning. So I need to look for optimum strategy.

Anyway, feeling good. Temperature is a bit lower today but its pleasing once I warmed up.",2026-09-09_08-44-28_hk_1788936268.fit,281,2026-09-09T06:49:08.000Z,280.000,704.65,151,225,78,2.42,29.79,50.81733,4.397292
2026-09-09,Running,Morning Run,"*Murakami* is right in his memoir about running that if you skip more than one day, it's a disaster. Because mind forgets the pleasure of running so its hard to convince it to do it again. However sometimes I need to write reports at 5-6AM so after that I don't have time in morning. So I need to look for optimum strategy.

Anyway, feeling good. Temperature is a bit lower today but its pleasing once I warmed up.",2026-09-09_08-44-28_hk_1788936268.fit,282,2026-09-09T06:49:09.000Z,281.000,706.61,151,225,78,2.413,29.8,50.817348,4.397274
2026-09-09,Running,Morning Run,"*Murakami* is right in his memoir about running that if you skip more than one day, it's a disaster. Because mind forgets the pleasure of running so its hard to convince it to do it again. However sometimes I need to write reports at 5-6AM so after that I don't have time in morning. So I need to look for optimum strategy.

Anyway, feeling good. Temperature is a bit lower today but its pleasing once I warmed up.",2026-09-09_08-44-28_hk_1788936268.fit,283,2026-09-09T06:49:10.000Z,282.000,708.57,151,225,78,2.399,29.8,50.817366,4.397238
2026-09-09,Running,Morning Run,"*Murakami* is right in his memoir about running that if you skip more than one day, it's a disaster. Because mind forgets the pleasure of running so its hard to convince it to do it again. However sometimes I need to write reports at 5-6AM so after that I don't have time in morning. So I need to look for optimum strategy.

Anyway, feeling good. Temperature is a bit lower today but its pleasing once I warmed up.",2026-09-09_08-44-28_hk_1788936268.fit,284,2026-09-09T06:49:11.000Z,283.000,710.54,151,224,78,2.385,29.81,50.817366,4.39722
2026-09-09,Running,Morning Run,"*Murakami* is right in his memoir about running that if you skip more than one day, it's a disaster. Because mind forgets the pleasure of running so its hard to convince it to do it again. However sometimes I need to write reports at 5-6AM so after that I don't have time in morning. So I need to look for optimum strategy.

Anyway, feeling good. Temperature is a bit lower today but its pleasing once I warmed up.",2026-09-09_08-44-28_hk_1788936268.fit,285,2026-09-09T06:49:12.000Z,284.000,712.44,151,224,78,2.363,29.82,50.817384,4.397184
2026-09-09,Running,Morning Run,"*Murakami* is right in his memoir about running that if you skip more than one day, it's a disaster. Because mind forgets the pleasure of running so its hard to convince it to do it again. However sometimes I need to write reports at 5-6AM so after that I don't have time in morning. So I need to look for optimum strategy.

Anyway, feeling good. Temperature is a bit lower today but its pleasing once I warmed up.",2026-09-09_08-44-28_hk_1788936268.fit,286,2026-09-09T06:49:13.000Z,285.000,714.34,151,224,79,2.347,29.82,50.817384,4.397166
2026-09-09,Running,Morning Run,"*Murakami* is right in his memoir about running that if you skip more than one day, it's a disaster. Because mind forgets the pleasure of running so its hard to convince it to do it again. However sometimes I need to write reports at 5-6AM so after that I don't have time in morning. So I need to look for optimum strategy.

Anyway, feeling good. Temperature is a bit lower today but its pleasing once I warmed up.",2026-09-09_08-44-28_hk_1788936268.fit,287,2026-09-09T06:49:14.000Z,286.000,716.24,151,222,79,2.322,29.83,50.817402,4.39713
2026-09-09,Running,Morning Run,"*Murakami* is right in his memoir about running that if you skip more than one day, it's a disaster. Because mind forgets the pleasure of running so its hard to convince it to do it again. However sometimes I need to write reports at 5-6AM so after that I don't have time in morning. So I need to look for optimum strategy.

Anyway, feeling good. Temperature is a bit lower today but its pleasing once I warmed up.",2026-09-09_08-44-28_hk_1788936268.fit,288,2026-09-09T06:49:15.000Z,287.000,718.92,151,222,79,2.331,29.84,50.817402,4.397112
2026-09-09,Running,Morning Run,"*Murakami* is right in his memoir about running that if you skip more than one day, it's a disaster. Because mind forgets the pleasure of running so its hard to convince it to do it again. However sometimes I need to write reports at 5-6AM so after that I don't have time in morning. So I need to look for optimum strategy.

Anyway, feeling good. Temperature is a bit lower today but its pleasing once I warmed up.",2026-09-09_08-44-28_hk_1788936268.fit,289,2026-09-09T06:49:16.000Z,288.000,721.6,151,223,76,2.355,29.85,50.81742,4.397076
2026-09-09,Running,Morning Run,"*Murakami* is right in his memoir about running that if you skip more than one day, it's a disaster. Because mind forgets the pleasure of running so its hard to convince it to do it again. However sometimes I need to write reports at 5-6AM so after that I don't have time in morning. So I need to look for optimum strategy.

Anyway, feeling good. Temperature is a bit lower today but its pleasing once I warmed up.",2026-09-09_08-44-28_hk_1788936268.fit,290,2026-09-09T06:49:17.000Z,289.000,723.92,151,223,76,2.362,29.85,50.817438,4.397058
2026-09-09,Running,Morning Run,"*Murakami* is right in his memoir about running that if you skip more than one day, it's a disaster. Because mind forgets the pleasure of running so its hard to convince it to do it again. However sometimes I need to write reports at 5-6AM so after that I don't have time in morning. So I need to look for optimum strategy.

Anyway, feeling good. Temperature is a bit lower today but its pleasing once I warmed up.",2026-09-09_08-44-28_hk_1788936268.fit,291,2026-09-09T06:49:18.000Z,290.000,726.24,151,223,76,2.369,29.86,50.817438,4.397022
2026-09-09,Running,Morning Run,"*Murakami* is right in his memoir about running that if you skip more than one day, it's a disaster. Because mind forgets the pleasure of running so its hard to convince it to do it again. However sometimes I need to write reports at 5-6AM so after that I don't have time in morning. So I need to look for optimum strategy.

Anyway, feeling good. Temperature is a bit lower today but its pleasing once I warmed up.",2026-09-09_08-44-28_hk_1788936268.fit,292,2026-09-09T06:49:19.000Z,291.000,728.55,151,225,79,2.336,29.87,50.817438,4.396986
2026-09-09,Running,Morning Run,"*Murakami* is right in his memoir about running that if you skip more than one day, it's a disaster. Because mind forgets the pleasure of running so its hard to convince it to do it again. However sometimes I need to write reports at 5-6AM so after that I don't have time in morning. So I need to look for optimum strategy.

Anyway, feeling good. Temperature is a bit lower today but its pleasing once I warmed up.",2026-09-09_08-44-28_hk_1788936268.fit,293,2026-09-09T06:49:20.000Z,292.000,731.36,151,225,79,2.326,29.87,50.817456,4.39695
2026-09-09,Running,Morning Run,"*Murakami* is right in his memoir about running that if you skip more than one day, it's a disaster. Because mind forgets the pleasure of running so its hard to convince it to do it again. However sometimes I need to write reports at 5-6AM so after that I don't have time in morning. So I need to look for optimum strategy.

Anyway, feeling good. Temperature is a bit lower today but its pleasing once I warmed up.",2026-09-09_08-44-28_hk_1788936268.fit,294,2026-09-09T06:49:21.000Z,293.000,734.17,151,225,79,2.39,29.88,50.817456,4.396932
2026-09-09,Running,Morning Run,"*Murakami* is right in his memoir about running that if you skip more than one day, it's a disaster. Because mind forgets the pleasure of running so its hard to convince it to do it again. However sometimes I need to write reports at 5-6AM so after that I don't have time in morning. So I need to look for optimum strategy.

Anyway, feeling good. Temperature is a bit lower today but its pleasing once I warmed up.",2026-09-09_08-44-28_hk_1788936268.fit,295,2026-09-09T06:49:22.000Z,294.000,736.24,151,225,76,2.399,29.88,50.817474,4.396896
2026-09-09,Running,Morning Run,"*Murakami* is right in his memoir about running that if you skip more than one day, it's a disaster. Because mind forgets the pleasure of running so its hard to convince it to do it again. However sometimes I need to write reports at 5-6AM so after that I don't have time in morning. So I need to look for optimum strategy.

Anyway, feeling good. Temperature is a bit lower today but its pleasing once I warmed up.",2026-09-09_08-44-28_hk_1788936268.fit,296,2026-09-09T06:49:23.000Z,295.000,738.31,151,225,76,2.384,29.88,50.817474,4.39686
2026-09-09,Running,Morning Run,"*Murakami* is right in his memoir about running that if you skip more than one day, it's a disaster. Because mind forgets the pleasure of running so its hard to convince it to do it again. However sometimes I need to write reports at 5-6AM so after that I don't have time in morning. So I need to look for optimum strategy.

Anyway, feeling good. Temperature is a bit lower today but its pleasing once I warmed up.",2026-09-09_08-44-28_hk_1788936268.fit,297,2026-09-09T06:49:24.000Z,296.000,740.39,151,226,76,2.316,29.89,50.817492,4.396842
2026-09-09,Running,Morning Run,"*Murakami* is right in his memoir about running that if you skip more than one day, it's a disaster. Because mind forgets the pleasure of running so its hard to convince it to do it again. However sometimes I need to write reports at 5-6AM so after that I don't have time in morning. So I need to look for optimum strategy.

Anyway, feeling good. Temperature is a bit lower today but its pleasing once I warmed up.",2026-09-09_08-44-28_hk_1788936268.fit,298,2026-09-09T06:49:25.000Z,297.000,743.45,151,226,78,2.292,29.89,50.817492,4.396806
2026-09-09,Running,Morning Run,"*Murakami* is right in his memoir about running that if you skip more than one day, it's a disaster. Because mind forgets the pleasure of running so its hard to convince it to do it again. However sometimes I need to write reports at 5-6AM so after that I don't have time in morning. So I need to look for optimum strategy.

Anyway, feeling good. Temperature is a bit lower today but its pleasing once I warmed up.",2026-09-09_08-44-28_hk_1788936268.fit,299,2026-09-09T06:49:26.000Z,298.000,746.52,151,224,78,2.332,29.9,50.81751,4.396788
2026-09-09,Running,Morning Run,"*Murakami* is right in his memoir about running that if you skip more than one day, it's a disaster. Because mind forgets the pleasure of running so its hard to convince it to do it again. However sometimes I need to write reports at 5-6AM so after that I don't have time in morning. So I need to look for optimum strategy.

Anyway, feeling good. Temperature is a bit lower today but its pleasing once I warmed up.",2026-09-09_08-44-28_hk_1788936268.fit,300,2026-09-09T06:49:27.000Z,299.000,747.94,151,224,78,2.297,29.91,50.817528,4.39677
2026-09-09,Running,Morning Run,"*Murakami* is right in his memoir about running that if you skip more than one day, it's a disaster. Because mind forgets the pleasure of running so its hard to convince it to do it again. However sometimes I need to write reports at 5-6AM so after that I don't have time in morning. So I need to look for optimum strategy.

Anyway, feeling good. Temperature is a bit lower today but its pleasing once I warmed up.",2026-09-09_08-44-28_hk_1788936268.fit,301,2026-09-09T06:49:28.000Z,300.000,749.35,151,224,77,2.259,29.91,50.817546,4.396734
2026-09-09,Running,Morning Run,"*Murakami* is right in his memoir about running that if you skip more than one day, it's a disaster. Because mind forgets the pleasure of running so its hard to convince it to do it again. However sometimes I need to write reports at 5-6AM so after that I don't have time in morning. So I need to look for optimum strategy.

Anyway, feeling good. Temperature is a bit lower today but its pleasing once I warmed up.",2026-09-09_08-44-28_hk_1788936268.fit,302,2026-09-09T06:49:29.000Z,301.000,750.77,151,221,77,2.226,29.92,50.817546,4.396716
2026-09-09,Running,Morning Run,"*Murakami* is right in his memoir about running that if you skip more than one day, it's a disaster. Because mind forgets the pleasure of running so its hard to convince it to do it again. However sometimes I need to write reports at 5-6AM so after that I don't have time in morning. So I need to look for optimum strategy.

Anyway, feeling good. Temperature is a bit lower today but its pleasing once I warmed up.",2026-09-09_08-44-28_hk_1788936268.fit,303,2026-09-09T06:49:30.000Z,302.000,754.17,151,221,77,2.263,29.93,50.817564,4.396698
2026-09-09,Running,Morning Run,"*Murakami* is right in his memoir about running that if you skip more than one day, it's a disaster. Because mind forgets the pleasure of running so its hard to convince it to do it again. However sometimes I need to write reports at 5-6AM so after that I don't have time in morning. So I need to look for optimum strategy.

Anyway, feeling good. Temperature is a bit lower today but its pleasing once I warmed up.",2026-09-09_08-44-28_hk_1788936268.fit,304,2026-09-09T06:49:31.000Z,303.000,757.57,151,221,79,2.316,29.94,50.817582,4.39668
2026-09-09,Running,Morning Run,"*Murakami* is right in his memoir about running that if you skip more than one day, it's a disaster. Because mind forgets the pleasure of running so its hard to convince it to do it again. However sometimes I need to write reports at 5-6AM so after that I don't have time in morning. So I need to look for optimum strategy.

Anyway, feeling good. Temperature is a bit lower today but its pleasing once I warmed up.",2026-09-09_08-44-28_hk_1788936268.fit,305,2026-09-09T06:49:32.000Z,304.000,759.28,151,221,79,2.305,29.94,50.817582,4.396644
2026-09-09,Running,Morning Run,"*Murakami* is right in his memoir about running that if you skip more than one day, it's a disaster. Because mind forgets the pleasure of running so its hard to convince it to do it again. However sometimes I need to write reports at 5-6AM so after that I don't have time in morning. So I need to look for optimum strategy.

Anyway, feeling good. Temperature is a bit lower today but its pleasing once I warmed up.",2026-09-09_08-44-28_hk_1788936268.fit,306,2026-09-09T06:49:33.000Z,305.000,761,161,221,79,2.294,29.95,50.8176,4.396626
2026-09-09,Running,Morning Run,"*Murakami* is right in his memoir about running that if you skip more than one day, it's a disaster. Because mind forgets the pleasure of running so its hard to convince it to do it again. However sometimes I need to write reports at 5-6AM so after that I don't have time in morning. So I need to look for optimum strategy.

Anyway, feeling good. Temperature is a bit lower today but its pleasing once I warmed up.",2026-09-09_08-44-28_hk_1788936268.fit,307,2026-09-09T06:49:34.000Z,306.000,762.72,161,221,76,2.285,29.95,50.817618,4.39659
2026-09-09,Running,Morning Run,"*Murakami* is right in his memoir about running that if you skip more than one day, it's a disaster. Because mind forgets the pleasure of running so its hard to convince it to do it again. However sometimes I need to write reports at 5-6AM so after that I don't have time in morning. So I need to look for optimum strategy.

Anyway, feeling good. Temperature is a bit lower today but its pleasing once I warmed up.",2026-09-09_08-44-28_hk_1788936268.fit,308,2026-09-09T06:49:35.000Z,307.000,765.06,161,221,76,2.306,29.96,50.817618,4.396572
2026-09-09,Running,Morning Run,"*Murakami* is right in his memoir about running that if you skip more than one day, it's a disaster. Because mind forgets the pleasure of running so its hard to convince it to do it again. However sometimes I need to write reports at 5-6AM so after that I don't have time in morning. So I need to look for optimum strategy.

Anyway, feeling good. Temperature is a bit lower today but its pleasing once I warmed up.",2026-09-09_08-44-28_hk_1788936268.fit,309,2026-09-09T06:49:36.000Z,308.000,767.41,161,221,76,2.326,29.97,50.817636,4.396536
2026-09-09,Running,Morning Run,"*Murakami* is right in his memoir about running that if you skip more than one day, it's a disaster. Because mind forgets the pleasure of running so its hard to convince it to do it again. However sometimes I need to write reports at 5-6AM so after that I don't have time in morning. So I need to look for optimum strategy.

Anyway, feeling good. Temperature is a bit lower today but its pleasing once I warmed up.",2026-09-09_08-44-28_hk_1788936268.fit,310,2026-09-09T06:49:37.000Z,309.000,769.76,164,224,77,2.311,29.97,50.817636,4.3965
2026-09-09,Running,Morning Run,"*Murakami* is right in his memoir about running that if you skip more than one day, it's a disaster. Because mind forgets the pleasure of running so its hard to convince it to do it again. However sometimes I need to write reports at 5-6AM so after that I don't have time in morning. So I need to look for optimum strategy.

Anyway, feeling good. Temperature is a bit lower today but its pleasing once I warmed up.",2026-09-09_08-44-28_hk_1788936268.fit,311,2026-09-09T06:49:38.000Z,310.000,773.47,164,224,77,2.358,29.98,50.817654,4.396464
2026-09-09,Running,Morning Run,"*Murakami* is right in his memoir about running that if you skip more than one day, it's a disaster. Because mind forgets the pleasure of running so its hard to convince it to do it again. However sometimes I need to write reports at 5-6AM so after that I don't have time in morning. So I need to look for optimum strategy.

Anyway, feeling good. Temperature is a bit lower today but its pleasing once I warmed up.",2026-09-09_08-44-28_hk_1788936268.fit,312,2026-09-09T06:49:39.000Z,311.000,777.18,164,227,77,2.426,29.98,50.817654,4.396446
2026-09-09,Running,Morning Run,"*Murakami* is right in his memoir about running that if you skip more than one day, it's a disaster. Because mind forgets the pleasure of running so its hard to convince it to do it again. However sometimes I need to write reports at 5-6AM so after that I don't have time in morning. So I need to look for optimum strategy.

Anyway, feeling good. Temperature is a bit lower today but its pleasing once I warmed up.",2026-09-09_08-44-28_hk_1788936268.fit,313,2026-09-09T06:49:40.000Z,312.000,778.36,164,227,78,2.369,29.99,50.817672,4.39641
2026-09-09,Running,Morning Run,"*Murakami* is right in his memoir about running that if you skip more than one day, it's a disaster. Because mind forgets the pleasure of running so its hard to convince it to do it again. However sometimes I need to write reports at 5-6AM so after that I don't have time in morning. So I need to look for optimum strategy.

Anyway, feeling good. Temperature is a bit lower today but its pleasing once I warmed up.",2026-09-09_08-44-28_hk_1788936268.fit,314,2026-09-09T06:49:41.000Z,313.000,779.54,164,227,78,2.318,29.99,50.817672,4.396392
2026-09-09,Running,Morning Run,"*Murakami* is right in his memoir about running that if you skip more than one day, it's a disaster. Because mind forgets the pleasure of running so its hard to convince it to do it again. However sometimes I need to write reports at 5-6AM so after that I don't have time in morning. So I need to look for optimum strategy.

Anyway, feeling good. Temperature is a bit lower today but its pleasing once I warmed up.",2026-09-09_08-44-28_hk_1788936268.fit,315,2026-09-09T06:49:42.000Z,314.000,780.72,163,220,78,2.268,30,50.81769,4.396356
2026-09-09,Running,Morning Run,"*Murakami* is right in his memoir about running that if you skip more than one day, it's a disaster. Because mind forgets the pleasure of running so its hard to convince it to do it again. However sometimes I need to write reports at 5-6AM so after that I don't have time in morning. So I need to look for optimum strategy.

Anyway, feeling good. Temperature is a bit lower today but its pleasing once I warmed up.",2026-09-09_08-44-28_hk_1788936268.fit,316,2026-09-09T06:49:43.000Z,315.000,783.96,163,220,78,2.287,30,50.817708,4.396338
2026-09-09,Running,Morning Run,"*Murakami* is right in his memoir about running that if you skip more than one day, it's a disaster. Because mind forgets the pleasure of running so its hard to convince it to do it again. However sometimes I need to write reports at 5-6AM so after that I don't have time in morning. So I need to look for optimum strategy.

Anyway, feeling good. Temperature is a bit lower today but its pleasing once I warmed up.",2026-09-09_08-44-28_hk_1788936268.fit,317,2026-09-09T06:49:44.000Z,316.000,787.2,163,232,78,2.316,30.01,50.817708,4.39632
2026-09-09,Running,Morning Run,"*Murakami* is right in his memoir about running that if you skip more than one day, it's a disaster. Because mind forgets the pleasure of running so its hard to convince it to do it again. However sometimes I need to write reports at 5-6AM so after that I don't have time in morning. So I need to look for optimum strategy.

Anyway, feeling good. Temperature is a bit lower today but its pleasing once I warmed up.",2026-09-09_08-44-28_hk_1788936268.fit,318,2026-09-09T06:49:45.000Z,317.000,789.3,163,232,78,2.318,30.01,50.817726,4.396284
2026-09-09,Running,Morning Run,"*Murakami* is right in his memoir about running that if you skip more than one day, it's a disaster. Because mind forgets the pleasure of running so its hard to convince it to do it again. However sometimes I need to write reports at 5-6AM so after that I don't have time in morning. So I need to look for optimum strategy.

Anyway, feeling good. Temperature is a bit lower today but its pleasing once I warmed up.",2026-09-09_08-44-28_hk_1788936268.fit,319,2026-09-09T06:49:46.000Z,318.000,791.41,163,232,79,2.319,30.02,50.817744,4.396266
2026-09-09,Running,Morning Run,"*Murakami* is right in his memoir about running that if you skip more than one day, it's a disaster. Because mind forgets the pleasure of running so its hard to convince it to do it again. However sometimes I need to write reports at 5-6AM so after that I don't have time in morning. So I need to look for optimum strategy.

Anyway, feeling good. Temperature is a bit lower today but its pleasing once I warmed up.",2026-09-09_08-44-28_hk_1788936268.fit,320,2026-09-09T06:49:47.000Z,319.000,793.51,163,229,79,2.275,30.02,50.817744,4.39623
2026-09-09,Running,Morning Run,"*Murakami* is right in his memoir about running that if you skip more than one day, it's a disaster. Because mind forgets the pleasure of running so its hard to convince it to do it again. However sometimes I need to write reports at 5-6AM so after that I don't have time in morning. So I need to look for optimum strategy.

Anyway, feeling good. Temperature is a bit lower today but its pleasing once I warmed up.",2026-09-09_08-44-28_hk_1788936268.fit,321,2026-09-09T06:49:48.000Z,320.000,796.44,163,229,79,2.304,30.03,50.817762,4.396212
2026-09-09,Running,Morning Run,"*Murakami* is right in his memoir about running that if you skip more than one day, it's a disaster. Because mind forgets the pleasure of running so its hard to convince it to do it again. However sometimes I need to write reports at 5-6AM so after that I don't have time in morning. So I need to look for optimum strategy.

Anyway, feeling good. Temperature is a bit lower today but its pleasing once I warmed up.",2026-09-09_08-44-28_hk_1788936268.fit,322,2026-09-09T06:49:49.000Z,321.000,799.37,164,232,76,2.382,30.03,50.81778,4.396176
2026-09-09,Running,Morning Run,"*Murakami* is right in his memoir about running that if you skip more than one day, it's a disaster. Because mind forgets the pleasure of running so its hard to convince it to do it again. However sometimes I need to write reports at 5-6AM so after that I don't have time in morning. So I need to look for optimum strategy.

Anyway, feeling good. Temperature is a bit lower today but its pleasing once I warmed up.",2026-09-09_08-44-28_hk_1788936268.fit,323,2026-09-09T06:49:50.000Z,322.000,801.49,164,232,76,2.415,30.03,50.817798,4.396158
2026-09-09,Running,Morning Run,"*Murakami* is right in his memoir about running that if you skip more than one day, it's a disaster. Because mind forgets the pleasure of running so its hard to convince it to do it again. However sometimes I need to write reports at 5-6AM so after that I don't have time in morning. So I need to look for optimum strategy.

Anyway, feeling good. Temperature is a bit lower today but its pleasing once I warmed up.",2026-09-09_08-44-28_hk_1788936268.fit,324,2026-09-09T06:49:51.000Z,323.000,803.61,164,232,76,2.402,30.04,50.817798,4.396122
2026-09-09,Running,Morning Run,"*Murakami* is right in his memoir about running that if you skip more than one day, it's a disaster. Because mind forgets the pleasure of running so its hard to convince it to do it again. However sometimes I need to write reports at 5-6AM so after that I don't have time in morning. So I need to look for optimum strategy.

Anyway, feeling good. Temperature is a bit lower today but its pleasing once I warmed up.",2026-09-09_08-44-28_hk_1788936268.fit,325,2026-09-09T06:49:52.000Z,324.000,805.74,164,231,79,2.344,30.04,50.817816,4.396104
2026-09-09,Running,Morning Run,"*Murakami* is right in his memoir about running that if you skip more than one day, it's a disaster. Because mind forgets the pleasure of running so its hard to convince it to do it again. However sometimes I need to write reports at 5-6AM so after that I don't have time in morning. So I need to look for optimum strategy.

Anyway, feeling good. Temperature is a bit lower today but its pleasing once I warmed up.",2026-09-09_08-44-28_hk_1788936268.fit,326,2026-09-09T06:49:53.000Z,325.000,807.46,164,231,79,2.317,30.05,50.817834,4.396086
2026-09-09,Running,Morning Run,"*Murakami* is right in his memoir about running that if you skip more than one day, it's a disaster. Because mind forgets the pleasure of running so its hard to convince it to do it again. However sometimes I need to write reports at 5-6AM so after that I don't have time in morning. So I need to look for optimum strategy.

Anyway, feeling good. Temperature is a bit lower today but its pleasing once I warmed up.",2026-09-09_08-44-28_hk_1788936268.fit,327,2026-09-09T06:49:54.000Z,326.000,809.19,162,231,79,2.244,30.05,50.817852,4.396068
2026-09-09,Running,Morning Run,"*Murakami* is right in his memoir about running that if you skip more than one day, it's a disaster. Because mind forgets the pleasure of running so its hard to convince it to do it again. However sometimes I need to write reports at 5-6AM so after that I don't have time in morning. So I need to look for optimum strategy.

Anyway, feeling good. Temperature is a bit lower today but its pleasing once I warmed up.",2026-09-09_08-44-28_hk_1788936268.fit,328,2026-09-09T06:49:55.000Z,327.000,810.92,162,229,76,2.245,30.05,50.81787,4.39605
2026-09-09,Running,Morning Run,"*Murakami* is right in his memoir about running that if you skip more than one day, it's a disaster. Because mind forgets the pleasure of running so its hard to convince it to do it again. However sometimes I need to write reports at 5-6AM so after that I don't have time in morning. So I need to look for optimum strategy.

Anyway, feeling good. Temperature is a bit lower today but its pleasing once I warmed up.",2026-09-09_08-44-28_hk_1788936268.fit,329,2026-09-09T06:49:56.000Z,328.000,814.46,162,229,76,2.352,30.05,50.817888,4.396032
2026-09-09,Running,Morning Run,"*Murakami* is right in his memoir about running that if you skip more than one day, it's a disaster. Because mind forgets the pleasure of running so its hard to convince it to do it again. However sometimes I need to write reports at 5-6AM so after that I don't have time in morning. So I need to look for optimum strategy.

Anyway, feeling good. Temperature is a bit lower today but its pleasing once I warmed up.",2026-09-09_08-44-28_hk_1788936268.fit,330,2026-09-09T06:49:57.000Z,329.000,818.01,162,231,76,2.409,30.06,50.817906,4.396014
2026-09-09,Running,Morning Run,"*Murakami* is right in his memoir about running that if you skip more than one day, it's a disaster. Because mind forgets the pleasure of running so its hard to convince it to do it again. However sometimes I need to write reports at 5-6AM so after that I don't have time in morning. So I need to look for optimum strategy.

Anyway, feeling good. Temperature is a bit lower today but its pleasing once I warmed up.",2026-09-09_08-44-28_hk_1788936268.fit,331,2026-09-09T06:49:58.000Z,330.000,820.54,162,231,77,2.418,30.06,50.817924,4.395996
2026-09-09,Running,Morning Run,"*Murakami* is right in his memoir about running that if you skip more than one day, it's a disaster. Because mind forgets the pleasure of running so its hard to convince it to do it again. However sometimes I need to write reports at 5-6AM so after that I don't have time in morning. So I need to look for optimum strategy.

Anyway, feeling good. Temperature is a bit lower today but its pleasing once I warmed up.",2026-09-09_08-44-28_hk_1788936268.fit,332,2026-09-09T06:49:59.000Z,331.000,823.08,162,231,77,2.423,30.06,50.817942,4.395978
2026-09-09,Running,Morning Run,"*Murakami* is right in his memoir about running that if you skip more than one day, it's a disaster. Because mind forgets the pleasure of running so its hard to convince it to do it again. However sometimes I need to write reports at 5-6AM so after that I don't have time in morning. So I need to look for optimum strategy.

Anyway, feeling good. Temperature is a bit lower today but its pleasing once I warmed up.",2026-09-09_08-44-28_hk_1788936268.fit,333,2026-09-09T06:50:00.000Z,332.000,825.61,162,232,77,2.37,30.06,50.81796,4.39596
2026-09-09,Running,Morning Run,"*Murakami* is right in his memoir about running that if you skip more than one day, it's a disaster. Because mind forgets the pleasure of running so its hard to convince it to do it again. However sometimes I need to write reports at 5-6AM so after that I don't have time in morning. So I need to look for optimum strategy.

Anyway, feeling good. Temperature is a bit lower today but its pleasing once I warmed up.",2026-09-09_08-44-28_hk_1788936268.fit,334,2026-09-09T06:50:01.000Z,333.000,828.27,162,232,77,2.322,30.06,50.817978,4.395924
2026-09-09,Running,Morning Run,"*Murakami* is right in his memoir about running that if you skip more than one day, it's a disaster. Because mind forgets the pleasure of running so its hard to convince it to do it again. However sometimes I need to write reports at 5-6AM so after that I don't have time in morning. So I need to look for optimum strategy.

Anyway, feeling good. Temperature is a bit lower today but its pleasing once I warmed up.",2026-09-09_08-44-28_hk_1788936268.fit,335,2026-09-09T06:50:02.000Z,334.000,830.93,162,230,77,2.511,30.06,50.817996,4.395906
2026-09-09,Running,Morning Run,"*Murakami* is right in his memoir about running that if you skip more than one day, it's a disaster. Because mind forgets the pleasure of running so its hard to convince it to do it again. However sometimes I need to write reports at 5-6AM so after that I don't have time in morning. So I need to look for optimum strategy.

Anyway, feeling good. Temperature is a bit lower today but its pleasing once I warmed up.",2026-09-09_08-44-28_hk_1788936268.fit,336,2026-09-09T06:50:03.000Z,335.000,833.12,162,230,77,2.495,30.06,50.818014,4.395888
2026-09-09,Running,Morning Run,"*Murakami* is right in his memoir about running that if you skip more than one day, it's a disaster. Because mind forgets the pleasure of running so its hard to convince it to do it again. However sometimes I need to write reports at 5-6AM so after that I don't have time in morning. So I need to look for optimum strategy.

Anyway, feeling good. Temperature is a bit lower today but its pleasing once I warmed up.",2026-09-09_08-44-28_hk_1788936268.fit,337,2026-09-09T06:50:04.000Z,336.000,835.3,162,230,79,2.445,30.06,50.818032,4.395852
2026-09-09,Running,Morning Run,"*Murakami* is right in his memoir about running that if you skip more than one day, it's a disaster. Because mind forgets the pleasure of running so its hard to convince it to do it again. However sometimes I need to write reports at 5-6AM so after that I don't have time in morning. So I need to look for optimum strategy.

Anyway, feeling good. Temperature is a bit lower today but its pleasing once I warmed up.",2026-09-09_08-44-28_hk_1788936268.fit,338,2026-09-09T06:50:05.000Z,337.000,837.49,162,230,79,2.395,30.06,50.81805,4.395834
2026-09-09,Running,Morning Run,"*Murakami* is right in his memoir about running that if you skip more than one day, it's a disaster. Because mind forgets the pleasure of running so its hard to convince it to do it again. However sometimes I need to write reports at 5-6AM so after that I don't have time in morning. So I need to look for optimum strategy.

Anyway, feeling good. Temperature is a bit lower today but its pleasing once I warmed up.",2026-09-09_08-44-28_hk_1788936268.fit,339,2026-09-09T06:50:06.000Z,338.000,840.03,162,230,79,2.416,30.06,50.818068,4.395816
2026-09-09,Running,Morning Run,"*Murakami* is right in his memoir about running that if you skip more than one day, it's a disaster. Because mind forgets the pleasure of running so its hard to convince it to do it again. However sometimes I need to write reports at 5-6AM so after that I don't have time in morning. So I need to look for optimum strategy.

Anyway, feeling good. Temperature is a bit lower today but its pleasing once I warmed up.",2026-09-09_08-44-28_hk_1788936268.fit,340,2026-09-09T06:50:07.000Z,339.000,842.56,162,228,76,2.436,30.06,50.818086,4.395798
2026-09-09,Running,Morning Run,"*Murakami* is right in his memoir about running that if you skip more than one day, it's a disaster. Because mind forgets the pleasure of running so its hard to convince it to do it again. However sometimes I need to write reports at 5-6AM so after that I don't have time in morning. So I need to look for optimum strategy.

Anyway, feeling good. Temperature is a bit lower today but its pleasing once I warmed up.",2026-09-09_08-44-28_hk_1788936268.fit,341,2026-09-09T06:50:08.000Z,340.000,844.58,161,228,76,2.432,30.05,50.818104,4.395798
2026-09-09,Running,Morning Run,"*Murakami* is right in his memoir about running that if you skip more than one day, it's a disaster. Because mind forgets the pleasure of running so its hard to convince it to do it again. However sometimes I need to write reports at 5-6AM so after that I don't have time in morning. So I need to look for optimum strategy.

Anyway, feeling good. Temperature is a bit lower today but its pleasing once I warmed up.",2026-09-09_08-44-28_hk_1788936268.fit,342,2026-09-09T06:50:09.000Z,341.000,846.59,161,228,76,2.388,30.05,50.818122,4.39578
2026-09-09,Running,Morning Run,"*Murakami* is right in his memoir about running that if you skip more than one day, it's a disaster. Because mind forgets the pleasure of running so its hard to convince it to do it again. However sometimes I need to write reports at 5-6AM so after that I don't have time in morning. So I need to look for optimum strategy.

Anyway, feeling good. Temperature is a bit lower today but its pleasing once I warmed up.",2026-09-09_08-44-28_hk_1788936268.fit,343,2026-09-09T06:50:10.000Z,342.000,848.61,162,142,77,2.371,30.04,50.81814,4.395762
2026-09-09,Running,Morning Run,"*Murakami* is right in his memoir about running that if you skip more than one day, it's a disaster. Because mind forgets the pleasure of running so its hard to convince it to do it again. However sometimes I need to write reports at 5-6AM so after that I don't have time in morning. So I need to look for optimum strategy.

Anyway, feeling good. Temperature is a bit lower today but its pleasing once I warmed up.",2026-09-09_08-44-28_hk_1788936268.fit,344,2026-09-09T06:50:11.000Z,343.000,851.87,162,142,77,2.399,30.04,50.818158,4.395744
2026-09-09,Running,Morning Run,"*Murakami* is right in his memoir about running that if you skip more than one day, it's a disaster. Because mind forgets the pleasure of running so its hard to convince it to do it again. However sometimes I need to write reports at 5-6AM so after that I don't have time in morning. So I need to look for optimum strategy.

Anyway, feeling good. Temperature is a bit lower today but its pleasing once I warmed up.",2026-09-09_08-44-28_hk_1788936268.fit,345,2026-09-09T06:50:12.000Z,344.000,855.13,162,143,77,2.453,30.03,50.818176,4.395726
2026-09-09,Running,Morning Run,"*Murakami* is right in his memoir about running that if you skip more than one day, it's a disaster. Because mind forgets the pleasure of running so its hard to convince it to do it again. However sometimes I need to write reports at 5-6AM so after that I don't have time in morning. So I need to look for optimum strategy.

Anyway, feeling good. Temperature is a bit lower today but its pleasing once I warmed up.",2026-09-09_08-44-28_hk_1788936268.fit,346,2026-09-09T06:50:13.000Z,345.000,857.13,162,143,78,2.447,30.03,50.818194,4.395708
2026-09-09,Running,Morning Run,"*Murakami* is right in his memoir about running that if you skip more than one day, it's a disaster. Because mind forgets the pleasure of running so its hard to convince it to do it again. However sometimes I need to write reports at 5-6AM so after that I don't have time in morning. So I need to look for optimum strategy.

Anyway, feeling good. Temperature is a bit lower today but its pleasing once I warmed up.",2026-09-09_08-44-28_hk_1788936268.fit,347,2026-09-09T06:50:14.000Z,346.000,859.12,162,143,78,2.46,30.02,50.818212,4.39569
2026-09-09,Running,Morning Run,"*Murakami* is right in his memoir about running that if you skip more than one day, it's a disaster. Because mind forgets the pleasure of running so its hard to convince it to do it again. However sometimes I need to write reports at 5-6AM so after that I don't have time in morning. So I need to look for optimum strategy.

Anyway, feeling good. Temperature is a bit lower today but its pleasing once I warmed up.",2026-09-09_08-44-28_hk_1788936268.fit,348,2026-09-09T06:50:15.000Z,347.000,861.12,162,143,78,2.51,30.02,50.81823,4.395672
2026-09-09,Running,Morning Run,"*Murakami* is right in his memoir about running that if you skip more than one day, it's a disaster. Because mind forgets the pleasure of running so its hard to convince it to do it again. However sometimes I need to write reports at 5-6AM so after that I don't have time in morning. So I need to look for optimum strategy.

Anyway, feeling good. Temperature is a bit lower today but its pleasing once I warmed up.",2026-09-09_08-44-28_hk_1788936268.fit,349,2026-09-09T06:50:16.000Z,348.000,863.61,162,143,78,2.509,30.01,50.818266,4.395672
2026-09-09,Running,Morning Run,"*Murakami* is right in his memoir about running that if you skip more than one day, it's a disaster. Because mind forgets the pleasure of running so its hard to convince it to do it again. However sometimes I need to write reports at 5-6AM so after that I don't have time in morning. So I need to look for optimum strategy.

Anyway, feeling good. Temperature is a bit lower today but its pleasing once I warmed up.",2026-09-09_08-44-28_hk_1788936268.fit,350,2026-09-09T06:50:17.000Z,349.000,866.1,162,143,78,2.459,30.01,50.818284,4.395654
2026-09-09,Running,Morning Run,"*Murakami* is right in his memoir about running that if you skip more than one day, it's a disaster. Because mind forgets the pleasure of running so its hard to convince it to do it again. However sometimes I need to write reports at 5-6AM so after that I don't have time in morning. So I need to look for optimum strategy.

Anyway, feeling good. Temperature is a bit lower today but its pleasing once I warmed up.",2026-09-09_08-44-28_hk_1788936268.fit,351,2026-09-09T06:50:18.000Z,350.000,868.59,162,146,78,2.409,30,50.818302,4.395636
2026-09-09,Running,Morning Run,"*Murakami* is right in his memoir about running that if you skip more than one day, it's a disaster. Because mind forgets the pleasure of running so its hard to convince it to do it again. However sometimes I need to write reports at 5-6AM so after that I don't have time in morning. So I need to look for optimum strategy.

Anyway, feeling good. Temperature is a bit lower today but its pleasing once I warmed up.",2026-09-09_08-44-28_hk_1788936268.fit,352,2026-09-09T06:50:19.000Z,351.000,872.47,162,146,79,2.473,30,50.81832,4.395618
2026-09-09,Running,Morning Run,"*Murakami* is right in his memoir about running that if you skip more than one day, it's a disaster. Because mind forgets the pleasure of running so its hard to convince it to do it again. However sometimes I need to write reports at 5-6AM so after that I don't have time in morning. So I need to look for optimum strategy.

Anyway, feeling good. Temperature is a bit lower today but its pleasing once I warmed up.",2026-09-09_08-44-28_hk_1788936268.fit,353,2026-09-09T06:50:20.000Z,352.000,876.35,162,148,79,2.537,29.99,50.818338,4.3956
2026-09-09,Running,Morning Run,"*Murakami* is right in his memoir about running that if you skip more than one day, it's a disaster. Because mind forgets the pleasure of running so its hard to convince it to do it again. However sometimes I need to write reports at 5-6AM so after that I don't have time in morning. So I need to look for optimum strategy.

Anyway, feeling good. Temperature is a bit lower today but its pleasing once I warmed up.",2026-09-09_08-44-28_hk_1788936268.fit,354,2026-09-09T06:50:21.000Z,353.000,878.26,162,148,79,2.507,29.99,50.818374,4.395582
2026-09-09,Running,Morning Run,"*Murakami* is right in his memoir about running that if you skip more than one day, it's a disaster. Because mind forgets the pleasure of running so its hard to convince it to do it again. However sometimes I need to write reports at 5-6AM so after that I don't have time in morning. So I need to look for optimum strategy.

Anyway, feeling good. Temperature is a bit lower today but its pleasing once I warmed up.",2026-09-09_08-44-28_hk_1788936268.fit,355,2026-09-09T06:50:22.000Z,354.000,880.17,162,148,77,2.472,29.98,50.818392,4.395564
2026-09-09,Running,Morning Run,"*Murakami* is right in his memoir about running that if you skip more than one day, it's a disaster. Because mind forgets the pleasure of running so its hard to convince it to do it again. However sometimes I need to write reports at 5-6AM so after that I don't have time in morning. So I need to look for optimum strategy.

Anyway, feeling good. Temperature is a bit lower today but its pleasing once I warmed up.",2026-09-09_08-44-28_hk_1788936268.fit,356,2026-09-09T06:50:23.000Z,355.000,882.08,162,151,77,2.436,29.98,50.81841,4.395528
2026-09-09,Running,Morning Run,"*Murakami* is right in his memoir about running that if you skip more than one day, it's a disaster. Because mind forgets the pleasure of running so its hard to convince it to do it again. However sometimes I need to write reports at 5-6AM so after that I don't have time in morning. So I need to look for optimum strategy.

Anyway, feeling good. Temperature is a bit lower today but its pleasing once I warmed up.",2026-09-09_08-44-28_hk_1788936268.fit,357,2026-09-09T06:50:24.000Z,356.000,885.56,162,151,77,2.513,29.97,50.818428,4.39551
2026-09-09,Running,Morning Run,"*Murakami* is right in his memoir about running that if you skip more than one day, it's a disaster. Because mind forgets the pleasure of running so its hard to convince it to do it again. However sometimes I need to write reports at 5-6AM so after that I don't have time in morning. So I need to look for optimum strategy.

Anyway, feeling good. Temperature is a bit lower today but its pleasing once I warmed up.",2026-09-09_08-44-28_hk_1788936268.fit,358,2026-09-09T06:50:25.000Z,357.000,889.04,162,154,79,2.578,29.97,50.818446,4.395492
2026-09-09,Running,Morning Run,"*Murakami* is right in his memoir about running that if you skip more than one day, it's a disaster. Because mind forgets the pleasure of running so its hard to convince it to do it again. However sometimes I need to write reports at 5-6AM so after that I don't have time in morning. So I need to look for optimum strategy.

Anyway, feeling good. Temperature is a bit lower today but its pleasing once I warmed up.",2026-09-09_08-44-28_hk_1788936268.fit,359,2026-09-09T06:50:26.000Z,358.000,891.45,161,154,79,2.571,29.96,50.818464,4.395456
2026-09-09,Running,Morning Run,"*Murakami* is right in his memoir about running that if you skip more than one day, it's a disaster. Because mind forgets the pleasure of running so its hard to convince it to do it again. However sometimes I need to write reports at 5-6AM so after that I don't have time in morning. So I need to look for optimum strategy.

Anyway, feeling good. Temperature is a bit lower today but its pleasing once I warmed up.",2026-09-09_08-44-28_hk_1788936268.fit,360,2026-09-09T06:50:27.000Z,359.000,893.86,161,154,79,2.565,29.96,50.818482,4.395438
2026-09-09,Running,Morning Run,"*Murakami* is right in his memoir about running that if you skip more than one day, it's a disaster. Because mind forgets the pleasure of running so its hard to convince it to do it again. However sometimes I need to write reports at 5-6AM so after that I don't have time in morning. So I need to look for optimum strategy.

Anyway, feeling good. Temperature is a bit lower today but its pleasing once I warmed up.",2026-09-09_08-44-28_hk_1788936268.fit,361,2026-09-09T06:50:28.000Z,360.000,896.26,161,154,79,2.584,29.95,50.8185,4.395402
2026-09-09,Running,Morning Run,"*Murakami* is right in his memoir about running that if you skip more than one day, it's a disaster. Because mind forgets the pleasure of running so its hard to convince it to do it again. However sometimes I need to write reports at 5-6AM so after that I don't have time in morning. So I need to look for optimum strategy.

Anyway, feeling good. Temperature is a bit lower today but its pleasing once I warmed up.",2026-09-09_08-44-28_hk_1788936268.fit,362,2026-09-09T06:50:29.000Z,361.000,898.88,162,154,79,2.646,29.94,50.818518,4.395384
2026-09-09,Running,Morning Run,"*Murakami* is right in his memoir about running that if you skip more than one day, it's a disaster. Because mind forgets the pleasure of running so its hard to convince it to do it again. However sometimes I need to write reports at 5-6AM so after that I don't have time in morning. So I need to look for optimum strategy.

Anyway, feeling good. Temperature is a bit lower today but its pleasing once I warmed up.",2026-09-09_08-44-28_hk_1788936268.fit,363,2026-09-09T06:50:30.000Z,362.000,901.5,162,151,79,2.644,29.94,50.818536,4.395366
2026-09-09,Running,Morning Run,"*Murakami* is right in his memoir about running that if you skip more than one day, it's a disaster. Because mind forgets the pleasure of running so its hard to convince it to do it again. However sometimes I need to write reports at 5-6AM so after that I don't have time in morning. So I need to look for optimum strategy.

Anyway, feeling good. Temperature is a bit lower today but its pleasing once I warmed up.",2026-09-09_08-44-28_hk_1788936268.fit,364,2026-09-09T06:50:31.000Z,363.000,903.7,162,151,77,2.591,29.93,50.818554,4.395348
2026-09-09,Running,Morning Run,"*Murakami* is right in his memoir about running that if you skip more than one day, it's a disaster. Because mind forgets the pleasure of running so its hard to convince it to do it again. However sometimes I need to write reports at 5-6AM so after that I don't have time in morning. So I need to look for optimum strategy.

Anyway, feeling good. Temperature is a bit lower today but its pleasing once I warmed up.",2026-09-09_08-44-28_hk_1788936268.fit,365,2026-09-09T06:50:32.000Z,364.000,905.9,162,151,77,2.538,29.92,50.818572,4.39533
2026-09-09,Running,Morning Run,"*Murakami* is right in his memoir about running that if you skip more than one day, it's a disaster. Because mind forgets the pleasure of running so its hard to convince it to do it again. However sometimes I need to write reports at 5-6AM so after that I don't have time in morning. So I need to look for optimum strategy.

Anyway, feeling good. Temperature is a bit lower today but its pleasing once I warmed up.",2026-09-09_08-44-28_hk_1788936268.fit,366,2026-09-09T06:50:33.000Z,365.000,908.1,162,149,77,2.549,29.92,50.81859,4.395294
2026-09-09,Running,Morning Run,"*Murakami* is right in his memoir about running that if you skip more than one day, it's a disaster. Because mind forgets the pleasure of running so its hard to convince it to do it again. However sometimes I need to write reports at 5-6AM so after that I don't have time in morning. So I need to look for optimum strategy.

Anyway, feeling good. Temperature is a bit lower today but its pleasing once I warmed up.",2026-09-09_08-44-28_hk_1788936268.fit,367,2026-09-09T06:50:34.000Z,366.000,911.55,162,149,79,2.654,29.91,50.818608,4.395276
2026-09-09,Running,Morning Run,"*Murakami* is right in his memoir about running that if you skip more than one day, it's a disaster. Because mind forgets the pleasure of running so its hard to convince it to do it again. However sometimes I need to write reports at 5-6AM so after that I don't have time in morning. So I need to look for optimum strategy.

Anyway, feeling good. Temperature is a bit lower today but its pleasing once I warmed up.",2026-09-09_08-44-28_hk_1788936268.fit,368,2026-09-09T06:50:35.000Z,367.000,915,162,150,79,2.705,29.9,50.818626,4.395258
2026-09-09,Running,Morning Run,"*Murakami* is right in his memoir about running that if you skip more than one day, it's a disaster. Because mind forgets the pleasure of running so its hard to convince it to do it again. However sometimes I need to write reports at 5-6AM so after that I don't have time in morning. So I need to look for optimum strategy.

Anyway, feeling good. Temperature is a bit lower today but its pleasing once I warmed up.",2026-09-09_08-44-28_hk_1788936268.fit,369,2026-09-09T06:50:36.000Z,368.000,917.38,162,150,79,2.699,29.9,50.818644,4.39524
2026-09-09,Running,Morning Run,"*Murakami* is right in his memoir about running that if you skip more than one day, it's a disaster. Because mind forgets the pleasure of running so its hard to convince it to do it again. However sometimes I need to write reports at 5-6AM so after that I don't have time in morning. So I need to look for optimum strategy.

Anyway, feeling good. Temperature is a bit lower today but its pleasing once I warmed up.",2026-09-09_08-44-28_hk_1788936268.fit,370,2026-09-09T06:50:37.000Z,369.000,919.76,162,150,77,2.693,29.89,50.818662,4.395204
2026-09-09,Running,Morning Run,"*Murakami* is right in his memoir about running that if you skip more than one day, it's a disaster. Because mind forgets the pleasure of running so its hard to convince it to do it again. However sometimes I need to write reports at 5-6AM so after that I don't have time in morning. So I need to look for optimum strategy.

Anyway, feeling good. Temperature is a bit lower today but its pleasing once I warmed up.",2026-09-09_08-44-28_hk_1788936268.fit,371,2026-09-09T06:50:38.000Z,370.000,922.14,162,153,77,2.677,29.88,50.81868,4.395186
2026-09-09,Running,Morning Run,"*Murakami* is right in his memoir about running that if you skip more than one day, it's a disaster. Because mind forgets the pleasure of running so its hard to convince it to do it again. However sometimes I need to write reports at 5-6AM so after that I don't have time in morning. So I need to look for optimum strategy.

Anyway, feeling good. Temperature is a bit lower today but its pleasing once I warmed up.",2026-09-09_08-44-28_hk_1788936268.fit,372,2026-09-09T06:50:39.000Z,371.000,924.33,162,153,77,2.593,29.88,50.818698,4.395168
2026-09-09,Running,Morning Run,"*Murakami* is right in his memoir about running that if you skip more than one day, it's a disaster. Because mind forgets the pleasure of running so its hard to convince it to do it again. However sometimes I need to write reports at 5-6AM so after that I don't have time in morning. So I need to look for optimum strategy.

Anyway, feeling good. Temperature is a bit lower today but its pleasing once I warmed up.",2026-09-09_08-44-28_hk_1788936268.fit,373,2026-09-09T06:50:40.000Z,372.000,926.52,162,153,79,2.509,29.87,50.818716,4.39515
2026-09-09,Running,Morning Run,"*Murakami* is right in his memoir about running that if you skip more than one day, it's a disaster. Because mind forgets the pleasure of running so its hard to convince it to do it again. However sometimes I need to write reports at 5-6AM so after that I don't have time in morning. So I need to look for optimum strategy.

Anyway, feeling good. Temperature is a bit lower today but its pleasing once I warmed up.",2026-09-09_08-44-28_hk_1788936268.fit,374,2026-09-09T06:50:41.000Z,373.000,928.72,162,152,79,2.523,29.86,50.818752,4.395132
2026-09-09,Running,Morning Run,"*Murakami* is right in his memoir about running that if you skip more than one day, it's a disaster. Because mind forgets the pleasure of running so its hard to convince it to do it again. However sometimes I need to write reports at 5-6AM so after that I don't have time in morning. So I need to look for optimum strategy.

Anyway, feeling good. Temperature is a bit lower today but its pleasing once I warmed up.",2026-09-09_08-44-28_hk_1788936268.fit,375,2026-09-09T06:50:42.000Z,374.000,931.64,162,152,79,2.574,29.86,50.81877,4.395114
2026-09-09,Running,Morning Run,"*Murakami* is right in his memoir about running that if you skip more than one day, it's a disaster. Because mind forgets the pleasure of running so its hard to convince it to do it again. However sometimes I need to write reports at 5-6AM so after that I don't have time in morning. So I need to look for optimum strategy.

Anyway, feeling good. Temperature is a bit lower today but its pleasing once I warmed up.",2026-09-09_08-44-28_hk_1788936268.fit,376,2026-09-09T06:50:43.000Z,375.000,934.57,162,150,79,2.625,29.85,50.818788,4.395114
2026-09-09,Running,Morning Run,"*Murakami* is right in his memoir about running that if you skip more than one day, it's a disaster. Because mind forgets the pleasure of running so its hard to convince it to do it again. However sometimes I need to write reports at 5-6AM so after that I don't have time in morning. So I need to look for optimum strategy.

Anyway, feeling good. Temperature is a bit lower today but its pleasing once I warmed up.",2026-09-09_08-44-28_hk_1788936268.fit,377,2026-09-09T06:50:44.000Z,376.000,936.74,162,150,79,2.559,29.84,50.818806,4.395096
2026-09-09,Running,Morning Run,"*Murakami* is right in his memoir about running that if you skip more than one day, it's a disaster. Because mind forgets the pleasure of running so its hard to convince it to do it again. However sometimes I need to write reports at 5-6AM so after that I don't have time in morning. So I need to look for optimum strategy.

Anyway, feeling good. Temperature is a bit lower today but its pleasing once I warmed up.",2026-09-09_08-44-28_hk_1788936268.fit,378,2026-09-09T06:50:45.000Z,377.000,938.91,162,150,79,2.54,29.83,50.818824,4.395078
2026-09-09,Running,Morning Run,"*Murakami* is right in his memoir about running that if you skip more than one day, it's a disaster. Because mind forgets the pleasure of running so its hard to convince it to do it again. However sometimes I need to write reports at 5-6AM so after that I don't have time in morning. So I need to look for optimum strategy.

Anyway, feeling good. Temperature is a bit lower today but its pleasing once I warmed up.",2026-09-09_08-44-28_hk_1788936268.fit,379,2026-09-09T06:50:46.000Z,378.000,941.07,162,154,77,2.478,29.83,50.81886,4.395078
2026-09-09,Running,Morning Run,"*Murakami* is right in his memoir about running that if you skip more than one day, it's a disaster. Because mind forgets the pleasure of running so its hard to convince it to do it again. However sometimes I need to write reports at 5-6AM so after that I don't have time in morning. So I need to look for optimum strategy.

Anyway, feeling good. Temperature is a bit lower today but its pleasing once I warmed up.",2026-09-09_08-44-28_hk_1788936268.fit,380,2026-09-09T06:50:47.000Z,379.000,944.35,162,154,77,2.525,29.82,50.818878,4.39506
2026-09-09,Running,Morning Run,"*Murakami* is right in his memoir about running that if you skip more than one day, it's a disaster. Because mind forgets the pleasure of running so its hard to convince it to do it again. However sometimes I need to write reports at 5-6AM so after that I don't have time in morning. So I need to look for optimum strategy.

Anyway, feeling good. Temperature is a bit lower today but its pleasing once I warmed up.",2026-09-09_08-44-28_hk_1788936268.fit,381,2026-09-09T06:50:48.000Z,380.000,947.64,162,153,77,2.569,29.81,50.818896,4.395042
2026-09-09,Running,Morning Run,"*Murakami* is right in his memoir about running that if you skip more than one day, it's a disaster. Because mind forgets the pleasure of running so its hard to convince it to do it again. However sometimes I need to write reports at 5-6AM so after that I don't have time in morning. So I need to look for optimum strategy.

Anyway, feeling good. Temperature is a bit lower today but its pleasing once I warmed up.",2026-09-09_08-44-28_hk_1788936268.fit,382,2026-09-09T06:50:49.000Z,381.000,950.12,162,153,79,2.562,29.8,50.818914,4.395024
2026-09-09,Running,Morning Run,"*Murakami* is right in his memoir about running that if you skip more than one day, it's a disaster. Because mind forgets the pleasure of running so its hard to convince it to do it again. However sometimes I need to write reports at 5-6AM so after that I don't have time in morning. So I need to look for optimum strategy.

Anyway, feeling good. Temperature is a bit lower today but its pleasing once I warmed up.",2026-09-09_08-44-28_hk_1788936268.fit,383,2026-09-09T06:50:50.000Z,382.000,952.6,162,153,79,2.555,29.8,50.818932,4.395006
2026-09-09,Running,Morning Run,"*Murakami* is right in his memoir about running that if you skip more than one day, it's a disaster. Because mind forgets the pleasure of running so its hard to convince it to do it again. However sometimes I need to write reports at 5-6AM so after that I don't have time in morning. So I need to look for optimum strategy.

Anyway, feeling good. Temperature is a bit lower today but its pleasing once I warmed up.",2026-09-09_08-44-28_hk_1788936268.fit,384,2026-09-09T06:50:51.000Z,383.000,955.08,162,153,79,2.569,29.79,50.81895,4.394988
2026-09-09,Running,Morning Run,"*Murakami* is right in his memoir about running that if you skip more than one day, it's a disaster. Because mind forgets the pleasure of running so its hard to convince it to do it again. However sometimes I need to write reports at 5-6AM so after that I don't have time in morning. So I need to look for optimum strategy.

Anyway, feeling good. Temperature is a bit lower today but its pleasing once I warmed up.",2026-09-09_08-44-28_hk_1788936268.fit,385,2026-09-09T06:50:52.000Z,384.000,957.74,162,153,78,2.592,29.78,50.818968,4.39497
2026-09-09,Running,Morning Run,"*Murakami* is right in his memoir about running that if you skip more than one day, it's a disaster. Because mind forgets the pleasure of running so its hard to convince it to do it again. However sometimes I need to write reports at 5-6AM so after that I don't have time in morning. So I need to look for optimum strategy.

Anyway, feeling good. Temperature is a bit lower today but its pleasing once I warmed up.",2026-09-09_08-44-28_hk_1788936268.fit,386,2026-09-09T06:50:53.000Z,385.000,960.39,163,151,78,2.615,29.78,50.818986,4.394952
2026-09-09,Running,Morning Run,"*Murakami* is right in his memoir about running that if you skip more than one day, it's a disaster. Because mind forgets the pleasure of running so its hard to convince it to do it again. However sometimes I need to write reports at 5-6AM so after that I don't have time in morning. So I need to look for optimum strategy.

Anyway, feeling good. Temperature is a bit lower today but its pleasing once I warmed up.",2026-09-09_08-44-28_hk_1788936268.fit,387,2026-09-09T06:50:54.000Z,386.000,962.24,163,151,78,2.535,29.77,50.819022,4.394934
2026-09-09,Running,Morning Run,"*Murakami* is right in his memoir about running that if you skip more than one day, it's a disaster. Because mind forgets the pleasure of running so its hard to convince it to do it again. However sometimes I need to write reports at 5-6AM so after that I don't have time in morning. So I need to look for optimum strategy.

Anyway, feeling good. Temperature is a bit lower today but its pleasing once I warmed up.",2026-09-09_08-44-28_hk_1788936268.fit,388,2026-09-09T06:50:55.000Z,387.000,964.09,163,151,76,2.502,29.76,50.81904,4.394898
2026-09-09,Running,Morning Run,"*Murakami* is right in his memoir about running that if you skip more than one day, it's a disaster. Because mind forgets the pleasure of running so its hard to convince it to do it again. However sometimes I need to write reports at 5-6AM so after that I don't have time in morning. So I need to look for optimum strategy.

Anyway, feeling good. Temperature is a bit lower today but its pleasing once I warmed up.",2026-09-09_08-44-28_hk_1788936268.fit,389,2026-09-09T06:50:56.000Z,388.000,965.94,163,150,76,2.426,29.76,50.819058,4.39488
2026-09-09,Running,Morning Run,"*Murakami* is right in his memoir about running that if you skip more than one day, it's a disaster. Because mind forgets the pleasure of running so its hard to convince it to do it again. However sometimes I need to write reports at 5-6AM so after that I don't have time in morning. So I need to look for optimum strategy.

Anyway, feeling good. Temperature is a bit lower today but its pleasing once I warmed up.",2026-09-09_08-44-28_hk_1788936268.fit,390,2026-09-09T06:50:57.000Z,389.000,969.06,163,150,76,2.461,29.75,50.819058,4.394826
2026-09-09,Running,Morning Run,"*Murakami* is right in his memoir about running that if you skip more than one day, it's a disaster. Because mind forgets the pleasure of running so its hard to convince it to do it again. However sometimes I need to write reports at 5-6AM so after that I don't have time in morning. So I need to look for optimum strategy.

Anyway, feeling good. Temperature is a bit lower today but its pleasing once I warmed up.",2026-09-09_08-44-28_hk_1788936268.fit,391,2026-09-09T06:50:58.000Z,390.000,972.17,163,150,79,2.501,29.75,50.819076,4.39479
2026-09-09,Running,Morning Run,"*Murakami* is right in his memoir about running that if you skip more than one day, it's a disaster. Because mind forgets the pleasure of running so its hard to convince it to do it again. However sometimes I need to write reports at 5-6AM so after that I don't have time in morning. So I need to look for optimum strategy.

Anyway, feeling good. Temperature is a bit lower today but its pleasing once I warmed up.",2026-09-09_08-44-28_hk_1788936268.fit,392,2026-09-09T06:50:59.000Z,391.000,975.28,163,152,79,2.547,29.74,50.819094,4.394754
2026-09-09,Running,Morning Run,"*Murakami* is right in his memoir about running that if you skip more than one day, it's a disaster. Because mind forgets the pleasure of running so its hard to convince it to do it again. However sometimes I need to write reports at 5-6AM so after that I don't have time in morning. So I need to look for optimum strategy.

Anyway, feeling good. Temperature is a bit lower today but its pleasing once I warmed up.",2026-09-09_08-44-28_hk_1788936268.fit,393,2026-09-09T06:51:00.000Z,392.000,981.21,163,152,79,2.763,29.74,50.819112,4.394718
2026-09-09,Running,Morning Run,"*Murakami* is right in his memoir about running that if you skip more than one day, it's a disaster. Because mind forgets the pleasure of running so its hard to convince it to do it again. However sometimes I need to write reports at 5-6AM so after that I don't have time in morning. So I need to look for optimum strategy.

Anyway, feeling good. Temperature is a bit lower today but its pleasing once I warmed up.",2026-09-09_08-44-28_hk_1788936268.fit,394,2026-09-09T06:51:01.000Z,393.000,987.15,163,152,79,2.965,29.74,50.81913,4.394682
2026-09-09,Running,Morning Run,"*Murakami* is right in his memoir about running that if you skip more than one day, it's a disaster. Because mind forgets the pleasure of running so its hard to convince it to do it again. However sometimes I need to write reports at 5-6AM so after that I don't have time in morning. So I need to look for optimum strategy.

Anyway, feeling good. Temperature is a bit lower today but its pleasing once I warmed up.",2026-09-09_08-44-28_hk_1788936268.fit,395,2026-09-09T06:51:02.000Z,394.000,988.75,163,152,79,2.89,29.73,50.819148,4.394646
2026-09-09,Running,Morning Run,"*Murakami* is right in his memoir about running that if you skip more than one day, it's a disaster. Because mind forgets the pleasure of running so its hard to convince it to do it again. However sometimes I need to write reports at 5-6AM so after that I don't have time in morning. So I need to look for optimum strategy.

Anyway, feeling good. Temperature is a bit lower today but its pleasing once I warmed up.",2026-09-09_08-44-28_hk_1788936268.fit,396,2026-09-09T06:51:03.000Z,395.000,990.36,163,152,79,2.859,29.73,50.819166,4.39461
2026-09-09,Running,Morning Run,"*Murakami* is right in his memoir about running that if you skip more than one day, it's a disaster. Because mind forgets the pleasure of running so its hard to convince it to do it again. However sometimes I need to write reports at 5-6AM so after that I don't have time in morning. So I need to look for optimum strategy.

Anyway, feeling good. Temperature is a bit lower today but its pleasing once I warmed up.",2026-09-09_08-44-28_hk_1788936268.fit,397,2026-09-09T06:51:04.000Z,396.000,991.97,163,149,80,2.828,29.72,50.819184,4.394574
2026-09-09,Running,Morning Run,"*Murakami* is right in his memoir about running that if you skip more than one day, it's a disaster. Because mind forgets the pleasure of running so its hard to convince it to do it again. However sometimes I need to write reports at 5-6AM so after that I don't have time in morning. So I need to look for optimum strategy.

Anyway, feeling good. Temperature is a bit lower today but its pleasing once I warmed up.",2026-09-09_08-44-28_hk_1788936268.fit,398,2026-09-09T06:51:05.000Z,397.000,997.19,163,149,80,2.935,29.71,50.819202,4.394556
2026-09-09,Running,Morning Run,"*Murakami* is right in his memoir about running that if you skip more than one day, it's a disaster. Because mind forgets the pleasure of running so its hard to convince it to do it again. However sometimes I need to write reports at 5-6AM so after that I don't have time in morning. So I need to look for optimum strategy.

Anyway, feeling good. Temperature is a bit lower today but its pleasing once I warmed up.",2026-09-09_08-44-28_hk_1788936268.fit,399,2026-09-09T06:51:06.000Z,398.000,1002.41,163,158,80,3.076,29.71,50.81922,4.39452
2026-09-09,Running,Morning Run,"*Murakami* is right in his memoir about running that if you skip more than one day, it's a disaster. Because mind forgets the pleasure of running so its hard to convince it to do it again. However sometimes I need to write reports at 5-6AM so after that I don't have time in morning. So I need to look for optimum strategy.

Anyway, feeling good. Temperature is a bit lower today but its pleasing once I warmed up.",2026-09-09_08-44-28_hk_1788936268.fit,400,2026-09-09T06:51:07.000Z,399.000,1004.8,163,158,81,3.07,29.7,50.819238,4.394484
2026-09-09,Running,Morning Run,"*Murakami* is right in his memoir about running that if you skip more than one day, it's a disaster. Because mind forgets the pleasure of running so its hard to convince it to do it again. However sometimes I need to write reports at 5-6AM so after that I don't have time in morning. So I need to look for optimum strategy.

Anyway, feeling good. Temperature is a bit lower today but its pleasing once I warmed up.",2026-09-09_08-44-28_hk_1788936268.fit,401,2026-09-09T06:51:08.000Z,400.000,1007.19,163,158,81,3.065,29.69,50.819256,4.394466
2026-09-09,Running,Morning Run,"*Murakami* is right in his memoir about running that if you skip more than one day, it's a disaster. Because mind forgets the pleasure of running so its hard to convince it to do it again. However sometimes I need to write reports at 5-6AM so after that I don't have time in morning. So I need to look for optimum strategy.

Anyway, feeling good. Temperature is a bit lower today but its pleasing once I warmed up.",2026-09-09_08-44-28_hk_1788936268.fit,402,2026-09-09T06:51:09.000Z,401.000,1009.59,163,158,81,3.05,29.68,50.819274,4.39443
2026-09-09,Running,Morning Run,"*Murakami* is right in his memoir about running that if you skip more than one day, it's a disaster. Because mind forgets the pleasure of running so its hard to convince it to do it again. However sometimes I need to write reports at 5-6AM so after that I don't have time in morning. So I need to look for optimum strategy.

Anyway, feeling good. Temperature is a bit lower today but its pleasing once I warmed up.",2026-09-09_08-44-28_hk_1788936268.fit,403,2026-09-09T06:51:10.000Z,402.000,1012.78,163,158,77,3.159,29.68,50.819292,4.394412
2026-09-09,Running,Morning Run,"*Murakami* is right in his memoir about running that if you skip more than one day, it's a disaster. Because mind forgets the pleasure of running so its hard to convince it to do it again. However sometimes I need to write reports at 5-6AM so after that I don't have time in morning. So I need to look for optimum strategy.

Anyway, feeling good. Temperature is a bit lower today but its pleasing once I warmed up.",2026-09-09_08-44-28_hk_1788936268.fit,404,2026-09-09T06:51:11.000Z,403.000,1015.98,163,158,77,3.336,29.67,50.81931,4.394376
2026-09-09,Running,Morning Run,"*Murakami* is right in his memoir about running that if you skip more than one day, it's a disaster. Because mind forgets the pleasure of running so its hard to convince it to do it again. However sometimes I need to write reports at 5-6AM so after that I don't have time in morning. So I need to look for optimum strategy.

Anyway, feeling good. Temperature is a bit lower today but its pleasing once I warmed up.",2026-09-09_08-44-28_hk_1788936268.fit,405,2026-09-09T06:51:12.000Z,404.000,1018.25,163,158,77,3.269,29.66,50.819328,4.394358
2026-09-09,Running,Morning Run,"*Murakami* is right in his memoir about running that if you skip more than one day, it's a disaster. Because mind forgets the pleasure of running so its hard to convince it to do it again. However sometimes I need to write reports at 5-6AM so after that I don't have time in morning. So I need to look for optimum strategy.

Anyway, feeling good. Temperature is a bit lower today but its pleasing once I warmed up.",2026-09-09_08-44-28_hk_1788936268.fit,406,2026-09-09T06:51:13.000Z,405.000,1020.51,163,158,78,3.216,29.65,50.819346,4.39434
2026-09-09,Running,Morning Run,"*Murakami* is right in his memoir about running that if you skip more than one day, it's a disaster. Because mind forgets the pleasure of running so its hard to convince it to do it again. However sometimes I need to write reports at 5-6AM so after that I don't have time in morning. So I need to look for optimum strategy.

Anyway, feeling good. Temperature is a bit lower today but its pleasing once I warmed up.",2026-09-09_08-44-28_hk_1788936268.fit,407,2026-09-09T06:51:14.000Z,406.000,1022.78,163,157,78,3.163,29.64,50.819364,4.394322
2026-09-09,Running,Morning Run,"*Murakami* is right in his memoir about running that if you skip more than one day, it's a disaster. Because mind forgets the pleasure of running so its hard to convince it to do it again. However sometimes I need to write reports at 5-6AM so after that I don't have time in morning. So I need to look for optimum strategy.

Anyway, feeling good. Temperature is a bit lower today but its pleasing once I warmed up.",2026-09-09_08-44-28_hk_1788936268.fit,408,2026-09-09T06:51:15.000Z,407.000,1026.35,163,157,78,3.192,29.63,50.819382,4.394304
2026-09-09,Running,Morning Run,"*Murakami* is right in his memoir about running that if you skip more than one day, it's a disaster. Because mind forgets the pleasure of running so its hard to convince it to do it again. However sometimes I need to write reports at 5-6AM so after that I don't have time in morning. So I need to look for optimum strategy.

Anyway, feeling good. Temperature is a bit lower today but its pleasing once I warmed up.",2026-09-09_08-44-28_hk_1788936268.fit,409,2026-09-09T06:51:16.000Z,408.000,1029.91,163,161,76,3.214,29.63,50.8194,4.394286
2026-09-09,Running,Morning Run,"*Murakami* is right in his memoir about running that if you skip more than one day, it's a disaster. Because mind forgets the pleasure of running so its hard to convince it to do it again. However sometimes I need to write reports at 5-6AM so after that I don't have time in morning. So I need to look for optimum strategy.

Anyway, feeling good. Temperature is a bit lower today but its pleasing once I warmed up.",2026-09-09_08-44-28_hk_1788936268.fit,410,2026-09-09T06:51:17.000Z,409.000,1032.19,163,161,76,2.999,29.62,50.819418,4.394268
2026-09-09,Running,Morning Run,"*Murakami* is right in his memoir about running that if you skip more than one day, it's a disaster. Because mind forgets the pleasure of running so its hard to convince it to do it again. However sometimes I need to write reports at 5-6AM so after that I don't have time in morning. So I need to look for optimum strategy.

Anyway, feeling good. Temperature is a bit lower today but its pleasing once I warmed up.",2026-09-09_08-44-28_hk_1788936268.fit,411,2026-09-09T06:51:18.000Z,410.000,1034.47,161,161,76,2.959,29.61,50.819436,4.39425
2026-09-09,Running,Morning Run,"*Murakami* is right in his memoir about running that if you skip more than one day, it's a disaster. Because mind forgets the pleasure of running so its hard to convince it to do it again. However sometimes I need to write reports at 5-6AM so after that I don't have time in morning. So I need to look for optimum strategy.

Anyway, feeling good. Temperature is a bit lower today but its pleasing once I warmed up.",2026-09-09_08-44-28_hk_1788936268.fit,412,2026-09-09T06:51:19.000Z,411.000,1036.75,162,159,76,2.923,29.6,50.819472,4.394232
2026-09-09,Running,Morning Run,"*Murakami* is right in his memoir about running that if you skip more than one day, it's a disaster. Because mind forgets the pleasure of running so its hard to convince it to do it again. However sometimes I need to write reports at 5-6AM so after that I don't have time in morning. So I need to look for optimum strategy.

Anyway, feeling good. Temperature is a bit lower today but its pleasing once I warmed up.",2026-09-09_08-44-28_hk_1788936268.fit,413,2026-09-09T06:51:20.000Z,412.000,1038.81,162,159,76,2.781,29.6,50.81949,4.394214
2026-09-09,Running,Morning Run,"*Murakami* is right in his memoir about running that if you skip more than one day, it's a disaster. Because mind forgets the pleasure of running so its hard to convince it to do it again. However sometimes I need to write reports at 5-6AM so after that I don't have time in morning. So I need to look for optimum strategy.

Anyway, feeling good. Temperature is a bit lower today but its pleasing once I warmed up.",2026-09-09_08-44-28_hk_1788936268.fit,414,2026-09-09T06:51:21.000Z,413.000,1040.87,162,159,76,2.806,29.59,50.819508,4.394196
2026-09-09,Running,Morning Run,"*Murakami* is right in his memoir about running that if you skip more than one day, it's a disaster. Because mind forgets the pleasure of running so its hard to convince it to do it again. However sometimes I need to write reports at 5-6AM so after that I don't have time in morning. So I need to look for optimum strategy.

Anyway, feeling good. Temperature is a bit lower today but its pleasing once I warmed up.",2026-09-09_08-44-28_hk_1788936268.fit,415,2026-09-09T06:51:22.000Z,414.000,1042.93,162,155,78,2.831,29.59,50.819526,4.394178
2026-09-09,Running,Morning Run,"*Murakami* is right in his memoir about running that if you skip more than one day, it's a disaster. Because mind forgets the pleasure of running so its hard to convince it to do it again. However sometimes I need to write reports at 5-6AM so after that I don't have time in morning. So I need to look for optimum strategy.

Anyway, feeling good. Temperature is a bit lower today but its pleasing once I warmed up.",2026-09-09_08-44-28_hk_1788936268.fit,416,2026-09-09T06:51:23.000Z,415.000,1045.86,162,155,78,2.836,29.58,50.819544,4.39416
2026-09-09,Running,Morning Run,"*Murakami* is right in his memoir about running that if you skip more than one day, it's a disaster. Because mind forgets the pleasure of running so its hard to convince it to do it again. However sometimes I need to write reports at 5-6AM so after that I don't have time in morning. So I need to look for optimum strategy.

Anyway, feeling good. Temperature is a bit lower today but its pleasing once I warmed up.",2026-09-09_08-44-28_hk_1788936268.fit,417,2026-09-09T06:51:24.000Z,416.000,1048.79,160,154,78,2.716,29.58,50.819562,4.394142
2026-09-09,Running,Morning Run,"*Murakami* is right in his memoir about running that if you skip more than one day, it's a disaster. Because mind forgets the pleasure of running so its hard to convince it to do it again. However sometimes I need to write reports at 5-6AM so after that I don't have time in morning. So I need to look for optimum strategy.

Anyway, feeling good. Temperature is a bit lower today but its pleasing once I warmed up.",2026-09-09_08-44-28_hk_1788936268.fit,418,2026-09-09T06:51:25.000Z,417.000,1050.71,160,154,77,2.676,29.57,50.81958,4.394124
2026-09-09,Running,Morning Run,"*Murakami* is right in his memoir about running that if you skip more than one day, it's a disaster. Because mind forgets the pleasure of running so its hard to convince it to do it again. However sometimes I need to write reports at 5-6AM so after that I don't have time in morning. So I need to look for optimum strategy.

Anyway, feeling good. Temperature is a bit lower today but its pleasing once I warmed up.",2026-09-09_08-44-28_hk_1788936268.fit,419,2026-09-09T06:51:26.000Z,418.000,1052.63,160,154,77,2.511,29.57,50.819598,4.394106
2026-09-09,Running,Morning Run,"*Murakami* is right in his memoir about running that if you skip more than one day, it's a disaster. Because mind forgets the pleasure of running so its hard to convince it to do it again. However sometimes I need to write reports at 5-6AM so after that I don't have time in morning. So I need to look for optimum strategy.

Anyway, feeling good. Temperature is a bit lower today but its pleasing once I warmed up.",2026-09-09_08-44-28_hk_1788936268.fit,420,2026-09-09T06:51:27.000Z,419.000,1054.56,160,152,77,2.483,29.57,50.819616,4.394106
2026-09-09,Running,Morning Run,"*Murakami* is right in his memoir about running that if you skip more than one day, it's a disaster. Because mind forgets the pleasure of running so its hard to convince it to do it again. However sometimes I need to write reports at 5-6AM so after that I don't have time in morning. So I need to look for optimum strategy.

Anyway, feeling good. Temperature is a bit lower today but its pleasing once I warmed up.",2026-09-09_08-44-28_hk_1788936268.fit,421,2026-09-09T06:51:28.000Z,420.000,1058.06,160,152,79,2.543,29.56,50.819652,4.394088
2026-09-09,Running,Morning Run,"*Murakami* is right in his memoir about running that if you skip more than one day, it's a disaster. Because mind forgets the pleasure of running so its hard to convince it to do it again. However sometimes I need to write reports at 5-6AM so after that I don't have time in morning. So I need to look for optimum strategy.

Anyway, feeling good. Temperature is a bit lower today but its pleasing once I warmed up.",2026-09-09_08-44-28_hk_1788936268.fit,422,2026-09-09T06:51:29.000Z,421.000,1061.55,160,153,79,2.598,29.56,50.81967,4.394088
2026-09-09,Running,Morning Run,"*Murakami* is right in his memoir about running that if you skip more than one day, it's a disaster. Because mind forgets the pleasure of running so its hard to convince it to do it again. However sometimes I need to write reports at 5-6AM so after that I don't have time in morning. So I need to look for optimum strategy.

Anyway, feeling good. Temperature is a bit lower today but its pleasing once I warmed up.",2026-09-09_08-44-28_hk_1788936268.fit,423,2026-09-09T06:51:30.000Z,422.000,1063.47,160,153,79,2.534,29.55,50.819688,4.39407
2026-09-09,Running,Morning Run,"*Murakami* is right in his memoir about running that if you skip more than one day, it's a disaster. Because mind forgets the pleasure of running so its hard to convince it to do it again. However sometimes I need to write reports at 5-6AM so after that I don't have time in morning. So I need to look for optimum strategy.

Anyway, feeling good. Temperature is a bit lower today but its pleasing once I warmed up.",2026-09-09_08-44-28_hk_1788936268.fit,424,2026-09-09T06:51:31.000Z,423.000,1065.38,160,153,77,2.505,29.55,50.819706,4.39407
2026-09-09,Running,Morning Run,"*Murakami* is right in his memoir about running that if you skip more than one day, it's a disaster. Because mind forgets the pleasure of running so its hard to convince it to do it again. However sometimes I need to write reports at 5-6AM so after that I don't have time in morning. So I need to look for optimum strategy.

Anyway, feeling good. Temperature is a bit lower today but its pleasing once I warmed up.",2026-09-09_08-44-28_hk_1788936268.fit,425,2026-09-09T06:51:32.000Z,424.000,1067.29,160,152,77,2.443,29.55,50.819724,4.394052
2026-09-09,Running,Morning Run,"*Murakami* is right in his memoir about running that if you skip more than one day, it's a disaster. Because mind forgets the pleasure of running so its hard to convince it to do it again. However sometimes I need to write reports at 5-6AM so after that I don't have time in morning. So I need to look for optimum strategy.

Anyway, feeling good. Temperature is a bit lower today but its pleasing once I warmed up.",2026-09-09_08-44-28_hk_1788936268.fit,426,2026-09-09T06:51:33.000Z,425.000,1070.37,160,152,77,2.482,29.54,50.819742,4.394034
2026-09-09,Running,Morning Run,"*Murakami* is right in his memoir about running that if you skip more than one day, it's a disaster. Because mind forgets the pleasure of running so its hard to convince it to do it again. However sometimes I need to write reports at 5-6AM so after that I don't have time in morning. So I need to look for optimum strategy.

Anyway, feeling good. Temperature is a bit lower today but its pleasing once I warmed up.",2026-09-09_08-44-28_hk_1788936268.fit,427,2026-09-09T06:51:34.000Z,426.000,1073.44,160,154,79,2.533,29.54,50.81976,4.393998
2026-09-09,Running,Morning Run,"*Murakami* is right in his memoir about running that if you skip more than one day, it's a disaster. Because mind forgets the pleasure of running so its hard to convince it to do it again. However sometimes I need to write reports at 5-6AM so after that I don't have time in morning. So I need to look for optimum strategy.

Anyway, feeling good. Temperature is a bit lower today but its pleasing once I warmed up.",2026-09-09_08-44-28_hk_1788936268.fit,428,2026-09-09T06:51:35.000Z,427.000,1075.59,160,154,79,2.515,29.54,50.819778,4.39398
2026-09-09,Running,Morning Run,"*Murakami* is right in his memoir about running that if you skip more than one day, it's a disaster. Because mind forgets the pleasure of running so its hard to convince it to do it again. However sometimes I need to write reports at 5-6AM so after that I don't have time in morning. So I need to look for optimum strategy.

Anyway, feeling good. Temperature is a bit lower today but its pleasing once I warmed up.",2026-09-09_08-44-28_hk_1788936268.fit,429,2026-09-09T06:51:36.000Z,428.000,1077.74,160,154,79,2.447,29.53,50.819796,4.393962
2026-09-09,Running,Morning Run,"*Murakami* is right in his memoir about running that if you skip more than one day, it's a disaster. Because mind forgets the pleasure of running so its hard to convince it to do it again. However sometimes I need to write reports at 5-6AM so after that I don't have time in morning. So I need to look for optimum strategy.

Anyway, feeling good. Temperature is a bit lower today but its pleasing once I warmed up.",2026-09-09_08-44-28_hk_1788936268.fit,430,2026-09-09T06:51:37.000Z,429.000,1079.88,160,154,76,2.434,29.53,50.819814,4.393962
2026-09-09,Running,Morning Run,"*Murakami* is right in his memoir about running that if you skip more than one day, it's a disaster. Because mind forgets the pleasure of running so its hard to convince it to do it again. However sometimes I need to write reports at 5-6AM so after that I don't have time in morning. So I need to look for optimum strategy.

Anyway, feeling good. Temperature is a bit lower today but its pleasing once I warmed up.",2026-09-09_08-44-28_hk_1788936268.fit,431,2026-09-09T06:51:38.000Z,430.000,1082.32,161,154,76,2.387,29.53,50.81985,4.393944
2026-09-09,Running,Morning Run,"*Murakami* is right in his memoir about running that if you skip more than one day, it's a disaster. Because mind forgets the pleasure of running so its hard to convince it to do it again. However sometimes I need to write reports at 5-6AM so after that I don't have time in morning. So I need to look for optimum strategy.

Anyway, feeling good. Temperature is a bit lower today but its pleasing once I warmed up.",2026-09-09_08-44-28_hk_1788936268.fit,432,2026-09-09T06:51:39.000Z,431.000,1084.76,161,151,76,2.395,29.53,50.819868,4.393962
2026-09-09,Running,Morning Run,"*Murakami* is right in his memoir about running that if you skip more than one day, it's a disaster. Because mind forgets the pleasure of running so its hard to convince it to do it again. However sometimes I need to write reports at 5-6AM so after that I don't have time in morning. So I need to look for optimum strategy.

Anyway, feeling good. Temperature is a bit lower today but its pleasing once I warmed up.",2026-09-09_08-44-28_hk_1788936268.fit,433,2026-09-09T06:51:40.000Z,432.000,1088.45,161,151,77,2.462,29.52,50.819886,4.39398
2026-09-09,Running,Morning Run,"*Murakami* is right in his memoir about running that if you skip more than one day, it's a disaster. Because mind forgets the pleasure of running so its hard to convince it to do it again. However sometimes I need to write reports at 5-6AM so after that I don't have time in morning. So I need to look for optimum strategy.

Anyway, feeling good. Temperature is a bit lower today but its pleasing once I warmed up.",2026-09-09_08-44-28_hk_1788936268.fit,434,2026-09-09T06:51:41.000Z,433.000,1092.14,161,151,77,2.564,29.52,50.819904,4.393998
2026-09-09,Running,Morning Run,"*Murakami* is right in his memoir about running that if you skip more than one day, it's a disaster. Because mind forgets the pleasure of running so its hard to convince it to do it again. However sometimes I need to write reports at 5-6AM so after that I don't have time in morning. So I need to look for optimum strategy.

Anyway, feeling good. Temperature is a bit lower today but its pleasing once I warmed up.",2026-09-09_08-44-28_hk_1788936268.fit,435,2026-09-09T06:51:42.000Z,434.000,1095.83,161,153,77,2.645,29.52,50.81994,4.394016
2026-09-09,Running,Morning Run,"*Murakami* is right in his memoir about running that if you skip more than one day, it's a disaster. Because mind forgets the pleasure of running so its hard to convince it to do it again. However sometimes I need to write reports at 5-6AM so after that I don't have time in morning. So I need to look for optimum strategy.

Anyway, feeling good. Temperature is a bit lower today but its pleasing once I warmed up.",2026-09-09_08-44-28_hk_1788936268.fit,436,2026-09-09T06:51:43.000Z,435.000,1098.18,161,153,78,2.616,29.52,50.819958,4.394034
2026-09-09,Running,Morning Run,"*Murakami* is right in his memoir about running that if you skip more than one day, it's a disaster. Because mind forgets the pleasure of running so its hard to convince it to do it again. However sometimes I need to write reports at 5-6AM so after that I don't have time in morning. So I need to look for optimum strategy.

Anyway, feeling good. Temperature is a bit lower today but its pleasing once I warmed up.",2026-09-09_08-44-28_hk_1788936268.fit,437,2026-09-09T06:51:44.000Z,436.000,1100.54,162,153,78,2.587,29.52,50.819976,4.39407
2026-09-09,Running,Morning Run,"*Murakami* is right in his memoir about running that if you skip more than one day, it's a disaster. Because mind forgets the pleasure of running so its hard to convince it to do it again. However sometimes I need to write reports at 5-6AM so after that I don't have time in morning. So I need to look for optimum strategy.

Anyway, feeling good. Temperature is a bit lower today but its pleasing once I warmed up.",2026-09-09_08-44-28_hk_1788936268.fit,438,2026-09-09T06:51:45.000Z,437.000,1102.89,162,157,78,2.645,29.52,50.819994,4.394106
2026-09-09,Running,Morning Run,"*Murakami* is right in his memoir about running that if you skip more than one day, it's a disaster. Because mind forgets the pleasure of running so its hard to convince it to do it again. However sometimes I need to write reports at 5-6AM so after that I don't have time in morning. So I need to look for optimum strategy.

Anyway, feeling good. Temperature is a bit lower today but its pleasing once I warmed up.",2026-09-09_08-44-28_hk_1788936268.fit,439,2026-09-09T06:51:46.000Z,438.000,1107.21,162,157,78,2.771,29.52,50.820012,4.394142
2026-09-09,Running,Morning Run,"*Murakami* is right in his memoir about running that if you skip more than one day, it's a disaster. Because mind forgets the pleasure of running so its hard to convince it to do it again. However sometimes I need to write reports at 5-6AM so after that I don't have time in morning. So I need to look for optimum strategy.

Anyway, feeling good. Temperature is a bit lower today but its pleasing once I warmed up.",2026-09-09_08-44-28_hk_1788936268.fit,440,2026-09-09T06:51:47.000Z,439.000,1111.53,162,161,78,2.815,29.51,50.82003,4.39416
2026-09-09,Running,Morning Run,"*Murakami* is right in his memoir about running that if you skip more than one day, it's a disaster. Because mind forgets the pleasure of running so its hard to convince it to do it again. However sometimes I need to write reports at 5-6AM so after that I don't have time in morning. So I need to look for optimum strategy.

Anyway, feeling good. Temperature is a bit lower today but its pleasing once I warmed up.",2026-09-09_08-44-28_hk_1788936268.fit,441,2026-09-09T06:51:48.000Z,440.000,1114.32,162,161,78,2.825,29.51,50.820048,4.394196
2026-09-09,Running,Morning Run,"*Murakami* is right in his memoir about running that if you skip more than one day, it's a disaster. Because mind forgets the pleasure of running so its hard to convince it to do it again. However sometimes I need to write reports at 5-6AM so after that I don't have time in morning. So I need to look for optimum strategy.

Anyway, feeling good. Temperature is a bit lower today but its pleasing once I warmed up.",2026-09-09_08-44-28_hk_1788936268.fit,442,2026-09-09T06:51:49.000Z,441.000,1117.1,162,161,79,2.873,29.51,50.820066,4.394232
2026-09-09,Running,Morning Run,"*Murakami* is right in his memoir about running that if you skip more than one day, it's a disaster. Because mind forgets the pleasure of running so its hard to convince it to do it again. However sometimes I need to write reports at 5-6AM so after that I don't have time in morning. So I need to look for optimum strategy.

Anyway, feeling good. Temperature is a bit lower today but its pleasing once I warmed up.",2026-09-09_08-44-28_hk_1788936268.fit,443,2026-09-09T06:51:50.000Z,442.000,1119.89,163,166,79,2.922,29.5,50.820084,4.39425
2026-09-09,Running,Morning Run,"*Murakami* is right in his memoir about running that if you skip more than one day, it's a disaster. Because mind forgets the pleasure of running so its hard to convince it to do it again. However sometimes I need to write reports at 5-6AM so after that I don't have time in morning. So I need to look for optimum strategy.

Anyway, feeling good. Temperature is a bit lower today but its pleasing once I warmed up.",2026-09-09_08-44-28_hk_1788936268.fit,444,2026-09-09T06:51:51.000Z,443.000,1123.21,163,166,79,2.935,29.5,50.820102,4.394286
2026-09-09,Running,Morning Run,"*Murakami* is right in his memoir about running that if you skip more than one day, it's a disaster. Because mind forgets the pleasure of running so its hard to convince it to do it again. However sometimes I need to write reports at 5-6AM so after that I don't have time in morning. So I need to look for optimum strategy.

Anyway, feeling good. Temperature is a bit lower today but its pleasing once I warmed up.",2026-09-09_08-44-28_hk_1788936268.fit,445,2026-09-09T06:51:52.000Z,444.000,1126.52,163,166,76,2.996,29.5,50.82012,4.394304
2026-09-09,Running,Morning Run,"*Murakami* is right in his memoir about running that if you skip more than one day, it's a disaster. Because mind forgets the pleasure of running so its hard to convince it to do it again. However sometimes I need to write reports at 5-6AM so after that I don't have time in morning. So I need to look for optimum strategy.

Anyway, feeling good. Temperature is a bit lower today but its pleasing once I warmed up.",2026-09-09_08-44-28_hk_1788936268.fit,446,2026-09-09T06:51:53.000Z,445.000,1128.74,163,166,76,3,29.49,50.820138,4.39434
2026-09-09,Running,Morning Run,"*Murakami* is right in his memoir about running that if you skip more than one day, it's a disaster. Because mind forgets the pleasure of running so its hard to convince it to do it again. However sometimes I need to write reports at 5-6AM so after that I don't have time in morning. So I need to look for optimum strategy.

Anyway, feeling good. Temperature is a bit lower today but its pleasing once I warmed up.",2026-09-09_08-44-28_hk_1788936268.fit,447,2026-09-09T06:51:54.000Z,446.000,1130.95,163,166,76,3.004,29.49,50.820156,4.394358
2026-09-09,Running,Morning Run,"*Murakami* is right in his memoir about running that if you skip more than one day, it's a disaster. Because mind forgets the pleasure of running so its hard to convince it to do it again. However sometimes I need to write reports at 5-6AM so after that I don't have time in morning. So I need to look for optimum strategy.

Anyway, feeling good. Temperature is a bit lower today but its pleasing once I warmed up.",2026-09-09_08-44-28_hk_1788936268.fit,448,2026-09-09T06:51:55.000Z,447.000,1133.16,163,165,79,2.99,29.49,50.820174,4.394376
2026-09-09,Running,Morning Run,"*Murakami* is right in his memoir about running that if you skip more than one day, it's a disaster. Because mind forgets the pleasure of running so its hard to convince it to do it again. However sometimes I need to write reports at 5-6AM so after that I don't have time in morning. So I need to look for optimum strategy.

Anyway, feeling good. Temperature is a bit lower today but its pleasing once I warmed up.",2026-09-09_08-44-28_hk_1788936268.fit,449,2026-09-09T06:51:56.000Z,448.000,1136.75,163,165,79,3.058,29.49,50.820192,4.394412
2026-09-09,Running,Morning Run,"*Murakami* is right in his memoir about running that if you skip more than one day, it's a disaster. Because mind forgets the pleasure of running so its hard to convince it to do it again. However sometimes I need to write reports at 5-6AM so after that I don't have time in morning. So I need to look for optimum strategy.

Anyway, feeling good. Temperature is a bit lower today but its pleasing once I warmed up.",2026-09-09_08-44-28_hk_1788936268.fit,450,2026-09-09T06:51:57.000Z,449.000,1140.34,163,166,79,3.052,29.48,50.82021,4.39443
2026-09-09,Running,Morning Run,"*Murakami* is right in his memoir about running that if you skip more than one day, it's a disaster. Because mind forgets the pleasure of running so its hard to convince it to do it again. However sometimes I need to write reports at 5-6AM so after that I don't have time in morning. So I need to look for optimum strategy.

Anyway, feeling good. Temperature is a bit lower today but its pleasing once I warmed up.",2026-09-09_08-44-28_hk_1788936268.fit,451,2026-09-09T06:51:58.000Z,450.000,1142.38,162,166,78,2.955,29.48,50.820228,4.394448
2026-09-09,Running,Morning Run,"*Murakami* is right in his memoir about running that if you skip more than one day, it's a disaster. Because mind forgets the pleasure of running so its hard to convince it to do it again. However sometimes I need to write reports at 5-6AM so after that I don't have time in morning. So I need to look for optimum strategy.

Anyway, feeling good. Temperature is a bit lower today but its pleasing once I warmed up.",2026-09-09_08-44-28_hk_1788936268.fit,452,2026-09-09T06:51:59.000Z,451.000,1144.42,163,166,78,2.904,29.48,50.820264,4.394466
2026-09-09,Running,Morning Run,"*Murakami* is right in his memoir about running that if you skip more than one day, it's a disaster. Because mind forgets the pleasure of running so its hard to convince it to do it again. However sometimes I need to write reports at 5-6AM so after that I don't have time in morning. So I need to look for optimum strategy.

Anyway, feeling good. Temperature is a bit lower today but its pleasing once I warmed up.",2026-09-09_08-44-28_hk_1788936268.fit,453,2026-09-09T06:52:00.000Z,452.000,1146.46,163,166,78,2.813,29.48,50.820282,4.394484
2026-09-09,Running,Morning Run,"*Murakami* is right in his memoir about running that if you skip more than one day, it's a disaster. Because mind forgets the pleasure of running so its hard to convince it to do it again. However sometimes I need to write reports at 5-6AM so after that I don't have time in morning. So I need to look for optimum strategy.

Anyway, feeling good. Temperature is a bit lower today but its pleasing once I warmed up.",2026-09-09_08-44-28_hk_1788936268.fit,454,2026-09-09T06:52:01.000Z,453.000,1148.66,163,166,78,2.804,29.48,50.8203,4.394502
2026-09-09,Running,Morning Run,"*Murakami* is right in his memoir about running that if you skip more than one day, it's a disaster. Because mind forgets the pleasure of running so its hard to convince it to do it again. However sometimes I need to write reports at 5-6AM so after that I don't have time in morning. So I need to look for optimum strategy.

Anyway, feeling good. Temperature is a bit lower today but its pleasing once I warmed up.",2026-09-09_08-44-28_hk_1788936268.fit,455,2026-09-09T06:52:02.000Z,454.000,1150.85,163,166,78,2.795,29.47,50.820318,4.39452
2026-09-09,Running,Morning Run,"*Murakami* is right in his memoir about running that if you skip more than one day, it's a disaster. Because mind forgets the pleasure of running so its hard to convince it to do it again. However sometimes I need to write reports at 5-6AM so after that I don't have time in morning. So I need to look for optimum strategy.

Anyway, feeling good. Temperature is a bit lower today but its pleasing once I warmed up.",2026-09-09_08-44-28_hk_1788936268.fit,456,2026-09-09T06:52:03.000Z,455.000,1153.05,163,168,78,2.787,29.47,50.820336,4.394538
2026-09-09,Running,Morning Run,"*Murakami* is right in his memoir about running that if you skip more than one day, it's a disaster. Because mind forgets the pleasure of running so its hard to convince it to do it again. However sometimes I need to write reports at 5-6AM so after that I don't have time in morning. So I need to look for optimum strategy.

Anyway, feeling good. Temperature is a bit lower today but its pleasing once I warmed up.",2026-09-09_08-44-28_hk_1788936268.fit,457,2026-09-09T06:52:04.000Z,456.000,1156.07,163,168,79,2.799,29.47,50.820372,4.394556
2026-09-09,Running,Morning Run,"*Murakami* is right in his memoir about running that if you skip more than one day, it's a disaster. Because mind forgets the pleasure of running so its hard to convince it to do it again. However sometimes I need to write reports at 5-6AM so after that I don't have time in morning. So I need to look for optimum strategy.

Anyway, feeling good. Temperature is a bit lower today but its pleasing once I warmed up.",2026-09-09_08-44-28_hk_1788936268.fit,458,2026-09-09T06:52:05.000Z,457.000,1159.09,163,164,79,2.73,29.47,50.82039,4.394574
2026-09-09,Running,Morning Run,"*Murakami* is right in his memoir about running that if you skip more than one day, it's a disaster. Because mind forgets the pleasure of running so its hard to convince it to do it again. However sometimes I need to write reports at 5-6AM so after that I don't have time in morning. So I need to look for optimum strategy.

Anyway, feeling good. Temperature is a bit lower today but its pleasing once I warmed up.",2026-09-09_08-44-28_hk_1788936268.fit,459,2026-09-09T06:52:06.000Z,458.000,1160.99,163,164,79,2.689,29.46,50.820408,4.394592
2026-09-09,Running,Morning Run,"*Murakami* is right in his memoir about running that if you skip more than one day, it's a disaster. Because mind forgets the pleasure of running so its hard to convince it to do it again. However sometimes I need to write reports at 5-6AM so after that I don't have time in morning. So I need to look for optimum strategy.

Anyway, feeling good. Temperature is a bit lower today but its pleasing once I warmed up.",2026-09-09_08-44-28_hk_1788936268.fit,460,2026-09-09T06:52:07.000Z,459.000,1162.88,163,164,77,2.568,29.46,50.820408,4.39461
2026-09-09,Running,Morning Run,"*Murakami* is right in his memoir about running that if you skip more than one day, it's a disaster. Because mind forgets the pleasure of running so its hard to convince it to do it again. However sometimes I need to write reports at 5-6AM so after that I don't have time in morning. So I need to look for optimum strategy.

Anyway, feeling good. Temperature is a bit lower today but its pleasing once I warmed up.",2026-09-09_08-44-28_hk_1788936268.fit,461,2026-09-09T06:52:08.000Z,460.000,1164.78,163,162,77,2.523,29.46,50.820426,4.394646
2026-09-09,Running,Morning Run,"*Murakami* is right in his memoir about running that if you skip more than one day, it's a disaster. Because mind forgets the pleasure of running so its hard to convince it to do it again. However sometimes I need to write reports at 5-6AM so after that I don't have time in morning. So I need to look for optimum strategy.

Anyway, feeling good. Temperature is a bit lower today but its pleasing once I warmed up.",2026-09-09_08-44-28_hk_1788936268.fit,462,2026-09-09T06:52:09.000Z,461.000,1168.17,163,162,77,2.553,29.45,50.820444,4.394664
2026-09-09,Running,Morning Run,"*Murakami* is right in his memoir about running that if you skip more than one day, it's a disaster. Because mind forgets the pleasure of running so its hard to convince it to do it again. However sometimes I need to write reports at 5-6AM so after that I don't have time in morning. So I need to look for optimum strategy.

Anyway, feeling good. Temperature is a bit lower today but its pleasing once I warmed up.",2026-09-09_08-44-28_hk_1788936268.fit,463,2026-09-09T06:52:10.000Z,462.000,1171.55,163,162,79,2.583,29.45,50.820462,4.3947
2026-09-09,Running,Morning Run,"*Murakami* is right in his memoir about running that if you skip more than one day, it's a disaster. Because mind forgets the pleasure of running so its hard to convince it to do it again. However sometimes I need to write reports at 5-6AM so after that I don't have time in morning. So I need to look for optimum strategy.

Anyway, feeling good. Temperature is a bit lower today but its pleasing once I warmed up.",2026-09-09_08-44-28_hk_1788936268.fit,464,2026-09-09T06:52:11.000Z,463.000,1173.71,163,162,79,2.525,29.45,50.82048,4.394718
2026-09-09,Running,Morning Run,"*Murakami* is right in his memoir about running that if you skip more than one day, it's a disaster. Because mind forgets the pleasure of running so its hard to convince it to do it again. However sometimes I need to write reports at 5-6AM so after that I don't have time in morning. So I need to look for optimum strategy.

Anyway, feeling good. Temperature is a bit lower today but its pleasing once I warmed up.",2026-09-09_08-44-28_hk_1788936268.fit,465,2026-09-09T06:52:12.000Z,464.000,1175.86,163,162,79,2.508,29.45,50.820498,4.394754
2026-09-09,Running,Morning Run,"*Murakami* is right in his memoir about running that if you skip more than one day, it's a disaster. Because mind forgets the pleasure of running so its hard to convince it to do it again. However sometimes I need to write reports at 5-6AM so after that I don't have time in morning. So I need to look for optimum strategy.

Anyway, feeling good. Temperature is a bit lower today but its pleasing once I warmed up.",2026-09-09_08-44-28_hk_1788936268.fit,466,2026-09-09T06:52:13.000Z,465.000,1178.02,163,164,79,2.452,29.45,50.820516,4.394772
2026-09-09,Running,Morning Run,"*Murakami* is right in his memoir about running that if you skip more than one day, it's a disaster. Because mind forgets the pleasure of running so its hard to convince it to do it again. However sometimes I need to write reports at 5-6AM so after that I don't have time in morning. So I need to look for optimum strategy.

Anyway, feeling good. Temperature is a bit lower today but its pleasing once I warmed up.",2026-09-09_08-44-28_hk_1788936268.fit,467,2026-09-09T06:52:14.000Z,466.000,1180.87,163,164,79,2.482,29.44,50.820534,4.394808
2026-09-09,Running,Morning Run,"*Murakami* is right in his memoir about running that if you skip more than one day, it's a disaster. Because mind forgets the pleasure of running so its hard to convince it to do it again. However sometimes I need to write reports at 5-6AM so after that I don't have time in morning. So I need to look for optimum strategy.

Anyway, feeling good. Temperature is a bit lower today but its pleasing once I warmed up.",2026-09-09_08-44-28_hk_1788936268.fit,468,2026-09-09T06:52:15.000Z,467.000,1183.71,163,162,79,2.528,29.44,50.820552,4.394826
2026-09-09,Running,Morning Run,"*Murakami* is right in his memoir about running that if you skip more than one day, it's a disaster. Because mind forgets the pleasure of running so its hard to convince it to do it again. However sometimes I need to write reports at 5-6AM so after that I don't have time in morning. So I need to look for optimum strategy.

Anyway, feeling good. Temperature is a bit lower today but its pleasing once I warmed up.",2026-09-09_08-44-28_hk_1788936268.fit,469,2026-09-09T06:52:16.000Z,468.000,1186.08,163,162,77,2.52,29.44,50.820552,4.394844
2026-09-09,Running,Morning Run,"*Murakami* is right in his memoir about running that if you skip more than one day, it's a disaster. Because mind forgets the pleasure of running so its hard to convince it to do it again. However sometimes I need to write reports at 5-6AM so after that I don't have time in morning. So I need to look for optimum strategy.

Anyway, feeling good. Temperature is a bit lower today but its pleasing once I warmed up.",2026-09-09_08-44-28_hk_1788936268.fit,470,2026-09-09T06:52:17.000Z,469.000,1188.46,163,162,77,2.462,29.44,50.82057,4.39488
2026-09-09,Running,Morning Run,"*Murakami* is right in his memoir about running that if you skip more than one day, it's a disaster. Because mind forgets the pleasure of running so its hard to convince it to do it again. However sometimes I need to write reports at 5-6AM so after that I don't have time in morning. So I need to look for optimum strategy.

Anyway, feeling good. Temperature is a bit lower today but its pleasing once I warmed up.",2026-09-09_08-44-28_hk_1788936268.fit,471,2026-09-09T06:52:18.000Z,470.000,1190.83,163,162,77,2.404,29.44,50.820588,4.394898
2026-09-09,Running,Morning Run,"*Murakami* is right in his memoir about running that if you skip more than one day, it's a disaster. Because mind forgets the pleasure of running so its hard to convince it to do it again. However sometimes I need to write reports at 5-6AM so after that I don't have time in morning. So I need to look for optimum strategy.

Anyway, feeling good. Temperature is a bit lower today but its pleasing once I warmed up.",2026-09-09_08-44-28_hk_1788936268.fit,472,2026-09-09T06:52:19.000Z,471.000,1193.87,163,162,79,2.452,29.44,50.820606,4.394934
2026-09-09,Running,Morning Run,"*Murakami* is right in his memoir about running that if you skip more than one day, it's a disaster. Because mind forgets the pleasure of running so its hard to convince it to do it again. However sometimes I need to write reports at 5-6AM so after that I don't have time in morning. So I need to look for optimum strategy.

Anyway, feeling good. Temperature is a bit lower today but its pleasing once I warmed up.",2026-09-09_08-44-28_hk_1788936268.fit,473,2026-09-09T06:52:20.000Z,472.000,1196.92,163,159,79,2.523,29.44,50.820624,4.394952
2026-09-09,Running,Morning Run,"*Murakami* is right in his memoir about running that if you skip more than one day, it's a disaster. Because mind forgets the pleasure of running so its hard to convince it to do it again. However sometimes I need to write reports at 5-6AM so after that I don't have time in morning. So I need to look for optimum strategy.

Anyway, feeling good. Temperature is a bit lower today but its pleasing once I warmed up.",2026-09-09_08-44-28_hk_1788936268.fit,474,2026-09-09T06:52:21.000Z,473.000,1198.4,163,159,79,2.473,29.43,50.820642,4.39497
2026-09-09,Running,Morning Run,"*Murakami* is right in his memoir about running that if you skip more than one day, it's a disaster. Because mind forgets the pleasure of running so its hard to convince it to do it again. However sometimes I need to write reports at 5-6AM so after that I don't have time in morning. So I need to look for optimum strategy.

Anyway, feeling good. Temperature is a bit lower today but its pleasing once I warmed up.",2026-09-09_08-44-28_hk_1788936268.fit,475,2026-09-09T06:52:22.000Z,474.000,1199.87,163,159,77,2.439,29.43,50.82066,4.395006
2026-09-09,Running,Morning Run,"*Murakami* is right in his memoir about running that if you skip more than one day, it's a disaster. Because mind forgets the pleasure of running so its hard to convince it to do it again. However sometimes I need to write reports at 5-6AM so after that I don't have time in morning. So I need to look for optimum strategy.

Anyway, feeling good. Temperature is a bit lower today but its pleasing once I warmed up.",2026-09-09_08-44-28_hk_1788936268.fit,476,2026-09-09T06:52:23.000Z,475.000,1201.35,165,159,77,2.405,29.43,50.82066,4.395024
2026-09-09,Running,Morning Run,"*Murakami* is right in his memoir about running that if you skip more than one day, it's a disaster. Because mind forgets the pleasure of running so its hard to convince it to do it again. However sometimes I need to write reports at 5-6AM so after that I don't have time in morning. So I need to look for optimum strategy.

Anyway, feeling good. Temperature is a bit lower today but its pleasing once I warmed up.",2026-09-09_08-44-28_hk_1788936268.fit,477,2026-09-09T06:52:24.000Z,476.000,1203.35,165,159,77,2.395,29.43,50.820678,4.39506
2026-09-09,Running,Morning Run,"*Murakami* is right in his memoir about running that if you skip more than one day, it's a disaster. Because mind forgets the pleasure of running so its hard to convince it to do it again. However sometimes I need to write reports at 5-6AM so after that I don't have time in morning. So I need to look for optimum strategy.

Anyway, feeling good. Temperature is a bit lower today but its pleasing once I warmed up.",2026-09-09_08-44-28_hk_1788936268.fit,478,2026-09-09T06:52:25.000Z,477.000,1205.34,165,159,79,2.377,29.43,50.820696,4.395078
2026-09-09,Running,Morning Run,"*Murakami* is right in his memoir about running that if you skip more than one day, it's a disaster. Because mind forgets the pleasure of running so its hard to convince it to do it again. However sometimes I need to write reports at 5-6AM so after that I don't have time in morning. So I need to look for optimum strategy.

Anyway, feeling good. Temperature is a bit lower today but its pleasing once I warmed up.",2026-09-09_08-44-28_hk_1788936268.fit,479,2026-09-09T06:52:26.000Z,478.000,1207.34,164,157,79,2.33,29.43,50.820714,4.395096
2026-09-09,Running,Morning Run,"*Murakami* is right in his memoir about running that if you skip more than one day, it's a disaster. Because mind forgets the pleasure of running so its hard to convince it to do it again. However sometimes I need to write reports at 5-6AM so after that I don't have time in morning. So I need to look for optimum strategy.

Anyway, feeling good. Temperature is a bit lower today but its pleasing once I warmed up.",2026-09-09_08-44-28_hk_1788936268.fit,480,2026-09-09T06:52:27.000Z,479.000,1210.59,164,157,79,2.341,29.43,50.820714,4.395132
2026-09-09,Running,Morning Run,"*Murakami* is right in his memoir about running that if you skip more than one day, it's a disaster. Because mind forgets the pleasure of running so its hard to convince it to do it again. However sometimes I need to write reports at 5-6AM so after that I don't have time in morning. So I need to look for optimum strategy.

Anyway, feeling good. Temperature is a bit lower today but its pleasing once I warmed up.",2026-09-09_08-44-28_hk_1788936268.fit,481,2026-09-09T06:52:28.000Z,480.000,1213.85,164,159,79,2.427,29.43,50.820732,4.39515
2026-09-09,Running,Morning Run,"*Murakami* is right in his memoir about running that if you skip more than one day, it's a disaster. Because mind forgets the pleasure of running so its hard to convince it to do it again. However sometimes I need to write reports at 5-6AM so after that I don't have time in morning. So I need to look for optimum strategy.

Anyway, feeling good. Temperature is a bit lower today but its pleasing once I warmed up.",2026-09-09_08-44-28_hk_1788936268.fit,482,2026-09-09T06:52:29.000Z,481.000,1215.22,164,159,79,2.402,29.43,50.820732,4.395186
2026-09-09,Running,Morning Run,"*Murakami* is right in his memoir about running that if you skip more than one day, it's a disaster. Because mind forgets the pleasure of running so its hard to convince it to do it again. However sometimes I need to write reports at 5-6AM so after that I don't have time in morning. So I need to look for optimum strategy.

Anyway, feeling good. Temperature is a bit lower today but its pleasing once I warmed up.",2026-09-09_08-44-28_hk_1788936268.fit,483,2026-09-09T06:52:30.000Z,482.000,1216.59,164,159,79,2.355,29.43,50.820732,4.395222
2026-09-09,Running,Morning Run,"*Murakami* is right in his memoir about running that if you skip more than one day, it's a disaster. Because mind forgets the pleasure of running so its hard to convince it to do it again. However sometimes I need to write reports at 5-6AM so after that I don't have time in morning. So I need to look for optimum strategy.

Anyway, feeling good. Temperature is a bit lower today but its pleasing once I warmed up.",2026-09-09_08-44-28_hk_1788936268.fit,484,2026-09-09T06:52:31.000Z,483.000,1217.97,164,154,77,2.312,29.43,50.82075,4.39524
2026-09-09,Running,Morning Run,"*Murakami* is right in his memoir about running that if you skip more than one day, it's a disaster. Because mind forgets the pleasure of running so its hard to convince it to do it again. However sometimes I need to write reports at 5-6AM so after that I don't have time in morning. So I need to look for optimum strategy.

Anyway, feeling good. Temperature is a bit lower today but its pleasing once I warmed up.",2026-09-09_08-44-28_hk_1788936268.fit,485,2026-09-09T06:52:32.000Z,484.000,1221.43,164,154,77,2.316,29.42,50.820768,4.395276
2026-09-09,Running,Morning Run,"*Murakami* is right in his memoir about running that if you skip more than one day, it's a disaster. Because mind forgets the pleasure of running so its hard to convince it to do it again. However sometimes I need to write reports at 5-6AM so after that I don't have time in morning. So I need to look for optimum strategy.

Anyway, feeling good. Temperature is a bit lower today but its pleasing once I warmed up.",2026-09-09_08-44-28_hk_1788936268.fit,486,2026-09-09T06:52:33.000Z,485.000,1224.9,164,158,77,2.327,29.42,50.820786,4.395294
2026-09-09,Running,Morning Run,"*Murakami* is right in his memoir about running that if you skip more than one day, it's a disaster. Because mind forgets the pleasure of running so its hard to convince it to do it again. However sometimes I need to write reports at 5-6AM so after that I don't have time in morning. So I need to look for optimum strategy.

Anyway, feeling good. Temperature is a bit lower today but its pleasing once I warmed up.",2026-09-09_08-44-28_hk_1788936268.fit,487,2026-09-09T06:52:34.000Z,486.000,1227.27,164,158,79,2.337,29.42,50.820804,4.395312
2026-09-09,Running,Morning Run,"*Murakami* is right in his memoir about running that if you skip more than one day, it's a disaster. Because mind forgets the pleasure of running so its hard to convince it to do it again. However sometimes I need to write reports at 5-6AM so after that I don't have time in morning. So I need to look for optimum strategy.

Anyway, feeling good. Temperature is a bit lower today but its pleasing once I warmed up.",2026-09-09_08-44-28_hk_1788936268.fit,488,2026-09-09T06:52:35.000Z,487.000,1229.64,164,158,79,2.346,29.42,50.820822,4.395312
2026-09-09,Running,Morning Run,"*Murakami* is right in his memoir about running that if you skip more than one day, it's a disaster. Because mind forgets the pleasure of running so its hard to convince it to do it again. However sometimes I need to write reports at 5-6AM so after that I don't have time in morning. So I need to look for optimum strategy.

Anyway, feeling good. Temperature is a bit lower today but its pleasing once I warmed up.",2026-09-09_08-44-28_hk_1788936268.fit,489,2026-09-09T06:52:36.000Z,488.000,1232.01,164,159,79,2.325,29.42,50.820858,4.39533
2026-09-09,Running,Morning Run,"*Murakami* is right in his memoir about running that if you skip more than one day, it's a disaster. Because mind forgets the pleasure of running so its hard to convince it to do it again. However sometimes I need to write reports at 5-6AM so after that I don't have time in morning. So I need to look for optimum strategy.

Anyway, feeling good. Temperature is a bit lower today but its pleasing once I warmed up.",2026-09-09_08-44-28_hk_1788936268.fit,490,2026-09-09T06:52:37.000Z,489.000,1234.74,164,159,78,2.32,29.42,50.820876,4.395348
2026-09-09,Running,Morning Run,"*Murakami* is right in his memoir about running that if you skip more than one day, it's a disaster. Because mind forgets the pleasure of running so its hard to convince it to do it again. However sometimes I need to write reports at 5-6AM so after that I don't have time in morning. So I need to look for optimum strategy.

Anyway, feeling good. Temperature is a bit lower today but its pleasing once I warmed up.",2026-09-09_08-44-28_hk_1788936268.fit,491,2026-09-09T06:52:38.000Z,490.000,1237.47,162,158,78,2.336,29.42,50.820894,4.395348
2026-09-09,Running,Morning Run,"*Murakami* is right in his memoir about running that if you skip more than one day, it's a disaster. Because mind forgets the pleasure of running so its hard to convince it to do it again. However sometimes I need to write reports at 5-6AM so after that I don't have time in morning. So I need to look for optimum strategy.

Anyway, feeling good. Temperature is a bit lower today but its pleasing once I warmed up.",2026-09-09_08-44-28_hk_1788936268.fit,492,2026-09-09T06:52:39.000Z,491.000,1240.02,162,158,78,2.344,29.42,50.820912,4.395366
2026-09-09,Running,Morning Run,"*Murakami* is right in his memoir about running that if you skip more than one day, it's a disaster. Because mind forgets the pleasure of running so its hard to convince it to do it again. However sometimes I need to write reports at 5-6AM so after that I don't have time in morning. So I need to look for optimum strategy.

Anyway, feeling good. Temperature is a bit lower today but its pleasing once I warmed up.",2026-09-09_08-44-28_hk_1788936268.fit,493,2026-09-09T06:52:40.000Z,492.000,1242.57,162,158,78,2.352,29.42,50.820948,4.395384
2026-09-09,Running,Morning Run,"*Murakami* is right in his memoir about running that if you skip more than one day, it's a disaster. Because mind forgets the pleasure of running so its hard to convince it to do it again. However sometimes I need to write reports at 5-6AM so after that I don't have time in morning. So I need to look for optimum strategy.

Anyway, feeling good. Temperature is a bit lower today but its pleasing once I warmed up.",2026-09-09_08-44-28_hk_1788936268.fit,494,2026-09-09T06:52:41.000Z,493.000,1245.12,162,160,78,2.329,29.42,50.820966,4.395402
2026-09-09,Running,Morning Run,"*Murakami* is right in his memoir about running that if you skip more than one day, it's a disaster. Because mind forgets the pleasure of running so its hard to convince it to do it again. However sometimes I need to write reports at 5-6AM so after that I don't have time in morning. So I need to look for optimum strategy.

Anyway, feeling good. Temperature is a bit lower today but its pleasing once I warmed up.",2026-09-09_08-44-28_hk_1788936268.fit,495,2026-09-09T06:52:42.000Z,494.000,1248.93,162,160,78,2.406,29.42,50.820984,4.39542
2026-09-09,Running,Morning Run,"*Murakami* is right in his memoir about running that if you skip more than one day, it's a disaster. Because mind forgets the pleasure of running so its hard to convince it to do it again. However sometimes I need to write reports at 5-6AM so after that I don't have time in morning. So I need to look for optimum strategy.

Anyway, feeling good. Temperature is a bit lower today but its pleasing once I warmed up.",2026-09-09_08-44-28_hk_1788936268.fit,496,2026-09-09T06:52:43.000Z,495.000,1252.73,162,163,79,2.569,29.42,50.821002,4.395456
2026-09-09,Running,Morning Run,"*Murakami* is right in his memoir about running that if you skip more than one day, it's a disaster. Because mind forgets the pleasure of running so its hard to convince it to do it again. However sometimes I need to write reports at 5-6AM so after that I don't have time in morning. So I need to look for optimum strategy.

Anyway, feeling good. Temperature is a bit lower today but its pleasing once I warmed up.",2026-09-09_08-44-28_hk_1788936268.fit,497,2026-09-09T06:52:44.000Z,496.000,1255.23,162,163,79,2.594,29.42,50.82102,4.395474
2026-09-09,Running,Morning Run,"*Murakami* is right in his memoir about running that if you skip more than one day, it's a disaster. Because mind forgets the pleasure of running so its hard to convince it to do it again. However sometimes I need to write reports at 5-6AM so after that I don't have time in morning. So I need to look for optimum strategy.

Anyway, feeling good. Temperature is a bit lower today but its pleasing once I warmed up.",2026-09-09_08-44-28_hk_1788936268.fit,498,2026-09-09T06:52:45.000Z,497.000,1257.72,162,163,79,2.652,29.42,50.821038,4.395492
2026-09-09,Running,Morning Run,"*Murakami* is right in his memoir about running that if you skip more than one day, it's a disaster. Because mind forgets the pleasure of running so its hard to convince it to do it again. However sometimes I need to write reports at 5-6AM so after that I don't have time in morning. So I need to look for optimum strategy.

Anyway, feeling good. Temperature is a bit lower today but its pleasing once I warmed up.",2026-09-09_08-44-28_hk_1788936268.fit,499,2026-09-09T06:52:46.000Z,498.000,1260.21,161,169,76,2.644,29.41,50.821056,4.39551
2026-09-09,Running,Morning Run,"*Murakami* is right in his memoir about running that if you skip more than one day, it's a disaster. Because mind forgets the pleasure of running so its hard to convince it to do it again. However sometimes I need to write reports at 5-6AM so after that I don't have time in morning. So I need to look for optimum strategy.

Anyway, feeling good. Temperature is a bit lower today but its pleasing once I warmed up.",2026-09-09_08-44-28_hk_1788936268.fit,500,2026-09-09T06:52:47.000Z,499.000,1261.21,161,169,76,2.531,29.41,50.821074,4.395546
2026-09-09,Running,Morning Run,"*Murakami* is right in his memoir about running that if you skip more than one day, it's a disaster. Because mind forgets the pleasure of running so its hard to convince it to do it again. However sometimes I need to write reports at 5-6AM so after that I don't have time in morning. So I need to look for optimum strategy.

Anyway, feeling good. Temperature is a bit lower today but its pleasing once I warmed up.",2026-09-09_08-44-28_hk_1788936268.fit,501,2026-09-09T06:52:48.000Z,500.000,1262.2,161,169,76,2.458,29.41,50.821074,4.395564
2026-09-09,Running,Morning Run,"*Murakami* is right in his memoir about running that if you skip more than one day, it's a disaster. Because mind forgets the pleasure of running so its hard to convince it to do it again. However sometimes I need to write reports at 5-6AM so after that I don't have time in morning. So I need to look for optimum strategy.

Anyway, feeling good. Temperature is a bit lower today but its pleasing once I warmed up.",2026-09-09_08-44-28_hk_1788936268.fit,502,2026-09-09T06:52:49.000Z,501.000,1263.19,161,162,78,2.391,29.41,50.821092,4.3956
2026-09-09,Running,Morning Run,"*Murakami* is right in his memoir about running that if you skip more than one day, it's a disaster. Because mind forgets the pleasure of running so its hard to convince it to do it again. However sometimes I need to write reports at 5-6AM so after that I don't have time in morning. So I need to look for optimum strategy.

Anyway, feeling good. Temperature is a bit lower today but its pleasing once I warmed up.",2026-09-09_08-44-28_hk_1788936268.fit,503,2026-09-09T06:52:50.000Z,502.000,1265.82,162,162,78,2.41,29.41,50.821092,4.395618
2026-09-09,Running,Morning Run,"*Murakami* is right in his memoir about running that if you skip more than one day, it's a disaster. Because mind forgets the pleasure of running so its hard to convince it to do it again. However sometimes I need to write reports at 5-6AM so after that I don't have time in morning. So I need to look for optimum strategy.

Anyway, feeling good. Temperature is a bit lower today but its pleasing once I warmed up.",2026-09-09_08-44-28_hk_1788936268.fit,504,2026-09-09T06:52:51.000Z,503.000,1268.45,162,162,78,2.524,29.41,50.821092,4.395654
2026-09-09,Running,Morning Run,"*Murakami* is right in his memoir about running that if you skip more than one day, it's a disaster. Because mind forgets the pleasure of running so its hard to convince it to do it again. However sometimes I need to write reports at 5-6AM so after that I don't have time in morning. So I need to look for optimum strategy.

Anyway, feeling good. Temperature is a bit lower today but its pleasing once I warmed up.",2026-09-09_08-44-28_hk_1788936268.fit,505,2026-09-09T06:52:52.000Z,504.000,1270.38,162,162,76,2.496,29.41,50.821092,4.39569
2026-09-09,Running,Morning Run,"*Murakami* is right in his memoir about running that if you skip more than one day, it's a disaster. Because mind forgets the pleasure of running so its hard to convince it to do it again. However sometimes I need to write reports at 5-6AM so after that I don't have time in morning. So I need to look for optimum strategy.

Anyway, feeling good. Temperature is a bit lower today but its pleasing once I warmed up.",2026-09-09_08-44-28_hk_1788936268.fit,506,2026-09-09T06:52:53.000Z,505.000,1272.31,162,162,76,2.423,29.41,50.82111,4.395708
2026-09-09,Running,Morning Run,"*Murakami* is right in his memoir about running that if you skip more than one day, it's a disaster. Because mind forgets the pleasure of running so its hard to convince it to do it again. However sometimes I need to write reports at 5-6AM so after that I don't have time in morning. So I need to look for optimum strategy.

Anyway, feeling good. Temperature is a bit lower today but its pleasing once I warmed up.",2026-09-09_08-44-28_hk_1788936268.fit,507,2026-09-09T06:52:54.000Z,506.000,1274.23,163,164,76,2.4,29.41,50.821128,4.395744
2026-09-09,Running,Morning Run,"*Murakami* is right in his memoir about running that if you skip more than one day, it's a disaster. Because mind forgets the pleasure of running so its hard to convince it to do it again. However sometimes I need to write reports at 5-6AM so after that I don't have time in morning. So I need to look for optimum strategy.

Anyway, feeling good. Temperature is a bit lower today but its pleasing once I warmed up.",2026-09-09_08-44-28_hk_1788936268.fit,508,2026-09-09T06:52:55.000Z,507.000,1277.62,163,164,78,2.397,29.4,50.821128,4.39578
2026-09-09,Running,Morning Run,"*Murakami* is right in his memoir about running that if you skip more than one day, it's a disaster. Because mind forgets the pleasure of running so its hard to convince it to do it again. However sometimes I need to write reports at 5-6AM so after that I don't have time in morning. So I need to look for optimum strategy.

Anyway, feeling good. Temperature is a bit lower today but its pleasing once I warmed up.",2026-09-09_08-44-28_hk_1788936268.fit,509,2026-09-09T06:52:56.000Z,508.000,1281,163,166,78,2.446,29.4,50.821146,4.395798
2026-09-09,Running,Morning Run,"*Murakami* is right in his memoir about running that if you skip more than one day, it's a disaster. Because mind forgets the pleasure of running so its hard to convince it to do it again. However sometimes I need to write reports at 5-6AM so after that I don't have time in morning. So I need to look for optimum strategy.

Anyway, feeling good. Temperature is a bit lower today but its pleasing once I warmed up.",2026-09-09_08-44-28_hk_1788936268.fit,510,2026-09-09T06:52:57.000Z,509.000,1282.93,163,166,78,2.425,29.4,50.821164,4.395834
2026-09-09,Running,Morning Run,"*Murakami* is right in his memoir about running that if you skip more than one day, it's a disaster. Because mind forgets the pleasure of running so its hard to convince it to do it again. However sometimes I need to write reports at 5-6AM so after that I don't have time in morning. So I need to look for optimum strategy.

Anyway, feeling good. Temperature is a bit lower today but its pleasing once I warmed up.",2026-09-09_08-44-28_hk_1788936268.fit,511,2026-09-09T06:52:58.000Z,510.000,1284.86,163,166,77,2.386,29.4,50.821164,4.395852
2026-09-09,Running,Morning Run,"*Murakami* is right in his memoir about running that if you skip more than one day, it's a disaster. Because mind forgets the pleasure of running so its hard to convince it to do it again. However sometimes I need to write reports at 5-6AM so after that I don't have time in morning. So I need to look for optimum strategy.

Anyway, feeling good. Temperature is a bit lower today but its pleasing once I warmed up.",2026-09-09_08-44-28_hk_1788936268.fit,512,2026-09-09T06:52:59.000Z,511.000,1286.79,163,168,77,2.366,29.4,50.821182,4.395888
2026-09-09,Running,Morning Run,"*Murakami* is right in his memoir about running that if you skip more than one day, it's a disaster. Because mind forgets the pleasure of running so its hard to convince it to do it again. However sometimes I need to write reports at 5-6AM so after that I don't have time in morning. So I need to look for optimum strategy.

Anyway, feeling good. Temperature is a bit lower today but its pleasing once I warmed up.",2026-09-09_08-44-28_hk_1788936268.fit,513,2026-09-09T06:53:00.000Z,512.000,1290.08,164,168,77,2.384,29.4,50.821182,4.395906
2026-09-09,Running,Morning Run,"*Murakami* is right in his memoir about running that if you skip more than one day, it's a disaster. Because mind forgets the pleasure of running so its hard to convince it to do it again. However sometimes I need to write reports at 5-6AM so after that I don't have time in morning. So I need to look for optimum strategy.

Anyway, feeling good. Temperature is a bit lower today but its pleasing once I warmed up.",2026-09-09_08-44-28_hk_1788936268.fit,514,2026-09-09T06:53:01.000Z,513.000,1293.37,164,171,79,2.419,29.4,50.8212,4.395942
2026-09-09,Running,Morning Run,"*Murakami* is right in his memoir about running that if you skip more than one day, it's a disaster. Because mind forgets the pleasure of running so its hard to convince it to do it again. However sometimes I need to write reports at 5-6AM so after that I don't have time in morning. So I need to look for optimum strategy.

Anyway, feeling good. Temperature is a bit lower today but its pleasing once I warmed up.",2026-09-09_08-44-28_hk_1788936268.fit,515,2026-09-09T06:53:02.000Z,514.000,1295.57,164,171,79,2.402,29.4,50.8212,4.39596
2026-09-09,Running,Morning Run,"*Murakami* is right in his memoir about running that if you skip more than one day, it's a disaster. Because mind forgets the pleasure of running so its hard to convince it to do it again. However sometimes I need to write reports at 5-6AM so after that I don't have time in morning. So I need to look for optimum strategy.

Anyway, feeling good. Temperature is a bit lower today but its pleasing once I warmed up.",2026-09-09_08-44-28_hk_1788936268.fit,516,2026-09-09T06:53:03.000Z,515.000,1297.76,164,171,79,2.393,29.4,50.821218,4.395996
2026-09-09,Running,Morning Run,"*Murakami* is right in his memoir about running that if you skip more than one day, it's a disaster. Because mind forgets the pleasure of running so its hard to convince it to do it again. However sometimes I need to write reports at 5-6AM so after that I don't have time in morning. So I need to look for optimum strategy.

Anyway, feeling good. Temperature is a bit lower today but its pleasing once I warmed up.",2026-09-09_08-44-28_hk_1788936268.fit,517,2026-09-09T06:53:04.000Z,516.000,1299.95,164,173,79,2.319,29.4,50.821218,4.396032
2026-09-09,Running,Morning Run,"*Murakami* is right in his memoir about running that if you skip more than one day, it's a disaster. Because mind forgets the pleasure of running so its hard to convince it to do it again. However sometimes I need to write reports at 5-6AM so after that I don't have time in morning. So I need to look for optimum strategy.

Anyway, feeling good. Temperature is a bit lower today but its pleasing once I warmed up.",2026-09-09_08-44-28_hk_1788936268.fit,518,2026-09-09T06:53:05.000Z,517.000,1302.75,164,173,79,2.274,29.4,50.821236,4.396068
2026-09-09,Running,Morning Run,"*Murakami* is right in his memoir about running that if you skip more than one day, it's a disaster. Because mind forgets the pleasure of running so its hard to convince it to do it again. However sometimes I need to write reports at 5-6AM so after that I don't have time in morning. So I need to look for optimum strategy.

Anyway, feeling good. Temperature is a bit lower today but its pleasing once I warmed up.",2026-09-09_08-44-28_hk_1788936268.fit,519,2026-09-09T06:53:06.000Z,518.000,1305.55,164,174,79,2.287,29.4,50.821236,4.396086
2026-09-09,Running,Morning Run,"*Murakami* is right in his memoir about running that if you skip more than one day, it's a disaster. Because mind forgets the pleasure of running so its hard to convince it to do it again. However sometimes I need to write reports at 5-6AM so after that I don't have time in morning. So I need to look for optimum strategy.

Anyway, feeling good. Temperature is a bit lower today but its pleasing once I warmed up.",2026-09-09_08-44-28_hk_1788936268.fit,520,2026-09-09T06:53:07.000Z,519.000,1307.87,164,174,77,2.28,29.4,50.821254,4.396122
2026-09-09,Running,Morning Run,"*Murakami* is right in his memoir about running that if you skip more than one day, it's a disaster. Because mind forgets the pleasure of running so its hard to convince it to do it again. However sometimes I need to write reports at 5-6AM so after that I don't have time in morning. So I need to look for optimum strategy.

Anyway, feeling good. Temperature is a bit lower today but its pleasing once I warmed up.",2026-09-09_08-44-28_hk_1788936268.fit,521,2026-09-09T06:53:08.000Z,520.000,1310.19,164,174,77,2.281,29.39,50.821254,4.396158
2026-09-09,Running,Morning Run,"*Murakami* is right in his memoir about running that if you skip more than one day, it's a disaster. Because mind forgets the pleasure of running so its hard to convince it to do it again. However sometimes I need to write reports at 5-6AM so after that I don't have time in morning. So I need to look for optimum strategy.

Anyway, feeling good. Temperature is a bit lower today but its pleasing once I warmed up.",2026-09-09_08-44-28_hk_1788936268.fit,522,2026-09-09T06:53:09.000Z,521.000,1312.52,164,178,77,2.396,29.39,50.821272,4.396176
2026-09-09,Running,Morning Run,"*Murakami* is right in his memoir about running that if you skip more than one day, it's a disaster. Because mind forgets the pleasure of running so its hard to convince it to do it again. However sometimes I need to write reports at 5-6AM so after that I don't have time in morning. So I need to look for optimum strategy.

Anyway, feeling good. Temperature is a bit lower today but its pleasing once I warmed up.",2026-09-09_08-44-28_hk_1788936268.fit,523,2026-09-09T06:53:10.000Z,522.000,1314,164,178,78,2.42,29.39,50.82129,4.396212
2026-09-09,Running,Morning Run,"*Murakami* is right in his memoir about running that if you skip more than one day, it's a disaster. Because mind forgets the pleasure of running so its hard to convince it to do it again. However sometimes I need to write reports at 5-6AM so after that I don't have time in morning. So I need to look for optimum strategy.

Anyway, feeling good. Temperature is a bit lower today but its pleasing once I warmed up.",2026-09-09_08-44-28_hk_1788936268.fit,524,2026-09-09T06:53:11.000Z,523.000,1315.49,164,178,78,2.377,29.39,50.82129,4.396248
2026-09-09,Running,Morning Run,"*Murakami* is right in his memoir about running that if you skip more than one day, it's a disaster. Because mind forgets the pleasure of running so its hard to convince it to do it again. However sometimes I need to write reports at 5-6AM so after that I don't have time in morning. So I need to look for optimum strategy.

Anyway, feeling good. Temperature is a bit lower today but its pleasing once I warmed up.",2026-09-09_08-44-28_hk_1788936268.fit,525,2026-09-09T06:53:12.000Z,524.000,1316.98,164,173,78,2.325,29.39,50.82129,4.396284
2026-09-09,Running,Morning Run,"*Murakami* is right in his memoir about running that if you skip more than one day, it's a disaster. Because mind forgets the pleasure of running so its hard to convince it to do it again. However sometimes I need to write reports at 5-6AM so after that I don't have time in morning. So I need to look for optimum strategy.

Anyway, feeling good. Temperature is a bit lower today but its pleasing once I warmed up.",2026-09-09_08-44-28_hk_1788936268.fit,526,2026-09-09T06:53:13.000Z,525.000,1321.01,164,173,76,2.411,29.39,50.821308,4.396302
2026-09-09,Running,Morning Run,"*Murakami* is right in his memoir about running that if you skip more than one day, it's a disaster. Because mind forgets the pleasure of running so its hard to convince it to do it again. However sometimes I need to write reports at 5-6AM so after that I don't have time in morning. So I need to look for optimum strategy.

Anyway, feeling good. Temperature is a bit lower today but its pleasing once I warmed up.",2026-09-09_08-44-28_hk_1788936268.fit,527,2026-09-09T06:53:14.000Z,526.000,1325.05,165,177,76,2.541,29.39,50.821308,4.396338
2026-09-09,Running,Morning Run,"*Murakami* is right in his memoir about running that if you skip more than one day, it's a disaster. Because mind forgets the pleasure of running so its hard to convince it to do it again. However sometimes I need to write reports at 5-6AM so after that I don't have time in morning. So I need to look for optimum strategy.

Anyway, feeling good. Temperature is a bit lower today but its pleasing once I warmed up.",2026-09-09_08-44-28_hk_1788936268.fit,528,2026-09-09T06:53:15.000Z,527.000,1326.92,165,177,76,2.509,29.39,50.821326,4.396374
2026-09-09,Running,Morning Run,"*Murakami* is right in his memoir about running that if you skip more than one day, it's a disaster. Because mind forgets the pleasure of running so its hard to convince it to do it again. However sometimes I need to write reports at 5-6AM so after that I don't have time in morning. So I need to look for optimum strategy.

Anyway, feeling good. Temperature is a bit lower today but its pleasing once I warmed up.",2026-09-09_08-44-28_hk_1788936268.fit,529,2026-09-09T06:53:16.000Z,528.000,1328.79,165,177,79,2.437,29.39,50.821326,4.396392
2026-09-09,Running,Morning Run,"*Murakami* is right in his memoir about running that if you skip more than one day, it's a disaster. Because mind forgets the pleasure of running so its hard to convince it to do it again. However sometimes I need to write reports at 5-6AM so after that I don't have time in morning. So I need to look for optimum strategy.

Anyway, feeling good. Temperature is a bit lower today but its pleasing once I warmed up.",2026-09-09_08-44-28_hk_1788936268.fit,530,2026-09-09T06:53:17.000Z,529.000,1330.67,165,175,79,2.411,29.39,50.821344,4.396428
2026-09-09,Running,Morning Run,"*Murakami* is right in his memoir about running that if you skip more than one day, it's a disaster. Because mind forgets the pleasure of running so its hard to convince it to do it again. However sometimes I need to write reports at 5-6AM so after that I don't have time in morning. So I need to look for optimum strategy.

Anyway, feeling good. Temperature is a bit lower today but its pleasing once I warmed up.",2026-09-09_08-44-28_hk_1788936268.fit,531,2026-09-09T06:53:18.000Z,530.000,1333.24,165,175,79,2.396,29.39,50.821362,4.396464
2026-09-09,Running,Morning Run,"*Murakami* is right in his memoir about running that if you skip more than one day, it's a disaster. Because mind forgets the pleasure of running so its hard to convince it to do it again. However sometimes I need to write reports at 5-6AM so after that I don't have time in morning. So I need to look for optimum strategy.

Anyway, feeling good. Temperature is a bit lower today but its pleasing once I warmed up.",2026-09-09_08-44-28_hk_1788936268.fit,532,2026-09-09T06:53:19.000Z,531.000,1335.81,165,176,76,2.426,29.39,50.821362,4.3965
2026-09-09,Running,Morning Run,"*Murakami* is right in his memoir about running that if you skip more than one day, it's a disaster. Because mind forgets the pleasure of running so its hard to convince it to do it again. However sometimes I need to write reports at 5-6AM so after that I don't have time in morning. So I need to look for optimum strategy.

Anyway, feeling good. Temperature is a bit lower today but its pleasing once I warmed up.",2026-09-09_08-44-28_hk_1788936268.fit,533,2026-09-09T06:53:20.000Z,532.000,1338.22,165,176,76,2.449,29.39,50.82138,4.396518
2026-09-09,Running,Morning Run,"*Murakami* is right in his memoir about running that if you skip more than one day, it's a disaster. Because mind forgets the pleasure of running so its hard to convince it to do it again. However sometimes I need to write reports at 5-6AM so after that I don't have time in morning. So I need to look for optimum strategy.

Anyway, feeling good. Temperature is a bit lower today but its pleasing once I warmed up.",2026-09-09_08-44-28_hk_1788936268.fit,534,2026-09-09T06:53:21.000Z,533.000,1340.63,165,176,76,2.407,29.39,50.82138,4.396554
2026-09-09,Running,Morning Run,"*Murakami* is right in his memoir about running that if you skip more than one day, it's a disaster. Because mind forgets the pleasure of running so its hard to convince it to do it again. However sometimes I need to write reports at 5-6AM so after that I don't have time in morning. So I need to look for optimum strategy.

Anyway, feeling good. Temperature is a bit lower today but its pleasing once I warmed up.",2026-09-09_08-44-28_hk_1788936268.fit,535,2026-09-09T06:53:22.000Z,534.000,1343.05,165,179,79,2.408,29.39,50.821398,4.39659
2026-09-09,Running,Morning Run,"*Murakami* is right in his memoir about running that if you skip more than one day, it's a disaster. Because mind forgets the pleasure of running so its hard to convince it to do it again. However sometimes I need to write reports at 5-6AM so after that I don't have time in morning. So I need to look for optimum strategy.

Anyway, feeling good. Temperature is a bit lower today but its pleasing once I warmed up.",2026-09-09_08-44-28_hk_1788936268.fit,536,2026-09-09T06:53:23.000Z,535.000,1346.25,165,179,79,2.413,29.39,50.821398,4.396626
2026-09-09,Running,Morning Run,"*Murakami* is right in his memoir about running that if you skip more than one day, it's a disaster. Because mind forgets the pleasure of running so its hard to convince it to do it again. However sometimes I need to write reports at 5-6AM so after that I don't have time in morning. So I need to look for optimum strategy.

Anyway, feeling good. Temperature is a bit lower today but its pleasing once I warmed up.",2026-09-09_08-44-28_hk_1788936268.fit,537,2026-09-09T06:53:24.000Z,536.000,1349.45,165,178,79,2.462,29.39,50.821416,4.396662
2026-09-09,Running,Morning Run,"*Murakami* is right in his memoir about running that if you skip more than one day, it's a disaster. Because mind forgets the pleasure of running so its hard to convince it to do it again. However sometimes I need to write reports at 5-6AM so after that I don't have time in morning. So I need to look for optimum strategy.

Anyway, feeling good. Temperature is a bit lower today but its pleasing once I warmed up.",2026-09-09_08-44-28_hk_1788936268.fit,538,2026-09-09T06:53:25.000Z,537.000,1351.2,165,178,78,2.44,29.39,50.821416,4.39668
2026-09-09,Running,Morning Run,"*Murakami* is right in his memoir about running that if you skip more than one day, it's a disaster. Because mind forgets the pleasure of running so its hard to convince it to do it again. However sometimes I need to write reports at 5-6AM so after that I don't have time in morning. So I need to look for optimum strategy.

Anyway, feeling good. Temperature is a bit lower today but its pleasing once I warmed up.",2026-09-09_08-44-28_hk_1788936268.fit,539,2026-09-09T06:53:26.000Z,538.000,1352.94,165,178,78,2.39,29.39,50.821434,4.396716
2026-09-09,Running,Morning Run,"*Murakami* is right in his memoir about running that if you skip more than one day, it's a disaster. Because mind forgets the pleasure of running so its hard to convince it to do it again. However sometimes I need to write reports at 5-6AM so after that I don't have time in morning. So I need to look for optimum strategy.

Anyway, feeling good. Temperature is a bit lower today but its pleasing once I warmed up.",2026-09-09_08-44-28_hk_1788936268.fit,540,2026-09-09T06:53:27.000Z,539.000,1354.68,165,175,78,2.361,29.39,50.821452,4.396752
2026-09-09,Running,Morning Run,"*Murakami* is right in his memoir about running that if you skip more than one day, it's a disaster. Because mind forgets the pleasure of running so its hard to convince it to do it again. However sometimes I need to write reports at 5-6AM so after that I don't have time in morning. So I need to look for optimum strategy.

Anyway, feeling good. Temperature is a bit lower today but its pleasing once I warmed up.",2026-09-09_08-44-28_hk_1788936268.fit,541,2026-09-09T06:53:28.000Z,540.000,1356.69,165,175,78,2.325,29.39,50.821452,4.396788
2026-09-09,Running,Morning Run,"*Murakami* is right in his memoir about running that if you skip more than one day, it's a disaster. Because mind forgets the pleasure of running so its hard to convince it to do it again. However sometimes I need to write reports at 5-6AM so after that I don't have time in morning. So I need to look for optimum strategy.

Anyway, feeling good. Temperature is a bit lower today but its pleasing once I warmed up.",2026-09-09_08-44-28_hk_1788936268.fit,542,2026-09-09T06:53:29.000Z,541.000,1358.69,165,175,78,2.31,29.39,50.82147,4.396824
2026-09-09,Running,Morning Run,"*Murakami* is right in his memoir about running that if you skip more than one day, it's a disaster. Because mind forgets the pleasure of running so its hard to convince it to do it again. However sometimes I need to write reports at 5-6AM so after that I don't have time in morning. So I need to look for optimum strategy.

Anyway, feeling good. Temperature is a bit lower today but its pleasing once I warmed up.",2026-09-09_08-44-28_hk_1788936268.fit,543,2026-09-09T06:53:30.000Z,542.000,1360.7,165,177,78,2.296,29.39,50.82147,4.396842
2026-09-09,Running,Morning Run,"*Murakami* is right in his memoir about running that if you skip more than one day, it's a disaster. Because mind forgets the pleasure of running so its hard to convince it to do it again. However sometimes I need to write reports at 5-6AM so after that I don't have time in morning. So I need to look for optimum strategy.

Anyway, feeling good. Temperature is a bit lower today but its pleasing once I warmed up.",2026-09-09_08-44-28_hk_1788936268.fit,544,2026-09-09T06:53:31.000Z,543.000,1363.18,165,177,77,2.303,29.39,50.821488,4.396878
2026-09-09,Running,Morning Run,"*Murakami* is right in his memoir about running that if you skip more than one day, it's a disaster. Because mind forgets the pleasure of running so its hard to convince it to do it again. However sometimes I need to write reports at 5-6AM so after that I don't have time in morning. So I need to look for optimum strategy.

Anyway, feeling good. Temperature is a bit lower today but its pleasing once I warmed up.",2026-09-09_08-44-28_hk_1788936268.fit,545,2026-09-09T06:53:32.000Z,544.000,1365.66,165,176,77,2.389,29.4,50.821506,4.396896
2026-09-09,Running,Morning Run,"*Murakami* is right in his memoir about running that if you skip more than one day, it's a disaster. Because mind forgets the pleasure of running so its hard to convince it to do it again. However sometimes I need to write reports at 5-6AM so after that I don't have time in morning. So I need to look for optimum strategy.

Anyway, feeling good. Temperature is a bit lower today but its pleasing once I warmed up.",2026-09-09_08-44-28_hk_1788936268.fit,546,2026-09-09T06:53:33.000Z,545.000,1367.85,165,176,77,2.423,29.4,50.821506,4.396932
2026-09-09,Running,Morning Run,"*Murakami* is right in his memoir about running that if you skip more than one day, it's a disaster. Because mind forgets the pleasure of running so its hard to convince it to do it again. However sometimes I need to write reports at 5-6AM so after that I don't have time in morning. So I need to look for optimum strategy.

Anyway, feeling good. Temperature is a bit lower today but its pleasing once I warmed up.",2026-09-09_08-44-28_hk_1788936268.fit,547,2026-09-09T06:53:34.000Z,546.000,1370.04,164,176,76,2.412,29.4,50.821524,4.396968
2026-09-09,Running,Morning Run,"*Murakami* is right in his memoir about running that if you skip more than one day, it's a disaster. Because mind forgets the pleasure of running so its hard to convince it to do it again. However sometimes I need to write reports at 5-6AM so after that I don't have time in morning. So I need to look for optimum strategy.

Anyway, feeling good. Temperature is a bit lower today but its pleasing once I warmed up.",2026-09-09_08-44-28_hk_1788936268.fit,548,2026-09-09T06:53:35.000Z,547.000,1372.23,164,178,76,2.328,29.4,50.821542,4.396986
2026-09-09,Running,Morning Run,"*Murakami* is right in his memoir about running that if you skip more than one day, it's a disaster. Because mind forgets the pleasure of running so its hard to convince it to do it again. However sometimes I need to write reports at 5-6AM so after that I don't have time in morning. So I need to look for optimum strategy.

Anyway, feeling good. Temperature is a bit lower today but its pleasing once I warmed up.",2026-09-09_08-44-28_hk_1788936268.fit,549,2026-09-09T06:53:36.000Z,548.000,1375.5,164,178,76,2.293,29.4,50.821542,4.397022
2026-09-09,Running,Morning Run,"*Murakami* is right in his memoir about running that if you skip more than one day, it's a disaster. Because mind forgets the pleasure of running so its hard to convince it to do it again. However sometimes I need to write reports at 5-6AM so after that I don't have time in morning. So I need to look for optimum strategy.

Anyway, feeling good. Temperature is a bit lower today but its pleasing once I warmed up.",2026-09-09_08-44-28_hk_1788936268.fit,550,2026-09-09T06:53:37.000Z,549.000,1378.77,164,177,79,2.357,29.4,50.82156,4.39704
2026-09-09,Running,Morning Run,"*Murakami* is right in his memoir about running that if you skip more than one day, it's a disaster. Because mind forgets the pleasure of running so its hard to convince it to do it again. However sometimes I need to write reports at 5-6AM so after that I don't have time in morning. So I need to look for optimum strategy.

Anyway, feeling good. Temperature is a bit lower today but its pleasing once I warmed up.",2026-09-09_08-44-28_hk_1788936268.fit,551,2026-09-09T06:53:38.000Z,550.000,1380.46,164,177,79,2.348,29.4,50.821578,4.397076
2026-09-09,Running,Morning Run,"*Murakami* is right in his memoir about running that if you skip more than one day, it's a disaster. Because mind forgets the pleasure of running so its hard to convince it to do it again. However sometimes I need to write reports at 5-6AM so after that I don't have time in morning. So I need to look for optimum strategy.

Anyway, feeling good. Temperature is a bit lower today but its pleasing once I warmed up.",2026-09-09_08-44-28_hk_1788936268.fit,552,2026-09-09T06:53:39.000Z,551.000,1382.14,164,177,79,2.34,29.41,50.821596,4.397094
2026-09-09,Running,Morning Run,"*Murakami* is right in his memoir about running that if you skip more than one day, it's a disaster. Because mind forgets the pleasure of running so its hard to convince it to do it again. However sometimes I need to write reports at 5-6AM so after that I don't have time in morning. So I need to look for optimum strategy.

Anyway, feeling good. Temperature is a bit lower today but its pleasing once I warmed up.",2026-09-09_08-44-28_hk_1788936268.fit,553,2026-09-09T06:53:40.000Z,552.000,1383.82,164,177,77,2.299,29.41,50.821614,4.397112
2026-09-09,Running,Morning Run,"*Murakami* is right in his memoir about running that if you skip more than one day, it's a disaster. Because mind forgets the pleasure of running so its hard to convince it to do it again. However sometimes I need to write reports at 5-6AM so after that I don't have time in morning. So I need to look for optimum strategy.

Anyway, feeling good. Temperature is a bit lower today but its pleasing once I warmed up.",2026-09-09_08-44-28_hk_1788936268.fit,554,2026-09-09T06:53:41.000Z,553.000,1386.75,164,177,77,2.315,29.41,50.821632,4.397148
2026-09-09,Running,Morning Run,"*Murakami* is right in his memoir about running that if you skip more than one day, it's a disaster. Because mind forgets the pleasure of running so its hard to convince it to do it again. However sometimes I need to write reports at 5-6AM so after that I don't have time in morning. So I need to look for optimum strategy.

Anyway, feeling good. Temperature is a bit lower today but its pleasing once I warmed up.",2026-09-09_08-44-28_hk_1788936268.fit,555,2026-09-09T06:53:42.000Z,554.000,1389.67,164,176,77,2.339,29.41,50.82165,4.397166
2026-09-09,Running,Morning Run,"*Murakami* is right in his memoir about running that if you skip more than one day, it's a disaster. Because mind forgets the pleasure of running so its hard to convince it to do it again. However sometimes I need to write reports at 5-6AM so after that I don't have time in morning. So I need to look for optimum strategy.

Anyway, feeling good. Temperature is a bit lower today but its pleasing once I warmed up.",2026-09-09_08-44-28_hk_1788936268.fit,556,2026-09-09T06:53:43.000Z,555.000,1391.43,165,176,79,2.309,29.41,50.821668,4.397184
2026-09-09,Running,Morning Run,"*Murakami* is right in his memoir about running that if you skip more than one day, it's a disaster. Because mind forgets the pleasure of running so its hard to convince it to do it again. However sometimes I need to write reports at 5-6AM so after that I don't have time in morning. So I need to look for optimum strategy.

Anyway, feeling good. Temperature is a bit lower today but its pleasing once I warmed up.",2026-09-09_08-44-28_hk_1788936268.fit,557,2026-09-09T06:53:44.000Z,556.000,1393.2,165,176,79,2.28,29.41,50.821686,4.397184
2026-09-09,Running,Morning Run,"*Murakami* is right in his memoir about running that if you skip more than one day, it's a disaster. Because mind forgets the pleasure of running so its hard to convince it to do it again. However sometimes I need to write reports at 5-6AM so after that I don't have time in morning. So I need to look for optimum strategy.

Anyway, feeling good. Temperature is a bit lower today but its pleasing once I warmed up.",2026-09-09_08-44-28_hk_1788936268.fit,558,2026-09-09T06:53:45.000Z,557.000,1394.97,165,173,79,2.257,29.41,50.821704,4.397202
2026-09-09,Running,Morning Run,"*Murakami* is right in his memoir about running that if you skip more than one day, it's a disaster. Because mind forgets the pleasure of running so its hard to convince it to do it again. However sometimes I need to write reports at 5-6AM so after that I don't have time in morning. So I need to look for optimum strategy.

Anyway, feeling good. Temperature is a bit lower today but its pleasing once I warmed up.",2026-09-09_08-44-28_hk_1788936268.fit,559,2026-09-09T06:53:46.000Z,558.000,1397.63,165,173,78,2.234,29.41,50.821722,4.39722
2026-09-09,Running,Morning Run,"*Murakami* is right in his memoir about running that if you skip more than one day, it's a disaster. Because mind forgets the pleasure of running so its hard to convince it to do it again. However sometimes I need to write reports at 5-6AM so after that I don't have time in morning. So I need to look for optimum strategy.

Anyway, feeling good. Temperature is a bit lower today but its pleasing once I warmed up.",2026-09-09_08-44-28_hk_1788936268.fit,560,2026-09-09T06:53:47.000Z,559.000,1400.29,165,173,78,2.21,29.41,50.82174,4.397238
2026-09-09,Running,Morning Run,"*Murakami* is right in his memoir about running that if you skip more than one day, it's a disaster. Because mind forgets the pleasure of running so its hard to convince it to do it again. However sometimes I need to write reports at 5-6AM so after that I don't have time in morning. So I need to look for optimum strategy.

Anyway, feeling good. Temperature is a bit lower today but its pleasing once I warmed up.",2026-09-09_08-44-28_hk_1788936268.fit,561,2026-09-09T06:53:48.000Z,560.000,1402.68,165,173,78,2.238,29.4,50.821758,4.397256
2026-09-09,Running,Morning Run,"*Murakami* is right in his memoir about running that if you skip more than one day, it's a disaster. Because mind forgets the pleasure of running so its hard to convince it to do it again. However sometimes I need to write reports at 5-6AM so after that I don't have time in morning. So I need to look for optimum strategy.

Anyway, feeling good. Temperature is a bit lower today but its pleasing once I warmed up.",2026-09-09_08-44-28_hk_1788936268.fit,562,2026-09-09T06:53:49.000Z,561.000,1405.07,165,173,78,2.29,29.4,50.821776,4.397256
2026-09-09,Running,Morning Run,"*Murakami* is right in his memoir about running that if you skip more than one day, it's a disaster. Because mind forgets the pleasure of running so its hard to convince it to do it again. However sometimes I need to write reports at 5-6AM so after that I don't have time in morning. So I need to look for optimum strategy.

Anyway, feeling good. Temperature is a bit lower today but its pleasing once I warmed up.",2026-09-09_08-44-28_hk_1788936268.fit,563,2026-09-09T06:53:50.000Z,562.000,1407.46,165,175,78,2.308,29.4,50.821794,4.397274
2026-09-09,Running,Morning Run,"*Murakami* is right in his memoir about running that if you skip more than one day, it's a disaster. Because mind forgets the pleasure of running so its hard to convince it to do it again. However sometimes I need to write reports at 5-6AM so after that I don't have time in morning. So I need to look for optimum strategy.

Anyway, feeling good. Temperature is a bit lower today but its pleasing once I warmed up.",2026-09-09_08-44-28_hk_1788936268.fit,564,2026-09-09T06:53:51.000Z,563.000,1409.2,165,175,78,2.296,29.4,50.821812,4.397292
2026-09-09,Running,Morning Run,"*Murakami* is right in his memoir about running that if you skip more than one day, it's a disaster. Because mind forgets the pleasure of running so its hard to convince it to do it again. However sometimes I need to write reports at 5-6AM so after that I don't have time in morning. So I need to look for optimum strategy.

Anyway, feeling good. Temperature is a bit lower today but its pleasing once I warmed up.",2026-09-09_08-44-28_hk_1788936268.fit,565,2026-09-09T06:53:52.000Z,564.000,1410.93,165,175,77,2.283,29.4,50.821848,4.39731
2026-09-09,Running,Morning Run,"*Murakami* is right in his memoir about running that if you skip more than one day, it's a disaster. Because mind forgets the pleasure of running so its hard to convince it to do it again. However sometimes I need to write reports at 5-6AM so after that I don't have time in morning. So I need to look for optimum strategy.

Anyway, feeling good. Temperature is a bit lower today but its pleasing once I warmed up.",2026-09-09_08-44-28_hk_1788936268.fit,566,2026-09-09T06:53:53.000Z,565.000,1412.67,165,175,77,2.26,29.4,50.821866,4.397328
2026-09-09,Running,Morning Run,"*Murakami* is right in his memoir about running that if you skip more than one day, it's a disaster. Because mind forgets the pleasure of running so its hard to convince it to do it again. However sometimes I need to write reports at 5-6AM so after that I don't have time in morning. So I need to look for optimum strategy.

Anyway, feeling good. Temperature is a bit lower today but its pleasing once I warmed up.",2026-09-09_08-44-28_hk_1788936268.fit,567,2026-09-09T06:53:54.000Z,566.000,1415.83,166,175,77,2.281,29.39,50.821884,4.397328
2026-09-09,Running,Morning Run,"*Murakami* is right in his memoir about running that if you skip more than one day, it's a disaster. Because mind forgets the pleasure of running so its hard to convince it to do it again. However sometimes I need to write reports at 5-6AM so after that I don't have time in morning. So I need to look for optimum strategy.

Anyway, feeling good. Temperature is a bit lower today but its pleasing once I warmed up.",2026-09-09_08-44-28_hk_1788936268.fit,568,2026-09-09T06:53:55.000Z,567.000,1419,166,175,76,2.325,29.39,50.821902,4.397346
2026-09-09,Running,Morning Run,"*Murakami* is right in his memoir about running that if you skip more than one day, it's a disaster. Because mind forgets the pleasure of running so its hard to convince it to do it again. However sometimes I need to write reports at 5-6AM so after that I don't have time in morning. So I need to look for optimum strategy.

Anyway, feeling good. Temperature is a bit lower today but its pleasing once I warmed up.",2026-09-09_08-44-28_hk_1788936268.fit,569,2026-09-09T06:53:56.000Z,568.000,1421.32,166,175,76,2.331,29.39,50.82192,4.397364
2026-09-09,Running,Morning Run,"*Murakami* is right in his memoir about running that if you skip more than one day, it's a disaster. Because mind forgets the pleasure of running so its hard to convince it to do it again. However sometimes I need to write reports at 5-6AM so after that I don't have time in morning. So I need to look for optimum strategy.

Anyway, feeling good. Temperature is a bit lower today but its pleasing once I warmed up.",2026-09-09_08-44-28_hk_1788936268.fit,570,2026-09-09T06:53:57.000Z,569.000,1423.64,166,175,76,2.337,29.39,50.821938,4.397382
2026-09-09,Running,Morning Run,"*Murakami* is right in his memoir about running that if you skip more than one day, it's a disaster. Because mind forgets the pleasure of running so its hard to convince it to do it again. However sometimes I need to write reports at 5-6AM so after that I don't have time in morning. So I need to look for optimum strategy.

Anyway, feeling good. Temperature is a bit lower today but its pleasing once I warmed up.",2026-09-09_08-44-28_hk_1788936268.fit,571,2026-09-09T06:53:58.000Z,570.000,1425.96,166,178,79,2.294,29.38,50.821956,4.3974
2026-09-09,Running,Morning Run,"*Murakami* is right in his memoir about running that if you skip more than one day, it's a disaster. Because mind forgets the pleasure of running so its hard to convince it to do it again. However sometimes I need to write reports at 5-6AM so after that I don't have time in morning. So I need to look for optimum strategy.

Anyway, feeling good. Temperature is a bit lower today but its pleasing once I warmed up.",2026-09-09_08-44-28_hk_1788936268.fit,572,2026-09-09T06:53:59.000Z,571.000,1428.88,166,178,79,2.277,29.38,50.821974,4.397418
2026-09-09,Running,Morning Run,"*Murakami* is right in his memoir about running that if you skip more than one day, it's a disaster. Because mind forgets the pleasure of running so its hard to convince it to do it again. However sometimes I need to write reports at 5-6AM so after that I don't have time in morning. So I need to look for optimum strategy.

Anyway, feeling good. Temperature is a bit lower today but its pleasing once I warmed up.",2026-09-09_08-44-28_hk_1788936268.fit,573,2026-09-09T06:54:00.000Z,572.000,1431.79,166,179,79,2.333,29.38,50.821992,4.397436
2026-09-09,Running,Morning Run,"*Murakami* is right in his memoir about running that if you skip more than one day, it's a disaster. Because mind forgets the pleasure of running so its hard to convince it to do it again. However sometimes I need to write reports at 5-6AM so after that I don't have time in morning. So I need to look for optimum strategy.

Anyway, feeling good. Temperature is a bit lower today but its pleasing once I warmed up.",2026-09-09_08-44-28_hk_1788936268.fit,574,2026-09-09T06:54:01.000Z,573.000,1433.17,166,179,79,2.32,29.38,50.82201,4.397436
2026-09-09,Running,Morning Run,"*Murakami* is right in his memoir about running that if you skip more than one day, it's a disaster. Because mind forgets the pleasure of running so its hard to convince it to do it again. However sometimes I need to write reports at 5-6AM so after that I don't have time in morning. So I need to look for optimum strategy.

Anyway, feeling good. Temperature is a bit lower today but its pleasing once I warmed up.",2026-09-09_08-44-28_hk_1788936268.fit,575,2026-09-09T06:54:02.000Z,574.000,1434.56,166,179,79,2.306,29.38,50.822028,4.397454
2026-09-09,Running,Morning Run,"*Murakami* is right in his memoir about running that if you skip more than one day, it's a disaster. Because mind forgets the pleasure of running so its hard to convince it to do it again. However sometimes I need to write reports at 5-6AM so after that I don't have time in morning. So I need to look for optimum strategy.

Anyway, feeling good. Temperature is a bit lower today but its pleasing once I warmed up.",2026-09-09_08-44-28_hk_1788936268.fit,576,2026-09-09T06:54:03.000Z,575.000,1435.94,164,174,79,2.266,29.37,50.822046,4.397472
2026-09-09,Running,Morning Run,"*Murakami* is right in his memoir about running that if you skip more than one day, it's a disaster. Because mind forgets the pleasure of running so its hard to convince it to do it again. However sometimes I need to write reports at 5-6AM so after that I don't have time in morning. So I need to look for optimum strategy.

Anyway, feeling good. Temperature is a bit lower today but its pleasing once I warmed up.",2026-09-09_08-44-28_hk_1788936268.fit,577,2026-09-09T06:54:04.000Z,576.000,1437,164,174,79,2.185,29.37,50.822064,4.39749
2026-09-09,Running,Morning Run,"*Murakami* is right in his memoir about running that if you skip more than one day, it's a disaster. Because mind forgets the pleasure of running so its hard to convince it to do it again. However sometimes I need to write reports at 5-6AM so after that I don't have time in morning. So I need to look for optimum strategy.

Anyway, feeling good. Temperature is a bit lower today but its pleasing once I warmed up.",2026-09-09_08-44-28_hk_1788936268.fit,578,2026-09-09T06:54:05.000Z,577.000,1438.05,164,163,79,2.138,29.37,50.822064,4.39749
2026-09-09,Running,Morning Run,"*Murakami* is right in his memoir about running that if you skip more than one day, it's a disaster. Because mind forgets the pleasure of running so its hard to convince it to do it again. However sometimes I need to write reports at 5-6AM so after that I don't have time in morning. So I need to look for optimum strategy.

Anyway, feeling good. Temperature is a bit lower today but its pleasing once I warmed up.",2026-09-09_08-44-28_hk_1788936268.fit,579,2026-09-09T06:54:06.000Z,578.000,1439.73,164,163,79,2.086,29.37,50.822082,4.397508
2026-09-09,Running,Morning Run,"*Murakami* is right in his memoir about running that if you skip more than one day, it's a disaster. Because mind forgets the pleasure of running so its hard to convince it to do it again. However sometimes I need to write reports at 5-6AM so after that I don't have time in morning. So I need to look for optimum strategy.

Anyway, feeling good. Temperature is a bit lower today but its pleasing once I warmed up.",2026-09-09_08-44-28_hk_1788936268.fit,580,2026-09-09T06:54:07.000Z,579.000,1441.41,164,163,77,2.069,29.37,50.8221,4.397508
2026-09-09,Running,Morning Run,"*Murakami* is right in his memoir about running that if you skip more than one day, it's a disaster. Because mind forgets the pleasure of running so its hard to convince it to do it again. However sometimes I need to write reports at 5-6AM so after that I don't have time in morning. So I need to look for optimum strategy.

Anyway, feeling good. Temperature is a bit lower today but its pleasing once I warmed up.",2026-09-09_08-44-28_hk_1788936268.fit,581,2026-09-09T06:54:08.000Z,580.000,1443.08,164,164,77,2.066,29.36,50.8221,4.397526
2026-09-09,Running,Morning Run,"*Murakami* is right in his memoir about running that if you skip more than one day, it's a disaster. Because mind forgets the pleasure of running so its hard to convince it to do it again. However sometimes I need to write reports at 5-6AM so after that I don't have time in morning. So I need to look for optimum strategy.

Anyway, feeling good. Temperature is a bit lower today but its pleasing once I warmed up.",2026-09-09_08-44-28_hk_1788936268.fit,582,2026-09-09T06:54:09.000Z,581.000,1445.53,165,164,77,2.107,29.36,50.822118,4.397526
2026-09-09,Running,Morning Run,"*Murakami* is right in his memoir about running that if you skip more than one day, it's a disaster. Because mind forgets the pleasure of running so its hard to convince it to do it again. However sometimes I need to write reports at 5-6AM so after that I don't have time in morning. So I need to look for optimum strategy.

Anyway, feeling good. Temperature is a bit lower today but its pleasing once I warmed up.",2026-09-09_08-44-28_hk_1788936268.fit,583,2026-09-09T06:54:10.000Z,582.000,1447.99,165,162,76,2.098,29.36,50.822136,4.397544
2026-09-09,Running,Morning Run,"*Murakami* is right in his memoir about running that if you skip more than one day, it's a disaster. Because mind forgets the pleasure of running so its hard to convince it to do it again. However sometimes I need to write reports at 5-6AM so after that I don't have time in morning. So I need to look for optimum strategy.

Anyway, feeling good. Temperature is a bit lower today but its pleasing once I warmed up.",2026-09-09_08-44-28_hk_1788936268.fit,584,2026-09-09T06:54:11.000Z,583.000,1449.62,165,162,76,2.08,29.36,50.822154,4.397562
2026-09-09,Running,Morning Run,"*Murakami* is right in his memoir about running that if you skip more than one day, it's a disaster. Because mind forgets the pleasure of running so its hard to convince it to do it again. However sometimes I need to write reports at 5-6AM so after that I don't have time in morning. So I need to look for optimum strategy.

Anyway, feeling good. Temperature is a bit lower today but its pleasing once I warmed up.",2026-09-09_08-44-28_hk_1788936268.fit,585,2026-09-09T06:54:12.000Z,584.000,1451.24,165,162,76,2.038,29.36,50.822172,4.397562
2026-09-09,Running,Morning Run,"*Murakami* is right in his memoir about running that if you skip more than one day, it's a disaster. Because mind forgets the pleasure of running so its hard to convince it to do it again. However sometimes I need to write reports at 5-6AM so after that I don't have time in morning. So I need to look for optimum strategy.

Anyway, feeling good. Temperature is a bit lower today but its pleasing once I warmed up.",2026-09-09_08-44-28_hk_1788936268.fit,586,2026-09-09T06:54:13.000Z,585.000,1452.87,165,161,79,2.008,29.36,50.82219,4.39758
2026-09-09,Running,Morning Run,"*Murakami* is right in his memoir about running that if you skip more than one day, it's a disaster. Because mind forgets the pleasure of running so its hard to convince it to do it again. However sometimes I need to write reports at 5-6AM so after that I don't have time in morning. So I need to look for optimum strategy.

Anyway, feeling good. Temperature is a bit lower today but its pleasing once I warmed up.",2026-09-09_08-44-28_hk_1788936268.fit,587,2026-09-09T06:54:14.000Z,586.000,1454.8,164,161,79,2.005,29.36,50.822208,4.397598
2026-09-09,Running,Morning Run,"*Murakami* is right in his memoir about running that if you skip more than one day, it's a disaster. Because mind forgets the pleasure of running so its hard to convince it to do it again. However sometimes I need to write reports at 5-6AM so after that I don't have time in morning. So I need to look for optimum strategy.

Anyway, feeling good. Temperature is a bit lower today but its pleasing once I warmed up.",2026-09-09_08-44-28_hk_1788936268.fit,588,2026-09-09T06:54:15.000Z,587.000,1456.72,164,161,79,1.987,29.36,50.822226,4.397598
2026-09-09,Running,Morning Run,"*Murakami* is right in his memoir about running that if you skip more than one day, it's a disaster. Because mind forgets the pleasure of running so its hard to convince it to do it again. However sometimes I need to write reports at 5-6AM so after that I don't have time in morning. So I need to look for optimum strategy.

Anyway, feeling good. Temperature is a bit lower today but its pleasing once I warmed up.",2026-09-09_08-44-28_hk_1788936268.fit,589,2026-09-09T06:54:16.000Z,588.000,1458.65,164,163,77,1.969,29.36,50.822244,4.397616
2026-09-09,Running,Morning Run,"*Murakami* is right in his memoir about running that if you skip more than one day, it's a disaster. Because mind forgets the pleasure of running so its hard to convince it to do it again. However sometimes I need to write reports at 5-6AM so after that I don't have time in morning. So I need to look for optimum strategy.

Anyway, feeling good. Temperature is a bit lower today but its pleasing once I warmed up.",2026-09-09_08-44-28_hk_1788936268.fit,590,2026-09-09T06:54:17.000Z,589.000,1461.03,164,163,77,2.004,29.36,50.822262,4.397652
2026-09-09,Running,Morning Run,"*Murakami* is right in his memoir about running that if you skip more than one day, it's a disaster. Because mind forgets the pleasure of running so its hard to convince it to do it again. However sometimes I need to write reports at 5-6AM so after that I don't have time in morning. So I need to look for optimum strategy.

Anyway, feeling good. Temperature is a bit lower today but its pleasing once I warmed up.",2026-09-09_08-44-28_hk_1788936268.fit,591,2026-09-09T06:54:18.000Z,590.000,1463.41,164,161,77,2.03,29.36,50.82228,4.39767
2026-09-09,Running,Morning Run,"*Murakami* is right in his memoir about running that if you skip more than one day, it's a disaster. Because mind forgets the pleasure of running so its hard to convince it to do it again. However sometimes I need to write reports at 5-6AM so after that I don't have time in morning. So I need to look for optimum strategy.

Anyway, feeling good. Temperature is a bit lower today but its pleasing once I warmed up.",2026-09-09_08-44-28_hk_1788936268.fit,592,2026-09-09T06:54:19.000Z,591.000,1465.53,164,161,79,2.033,29.36,50.822298,4.397688
2026-09-09,Running,Morning Run,"*Murakami* is right in his memoir about running that if you skip more than one day, it's a disaster. Because mind forgets the pleasure of running so its hard to convince it to do it again. However sometimes I need to write reports at 5-6AM so after that I don't have time in morning. So I need to look for optimum strategy.

Anyway, feeling good. Temperature is a bit lower today but its pleasing once I warmed up.",2026-09-09_08-44-28_hk_1788936268.fit,593,2026-09-09T06:54:20.000Z,592.000,1467.65,164,161,79,1.993,29.36,50.822316,4.397724
2026-09-09,Running,Morning Run,"*Murakami* is right in his memoir about running that if you skip more than one day, it's a disaster. Because mind forgets the pleasure of running so its hard to convince it to do it again. However sometimes I need to write reports at 5-6AM so after that I don't have time in morning. So I need to look for optimum strategy.

Anyway, feeling good. Temperature is a bit lower today but its pleasing once I warmed up.",2026-09-09_08-44-28_hk_1788936268.fit,594,2026-09-09T06:54:21.000Z,593.000,1469.78,164,163,79,1.953,29.36,50.822334,4.397742
2026-09-09,Running,Morning Run,"*Murakami* is right in his memoir about running that if you skip more than one day, it's a disaster. Because mind forgets the pleasure of running so its hard to convince it to do it again. However sometimes I need to write reports at 5-6AM so after that I don't have time in morning. So I need to look for optimum strategy.

Anyway, feeling good. Temperature is a bit lower today but its pleasing once I warmed up.",2026-09-09_08-44-28_hk_1788936268.fit,595,2026-09-09T06:54:22.000Z,594.000,1472.94,164,163,77,1.985,29.36,50.822352,4.397778
2026-09-09,Running,Morning Run,"*Murakami* is right in his memoir about running that if you skip more than one day, it's a disaster. Because mind forgets the pleasure of running so its hard to convince it to do it again. However sometimes I need to write reports at 5-6AM so after that I don't have time in morning. So I need to look for optimum strategy.

Anyway, feeling good. Temperature is a bit lower today but its pleasing once I warmed up.",2026-09-09_08-44-28_hk_1788936268.fit,596,2026-09-09T06:54:23.000Z,595.000,1476.11,164,165,77,2.006,29.36,50.82237,4.397814
2026-09-09,Running,Morning Run,"*Murakami* is right in his memoir about running that if you skip more than one day, it's a disaster. Because mind forgets the pleasure of running so its hard to convince it to do it again. However sometimes I need to write reports at 5-6AM so after that I don't have time in morning. So I need to look for optimum strategy.

Anyway, feeling good. Temperature is a bit lower today but its pleasing once I warmed up.",2026-09-09_08-44-28_hk_1788936268.fit,597,2026-09-09T06:54:24.000Z,596.000,1478.27,164,165,77,2.012,29.36,50.822388,4.397832
2026-09-09,Running,Morning Run,"*Murakami* is right in his memoir about running that if you skip more than one day, it's a disaster. Because mind forgets the pleasure of running so its hard to convince it to do it again. However sometimes I need to write reports at 5-6AM so after that I don't have time in morning. So I need to look for optimum strategy.

Anyway, feeling good. Temperature is a bit lower today but its pleasing once I warmed up.",2026-09-09_08-44-28_hk_1788936268.fit,598,2026-09-09T06:54:25.000Z,597.000,1480.43,164,165,78,1.983,29.36,50.822406,4.397868
2026-09-09,Running,Morning Run,"*Murakami* is right in his memoir about running that if you skip more than one day, it's a disaster. Because mind forgets the pleasure of running so its hard to convince it to do it again. However sometimes I need to write reports at 5-6AM so after that I don't have time in morning. So I need to look for optimum strategy.

Anyway, feeling good. Temperature is a bit lower today but its pleasing once I warmed up.",2026-09-09_08-44-28_hk_1788936268.fit,599,2026-09-09T06:54:26.000Z,598.000,1482.59,164,168,78,1.954,29.36,50.822424,4.397886
2026-09-09,Running,Morning Run,"*Murakami* is right in his memoir about running that if you skip more than one day, it's a disaster. Because mind forgets the pleasure of running so its hard to convince it to do it again. However sometimes I need to write reports at 5-6AM so after that I don't have time in morning. So I need to look for optimum strategy.

Anyway, feeling good. Temperature is a bit lower today but its pleasing once I warmed up.",2026-09-09_08-44-28_hk_1788936268.fit,600,2026-09-09T06:54:27.000Z,599.000,1485.88,164,168,78,2.053,29.36,50.822442,4.397922
2026-09-09,Running,Morning Run,"*Murakami* is right in his memoir about running that if you skip more than one day, it's a disaster. Because mind forgets the pleasure of running so its hard to convince it to do it again. However sometimes I need to write reports at 5-6AM so after that I don't have time in morning. So I need to look for optimum strategy.

Anyway, feeling good. Temperature is a bit lower today but its pleasing once I warmed up.",2026-09-09_08-44-28_hk_1788936268.fit,601,2026-09-09T06:54:28.000Z,600.000,1489.17,164,170,79,2.223,29.36,50.82246,4.39794
2026-09-09,Running,Morning Run,"*Murakami* is right in his memoir about running that if you skip more than one day, it's a disaster. Because mind forgets the pleasure of running so its hard to convince it to do it again. However sometimes I need to write reports at 5-6AM so after that I don't have time in morning. So I need to look for optimum strategy.

Anyway, feeling good. Temperature is a bit lower today but its pleasing once I warmed up.",2026-09-09_08-44-28_hk_1788936268.fit,602,2026-09-09T06:54:29.000Z,601.000,1491.02,164,170,79,2.23,29.36,50.822478,4.397976
2026-09-09,Running,Morning Run,"*Murakami* is right in his memoir about running that if you skip more than one day, it's a disaster. Because mind forgets the pleasure of running so its hard to convince it to do it again. However sometimes I need to write reports at 5-6AM so after that I don't have time in morning. So I need to look for optimum strategy.

Anyway, feeling good. Temperature is a bit lower today but its pleasing once I warmed up.",2026-09-09_08-44-28_hk_1788936268.fit,603,2026-09-09T06:54:30.000Z,602.000,1492.88,164,170,79,2.238,29.37,50.822496,4.397994
2026-09-09,Running,Morning Run,"*Murakami* is right in his memoir about running that if you skip more than one day, it's a disaster. Because mind forgets the pleasure of running so its hard to convince it to do it again. However sometimes I need to write reports at 5-6AM so after that I don't have time in morning. So I need to look for optimum strategy.

Anyway, feeling good. Temperature is a bit lower today but its pleasing once I warmed up.",2026-09-09_08-44-28_hk_1788936268.fit,604,2026-09-09T06:54:31.000Z,603.000,1494.73,164,171,76,2.245,29.37,50.822514,4.39803
2026-09-09,Running,Morning Run,"*Murakami* is right in his memoir about running that if you skip more than one day, it's a disaster. Because mind forgets the pleasure of running so its hard to convince it to do it again. However sometimes I need to write reports at 5-6AM so after that I don't have time in morning. So I need to look for optimum strategy.

Anyway, feeling good. Temperature is a bit lower today but its pleasing once I warmed up.",2026-09-09_08-44-28_hk_1788936268.fit,605,2026-09-09T06:54:32.000Z,604.000,1496.97,164,171,76,2.236,29.37,50.822532,4.398048
2026-09-09,Running,Morning Run,"*Murakami* is right in his memoir about running that if you skip more than one day, it's a disaster. Because mind forgets the pleasure of running so its hard to convince it to do it again. However sometimes I need to write reports at 5-6AM so after that I don't have time in morning. So I need to look for optimum strategy.

Anyway, feeling good. Temperature is a bit lower today but its pleasing once I warmed up.",2026-09-09_08-44-28_hk_1788936268.fit,606,2026-09-09T06:54:33.000Z,605.000,1499.21,164,171,76,2.227,29.37,50.82255,4.398084
2026-09-09,Running,Morning Run,"*Murakami* is right in his memoir about running that if you skip more than one day, it's a disaster. Because mind forgets the pleasure of running so its hard to convince it to do it again. However sometimes I need to write reports at 5-6AM so after that I don't have time in morning. So I need to look for optimum strategy.

Anyway, feeling good. Temperature is a bit lower today but its pleasing once I warmed up.",2026-09-09_08-44-28_hk_1788936268.fit,607,2026-09-09T06:54:34.000Z,606.000,1501.44,164,174,79,2.282,29.38,50.822568,4.398102
2026-09-09,Running,Morning Run,"*Murakami* is right in his memoir about running that if you skip more than one day, it's a disaster. Because mind forgets the pleasure of running so its hard to convince it to do it again. However sometimes I need to write reports at 5-6AM so after that I don't have time in morning. So I need to look for optimum strategy.

Anyway, feeling good. Temperature is a bit lower today but its pleasing once I warmed up.",2026-09-09_08-44-28_hk_1788936268.fit,608,2026-09-09T06:54:35.000Z,607.000,1504.83,164,174,79,2.382,29.38,50.822586,4.398138
2026-09-09,Running,Morning Run,"*Murakami* is right in his memoir about running that if you skip more than one day, it's a disaster. Because mind forgets the pleasure of running so its hard to convince it to do it again. However sometimes I need to write reports at 5-6AM so after that I don't have time in morning. So I need to look for optimum strategy.

Anyway, feeling good. Temperature is a bit lower today but its pleasing once I warmed up.",2026-09-09_08-44-28_hk_1788936268.fit,609,2026-09-09T06:54:36.000Z,608.000,1508.21,164,175,79,2.452,29.38,50.822604,4.398156
2026-09-09,Running,Morning Run,"*Murakami* is right in his memoir about running that if you skip more than one day, it's a disaster. Because mind forgets the pleasure of running so its hard to convince it to do it again. However sometimes I need to write reports at 5-6AM so after that I don't have time in morning. So I need to look for optimum strategy.

Anyway, feeling good. Temperature is a bit lower today but its pleasing once I warmed up.",2026-09-09_08-44-28_hk_1788936268.fit,610,2026-09-09T06:54:37.000Z,609.000,1510.46,164,175,79,2.467,29.38,50.822622,4.398192
2026-09-09,Running,Morning Run,"*Murakami* is right in his memoir about running that if you skip more than one day, it's a disaster. Because mind forgets the pleasure of running so its hard to convince it to do it again. However sometimes I need to write reports at 5-6AM so after that I don't have time in morning. So I need to look for optimum strategy.

Anyway, feeling good. Temperature is a bit lower today but its pleasing once I warmed up.",2026-09-09_08-44-28_hk_1788936268.fit,611,2026-09-09T06:54:38.000Z,610.000,1512.7,164,175,79,2.461,29.39,50.82264,4.39821
2026-09-09,Running,Morning Run,"*Murakami* is right in his memoir about running that if you skip more than one day, it's a disaster. Because mind forgets the pleasure of running so its hard to convince it to do it again. However sometimes I need to write reports at 5-6AM so after that I don't have time in morning. So I need to look for optimum strategy.

Anyway, feeling good. Temperature is a bit lower today but its pleasing once I warmed up.",2026-09-09_08-44-28_hk_1788936268.fit,612,2026-09-09T06:54:39.000Z,611.000,1514.95,164,176,79,2.454,29.39,50.822658,4.398246
2026-09-09,Running,Morning Run,"*Murakami* is right in his memoir about running that if you skip more than one day, it's a disaster. Because mind forgets the pleasure of running so its hard to convince it to do it again. However sometimes I need to write reports at 5-6AM so after that I don't have time in morning. So I need to look for optimum strategy.

Anyway, feeling good. Temperature is a bit lower today but its pleasing once I warmed up.",2026-09-09_08-44-28_hk_1788936268.fit,613,2026-09-09T06:54:40.000Z,612.000,1517.9,164,176,79,2.512,29.39,50.822658,4.398264
2026-09-09,Running,Morning Run,"*Murakami* is right in his memoir about running that if you skip more than one day, it's a disaster. Because mind forgets the pleasure of running so its hard to convince it to do it again. However sometimes I need to write reports at 5-6AM so after that I don't have time in morning. So I need to look for optimum strategy.

Anyway, feeling good. Temperature is a bit lower today but its pleasing once I warmed up.",2026-09-09_08-44-28_hk_1788936268.fit,614,2026-09-09T06:54:41.000Z,613.000,1520.85,164,178,79,2.554,29.39,50.822676,4.398282
2026-09-09,Running,Morning Run,"*Murakami* is right in his memoir about running that if you skip more than one day, it's a disaster. Because mind forgets the pleasure of running so its hard to convince it to do it again. However sometimes I need to write reports at 5-6AM so after that I don't have time in morning. So I need to look for optimum strategy.

Anyway, feeling good. Temperature is a bit lower today but its pleasing once I warmed up.",2026-09-09_08-44-28_hk_1788936268.fit,615,2026-09-09T06:54:42.000Z,614.000,1522.91,164,178,79,2.53,29.39,50.822694,4.398318
2026-09-09,Running,Morning Run,"*Murakami* is right in his memoir about running that if you skip more than one day, it's a disaster. Because mind forgets the pleasure of running so its hard to convince it to do it again. However sometimes I need to write reports at 5-6AM so after that I don't have time in morning. So I need to look for optimum strategy.

Anyway, feeling good. Temperature is a bit lower today but its pleasing once I warmed up.",2026-09-09_08-44-28_hk_1788936268.fit,616,2026-09-09T06:54:43.000Z,615.000,1524.97,165,178,79,2.478,29.39,50.822712,4.398336
2026-09-09,Running,Morning Run,"*Murakami* is right in his memoir about running that if you skip more than one day, it's a disaster. Because mind forgets the pleasure of running so its hard to convince it to do it again. However sometimes I need to write reports at 5-6AM so after that I don't have time in morning. So I need to look for optimum strategy.

Anyway, feeling good. Temperature is a bit lower today but its pleasing once I warmed up.",2026-09-09_08-44-28_hk_1788936268.fit,617,2026-09-09T06:54:44.000Z,616.000,1527.03,165,180,79,2.425,29.39,50.82273,4.398372
2026-09-09,Running,Morning Run,"*Murakami* is right in his memoir about running that if you skip more than one day, it's a disaster. Because mind forgets the pleasure of running so its hard to convince it to do it again. However sometimes I need to write reports at 5-6AM so after that I don't have time in morning. So I need to look for optimum strategy.

Anyway, feeling good. Temperature is a bit lower today but its pleasing once I warmed up.",2026-09-09_08-44-28_hk_1788936268.fit,618,2026-09-09T06:54:45.000Z,617.000,1530.69,165,180,79,2.513,29.4,50.822748,4.39839
2026-09-09,Running,Morning Run,"*Murakami* is right in his memoir about running that if you skip more than one day, it's a disaster. Because mind forgets the pleasure of running so its hard to convince it to do it again. However sometimes I need to write reports at 5-6AM so after that I don't have time in morning. So I need to look for optimum strategy.

Anyway, feeling good. Temperature is a bit lower today but its pleasing once I warmed up.",2026-09-09_08-44-28_hk_1788936268.fit,619,2026-09-09T06:54:46.000Z,618.000,1534.34,165,180,79,2.588,29.4,50.822766,4.398426
2026-09-09,Running,Morning Run,"*Murakami* is right in his memoir about running that if you skip more than one day, it's a disaster. Because mind forgets the pleasure of running so its hard to convince it to do it again. However sometimes I need to write reports at 5-6AM so after that I don't have time in morning. So I need to look for optimum strategy.

Anyway, feeling good. Temperature is a bit lower today but its pleasing once I warmed up.",2026-09-09_08-44-28_hk_1788936268.fit,620,2026-09-09T06:54:47.000Z,619.000,1536.72,165,180,79,2.542,29.4,50.822784,4.398444
2026-09-09,Running,Morning Run,"*Murakami* is right in his memoir about running that if you skip more than one day, it's a disaster. Because mind forgets the pleasure of running so its hard to convince it to do it again. However sometimes I need to write reports at 5-6AM so after that I don't have time in morning. So I need to look for optimum strategy.

Anyway, feeling good. Temperature is a bit lower today but its pleasing once I warmed up.",2026-09-09_08-44-28_hk_1788936268.fit,621,2026-09-09T06:54:48.000Z,620.000,1539.09,165,180,79,2.534,29.4,50.822802,4.39848
2026-09-09,Running,Morning Run,"*Murakami* is right in his memoir about running that if you skip more than one day, it's a disaster. Because mind forgets the pleasure of running so its hard to convince it to do it again. However sometimes I need to write reports at 5-6AM so after that I don't have time in morning. So I need to look for optimum strategy.

Anyway, feeling good. Temperature is a bit lower today but its pleasing once I warmed up.",2026-09-09_08-44-28_hk_1788936268.fit,622,2026-09-09T06:54:49.000Z,621.000,1541.47,165,182,79,2.522,29.4,50.82282,4.398498
2026-09-09,Running,Morning Run,"*Murakami* is right in his memoir about running that if you skip more than one day, it's a disaster. Because mind forgets the pleasure of running so its hard to convince it to do it again. However sometimes I need to write reports at 5-6AM so after that I don't have time in morning. So I need to look for optimum strategy.

Anyway, feeling good. Temperature is a bit lower today but its pleasing once I warmed up.",2026-09-09_08-44-28_hk_1788936268.fit,623,2026-09-09T06:54:50.000Z,622.000,1544.15,165,182,79,2.564,29.39,50.822838,4.398516
2026-09-09,Running,Morning Run,"*Murakami* is right in his memoir about running that if you skip more than one day, it's a disaster. Because mind forgets the pleasure of running so its hard to convince it to do it again. However sometimes I need to write reports at 5-6AM so after that I don't have time in morning. So I need to look for optimum strategy.

Anyway, feeling good. Temperature is a bit lower today but its pleasing once I warmed up.",2026-09-09_08-44-28_hk_1788936268.fit,624,2026-09-09T06:54:51.000Z,623.000,1546.84,165,180,79,2.606,29.39,50.822856,4.398552
2026-09-09,Running,Morning Run,"*Murakami* is right in his memoir about running that if you skip more than one day, it's a disaster. Because mind forgets the pleasure of running so its hard to convince it to do it again. However sometimes I need to write reports at 5-6AM so after that I don't have time in morning. So I need to look for optimum strategy.

Anyway, feeling good. Temperature is a bit lower today but its pleasing once I warmed up.",2026-09-09_08-44-28_hk_1788936268.fit,625,2026-09-09T06:54:52.000Z,624.000,1548.59,165,180,79,2.581,29.39,50.822874,4.39857
2026-09-09,Running,Morning Run,"*Murakami* is right in his memoir about running that if you skip more than one day, it's a disaster. Because mind forgets the pleasure of running so its hard to convince it to do it again. However sometimes I need to write reports at 5-6AM so after that I don't have time in morning. So I need to look for optimum strategy.

Anyway, feeling good. Temperature is a bit lower today but its pleasing once I warmed up.",2026-09-09_08-44-28_hk_1788936268.fit,626,2026-09-09T06:54:53.000Z,625.000,1550.35,165,180,79,2.557,29.39,50.822892,4.398588
2026-09-09,Running,Morning Run,"*Murakami* is right in his memoir about running that if you skip more than one day, it's a disaster. Because mind forgets the pleasure of running so its hard to convince it to do it again. However sometimes I need to write reports at 5-6AM so after that I don't have time in morning. So I need to look for optimum strategy.

Anyway, feeling good. Temperature is a bit lower today but its pleasing once I warmed up.",2026-09-09_08-44-28_hk_1788936268.fit,627,2026-09-09T06:54:54.000Z,626.000,1552.1,165,178,79,2.533,29.39,50.82291,4.398624
2026-09-09,Running,Morning Run,"*Murakami* is right in his memoir about running that if you skip more than one day, it's a disaster. Because mind forgets the pleasure of running so its hard to convince it to do it again. However sometimes I need to write reports at 5-6AM so after that I don't have time in morning. So I need to look for optimum strategy.

Anyway, feeling good. Temperature is a bit lower today but its pleasing once I warmed up.",2026-09-09_08-44-28_hk_1788936268.fit,628,2026-09-09T06:54:55.000Z,627.000,1553.49,164,178,79,2.478,29.39,50.822928,4.398642
2026-09-09,Running,Morning Run,"*Murakami* is right in his memoir about running that if you skip more than one day, it's a disaster. Because mind forgets the pleasure of running so its hard to convince it to do it again. However sometimes I need to write reports at 5-6AM so after that I don't have time in morning. So I need to look for optimum strategy.

Anyway, feeling good. Temperature is a bit lower today but its pleasing once I warmed up.",2026-09-09_08-44-28_hk_1788936268.fit,629,2026-09-09T06:54:56.000Z,628.000,1554.87,164,178,79,2.383,29.39,50.822928,4.39866
2026-09-09,Running,Morning Run,"*Murakami* is right in his memoir about running that if you skip more than one day, it's a disaster. Because mind forgets the pleasure of running so its hard to convince it to do it again. However sometimes I need to write reports at 5-6AM so after that I don't have time in morning. So I need to look for optimum strategy.

Anyway, feeling good. Temperature is a bit lower today but its pleasing once I warmed up.",2026-09-09_08-44-28_hk_1788936268.fit,630,2026-09-09T06:54:57.000Z,629.000,1556.26,164,172,79,2.338,29.39,50.822946,4.398678
2026-09-09,Running,Morning Run,"*Murakami* is right in his memoir about running that if you skip more than one day, it's a disaster. Because mind forgets the pleasure of running so its hard to convince it to do it again. However sometimes I need to write reports at 5-6AM so after that I don't have time in morning. So I need to look for optimum strategy.

Anyway, feeling good. Temperature is a bit lower today but its pleasing once I warmed up.",2026-09-09_08-44-28_hk_1788936268.fit,631,2026-09-09T06:54:58.000Z,630.000,1558.51,164,172,77,2.286,29.39,50.822946,4.398696
2026-09-09,Running,Morning Run,"*Murakami* is right in his memoir about running that if you skip more than one day, it's a disaster. Because mind forgets the pleasure of running so its hard to convince it to do it again. However sometimes I need to write reports at 5-6AM so after that I don't have time in morning. So I need to look for optimum strategy.

Anyway, feeling good. Temperature is a bit lower today but its pleasing once I warmed up.",2026-09-09_08-44-28_hk_1788936268.fit,632,2026-09-09T06:54:59.000Z,631.000,1560.76,164,169,77,2.287,29.38,50.822964,4.398714
2026-09-09,Running,Morning Run,"*Murakami* is right in his memoir about running that if you skip more than one day, it's a disaster. Because mind forgets the pleasure of running so its hard to convince it to do it again. However sometimes I need to write reports at 5-6AM so after that I don't have time in morning. So I need to look for optimum strategy.

Anyway, feeling good. Temperature is a bit lower today but its pleasing once I warmed up.",2026-09-09_08-44-28_hk_1788936268.fit,633,2026-09-09T06:55:00.000Z,632.000,1562.83,164,169,77,2.278,29.38,50.822964,4.39875
2026-09-09,Running,Morning Run,"*Murakami* is right in his memoir about running that if you skip more than one day, it's a disaster. Because mind forgets the pleasure of running so its hard to convince it to do it again. However sometimes I need to write reports at 5-6AM so after that I don't have time in morning. So I need to look for optimum strategy.

Anyway, feeling good. Temperature is a bit lower today but its pleasing once I warmed up.",2026-09-09_08-44-28_hk_1788936268.fit,634,2026-09-09T06:55:01.000Z,633.000,1564.89,164,169,79,2.269,29.38,50.822982,4.398768
2026-09-09,Running,Morning Run,"*Murakami* is right in his memoir about running that if you skip more than one day, it's a disaster. Because mind forgets the pleasure of running so its hard to convince it to do it again. However sometimes I need to write reports at 5-6AM so after that I don't have time in morning. So I need to look for optimum strategy.

Anyway, feeling good. Temperature is a bit lower today but its pleasing once I warmed up.",2026-09-09_08-44-28_hk_1788936268.fit,635,2026-09-09T06:55:02.000Z,634.000,1566.95,164,169,79,2.261,29.38,50.822982,4.398786
2026-09-09,Running,Morning Run,"*Murakami* is right in his memoir about running that if you skip more than one day, it's a disaster. Because mind forgets the pleasure of running so its hard to convince it to do it again. However sometimes I need to write reports at 5-6AM so after that I don't have time in morning. So I need to look for optimum strategy.

Anyway, feeling good. Temperature is a bit lower today but its pleasing once I warmed up.",2026-09-09_08-44-28_hk_1788936268.fit,636,2026-09-09T06:55:03.000Z,635.000,1570.83,164,169,79,2.301,29.38,50.822982,4.398822
2026-09-09,Running,Morning Run,"*Murakami* is right in his memoir about running that if you skip more than one day, it's a disaster. Because mind forgets the pleasure of running so its hard to convince it to do it again. However sometimes I need to write reports at 5-6AM so after that I don't have time in morning. So I need to look for optimum strategy.

Anyway, feeling good. Temperature is a bit lower today but its pleasing once I warmed up.",2026-09-09_08-44-28_hk_1788936268.fit,637,2026-09-09T06:55:04.000Z,636.000,1574.71,164,173,76,2.354,29.37,50.822982,4.39884
2026-09-09,Running,Morning Run,"*Murakami* is right in his memoir about running that if you skip more than one day, it's a disaster. Because mind forgets the pleasure of running so its hard to convince it to do it again. However sometimes I need to write reports at 5-6AM so after that I don't have time in morning. So I need to look for optimum strategy.

Anyway, feeling good. Temperature is a bit lower today but its pleasing once I warmed up.",2026-09-09_08-44-28_hk_1788936268.fit,638,2026-09-09T06:55:05.000Z,637.000,1577.1,164,173,76,2.384,29.37,50.823,4.398876
2026-09-09,Running,Morning Run,"*Murakami* is right in his memoir about running that if you skip more than one day, it's a disaster. Because mind forgets the pleasure of running so its hard to convince it to do it again. However sometimes I need to write reports at 5-6AM so after that I don't have time in morning. So I need to look for optimum strategy.

Anyway, feeling good. Temperature is a bit lower today but its pleasing once I warmed up.",2026-09-09_08-44-28_hk_1788936268.fit,639,2026-09-09T06:55:06.000Z,638.000,1579.49,164,173,76,2.384,29.37,50.823,4.398912
2026-09-09,Running,Morning Run,"*Murakami* is right in his memoir about running that if you skip more than one day, it's a disaster. Because mind forgets the pleasure of running so its hard to convince it to do it again. However sometimes I need to write reports at 5-6AM so after that I don't have time in morning. So I need to look for optimum strategy.

Anyway, feeling good. Temperature is a bit lower today but its pleasing once I warmed up.",2026-09-09_08-44-28_hk_1788936268.fit,640,2026-09-09T06:55:07.000Z,639.000,1581.88,164,175,76,2.327,29.37,50.823,4.398948
2026-09-09,Running,Morning Run,"*Murakami* is right in his memoir about running that if you skip more than one day, it's a disaster. Because mind forgets the pleasure of running so its hard to convince it to do it again. However sometimes I need to write reports at 5-6AM so after that I don't have time in morning. So I need to look for optimum strategy.

Anyway, feeling good. Temperature is a bit lower today but its pleasing once I warmed up.",2026-09-09_08-44-28_hk_1788936268.fit,641,2026-09-09T06:55:08.000Z,640.000,1583.64,164,175,76,2.303,29.37,50.823018,4.398984
2026-09-09,Running,Morning Run,"*Murakami* is right in his memoir about running that if you skip more than one day, it's a disaster. Because mind forgets the pleasure of running so its hard to convince it to do it again. However sometimes I need to write reports at 5-6AM so after that I don't have time in morning. So I need to look for optimum strategy.

Anyway, feeling good. Temperature is a bit lower today but its pleasing once I warmed up.",2026-09-09_08-44-28_hk_1788936268.fit,642,2026-09-09T06:55:09.000Z,641.000,1585.41,164,168,76,2.22,29.37,50.823018,4.399002
2026-09-09,Running,Morning Run,"*Murakami* is right in his memoir about running that if you skip more than one day, it's a disaster. Because mind forgets the pleasure of running so its hard to convince it to do it again. However sometimes I need to write reports at 5-6AM so after that I don't have time in morning. So I need to look for optimum strategy.

Anyway, feeling good. Temperature is a bit lower today but its pleasing once I warmed up.",2026-09-09_08-44-28_hk_1788936268.fit,643,2026-09-09T06:55:10.000Z,642.000,1587.35,164,168,76,2.202,29.37,50.823036,4.39902
2026-09-09,Running,Morning Run,"*Murakami* is right in his memoir about running that if you skip more than one day, it's a disaster. Because mind forgets the pleasure of running so its hard to convince it to do it again. However sometimes I need to write reports at 5-6AM so after that I don't have time in morning. So I need to look for optimum strategy.

Anyway, feeling good. Temperature is a bit lower today but its pleasing once I warmed up.",2026-09-09_08-44-28_hk_1788936268.fit,644,2026-09-09T06:55:11.000Z,643.000,1589.29,164,168,76,2.183,29.37,50.823054,4.399038
2026-09-09,Running,Morning Run,"*Murakami* is right in his memoir about running that if you skip more than one day, it's a disaster. Because mind forgets the pleasure of running so its hard to convince it to do it again. However sometimes I need to write reports at 5-6AM so after that I don't have time in morning. So I need to look for optimum strategy.

Anyway, feeling good. Temperature is a bit lower today but its pleasing once I warmed up.",2026-09-09_08-44-28_hk_1788936268.fit,645,2026-09-09T06:55:12.000Z,644.000,1591.23,164,167,76,2.173,29.37,50.823072,4.399056
2026-09-09,Running,Morning Run,"*Murakami* is right in his memoir about running that if you skip more than one day, it's a disaster. Because mind forgets the pleasure of running so its hard to convince it to do it again. However sometimes I need to write reports at 5-6AM so after that I don't have time in morning. So I need to look for optimum strategy.

Anyway, feeling good. Temperature is a bit lower today but its pleasing once I warmed up.",2026-09-09_08-44-28_hk_1788936268.fit,646,2026-09-09T06:55:13.000Z,645.000,1594.61,164,167,78,2.194,29.37,50.823072,4.399092
2026-09-09,Running,Morning Run,"*Murakami* is right in his memoir about running that if you skip more than one day, it's a disaster. Because mind forgets the pleasure of running so its hard to convince it to do it again. However sometimes I need to write reports at 5-6AM so after that I don't have time in morning. So I need to look for optimum strategy.

Anyway, feeling good. Temperature is a bit lower today but its pleasing once I warmed up.",2026-09-09_08-44-28_hk_1788936268.fit,647,2026-09-09T06:55:14.000Z,646.000,1597.99,164,165,78,2.224,29.37,50.82309,4.39911
2026-09-09,Running,Morning Run,"*Murakami* is right in his memoir about running that if you skip more than one day, it's a disaster. Because mind forgets the pleasure of running so its hard to convince it to do it again. However sometimes I need to write reports at 5-6AM so after that I don't have time in morning. So I need to look for optimum strategy.

Anyway, feeling good. Temperature is a bit lower today but its pleasing once I warmed up.",2026-09-09_08-44-28_hk_1788936268.fit,648,2026-09-09T06:55:15.000Z,647.000,1600.13,164,165,78,2.241,29.37,50.823108,4.399128
2026-09-09,Running,Morning Run,"*Murakami* is right in his memoir about running that if you skip more than one day, it's a disaster. Because mind forgets the pleasure of running so its hard to convince it to do it again. However sometimes I need to write reports at 5-6AM so after that I don't have time in morning. So I need to look for optimum strategy.

Anyway, feeling good. Temperature is a bit lower today but its pleasing once I warmed up.",2026-09-09_08-44-28_hk_1788936268.fit,649,2026-09-09T06:55:16.000Z,648.000,1602.27,164,165,77,2.28,29.37,50.823126,4.399146
2026-09-09,Running,Morning Run,"*Murakami* is right in his memoir about running that if you skip more than one day, it's a disaster. Because mind forgets the pleasure of running so its hard to convince it to do it again. However sometimes I need to write reports at 5-6AM so after that I don't have time in morning. So I need to look for optimum strategy.

Anyway, feeling good. Temperature is a bit lower today but its pleasing once I warmed up.",2026-09-09_08-44-28_hk_1788936268.fit,650,2026-09-09T06:55:17.000Z,649.000,1604.4,164,169,77,2.314,29.37,50.823144,4.399164
2026-09-09,Running,Morning Run,"*Murakami* is right in his memoir about running that if you skip more than one day, it's a disaster. Because mind forgets the pleasure of running so its hard to convince it to do it again. However sometimes I need to write reports at 5-6AM so after that I don't have time in morning. So I need to look for optimum strategy.

Anyway, feeling good. Temperature is a bit lower today but its pleasing once I warmed up.",2026-09-09_08-44-28_hk_1788936268.fit,651,2026-09-09T06:55:18.000Z,650.000,1607.81,164,169,77,2.455,29.36,50.823162,4.399182
2026-09-09,Running,Morning Run,"*Murakami* is right in his memoir about running that if you skip more than one day, it's a disaster. Because mind forgets the pleasure of running so its hard to convince it to do it again. However sometimes I need to write reports at 5-6AM so after that I don't have time in morning. So I need to look for optimum strategy.

Anyway, feeling good. Temperature is a bit lower today but its pleasing once I warmed up.",2026-09-09_08-44-28_hk_1788936268.fit,652,2026-09-09T06:55:19.000Z,651.000,1611.21,164,169,79,2.522,29.36,50.823162,4.399218
2026-09-09,Running,Morning Run,"*Murakami* is right in his memoir about running that if you skip more than one day, it's a disaster. Because mind forgets the pleasure of running so its hard to convince it to do it again. However sometimes I need to write reports at 5-6AM so after that I don't have time in morning. So I need to look for optimum strategy.

Anyway, feeling good. Temperature is a bit lower today but its pleasing once I warmed up.",2026-09-09_08-44-28_hk_1788936268.fit,653,2026-09-09T06:55:20.000Z,652.000,1614.61,164,179,79,2.589,29.36,50.82318,4.399254
2026-09-09,Running,Morning Run,"*Murakami* is right in his memoir about running that if you skip more than one day, it's a disaster. Because mind forgets the pleasure of running so its hard to convince it to do it again. However sometimes I need to write reports at 5-6AM so after that I don't have time in morning. So I need to look for optimum strategy.

Anyway, feeling good. Temperature is a bit lower today but its pleasing once I warmed up.",2026-09-09_08-44-28_hk_1788936268.fit,654,2026-09-09T06:55:21.000Z,653.000,1617.06,164,179,79,2.637,29.36,50.823198,4.399272
2026-09-09,Running,Morning Run,"*Murakami* is right in his memoir about running that if you skip more than one day, it's a disaster. Because mind forgets the pleasure of running so its hard to convince it to do it again. However sometimes I need to write reports at 5-6AM so after that I don't have time in morning. So I need to look for optimum strategy.

Anyway, feeling good. Temperature is a bit lower today but its pleasing once I warmed up.",2026-09-09_08-44-28_hk_1788936268.fit,655,2026-09-09T06:55:22.000Z,654.000,1619.51,164,177,76,2.628,29.36,50.823216,4.399308
2026-09-09,Running,Morning Run,"*Murakami* is right in his memoir about running that if you skip more than one day, it's a disaster. Because mind forgets the pleasure of running so its hard to convince it to do it again. However sometimes I need to write reports at 5-6AM so after that I don't have time in morning. So I need to look for optimum strategy.

Anyway, feeling good. Temperature is a bit lower today but its pleasing once I warmed up.",2026-09-09_08-44-28_hk_1788936268.fit,656,2026-09-09T06:55:23.000Z,655.000,1621.37,162,177,76,2.527,29.36,50.823216,4.399326
2026-09-09,Running,Morning Run,"*Murakami* is right in his memoir about running that if you skip more than one day, it's a disaster. Because mind forgets the pleasure of running so its hard to convince it to do it again. However sometimes I need to write reports at 5-6AM so after that I don't have time in morning. So I need to look for optimum strategy.

Anyway, feeling good. Temperature is a bit lower today but its pleasing once I warmed up.",2026-09-09_08-44-28_hk_1788936268.fit,657,2026-09-09T06:55:24.000Z,656.000,1623.23,162,177,76,2.495,29.36,50.823234,4.399362
2026-09-09,Running,Morning Run,"*Murakami* is right in his memoir about running that if you skip more than one day, it's a disaster. Because mind forgets the pleasure of running so its hard to convince it to do it again. However sometimes I need to write reports at 5-6AM so after that I don't have time in morning. So I need to look for optimum strategy.

Anyway, feeling good. Temperature is a bit lower today but its pleasing once I warmed up.",2026-09-09_08-44-28_hk_1788936268.fit,658,2026-09-09T06:55:25.000Z,657.000,1625.09,162,175,76,2.399,29.36,50.823234,4.399398
2026-09-09,Running,Morning Run,"*Murakami* is right in his memoir about running that if you skip more than one day, it's a disaster. Because mind forgets the pleasure of running so its hard to convince it to do it again. However sometimes I need to write reports at 5-6AM so after that I don't have time in morning. So I need to look for optimum strategy.

Anyway, feeling good. Temperature is a bit lower today but its pleasing once I warmed up.",2026-09-09_08-44-28_hk_1788936268.fit,659,2026-09-09T06:55:26.000Z,658.000,1626.92,162,175,76,2.373,29.36,50.823216,4.399416
2026-09-09,Running,Morning Run,"*Murakami* is right in his memoir about running that if you skip more than one day, it's a disaster. Because mind forgets the pleasure of running so its hard to convince it to do it again. However sometimes I need to write reports at 5-6AM so after that I don't have time in morning. So I need to look for optimum strategy.

Anyway, feeling good. Temperature is a bit lower today but its pleasing once I warmed up.",2026-09-09_08-44-28_hk_1788936268.fit,660,2026-09-09T06:55:27.000Z,659.000,1628.75,162,169,76,2.348,29.36,50.823216,4.399434
2026-09-09,Running,Morning Run,"*Murakami* is right in his memoir about running that if you skip more than one day, it's a disaster. Because mind forgets the pleasure of running so its hard to convince it to do it again. However sometimes I need to write reports at 5-6AM so after that I don't have time in morning. So I need to look for optimum strategy.

Anyway, feeling good. Temperature is a bit lower today but its pleasing once I warmed up.",2026-09-09_08-44-28_hk_1788936268.fit,661,2026-09-09T06:55:28.000Z,660.000,1631.06,163,169,76,2.344,29.36,50.823198,4.39947
2026-09-09,Running,Morning Run,"*Murakami* is right in his memoir about running that if you skip more than one day, it's a disaster. Because mind forgets the pleasure of running so its hard to convince it to do it again. However sometimes I need to write reports at 5-6AM so after that I don't have time in morning. So I need to look for optimum strategy.

Anyway, feeling good. Temperature is a bit lower today but its pleasing once I warmed up.",2026-09-09_08-44-28_hk_1788936268.fit,662,2026-09-09T06:55:29.000Z,661.000,1633.37,163,169,76,2.341,29.36,50.82318,4.399488
2026-09-09,Running,Morning Run,"*Murakami* is right in his memoir about running that if you skip more than one day, it's a disaster. Because mind forgets the pleasure of running so its hard to convince it to do it again. However sometimes I need to write reports at 5-6AM so after that I don't have time in morning. So I need to look for optimum strategy.

Anyway, feeling good. Temperature is a bit lower today but its pleasing once I warmed up.",2026-09-09_08-44-28_hk_1788936268.fit,663,2026-09-09T06:55:30.000Z,662.000,1635.68,163,172,76,2.394,29.36,50.823162,4.399506
2026-09-09,Running,Morning Run,"*Murakami* is right in his memoir about running that if you skip more than one day, it's a disaster. Because mind forgets the pleasure of running so its hard to convince it to do it again. However sometimes I need to write reports at 5-6AM so after that I don't have time in morning. So I need to look for optimum strategy.

Anyway, feeling good. Temperature is a bit lower today but its pleasing once I warmed up.",2026-09-09_08-44-28_hk_1788936268.fit,664,2026-09-09T06:55:31.000Z,663.000,1639.32,163,172,78,2.501,29.36,50.823144,4.399524
2026-09-09,Running,Morning Run,"*Murakami* is right in his memoir about running that if you skip more than one day, it's a disaster. Because mind forgets the pleasure of running so its hard to convince it to do it again. However sometimes I need to write reports at 5-6AM so after that I don't have time in morning. So I need to look for optimum strategy.

Anyway, feeling good. Temperature is a bit lower today but its pleasing once I warmed up.",2026-09-09_08-44-28_hk_1788936268.fit,665,2026-09-09T06:55:32.000Z,664.000,1642.96,163,172,78,2.586,29.36,50.823126,4.39956
2026-09-09,Running,Morning Run,"*Murakami* is right in his memoir about running that if you skip more than one day, it's a disaster. Because mind forgets the pleasure of running so its hard to convince it to do it again. However sometimes I need to write reports at 5-6AM so after that I don't have time in morning. So I need to look for optimum strategy.

Anyway, feeling good. Temperature is a bit lower today but its pleasing once I warmed up.",2026-09-09_08-44-28_hk_1788936268.fit,666,2026-09-09T06:55:33.000Z,665.000,1644.72,163,172,78,2.505,29.37,50.823126,4.399578
2026-09-09,Running,Morning Run,"*Murakami* is right in his memoir about running that if you skip more than one day, it's a disaster. Because mind forgets the pleasure of running so its hard to convince it to do it again. However sometimes I need to write reports at 5-6AM so after that I don't have time in morning. So I need to look for optimum strategy.

Anyway, feeling good. Temperature is a bit lower today but its pleasing once I warmed up.",2026-09-09_08-44-28_hk_1788936268.fit,667,2026-09-09T06:55:34.000Z,666.000,1646.49,163,172,77,2.47,29.37,50.823108,4.399596
2026-09-09,Running,Morning Run,"*Murakami* is right in his memoir about running that if you skip more than one day, it's a disaster. Because mind forgets the pleasure of running so its hard to convince it to do it again. However sometimes I need to write reports at 5-6AM so after that I don't have time in morning. So I need to look for optimum strategy.

Anyway, feeling good. Temperature is a bit lower today but its pleasing once I warmed up.",2026-09-09_08-44-28_hk_1788936268.fit,668,2026-09-09T06:55:35.000Z,667.000,1648.26,163,172,77,2.394,29.37,50.82309,4.399614
2026-09-09,Running,Morning Run,"*Murakami* is right in his memoir about running that if you skip more than one day, it's a disaster. Because mind forgets the pleasure of running so its hard to convince it to do it again. However sometimes I need to write reports at 5-6AM so after that I don't have time in morning. So I need to look for optimum strategy.

Anyway, feeling good. Temperature is a bit lower today but its pleasing once I warmed up.",2026-09-09_08-44-28_hk_1788936268.fit,669,2026-09-09T06:55:36.000Z,668.000,1651.26,163,172,77,2.435,29.37,50.823072,4.39965
2026-09-09,Running,Morning Run,"*Murakami* is right in his memoir about running that if you skip more than one day, it's a disaster. Because mind forgets the pleasure of running so its hard to convince it to do it again. However sometimes I need to write reports at 5-6AM so after that I don't have time in morning. So I need to look for optimum strategy.

Anyway, feeling good. Temperature is a bit lower today but its pleasing once I warmed up.",2026-09-09_08-44-28_hk_1788936268.fit,670,2026-09-09T06:55:37.000Z,669.000,1654.26,164,171,79,2.476,29.38,50.823054,4.399668
2026-09-09,Running,Morning Run,"*Murakami* is right in his memoir about running that if you skip more than one day, it's a disaster. Because mind forgets the pleasure of running so its hard to convince it to do it again. However sometimes I need to write reports at 5-6AM so after that I don't have time in morning. So I need to look for optimum strategy.

Anyway, feeling good. Temperature is a bit lower today but its pleasing once I warmed up.",2026-09-09_08-44-28_hk_1788936268.fit,671,2026-09-09T06:55:38.000Z,670.000,1656.18,164,171,79,2.466,29.38,50.823036,4.399686
2026-09-09,Running,Morning Run,"*Murakami* is right in his memoir about running that if you skip more than one day, it's a disaster. Because mind forgets the pleasure of running so its hard to convince it to do it again. However sometimes I need to write reports at 5-6AM so after that I don't have time in morning. So I need to look for optimum strategy.

Anyway, feeling good. Temperature is a bit lower today but its pleasing once I warmed up.",2026-09-09_08-44-28_hk_1788936268.fit,672,2026-09-09T06:55:39.000Z,671.000,1658.11,164,171,79,2.395,29.38,50.823018,4.399704
2026-09-09,Running,Morning Run,"*Murakami* is right in his memoir about running that if you skip more than one day, it's a disaster. Because mind forgets the pleasure of running so its hard to convince it to do it again. However sometimes I need to write reports at 5-6AM so after that I don't have time in morning. So I need to look for optimum strategy.

Anyway, feeling good. Temperature is a bit lower today but its pleasing once I warmed up.",2026-09-09_08-44-28_hk_1788936268.fit,673,2026-09-09T06:55:40.000Z,672.000,1660.03,163,172,76,2.374,29.38,50.823,4.399722
2026-09-09,Running,Morning Run,"*Murakami* is right in his memoir about running that if you skip more than one day, it's a disaster. Because mind forgets the pleasure of running so its hard to convince it to do it again. However sometimes I need to write reports at 5-6AM so after that I don't have time in morning. So I need to look for optimum strategy.

Anyway, feeling good. Temperature is a bit lower today but its pleasing once I warmed up.",2026-09-09_08-44-28_hk_1788936268.fit,674,2026-09-09T06:55:41.000Z,673.000,1661.75,163,172,76,2.297,29.39,50.822982,4.39974
2026-09-09,Running,Morning Run,"*Murakami* is right in his memoir about running that if you skip more than one day, it's a disaster. Because mind forgets the pleasure of running so its hard to convince it to do it again. However sometimes I need to write reports at 5-6AM so after that I don't have time in morning. So I need to look for optimum strategy.

Anyway, feeling good. Temperature is a bit lower today but its pleasing once I warmed up.",2026-09-09_08-44-28_hk_1788936268.fit,675,2026-09-09T06:55:42.000Z,674.000,1663.47,163,172,76,2.272,29.39,50.822982,4.399758
2026-09-09,Running,Morning Run,"*Murakami* is right in his memoir about running that if you skip more than one day, it's a disaster. Because mind forgets the pleasure of running so its hard to convince it to do it again. However sometimes I need to write reports at 5-6AM so after that I don't have time in morning. So I need to look for optimum strategy.

Anyway, feeling good. Temperature is a bit lower today but its pleasing once I warmed up.",2026-09-09_08-44-28_hk_1788936268.fit,676,2026-09-09T06:55:43.000Z,675.000,1665.19,163,169,77,2.199,29.39,50.822964,4.399758
2026-09-09,Running,Morning Run,"*Murakami* is right in his memoir about running that if you skip more than one day, it's a disaster. Because mind forgets the pleasure of running so its hard to convince it to do it again. However sometimes I need to write reports at 5-6AM so after that I don't have time in morning. So I need to look for optimum strategy.

Anyway, feeling good. Temperature is a bit lower today but its pleasing once I warmed up.",2026-09-09_08-44-28_hk_1788936268.fit,677,2026-09-09T06:55:44.000Z,676.000,1667.96,163,169,77,2.213,29.4,50.822946,4.399776
2026-09-09,Running,Morning Run,"*Murakami* is right in his memoir about running that if you skip more than one day, it's a disaster. Because mind forgets the pleasure of running so its hard to convince it to do it again. However sometimes I need to write reports at 5-6AM so after that I don't have time in morning. So I need to look for optimum strategy.

Anyway, feeling good. Temperature is a bit lower today but its pleasing once I warmed up.",2026-09-09_08-44-28_hk_1788936268.fit,678,2026-09-09T06:55:45.000Z,677.000,1670.74,163,169,77,2.227,29.4,50.822928,4.399794
2026-09-09,Running,Morning Run,"*Murakami* is right in his memoir about running that if you skip more than one day, it's a disaster. Because mind forgets the pleasure of running so its hard to convince it to do it again. However sometimes I need to write reports at 5-6AM so after that I don't have time in morning. So I need to look for optimum strategy.

Anyway, feeling good. Temperature is a bit lower today but its pleasing once I warmed up.",2026-09-09_08-44-28_hk_1788936268.fit,679,2026-09-09T06:55:46.000Z,678.000,1672.48,165,169,78,2.222,29.4,50.82291,4.399812
2026-09-09,Running,Morning Run,"*Murakami* is right in his memoir about running that if you skip more than one day, it's a disaster. Because mind forgets the pleasure of running so its hard to convince it to do it again. However sometimes I need to write reports at 5-6AM so after that I don't have time in morning. So I need to look for optimum strategy.

Anyway, feeling good. Temperature is a bit lower today but its pleasing once I warmed up.",2026-09-09_08-44-28_hk_1788936268.fit,680,2026-09-09T06:55:47.000Z,679.000,1674.22,165,169,78,2.217,29.4,50.822892,4.399812
2026-09-09,Running,Morning Run,"*Murakami* is right in his memoir about running that if you skip more than one day, it's a disaster. Because mind forgets the pleasure of running so its hard to convince it to do it again. However sometimes I need to write reports at 5-6AM so after that I don't have time in morning. So I need to look for optimum strategy.

Anyway, feeling good. Temperature is a bit lower today but its pleasing once I warmed up.",2026-09-09_08-44-28_hk_1788936268.fit,681,2026-09-09T06:55:48.000Z,680.000,1675.97,165,170,78,2.212,29.41,50.822874,4.39983
2026-09-09,Running,Morning Run,"*Murakami* is right in his memoir about running that if you skip more than one day, it's a disaster. Because mind forgets the pleasure of running so its hard to convince it to do it again. However sometimes I need to write reports at 5-6AM so after that I don't have time in morning. So I need to look for optimum strategy.

Anyway, feeling good. Temperature is a bit lower today but its pleasing once I warmed up.",2026-09-09_08-44-28_hk_1788936268.fit,682,2026-09-09T06:55:49.000Z,681.000,1678.97,165,170,78,2.283,29.41,50.822856,4.399848
2026-09-09,Running,Morning Run,"*Murakami* is right in his memoir about running that if you skip more than one day, it's a disaster. Because mind forgets the pleasure of running so its hard to convince it to do it again. However sometimes I need to write reports at 5-6AM so after that I don't have time in morning. So I need to look for optimum strategy.

Anyway, feeling good. Temperature is a bit lower today but its pleasing once I warmed up.",2026-09-09_08-44-28_hk_1788936268.fit,683,2026-09-09T06:55:50.000Z,682.000,1681.96,165,170,78,2.314,29.41,50.822856,4.399866
2026-09-09,Running,Morning Run,"*Murakami* is right in his memoir about running that if you skip more than one day, it's a disaster. Because mind forgets the pleasure of running so its hard to convince it to do it again. However sometimes I need to write reports at 5-6AM so after that I don't have time in morning. So I need to look for optimum strategy.

Anyway, feeling good. Temperature is a bit lower today but its pleasing once I warmed up.",2026-09-09_08-44-28_hk_1788936268.fit,684,2026-09-09T06:55:51.000Z,683.000,1683.85,165,170,78,2.294,29.42,50.822838,4.399902
2026-09-09,Running,Morning Run,"*Murakami* is right in his memoir about running that if you skip more than one day, it's a disaster. Because mind forgets the pleasure of running so its hard to convince it to do it again. However sometimes I need to write reports at 5-6AM so after that I don't have time in morning. So I need to look for optimum strategy.

Anyway, feeling good. Temperature is a bit lower today but its pleasing once I warmed up.",2026-09-09_08-44-28_hk_1788936268.fit,685,2026-09-09T06:55:52.000Z,684.000,1685.73,165,170,77,2.275,29.42,50.82282,4.39992
2026-09-09,Running,Morning Run,"*Murakami* is right in his memoir about running that if you skip more than one day, it's a disaster. Because mind forgets the pleasure of running so its hard to convince it to do it again. However sometimes I need to write reports at 5-6AM so after that I don't have time in morning. So I need to look for optimum strategy.

Anyway, feeling good. Temperature is a bit lower today but its pleasing once I warmed up.",2026-09-09_08-44-28_hk_1788936268.fit,686,2026-09-09T06:55:53.000Z,685.000,1687.62,164,169,77,2.258,29.42,50.822802,4.399938
2026-09-09,Running,Morning Run,"*Murakami* is right in his memoir about running that if you skip more than one day, it's a disaster. Because mind forgets the pleasure of running so its hard to convince it to do it again. However sometimes I need to write reports at 5-6AM so after that I don't have time in morning. So I need to look for optimum strategy.

Anyway, feeling good. Temperature is a bit lower today but its pleasing once I warmed up.",2026-09-09_08-44-28_hk_1788936268.fit,687,2026-09-09T06:55:54.000Z,686.000,1689.64,164,169,77,2.188,29.43,50.822802,4.399956
2026-09-09,Running,Morning Run,"*Murakami* is right in his memoir about running that if you skip more than one day, it's a disaster. Because mind forgets the pleasure of running so its hard to convince it to do it again. However sometimes I need to write reports at 5-6AM so after that I don't have time in morning. So I need to look for optimum strategy.

Anyway, feeling good. Temperature is a bit lower today but its pleasing once I warmed up.",2026-09-09_08-44-28_hk_1788936268.fit,688,2026-09-09T06:55:55.000Z,687.000,1691.67,164,164,76,2.181,29.43,50.822784,4.399974
2026-09-09,Running,Morning Run,"*Murakami* is right in his memoir about running that if you skip more than one day, it's a disaster. Because mind forgets the pleasure of running so its hard to convince it to do it again. However sometimes I need to write reports at 5-6AM so after that I don't have time in morning. So I need to look for optimum strategy.

Anyway, feeling good. Temperature is a bit lower today but its pleasing once I warmed up.",2026-09-09_08-44-28_hk_1788936268.fit,689,2026-09-09T06:55:56.000Z,688.000,1693.15,164,164,76,2.092,29.43,50.822766,4.399992
2026-09-09,Running,Morning Run,"*Murakami* is right in his memoir about running that if you skip more than one day, it's a disaster. Because mind forgets the pleasure of running so its hard to convince it to do it again. However sometimes I need to write reports at 5-6AM so after that I don't have time in morning. So I need to look for optimum strategy.

Anyway, feeling good. Temperature is a bit lower today but its pleasing once I warmed up.",2026-09-09_08-44-28_hk_1788936268.fit,690,2026-09-09T06:55:57.000Z,689.000,1694.64,164,164,76,2.067,29.43,50.822748,4.40001
2026-09-09,Running,Morning Run,"*Murakami* is right in his memoir about running that if you skip more than one day, it's a disaster. Because mind forgets the pleasure of running so its hard to convince it to do it again. However sometimes I need to write reports at 5-6AM so after that I don't have time in morning. So I need to look for optimum strategy.

Anyway, feeling good. Temperature is a bit lower today but its pleasing once I warmed up.",2026-09-09_08-44-28_hk_1788936268.fit,691,2026-09-09T06:55:58.000Z,690.000,1696.12,164,162,76,2.056,29.44,50.822748,4.400028
2026-09-09,Running,Morning Run,"*Murakami* is right in his memoir about running that if you skip more than one day, it's a disaster. Because mind forgets the pleasure of running so its hard to convince it to do it again. However sometimes I need to write reports at 5-6AM so after that I don't have time in morning. So I need to look for optimum strategy.

Anyway, feeling good. Temperature is a bit lower today but its pleasing once I warmed up.",2026-09-09_08-44-28_hk_1788936268.fit,692,2026-09-09T06:55:59.000Z,691.000,1698.04,164,162,76,2.062,29.44,50.82273,4.400046
2026-09-09,Running,Morning Run,"*Murakami* is right in his memoir about running that if you skip more than one day, it's a disaster. Because mind forgets the pleasure of running so its hard to convince it to do it again. However sometimes I need to write reports at 5-6AM so after that I don't have time in morning. So I need to look for optimum strategy.

Anyway, feeling good. Temperature is a bit lower today but its pleasing once I warmed up.",2026-09-09_08-44-28_hk_1788936268.fit,693,2026-09-09T06:56:00.000Z,692.000,1699.95,164,162,76,2.068,29.44,50.822712,4.400082
2026-09-09,Running,Morning Run,"*Murakami* is right in his memoir about running that if you skip more than one day, it's a disaster. Because mind forgets the pleasure of running so its hard to convince it to do it again. However sometimes I need to write reports at 5-6AM so after that I don't have time in morning. So I need to look for optimum strategy.

Anyway, feeling good. Temperature is a bit lower today but its pleasing once I warmed up.",2026-09-09_08-44-28_hk_1788936268.fit,694,2026-09-09T06:56:01.000Z,693.000,1701.87,164,162,77,2.024,29.45,50.822694,4.4001
2026-09-09,Running,Morning Run,"*Murakami* is right in his memoir about running that if you skip more than one day, it's a disaster. Because mind forgets the pleasure of running so its hard to convince it to do it again. However sometimes I need to write reports at 5-6AM so after that I don't have time in morning. So I need to look for optimum strategy.

Anyway, feeling good. Temperature is a bit lower today but its pleasing once I warmed up.",2026-09-09_08-44-28_hk_1788936268.fit,695,2026-09-09T06:56:02.000Z,694.000,1704.91,164,162,77,2.026,29.45,50.822694,4.400118
2026-09-09,Running,Morning Run,"*Murakami* is right in his memoir about running that if you skip more than one day, it's a disaster. Because mind forgets the pleasure of running so its hard to convince it to do it again. However sometimes I need to write reports at 5-6AM so after that I don't have time in morning. So I need to look for optimum strategy.

Anyway, feeling good. Temperature is a bit lower today but its pleasing once I warmed up.",2026-09-09_08-44-28_hk_1788936268.fit,696,2026-09-09T06:56:03.000Z,695.000,1707.96,164,164,77,2.071,29.45,50.822676,4.400154
2026-09-09,Running,Morning Run,"*Murakami* is right in his memoir about running that if you skip more than one day, it's a disaster. Because mind forgets the pleasure of running so its hard to convince it to do it again. However sometimes I need to write reports at 5-6AM so after that I don't have time in morning. So I need to look for optimum strategy.

Anyway, feeling good. Temperature is a bit lower today but its pleasing once I warmed up.",2026-09-09_08-44-28_hk_1788936268.fit,697,2026-09-09T06:56:04.000Z,696.000,1710.74,164,164,78,2.113,29.45,50.822658,4.400172
2026-09-09,Running,Morning Run,"*Murakami* is right in his memoir about running that if you skip more than one day, it's a disaster. Because mind forgets the pleasure of running so its hard to convince it to do it again. However sometimes I need to write reports at 5-6AM so after that I don't have time in morning. So I need to look for optimum strategy.

Anyway, feeling good. Temperature is a bit lower today but its pleasing once I warmed up.",2026-09-09_08-44-28_hk_1788936268.fit,698,2026-09-09T06:56:05.000Z,697.000,1713.53,164,164,78,2.177,29.45,50.82264,4.400208
2026-09-09,Running,Morning Run,"*Murakami* is right in his memoir about running that if you skip more than one day, it's a disaster. Because mind forgets the pleasure of running so its hard to convince it to do it again. However sometimes I need to write reports at 5-6AM so after that I don't have time in morning. So I need to look for optimum strategy.

Anyway, feeling good. Temperature is a bit lower today but its pleasing once I warmed up.",2026-09-09_08-44-28_hk_1788936268.fit,699,2026-09-09T06:56:06.000Z,698.000,1716.32,164,174,78,2.223,29.46,50.822622,4.400226
2026-09-09,Running,Morning Run,"*Murakami* is right in his memoir about running that if you skip more than one day, it's a disaster. Because mind forgets the pleasure of running so its hard to convince it to do it again. However sometimes I need to write reports at 5-6AM so after that I don't have time in morning. So I need to look for optimum strategy.

Anyway, feeling good. Temperature is a bit lower today but its pleasing once I warmed up.",2026-09-09_08-44-28_hk_1788936268.fit,700,2026-09-09T06:56:07.000Z,699.000,1721.42,164,174,78,2.304,29.46,50.822604,4.400262
2026-09-09,Running,Morning Run,"*Murakami* is right in his memoir about running that if you skip more than one day, it's a disaster. Because mind forgets the pleasure of running so its hard to convince it to do it again. However sometimes I need to write reports at 5-6AM so after that I don't have time in morning. So I need to look for optimum strategy.

Anyway, feeling good. Temperature is a bit lower today but its pleasing once I warmed up.",2026-09-09_08-44-28_hk_1788936268.fit,701,2026-09-09T06:56:08.000Z,700.000,1726.52,164,184,78,2.528,29.46,50.822586,4.40028
2026-09-09,Running,Morning Run,"*Murakami* is right in his memoir about running that if you skip more than one day, it's a disaster. Because mind forgets the pleasure of running so its hard to convince it to do it again. However sometimes I need to write reports at 5-6AM so after that I don't have time in morning. So I need to look for optimum strategy.

Anyway, feeling good. Temperature is a bit lower today but its pleasing once I warmed up.",2026-09-09_08-44-28_hk_1788936268.fit,702,2026-09-09T06:56:09.000Z,701.000,1728.49,164,184,78,2.501,29.46,50.822568,4.400316
2026-09-09,Running,Morning Run,"*Murakami* is right in his memoir about running that if you skip more than one day, it's a disaster. Because mind forgets the pleasure of running so its hard to convince it to do it again. However sometimes I need to write reports at 5-6AM so after that I don't have time in morning. So I need to look for optimum strategy.

Anyway, feeling good. Temperature is a bit lower today but its pleasing once I warmed up.",2026-09-09_08-44-28_hk_1788936268.fit,703,2026-09-09T06:56:10.000Z,702.000,1730.47,164,184,77,2.452,29.46,50.82255,4.400334
2026-09-09,Running,Morning Run,"*Murakami* is right in his memoir about running that if you skip more than one day, it's a disaster. Because mind forgets the pleasure of running so its hard to convince it to do it again. However sometimes I need to write reports at 5-6AM so after that I don't have time in morning. So I need to look for optimum strategy.

Anyway, feeling good. Temperature is a bit lower today but its pleasing once I warmed up.",2026-09-09_08-44-28_hk_1788936268.fit,704,2026-09-09T06:56:11.000Z,703.000,1732.44,163,184,77,2.404,29.47,50.822532,4.40037
2026-09-09,Running,Morning Run,"*Murakami* is right in his memoir about running that if you skip more than one day, it's a disaster. Because mind forgets the pleasure of running so its hard to convince it to do it again. However sometimes I need to write reports at 5-6AM so after that I don't have time in morning. So I need to look for optimum strategy.

Anyway, feeling good. Temperature is a bit lower today but its pleasing once I warmed up.",2026-09-09_08-44-28_hk_1788936268.fit,705,2026-09-09T06:56:12.000Z,704.000,1735.58,163,184,77,2.463,29.47,50.822514,4.400406
2026-09-09,Running,Morning Run,"*Murakami* is right in his memoir about running that if you skip more than one day, it's a disaster. Because mind forgets the pleasure of running so its hard to convince it to do it again. However sometimes I need to write reports at 5-6AM so after that I don't have time in morning. So I need to look for optimum strategy.

Anyway, feeling good. Temperature is a bit lower today but its pleasing once I warmed up.",2026-09-09_08-44-28_hk_1788936268.fit,706,2026-09-09T06:56:13.000Z,705.000,1738.71,163,182,76,2.555,29.47,50.822496,4.400424
2026-09-09,Running,Morning Run,"*Murakami* is right in his memoir about running that if you skip more than one day, it's a disaster. Because mind forgets the pleasure of running so its hard to convince it to do it again. However sometimes I need to write reports at 5-6AM so after that I don't have time in morning. So I need to look for optimum strategy.

Anyway, feeling good. Temperature is a bit lower today but its pleasing once I warmed up.",2026-09-09_08-44-28_hk_1788936268.fit,707,2026-09-09T06:56:14.000Z,706.000,1741.52,163,182,76,2.594,29.47,50.822496,4.40046
2026-09-09,Running,Morning Run,"*Murakami* is right in his memoir about running that if you skip more than one day, it's a disaster. Because mind forgets the pleasure of running so its hard to convince it to do it again. However sometimes I need to write reports at 5-6AM so after that I don't have time in morning. So I need to look for optimum strategy.

Anyway, feeling good. Temperature is a bit lower today but its pleasing once I warmed up.",2026-09-09_08-44-28_hk_1788936268.fit,708,2026-09-09T06:56:15.000Z,707.000,1744.32,163,182,76,2.693,29.47,50.822478,4.400478
2026-09-09,Running,Morning Run,"*Murakami* is right in his memoir about running that if you skip more than one day, it's a disaster. Because mind forgets the pleasure of running so its hard to convince it to do it again. However sometimes I need to write reports at 5-6AM so after that I don't have time in morning. So I need to look for optimum strategy.

Anyway, feeling good. Temperature is a bit lower today but its pleasing once I warmed up.",2026-09-09_08-44-28_hk_1788936268.fit,709,2026-09-09T06:56:16.000Z,708.000,1747.13,163,186,79,2.834,29.47,50.82246,4.400514
2026-09-09,Running,Morning Run,"*Murakami* is right in his memoir about running that if you skip more than one day, it's a disaster. Because mind forgets the pleasure of running so its hard to convince it to do it again. However sometimes I need to write reports at 5-6AM so after that I don't have time in morning. So I need to look for optimum strategy.

Anyway, feeling good. Temperature is a bit lower today but its pleasing once I warmed up.",2026-09-09_08-44-28_hk_1788936268.fit,710,2026-09-09T06:56:17.000Z,709.000,1749.53,163,186,79,2.861,29.48,50.822442,4.40055
2026-09-09,Running,Morning Run,"*Murakami* is right in his memoir about running that if you skip more than one day, it's a disaster. Because mind forgets the pleasure of running so its hard to convince it to do it again. However sometimes I need to write reports at 5-6AM so after that I don't have time in morning. So I need to look for optimum strategy.

Anyway, feeling good. Temperature is a bit lower today but its pleasing once I warmed up.",2026-09-09_08-44-28_hk_1788936268.fit,711,2026-09-09T06:56:18.000Z,710.000,1751.93,163,189,79,2.945,29.48,50.822424,4.400568
2026-09-09,Running,Morning Run,"*Murakami* is right in his memoir about running that if you skip more than one day, it's a disaster. Because mind forgets the pleasure of running so its hard to convince it to do it again. However sometimes I need to write reports at 5-6AM so after that I don't have time in morning. So I need to look for optimum strategy.

Anyway, feeling good. Temperature is a bit lower today but its pleasing once I warmed up.",2026-09-09_08-44-28_hk_1788936268.fit,712,2026-09-09T06:56:19.000Z,711.000,1753.79,162,189,77,2.885,29.48,50.822406,4.400604
2026-09-09,Running,Morning Run,"*Murakami* is right in his memoir about running that if you skip more than one day, it's a disaster. Because mind forgets the pleasure of running so its hard to convince it to do it again. However sometimes I need to write reports at 5-6AM so after that I don't have time in morning. So I need to look for optimum strategy.

Anyway, feeling good. Temperature is a bit lower today but its pleasing once I warmed up.",2026-09-09_08-44-28_hk_1788936268.fit,713,2026-09-09T06:56:20.000Z,712.000,1755.65,162,189,77,2.819,29.48,50.822388,4.400622
2026-09-09,Running,Morning Run,"*Murakami* is right in his memoir about running that if you skip more than one day, it's a disaster. Because mind forgets the pleasure of running so its hard to convince it to do it again. However sometimes I need to write reports at 5-6AM so after that I don't have time in morning. So I need to look for optimum strategy.

Anyway, feeling good. Temperature is a bit lower today but its pleasing once I warmed up.",2026-09-09_08-44-28_hk_1788936268.fit,714,2026-09-09T06:56:21.000Z,713.000,1757.51,162,190,77,2.768,29.49,50.822388,4.400658
2026-09-09,Running,Morning Run,"*Murakami* is right in his memoir about running that if you skip more than one day, it's a disaster. Because mind forgets the pleasure of running so its hard to convince it to do it again. However sometimes I need to write reports at 5-6AM so after that I don't have time in morning. So I need to look for optimum strategy.

Anyway, feeling good. Temperature is a bit lower today but its pleasing once I warmed up.",2026-09-09_08-44-28_hk_1788936268.fit,715,2026-09-09T06:56:22.000Z,714.000,1759.19,162,190,78,2.696,29.49,50.82237,4.400676
2026-09-09,Running,Morning Run,"*Murakami* is right in his memoir about running that if you skip more than one day, it's a disaster. Because mind forgets the pleasure of running so its hard to convince it to do it again. However sometimes I need to write reports at 5-6AM so after that I don't have time in morning. So I need to look for optimum strategy.

Anyway, feeling good. Temperature is a bit lower today but its pleasing once I warmed up.",2026-09-09_08-44-28_hk_1788936268.fit,716,2026-09-09T06:56:23.000Z,715.000,1760.87,162,190,78,2.638,29.49,50.822352,4.400712
2026-09-09,Running,Morning Run,"*Murakami* is right in his memoir about running that if you skip more than one day, it's a disaster. Because mind forgets the pleasure of running so its hard to convince it to do it again. However sometimes I need to write reports at 5-6AM so after that I don't have time in morning. So I need to look for optimum strategy.

Anyway, feeling good. Temperature is a bit lower today but its pleasing once I warmed up.",2026-09-09_08-44-28_hk_1788936268.fit,717,2026-09-09T06:56:24.000Z,716.000,1762.56,162,188,78,2.591,29.5,50.822334,4.40073
2026-09-09,Running,Morning Run,"*Murakami* is right in his memoir about running that if you skip more than one day, it's a disaster. Because mind forgets the pleasure of running so its hard to convince it to do it again. However sometimes I need to write reports at 5-6AM so after that I don't have time in morning. So I need to look for optimum strategy.

Anyway, feeling good. Temperature is a bit lower today but its pleasing once I warmed up.",2026-09-09_08-44-28_hk_1788936268.fit,718,2026-09-09T06:56:25.000Z,717.000,1765.9,162,188,76,2.618,29.5,50.822334,4.400766
2026-09-09,Running,Morning Run,"*Murakami* is right in his memoir about running that if you skip more than one day, it's a disaster. Because mind forgets the pleasure of running so its hard to convince it to do it again. However sometimes I need to write reports at 5-6AM so after that I don't have time in morning. So I need to look for optimum strategy.

Anyway, feeling good. Temperature is a bit lower today but its pleasing once I warmed up.",2026-09-09_08-44-28_hk_1788936268.fit,719,2026-09-09T06:56:26.000Z,718.000,1769.24,162,189,76,2.646,29.51,50.822316,4.400784
2026-09-09,Running,Morning Run,"*Murakami* is right in his memoir about running that if you skip more than one day, it's a disaster. Because mind forgets the pleasure of running so its hard to convince it to do it again. However sometimes I need to write reports at 5-6AM so after that I don't have time in morning. So I need to look for optimum strategy.

Anyway, feeling good. Temperature is a bit lower today but its pleasing once I warmed up.",2026-09-09_08-44-28_hk_1788936268.fit,720,2026-09-09T06:56:27.000Z,719.000,1771.39,162,189,76,2.622,29.51,50.822298,4.40082
2026-09-09,Running,Morning Run,"*Murakami* is right in his memoir about running that if you skip more than one day, it's a disaster. Because mind forgets the pleasure of running so its hard to convince it to do it again. However sometimes I need to write reports at 5-6AM so after that I don't have time in morning. So I need to look for optimum strategy.

Anyway, feeling good. Temperature is a bit lower today but its pleasing once I warmed up.",2026-09-09_08-44-28_hk_1788936268.fit,721,2026-09-09T06:56:28.000Z,720.000,1773.53,162,189,79,2.482,29.51,50.82228,4.400838
2026-09-09,Running,Morning Run,"*Murakami* is right in his memoir about running that if you skip more than one day, it's a disaster. Because mind forgets the pleasure of running so its hard to convince it to do it again. However sometimes I need to write reports at 5-6AM so after that I don't have time in morning. So I need to look for optimum strategy.

Anyway, feeling good. Temperature is a bit lower today but its pleasing once I warmed up.",2026-09-09_08-44-28_hk_1788936268.fit,722,2026-09-09T06:56:29.000Z,721.000,1775.68,162,189,79,2.466,29.52,50.822262,4.400856
2026-09-09,Running,Morning Run,"*Murakami* is right in his memoir about running that if you skip more than one day, it's a disaster. Because mind forgets the pleasure of running so its hard to convince it to do it again. However sometimes I need to write reports at 5-6AM so after that I don't have time in morning. So I need to look for optimum strategy.

Anyway, feeling good. Temperature is a bit lower today but its pleasing once I warmed up.",2026-09-09_08-44-28_hk_1788936268.fit,723,2026-09-09T06:56:30.000Z,722.000,1778.32,162,189,79,2.354,29.52,50.822244,4.400892
2026-09-09,Running,Morning Run,"*Murakami* is right in his memoir about running that if you skip more than one day, it's a disaster. Because mind forgets the pleasure of running so its hard to convince it to do it again. However sometimes I need to write reports at 5-6AM so after that I don't have time in morning. So I need to look for optimum strategy.

Anyway, feeling good. Temperature is a bit lower today but its pleasing once I warmed up.",2026-09-09_08-44-28_hk_1788936268.fit,724,2026-09-09T06:56:31.000Z,723.000,1780.96,162,191,76,2.405,29.52,50.822244,4.40091
2026-09-09,Running,Morning Run,"*Murakami* is right in his memoir about running that if you skip more than one day, it's a disaster. Because mind forgets the pleasure of running so its hard to convince it to do it again. However sometimes I need to write reports at 5-6AM so after that I don't have time in morning. So I need to look for optimum strategy.

Anyway, feeling good. Temperature is a bit lower today but its pleasing once I warmed up.",2026-09-09_08-44-28_hk_1788936268.fit,725,2026-09-09T06:56:32.000Z,724.000,1783.16,162,191,76,2.415,29.52,50.822226,4.400946
2026-09-09,Running,Morning Run,"*Murakami* is right in his memoir about running that if you skip more than one day, it's a disaster. Because mind forgets the pleasure of running so its hard to convince it to do it again. However sometimes I need to write reports at 5-6AM so after that I don't have time in morning. So I need to look for optimum strategy.

Anyway, feeling good. Temperature is a bit lower today but its pleasing once I warmed up.",2026-09-09_08-44-28_hk_1788936268.fit,726,2026-09-09T06:56:33.000Z,725.000,1785.36,161,191,76,2.406,29.53,50.822208,4.400964
2026-09-09,Running,Morning Run,"*Murakami* is right in his memoir about running that if you skip more than one day, it's a disaster. Because mind forgets the pleasure of running so its hard to convince it to do it again. However sometimes I need to write reports at 5-6AM so after that I don't have time in morning. So I need to look for optimum strategy.

Anyway, feeling good. Temperature is a bit lower today but its pleasing once I warmed up.",2026-09-09_08-44-28_hk_1788936268.fit,727,2026-09-09T06:56:34.000Z,726.000,1787.56,161,192,79,2.363,29.53,50.822208,4.401
2026-09-09,Running,Morning Run,"*Murakami* is right in his memoir about running that if you skip more than one day, it's a disaster. Because mind forgets the pleasure of running so its hard to convince it to do it again. However sometimes I need to write reports at 5-6AM so after that I don't have time in morning. So I need to look for optimum strategy.

Anyway, feeling good. Temperature is a bit lower today but its pleasing once I warmed up.",2026-09-09_08-44-28_hk_1788936268.fit,728,2026-09-09T06:56:35.000Z,727.000,1790.51,162,192,79,2.355,29.53,50.82219,4.401018
2026-09-09,Running,Morning Run,"*Murakami* is right in his memoir about running that if you skip more than one day, it's a disaster. Because mind forgets the pleasure of running so its hard to convince it to do it again. However sometimes I need to write reports at 5-6AM so after that I don't have time in morning. So I need to look for optimum strategy.

Anyway, feeling good. Temperature is a bit lower today but its pleasing once I warmed up.",2026-09-09_08-44-28_hk_1788936268.fit,729,2026-09-09T06:56:36.000Z,728.000,1793.47,162,195,79,2.361,29.53,50.822172,4.401036
2026-09-09,Running,Morning Run,"*Murakami* is right in his memoir about running that if you skip more than one day, it's a disaster. Because mind forgets the pleasure of running so its hard to convince it to do it again. However sometimes I need to write reports at 5-6AM so after that I don't have time in morning. So I need to look for optimum strategy.

Anyway, feeling good. Temperature is a bit lower today but its pleasing once I warmed up.",2026-09-09_08-44-28_hk_1788936268.fit,730,2026-09-09T06:56:37.000Z,729.000,1795.36,162,195,78,2.32,29.53,50.822154,4.401072
2026-09-09,Running,Morning Run,"*Murakami* is right in his memoir about running that if you skip more than one day, it's a disaster. Because mind forgets the pleasure of running so its hard to convince it to do it again. However sometimes I need to write reports at 5-6AM so after that I don't have time in morning. So I need to look for optimum strategy.

Anyway, feeling good. Temperature is a bit lower today but its pleasing once I warmed up.",2026-09-09_08-44-28_hk_1788936268.fit,731,2026-09-09T06:56:38.000Z,730.000,1797.25,162,195,78,2.278,29.53,50.822136,4.40109
2026-09-09,Running,Morning Run,"*Murakami* is right in his memoir about running that if you skip more than one day, it's a disaster. Because mind forgets the pleasure of running so its hard to convince it to do it again. However sometimes I need to write reports at 5-6AM so after that I don't have time in morning. So I need to look for optimum strategy.

Anyway, feeling good. Temperature is a bit lower today but its pleasing once I warmed up.",2026-09-09_08-44-28_hk_1788936268.fit,732,2026-09-09T06:56:39.000Z,731.000,1799.14,162,197,78,2.261,29.53,50.822118,4.401108
2026-09-09,Running,Morning Run,"*Murakami* is right in his memoir about running that if you skip more than one day, it's a disaster. Because mind forgets the pleasure of running so its hard to convince it to do it again. However sometimes I need to write reports at 5-6AM so after that I don't have time in morning. So I need to look for optimum strategy.

Anyway, feeling good. Temperature is a bit lower today but its pleasing once I warmed up.",2026-09-09_08-44-28_hk_1788936268.fit,733,2026-09-09T06:56:40.000Z,732.000,1802.74,162,197,78,2.309,29.53,50.8221,4.401126
2026-09-09,Running,Morning Run,"*Murakami* is right in his memoir about running that if you skip more than one day, it's a disaster. Because mind forgets the pleasure of running so its hard to convince it to do it again. However sometimes I need to write reports at 5-6AM so after that I don't have time in morning. So I need to look for optimum strategy.

Anyway, feeling good. Temperature is a bit lower today but its pleasing once I warmed up.",2026-09-09_08-44-28_hk_1788936268.fit,734,2026-09-09T06:56:41.000Z,733.000,1806.34,162,199,78,2.414,29.54,50.822082,4.401144
2026-09-09,Running,Morning Run,"*Murakami* is right in his memoir about running that if you skip more than one day, it's a disaster. Because mind forgets the pleasure of running so its hard to convince it to do it again. However sometimes I need to write reports at 5-6AM so after that I don't have time in morning. So I need to look for optimum strategy.

Anyway, feeling good. Temperature is a bit lower today but its pleasing once I warmed up.",2026-09-09_08-44-28_hk_1788936268.fit,735,2026-09-09T06:56:42.000Z,734.000,1808.46,162,199,78,2.426,29.54,50.822064,4.401162
2026-09-09,Running,Morning Run,"*Murakami* is right in his memoir about running that if you skip more than one day, it's a disaster. Because mind forgets the pleasure of running so its hard to convince it to do it again. However sometimes I need to write reports at 5-6AM so after that I don't have time in morning. So I need to look for optimum strategy.

Anyway, feeling good. Temperature is a bit lower today but its pleasing once I warmed up.",2026-09-09_08-44-28_hk_1788936268.fit,736,2026-09-09T06:56:43.000Z,735.000,1810.57,162,199,79,2.447,29.54,50.822046,4.40118
2026-09-09,Running,Morning Run,"*Murakami* is right in his memoir about running that if you skip more than one day, it's a disaster. Because mind forgets the pleasure of running so its hard to convince it to do it again. However sometimes I need to write reports at 5-6AM so after that I don't have time in morning. So I need to look for optimum strategy.

Anyway, feeling good. Temperature is a bit lower today but its pleasing once I warmed up.",2026-09-09_08-44-28_hk_1788936268.fit,737,2026-09-09T06:56:44.000Z,736.000,1812.69,162,199,79,2.507,29.54,50.822028,4.401216
2026-09-09,Running,Morning Run,"*Murakami* is right in his memoir about running that if you skip more than one day, it's a disaster. Because mind forgets the pleasure of running so its hard to convince it to do it again. However sometimes I need to write reports at 5-6AM so after that I don't have time in morning. So I need to look for optimum strategy.

Anyway, feeling good. Temperature is a bit lower today but its pleasing once I warmed up.",2026-09-09_08-44-28_hk_1788936268.fit,738,2026-09-09T06:56:45.000Z,737.000,1814.27,162,199,79,2.463,29.54,50.822028,4.401234
2026-09-09,Running,Morning Run,"*Murakami* is right in his memoir about running that if you skip more than one day, it's a disaster. Because mind forgets the pleasure of running so its hard to convince it to do it again. However sometimes I need to write reports at 5-6AM so after that I don't have time in morning. So I need to look for optimum strategy.

Anyway, feeling good. Temperature is a bit lower today but its pleasing once I warmed up.",2026-09-09_08-44-28_hk_1788936268.fit,739,2026-09-09T06:56:46.000Z,738.000,1815.85,162,199,77,2.422,29.54,50.82201,4.401252
2026-09-09,Running,Morning Run,"*Murakami* is right in his memoir about running that if you skip more than one day, it's a disaster. Because mind forgets the pleasure of running so its hard to convince it to do it again. However sometimes I need to write reports at 5-6AM so after that I don't have time in morning. So I need to look for optimum strategy.

Anyway, feeling good. Temperature is a bit lower today but its pleasing once I warmed up.",2026-09-09_08-44-28_hk_1788936268.fit,740,2026-09-09T06:56:47.000Z,739.000,1817.43,162,197,77,2.342,29.55,50.821992,4.401288
2026-09-09,Running,Morning Run,"*Murakami* is right in his memoir about running that if you skip more than one day, it's a disaster. Because mind forgets the pleasure of running so its hard to convince it to do it again. However sometimes I need to write reports at 5-6AM so after that I don't have time in morning. So I need to look for optimum strategy.

Anyway, feeling good. Temperature is a bit lower today but its pleasing once I warmed up.",2026-09-09_08-44-28_hk_1788936268.fit,741,2026-09-09T06:56:48.000Z,740.000,1820.75,163,197,77,2.342,29.55,50.821974,4.401306
2026-09-09,Running,Morning Run,"*Murakami* is right in his memoir about running that if you skip more than one day, it's a disaster. Because mind forgets the pleasure of running so its hard to convince it to do it again. However sometimes I need to write reports at 5-6AM so after that I don't have time in morning. So I need to look for optimum strategy.

Anyway, feeling good. Temperature is a bit lower today but its pleasing once I warmed up.",2026-09-09_08-44-28_hk_1788936268.fit,742,2026-09-09T06:56:49.000Z,741.000,1824.08,163,199,79,2.407,29.55,50.821956,4.401324
2026-09-09,Running,Morning Run,"*Murakami* is right in his memoir about running that if you skip more than one day, it's a disaster. Because mind forgets the pleasure of running so its hard to convince it to do it again. However sometimes I need to write reports at 5-6AM so after that I don't have time in morning. So I need to look for optimum strategy.

Anyway, feeling good. Temperature is a bit lower today but its pleasing once I warmed up.",2026-09-09_08-44-28_hk_1788936268.fit,743,2026-09-09T06:56:50.000Z,742.000,1826.38,163,199,79,2.414,29.55,50.821956,4.40136
2026-09-09,Running,Morning Run,"*Murakami* is right in his memoir about running that if you skip more than one day, it's a disaster. Because mind forgets the pleasure of running so its hard to convince it to do it again. However sometimes I need to write reports at 5-6AM so after that I don't have time in morning. So I need to look for optimum strategy.

Anyway, feeling good. Temperature is a bit lower today but its pleasing once I warmed up.",2026-09-09_08-44-28_hk_1788936268.fit,744,2026-09-09T06:56:51.000Z,743.000,1828.68,163,199,79,2.398,29.55,50.821938,4.401378
2026-09-09,Running,Morning Run,"*Murakami* is right in his memoir about running that if you skip more than one day, it's a disaster. Because mind forgets the pleasure of running so its hard to convince it to do it again. However sometimes I need to write reports at 5-6AM so after that I don't have time in morning. So I need to look for optimum strategy.

Anyway, feeling good. Temperature is a bit lower today but its pleasing once I warmed up.",2026-09-09_08-44-28_hk_1788936268.fit,745,2026-09-09T06:56:52.000Z,744.000,1830.99,163,200,79,2.382,29.56,50.82192,4.401396
2026-09-09,Running,Morning Run,"*Murakami* is right in his memoir about running that if you skip more than one day, it's a disaster. Because mind forgets the pleasure of running so its hard to convince it to do it again. However sometimes I need to write reports at 5-6AM so after that I don't have time in morning. So I need to look for optimum strategy.

Anyway, feeling good. Temperature is a bit lower today but its pleasing once I warmed up.",2026-09-09_08-44-28_hk_1788936268.fit,746,2026-09-09T06:56:53.000Z,745.000,1833.87,163,200,79,2.415,29.56,50.821902,4.401432
2026-09-09,Running,Morning Run,"*Murakami* is right in his memoir about running that if you skip more than one day, it's a disaster. Because mind forgets the pleasure of running so its hard to convince it to do it again. However sometimes I need to write reports at 5-6AM so after that I don't have time in morning. So I need to look for optimum strategy.

Anyway, feeling good. Temperature is a bit lower today but its pleasing once I warmed up.",2026-09-09_08-44-28_hk_1788936268.fit,747,2026-09-09T06:56:54.000Z,746.000,1836.76,163,202,79,2.447,29.56,50.821884,4.40145
2026-09-09,Running,Morning Run,"*Murakami* is right in his memoir about running that if you skip more than one day, it's a disaster. Because mind forgets the pleasure of running so its hard to convince it to do it again. However sometimes I need to write reports at 5-6AM so after that I don't have time in morning. So I need to look for optimum strategy.

Anyway, feeling good. Temperature is a bit lower today but its pleasing once I warmed up.",2026-09-09_08-44-28_hk_1788936268.fit,748,2026-09-09T06:56:55.000Z,747.000,1838.97,163,202,77,2.448,29.56,50.821866,4.401468
2026-09-09,Running,Morning Run,"*Murakami* is right in his memoir about running that if you skip more than one day, it's a disaster. Because mind forgets the pleasure of running so its hard to convince it to do it again. However sometimes I need to write reports at 5-6AM so after that I don't have time in morning. So I need to look for optimum strategy.

Anyway, feeling good. Temperature is a bit lower today but its pleasing once I warmed up.",2026-09-09_08-44-28_hk_1788936268.fit,749,2026-09-09T06:56:56.000Z,748.000,1841.18,163,202,77,2.413,29.57,50.821848,4.401504
2026-09-09,Running,Morning Run,"*Murakami* is right in his memoir about running that if you skip more than one day, it's a disaster. Because mind forgets the pleasure of running so its hard to convince it to do it again. However sometimes I need to write reports at 5-6AM so after that I don't have time in morning. So I need to look for optimum strategy.

Anyway, feeling good. Temperature is a bit lower today but its pleasing once I warmed up.",2026-09-09_08-44-28_hk_1788936268.fit,750,2026-09-09T06:56:57.000Z,749.000,1843.39,163,202,77,2.404,29.57,50.82183,4.401522
2026-09-09,Running,Morning Run,"*Murakami* is right in his memoir about running that if you skip more than one day, it's a disaster. Because mind forgets the pleasure of running so its hard to convince it to do it again. However sometimes I need to write reports at 5-6AM so after that I don't have time in morning. So I need to look for optimum strategy.

Anyway, feeling good. Temperature is a bit lower today but its pleasing once I warmed up.",2026-09-09_08-44-28_hk_1788936268.fit,751,2026-09-09T06:56:58.000Z,750.000,1846.82,165,202,79,2.451,29.57,50.82183,4.40154
2026-09-09,Running,Morning Run,"*Murakami* is right in his memoir about running that if you skip more than one day, it's a disaster. Because mind forgets the pleasure of running so its hard to convince it to do it again. However sometimes I need to write reports at 5-6AM so after that I don't have time in morning. So I need to look for optimum strategy.

Anyway, feeling good. Temperature is a bit lower today but its pleasing once I warmed up.",2026-09-09_08-44-28_hk_1788936268.fit,752,2026-09-09T06:56:59.000Z,751.000,1850.25,164,204,79,2.555,29.58,50.821812,4.401576
2026-09-09,Running,Morning Run,"*Murakami* is right in his memoir about running that if you skip more than one day, it's a disaster. Because mind forgets the pleasure of running so its hard to convince it to do it again. However sometimes I need to write reports at 5-6AM so after that I don't have time in morning. So I need to look for optimum strategy.

Anyway, feeling good. Temperature is a bit lower today but its pleasing once I warmed up.",2026-09-09_08-44-28_hk_1788936268.fit,753,2026-09-09T06:57:00.000Z,752.000,1851.84,164,204,79,2.51,29.58,50.821794,4.401594
2026-09-09,Running,Morning Run,"*Murakami* is right in his memoir about running that if you skip more than one day, it's a disaster. Because mind forgets the pleasure of running so its hard to convince it to do it again. However sometimes I need to write reports at 5-6AM so after that I don't have time in morning. So I need to look for optimum strategy.

Anyway, feeling good. Temperature is a bit lower today but its pleasing once I warmed up.",2026-09-09_08-44-28_hk_1788936268.fit,754,2026-09-09T06:57:01.000Z,753.000,1853.43,164,204,77,2.414,29.58,50.821776,4.401612
2026-09-09,Running,Morning Run,"*Murakami* is right in his memoir about running that if you skip more than one day, it's a disaster. Because mind forgets the pleasure of running so its hard to convince it to do it again. However sometimes I need to write reports at 5-6AM so after that I don't have time in morning. So I need to look for optimum strategy.

Anyway, feeling good. Temperature is a bit lower today but its pleasing once I warmed up.",2026-09-09_08-44-28_hk_1788936268.fit,755,2026-09-09T06:57:02.000Z,754.000,1855.02,164,203,77,2.377,29.59,50.821776,4.401648
2026-09-09,Running,Morning Run,"*Murakami* is right in his memoir about running that if you skip more than one day, it's a disaster. Because mind forgets the pleasure of running so its hard to convince it to do it again. However sometimes I need to write reports at 5-6AM so after that I don't have time in morning. So I need to look for optimum strategy.

Anyway, feeling good. Temperature is a bit lower today but its pleasing once I warmed up.",2026-09-09_08-44-28_hk_1788936268.fit,756,2026-09-09T06:57:03.000Z,755.000,1857.16,164,203,77,2.31,29.59,50.821758,4.401666
2026-09-09,Running,Morning Run,"*Murakami* is right in his memoir about running that if you skip more than one day, it's a disaster. Because mind forgets the pleasure of running so its hard to convince it to do it again. However sometimes I need to write reports at 5-6AM so after that I don't have time in morning. So I need to look for optimum strategy.

Anyway, feeling good. Temperature is a bit lower today but its pleasing once I warmed up.",2026-09-09_08-44-28_hk_1788936268.fit,757,2026-09-09T06:57:04.000Z,756.000,1859.29,164,203,79,2.311,29.59,50.82174,4.401684
2026-09-09,Running,Morning Run,"*Murakami* is right in his memoir about running that if you skip more than one day, it's a disaster. Because mind forgets the pleasure of running so its hard to convince it to do it again. However sometimes I need to write reports at 5-6AM so after that I don't have time in morning. So I need to look for optimum strategy.

Anyway, feeling good. Temperature is a bit lower today but its pleasing once I warmed up.",2026-09-09_08-44-28_hk_1788936268.fit,758,2026-09-09T06:57:05.000Z,757.000,1861.43,164,205,79,2.312,29.6,50.821722,4.401702
2026-09-09,Running,Morning Run,"*Murakami* is right in his memoir about running that if you skip more than one day, it's a disaster. Because mind forgets the pleasure of running so its hard to convince it to do it again. However sometimes I need to write reports at 5-6AM so after that I don't have time in morning. So I need to look for optimum strategy.

Anyway, feeling good. Temperature is a bit lower today but its pleasing once I warmed up.",2026-09-09_08-44-28_hk_1788936268.fit,759,2026-09-09T06:57:06.000Z,758.000,1864.31,164,205,79,2.383,29.6,50.821704,4.40172
2026-09-09,Running,Morning Run,"*Murakami* is right in his memoir about running that if you skip more than one day, it's a disaster. Because mind forgets the pleasure of running so its hard to convince it to do it again. However sometimes I need to write reports at 5-6AM so after that I don't have time in morning. So I need to look for optimum strategy.

Anyway, feeling good. Temperature is a bit lower today but its pleasing once I warmed up.",2026-09-09_08-44-28_hk_1788936268.fit,760,2026-09-09T06:57:07.000Z,759.000,1867.19,165,204,79,2.445,29.6,50.821686,4.401738
2026-09-09,Running,Morning Run,"*Murakami* is right in his memoir about running that if you skip more than one day, it's a disaster. Because mind forgets the pleasure of running so its hard to convince it to do it again. However sometimes I need to write reports at 5-6AM so after that I don't have time in morning. So I need to look for optimum strategy.

Anyway, feeling good. Temperature is a bit lower today but its pleasing once I warmed up.",2026-09-09_08-44-28_hk_1788936268.fit,761,2026-09-09T06:57:08.000Z,760.000,1868.81,165,204,79,2.447,29.61,50.821668,4.401756
2026-09-09,Running,Morning Run,"*Murakami* is right in his memoir about running that if you skip more than one day, it's a disaster. Because mind forgets the pleasure of running so its hard to convince it to do it again. However sometimes I need to write reports at 5-6AM so after that I don't have time in morning. So I need to look for optimum strategy.

Anyway, feeling good. Temperature is a bit lower today but its pleasing once I warmed up.",2026-09-09_08-44-28_hk_1788936268.fit,762,2026-09-09T06:57:09.000Z,761.000,1870.43,165,204,79,2.409,29.61,50.82165,4.401774
2026-09-09,Running,Morning Run,"*Murakami* is right in his memoir about running that if you skip more than one day, it's a disaster. Because mind forgets the pleasure of running so its hard to convince it to do it again. However sometimes I need to write reports at 5-6AM so after that I don't have time in morning. So I need to look for optimum strategy.

Anyway, feeling good. Temperature is a bit lower today but its pleasing once I warmed up.",2026-09-09_08-44-28_hk_1788936268.fit,763,2026-09-09T06:57:10.000Z,762.000,1872.05,165,203,77,2.332,29.61,50.821632,4.40181
2026-09-09,Running,Morning Run,"*Murakami* is right in his memoir about running that if you skip more than one day, it's a disaster. Because mind forgets the pleasure of running so its hard to convince it to do it again. However sometimes I need to write reports at 5-6AM so after that I don't have time in morning. So I need to look for optimum strategy.

Anyway, feeling good. Temperature is a bit lower today but its pleasing once I warmed up.",2026-09-09_08-44-28_hk_1788936268.fit,764,2026-09-09T06:57:11.000Z,763.000,1875.78,165,203,77,2.35,29.61,50.821632,4.401828
2026-09-09,Running,Morning Run,"*Murakami* is right in his memoir about running that if you skip more than one day, it's a disaster. Because mind forgets the pleasure of running so its hard to convince it to do it again. However sometimes I need to write reports at 5-6AM so after that I don't have time in morning. So I need to look for optimum strategy.

Anyway, feeling good. Temperature is a bit lower today but its pleasing once I warmed up.",2026-09-09_08-44-28_hk_1788936268.fit,765,2026-09-09T06:57:12.000Z,764.000,1879.51,165,204,77,2.42,29.61,50.821614,4.401846
2026-09-09,Running,Morning Run,"*Murakami* is right in his memoir about running that if you skip more than one day, it's a disaster. Because mind forgets the pleasure of running so its hard to convince it to do it again. However sometimes I need to write reports at 5-6AM so after that I don't have time in morning. So I need to look for optimum strategy.

Anyway, feeling good. Temperature is a bit lower today but its pleasing once I warmed up.",2026-09-09_08-44-28_hk_1788936268.fit,766,2026-09-09T06:57:13.000Z,765.000,1881.46,165,204,79,2.404,29.62,50.821596,4.401864
2026-09-09,Running,Morning Run,"*Murakami* is right in his memoir about running that if you skip more than one day, it's a disaster. Because mind forgets the pleasure of running so its hard to convince it to do it again. However sometimes I need to write reports at 5-6AM so after that I don't have time in morning. So I need to look for optimum strategy.

Anyway, feeling good. Temperature is a bit lower today but its pleasing once I warmed up.",2026-09-09_08-44-28_hk_1788936268.fit,767,2026-09-09T06:57:14.000Z,766.000,1883.41,165,204,79,2.383,29.62,50.821578,4.401882
2026-09-09,Running,Morning Run,"*Murakami* is right in his memoir about running that if you skip more than one day, it's a disaster. Because mind forgets the pleasure of running so its hard to convince it to do it again. However sometimes I need to write reports at 5-6AM so after that I don't have time in morning. So I need to look for optimum strategy.

Anyway, feeling good. Temperature is a bit lower today but its pleasing once I warmed up.",2026-09-09_08-44-28_hk_1788936268.fit,768,2026-09-09T06:57:15.000Z,767.000,1885.36,165,204,79,2.34,29.62,50.82156,4.401918
2026-09-09,Running,Morning Run,"*Murakami* is right in his memoir about running that if you skip more than one day, it's a disaster. Because mind forgets the pleasure of running so its hard to convince it to do it again. However sometimes I need to write reports at 5-6AM so after that I don't have time in morning. So I need to look for optimum strategy.

Anyway, feeling good. Temperature is a bit lower today but its pleasing once I warmed up.",2026-09-09_08-44-28_hk_1788936268.fit,769,2026-09-09T06:57:16.000Z,768.000,1888.17,165,204,77,2.337,29.62,50.821542,4.401936
2026-09-09,Running,Morning Run,"*Murakami* is right in his memoir about running that if you skip more than one day, it's a disaster. Because mind forgets the pleasure of running so its hard to convince it to do it again. However sometimes I need to write reports at 5-6AM so after that I don't have time in morning. So I need to look for optimum strategy.

Anyway, feeling good. Temperature is a bit lower today but its pleasing once I warmed up.",2026-09-09_08-44-28_hk_1788936268.fit,770,2026-09-09T06:57:17.000Z,769.000,1890.99,165,204,77,2.365,29.63,50.821542,4.401954
2026-09-09,Running,Morning Run,"*Murakami* is right in his memoir about running that if you skip more than one day, it's a disaster. Because mind forgets the pleasure of running so its hard to convince it to do it again. However sometimes I need to write reports at 5-6AM so after that I don't have time in morning. So I need to look for optimum strategy.

Anyway, feeling good. Temperature is a bit lower today but its pleasing once I warmed up.",2026-09-09_08-44-28_hk_1788936268.fit,771,2026-09-09T06:57:18.000Z,770.000,1892.89,165,204,77,2.35,29.63,50.821524,4.40199
2026-09-09,Running,Morning Run,"*Murakami* is right in his memoir about running that if you skip more than one day, it's a disaster. Because mind forgets the pleasure of running so its hard to convince it to do it again. However sometimes I need to write reports at 5-6AM so after that I don't have time in morning. So I need to look for optimum strategy.

Anyway, feeling good. Temperature is a bit lower today but its pleasing once I warmed up.",2026-09-09_08-44-28_hk_1788936268.fit,772,2026-09-09T06:57:19.000Z,771.000,1894.78,165,204,78,2.336,29.63,50.821506,4.402008
2026-09-09,Running,Morning Run,"*Murakami* is right in his memoir about running that if you skip more than one day, it's a disaster. Because mind forgets the pleasure of running so its hard to convince it to do it again. However sometimes I need to write reports at 5-6AM so after that I don't have time in morning. So I need to look for optimum strategy.

Anyway, feeling good. Temperature is a bit lower today but its pleasing once I warmed up.",2026-09-09_08-44-28_hk_1788936268.fit,773,2026-09-09T06:57:20.000Z,772.000,1896.68,165,202,78,2.317,29.63,50.821488,4.402026
2026-09-09,Running,Morning Run,"*Murakami* is right in his memoir about running that if you skip more than one day, it's a disaster. Because mind forgets the pleasure of running so its hard to convince it to do it again. However sometimes I need to write reports at 5-6AM so after that I don't have time in morning. So I need to look for optimum strategy.

Anyway, feeling good. Temperature is a bit lower today but its pleasing once I warmed up.",2026-09-09_08-44-28_hk_1788936268.fit,774,2026-09-09T06:57:21.000Z,773.000,1900.46,165,202,78,2.283,29.64,50.82147,4.402062
2026-09-09,Running,Morning Run,"*Murakami* is right in his memoir about running that if you skip more than one day, it's a disaster. Because mind forgets the pleasure of running so its hard to convince it to do it again. However sometimes I need to write reports at 5-6AM so after that I don't have time in morning. So I need to look for optimum strategy.

Anyway, feeling good. Temperature is a bit lower today but its pleasing once I warmed up.",2026-09-09_08-44-28_hk_1788936268.fit,775,2026-09-09T06:57:22.000Z,774.000,1904.25,165,203,79,2.42,29.64,50.821452,4.40208
2026-09-09,Running,Morning Run,"*Murakami* is right in his memoir about running that if you skip more than one day, it's a disaster. Because mind forgets the pleasure of running so its hard to convince it to do it again. However sometimes I need to write reports at 5-6AM so after that I don't have time in morning. So I need to look for optimum strategy.

Anyway, feeling good. Temperature is a bit lower today but its pleasing once I warmed up.",2026-09-09_08-44-28_hk_1788936268.fit,776,2026-09-09T06:57:23.000Z,775.000,1906.3,165,203,79,2.442,29.64,50.821434,4.402098
2026-09-09,Running,Morning Run,"*Murakami* is right in his memoir about running that if you skip more than one day, it's a disaster. Because mind forgets the pleasure of running so its hard to convince it to do it again. However sometimes I need to write reports at 5-6AM so after that I don't have time in morning. So I need to look for optimum strategy.

Anyway, feeling good. Temperature is a bit lower today but its pleasing once I warmed up.",2026-09-09_08-44-28_hk_1788936268.fit,777,2026-09-09T06:57:24.000Z,776.000,1908.34,165,203,79,2.437,29.64,50.821434,4.402116
2026-09-09,Running,Morning Run,"*Murakami* is right in his memoir about running that if you skip more than one day, it's a disaster. Because mind forgets the pleasure of running so its hard to convince it to do it again. However sometimes I need to write reports at 5-6AM so after that I don't have time in morning. So I need to look for optimum strategy.

Anyway, feeling good. Temperature is a bit lower today but its pleasing once I warmed up.",2026-09-09_08-44-28_hk_1788936268.fit,778,2026-09-09T06:57:25.000Z,777.000,1910.39,165,202,79,2.433,29.65,50.821416,4.402152
2026-09-09,Running,Morning Run,"*Murakami* is right in his memoir about running that if you skip more than one day, it's a disaster. Because mind forgets the pleasure of running so its hard to convince it to do it again. However sometimes I need to write reports at 5-6AM so after that I don't have time in morning. So I need to look for optimum strategy.

Anyway, feeling good. Temperature is a bit lower today but its pleasing once I warmed up.",2026-09-09_08-44-28_hk_1788936268.fit,779,2026-09-09T06:57:26.000Z,778.000,1912.5,165,202,79,2.432,29.65,50.821398,4.40217
2026-09-09,Running,Morning Run,"*Murakami* is right in his memoir about running that if you skip more than one day, it's a disaster. Because mind forgets the pleasure of running so its hard to convince it to do it again. However sometimes I need to write reports at 5-6AM so after that I don't have time in morning. So I need to look for optimum strategy.

Anyway, feeling good. Temperature is a bit lower today but its pleasing once I warmed up.",2026-09-09_08-44-28_hk_1788936268.fit,780,2026-09-09T06:57:27.000Z,779.000,1914.61,165,202,79,2.396,29.65,50.82138,4.402206
2026-09-09,Running,Morning Run,"*Murakami* is right in his memoir about running that if you skip more than one day, it's a disaster. Because mind forgets the pleasure of running so its hard to convince it to do it again. However sometimes I need to write reports at 5-6AM so after that I don't have time in morning. So I need to look for optimum strategy.

Anyway, feeling good. Temperature is a bit lower today but its pleasing once I warmed up.",2026-09-09_08-44-28_hk_1788936268.fit,781,2026-09-09T06:57:28.000Z,780.000,1916.72,165,204,79,2.383,29.65,50.821362,4.402224
2026-09-09,Running,Morning Run,"*Murakami* is right in his memoir about running that if you skip more than one day, it's a disaster. Because mind forgets the pleasure of running so its hard to convince it to do it again. However sometimes I need to write reports at 5-6AM so after that I don't have time in morning. So I need to look for optimum strategy.

Anyway, feeling good. Temperature is a bit lower today but its pleasing once I warmed up.",2026-09-09_08-44-28_hk_1788936268.fit,782,2026-09-09T06:57:29.000Z,781.000,1919.69,165,204,79,2.423,29.66,50.821344,4.402242
2026-09-09,Running,Morning Run,"*Murakami* is right in his memoir about running that if you skip more than one day, it's a disaster. Because mind forgets the pleasure of running so its hard to convince it to do it again. However sometimes I need to write reports at 5-6AM so after that I don't have time in morning. So I need to look for optimum strategy.

Anyway, feeling good. Temperature is a bit lower today but its pleasing once I warmed up.",2026-09-09_08-44-28_hk_1788936268.fit,783,2026-09-09T06:57:30.000Z,782.000,1922.66,165,201,79,2.53,29.66,50.821344,4.402278
2026-09-09,Running,Morning Run,"*Murakami* is right in his memoir about running that if you skip more than one day, it's a disaster. Because mind forgets the pleasure of running so its hard to convince it to do it again. However sometimes I need to write reports at 5-6AM so after that I don't have time in morning. So I need to look for optimum strategy.

Anyway, feeling good. Temperature is a bit lower today but its pleasing once I warmed up.",2026-09-09_08-44-28_hk_1788936268.fit,784,2026-09-09T06:57:31.000Z,783.000,1924.75,165,201,79,2.509,29.66,50.821326,4.402296
2026-09-09,Running,Morning Run,"*Murakami* is right in his memoir about running that if you skip more than one day, it's a disaster. Because mind forgets the pleasure of running so its hard to convince it to do it again. However sometimes I need to write reports at 5-6AM so after that I don't have time in morning. So I need to look for optimum strategy.

Anyway, feeling good. Temperature is a bit lower today but its pleasing once I warmed up.",2026-09-09_08-44-28_hk_1788936268.fit,785,2026-09-09T06:57:32.000Z,784.000,1926.84,165,201,79,2.431,29.66,50.821308,4.402332
2026-09-09,Running,Morning Run,"*Murakami* is right in his memoir about running that if you skip more than one day, it's a disaster. Because mind forgets the pleasure of running so its hard to convince it to do it again. However sometimes I need to write reports at 5-6AM so after that I don't have time in morning. So I need to look for optimum strategy.

Anyway, feeling good. Temperature is a bit lower today but its pleasing once I warmed up.",2026-09-09_08-44-28_hk_1788936268.fit,786,2026-09-09T06:57:33.000Z,785.000,1928.93,165,202,79,2.416,29.67,50.82129,4.40235
2026-09-09,Running,Morning Run,"*Murakami* is right in his memoir about running that if you skip more than one day, it's a disaster. Because mind forgets the pleasure of running so its hard to convince it to do it again. However sometimes I need to write reports at 5-6AM so after that I don't have time in morning. So I need to look for optimum strategy.

Anyway, feeling good. Temperature is a bit lower today but its pleasing once I warmed up.",2026-09-09_08-44-28_hk_1788936268.fit,787,2026-09-09T06:57:34.000Z,786.000,1931.43,165,202,77,2.36,29.67,50.82129,4.402368
2026-09-09,Running,Morning Run,"*Murakami* is right in his memoir about running that if you skip more than one day, it's a disaster. Because mind forgets the pleasure of running so its hard to convince it to do it again. However sometimes I need to write reports at 5-6AM so after that I don't have time in morning. So I need to look for optimum strategy.

Anyway, feeling good. Temperature is a bit lower today but its pleasing once I warmed up.",2026-09-09_08-44-28_hk_1788936268.fit,788,2026-09-09T06:57:35.000Z,787.000,1933.93,165,199,77,2.406,29.67,50.821272,4.402404
2026-09-09,Running,Morning Run,"*Murakami* is right in his memoir about running that if you skip more than one day, it's a disaster. Because mind forgets the pleasure of running so its hard to convince it to do it again. However sometimes I need to write reports at 5-6AM so after that I don't have time in morning. So I need to look for optimum strategy.

Anyway, feeling good. Temperature is a bit lower today but its pleasing once I warmed up.",2026-09-09_08-44-28_hk_1788936268.fit,789,2026-09-09T06:57:36.000Z,788.000,1936.29,165,199,77,2.425,29.67,50.821254,4.402422
2026-09-09,Running,Morning Run,"*Murakami* is right in his memoir about running that if you skip more than one day, it's a disaster. Because mind forgets the pleasure of running so its hard to convince it to do it again. However sometimes I need to write reports at 5-6AM so after that I don't have time in morning. So I need to look for optimum strategy.

Anyway, feeling good. Temperature is a bit lower today but its pleasing once I warmed up.",2026-09-09_08-44-28_hk_1788936268.fit,790,2026-09-09T06:57:37.000Z,789.000,1938.64,165,199,79,2.403,29.68,50.821236,4.402458
2026-09-09,Running,Morning Run,"*Murakami* is right in his memoir about running that if you skip more than one day, it's a disaster. Because mind forgets the pleasure of running so its hard to convince it to do it again. However sometimes I need to write reports at 5-6AM so after that I don't have time in morning. So I need to look for optimum strategy.

Anyway, feeling good. Temperature is a bit lower today but its pleasing once I warmed up.",2026-09-09_08-44-28_hk_1788936268.fit,791,2026-09-09T06:57:38.000Z,790.000,1940.99,165,201,79,2.381,29.68,50.821236,4.402476
2026-09-09,Running,Morning Run,"*Murakami* is right in his memoir about running that if you skip more than one day, it's a disaster. Because mind forgets the pleasure of running so its hard to convince it to do it again. However sometimes I need to write reports at 5-6AM so after that I don't have time in morning. So I need to look for optimum strategy.

Anyway, feeling good. Temperature is a bit lower today but its pleasing once I warmed up.",2026-09-09_08-44-28_hk_1788936268.fit,792,2026-09-09T06:57:39.000Z,791.000,1944.26,165,201,79,2.447,29.68,50.821218,4.402512
2026-09-09,Running,Morning Run,"*Murakami* is right in his memoir about running that if you skip more than one day, it's a disaster. Because mind forgets the pleasure of running so its hard to convince it to do it again. However sometimes I need to write reports at 5-6AM so after that I don't have time in morning. So I need to look for optimum strategy.

Anyway, feeling good. Temperature is a bit lower today but its pleasing once I warmed up.",2026-09-09_08-44-28_hk_1788936268.fit,793,2026-09-09T06:57:40.000Z,792.000,1947.54,165,202,79,2.543,29.69,50.8212,4.40253
2026-09-09,Running,Morning Run,"*Murakami* is right in his memoir about running that if you skip more than one day, it's a disaster. Because mind forgets the pleasure of running so its hard to convince it to do it again. However sometimes I need to write reports at 5-6AM so after that I don't have time in morning. So I need to look for optimum strategy.

Anyway, feeling good. Temperature is a bit lower today but its pleasing once I warmed up.",2026-09-09_08-44-28_hk_1788936268.fit,794,2026-09-09T06:57:41.000Z,793.000,1949.13,165,202,79,2.498,29.69,50.821182,4.402548
2026-09-09,Running,Morning Run,"*Murakami* is right in his memoir about running that if you skip more than one day, it's a disaster. Because mind forgets the pleasure of running so its hard to convince it to do it again. However sometimes I need to write reports at 5-6AM so after that I don't have time in morning. So I need to look for optimum strategy.

Anyway, feeling good. Temperature is a bit lower today but its pleasing once I warmed up.",2026-09-09_08-44-28_hk_1788936268.fit,795,2026-09-09T06:57:42.000Z,794.000,1950.73,165,202,79,2.393,29.7,50.821164,4.402584
2026-09-09,Running,Morning Run,"*Murakami* is right in his memoir about running that if you skip more than one day, it's a disaster. Because mind forgets the pleasure of running so its hard to convince it to do it again. However sometimes I need to write reports at 5-6AM so after that I don't have time in morning. So I need to look for optimum strategy.

Anyway, feeling good. Temperature is a bit lower today but its pleasing once I warmed up.",2026-09-09_08-44-28_hk_1788936268.fit,796,2026-09-09T06:57:43.000Z,795.000,1952.32,165,199,77,2.357,29.71,50.821146,4.402602
2026-09-09,Running,Morning Run,"*Murakami* is right in his memoir about running that if you skip more than one day, it's a disaster. Because mind forgets the pleasure of running so its hard to convince it to do it again. However sometimes I need to write reports at 5-6AM so after that I don't have time in morning. So I need to look for optimum strategy.

Anyway, feeling good. Temperature is a bit lower today but its pleasing once I warmed up.",2026-09-09_08-44-28_hk_1788936268.fit,797,2026-09-09T06:57:44.000Z,796.000,1955.33,165,199,77,2.322,29.72,50.821128,4.402602
2026-09-09,Running,Morning Run,"*Murakami* is right in his memoir about running that if you skip more than one day, it's a disaster. Because mind forgets the pleasure of running so its hard to convince it to do it again. However sometimes I need to write reports at 5-6AM so after that I don't have time in morning. So I need to look for optimum strategy.

Anyway, feeling good. Temperature is a bit lower today but its pleasing once I warmed up.",2026-09-09_08-44-28_hk_1788936268.fit,798,2026-09-09T06:57:45.000Z,797.000,1958.34,165,199,77,2.366,29.73,50.82111,4.40262
2026-09-09,Running,Morning Run,"*Murakami* is right in his memoir about running that if you skip more than one day, it's a disaster. Because mind forgets the pleasure of running so its hard to convince it to do it again. However sometimes I need to write reports at 5-6AM so after that I don't have time in morning. So I need to look for optimum strategy.

Anyway, feeling good. Temperature is a bit lower today but its pleasing once I warmed up.",2026-09-09_08-44-28_hk_1788936268.fit,799,2026-09-09T06:57:46.000Z,798.000,1960.47,165,199,79,2.385,29.75,50.821092,4.402638
2026-09-09,Running,Morning Run,"*Murakami* is right in his memoir about running that if you skip more than one day, it's a disaster. Because mind forgets the pleasure of running so its hard to convince it to do it again. However sometimes I need to write reports at 5-6AM so after that I don't have time in morning. So I need to look for optimum strategy.

Anyway, feeling good. Temperature is a bit lower today but its pleasing once I warmed up.",2026-09-09_08-44-28_hk_1788936268.fit,800,2026-09-09T06:57:47.000Z,799.000,1962.6,165,199,79,2.386,29.76,50.821074,4.402656
2026-09-09,Running,Morning Run,"*Murakami* is right in his memoir about running that if you skip more than one day, it's a disaster. Because mind forgets the pleasure of running so its hard to convince it to do it again. However sometimes I need to write reports at 5-6AM so after that I don't have time in morning. So I need to look for optimum strategy.

Anyway, feeling good. Temperature is a bit lower today but its pleasing once I warmed up.",2026-09-09_08-44-28_hk_1788936268.fit,801,2026-09-09T06:57:48.000Z,800.000,1964.73,165,199,79,2.386,29.77,50.821056,4.402674
2026-09-09,Running,Morning Run,"*Murakami* is right in his memoir about running that if you skip more than one day, it's a disaster. Because mind forgets the pleasure of running so its hard to convince it to do it again. However sometimes I need to write reports at 5-6AM so after that I don't have time in morning. So I need to look for optimum strategy.

Anyway, feeling good. Temperature is a bit lower today but its pleasing once I warmed up.",2026-09-09_08-44-28_hk_1788936268.fit,802,2026-09-09T06:57:49.000Z,801.000,1966.76,165,199,79,2.383,29.78,50.821038,4.402692
2026-09-09,Running,Morning Run,"*Murakami* is right in his memoir about running that if you skip more than one day, it's a disaster. Because mind forgets the pleasure of running so its hard to convince it to do it again. However sometimes I need to write reports at 5-6AM so after that I don't have time in morning. So I need to look for optimum strategy.

Anyway, feeling good. Temperature is a bit lower today but its pleasing once I warmed up.",2026-09-09_08-44-28_hk_1788936268.fit,803,2026-09-09T06:57:50.000Z,802.000,1968.79,165,199,79,2.367,29.79,50.82102,4.40271
2026-09-09,Running,Morning Run,"*Murakami* is right in his memoir about running that if you skip more than one day, it's a disaster. Because mind forgets the pleasure of running so its hard to convince it to do it again. However sometimes I need to write reports at 5-6AM so after that I don't have time in morning. So I need to look for optimum strategy.

Anyway, feeling good. Temperature is a bit lower today but its pleasing once I warmed up.",2026-09-09_08-44-28_hk_1788936268.fit,804,2026-09-09T06:57:51.000Z,803.000,1970.82,165,198,79,2.324,29.8,50.821002,4.40271
2026-09-09,Running,Morning Run,"*Murakami* is right in his memoir about running that if you skip more than one day, it's a disaster. Because mind forgets the pleasure of running so its hard to convince it to do it again. However sometimes I need to write reports at 5-6AM so after that I don't have time in morning. So I need to look for optimum strategy.

Anyway, feeling good. Temperature is a bit lower today but its pleasing once I warmed up.",2026-09-09_08-44-28_hk_1788936268.fit,805,2026-09-09T06:57:52.000Z,804.000,1973.5,165,198,79,2.311,29.81,50.820984,4.402728
2026-09-09,Running,Morning Run,"*Murakami* is right in his memoir about running that if you skip more than one day, it's a disaster. Because mind forgets the pleasure of running so its hard to convince it to do it again. However sometimes I need to write reports at 5-6AM so after that I don't have time in morning. So I need to look for optimum strategy.

Anyway, feeling good. Temperature is a bit lower today but its pleasing once I warmed up.",2026-09-09_08-44-28_hk_1788936268.fit,806,2026-09-09T06:57:53.000Z,805.000,1976.18,165,197,79,2.338,29.81,50.820966,4.402746
2026-09-09,Running,Morning Run,"*Murakami* is right in his memoir about running that if you skip more than one day, it's a disaster. Because mind forgets the pleasure of running so its hard to convince it to do it again. However sometimes I need to write reports at 5-6AM so after that I don't have time in morning. So I need to look for optimum strategy.

Anyway, feeling good. Temperature is a bit lower today but its pleasing once I warmed up.",2026-09-09_08-44-28_hk_1788936268.fit,807,2026-09-09T06:57:54.000Z,806.000,1978.21,166,197,79,2.335,29.82,50.820948,4.402764
2026-09-09,Running,Morning Run,"*Murakami* is right in his memoir about running that if you skip more than one day, it's a disaster. Because mind forgets the pleasure of running so its hard to convince it to do it again. However sometimes I need to write reports at 5-6AM so after that I don't have time in morning. So I need to look for optimum strategy.

Anyway, feeling good. Temperature is a bit lower today but its pleasing once I warmed up.",2026-09-09_08-44-28_hk_1788936268.fit,808,2026-09-09T06:57:55.000Z,807.000,1980.24,166,197,79,2.332,29.82,50.82093,4.402782
2026-09-09,Running,Morning Run,"*Murakami* is right in his memoir about running that if you skip more than one day, it's a disaster. Because mind forgets the pleasure of running so its hard to convince it to do it again. However sometimes I need to write reports at 5-6AM so after that I don't have time in morning. So I need to look for optimum strategy.

Anyway, feeling good. Temperature is a bit lower today but its pleasing once I warmed up.",2026-09-09_08-44-28_hk_1788936268.fit,809,2026-09-09T06:57:56.000Z,808.000,1982.27,166,198,79,2.311,29.83,50.820912,4.4028
2026-09-09,Running,Morning Run,"*Murakami* is right in his memoir about running that if you skip more than one day, it's a disaster. Because mind forgets the pleasure of running so its hard to convince it to do it again. However sometimes I need to write reports at 5-6AM so after that I don't have time in morning. So I need to look for optimum strategy.

Anyway, feeling good. Temperature is a bit lower today but its pleasing once I warmed up.",2026-09-09_08-44-28_hk_1788936268.fit,810,2026-09-09T06:57:57.000Z,809.000,1985.45,166,198,79,2.342,29.83,50.820894,4.402818
2026-09-09,Running,Morning Run,"*Murakami* is right in his memoir about running that if you skip more than one day, it's a disaster. Because mind forgets the pleasure of running so its hard to convince it to do it again. However sometimes I need to write reports at 5-6AM so after that I don't have time in morning. So I need to look for optimum strategy.

Anyway, feeling good. Temperature is a bit lower today but its pleasing once I warmed up.",2026-09-09_08-44-28_hk_1788936268.fit,811,2026-09-09T06:57:58.000Z,810.000,1988.62,166,199,79,2.379,29.83,50.820876,4.402836
2026-09-09,Running,Morning Run,"*Murakami* is right in his memoir about running that if you skip more than one day, it's a disaster. Because mind forgets the pleasure of running so its hard to convince it to do it again. However sometimes I need to write reports at 5-6AM so after that I don't have time in morning. So I need to look for optimum strategy.

Anyway, feeling good. Temperature is a bit lower today but its pleasing once I warmed up.",2026-09-09_08-44-28_hk_1788936268.fit,812,2026-09-09T06:57:59.000Z,811.000,1990.93,166,199,79,2.377,29.84,50.820858,4.402854
2026-09-09,Running,Morning Run,"*Murakami* is right in his memoir about running that if you skip more than one day, it's a disaster. Because mind forgets the pleasure of running so its hard to convince it to do it again. However sometimes I need to write reports at 5-6AM so after that I don't have time in morning. So I need to look for optimum strategy.

Anyway, feeling good. Temperature is a bit lower today but its pleasing once I warmed up.",2026-09-09_08-44-28_hk_1788936268.fit,813,2026-09-09T06:58:00.000Z,812.000,1993.23,166,199,79,2.375,29.84,50.82084,4.402872
2026-09-09,Running,Morning Run,"*Murakami* is right in his memoir about running that if you skip more than one day, it's a disaster. Because mind forgets the pleasure of running so its hard to convince it to do it again. However sometimes I need to write reports at 5-6AM so after that I don't have time in morning. So I need to look for optimum strategy.

Anyway, feeling good. Temperature is a bit lower today but its pleasing once I warmed up.",2026-09-09_08-44-28_hk_1788936268.fit,814,2026-09-09T06:58:01.000Z,813.000,1995.53,166,201,79,2.33,29.85,50.820822,4.40289
2026-09-09,Running,Morning Run,"*Murakami* is right in his memoir about running that if you skip more than one day, it's a disaster. Because mind forgets the pleasure of running so its hard to convince it to do it again. However sometimes I need to write reports at 5-6AM so after that I don't have time in morning. So I need to look for optimum strategy.

Anyway, feeling good. Temperature is a bit lower today but its pleasing once I warmed up.",2026-09-09_08-44-28_hk_1788936268.fit,815,2026-09-09T06:58:02.000Z,814.000,1998.08,166,201,79,2.297,29.85,50.820804,4.402908
2026-09-09,Running,Morning Run,"*Murakami* is right in his memoir about running that if you skip more than one day, it's a disaster. Because mind forgets the pleasure of running so its hard to convince it to do it again. However sometimes I need to write reports at 5-6AM so after that I don't have time in morning. So I need to look for optimum strategy.

Anyway, feeling good. Temperature is a bit lower today but its pleasing once I warmed up.",2026-09-09_08-44-28_hk_1788936268.fit,816,2026-09-09T06:58:03.000Z,815.000,2000.62,166,201,79,2.34,29.85,50.820786,4.402926
2026-09-09,Running,Morning Run,"*Murakami* is right in his memoir about running that if you skip more than one day, it's a disaster. Because mind forgets the pleasure of running so its hard to convince it to do it again. However sometimes I need to write reports at 5-6AM so after that I don't have time in morning. So I need to look for optimum strategy.

Anyway, feeling good. Temperature is a bit lower today but its pleasing once I warmed up.",2026-09-09_08-44-28_hk_1788936268.fit,817,2026-09-09T06:58:04.000Z,816.000,2002.77,166,201,79,2.402,29.86,50.820768,4.402944
2026-09-09,Running,Morning Run,"*Murakami* is right in his memoir about running that if you skip more than one day, it's a disaster. Because mind forgets the pleasure of running so its hard to convince it to do it again. However sometimes I need to write reports at 5-6AM so after that I don't have time in morning. So I need to look for optimum strategy.

Anyway, feeling good. Temperature is a bit lower today but its pleasing once I warmed up.",2026-09-09_08-44-28_hk_1788936268.fit,818,2026-09-09T06:58:05.000Z,817.000,2004.91,166,201,79,2.391,29.86,50.82075,4.402962
2026-09-09,Running,Morning Run,"*Murakami* is right in his memoir about running that if you skip more than one day, it's a disaster. Because mind forgets the pleasure of running so its hard to convince it to do it again. However sometimes I need to write reports at 5-6AM so after that I don't have time in morning. So I need to look for optimum strategy.

Anyway, feeling good. Temperature is a bit lower today but its pleasing once I warmed up.",2026-09-09_08-44-28_hk_1788936268.fit,819,2026-09-09T06:58:06.000Z,818.000,2007.06,166,201,79,2.351,29.87,50.820732,4.402962
2026-09-09,Running,Morning Run,"*Murakami* is right in his memoir about running that if you skip more than one day, it's a disaster. Because mind forgets the pleasure of running so its hard to convince it to do it again. However sometimes I need to write reports at 5-6AM so after that I don't have time in morning. So I need to look for optimum strategy.

Anyway, feeling good. Temperature is a bit lower today but its pleasing once I warmed up.",2026-09-09_08-44-28_hk_1788936268.fit,820,2026-09-09T06:58:07.000Z,819.000,2010.64,166,201,79,2.389,29.87,50.820714,4.40298
2026-09-09,Running,Morning Run,"*Murakami* is right in his memoir about running that if you skip more than one day, it's a disaster. Because mind forgets the pleasure of running so its hard to convince it to do it again. However sometimes I need to write reports at 5-6AM so after that I don't have time in morning. So I need to look for optimum strategy.

Anyway, feeling good. Temperature is a bit lower today but its pleasing once I warmed up.",2026-09-09_08-44-28_hk_1788936268.fit,821,2026-09-09T06:58:08.000Z,820.000,2014.22,166,206,79,2.458,29.87,50.820696,4.40298
2026-09-09,Running,Morning Run,"*Murakami* is right in his memoir about running that if you skip more than one day, it's a disaster. Because mind forgets the pleasure of running so its hard to convince it to do it again. However sometimes I need to write reports at 5-6AM so after that I don't have time in morning. So I need to look for optimum strategy.

Anyway, feeling good. Temperature is a bit lower today but its pleasing once I warmed up.",2026-09-09_08-44-28_hk_1788936268.fit,822,2026-09-09T06:58:09.000Z,821.000,2016.19,166,206,79,2.45,29.88,50.82066,4.402998
2026-09-09,Running,Morning Run,"*Murakami* is right in his memoir about running that if you skip more than one day, it's a disaster. Because mind forgets the pleasure of running so its hard to convince it to do it again. However sometimes I need to write reports at 5-6AM so after that I don't have time in morning. So I need to look for optimum strategy.

Anyway, feeling good. Temperature is a bit lower today but its pleasing once I warmed up.",2026-09-09_08-44-28_hk_1788936268.fit,823,2026-09-09T06:58:10.000Z,822.000,2018.15,166,206,77,2.447,29.88,50.820642,4.402998
2026-09-09,Running,Morning Run,"*Murakami* is right in his memoir about running that if you skip more than one day, it's a disaster. Because mind forgets the pleasure of running so its hard to convince it to do it again. However sometimes I need to write reports at 5-6AM so after that I don't have time in morning. So I need to look for optimum strategy.

Anyway, feeling good. Temperature is a bit lower today but its pleasing once I warmed up.",2026-09-09_08-44-28_hk_1788936268.fit,824,2026-09-09T06:58:11.000Z,823.000,2020.11,166,206,77,2.444,29.88,50.820624,4.403016
2026-09-09,Running,Morning Run,"*Murakami* is right in his memoir about running that if you skip more than one day, it's a disaster. Because mind forgets the pleasure of running so its hard to convince it to do it again. However sometimes I need to write reports at 5-6AM so after that I don't have time in morning. So I need to look for optimum strategy.

Anyway, feeling good. Temperature is a bit lower today but its pleasing once I warmed up.",2026-09-09_08-44-28_hk_1788936268.fit,825,2026-09-09T06:58:12.000Z,824.000,2022.1,166,206,77,2.442,29.88,50.820606,4.402998
2026-09-09,Running,Morning Run,"*Murakami* is right in his memoir about running that if you skip more than one day, it's a disaster. Because mind forgets the pleasure of running so its hard to convince it to do it again. However sometimes I need to write reports at 5-6AM so after that I don't have time in morning. So I need to look for optimum strategy.

Anyway, feeling good. Temperature is a bit lower today but its pleasing once I warmed up.",2026-09-09_08-44-28_hk_1788936268.fit,826,2026-09-09T06:58:13.000Z,825.000,2024.09,166,206,79,2.409,29.88,50.820588,4.402998
2026-09-09,Running,Morning Run,"*Murakami* is right in his memoir about running that if you skip more than one day, it's a disaster. Because mind forgets the pleasure of running so its hard to convince it to do it again. However sometimes I need to write reports at 5-6AM so after that I don't have time in morning. So I need to look for optimum strategy.

Anyway, feeling good. Temperature is a bit lower today but its pleasing once I warmed up.",2026-09-09_08-44-28_hk_1788936268.fit,827,2026-09-09T06:58:14.000Z,826.000,2026.08,166,206,79,2.39,29.88,50.82057,4.40298
2026-09-09,Running,Morning Run,"*Murakami* is right in his memoir about running that if you skip more than one day, it's a disaster. Because mind forgets the pleasure of running so its hard to convince it to do it again. However sometimes I need to write reports at 5-6AM so after that I don't have time in morning. So I need to look for optimum strategy.

Anyway, feeling good. Temperature is a bit lower today but its pleasing once I warmed up.",2026-09-09_08-44-28_hk_1788936268.fit,828,2026-09-09T06:58:15.000Z,827.000,2029.77,166,206,79,2.455,29.88,50.820552,4.402944
2026-09-09,Running,Morning Run,"*Murakami* is right in his memoir about running that if you skip more than one day, it's a disaster. Because mind forgets the pleasure of running so its hard to convince it to do it again. However sometimes I need to write reports at 5-6AM so after that I don't have time in morning. So I need to look for optimum strategy.

Anyway, feeling good. Temperature is a bit lower today but its pleasing once I warmed up.",2026-09-09_08-44-28_hk_1788936268.fit,829,2026-09-09T06:58:16.000Z,828.000,2033.45,166,210,79,2.559,29.88,50.820534,4.402926
2026-09-09,Running,Morning Run,"*Murakami* is right in his memoir about running that if you skip more than one day, it's a disaster. Because mind forgets the pleasure of running so its hard to convince it to do it again. However sometimes I need to write reports at 5-6AM so after that I don't have time in morning. So I need to look for optimum strategy.

Anyway, feeling good. Temperature is a bit lower today but its pleasing once I warmed up.",2026-09-09_08-44-28_hk_1788936268.fit,830,2026-09-09T06:58:17.000Z,829.000,2036.07,166,210,79,2.531,29.87,50.820516,4.40289
2026-09-09,Running,Morning Run,"*Murakami* is right in his memoir about running that if you skip more than one day, it's a disaster. Because mind forgets the pleasure of running so its hard to convince it to do it again. However sometimes I need to write reports at 5-6AM so after that I don't have time in morning. So I need to look for optimum strategy.

Anyway, feeling good. Temperature is a bit lower today but its pleasing once I warmed up.",2026-09-09_08-44-28_hk_1788936268.fit,831,2026-09-09T06:58:18.000Z,830.000,2038.68,166,210,79,2.503,29.87,50.820498,4.402854
2026-09-09,Running,Morning Run,"*Murakami* is right in his memoir about running that if you skip more than one day, it's a disaster. Because mind forgets the pleasure of running so its hard to convince it to do it again. However sometimes I need to write reports at 5-6AM so after that I don't have time in morning. So I need to look for optimum strategy.

Anyway, feeling good. Temperature is a bit lower today but its pleasing once I warmed up.",2026-09-09_08-44-28_hk_1788936268.fit,832,2026-09-09T06:58:19.000Z,831.000,2041.3,166,213,79,2.519,29.87,50.82048,4.402836
2026-09-09,Running,Morning Run,"*Murakami* is right in his memoir about running that if you skip more than one day, it's a disaster. Because mind forgets the pleasure of running so its hard to convince it to do it again. However sometimes I need to write reports at 5-6AM so after that I don't have time in morning. So I need to look for optimum strategy.

Anyway, feeling good. Temperature is a bit lower today but its pleasing once I warmed up.",2026-09-09_08-44-28_hk_1788936268.fit,833,2026-09-09T06:58:20.000Z,832.000,2043.62,166,213,79,2.519,29.86,50.820462,4.4028
2026-09-09,Running,Morning Run,"*Murakami* is right in his memoir about running that if you skip more than one day, it's a disaster. Because mind forgets the pleasure of running so its hard to convince it to do it again. However sometimes I need to write reports at 5-6AM so after that I don't have time in morning. So I need to look for optimum strategy.

Anyway, feeling good. Temperature is a bit lower today but its pleasing once I warmed up.",2026-09-09_08-44-28_hk_1788936268.fit,834,2026-09-09T06:58:21.000Z,833.000,2045.93,166,214,79,2.52,29.86,50.820444,4.402782
2026-09-09,Running,Morning Run,"*Murakami* is right in his memoir about running that if you skip more than one day, it's a disaster. Because mind forgets the pleasure of running so its hard to convince it to do it again. However sometimes I need to write reports at 5-6AM so after that I don't have time in morning. So I need to look for optimum strategy.

Anyway, feeling good. Temperature is a bit lower today but its pleasing once I warmed up.",2026-09-09_08-44-28_hk_1788936268.fit,835,2026-09-09T06:58:22.000Z,834.000,2048.32,166,214,78,2.512,29.85,50.820426,4.402764
2026-09-09,Running,Morning Run,"*Murakami* is right in his memoir about running that if you skip more than one day, it's a disaster. Because mind forgets the pleasure of running so its hard to convince it to do it again. However sometimes I need to write reports at 5-6AM so after that I don't have time in morning. So I need to look for optimum strategy.

Anyway, feeling good. Temperature is a bit lower today but its pleasing once I warmed up.",2026-09-09_08-44-28_hk_1788936268.fit,836,2026-09-09T06:58:23.000Z,835.000,2050.71,166,214,78,2.505,29.85,50.820408,4.402746
2026-09-09,Running,Morning Run,"*Murakami* is right in his memoir about running that if you skip more than one day, it's a disaster. Because mind forgets the pleasure of running so its hard to convince it to do it again. However sometimes I need to write reports at 5-6AM so after that I don't have time in morning. So I need to look for optimum strategy.

Anyway, feeling good. Temperature is a bit lower today but its pleasing once I warmed up.",2026-09-09_08-44-28_hk_1788936268.fit,837,2026-09-09T06:58:24.000Z,836.000,2053.1,166,209,78,2.517,29.84,50.82039,4.40271
2026-09-09,Running,Morning Run,"*Murakami* is right in his memoir about running that if you skip more than one day, it's a disaster. Because mind forgets the pleasure of running so its hard to convince it to do it again. However sometimes I need to write reports at 5-6AM so after that I don't have time in morning. So I need to look for optimum strategy.

Anyway, feeling good. Temperature is a bit lower today but its pleasing once I warmed up.",2026-09-09_08-44-28_hk_1788936268.fit,838,2026-09-09T06:58:25.000Z,837.000,2055.55,166,209,70,2.532,29.84,50.82039,4.402692
2026-09-09,Running,Morning Run,"*Murakami* is right in his memoir about running that if you skip more than one day, it's a disaster. Because mind forgets the pleasure of running so its hard to convince it to do it again. However sometimes I need to write reports at 5-6AM so after that I don't have time in morning. So I need to look for optimum strategy.

Anyway, feeling good. Temperature is a bit lower today but its pleasing once I warmed up.",2026-09-09_08-44-28_hk_1788936268.fit,839,2026-09-09T06:58:26.000Z,838.000,2057.99,166,193,70,2.547,29.83,50.820372,4.402692
2026-09-09,Running,Morning Run,"*Murakami* is right in his memoir about running that if you skip more than one day, it's a disaster. Because mind forgets the pleasure of running so its hard to convince it to do it again. However sometimes I need to write reports at 5-6AM so after that I don't have time in morning. So I need to look for optimum strategy.

Anyway, feeling good. Temperature is a bit lower today but its pleasing once I warmed up.",2026-09-09_08-44-28_hk_1788936268.fit,840,2026-09-09T06:58:27.000Z,839.000,2059.35,166,193,70,2.49,29.82,50.820354,4.402674
2026-09-09,Running,Morning Run,"*Murakami* is right in his memoir about running that if you skip more than one day, it's a disaster. Because mind forgets the pleasure of running so its hard to convince it to do it again. However sometimes I need to write reports at 5-6AM so after that I don't have time in morning. So I need to look for optimum strategy.

Anyway, feeling good. Temperature is a bit lower today but its pleasing once I warmed up.",2026-09-09_08-44-28_hk_1788936268.fit,841,2026-09-09T06:58:28.000Z,840.000,2060.71,166,193,52,2.384,29.81,50.820336,4.402674
2026-09-09,Running,Morning Run,"*Murakami* is right in his memoir about running that if you skip more than one day, it's a disaster. Because mind forgets the pleasure of running so its hard to convince it to do it again. However sometimes I need to write reports at 5-6AM so after that I don't have time in morning. So I need to look for optimum strategy.

Anyway, feeling good. Temperature is a bit lower today but its pleasing once I warmed up.",2026-09-09_08-44-28_hk_1788936268.fit,842,2026-09-09T06:58:29.000Z,841.000,2062.07,166,193,52,2.337,29.8,50.820318,4.402656
2026-09-09,Running,Morning Run,"*Murakami* is right in his memoir about running that if you skip more than one day, it's a disaster. Because mind forgets the pleasure of running so its hard to convince it to do it again. However sometimes I need to write reports at 5-6AM so after that I don't have time in morning. So I need to look for optimum strategy.

Anyway, feeling good. Temperature is a bit lower today but its pleasing once I warmed up.",2026-09-09_08-44-28_hk_1788936268.fit,843,2026-09-09T06:58:30.000Z,842.000,2062.98,166,193,52,2.276,29.78,50.8203,4.402656
2026-09-09,Running,Morning Run,"*Murakami* is right in his memoir about running that if you skip more than one day, it's a disaster. Because mind forgets the pleasure of running so its hard to convince it to do it again. However sometimes I need to write reports at 5-6AM so after that I don't have time in morning. So I need to look for optimum strategy.

Anyway, feeling good. Temperature is a bit lower today but its pleasing once I warmed up.",2026-09-09_08-44-28_hk_1788936268.fit,844,2026-09-09T06:58:31.000Z,843.000,2063.9,166,193,44,2.219,29.77,50.8203,4.402656