workout_date,workout_type,title,notes,source_file,record_index,timestamp,elapsed_seconds,distance_m,heart_rate,power,cadence,speed,altitude,latitude,longitude
2026-05-03,training,Stretching and Yoga,"I was planning to go to run in the morning but its raining whole day so I was waiting for it to stop. Oops!!

Anyway I was feeling lazy so I decided to do indoor light exercise—a mix of rope jumping, yoga and stretching. Feeling good now. :)",2026-05-03_19-03-06_hk_1777827786.fit,1,2026-05-03T17:04:45.000Z,0.000,,154,,,,,,
2026-05-03,training,Stretching and Yoga,"I was planning to go to run in the morning but its raining whole day so I was waiting for it to stop. Oops!!

Anyway I was feeling lazy so I decided to do indoor light exercise—a mix of rope jumping, yoga and stretching. Feeling good now. :)",2026-05-03_19-03-06_hk_1777827786.fit,2,2026-05-03T17:04:46.000Z,1.000,,154,,,,,,
2026-05-03,training,Stretching and Yoga,"I was planning to go to run in the morning but its raining whole day so I was waiting for it to stop. Oops!!

Anyway I was feeling lazy so I decided to do indoor light exercise—a mix of rope jumping, yoga and stretching. Feeling good now. :)",2026-05-03_19-03-06_hk_1777827786.fit,3,2026-05-03T17:04:49.000Z,4.000,,154,,,,,,
2026-05-03,training,Stretching and Yoga,"I was planning to go to run in the morning but its raining whole day so I was waiting for it to stop. Oops!!

Anyway I was feeling lazy so I decided to do indoor light exercise—a mix of rope jumping, yoga and stretching. Feeling good now. :)",2026-05-03_19-03-06_hk_1777827786.fit,4,2026-05-03T17:04:51.000Z,6.000,,154,,,,,,
2026-05-03,training,Stretching and Yoga,"I was planning to go to run in the morning but its raining whole day so I was waiting for it to stop. Oops!!

Anyway I was feeling lazy so I decided to do indoor light exercise—a mix of rope jumping, yoga and stretching. Feeling good now. :)",2026-05-03_19-03-06_hk_1777827786.fit,5,2026-05-03T17:04:54.000Z,9.000,,154,,,,,,
2026-05-03,training,Stretching and Yoga,"I was planning to go to run in the morning but its raining whole day so I was waiting for it to stop. Oops!!

Anyway I was feeling lazy so I decided to do indoor light exercise—a mix of rope jumping, yoga and stretching. Feeling good now. :)",2026-05-03_19-03-06_hk_1777827786.fit,6,2026-05-03T17:04:55.000Z,10.000,,151,,,,,,
2026-05-03,training,Stretching and Yoga,"I was planning to go to run in the morning but its raining whole day so I was waiting for it to stop. Oops!!

Anyway I was feeling lazy so I decided to do indoor light exercise—a mix of rope jumping, yoga and stretching. Feeling good now. :)",2026-05-03_19-03-06_hk_1777827786.fit,7,2026-05-03T17:04:56.000Z,11.000,,150,,,,,,
2026-05-03,training,Stretching and Yoga,"I was planning to go to run in the morning but its raining whole day so I was waiting for it to stop. Oops!!

Anyway I was feeling lazy so I decided to do indoor light exercise—a mix of rope jumping, yoga and stretching. Feeling good now. :)",2026-05-03_19-03-06_hk_1777827786.fit,8,2026-05-03T17:04:57.000Z,12.000,,150,,,,,,
2026-05-03,training,Stretching and Yoga,"I was planning to go to run in the morning but its raining whole day so I was waiting for it to stop. Oops!!

Anyway I was feeling lazy so I decided to do indoor light exercise—a mix of rope jumping, yoga and stretching. Feeling good now. :)",2026-05-03_19-03-06_hk_1777827786.fit,9,2026-05-03T17:04:59.000Z,14.000,,150,,,,,,
2026-05-03,training,Stretching and Yoga,"I was planning to go to run in the morning but its raining whole day so I was waiting for it to stop. Oops!!

Anyway I was feeling lazy so I decided to do indoor light exercise—a mix of rope jumping, yoga and stretching. Feeling good now. :)",2026-05-03_19-03-06_hk_1777827786.fit,10,2026-05-03T17:05:02.000Z,17.000,,148,,,,,,
2026-05-03,training,Stretching and Yoga,"I was planning to go to run in the morning but its raining whole day so I was waiting for it to stop. Oops!!

Anyway I was feeling lazy so I decided to do indoor light exercise—a mix of rope jumping, yoga and stretching. Feeling good now. :)",2026-05-03_19-03-06_hk_1777827786.fit,11,2026-05-03T17:05:04.000Z,19.000,,148,,,,,,
2026-05-03,training,Stretching and Yoga,"I was planning to go to run in the morning but its raining whole day so I was waiting for it to stop. Oops!!

Anyway I was feeling lazy so I decided to do indoor light exercise—a mix of rope jumping, yoga and stretching. Feeling good now. :)",2026-05-03_19-03-06_hk_1777827786.fit,12,2026-05-03T17:05:06.000Z,21.000,,148,,,,,,
2026-05-03,training,Stretching and Yoga,"I was planning to go to run in the morning but its raining whole day so I was waiting for it to stop. Oops!!

Anyway I was feeling lazy so I decided to do indoor light exercise—a mix of rope jumping, yoga and stretching. Feeling good now. :)",2026-05-03_19-03-06_hk_1777827786.fit,13,2026-05-03T17:05:07.000Z,22.000,,148,,,,,,
2026-05-03,training,Stretching and Yoga,"I was planning to go to run in the morning but its raining whole day so I was waiting for it to stop. Oops!!

Anyway I was feeling lazy so I decided to do indoor light exercise—a mix of rope jumping, yoga and stretching. Feeling good now. :)",2026-05-03_19-03-06_hk_1777827786.fit,14,2026-05-03T17:05:09.000Z,24.000,,148,,,,,,
2026-05-03,training,Stretching and Yoga,"I was planning to go to run in the morning but its raining whole day so I was waiting for it to stop. Oops!!

Anyway I was feeling lazy so I decided to do indoor light exercise—a mix of rope jumping, yoga and stretching. Feeling good now. :)",2026-05-03_19-03-06_hk_1777827786.fit,15,2026-05-03T17:05:12.000Z,27.000,,150,,,,,,
2026-05-03,training,Stretching and Yoga,"I was planning to go to run in the morning but its raining whole day so I was waiting for it to stop. Oops!!

Anyway I was feeling lazy so I decided to do indoor light exercise—a mix of rope jumping, yoga and stretching. Feeling good now. :)",2026-05-03_19-03-06_hk_1777827786.fit,16,2026-05-03T17:05:15.000Z,30.000,,150,,,,,,
2026-05-03,training,Stretching and Yoga,"I was planning to go to run in the morning but its raining whole day so I was waiting for it to stop. Oops!!

Anyway I was feeling lazy so I decided to do indoor light exercise—a mix of rope jumping, yoga and stretching. Feeling good now. :)",2026-05-03_19-03-06_hk_1777827786.fit,17,2026-05-03T17:05:17.000Z,32.000,,150,,,,,,
2026-05-03,training,Stretching and Yoga,"I was planning to go to run in the morning but its raining whole day so I was waiting for it to stop. Oops!!

Anyway I was feeling lazy so I decided to do indoor light exercise—a mix of rope jumping, yoga and stretching. Feeling good now. :)",2026-05-03_19-03-06_hk_1777827786.fit,18,2026-05-03T17:05:18.000Z,33.000,,152,,,,,,
2026-05-03,training,Stretching and Yoga,"I was planning to go to run in the morning but its raining whole day so I was waiting for it to stop. Oops!!

Anyway I was feeling lazy so I decided to do indoor light exercise—a mix of rope jumping, yoga and stretching. Feeling good now. :)",2026-05-03_19-03-06_hk_1777827786.fit,19,2026-05-03T17:05:20.000Z,35.000,,152,,,,,,
2026-05-03,training,Stretching and Yoga,"I was planning to go to run in the morning but its raining whole day so I was waiting for it to stop. Oops!!

Anyway I was feeling lazy so I decided to do indoor light exercise—a mix of rope jumping, yoga and stretching. Feeling good now. :)",2026-05-03_19-03-06_hk_1777827786.fit,20,2026-05-03T17:05:22.000Z,37.000,,152,,,,,,
2026-05-03,training,Stretching and Yoga,"I was planning to go to run in the morning but its raining whole day so I was waiting for it to stop. Oops!!

Anyway I was feeling lazy so I decided to do indoor light exercise—a mix of rope jumping, yoga and stretching. Feeling good now. :)",2026-05-03_19-03-06_hk_1777827786.fit,21,2026-05-03T17:05:24.000Z,39.000,,156,,,,,,
2026-05-03,training,Stretching and Yoga,"I was planning to go to run in the morning but its raining whole day so I was waiting for it to stop. Oops!!

Anyway I was feeling lazy so I decided to do indoor light exercise—a mix of rope jumping, yoga and stretching. Feeling good now. :)",2026-05-03_19-03-06_hk_1777827786.fit,22,2026-05-03T17:05:25.000Z,40.000,,156,,,,,,
2026-05-03,training,Stretching and Yoga,"I was planning to go to run in the morning but its raining whole day so I was waiting for it to stop. Oops!!

Anyway I was feeling lazy so I decided to do indoor light exercise—a mix of rope jumping, yoga and stretching. Feeling good now. :)",2026-05-03_19-03-06_hk_1777827786.fit,23,2026-05-03T17:05:27.000Z,42.000,,156,,,,,,
2026-05-03,training,Stretching and Yoga,"I was planning to go to run in the morning but its raining whole day so I was waiting for it to stop. Oops!!

Anyway I was feeling lazy so I decided to do indoor light exercise—a mix of rope jumping, yoga and stretching. Feeling good now. :)",2026-05-03_19-03-06_hk_1777827786.fit,24,2026-05-03T17:05:29.000Z,44.000,,157,,,,,,
2026-05-03,training,Stretching and Yoga,"I was planning to go to run in the morning but its raining whole day so I was waiting for it to stop. Oops!!

Anyway I was feeling lazy so I decided to do indoor light exercise—a mix of rope jumping, yoga and stretching. Feeling good now. :)",2026-05-03_19-03-06_hk_1777827786.fit,25,2026-05-03T17:05:30.000Z,45.000,,157,,,,,,
2026-05-03,training,Stretching and Yoga,"I was planning to go to run in the morning but its raining whole day so I was waiting for it to stop. Oops!!

Anyway I was feeling lazy so I decided to do indoor light exercise—a mix of rope jumping, yoga and stretching. Feeling good now. :)",2026-05-03_19-03-06_hk_1777827786.fit,26,2026-05-03T17:05:32.000Z,47.000,,157,,,,,,
2026-05-03,training,Stretching and Yoga,"I was planning to go to run in the morning but its raining whole day so I was waiting for it to stop. Oops!!

Anyway I was feeling lazy so I decided to do indoor light exercise—a mix of rope jumping, yoga and stretching. Feeling good now. :)",2026-05-03_19-03-06_hk_1777827786.fit,27,2026-05-03T17:05:35.000Z,50.000,,157,,,,,,
2026-05-03,training,Stretching and Yoga,"I was planning to go to run in the morning but its raining whole day so I was waiting for it to stop. Oops!!

Anyway I was feeling lazy so I decided to do indoor light exercise—a mix of rope jumping, yoga and stretching. Feeling good now. :)",2026-05-03_19-03-06_hk_1777827786.fit,28,2026-05-03T17:05:36.000Z,51.000,,158,,,,,,
2026-05-03,training,Stretching and Yoga,"I was planning to go to run in the morning but its raining whole day so I was waiting for it to stop. Oops!!

Anyway I was feeling lazy so I decided to do indoor light exercise—a mix of rope jumping, yoga and stretching. Feeling good now. :)",2026-05-03_19-03-06_hk_1777827786.fit,29,2026-05-03T17:05:38.000Z,53.000,,158,,,,,,
2026-05-03,training,Stretching and Yoga,"I was planning to go to run in the morning but its raining whole day so I was waiting for it to stop. Oops!!

Anyway I was feeling lazy so I decided to do indoor light exercise—a mix of rope jumping, yoga and stretching. Feeling good now. :)",2026-05-03_19-03-06_hk_1777827786.fit,30,2026-05-03T17:05:40.000Z,55.000,,158,,,,,,
2026-05-03,training,Stretching and Yoga,"I was planning to go to run in the morning but its raining whole day so I was waiting for it to stop. Oops!!

Anyway I was feeling lazy so I decided to do indoor light exercise—a mix of rope jumping, yoga and stretching. Feeling good now. :)",2026-05-03_19-03-06_hk_1777827786.fit,31,2026-05-03T17:05:41.000Z,56.000,,156,,,,,,
2026-05-03,training,Stretching and Yoga,"I was planning to go to run in the morning but its raining whole day so I was waiting for it to stop. Oops!!

Anyway I was feeling lazy so I decided to do indoor light exercise—a mix of rope jumping, yoga and stretching. Feeling good now. :)",2026-05-03_19-03-06_hk_1777827786.fit,32,2026-05-03T17:05:43.000Z,58.000,,156,,,,,,
2026-05-03,training,Stretching and Yoga,"I was planning to go to run in the morning but its raining whole day so I was waiting for it to stop. Oops!!

Anyway I was feeling lazy so I decided to do indoor light exercise—a mix of rope jumping, yoga and stretching. Feeling good now. :)",2026-05-03_19-03-06_hk_1777827786.fit,33,2026-05-03T17:05:45.000Z,60.000,,156,,,,,,
2026-05-03,training,Stretching and Yoga,"I was planning to go to run in the morning but its raining whole day so I was waiting for it to stop. Oops!!

Anyway I was feeling lazy so I decided to do indoor light exercise—a mix of rope jumping, yoga and stretching. Feeling good now. :)",2026-05-03_19-03-06_hk_1777827786.fit,34,2026-05-03T17:05:48.000Z,63.000,,156,,,,,,
2026-05-03,training,Stretching and Yoga,"I was planning to go to run in the morning but its raining whole day so I was waiting for it to stop. Oops!!

Anyway I was feeling lazy so I decided to do indoor light exercise—a mix of rope jumping, yoga and stretching. Feeling good now. :)",2026-05-03_19-03-06_hk_1777827786.fit,35,2026-05-03T17:05:50.000Z,65.000,,155,,,,,,
2026-05-03,training,Stretching and Yoga,"I was planning to go to run in the morning but its raining whole day so I was waiting for it to stop. Oops!!

Anyway I was feeling lazy so I decided to do indoor light exercise—a mix of rope jumping, yoga and stretching. Feeling good now. :)",2026-05-03_19-03-06_hk_1777827786.fit,36,2026-05-03T17:05:51.000Z,66.000,,154,,,,,,
2026-05-03,training,Stretching and Yoga,"I was planning to go to run in the morning but its raining whole day so I was waiting for it to stop. Oops!!

Anyway I was feeling lazy so I decided to do indoor light exercise—a mix of rope jumping, yoga and stretching. Feeling good now. :)",2026-05-03_19-03-06_hk_1777827786.fit,37,2026-05-03T17:05:53.000Z,68.000,,154,,,,,,
2026-05-03,training,Stretching and Yoga,"I was planning to go to run in the morning but its raining whole day so I was waiting for it to stop. Oops!!

Anyway I was feeling lazy so I decided to do indoor light exercise—a mix of rope jumping, yoga and stretching. Feeling good now. :)",2026-05-03_19-03-06_hk_1777827786.fit,38,2026-05-03T17:05:56.000Z,71.000,,154,,,,,,
2026-05-03,training,Stretching and Yoga,"I was planning to go to run in the morning but its raining whole day so I was waiting for it to stop. Oops!!

Anyway I was feeling lazy so I decided to do indoor light exercise—a mix of rope jumping, yoga and stretching. Feeling good now. :)",2026-05-03_19-03-06_hk_1777827786.fit,39,2026-05-03T17:05:58.000Z,73.000,,154,,,,,,
2026-05-03,training,Stretching and Yoga,"I was planning to go to run in the morning but its raining whole day so I was waiting for it to stop. Oops!!

Anyway I was feeling lazy so I decided to do indoor light exercise—a mix of rope jumping, yoga and stretching. Feeling good now. :)",2026-05-03_19-03-06_hk_1777827786.fit,40,2026-05-03T17:06:01.000Z,76.000,,154,,,,,,
2026-05-03,training,Stretching and Yoga,"I was planning to go to run in the morning but its raining whole day so I was waiting for it to stop. Oops!!

Anyway I was feeling lazy so I decided to do indoor light exercise—a mix of rope jumping, yoga and stretching. Feeling good now. :)",2026-05-03_19-03-06_hk_1777827786.fit,41,2026-05-03T17:06:03.000Z,78.000,,154,,,,,,
2026-05-03,training,Stretching and Yoga,"I was planning to go to run in the morning but its raining whole day so I was waiting for it to stop. Oops!!

Anyway I was feeling lazy so I decided to do indoor light exercise—a mix of rope jumping, yoga and stretching. Feeling good now. :)",2026-05-03_19-03-06_hk_1777827786.fit,42,2026-05-03T17:06:05.000Z,80.000,,145,,,,,,
2026-05-03,training,Stretching and Yoga,"I was planning to go to run in the morning but its raining whole day so I was waiting for it to stop. Oops!!

Anyway I was feeling lazy so I decided to do indoor light exercise—a mix of rope jumping, yoga and stretching. Feeling good now. :)",2026-05-03_19-03-06_hk_1777827786.fit,43,2026-05-03T17:06:06.000Z,81.000,,145,,,,,,
2026-05-03,training,Stretching and Yoga,"I was planning to go to run in the morning but its raining whole day so I was waiting for it to stop. Oops!!

Anyway I was feeling lazy so I decided to do indoor light exercise—a mix of rope jumping, yoga and stretching. Feeling good now. :)",2026-05-03_19-03-06_hk_1777827786.fit,44,2026-05-03T17:06:08.000Z,83.000,,145,,,,,,
2026-05-03,training,Stretching and Yoga,"I was planning to go to run in the morning but its raining whole day so I was waiting for it to stop. Oops!!

Anyway I was feeling lazy so I decided to do indoor light exercise—a mix of rope jumping, yoga and stretching. Feeling good now. :)",2026-05-03_19-03-06_hk_1777827786.fit,45,2026-05-03T17:06:10.000Z,85.000,,140,,,,,,
2026-05-03,training,Stretching and Yoga,"I was planning to go to run in the morning but its raining whole day so I was waiting for it to stop. Oops!!

Anyway I was feeling lazy so I decided to do indoor light exercise—a mix of rope jumping, yoga and stretching. Feeling good now. :)",2026-05-03_19-03-06_hk_1777827786.fit,46,2026-05-03T17:06:11.000Z,86.000,,140,,,,,,
2026-05-03,training,Stretching and Yoga,"I was planning to go to run in the morning but its raining whole day so I was waiting for it to stop. Oops!!

Anyway I was feeling lazy so I decided to do indoor light exercise—a mix of rope jumping, yoga and stretching. Feeling good now. :)",2026-05-03_19-03-06_hk_1777827786.fit,47,2026-05-03T17:06:13.000Z,88.000,,140,,,,,,
2026-05-03,training,Stretching and Yoga,"I was planning to go to run in the morning but its raining whole day so I was waiting for it to stop. Oops!!

Anyway I was feeling lazy so I decided to do indoor light exercise—a mix of rope jumping, yoga and stretching. Feeling good now. :)",2026-05-03_19-03-06_hk_1777827786.fit,48,2026-05-03T17:06:16.000Z,91.000,,140,,,,,,
2026-05-03,training,Stretching and Yoga,"I was planning to go to run in the morning but its raining whole day so I was waiting for it to stop. Oops!!

Anyway I was feeling lazy so I decided to do indoor light exercise—a mix of rope jumping, yoga and stretching. Feeling good now. :)",2026-05-03_19-03-06_hk_1777827786.fit,49,2026-05-03T17:06:17.000Z,92.000,,135,,,,,,
2026-05-03,training,Stretching and Yoga,"I was planning to go to run in the morning but its raining whole day so I was waiting for it to stop. Oops!!

Anyway I was feeling lazy so I decided to do indoor light exercise—a mix of rope jumping, yoga and stretching. Feeling good now. :)",2026-05-03_19-03-06_hk_1777827786.fit,50,2026-05-03T17:06:19.000Z,94.000,,135,,,,,,
2026-05-03,training,Stretching and Yoga,"I was planning to go to run in the morning but its raining whole day so I was waiting for it to stop. Oops!!

Anyway I was feeling lazy so I decided to do indoor light exercise—a mix of rope jumping, yoga and stretching. Feeling good now. :)",2026-05-03_19-03-06_hk_1777827786.fit,51,2026-05-03T17:06:21.000Z,96.000,,135,,,,,,
2026-05-03,training,Stretching and Yoga,"I was planning to go to run in the morning but its raining whole day so I was waiting for it to stop. Oops!!

Anyway I was feeling lazy so I decided to do indoor light exercise—a mix of rope jumping, yoga and stretching. Feeling good now. :)",2026-05-03_19-03-06_hk_1777827786.fit,52,2026-05-03T17:06:24.000Z,99.000,,135,,,,,,
2026-05-03,training,Stretching and Yoga,"I was planning to go to run in the morning but its raining whole day so I was waiting for it to stop. Oops!!

Anyway I was feeling lazy so I decided to do indoor light exercise—a mix of rope jumping, yoga and stretching. Feeling good now. :)",2026-05-03_19-03-06_hk_1777827786.fit,53,2026-05-03T17:06:26.000Z,101.000,,128,,,,,,
2026-05-03,training,Stretching and Yoga,"I was planning to go to run in the morning but its raining whole day so I was waiting for it to stop. Oops!!

Anyway I was feeling lazy so I decided to do indoor light exercise—a mix of rope jumping, yoga and stretching. Feeling good now. :)",2026-05-03_19-03-06_hk_1777827786.fit,54,2026-05-03T17:06:27.000Z,102.000,,128,,,,,,
2026-05-03,training,Stretching and Yoga,"I was planning to go to run in the morning but its raining whole day so I was waiting for it to stop. Oops!!

Anyway I was feeling lazy so I decided to do indoor light exercise—a mix of rope jumping, yoga and stretching. Feeling good now. :)",2026-05-03_19-03-06_hk_1777827786.fit,55,2026-05-03T17:06:29.000Z,104.000,,128,,,,,,
2026-05-03,training,Stretching and Yoga,"I was planning to go to run in the morning but its raining whole day so I was waiting for it to stop. Oops!!

Anyway I was feeling lazy so I decided to do indoor light exercise—a mix of rope jumping, yoga and stretching. Feeling good now. :)",2026-05-03_19-03-06_hk_1777827786.fit,56,2026-05-03T17:06:31.000Z,106.000,,128,,,,,,
2026-05-03,training,Stretching and Yoga,"I was planning to go to run in the morning but its raining whole day so I was waiting for it to stop. Oops!!

Anyway I was feeling lazy so I decided to do indoor light exercise—a mix of rope jumping, yoga and stretching. Feeling good now. :)",2026-05-03_19-03-06_hk_1777827786.fit,57,2026-05-03T17:06:32.000Z,107.000,,128,,,,,,
2026-05-03,training,Stretching and Yoga,"I was planning to go to run in the morning but its raining whole day so I was waiting for it to stop. Oops!!

Anyway I was feeling lazy so I decided to do indoor light exercise—a mix of rope jumping, yoga and stretching. Feeling good now. :)",2026-05-03_19-03-06_hk_1777827786.fit,58,2026-05-03T17:06:34.000Z,109.000,,128,,,,,,
2026-05-03,training,Stretching and Yoga,"I was planning to go to run in the morning but its raining whole day so I was waiting for it to stop. Oops!!

Anyway I was feeling lazy so I decided to do indoor light exercise—a mix of rope jumping, yoga and stretching. Feeling good now. :)",2026-05-03_19-03-06_hk_1777827786.fit,59,2026-05-03T17:06:36.000Z,111.000,,128,,,,,,
2026-05-03,training,Stretching and Yoga,"I was planning to go to run in the morning but its raining whole day so I was waiting for it to stop. Oops!!

Anyway I was feeling lazy so I decided to do indoor light exercise—a mix of rope jumping, yoga and stretching. Feeling good now. :)",2026-05-03_19-03-06_hk_1777827786.fit,60,2026-05-03T17:06:38.000Z,113.000,,121,,,,,,
2026-05-03,training,Stretching and Yoga,"I was planning to go to run in the morning but its raining whole day so I was waiting for it to stop. Oops!!

Anyway I was feeling lazy so I decided to do indoor light exercise—a mix of rope jumping, yoga and stretching. Feeling good now. :)",2026-05-03_19-03-06_hk_1777827786.fit,61,2026-05-03T17:06:39.000Z,114.000,,121,,,,,,
2026-05-03,training,Stretching and Yoga,"I was planning to go to run in the morning but its raining whole day so I was waiting for it to stop. Oops!!

Anyway I was feeling lazy so I decided to do indoor light exercise—a mix of rope jumping, yoga and stretching. Feeling good now. :)",2026-05-03_19-03-06_hk_1777827786.fit,62,2026-05-03T17:06:42.000Z,117.000,,119,,,,,,
2026-05-03,training,Stretching and Yoga,"I was planning to go to run in the morning but its raining whole day so I was waiting for it to stop. Oops!!

Anyway I was feeling lazy so I decided to do indoor light exercise—a mix of rope jumping, yoga and stretching. Feeling good now. :)",2026-05-03_19-03-06_hk_1777827786.fit,63,2026-05-03T17:06:44.000Z,119.000,,119,,,,,,
2026-05-03,training,Stretching and Yoga,"I was planning to go to run in the morning but its raining whole day so I was waiting for it to stop. Oops!!

Anyway I was feeling lazy so I decided to do indoor light exercise—a mix of rope jumping, yoga and stretching. Feeling good now. :)",2026-05-03_19-03-06_hk_1777827786.fit,64,2026-05-03T17:06:47.000Z,122.000,,119,,,,,,
2026-05-03,training,Stretching and Yoga,"I was planning to go to run in the morning but its raining whole day so I was waiting for it to stop. Oops!!

Anyway I was feeling lazy so I decided to do indoor light exercise—a mix of rope jumping, yoga and stretching. Feeling good now. :)",2026-05-03_19-03-06_hk_1777827786.fit,65,2026-05-03T17:06:49.000Z,124.000,,119,,,,,,
2026-05-03,training,Stretching and Yoga,"I was planning to go to run in the morning but its raining whole day so I was waiting for it to stop. Oops!!

Anyway I was feeling lazy so I decided to do indoor light exercise—a mix of rope jumping, yoga and stretching. Feeling good now. :)",2026-05-03_19-03-06_hk_1777827786.fit,66,2026-05-03T17:06:50.000Z,125.000,,116,,,,,,
2026-05-03,training,Stretching and Yoga,"I was planning to go to run in the morning but its raining whole day so I was waiting for it to stop. Oops!!

Anyway I was feeling lazy so I decided to do indoor light exercise—a mix of rope jumping, yoga and stretching. Feeling good now. :)",2026-05-03_19-03-06_hk_1777827786.fit,67,2026-05-03T17:06:52.000Z,127.000,,116,,,,,,
2026-05-03,training,Stretching and Yoga,"I was planning to go to run in the morning but its raining whole day so I was waiting for it to stop. Oops!!

Anyway I was feeling lazy so I decided to do indoor light exercise—a mix of rope jumping, yoga and stretching. Feeling good now. :)",2026-05-03_19-03-06_hk_1777827786.fit,68,2026-05-03T17:06:54.000Z,129.000,,119,,,,,,
2026-05-03,training,Stretching and Yoga,"I was planning to go to run in the morning but its raining whole day so I was waiting for it to stop. Oops!!

Anyway I was feeling lazy so I decided to do indoor light exercise—a mix of rope jumping, yoga and stretching. Feeling good now. :)",2026-05-03_19-03-06_hk_1777827786.fit,69,2026-05-03T17:06:57.000Z,132.000,,121,,,,,,
2026-05-03,training,Stretching and Yoga,"I was planning to go to run in the morning but its raining whole day so I was waiting for it to stop. Oops!!

Anyway I was feeling lazy so I decided to do indoor light exercise—a mix of rope jumping, yoga and stretching. Feeling good now. :)",2026-05-03_19-03-06_hk_1777827786.fit,70,2026-05-03T17:07:00.000Z,135.000,,121,,,,,,
2026-05-03,training,Stretching and Yoga,"I was planning to go to run in the morning but its raining whole day so I was waiting for it to stop. Oops!!

Anyway I was feeling lazy so I decided to do indoor light exercise—a mix of rope jumping, yoga and stretching. Feeling good now. :)",2026-05-03_19-03-06_hk_1777827786.fit,71,2026-05-03T17:07:02.000Z,137.000,,121,,,,,,
2026-05-03,training,Stretching and Yoga,"I was planning to go to run in the morning but its raining whole day so I was waiting for it to stop. Oops!!

Anyway I was feeling lazy so I decided to do indoor light exercise—a mix of rope jumping, yoga and stretching. Feeling good now. :)",2026-05-03_19-03-06_hk_1777827786.fit,72,2026-05-03T17:07:05.000Z,140.000,,129,,,,,,
2026-05-03,training,Stretching and Yoga,"I was planning to go to run in the morning but its raining whole day so I was waiting for it to stop. Oops!!

Anyway I was feeling lazy so I decided to do indoor light exercise—a mix of rope jumping, yoga and stretching. Feeling good now. :)",2026-05-03_19-03-06_hk_1777827786.fit,73,2026-05-03T17:07:07.000Z,142.000,,129,,,,,,
2026-05-03,training,Stretching and Yoga,"I was planning to go to run in the morning but its raining whole day so I was waiting for it to stop. Oops!!

Anyway I was feeling lazy so I decided to do indoor light exercise—a mix of rope jumping, yoga and stretching. Feeling good now. :)",2026-05-03_19-03-06_hk_1777827786.fit,74,2026-05-03T17:07:09.000Z,144.000,,132,,,,,,
2026-05-03,training,Stretching and Yoga,"I was planning to go to run in the morning but its raining whole day so I was waiting for it to stop. Oops!!

Anyway I was feeling lazy so I decided to do indoor light exercise—a mix of rope jumping, yoga and stretching. Feeling good now. :)",2026-05-03_19-03-06_hk_1777827786.fit,75,2026-05-03T17:07:10.000Z,145.000,,132,,,,,,
2026-05-03,training,Stretching and Yoga,"I was planning to go to run in the morning but its raining whole day so I was waiting for it to stop. Oops!!

Anyway I was feeling lazy so I decided to do indoor light exercise—a mix of rope jumping, yoga and stretching. Feeling good now. :)",2026-05-03_19-03-06_hk_1777827786.fit,76,2026-05-03T17:07:12.000Z,147.000,,132,,,,,,
2026-05-03,training,Stretching and Yoga,"I was planning to go to run in the morning but its raining whole day so I was waiting for it to stop. Oops!!

Anyway I was feeling lazy so I decided to do indoor light exercise—a mix of rope jumping, yoga and stretching. Feeling good now. :)",2026-05-03_19-03-06_hk_1777827786.fit,77,2026-05-03T17:07:15.000Z,150.000,,132,,,,,,
2026-05-03,training,Stretching and Yoga,"I was planning to go to run in the morning but its raining whole day so I was waiting for it to stop. Oops!!

Anyway I was feeling lazy so I decided to do indoor light exercise—a mix of rope jumping, yoga and stretching. Feeling good now. :)",2026-05-03_19-03-06_hk_1777827786.fit,78,2026-05-03T17:07:17.000Z,152.000,,132,,,,,,
2026-05-03,training,Stretching and Yoga,"I was planning to go to run in the morning but its raining whole day so I was waiting for it to stop. Oops!!

Anyway I was feeling lazy so I decided to do indoor light exercise—a mix of rope jumping, yoga and stretching. Feeling good now. :)",2026-05-03_19-03-06_hk_1777827786.fit,79,2026-05-03T17:07:20.000Z,155.000,,132,,,,,,
2026-05-03,training,Stretching and Yoga,"I was planning to go to run in the morning but its raining whole day so I was waiting for it to stop. Oops!!

Anyway I was feeling lazy so I decided to do indoor light exercise—a mix of rope jumping, yoga and stretching. Feeling good now. :)",2026-05-03_19-03-06_hk_1777827786.fit,80,2026-05-03T17:07:23.000Z,158.000,,132,,,,,,
2026-05-03,training,Stretching and Yoga,"I was planning to go to run in the morning but its raining whole day so I was waiting for it to stop. Oops!!

Anyway I was feeling lazy so I decided to do indoor light exercise—a mix of rope jumping, yoga and stretching. Feeling good now. :)",2026-05-03_19-03-06_hk_1777827786.fit,81,2026-05-03T17:07:25.000Z,160.000,,132,,,,,,
2026-05-03,training,Stretching and Yoga,"I was planning to go to run in the morning but its raining whole day so I was waiting for it to stop. Oops!!

Anyway I was feeling lazy so I decided to do indoor light exercise—a mix of rope jumping, yoga and stretching. Feeling good now. :)",2026-05-03_19-03-06_hk_1777827786.fit,82,2026-05-03T17:07:28.000Z,163.000,,132,,,,,,
2026-05-03,training,Stretching and Yoga,"I was planning to go to run in the morning but its raining whole day so I was waiting for it to stop. Oops!!

Anyway I was feeling lazy so I decided to do indoor light exercise—a mix of rope jumping, yoga and stretching. Feeling good now. :)",2026-05-03_19-03-06_hk_1777827786.fit,83,2026-05-03T17:07:30.000Z,165.000,,132,,,,,,
2026-05-03,training,Stretching and Yoga,"I was planning to go to run in the morning but its raining whole day so I was waiting for it to stop. Oops!!

Anyway I was feeling lazy so I decided to do indoor light exercise—a mix of rope jumping, yoga and stretching. Feeling good now. :)",2026-05-03_19-03-06_hk_1777827786.fit,84,2026-05-03T17:07:33.000Z,168.000,,132,,,,,,
2026-05-03,training,Stretching and Yoga,"I was planning to go to run in the morning but its raining whole day so I was waiting for it to stop. Oops!!

Anyway I was feeling lazy so I decided to do indoor light exercise—a mix of rope jumping, yoga and stretching. Feeling good now. :)",2026-05-03_19-03-06_hk_1777827786.fit,85,2026-05-03T17:07:35.000Z,170.000,,132,,,,,,
2026-05-03,training,Stretching and Yoga,"I was planning to go to run in the morning but its raining whole day so I was waiting for it to stop. Oops!!

Anyway I was feeling lazy so I decided to do indoor light exercise—a mix of rope jumping, yoga and stretching. Feeling good now. :)",2026-05-03_19-03-06_hk_1777827786.fit,86,2026-05-03T17:07:38.000Z,173.000,,132,,,,,,
2026-05-03,training,Stretching and Yoga,"I was planning to go to run in the morning but its raining whole day so I was waiting for it to stop. Oops!!

Anyway I was feeling lazy so I decided to do indoor light exercise—a mix of rope jumping, yoga and stretching. Feeling good now. :)",2026-05-03_19-03-06_hk_1777827786.fit,87,2026-05-03T17:07:40.000Z,175.000,,132,,,,,,
2026-05-03,training,Stretching and Yoga,"I was planning to go to run in the morning but its raining whole day so I was waiting for it to stop. Oops!!

Anyway I was feeling lazy so I decided to do indoor light exercise—a mix of rope jumping, yoga and stretching. Feeling good now. :)",2026-05-03_19-03-06_hk_1777827786.fit,88,2026-05-03T17:07:43.000Z,178.000,,132,,,,,,
2026-05-03,training,Stretching and Yoga,"I was planning to go to run in the morning but its raining whole day so I was waiting for it to stop. Oops!!

Anyway I was feeling lazy so I decided to do indoor light exercise—a mix of rope jumping, yoga and stretching. Feeling good now. :)",2026-05-03_19-03-06_hk_1777827786.fit,89,2026-05-03T17:07:46.000Z,181.000,,132,,,,,,
2026-05-03,training,Stretching and Yoga,"I was planning to go to run in the morning but its raining whole day so I was waiting for it to stop. Oops!!

Anyway I was feeling lazy so I decided to do indoor light exercise—a mix of rope jumping, yoga and stretching. Feeling good now. :)",2026-05-03_19-03-06_hk_1777827786.fit,90,2026-05-03T17:07:48.000Z,183.000,,132,,,,,,
2026-05-03,training,Stretching and Yoga,"I was planning to go to run in the morning but its raining whole day so I was waiting for it to stop. Oops!!

Anyway I was feeling lazy so I decided to do indoor light exercise—a mix of rope jumping, yoga and stretching. Feeling good now. :)",2026-05-03_19-03-06_hk_1777827786.fit,91,2026-05-03T17:07:51.000Z,186.000,,132,,,,,,
2026-05-03,training,Stretching and Yoga,"I was planning to go to run in the morning but its raining whole day so I was waiting for it to stop. Oops!!

Anyway I was feeling lazy so I decided to do indoor light exercise—a mix of rope jumping, yoga and stretching. Feeling good now. :)",2026-05-03_19-03-06_hk_1777827786.fit,92,2026-05-03T17:07:53.000Z,188.000,,132,,,,,,
2026-05-03,training,Stretching and Yoga,"I was planning to go to run in the morning but its raining whole day so I was waiting for it to stop. Oops!!

Anyway I was feeling lazy so I decided to do indoor light exercise—a mix of rope jumping, yoga and stretching. Feeling good now. :)",2026-05-03_19-03-06_hk_1777827786.fit,93,2026-05-03T17:07:56.000Z,191.000,,132,,,,,,
2026-05-03,training,Stretching and Yoga,"I was planning to go to run in the morning but its raining whole day so I was waiting for it to stop. Oops!!

Anyway I was feeling lazy so I decided to do indoor light exercise—a mix of rope jumping, yoga and stretching. Feeling good now. :)",2026-05-03_19-03-06_hk_1777827786.fit,94,2026-05-03T17:07:58.000Z,193.000,,132,,,,,,
2026-05-03,training,Stretching and Yoga,"I was planning to go to run in the morning but its raining whole day so I was waiting for it to stop. Oops!!

Anyway I was feeling lazy so I decided to do indoor light exercise—a mix of rope jumping, yoga and stretching. Feeling good now. :)",2026-05-03_19-03-06_hk_1777827786.fit,95,2026-05-03T17:08:01.000Z,196.000,,132,,,,,,
2026-05-03,training,Stretching and Yoga,"I was planning to go to run in the morning but its raining whole day so I was waiting for it to stop. Oops!!

Anyway I was feeling lazy so I decided to do indoor light exercise—a mix of rope jumping, yoga and stretching. Feeling good now. :)",2026-05-03_19-03-06_hk_1777827786.fit,96,2026-05-03T17:08:04.000Z,199.000,,132,,,,,,
2026-05-03,training,Stretching and Yoga,"I was planning to go to run in the morning but its raining whole day so I was waiting for it to stop. Oops!!

Anyway I was feeling lazy so I decided to do indoor light exercise—a mix of rope jumping, yoga and stretching. Feeling good now. :)",2026-05-03_19-03-06_hk_1777827786.fit,97,2026-05-03T17:08:06.000Z,201.000,,132,,,,,,
2026-05-03,training,Stretching and Yoga,"I was planning to go to run in the morning but its raining whole day so I was waiting for it to stop. Oops!!

Anyway I was feeling lazy so I decided to do indoor light exercise—a mix of rope jumping, yoga and stretching. Feeling good now. :)",2026-05-03_19-03-06_hk_1777827786.fit,98,2026-05-03T17:08:09.000Z,204.000,,132,,,,,,
2026-05-03,training,Stretching and Yoga,"I was planning to go to run in the morning but its raining whole day so I was waiting for it to stop. Oops!!

Anyway I was feeling lazy so I decided to do indoor light exercise—a mix of rope jumping, yoga and stretching. Feeling good now. :)",2026-05-03_19-03-06_hk_1777827786.fit,99,2026-05-03T17:08:11.000Z,206.000,,132,,,,,,
2026-05-03,training,Stretching and Yoga,"I was planning to go to run in the morning but its raining whole day so I was waiting for it to stop. Oops!!

Anyway I was feeling lazy so I decided to do indoor light exercise—a mix of rope jumping, yoga and stretching. Feeling good now. :)",2026-05-03_19-03-06_hk_1777827786.fit,100,2026-05-03T17:08:14.000Z,209.000,,132,,,,,,
2026-05-03,training,Stretching and Yoga,"I was planning to go to run in the morning but its raining whole day so I was waiting for it to stop. Oops!!

Anyway I was feeling lazy so I decided to do indoor light exercise—a mix of rope jumping, yoga and stretching. Feeling good now. :)",2026-05-03_19-03-06_hk_1777827786.fit,101,2026-05-03T17:08:16.000Z,211.000,,132,,,,,,
2026-05-03,training,Stretching and Yoga,"I was planning to go to run in the morning but its raining whole day so I was waiting for it to stop. Oops!!

Anyway I was feeling lazy so I decided to do indoor light exercise—a mix of rope jumping, yoga and stretching. Feeling good now. :)",2026-05-03_19-03-06_hk_1777827786.fit,102,2026-05-03T17:08:19.000Z,214.000,,132,,,,,,
2026-05-03,training,Stretching and Yoga,"I was planning to go to run in the morning but its raining whole day so I was waiting for it to stop. Oops!!

Anyway I was feeling lazy so I decided to do indoor light exercise—a mix of rope jumping, yoga and stretching. Feeling good now. :)",2026-05-03_19-03-06_hk_1777827786.fit,103,2026-05-03T17:08:21.000Z,216.000,,132,,,,,,
2026-05-03,training,Stretching and Yoga,"I was planning to go to run in the morning but its raining whole day so I was waiting for it to stop. Oops!!

Anyway I was feeling lazy so I decided to do indoor light exercise—a mix of rope jumping, yoga and stretching. Feeling good now. :)",2026-05-03_19-03-06_hk_1777827786.fit,104,2026-05-03T17:08:24.000Z,219.000,,132,,,,,,
2026-05-03,training,Stretching and Yoga,"I was planning to go to run in the morning but its raining whole day so I was waiting for it to stop. Oops!!

Anyway I was feeling lazy so I decided to do indoor light exercise—a mix of rope jumping, yoga and stretching. Feeling good now. :)",2026-05-03_19-03-06_hk_1777827786.fit,105,2026-05-03T17:08:27.000Z,222.000,,132,,,,,,
2026-05-03,training,Stretching and Yoga,"I was planning to go to run in the morning but its raining whole day so I was waiting for it to stop. Oops!!

Anyway I was feeling lazy so I decided to do indoor light exercise—a mix of rope jumping, yoga and stretching. Feeling good now. :)",2026-05-03_19-03-06_hk_1777827786.fit,106,2026-05-03T17:08:29.000Z,224.000,,132,,,,,,
2026-05-03,training,Stretching and Yoga,"I was planning to go to run in the morning but its raining whole day so I was waiting for it to stop. Oops!!

Anyway I was feeling lazy so I decided to do indoor light exercise—a mix of rope jumping, yoga and stretching. Feeling good now. :)",2026-05-03_19-03-06_hk_1777827786.fit,107,2026-05-03T17:08:32.000Z,227.000,,132,,,,,,
2026-05-03,training,Stretching and Yoga,"I was planning to go to run in the morning but its raining whole day so I was waiting for it to stop. Oops!!

Anyway I was feeling lazy so I decided to do indoor light exercise—a mix of rope jumping, yoga and stretching. Feeling good now. :)",2026-05-03_19-03-06_hk_1777827786.fit,108,2026-05-03T17:08:34.000Z,229.000,,132,,,,,,
2026-05-03,training,Stretching and Yoga,"I was planning to go to run in the morning but its raining whole day so I was waiting for it to stop. Oops!!

Anyway I was feeling lazy so I decided to do indoor light exercise—a mix of rope jumping, yoga and stretching. Feeling good now. :)",2026-05-03_19-03-06_hk_1777827786.fit,109,2026-05-03T17:08:37.000Z,232.000,,132,,,,,,
2026-05-03,training,Stretching and Yoga,"I was planning to go to run in the morning but its raining whole day so I was waiting for it to stop. Oops!!

Anyway I was feeling lazy so I decided to do indoor light exercise—a mix of rope jumping, yoga and stretching. Feeling good now. :)",2026-05-03_19-03-06_hk_1777827786.fit,110,2026-05-03T17:08:39.000Z,234.000,,132,,,,,,
2026-05-03,training,Stretching and Yoga,"I was planning to go to run in the morning but its raining whole day so I was waiting for it to stop. Oops!!

Anyway I was feeling lazy so I decided to do indoor light exercise—a mix of rope jumping, yoga and stretching. Feeling good now. :)",2026-05-03_19-03-06_hk_1777827786.fit,111,2026-05-03T17:08:42.000Z,237.000,,132,,,,,,
2026-05-03,training,Stretching and Yoga,"I was planning to go to run in the morning but its raining whole day so I was waiting for it to stop. Oops!!

Anyway I was feeling lazy so I decided to do indoor light exercise—a mix of rope jumping, yoga and stretching. Feeling good now. :)",2026-05-03_19-03-06_hk_1777827786.fit,112,2026-05-03T17:08:44.000Z,239.000,,132,,,,,,
2026-05-03,training,Stretching and Yoga,"I was planning to go to run in the morning but its raining whole day so I was waiting for it to stop. Oops!!

Anyway I was feeling lazy so I decided to do indoor light exercise—a mix of rope jumping, yoga and stretching. Feeling good now. :)",2026-05-03_19-03-06_hk_1777827786.fit,113,2026-05-03T17:08:47.000Z,242.000,,132,,,,,,
2026-05-03,training,Stretching and Yoga,"I was planning to go to run in the morning but its raining whole day so I was waiting for it to stop. Oops!!

Anyway I was feeling lazy so I decided to do indoor light exercise—a mix of rope jumping, yoga and stretching. Feeling good now. :)",2026-05-03_19-03-06_hk_1777827786.fit,114,2026-05-03T17:08:50.000Z,245.000,,132,,,,,,
2026-05-03,training,Stretching and Yoga,"I was planning to go to run in the morning but its raining whole day so I was waiting for it to stop. Oops!!

Anyway I was feeling lazy so I decided to do indoor light exercise—a mix of rope jumping, yoga and stretching. Feeling good now. :)",2026-05-03_19-03-06_hk_1777827786.fit,115,2026-05-03T17:08:52.000Z,247.000,,132,,,,,,
2026-05-03,training,Stretching and Yoga,"I was planning to go to run in the morning but its raining whole day so I was waiting for it to stop. Oops!!

Anyway I was feeling lazy so I decided to do indoor light exercise—a mix of rope jumping, yoga and stretching. Feeling good now. :)",2026-05-03_19-03-06_hk_1777827786.fit,116,2026-05-03T17:08:55.000Z,250.000,,132,,,,,,
2026-05-03,training,Stretching and Yoga,"I was planning to go to run in the morning but its raining whole day so I was waiting for it to stop. Oops!!

Anyway I was feeling lazy so I decided to do indoor light exercise—a mix of rope jumping, yoga and stretching. Feeling good now. :)",2026-05-03_19-03-06_hk_1777827786.fit,117,2026-05-03T17:08:57.000Z,252.000,,132,,,,,,
2026-05-03,training,Stretching and Yoga,"I was planning to go to run in the morning but its raining whole day so I was waiting for it to stop. Oops!!

Anyway I was feeling lazy so I decided to do indoor light exercise—a mix of rope jumping, yoga and stretching. Feeling good now. :)",2026-05-03_19-03-06_hk_1777827786.fit,118,2026-05-03T17:09:00.000Z,255.000,,132,,,,,,
2026-05-03,training,Stretching and Yoga,"I was planning to go to run in the morning but its raining whole day so I was waiting for it to stop. Oops!!

Anyway I was feeling lazy so I decided to do indoor light exercise—a mix of rope jumping, yoga and stretching. Feeling good now. :)",2026-05-03_19-03-06_hk_1777827786.fit,119,2026-05-03T17:09:02.000Z,257.000,,132,,,,,,
2026-05-03,training,Stretching and Yoga,"I was planning to go to run in the morning but its raining whole day so I was waiting for it to stop. Oops!!

Anyway I was feeling lazy so I decided to do indoor light exercise—a mix of rope jumping, yoga and stretching. Feeling good now. :)",2026-05-03_19-03-06_hk_1777827786.fit,120,2026-05-03T17:09:05.000Z,260.000,,132,,,,,,
2026-05-03,training,Stretching and Yoga,"I was planning to go to run in the morning but its raining whole day so I was waiting for it to stop. Oops!!

Anyway I was feeling lazy so I decided to do indoor light exercise—a mix of rope jumping, yoga and stretching. Feeling good now. :)",2026-05-03_19-03-06_hk_1777827786.fit,121,2026-05-03T17:09:08.000Z,263.000,,132,,,,,,
2026-05-03,training,Stretching and Yoga,"I was planning to go to run in the morning but its raining whole day so I was waiting for it to stop. Oops!!

Anyway I was feeling lazy so I decided to do indoor light exercise—a mix of rope jumping, yoga and stretching. Feeling good now. :)",2026-05-03_19-03-06_hk_1777827786.fit,122,2026-05-03T17:09:10.000Z,265.000,,132,,,,,,
2026-05-03,training,Stretching and Yoga,"I was planning to go to run in the morning but its raining whole day so I was waiting for it to stop. Oops!!

Anyway I was feeling lazy so I decided to do indoor light exercise—a mix of rope jumping, yoga and stretching. Feeling good now. :)",2026-05-03_19-03-06_hk_1777827786.fit,123,2026-05-03T17:09:11.000Z,266.000,,127,,,,,,
2026-05-03,training,Stretching and Yoga,"I was planning to go to run in the morning but its raining whole day so I was waiting for it to stop. Oops!!

Anyway I was feeling lazy so I decided to do indoor light exercise—a mix of rope jumping, yoga and stretching. Feeling good now. :)",2026-05-03_19-03-06_hk_1777827786.fit,124,2026-05-03T17:09:13.000Z,268.000,,126,,,,,,
2026-05-03,training,Stretching and Yoga,"I was planning to go to run in the morning but its raining whole day so I was waiting for it to stop. Oops!!

Anyway I was feeling lazy so I decided to do indoor light exercise—a mix of rope jumping, yoga and stretching. Feeling good now. :)",2026-05-03_19-03-06_hk_1777827786.fit,125,2026-05-03T17:09:15.000Z,270.000,,126,,,,,,
2026-05-03,training,Stretching and Yoga,"I was planning to go to run in the morning but its raining whole day so I was waiting for it to stop. Oops!!

Anyway I was feeling lazy so I decided to do indoor light exercise—a mix of rope jumping, yoga and stretching. Feeling good now. :)",2026-05-03_19-03-06_hk_1777827786.fit,126,2026-05-03T17:09:17.000Z,272.000,,125,,,,,,
2026-05-03,training,Stretching and Yoga,"I was planning to go to run in the morning but its raining whole day so I was waiting for it to stop. Oops!!

Anyway I was feeling lazy so I decided to do indoor light exercise—a mix of rope jumping, yoga and stretching. Feeling good now. :)",2026-05-03_19-03-06_hk_1777827786.fit,127,2026-05-03T17:09:18.000Z,273.000,,125,,,,,,
2026-05-03,training,Stretching and Yoga,"I was planning to go to run in the morning but its raining whole day so I was waiting for it to stop. Oops!!

Anyway I was feeling lazy so I decided to do indoor light exercise—a mix of rope jumping, yoga and stretching. Feeling good now. :)",2026-05-03_19-03-06_hk_1777827786.fit,128,2026-05-03T17:09:20.000Z,275.000,,125,,,,,,
2026-05-03,training,Stretching and Yoga,"I was planning to go to run in the morning but its raining whole day so I was waiting for it to stop. Oops!!

Anyway I was feeling lazy so I decided to do indoor light exercise—a mix of rope jumping, yoga and stretching. Feeling good now. :)",2026-05-03_19-03-06_hk_1777827786.fit,129,2026-05-03T17:09:23.000Z,278.000,,125,,,,,,
2026-05-03,training,Stretching and Yoga,"I was planning to go to run in the morning but its raining whole day so I was waiting for it to stop. Oops!!

Anyway I was feeling lazy so I decided to do indoor light exercise—a mix of rope jumping, yoga and stretching. Feeling good now. :)",2026-05-03_19-03-06_hk_1777827786.fit,130,2026-05-03T17:09:24.000Z,279.000,,130,,,,,,
2026-05-03,training,Stretching and Yoga,"I was planning to go to run in the morning but its raining whole day so I was waiting for it to stop. Oops!!

Anyway I was feeling lazy so I decided to do indoor light exercise—a mix of rope jumping, yoga and stretching. Feeling good now. :)",2026-05-03_19-03-06_hk_1777827786.fit,131,2026-05-03T17:09:25.000Z,280.000,,130,,,,,,
2026-05-03,training,Stretching and Yoga,"I was planning to go to run in the morning but its raining whole day so I was waiting for it to stop. Oops!!

Anyway I was feeling lazy so I decided to do indoor light exercise—a mix of rope jumping, yoga and stretching. Feeling good now. :)",2026-05-03_19-03-06_hk_1777827786.fit,132,2026-05-03T17:09:28.000Z,283.000,,130,,,,,,
2026-05-03,training,Stretching and Yoga,"I was planning to go to run in the morning but its raining whole day so I was waiting for it to stop. Oops!!

Anyway I was feeling lazy so I decided to do indoor light exercise—a mix of rope jumping, yoga and stretching. Feeling good now. :)",2026-05-03_19-03-06_hk_1777827786.fit,133,2026-05-03T17:09:31.000Z,286.000,,127,,,,,,
2026-05-03,training,Stretching and Yoga,"I was planning to go to run in the morning but its raining whole day so I was waiting for it to stop. Oops!!

Anyway I was feeling lazy so I decided to do indoor light exercise—a mix of rope jumping, yoga and stretching. Feeling good now. :)",2026-05-03_19-03-06_hk_1777827786.fit,134,2026-05-03T17:09:33.000Z,288.000,,127,,,,,,
2026-05-03,training,Stretching and Yoga,"I was planning to go to run in the morning but its raining whole day so I was waiting for it to stop. Oops!!

Anyway I was feeling lazy so I decided to do indoor light exercise—a mix of rope jumping, yoga and stretching. Feeling good now. :)",2026-05-03_19-03-06_hk_1777827786.fit,135,2026-05-03T17:09:36.000Z,291.000,,125,,,,,,
2026-05-03,training,Stretching and Yoga,"I was planning to go to run in the morning but its raining whole day so I was waiting for it to stop. Oops!!

Anyway I was feeling lazy so I decided to do indoor light exercise—a mix of rope jumping, yoga and stretching. Feeling good now. :)",2026-05-03_19-03-06_hk_1777827786.fit,136,2026-05-03T17:09:38.000Z,293.000,,125,,,,,,
2026-05-03,training,Stretching and Yoga,"I was planning to go to run in the morning but its raining whole day so I was waiting for it to stop. Oops!!

Anyway I was feeling lazy so I decided to do indoor light exercise—a mix of rope jumping, yoga and stretching. Feeling good now. :)",2026-05-03_19-03-06_hk_1777827786.fit,137,2026-05-03T17:09:39.000Z,294.000,,121,,,,,,
2026-05-03,training,Stretching and Yoga,"I was planning to go to run in the morning but its raining whole day so I was waiting for it to stop. Oops!!

Anyway I was feeling lazy so I decided to do indoor light exercise—a mix of rope jumping, yoga and stretching. Feeling good now. :)",2026-05-03_19-03-06_hk_1777827786.fit,138,2026-05-03T17:09:41.000Z,296.000,,121,,,,,,
2026-05-03,training,Stretching and Yoga,"I was planning to go to run in the morning but its raining whole day so I was waiting for it to stop. Oops!!

Anyway I was feeling lazy so I decided to do indoor light exercise—a mix of rope jumping, yoga and stretching. Feeling good now. :)",2026-05-03_19-03-06_hk_1777827786.fit,139,2026-05-03T17:09:43.000Z,298.000,,121,,,,,,
2026-05-03,training,Stretching and Yoga,"I was planning to go to run in the morning but its raining whole day so I was waiting for it to stop. Oops!!

Anyway I was feeling lazy so I decided to do indoor light exercise—a mix of rope jumping, yoga and stretching. Feeling good now. :)",2026-05-03_19-03-06_hk_1777827786.fit,140,2026-05-03T17:09:46.000Z,301.000,,125,,,,,,
2026-05-03,training,Stretching and Yoga,"I was planning to go to run in the morning but its raining whole day so I was waiting for it to stop. Oops!!

Anyway I was feeling lazy so I decided to do indoor light exercise—a mix of rope jumping, yoga and stretching. Feeling good now. :)",2026-05-03_19-03-06_hk_1777827786.fit,141,2026-05-03T17:09:48.000Z,303.000,,125,,,,,,
2026-05-03,training,Stretching and Yoga,"I was planning to go to run in the morning but its raining whole day so I was waiting for it to stop. Oops!!

Anyway I was feeling lazy so I decided to do indoor light exercise—a mix of rope jumping, yoga and stretching. Feeling good now. :)",2026-05-03_19-03-06_hk_1777827786.fit,142,2026-05-03T17:09:51.000Z,306.000,,125,,,,,,
2026-05-03,training,Stretching and Yoga,"I was planning to go to run in the morning but its raining whole day so I was waiting for it to stop. Oops!!

Anyway I was feeling lazy so I decided to do indoor light exercise—a mix of rope jumping, yoga and stretching. Feeling good now. :)",2026-05-03_19-03-06_hk_1777827786.fit,143,2026-05-03T17:09:52.000Z,307.000,,126,,,,,,
2026-05-03,training,Stretching and Yoga,"I was planning to go to run in the morning but its raining whole day so I was waiting for it to stop. Oops!!

Anyway I was feeling lazy so I decided to do indoor light exercise—a mix of rope jumping, yoga and stretching. Feeling good now. :)",2026-05-03_19-03-06_hk_1777827786.fit,144,2026-05-03T17:09:54.000Z,309.000,,126,,,,,,
2026-05-03,training,Stretching and Yoga,"I was planning to go to run in the morning but its raining whole day so I was waiting for it to stop. Oops!!

Anyway I was feeling lazy so I decided to do indoor light exercise—a mix of rope jumping, yoga and stretching. Feeling good now. :)",2026-05-03_19-03-06_hk_1777827786.fit,145,2026-05-03T17:09:56.000Z,311.000,,126,,,,,,
2026-05-03,training,Stretching and Yoga,"I was planning to go to run in the morning but its raining whole day so I was waiting for it to stop. Oops!!

Anyway I was feeling lazy so I decided to do indoor light exercise—a mix of rope jumping, yoga and stretching. Feeling good now. :)",2026-05-03_19-03-06_hk_1777827786.fit,146,2026-05-03T17:09:57.000Z,312.000,,127,,,,,,
2026-05-03,training,Stretching and Yoga,"I was planning to go to run in the morning but its raining whole day so I was waiting for it to stop. Oops!!

Anyway I was feeling lazy so I decided to do indoor light exercise—a mix of rope jumping, yoga and stretching. Feeling good now. :)",2026-05-03_19-03-06_hk_1777827786.fit,147,2026-05-03T17:09:59.000Z,314.000,,127,,,,,,
2026-05-03,training,Stretching and Yoga,"I was planning to go to run in the morning but its raining whole day so I was waiting for it to stop. Oops!!

Anyway I was feeling lazy so I decided to do indoor light exercise—a mix of rope jumping, yoga and stretching. Feeling good now. :)",2026-05-03_19-03-06_hk_1777827786.fit,148,2026-05-03T17:10:01.000Z,316.000,,127,,,,,,
2026-05-03,training,Stretching and Yoga,"I was planning to go to run in the morning but its raining whole day so I was waiting for it to stop. Oops!!

Anyway I was feeling lazy so I decided to do indoor light exercise—a mix of rope jumping, yoga and stretching. Feeling good now. :)",2026-05-03_19-03-06_hk_1777827786.fit,149,2026-05-03T17:10:02.000Z,317.000,,128,,,,,,
2026-05-03,training,Stretching and Yoga,"I was planning to go to run in the morning but its raining whole day so I was waiting for it to stop. Oops!!

Anyway I was feeling lazy so I decided to do indoor light exercise—a mix of rope jumping, yoga and stretching. Feeling good now. :)",2026-05-03_19-03-06_hk_1777827786.fit,150,2026-05-03T17:10:04.000Z,319.000,,128,,,,,,
2026-05-03,training,Stretching and Yoga,"I was planning to go to run in the morning but its raining whole day so I was waiting for it to stop. Oops!!

Anyway I was feeling lazy so I decided to do indoor light exercise—a mix of rope jumping, yoga and stretching. Feeling good now. :)",2026-05-03_19-03-06_hk_1777827786.fit,151,2026-05-03T17:10:06.000Z,321.000,,128,,,,,,
2026-05-03,training,Stretching and Yoga,"I was planning to go to run in the morning but its raining whole day so I was waiting for it to stop. Oops!!

Anyway I was feeling lazy so I decided to do indoor light exercise—a mix of rope jumping, yoga and stretching. Feeling good now. :)",2026-05-03_19-03-06_hk_1777827786.fit,152,2026-05-03T17:10:07.000Z,322.000,,125,,,,,,
2026-05-03,training,Stretching and Yoga,"I was planning to go to run in the morning but its raining whole day so I was waiting for it to stop. Oops!!

Anyway I was feeling lazy so I decided to do indoor light exercise—a mix of rope jumping, yoga and stretching. Feeling good now. :)",2026-05-03_19-03-06_hk_1777827786.fit,153,2026-05-03T17:10:09.000Z,324.000,,125,,,,,,
2026-05-03,training,Stretching and Yoga,"I was planning to go to run in the morning but its raining whole day so I was waiting for it to stop. Oops!!

Anyway I was feeling lazy so I decided to do indoor light exercise—a mix of rope jumping, yoga and stretching. Feeling good now. :)",2026-05-03_19-03-06_hk_1777827786.fit,154,2026-05-03T17:10:12.000Z,327.000,,125,,,,,,
2026-05-03,training,Stretching and Yoga,"I was planning to go to run in the morning but its raining whole day so I was waiting for it to stop. Oops!!

Anyway I was feeling lazy so I decided to do indoor light exercise—a mix of rope jumping, yoga and stretching. Feeling good now. :)",2026-05-03_19-03-06_hk_1777827786.fit,155,2026-05-03T17:10:14.000Z,329.000,,125,,,,,,
2026-05-03,training,Stretching and Yoga,"I was planning to go to run in the morning but its raining whole day so I was waiting for it to stop. Oops!!

Anyway I was feeling lazy so I decided to do indoor light exercise—a mix of rope jumping, yoga and stretching. Feeling good now. :)",2026-05-03_19-03-06_hk_1777827786.fit,156,2026-05-03T17:10:16.000Z,331.000,,120,,,,,,
2026-05-03,training,Stretching and Yoga,"I was planning to go to run in the morning but its raining whole day so I was waiting for it to stop. Oops!!

Anyway I was feeling lazy so I decided to do indoor light exercise—a mix of rope jumping, yoga and stretching. Feeling good now. :)",2026-05-03_19-03-06_hk_1777827786.fit,157,2026-05-03T17:10:17.000Z,332.000,,120,,,,,,
2026-05-03,training,Stretching and Yoga,"I was planning to go to run in the morning but its raining whole day so I was waiting for it to stop. Oops!!

Anyway I was feeling lazy so I decided to do indoor light exercise—a mix of rope jumping, yoga and stretching. Feeling good now. :)",2026-05-03_19-03-06_hk_1777827786.fit,158,2026-05-03T17:10:19.000Z,334.000,,120,,,,,,
2026-05-03,training,Stretching and Yoga,"I was planning to go to run in the morning but its raining whole day so I was waiting for it to stop. Oops!!

Anyway I was feeling lazy so I decided to do indoor light exercise—a mix of rope jumping, yoga and stretching. Feeling good now. :)",2026-05-03_19-03-06_hk_1777827786.fit,159,2026-05-03T17:10:21.000Z,336.000,,118,,,,,,
2026-05-03,training,Stretching and Yoga,"I was planning to go to run in the morning but its raining whole day so I was waiting for it to stop. Oops!!

Anyway I was feeling lazy so I decided to do indoor light exercise—a mix of rope jumping, yoga and stretching. Feeling good now. :)",2026-05-03_19-03-06_hk_1777827786.fit,160,2026-05-03T17:10:22.000Z,337.000,,119,,,,,,
2026-05-03,training,Stretching and Yoga,"I was planning to go to run in the morning but its raining whole day so I was waiting for it to stop. Oops!!

Anyway I was feeling lazy so I decided to do indoor light exercise—a mix of rope jumping, yoga and stretching. Feeling good now. :)",2026-05-03_19-03-06_hk_1777827786.fit,161,2026-05-03T17:10:24.000Z,339.000,,119,,,,,,
2026-05-03,training,Stretching and Yoga,"I was planning to go to run in the morning but its raining whole day so I was waiting for it to stop. Oops!!

Anyway I was feeling lazy so I decided to do indoor light exercise—a mix of rope jumping, yoga and stretching. Feeling good now. :)",2026-05-03_19-03-06_hk_1777827786.fit,162,2026-05-03T17:10:27.000Z,342.000,,120,,,,,,
2026-05-03,training,Stretching and Yoga,"I was planning to go to run in the morning but its raining whole day so I was waiting for it to stop. Oops!!

Anyway I was feeling lazy so I decided to do indoor light exercise—a mix of rope jumping, yoga and stretching. Feeling good now. :)",2026-05-03_19-03-06_hk_1777827786.fit,163,2026-05-03T17:10:29.000Z,344.000,,120,,,,,,
2026-05-03,training,Stretching and Yoga,"I was planning to go to run in the morning but its raining whole day so I was waiting for it to stop. Oops!!

Anyway I was feeling lazy so I decided to do indoor light exercise—a mix of rope jumping, yoga and stretching. Feeling good now. :)",2026-05-03_19-03-06_hk_1777827786.fit,164,2026-05-03T17:10:32.000Z,347.000,,120,,,,,,
2026-05-03,training,Stretching and Yoga,"I was planning to go to run in the morning but its raining whole day so I was waiting for it to stop. Oops!!

Anyway I was feeling lazy so I decided to do indoor light exercise—a mix of rope jumping, yoga and stretching. Feeling good now. :)",2026-05-03_19-03-06_hk_1777827786.fit,165,2026-05-03T17:10:35.000Z,350.000,,120,,,,,,
2026-05-03,training,Stretching and Yoga,"I was planning to go to run in the morning but its raining whole day so I was waiting for it to stop. Oops!!

Anyway I was feeling lazy so I decided to do indoor light exercise—a mix of rope jumping, yoga and stretching. Feeling good now. :)",2026-05-03_19-03-06_hk_1777827786.fit,166,2026-05-03T17:10:36.000Z,351.000,,120,,,,,,
2026-05-03,training,Stretching and Yoga,"I was planning to go to run in the morning but its raining whole day so I was waiting for it to stop. Oops!!

Anyway I was feeling lazy so I decided to do indoor light exercise—a mix of rope jumping, yoga and stretching. Feeling good now. :)",2026-05-03_19-03-06_hk_1777827786.fit,167,2026-05-03T17:10:37.000Z,352.000,,120,,,,,,
2026-05-03,training,Stretching and Yoga,"I was planning to go to run in the morning but its raining whole day so I was waiting for it to stop. Oops!!

Anyway I was feeling lazy so I decided to do indoor light exercise—a mix of rope jumping, yoga and stretching. Feeling good now. :)",2026-05-03_19-03-06_hk_1777827786.fit,168,2026-05-03T17:10:40.000Z,355.000,,120,,,,,,
2026-05-03,training,Stretching and Yoga,"I was planning to go to run in the morning but its raining whole day so I was waiting for it to stop. Oops!!

Anyway I was feeling lazy so I decided to do indoor light exercise—a mix of rope jumping, yoga and stretching. Feeling good now. :)",2026-05-03_19-03-06_hk_1777827786.fit,169,2026-05-03T17:10:41.000Z,356.000,,120,,,,,,
2026-05-03,training,Stretching and Yoga,"I was planning to go to run in the morning but its raining whole day so I was waiting for it to stop. Oops!!

Anyway I was feeling lazy so I decided to do indoor light exercise—a mix of rope jumping, yoga and stretching. Feeling good now. :)",2026-05-03_19-03-06_hk_1777827786.fit,170,2026-05-03T17:10:42.000Z,357.000,,120,,,,,,
2026-05-03,training,Stretching and Yoga,"I was planning to go to run in the morning but its raining whole day so I was waiting for it to stop. Oops!!

Anyway I was feeling lazy so I decided to do indoor light exercise—a mix of rope jumping, yoga and stretching. Feeling good now. :)",2026-05-03_19-03-06_hk_1777827786.fit,171,2026-05-03T17:10:45.000Z,360.000,,120,,,,,,
2026-05-03,training,Stretching and Yoga,"I was planning to go to run in the morning but its raining whole day so I was waiting for it to stop. Oops!!

Anyway I was feeling lazy so I decided to do indoor light exercise—a mix of rope jumping, yoga and stretching. Feeling good now. :)",2026-05-03_19-03-06_hk_1777827786.fit,172,2026-05-03T17:10:46.000Z,361.000,,121,,,,,,
2026-05-03,training,Stretching and Yoga,"I was planning to go to run in the morning but its raining whole day so I was waiting for it to stop. Oops!!

Anyway I was feeling lazy so I decided to do indoor light exercise—a mix of rope jumping, yoga and stretching. Feeling good now. :)",2026-05-03_19-03-06_hk_1777827786.fit,173,2026-05-03T17:10:47.000Z,362.000,,121,,,,,,
2026-05-03,training,Stretching and Yoga,"I was planning to go to run in the morning but its raining whole day so I was waiting for it to stop. Oops!!

Anyway I was feeling lazy so I decided to do indoor light exercise—a mix of rope jumping, yoga and stretching. Feeling good now. :)",2026-05-03_19-03-06_hk_1777827786.fit,174,2026-05-03T17:10:49.000Z,364.000,,124,,,,,,
2026-05-03,training,Stretching and Yoga,"I was planning to go to run in the morning but its raining whole day so I was waiting for it to stop. Oops!!

Anyway I was feeling lazy so I decided to do indoor light exercise—a mix of rope jumping, yoga and stretching. Feeling good now. :)",2026-05-03_19-03-06_hk_1777827786.fit,175,2026-05-03T17:10:50.000Z,365.000,,124,,,,,,
2026-05-03,training,Stretching and Yoga,"I was planning to go to run in the morning but its raining whole day so I was waiting for it to stop. Oops!!

Anyway I was feeling lazy so I decided to do indoor light exercise—a mix of rope jumping, yoga and stretching. Feeling good now. :)",2026-05-03_19-03-06_hk_1777827786.fit,176,2026-05-03T17:10:52.000Z,367.000,,124,,,,,,
2026-05-03,training,Stretching and Yoga,"I was planning to go to run in the morning but its raining whole day so I was waiting for it to stop. Oops!!

Anyway I was feeling lazy so I decided to do indoor light exercise—a mix of rope jumping, yoga and stretching. Feeling good now. :)",2026-05-03_19-03-06_hk_1777827786.fit,177,2026-05-03T17:10:55.000Z,370.000,,124,,,,,,
2026-05-03,training,Stretching and Yoga,"I was planning to go to run in the morning but its raining whole day so I was waiting for it to stop. Oops!!

Anyway I was feeling lazy so I decided to do indoor light exercise—a mix of rope jumping, yoga and stretching. Feeling good now. :)",2026-05-03_19-03-06_hk_1777827786.fit,178,2026-05-03T17:10:56.000Z,371.000,,129,,,,,,
2026-05-03,training,Stretching and Yoga,"I was planning to go to run in the morning but its raining whole day so I was waiting for it to stop. Oops!!

Anyway I was feeling lazy so I decided to do indoor light exercise—a mix of rope jumping, yoga and stretching. Feeling good now. :)",2026-05-03_19-03-06_hk_1777827786.fit,179,2026-05-03T17:10:57.000Z,372.000,,129,,,,,,
2026-05-03,training,Stretching and Yoga,"I was planning to go to run in the morning but its raining whole day so I was waiting for it to stop. Oops!!

Anyway I was feeling lazy so I decided to do indoor light exercise—a mix of rope jumping, yoga and stretching. Feeling good now. :)",2026-05-03_19-03-06_hk_1777827786.fit,180,2026-05-03T17:10:58.000Z,373.000,,129,,,,,,
2026-05-03,training,Stretching and Yoga,"I was planning to go to run in the morning but its raining whole day so I was waiting for it to stop. Oops!!

Anyway I was feeling lazy so I decided to do indoor light exercise—a mix of rope jumping, yoga and stretching. Feeling good now. :)",2026-05-03_19-03-06_hk_1777827786.fit,181,2026-05-03T17:11:00.000Z,375.000,,129,,,,,,
2026-05-03,training,Stretching and Yoga,"I was planning to go to run in the morning but its raining whole day so I was waiting for it to stop. Oops!!

Anyway I was feeling lazy so I decided to do indoor light exercise—a mix of rope jumping, yoga and stretching. Feeling good now. :)",2026-05-03_19-03-06_hk_1777827786.fit,182,2026-05-03T17:11:03.000Z,378.000,,129,,,,,,
2026-05-03,training,Stretching and Yoga,"I was planning to go to run in the morning but its raining whole day so I was waiting for it to stop. Oops!!

Anyway I was feeling lazy so I decided to do indoor light exercise—a mix of rope jumping, yoga and stretching. Feeling good now. :)",2026-05-03_19-03-06_hk_1777827786.fit,183,2026-05-03T17:11:05.000Z,380.000,,129,,,,,,
2026-05-03,training,Stretching and Yoga,"I was planning to go to run in the morning but its raining whole day so I was waiting for it to stop. Oops!!

Anyway I was feeling lazy so I decided to do indoor light exercise—a mix of rope jumping, yoga and stretching. Feeling good now. :)",2026-05-03_19-03-06_hk_1777827786.fit,184,2026-05-03T17:11:06.000Z,381.000,,128,,,,,,
2026-05-03,training,Stretching and Yoga,"I was planning to go to run in the morning but its raining whole day so I was waiting for it to stop. Oops!!

Anyway I was feeling lazy so I decided to do indoor light exercise—a mix of rope jumping, yoga and stretching. Feeling good now. :)",2026-05-03_19-03-06_hk_1777827786.fit,185,2026-05-03T17:11:07.000Z,382.000,,128,,,,,,
2026-05-03,training,Stretching and Yoga,"I was planning to go to run in the morning but its raining whole day so I was waiting for it to stop. Oops!!

Anyway I was feeling lazy so I decided to do indoor light exercise—a mix of rope jumping, yoga and stretching. Feeling good now. :)",2026-05-03_19-03-06_hk_1777827786.fit,186,2026-05-03T17:11:08.000Z,383.000,,128,,,,,,
2026-05-03,training,Stretching and Yoga,"I was planning to go to run in the morning but its raining whole day so I was waiting for it to stop. Oops!!

Anyway I was feeling lazy so I decided to do indoor light exercise—a mix of rope jumping, yoga and stretching. Feeling good now. :)",2026-05-03_19-03-06_hk_1777827786.fit,187,2026-05-03T17:11:10.000Z,385.000,,128,,,,,,
2026-05-03,training,Stretching and Yoga,"I was planning to go to run in the morning but its raining whole day so I was waiting for it to stop. Oops!!

Anyway I was feeling lazy so I decided to do indoor light exercise—a mix of rope jumping, yoga and stretching. Feeling good now. :)",2026-05-03_19-03-06_hk_1777827786.fit,188,2026-05-03T17:11:12.000Z,387.000,,124,,,,,,
2026-05-03,training,Stretching and Yoga,"I was planning to go to run in the morning but its raining whole day so I was waiting for it to stop. Oops!!

Anyway I was feeling lazy so I decided to do indoor light exercise—a mix of rope jumping, yoga and stretching. Feeling good now. :)",2026-05-03_19-03-06_hk_1777827786.fit,189,2026-05-03T17:11:13.000Z,388.000,,124,,,,,,
2026-05-03,training,Stretching and Yoga,"I was planning to go to run in the morning but its raining whole day so I was waiting for it to stop. Oops!!

Anyway I was feeling lazy so I decided to do indoor light exercise—a mix of rope jumping, yoga and stretching. Feeling good now. :)",2026-05-03_19-03-06_hk_1777827786.fit,190,2026-05-03T17:11:16.000Z,391.000,,124,,,,,,
2026-05-03,training,Stretching and Yoga,"I was planning to go to run in the morning but its raining whole day so I was waiting for it to stop. Oops!!

Anyway I was feeling lazy so I decided to do indoor light exercise—a mix of rope jumping, yoga and stretching. Feeling good now. :)",2026-05-03_19-03-06_hk_1777827786.fit,191,2026-05-03T17:11:18.000Z,393.000,,124,,,,,,
2026-05-03,training,Stretching and Yoga,"I was planning to go to run in the morning but its raining whole day so I was waiting for it to stop. Oops!!

Anyway I was feeling lazy so I decided to do indoor light exercise—a mix of rope jumping, yoga and stretching. Feeling good now. :)",2026-05-03_19-03-06_hk_1777827786.fit,192,2026-05-03T17:11:19.000Z,394.000,,123,,,,,,
2026-05-03,training,Stretching and Yoga,"I was planning to go to run in the morning but its raining whole day so I was waiting for it to stop. Oops!!

Anyway I was feeling lazy so I decided to do indoor light exercise—a mix of rope jumping, yoga and stretching. Feeling good now. :)",2026-05-03_19-03-06_hk_1777827786.fit,193,2026-05-03T17:11:21.000Z,396.000,,123,,,,,,
2026-05-03,training,Stretching and Yoga,"I was planning to go to run in the morning but its raining whole day so I was waiting for it to stop. Oops!!

Anyway I was feeling lazy so I decided to do indoor light exercise—a mix of rope jumping, yoga and stretching. Feeling good now. :)",2026-05-03_19-03-06_hk_1777827786.fit,194,2026-05-03T17:11:23.000Z,398.000,,122,,,,,,
2026-05-03,training,Stretching and Yoga,"I was planning to go to run in the morning but its raining whole day so I was waiting for it to stop. Oops!!

Anyway I was feeling lazy so I decided to do indoor light exercise—a mix of rope jumping, yoga and stretching. Feeling good now. :)",2026-05-03_19-03-06_hk_1777827786.fit,195,2026-05-03T17:11:26.000Z,401.000,,122,,,,,,
2026-05-03,training,Stretching and Yoga,"I was planning to go to run in the morning but its raining whole day so I was waiting for it to stop. Oops!!

Anyway I was feeling lazy so I decided to do indoor light exercise—a mix of rope jumping, yoga and stretching. Feeling good now. :)",2026-05-03_19-03-06_hk_1777827786.fit,196,2026-05-03T17:11:27.000Z,402.000,,120,,,,,,
2026-05-03,training,Stretching and Yoga,"I was planning to go to run in the morning but its raining whole day so I was waiting for it to stop. Oops!!

Anyway I was feeling lazy so I decided to do indoor light exercise—a mix of rope jumping, yoga and stretching. Feeling good now. :)",2026-05-03_19-03-06_hk_1777827786.fit,197,2026-05-03T17:11:28.000Z,403.000,,120,,,,,,
2026-05-03,training,Stretching and Yoga,"I was planning to go to run in the morning but its raining whole day so I was waiting for it to stop. Oops!!

Anyway I was feeling lazy so I decided to do indoor light exercise—a mix of rope jumping, yoga and stretching. Feeling good now. :)",2026-05-03_19-03-06_hk_1777827786.fit,198,2026-05-03T17:11:31.000Z,406.000,,120,,,,,,
2026-05-03,training,Stretching and Yoga,"I was planning to go to run in the morning but its raining whole day so I was waiting for it to stop. Oops!!

Anyway I was feeling lazy so I decided to do indoor light exercise—a mix of rope jumping, yoga and stretching. Feeling good now. :)",2026-05-03_19-03-06_hk_1777827786.fit,199,2026-05-03T17:11:33.000Z,408.000,,115,,,,,,
2026-05-03,training,Stretching and Yoga,"I was planning to go to run in the morning but its raining whole day so I was waiting for it to stop. Oops!!

Anyway I was feeling lazy so I decided to do indoor light exercise—a mix of rope jumping, yoga and stretching. Feeling good now. :)",2026-05-03_19-03-06_hk_1777827786.fit,200,2026-05-03T17:11:36.000Z,411.000,,115,,,,,,
2026-05-03,training,Stretching and Yoga,"I was planning to go to run in the morning but its raining whole day so I was waiting for it to stop. Oops!!

Anyway I was feeling lazy so I decided to do indoor light exercise—a mix of rope jumping, yoga and stretching. Feeling good now. :)",2026-05-03_19-03-06_hk_1777827786.fit,201,2026-05-03T17:11:37.000Z,412.000,,112,,,,,,
2026-05-03,training,Stretching and Yoga,"I was planning to go to run in the morning but its raining whole day so I was waiting for it to stop. Oops!!

Anyway I was feeling lazy so I decided to do indoor light exercise—a mix of rope jumping, yoga and stretching. Feeling good now. :)",2026-05-03_19-03-06_hk_1777827786.fit,202,2026-05-03T17:11:39.000Z,414.000,,112,,,,,,
2026-05-03,training,Stretching and Yoga,"I was planning to go to run in the morning but its raining whole day so I was waiting for it to stop. Oops!!

Anyway I was feeling lazy so I decided to do indoor light exercise—a mix of rope jumping, yoga and stretching. Feeling good now. :)",2026-05-03_19-03-06_hk_1777827786.fit,203,2026-05-03T17:11:41.000Z,416.000,,112,,,,,,
2026-05-03,training,Stretching and Yoga,"I was planning to go to run in the morning but its raining whole day so I was waiting for it to stop. Oops!!

Anyway I was feeling lazy so I decided to do indoor light exercise—a mix of rope jumping, yoga and stretching. Feeling good now. :)",2026-05-03_19-03-06_hk_1777827786.fit,204,2026-05-03T17:11:42.000Z,417.000,,110,,,,,,
2026-05-03,training,Stretching and Yoga,"I was planning to go to run in the morning but its raining whole day so I was waiting for it to stop. Oops!!

Anyway I was feeling lazy so I decided to do indoor light exercise—a mix of rope jumping, yoga and stretching. Feeling good now. :)",2026-05-03_19-03-06_hk_1777827786.fit,205,2026-05-03T17:11:44.000Z,419.000,,110,,,,,,
2026-05-03,training,Stretching and Yoga,"I was planning to go to run in the morning but its raining whole day so I was waiting for it to stop. Oops!!

Anyway I was feeling lazy so I decided to do indoor light exercise—a mix of rope jumping, yoga and stretching. Feeling good now. :)",2026-05-03_19-03-06_hk_1777827786.fit,206,2026-05-03T17:11:46.000Z,421.000,,110,,,,,,
2026-05-03,training,Stretching and Yoga,"I was planning to go to run in the morning but its raining whole day so I was waiting for it to stop. Oops!!

Anyway I was feeling lazy so I decided to do indoor light exercise—a mix of rope jumping, yoga and stretching. Feeling good now. :)",2026-05-03_19-03-06_hk_1777827786.fit,207,2026-05-03T17:11:49.000Z,424.000,,110,,,,,,
2026-05-03,training,Stretching and Yoga,"I was planning to go to run in the morning but its raining whole day so I was waiting for it to stop. Oops!!

Anyway I was feeling lazy so I decided to do indoor light exercise—a mix of rope jumping, yoga and stretching. Feeling good now. :)",2026-05-03_19-03-06_hk_1777827786.fit,208,2026-05-03T17:11:51.000Z,426.000,,110,,,,,,
2026-05-03,training,Stretching and Yoga,"I was planning to go to run in the morning but its raining whole day so I was waiting for it to stop. Oops!!

Anyway I was feeling lazy so I decided to do indoor light exercise—a mix of rope jumping, yoga and stretching. Feeling good now. :)",2026-05-03_19-03-06_hk_1777827786.fit,209,2026-05-03T17:11:54.000Z,429.000,,110,,,,,,
2026-05-03,training,Stretching and Yoga,"I was planning to go to run in the morning but its raining whole day so I was waiting for it to stop. Oops!!

Anyway I was feeling lazy so I decided to do indoor light exercise—a mix of rope jumping, yoga and stretching. Feeling good now. :)",2026-05-03_19-03-06_hk_1777827786.fit,210,2026-05-03T17:11:56.000Z,431.000,,110,,,,,,
2026-05-03,training,Stretching and Yoga,"I was planning to go to run in the morning but its raining whole day so I was waiting for it to stop. Oops!!

Anyway I was feeling lazy so I decided to do indoor light exercise—a mix of rope jumping, yoga and stretching. Feeling good now. :)",2026-05-03_19-03-06_hk_1777827786.fit,211,2026-05-03T17:11:59.000Z,434.000,,110,,,,,,
2026-05-03,training,Stretching and Yoga,"I was planning to go to run in the morning but its raining whole day so I was waiting for it to stop. Oops!!

Anyway I was feeling lazy so I decided to do indoor light exercise—a mix of rope jumping, yoga and stretching. Feeling good now. :)",2026-05-03_19-03-06_hk_1777827786.fit,212,2026-05-03T17:12:01.000Z,436.000,,114,,,,,,
2026-05-03,training,Stretching and Yoga,"I was planning to go to run in the morning but its raining whole day so I was waiting for it to stop. Oops!!

Anyway I was feeling lazy so I decided to do indoor light exercise—a mix of rope jumping, yoga and stretching. Feeling good now. :)",2026-05-03_19-03-06_hk_1777827786.fit,213,2026-05-03T17:12:02.000Z,437.000,,114,,,,,,
2026-05-03,training,Stretching and Yoga,"I was planning to go to run in the morning but its raining whole day so I was waiting for it to stop. Oops!!

Anyway I was feeling lazy so I decided to do indoor light exercise—a mix of rope jumping, yoga and stretching. Feeling good now. :)",2026-05-03_19-03-06_hk_1777827786.fit,214,2026-05-03T17:12:04.000Z,439.000,,114,,,,,,
2026-05-03,training,Stretching and Yoga,"I was planning to go to run in the morning but its raining whole day so I was waiting for it to stop. Oops!!

Anyway I was feeling lazy so I decided to do indoor light exercise—a mix of rope jumping, yoga and stretching. Feeling good now. :)",2026-05-03_19-03-06_hk_1777827786.fit,215,2026-05-03T17:12:06.000Z,441.000,,120,,,,,,
2026-05-03,training,Stretching and Yoga,"I was planning to go to run in the morning but its raining whole day so I was waiting for it to stop. Oops!!

Anyway I was feeling lazy so I decided to do indoor light exercise—a mix of rope jumping, yoga and stretching. Feeling good now. :)",2026-05-03_19-03-06_hk_1777827786.fit,216,2026-05-03T17:12:07.000Z,442.000,,120,,,,,,
2026-05-03,training,Stretching and Yoga,"I was planning to go to run in the morning but its raining whole day so I was waiting for it to stop. Oops!!

Anyway I was feeling lazy so I decided to do indoor light exercise—a mix of rope jumping, yoga and stretching. Feeling good now. :)",2026-05-03_19-03-06_hk_1777827786.fit,217,2026-05-03T17:12:09.000Z,444.000,,119,,,,,,
2026-05-03,training,Stretching and Yoga,"I was planning to go to run in the morning but its raining whole day so I was waiting for it to stop. Oops!!

Anyway I was feeling lazy so I decided to do indoor light exercise—a mix of rope jumping, yoga and stretching. Feeling good now. :)",2026-05-03_19-03-06_hk_1777827786.fit,218,2026-05-03T17:12:12.000Z,447.000,,118,,,,,,
2026-05-03,training,Stretching and Yoga,"I was planning to go to run in the morning but its raining whole day so I was waiting for it to stop. Oops!!

Anyway I was feeling lazy so I decided to do indoor light exercise—a mix of rope jumping, yoga and stretching. Feeling good now. :)",2026-05-03_19-03-06_hk_1777827786.fit,219,2026-05-03T17:12:14.000Z,449.000,,118,,,,,,
2026-05-03,training,Stretching and Yoga,"I was planning to go to run in the morning but its raining whole day so I was waiting for it to stop. Oops!!

Anyway I was feeling lazy so I decided to do indoor light exercise—a mix of rope jumping, yoga and stretching. Feeling good now. :)",2026-05-03_19-03-06_hk_1777827786.fit,220,2026-05-03T17:12:17.000Z,452.000,,118,,,,,,
2026-05-03,training,Stretching and Yoga,"I was planning to go to run in the morning but its raining whole day so I was waiting for it to stop. Oops!!

Anyway I was feeling lazy so I decided to do indoor light exercise—a mix of rope jumping, yoga and stretching. Feeling good now. :)",2026-05-03_19-03-06_hk_1777827786.fit,221,2026-05-03T17:12:20.000Z,455.000,,118,,,,,,
2026-05-03,training,Stretching and Yoga,"I was planning to go to run in the morning but its raining whole day so I was waiting for it to stop. Oops!!

Anyway I was feeling lazy so I decided to do indoor light exercise—a mix of rope jumping, yoga and stretching. Feeling good now. :)",2026-05-03_19-03-06_hk_1777827786.fit,222,2026-05-03T17:12:21.000Z,456.000,,126,,,,,,
2026-05-03,training,Stretching and Yoga,"I was planning to go to run in the morning but its raining whole day so I was waiting for it to stop. Oops!!

Anyway I was feeling lazy so I decided to do indoor light exercise—a mix of rope jumping, yoga and stretching. Feeling good now. :)",2026-05-03_19-03-06_hk_1777827786.fit,223,2026-05-03T17:12:22.000Z,457.000,,126,,,,,,
2026-05-03,training,Stretching and Yoga,"I was planning to go to run in the morning but its raining whole day so I was waiting for it to stop. Oops!!

Anyway I was feeling lazy so I decided to do indoor light exercise—a mix of rope jumping, yoga and stretching. Feeling good now. :)",2026-05-03_19-03-06_hk_1777827786.fit,224,2026-05-03T17:12:25.000Z,460.000,,126,,,,,,
2026-05-03,training,Stretching and Yoga,"I was planning to go to run in the morning but its raining whole day so I was waiting for it to stop. Oops!!

Anyway I was feeling lazy so I decided to do indoor light exercise—a mix of rope jumping, yoga and stretching. Feeling good now. :)",2026-05-03_19-03-06_hk_1777827786.fit,225,2026-05-03T17:12:26.000Z,461.000,,123,,,,,,
2026-05-03,training,Stretching and Yoga,"I was planning to go to run in the morning but its raining whole day so I was waiting for it to stop. Oops!!

Anyway I was feeling lazy so I decided to do indoor light exercise—a mix of rope jumping, yoga and stretching. Feeling good now. :)",2026-05-03_19-03-06_hk_1777827786.fit,226,2026-05-03T17:12:27.000Z,462.000,,123,,,,,,
2026-05-03,training,Stretching and Yoga,"I was planning to go to run in the morning but its raining whole day so I was waiting for it to stop. Oops!!

Anyway I was feeling lazy so I decided to do indoor light exercise—a mix of rope jumping, yoga and stretching. Feeling good now. :)",2026-05-03_19-03-06_hk_1777827786.fit,227,2026-05-03T17:12:28.000Z,463.000,,121,,,,,,
2026-05-03,training,Stretching and Yoga,"I was planning to go to run in the morning but its raining whole day so I was waiting for it to stop. Oops!!

Anyway I was feeling lazy so I decided to do indoor light exercise—a mix of rope jumping, yoga and stretching. Feeling good now. :)",2026-05-03_19-03-06_hk_1777827786.fit,228,2026-05-03T17:12:30.000Z,465.000,,121,,,,,,
2026-05-03,training,Stretching and Yoga,"I was planning to go to run in the morning but its raining whole day so I was waiting for it to stop. Oops!!

Anyway I was feeling lazy so I decided to do indoor light exercise—a mix of rope jumping, yoga and stretching. Feeling good now. :)",2026-05-03_19-03-06_hk_1777827786.fit,229,2026-05-03T17:12:32.000Z,467.000,,118,,,,,,
2026-05-03,training,Stretching and Yoga,"I was planning to go to run in the morning but its raining whole day so I was waiting for it to stop. Oops!!

Anyway I was feeling lazy so I decided to do indoor light exercise—a mix of rope jumping, yoga and stretching. Feeling good now. :)",2026-05-03_19-03-06_hk_1777827786.fit,230,2026-05-03T17:12:35.000Z,470.000,,118,,,,,,
2026-05-03,training,Stretching and Yoga,"I was planning to go to run in the morning but its raining whole day so I was waiting for it to stop. Oops!!

Anyway I was feeling lazy so I decided to do indoor light exercise—a mix of rope jumping, yoga and stretching. Feeling good now. :)",2026-05-03_19-03-06_hk_1777827786.fit,231,2026-05-03T17:12:37.000Z,472.000,,120,,,,,,
2026-05-03,training,Stretching and Yoga,"I was planning to go to run in the morning but its raining whole day so I was waiting for it to stop. Oops!!

Anyway I was feeling lazy so I decided to do indoor light exercise—a mix of rope jumping, yoga and stretching. Feeling good now. :)",2026-05-03_19-03-06_hk_1777827786.fit,232,2026-05-03T17:12:40.000Z,475.000,,120,,,,,,
2026-05-03,training,Stretching and Yoga,"I was planning to go to run in the morning but its raining whole day so I was waiting for it to stop. Oops!!

Anyway I was feeling lazy so I decided to do indoor light exercise—a mix of rope jumping, yoga and stretching. Feeling good now. :)",2026-05-03_19-03-06_hk_1777827786.fit,233,2026-05-03T17:12:43.000Z,478.000,,120,,,,,,
2026-05-03,training,Stretching and Yoga,"I was planning to go to run in the morning but its raining whole day so I was waiting for it to stop. Oops!!

Anyway I was feeling lazy so I decided to do indoor light exercise—a mix of rope jumping, yoga and stretching. Feeling good now. :)",2026-05-03_19-03-06_hk_1777827786.fit,234,2026-05-03T17:12:44.000Z,479.000,,119,,,,,,
2026-05-03,training,Stretching and Yoga,"I was planning to go to run in the morning but its raining whole day so I was waiting for it to stop. Oops!!

Anyway I was feeling lazy so I decided to do indoor light exercise—a mix of rope jumping, yoga and stretching. Feeling good now. :)",2026-05-03_19-03-06_hk_1777827786.fit,235,2026-05-03T17:12:45.000Z,480.000,,119,,,,,,
2026-05-03,training,Stretching and Yoga,"I was planning to go to run in the morning but its raining whole day so I was waiting for it to stop. Oops!!

Anyway I was feeling lazy so I decided to do indoor light exercise—a mix of rope jumping, yoga and stretching. Feeling good now. :)",2026-05-03_19-03-06_hk_1777827786.fit,236,2026-05-03T17:12:47.000Z,482.000,,118,,,,,,
2026-05-03,training,Stretching and Yoga,"I was planning to go to run in the morning but its raining whole day so I was waiting for it to stop. Oops!!

Anyway I was feeling lazy so I decided to do indoor light exercise—a mix of rope jumping, yoga and stretching. Feeling good now. :)",2026-05-03_19-03-06_hk_1777827786.fit,237,2026-05-03T17:12:48.000Z,483.000,,118,,,,,,
2026-05-03,training,Stretching and Yoga,"I was planning to go to run in the morning but its raining whole day so I was waiting for it to stop. Oops!!

Anyway I was feeling lazy so I decided to do indoor light exercise—a mix of rope jumping, yoga and stretching. Feeling good now. :)",2026-05-03_19-03-06_hk_1777827786.fit,238,2026-05-03T17:12:50.000Z,485.000,,118,,,,,,
2026-05-03,training,Stretching and Yoga,"I was planning to go to run in the morning but its raining whole day so I was waiting for it to stop. Oops!!

Anyway I was feeling lazy so I decided to do indoor light exercise—a mix of rope jumping, yoga and stretching. Feeling good now. :)",2026-05-03_19-03-06_hk_1777827786.fit,239,2026-05-03T17:12:53.000Z,488.000,,118,,,,,,
2026-05-03,training,Stretching and Yoga,"I was planning to go to run in the morning but its raining whole day so I was waiting for it to stop. Oops!!

Anyway I was feeling lazy so I decided to do indoor light exercise—a mix of rope jumping, yoga and stretching. Feeling good now. :)",2026-05-03_19-03-06_hk_1777827786.fit,240,2026-05-03T17:12:55.000Z,490.000,,118,,,,,,
2026-05-03,training,Stretching and Yoga,"I was planning to go to run in the morning but its raining whole day so I was waiting for it to stop. Oops!!

Anyway I was feeling lazy so I decided to do indoor light exercise—a mix of rope jumping, yoga and stretching. Feeling good now. :)",2026-05-03_19-03-06_hk_1777827786.fit,241,2026-05-03T17:12:56.000Z,491.000,,116,,,,,,
2026-05-03,training,Stretching and Yoga,"I was planning to go to run in the morning but its raining whole day so I was waiting for it to stop. Oops!!

Anyway I was feeling lazy so I decided to do indoor light exercise—a mix of rope jumping, yoga and stretching. Feeling good now. :)",2026-05-03_19-03-06_hk_1777827786.fit,242,2026-05-03T17:12:57.000Z,492.000,,116,,,,,,
2026-05-03,training,Stretching and Yoga,"I was planning to go to run in the morning but its raining whole day so I was waiting for it to stop. Oops!!

Anyway I was feeling lazy so I decided to do indoor light exercise—a mix of rope jumping, yoga and stretching. Feeling good now. :)",2026-05-03_19-03-06_hk_1777827786.fit,243,2026-05-03T17:12:58.000Z,493.000,,116,,,,,,
2026-05-03,training,Stretching and Yoga,"I was planning to go to run in the morning but its raining whole day so I was waiting for it to stop. Oops!!

Anyway I was feeling lazy so I decided to do indoor light exercise—a mix of rope jumping, yoga and stretching. Feeling good now. :)",2026-05-03_19-03-06_hk_1777827786.fit,244,2026-05-03T17:13:00.000Z,495.000,,116,,,,,,
2026-05-03,training,Stretching and Yoga,"I was planning to go to run in the morning but its raining whole day so I was waiting for it to stop. Oops!!

Anyway I was feeling lazy so I decided to do indoor light exercise—a mix of rope jumping, yoga and stretching. Feeling good now. :)",2026-05-03_19-03-06_hk_1777827786.fit,245,2026-05-03T17:13:03.000Z,498.000,,116,,,,,,
2026-05-03,training,Stretching and Yoga,"I was planning to go to run in the morning but its raining whole day so I was waiting for it to stop. Oops!!

Anyway I was feeling lazy so I decided to do indoor light exercise—a mix of rope jumping, yoga and stretching. Feeling good now. :)",2026-05-03_19-03-06_hk_1777827786.fit,246,2026-05-03T17:13:06.000Z,501.000,,111,,,,,,
2026-05-03,training,Stretching and Yoga,"I was planning to go to run in the morning but its raining whole day so I was waiting for it to stop. Oops!!

Anyway I was feeling lazy so I decided to do indoor light exercise—a mix of rope jumping, yoga and stretching. Feeling good now. :)",2026-05-03_19-03-06_hk_1777827786.fit,247,2026-05-03T17:13:08.000Z,503.000,,111,,,,,,
2026-05-03,training,Stretching and Yoga,"I was planning to go to run in the morning but its raining whole day so I was waiting for it to stop. Oops!!

Anyway I was feeling lazy so I decided to do indoor light exercise—a mix of rope jumping, yoga and stretching. Feeling good now. :)",2026-05-03_19-03-06_hk_1777827786.fit,248,2026-05-03T17:13:10.000Z,505.000,,107,,,,,,
2026-05-03,training,Stretching and Yoga,"I was planning to go to run in the morning but its raining whole day so I was waiting for it to stop. Oops!!

Anyway I was feeling lazy so I decided to do indoor light exercise—a mix of rope jumping, yoga and stretching. Feeling good now. :)",2026-05-03_19-03-06_hk_1777827786.fit,249,2026-05-03T17:13:11.000Z,506.000,,107,,,,,,
2026-05-03,training,Stretching and Yoga,"I was planning to go to run in the morning but its raining whole day so I was waiting for it to stop. Oops!!

Anyway I was feeling lazy so I decided to do indoor light exercise—a mix of rope jumping, yoga and stretching. Feeling good now. :)",2026-05-03_19-03-06_hk_1777827786.fit,250,2026-05-03T17:13:13.000Z,508.000,,107,,,,,,
2026-05-03,training,Stretching and Yoga,"I was planning to go to run in the morning but its raining whole day so I was waiting for it to stop. Oops!!

Anyway I was feeling lazy so I decided to do indoor light exercise—a mix of rope jumping, yoga and stretching. Feeling good now. :)",2026-05-03_19-03-06_hk_1777827786.fit,251,2026-05-03T17:13:15.000Z,510.000,,105,,,,,,
2026-05-03,training,Stretching and Yoga,"I was planning to go to run in the morning but its raining whole day so I was waiting for it to stop. Oops!!

Anyway I was feeling lazy so I decided to do indoor light exercise—a mix of rope jumping, yoga and stretching. Feeling good now. :)",2026-05-03_19-03-06_hk_1777827786.fit,252,2026-05-03T17:13:16.000Z,511.000,,105,,,,,,
2026-05-03,training,Stretching and Yoga,"I was planning to go to run in the morning but its raining whole day so I was waiting for it to stop. Oops!!

Anyway I was feeling lazy so I decided to do indoor light exercise—a mix of rope jumping, yoga and stretching. Feeling good now. :)",2026-05-03_19-03-06_hk_1777827786.fit,253,2026-05-03T17:13:18.000Z,513.000,,105,,,,,,
2026-05-03,training,Stretching and Yoga,"I was planning to go to run in the morning but its raining whole day so I was waiting for it to stop. Oops!!

Anyway I was feeling lazy so I decided to do indoor light exercise—a mix of rope jumping, yoga and stretching. Feeling good now. :)",2026-05-03_19-03-06_hk_1777827786.fit,254,2026-05-03T17:13:20.000Z,515.000,,103,,,,,,
2026-05-03,training,Stretching and Yoga,"I was planning to go to run in the morning but its raining whole day so I was waiting for it to stop. Oops!!

Anyway I was feeling lazy so I decided to do indoor light exercise—a mix of rope jumping, yoga and stretching. Feeling good now. :)",2026-05-03_19-03-06_hk_1777827786.fit,255,2026-05-03T17:13:21.000Z,516.000,,103,,,,,,
2026-05-03,training,Stretching and Yoga,"I was planning to go to run in the morning but its raining whole day so I was waiting for it to stop. Oops!!

Anyway I was feeling lazy so I decided to do indoor light exercise—a mix of rope jumping, yoga and stretching. Feeling good now. :)",2026-05-03_19-03-06_hk_1777827786.fit,256,2026-05-03T17:13:22.000Z,517.000,,105,,,,,,
2026-05-03,training,Stretching and Yoga,"I was planning to go to run in the morning but its raining whole day so I was waiting for it to stop. Oops!!

Anyway I was feeling lazy so I decided to do indoor light exercise—a mix of rope jumping, yoga and stretching. Feeling good now. :)",2026-05-03_19-03-06_hk_1777827786.fit,257,2026-05-03T17:13:24.000Z,519.000,,105,,,,,,
2026-05-03,training,Stretching and Yoga,"I was planning to go to run in the morning but its raining whole day so I was waiting for it to stop. Oops!!

Anyway I was feeling lazy so I decided to do indoor light exercise—a mix of rope jumping, yoga and stretching. Feeling good now. :)",2026-05-03_19-03-06_hk_1777827786.fit,258,2026-05-03T17:13:26.000Z,521.000,,105,,,,,,
2026-05-03,training,Stretching and Yoga,"I was planning to go to run in the morning but its raining whole day so I was waiting for it to stop. Oops!!

Anyway I was feeling lazy so I decided to do indoor light exercise—a mix of rope jumping, yoga and stretching. Feeling good now. :)",2026-05-03_19-03-06_hk_1777827786.fit,259,2026-05-03T17:13:27.000Z,522.000,,106,,,,,,
2026-05-03,training,Stretching and Yoga,"I was planning to go to run in the morning but its raining whole day so I was waiting for it to stop. Oops!!

Anyway I was feeling lazy so I decided to do indoor light exercise—a mix of rope jumping, yoga and stretching. Feeling good now. :)",2026-05-03_19-03-06_hk_1777827786.fit,260,2026-05-03T17:13:29.000Z,524.000,,106,,,,,,
2026-05-03,training,Stretching and Yoga,"I was planning to go to run in the morning but its raining whole day so I was waiting for it to stop. Oops!!

Anyway I was feeling lazy so I decided to do indoor light exercise—a mix of rope jumping, yoga and stretching. Feeling good now. :)",2026-05-03_19-03-06_hk_1777827786.fit,261,2026-05-03T17:13:31.000Z,526.000,,106,,,,,,
2026-05-03,training,Stretching and Yoga,"I was planning to go to run in the morning but its raining whole day so I was waiting for it to stop. Oops!!

Anyway I was feeling lazy so I decided to do indoor light exercise—a mix of rope jumping, yoga and stretching. Feeling good now. :)",2026-05-03_19-03-06_hk_1777827786.fit,262,2026-05-03T17:13:34.000Z,529.000,,106,,,,,,
2026-05-03,training,Stretching and Yoga,"I was planning to go to run in the morning but its raining whole day so I was waiting for it to stop. Oops!!

Anyway I was feeling lazy so I decided to do indoor light exercise—a mix of rope jumping, yoga and stretching. Feeling good now. :)",2026-05-03_19-03-06_hk_1777827786.fit,263,2026-05-03T17:13:36.000Z,531.000,,109,,,,,,
2026-05-03,training,Stretching and Yoga,"I was planning to go to run in the morning but its raining whole day so I was waiting for it to stop. Oops!!

Anyway I was feeling lazy so I decided to do indoor light exercise—a mix of rope jumping, yoga and stretching. Feeling good now. :)",2026-05-03_19-03-06_hk_1777827786.fit,264,2026-05-03T17:13:39.000Z,534.000,,109,,,,,,
2026-05-03,training,Stretching and Yoga,"I was planning to go to run in the morning but its raining whole day so I was waiting for it to stop. Oops!!

Anyway I was feeling lazy so I decided to do indoor light exercise—a mix of rope jumping, yoga and stretching. Feeling good now. :)",2026-05-03_19-03-06_hk_1777827786.fit,265,2026-05-03T17:13:41.000Z,536.000,,108,,,,,,
2026-05-03,training,Stretching and Yoga,"I was planning to go to run in the morning but its raining whole day so I was waiting for it to stop. Oops!!

Anyway I was feeling lazy so I decided to do indoor light exercise—a mix of rope jumping, yoga and stretching. Feeling good now. :)",2026-05-03_19-03-06_hk_1777827786.fit,266,2026-05-03T17:13:43.000Z,538.000,,108,,,,,,
2026-05-03,training,Stretching and Yoga,"I was planning to go to run in the morning but its raining whole day so I was waiting for it to stop. Oops!!

Anyway I was feeling lazy so I decided to do indoor light exercise—a mix of rope jumping, yoga and stretching. Feeling good now. :)",2026-05-03_19-03-06_hk_1777827786.fit,267,2026-05-03T17:13:44.000Z,539.000,,108,,,,,,
2026-05-03,training,Stretching and Yoga,"I was planning to go to run in the morning but its raining whole day so I was waiting for it to stop. Oops!!

Anyway I was feeling lazy so I decided to do indoor light exercise—a mix of rope jumping, yoga and stretching. Feeling good now. :)",2026-05-03_19-03-06_hk_1777827786.fit,268,2026-05-03T17:13:47.000Z,542.000,,108,,,,,,
2026-05-03,training,Stretching and Yoga,"I was planning to go to run in the morning but its raining whole day so I was waiting for it to stop. Oops!!

Anyway I was feeling lazy so I decided to do indoor light exercise—a mix of rope jumping, yoga and stretching. Feeling good now. :)",2026-05-03_19-03-06_hk_1777827786.fit,269,2026-05-03T17:13:49.000Z,544.000,,108,,,,,,
2026-05-03,training,Stretching and Yoga,"I was planning to go to run in the morning but its raining whole day so I was waiting for it to stop. Oops!!

Anyway I was feeling lazy so I decided to do indoor light exercise—a mix of rope jumping, yoga and stretching. Feeling good now. :)",2026-05-03_19-03-06_hk_1777827786.fit,270,2026-05-03T17:13:52.000Z,547.000,,108,,,,,,
2026-05-03,training,Stretching and Yoga,"I was planning to go to run in the morning but its raining whole day so I was waiting for it to stop. Oops!!

Anyway I was feeling lazy so I decided to do indoor light exercise—a mix of rope jumping, yoga and stretching. Feeling good now. :)",2026-05-03_19-03-06_hk_1777827786.fit,271,2026-05-03T17:13:54.000Z,549.000,,108,,,,,,
2026-05-03,training,Stretching and Yoga,"I was planning to go to run in the morning but its raining whole day so I was waiting for it to stop. Oops!!

Anyway I was feeling lazy so I decided to do indoor light exercise—a mix of rope jumping, yoga and stretching. Feeling good now. :)",2026-05-03_19-03-06_hk_1777827786.fit,272,2026-05-03T17:13:56.000Z,551.000,,113,,,,,,
2026-05-03,training,Stretching and Yoga,"I was planning to go to run in the morning but its raining whole day so I was waiting for it to stop. Oops!!

Anyway I was feeling lazy so I decided to do indoor light exercise—a mix of rope jumping, yoga and stretching. Feeling good now. :)",2026-05-03_19-03-06_hk_1777827786.fit,273,2026-05-03T17:13:57.000Z,552.000,,113,,,,,,
2026-05-03,training,Stretching and Yoga,"I was planning to go to run in the morning but its raining whole day so I was waiting for it to stop. Oops!!

Anyway I was feeling lazy so I decided to do indoor light exercise—a mix of rope jumping, yoga and stretching. Feeling good now. :)",2026-05-03_19-03-06_hk_1777827786.fit,274,2026-05-03T17:13:59.000Z,554.000,,113,,,,,,
2026-05-03,training,Stretching and Yoga,"I was planning to go to run in the morning but its raining whole day so I was waiting for it to stop. Oops!!

Anyway I was feeling lazy so I decided to do indoor light exercise—a mix of rope jumping, yoga and stretching. Feeling good now. :)",2026-05-03_19-03-06_hk_1777827786.fit,275,2026-05-03T17:14:01.000Z,556.000,,114,,,,,,
2026-05-03,training,Stretching and Yoga,"I was planning to go to run in the morning but its raining whole day so I was waiting for it to stop. Oops!!

Anyway I was feeling lazy so I decided to do indoor light exercise—a mix of rope jumping, yoga and stretching. Feeling good now. :)",2026-05-03_19-03-06_hk_1777827786.fit,276,2026-05-03T17:14:02.000Z,557.000,,115,,,,,,
2026-05-03,training,Stretching and Yoga,"I was planning to go to run in the morning but its raining whole day so I was waiting for it to stop. Oops!!

Anyway I was feeling lazy so I decided to do indoor light exercise—a mix of rope jumping, yoga and stretching. Feeling good now. :)",2026-05-03_19-03-06_hk_1777827786.fit,277,2026-05-03T17:14:04.000Z,559.000,,115,,,,,,
2026-05-03,training,Stretching and Yoga,"I was planning to go to run in the morning but its raining whole day so I was waiting for it to stop. Oops!!

Anyway I was feeling lazy so I decided to do indoor light exercise—a mix of rope jumping, yoga and stretching. Feeling good now. :)",2026-05-03_19-03-06_hk_1777827786.fit,278,2026-05-03T17:14:07.000Z,562.000,,115,,,,,,
2026-05-03,training,Stretching and Yoga,"I was planning to go to run in the morning but its raining whole day so I was waiting for it to stop. Oops!!

Anyway I was feeling lazy so I decided to do indoor light exercise—a mix of rope jumping, yoga and stretching. Feeling good now. :)",2026-05-03_19-03-06_hk_1777827786.fit,279,2026-05-03T17:14:10.000Z,565.000,,115,,,,,,
2026-05-03,training,Stretching and Yoga,"I was planning to go to run in the morning but its raining whole day so I was waiting for it to stop. Oops!!

Anyway I was feeling lazy so I decided to do indoor light exercise—a mix of rope jumping, yoga and stretching. Feeling good now. :)",2026-05-03_19-03-06_hk_1777827786.fit,280,2026-05-03T17:14:11.000Z,566.000,,125,,,,,,
2026-05-03,training,Stretching and Yoga,"I was planning to go to run in the morning but its raining whole day so I was waiting for it to stop. Oops!!

Anyway I was feeling lazy so I decided to do indoor light exercise—a mix of rope jumping, yoga and stretching. Feeling good now. :)",2026-05-03_19-03-06_hk_1777827786.fit,281,2026-05-03T17:14:12.000Z,567.000,,126,,,,,,
2026-05-03,training,Stretching and Yoga,"I was planning to go to run in the morning but its raining whole day so I was waiting for it to stop. Oops!!

Anyway I was feeling lazy so I decided to do indoor light exercise—a mix of rope jumping, yoga and stretching. Feeling good now. :)",2026-05-03_19-03-06_hk_1777827786.fit,282,2026-05-03T17:14:15.000Z,570.000,,126,,,,,,
2026-05-03,training,Stretching and Yoga,"I was planning to go to run in the morning but its raining whole day so I was waiting for it to stop. Oops!!

Anyway I was feeling lazy so I decided to do indoor light exercise—a mix of rope jumping, yoga and stretching. Feeling good now. :)",2026-05-03_19-03-06_hk_1777827786.fit,283,2026-05-03T17:14:17.000Z,572.000,,126,,,,,,
2026-05-03,training,Stretching and Yoga,"I was planning to go to run in the morning but its raining whole day so I was waiting for it to stop. Oops!!

Anyway I was feeling lazy so I decided to do indoor light exercise—a mix of rope jumping, yoga and stretching. Feeling good now. :)",2026-05-03_19-03-06_hk_1777827786.fit,284,2026-05-03T17:14:20.000Z,575.000,,126,,,,,,
2026-05-03,training,Stretching and Yoga,"I was planning to go to run in the morning but its raining whole day so I was waiting for it to stop. Oops!!

Anyway I was feeling lazy so I decided to do indoor light exercise—a mix of rope jumping, yoga and stretching. Feeling good now. :)",2026-05-03_19-03-06_hk_1777827786.fit,285,2026-05-03T17:14:21.000Z,576.000,,129,,,,,,
2026-05-03,training,Stretching and Yoga,"I was planning to go to run in the morning but its raining whole day so I was waiting for it to stop. Oops!!

Anyway I was feeling lazy so I decided to do indoor light exercise—a mix of rope jumping, yoga and stretching. Feeling good now. :)",2026-05-03_19-03-06_hk_1777827786.fit,286,2026-05-03T17:14:22.000Z,577.000,,129,,,,,,
2026-05-03,training,Stretching and Yoga,"I was planning to go to run in the morning but its raining whole day so I was waiting for it to stop. Oops!!

Anyway I was feeling lazy so I decided to do indoor light exercise—a mix of rope jumping, yoga and stretching. Feeling good now. :)",2026-05-03_19-03-06_hk_1777827786.fit,287,2026-05-03T17:14:24.000Z,579.000,,130,,,,,,
2026-05-03,training,Stretching and Yoga,"I was planning to go to run in the morning but its raining whole day so I was waiting for it to stop. Oops!!

Anyway I was feeling lazy so I decided to do indoor light exercise—a mix of rope jumping, yoga and stretching. Feeling good now. :)",2026-05-03_19-03-06_hk_1777827786.fit,288,2026-05-03T17:14:25.000Z,580.000,,130,,,,,,
2026-05-03,training,Stretching and Yoga,"I was planning to go to run in the morning but its raining whole day so I was waiting for it to stop. Oops!!

Anyway I was feeling lazy so I decided to do indoor light exercise—a mix of rope jumping, yoga and stretching. Feeling good now. :)",2026-05-03_19-03-06_hk_1777827786.fit,289,2026-05-03T17:14:27.000Z,582.000,,130,,,,,,
2026-05-03,training,Stretching and Yoga,"I was planning to go to run in the morning but its raining whole day so I was waiting for it to stop. Oops!!

Anyway I was feeling lazy so I decided to do indoor light exercise—a mix of rope jumping, yoga and stretching. Feeling good now. :)",2026-05-03_19-03-06_hk_1777827786.fit,290,2026-05-03T17:14:28.000Z,583.000,,130,,,,,,
2026-05-03,training,Stretching and Yoga,"I was planning to go to run in the morning but its raining whole day so I was waiting for it to stop. Oops!!

Anyway I was feeling lazy so I decided to do indoor light exercise—a mix of rope jumping, yoga and stretching. Feeling good now. :)",2026-05-03_19-03-06_hk_1777827786.fit,291,2026-05-03T17:14:30.000Z,585.000,,130,,,,,,
2026-05-03,training,Stretching and Yoga,"I was planning to go to run in the morning but its raining whole day so I was waiting for it to stop. Oops!!

Anyway I was feeling lazy so I decided to do indoor light exercise—a mix of rope jumping, yoga and stretching. Feeling good now. :)",2026-05-03_19-03-06_hk_1777827786.fit,292,2026-05-03T17:14:32.000Z,587.000,,128,,,,,,
2026-05-03,training,Stretching and Yoga,"I was planning to go to run in the morning but its raining whole day so I was waiting for it to stop. Oops!!

Anyway I was feeling lazy so I decided to do indoor light exercise—a mix of rope jumping, yoga and stretching. Feeling good now. :)",2026-05-03_19-03-06_hk_1777827786.fit,293,2026-05-03T17:14:33.000Z,588.000,,128,,,,,,
2026-05-03,training,Stretching and Yoga,"I was planning to go to run in the morning but its raining whole day so I was waiting for it to stop. Oops!!

Anyway I was feeling lazy so I decided to do indoor light exercise—a mix of rope jumping, yoga and stretching. Feeling good now. :)",2026-05-03_19-03-06_hk_1777827786.fit,294,2026-05-03T17:14:35.000Z,590.000,,128,,,,,,
2026-05-03,training,Stretching and Yoga,"I was planning to go to run in the morning but its raining whole day so I was waiting for it to stop. Oops!!

Anyway I was feeling lazy so I decided to do indoor light exercise—a mix of rope jumping, yoga and stretching. Feeling good now. :)",2026-05-03_19-03-06_hk_1777827786.fit,295,2026-05-03T17:14:38.000Z,593.000,,128,,,,,,
2026-05-03,training,Stretching and Yoga,"I was planning to go to run in the morning but its raining whole day so I was waiting for it to stop. Oops!!

Anyway I was feeling lazy so I decided to do indoor light exercise—a mix of rope jumping, yoga and stretching. Feeling good now. :)",2026-05-03_19-03-06_hk_1777827786.fit,296,2026-05-03T17:14:40.000Z,595.000,,128,,,,,,
2026-05-03,training,Stretching and Yoga,"I was planning to go to run in the morning but its raining whole day so I was waiting for it to stop. Oops!!

Anyway I was feeling lazy so I decided to do indoor light exercise—a mix of rope jumping, yoga and stretching. Feeling good now. :)",2026-05-03_19-03-06_hk_1777827786.fit,297,2026-05-03T17:14:41.000Z,596.000,,127,,,,,,
2026-05-03,training,Stretching and Yoga,"I was planning to go to run in the morning but its raining whole day so I was waiting for it to stop. Oops!!

Anyway I was feeling lazy so I decided to do indoor light exercise—a mix of rope jumping, yoga and stretching. Feeling good now. :)",2026-05-03_19-03-06_hk_1777827786.fit,298,2026-05-03T17:14:42.000Z,597.000,,127,,,,,,
2026-05-03,training,Stretching and Yoga,"I was planning to go to run in the morning but its raining whole day so I was waiting for it to stop. Oops!!

Anyway I was feeling lazy so I decided to do indoor light exercise—a mix of rope jumping, yoga and stretching. Feeling good now. :)",2026-05-03_19-03-06_hk_1777827786.fit,299,2026-05-03T17:14:43.000Z,598.000,,127,,,,,,
2026-05-03,training,Stretching and Yoga,"I was planning to go to run in the morning but its raining whole day so I was waiting for it to stop. Oops!!

Anyway I was feeling lazy so I decided to do indoor light exercise—a mix of rope jumping, yoga and stretching. Feeling good now. :)",2026-05-03_19-03-06_hk_1777827786.fit,300,2026-05-03T17:14:45.000Z,600.000,,127,,,,,,
2026-05-03,training,Stretching and Yoga,"I was planning to go to run in the morning but its raining whole day so I was waiting for it to stop. Oops!!

Anyway I was feeling lazy so I decided to do indoor light exercise—a mix of rope jumping, yoga and stretching. Feeling good now. :)",2026-05-03_19-03-06_hk_1777827786.fit,301,2026-05-03T17:14:47.000Z,602.000,,127,,,,,,
2026-05-03,training,Stretching and Yoga,"I was planning to go to run in the morning but its raining whole day so I was waiting for it to stop. Oops!!

Anyway I was feeling lazy so I decided to do indoor light exercise—a mix of rope jumping, yoga and stretching. Feeling good now. :)",2026-05-03_19-03-06_hk_1777827786.fit,302,2026-05-03T17:14:48.000Z,603.000,,127,,,,,,
2026-05-03,training,Stretching and Yoga,"I was planning to go to run in the morning but its raining whole day so I was waiting for it to stop. Oops!!

Anyway I was feeling lazy so I decided to do indoor light exercise—a mix of rope jumping, yoga and stretching. Feeling good now. :)",2026-05-03_19-03-06_hk_1777827786.fit,303,2026-05-03T17:14:51.000Z,606.000,,127,,,,,,
2026-05-03,training,Stretching and Yoga,"I was planning to go to run in the morning but its raining whole day so I was waiting for it to stop. Oops!!

Anyway I was feeling lazy so I decided to do indoor light exercise—a mix of rope jumping, yoga and stretching. Feeling good now. :)",2026-05-03_19-03-06_hk_1777827786.fit,304,2026-05-03T17:14:52.000Z,607.000,,125,,,,,,
2026-05-03,training,Stretching and Yoga,"I was planning to go to run in the morning but its raining whole day so I was waiting for it to stop. Oops!!

Anyway I was feeling lazy so I decided to do indoor light exercise—a mix of rope jumping, yoga and stretching. Feeling good now. :)",2026-05-03_19-03-06_hk_1777827786.fit,305,2026-05-03T17:14:53.000Z,608.000,,125,,,,,,
2026-05-03,training,Stretching and Yoga,"I was planning to go to run in the morning but its raining whole day so I was waiting for it to stop. Oops!!

Anyway I was feeling lazy so I decided to do indoor light exercise—a mix of rope jumping, yoga and stretching. Feeling good now. :)",2026-05-03_19-03-06_hk_1777827786.fit,306,2026-05-03T17:14:56.000Z,611.000,,125,,,,,,
2026-05-03,training,Stretching and Yoga,"I was planning to go to run in the morning but its raining whole day so I was waiting for it to stop. Oops!!

Anyway I was feeling lazy so I decided to do indoor light exercise—a mix of rope jumping, yoga and stretching. Feeling good now. :)",2026-05-03_19-03-06_hk_1777827786.fit,307,2026-05-03T17:14:58.000Z,613.000,,125,,,,,,
2026-05-03,training,Stretching and Yoga,"I was planning to go to run in the morning but its raining whole day so I was waiting for it to stop. Oops!!

Anyway I was feeling lazy so I decided to do indoor light exercise—a mix of rope jumping, yoga and stretching. Feeling good now. :)",2026-05-03_19-03-06_hk_1777827786.fit,308,2026-05-03T17:15:01.000Z,616.000,,118,,,,,,
2026-05-03,training,Stretching and Yoga,"I was planning to go to run in the morning but its raining whole day so I was waiting for it to stop. Oops!!

Anyway I was feeling lazy so I decided to do indoor light exercise—a mix of rope jumping, yoga and stretching. Feeling good now. :)",2026-05-03_19-03-06_hk_1777827786.fit,309,2026-05-03T17:15:03.000Z,618.000,,118,,,,,,
2026-05-03,training,Stretching and Yoga,"I was planning to go to run in the morning but its raining whole day so I was waiting for it to stop. Oops!!

Anyway I was feeling lazy so I decided to do indoor light exercise—a mix of rope jumping, yoga and stretching. Feeling good now. :)",2026-05-03_19-03-06_hk_1777827786.fit,310,2026-05-03T17:15:06.000Z,621.000,,116,,,,,,
2026-05-03,training,Stretching and Yoga,"I was planning to go to run in the morning but its raining whole day so I was waiting for it to stop. Oops!!

Anyway I was feeling lazy so I decided to do indoor light exercise—a mix of rope jumping, yoga and stretching. Feeling good now. :)",2026-05-03_19-03-06_hk_1777827786.fit,311,2026-05-03T17:15:08.000Z,623.000,,116,,,,,,
2026-05-03,training,Stretching and Yoga,"I was planning to go to run in the morning but its raining whole day so I was waiting for it to stop. Oops!!

Anyway I was feeling lazy so I decided to do indoor light exercise—a mix of rope jumping, yoga and stretching. Feeling good now. :)",2026-05-03_19-03-06_hk_1777827786.fit,312,2026-05-03T17:15:09.000Z,624.000,,117,,,,,,
2026-05-03,training,Stretching and Yoga,"I was planning to go to run in the morning but its raining whole day so I was waiting for it to stop. Oops!!

Anyway I was feeling lazy so I decided to do indoor light exercise—a mix of rope jumping, yoga and stretching. Feeling good now. :)",2026-05-03_19-03-06_hk_1777827786.fit,313,2026-05-03T17:15:11.000Z,626.000,,117,,,,,,
2026-05-03,training,Stretching and Yoga,"I was planning to go to run in the morning but its raining whole day so I was waiting for it to stop. Oops!!

Anyway I was feeling lazy so I decided to do indoor light exercise—a mix of rope jumping, yoga and stretching. Feeling good now. :)",2026-05-03_19-03-06_hk_1777827786.fit,314,2026-05-03T17:15:14.000Z,629.000,,117,,,,,,
2026-05-03,training,Stretching and Yoga,"I was planning to go to run in the morning but its raining whole day so I was waiting for it to stop. Oops!!

Anyway I was feeling lazy so I decided to do indoor light exercise—a mix of rope jumping, yoga and stretching. Feeling good now. :)",2026-05-03_19-03-06_hk_1777827786.fit,315,2026-05-03T17:15:16.000Z,631.000,,120,,,,,,
2026-05-03,training,Stretching and Yoga,"I was planning to go to run in the morning but its raining whole day so I was waiting for it to stop. Oops!!

Anyway I was feeling lazy so I decided to do indoor light exercise—a mix of rope jumping, yoga and stretching. Feeling good now. :)",2026-05-03_19-03-06_hk_1777827786.fit,316,2026-05-03T17:15:17.000Z,632.000,,119,,,,,,
2026-05-03,training,Stretching and Yoga,"I was planning to go to run in the morning but its raining whole day so I was waiting for it to stop. Oops!!

Anyway I was feeling lazy so I decided to do indoor light exercise—a mix of rope jumping, yoga and stretching. Feeling good now. :)",2026-05-03_19-03-06_hk_1777827786.fit,317,2026-05-03T17:15:19.000Z,634.000,,119,,,,,,
2026-05-03,training,Stretching and Yoga,"I was planning to go to run in the morning but its raining whole day so I was waiting for it to stop. Oops!!

Anyway I was feeling lazy so I decided to do indoor light exercise—a mix of rope jumping, yoga and stretching. Feeling good now. :)",2026-05-03_19-03-06_hk_1777827786.fit,318,2026-05-03T17:15:21.000Z,636.000,,119,,,,,,
2026-05-03,training,Stretching and Yoga,"I was planning to go to run in the morning but its raining whole day so I was waiting for it to stop. Oops!!

Anyway I was feeling lazy so I decided to do indoor light exercise—a mix of rope jumping, yoga and stretching. Feeling good now. :)",2026-05-03_19-03-06_hk_1777827786.fit,319,2026-05-03T17:15:24.000Z,639.000,,120,,,,,,
2026-05-03,training,Stretching and Yoga,"I was planning to go to run in the morning but its raining whole day so I was waiting for it to stop. Oops!!

Anyway I was feeling lazy so I decided to do indoor light exercise—a mix of rope jumping, yoga and stretching. Feeling good now. :)",2026-05-03_19-03-06_hk_1777827786.fit,320,2026-05-03T17:15:26.000Z,641.000,,120,,,,,,
2026-05-03,training,Stretching and Yoga,"I was planning to go to run in the morning but its raining whole day so I was waiting for it to stop. Oops!!

Anyway I was feeling lazy so I decided to do indoor light exercise—a mix of rope jumping, yoga and stretching. Feeling good now. :)",2026-05-03_19-03-06_hk_1777827786.fit,321,2026-05-03T17:15:28.000Z,643.000,,123,,,,,,
2026-05-03,training,Stretching and Yoga,"I was planning to go to run in the morning but its raining whole day so I was waiting for it to stop. Oops!!

Anyway I was feeling lazy so I decided to do indoor light exercise—a mix of rope jumping, yoga and stretching. Feeling good now. :)",2026-05-03_19-03-06_hk_1777827786.fit,322,2026-05-03T17:15:29.000Z,644.000,,123,,,,,,
2026-05-03,training,Stretching and Yoga,"I was planning to go to run in the morning but its raining whole day so I was waiting for it to stop. Oops!!

Anyway I was feeling lazy so I decided to do indoor light exercise—a mix of rope jumping, yoga and stretching. Feeling good now. :)",2026-05-03_19-03-06_hk_1777827786.fit,323,2026-05-03T17:15:32.000Z,647.000,,123,,,,,,
2026-05-03,training,Stretching and Yoga,"I was planning to go to run in the morning but its raining whole day so I was waiting for it to stop. Oops!!

Anyway I was feeling lazy so I decided to do indoor light exercise—a mix of rope jumping, yoga and stretching. Feeling good now. :)",2026-05-03_19-03-06_hk_1777827786.fit,324,2026-05-03T17:15:34.000Z,649.000,,123,,,,,,
2026-05-03,training,Stretching and Yoga,"I was planning to go to run in the morning but its raining whole day so I was waiting for it to stop. Oops!!

Anyway I was feeling lazy so I decided to do indoor light exercise—a mix of rope jumping, yoga and stretching. Feeling good now. :)",2026-05-03_19-03-06_hk_1777827786.fit,325,2026-05-03T17:15:36.000Z,651.000,,120,,,,,,
2026-05-03,training,Stretching and Yoga,"I was planning to go to run in the morning but its raining whole day so I was waiting for it to stop. Oops!!

Anyway I was feeling lazy so I decided to do indoor light exercise—a mix of rope jumping, yoga and stretching. Feeling good now. :)",2026-05-03_19-03-06_hk_1777827786.fit,326,2026-05-03T17:15:37.000Z,652.000,,120,,,,,,
2026-05-03,training,Stretching and Yoga,"I was planning to go to run in the morning but its raining whole day so I was waiting for it to stop. Oops!!

Anyway I was feeling lazy so I decided to do indoor light exercise—a mix of rope jumping, yoga and stretching. Feeling good now. :)",2026-05-03_19-03-06_hk_1777827786.fit,327,2026-05-03T17:15:39.000Z,654.000,,120,,,,,,
2026-05-03,training,Stretching and Yoga,"I was planning to go to run in the morning but its raining whole day so I was waiting for it to stop. Oops!!

Anyway I was feeling lazy so I decided to do indoor light exercise—a mix of rope jumping, yoga and stretching. Feeling good now. :)",2026-05-03_19-03-06_hk_1777827786.fit,328,2026-05-03T17:15:41.000Z,656.000,,119,,,,,,
2026-05-03,training,Stretching and Yoga,"I was planning to go to run in the morning but its raining whole day so I was waiting for it to stop. Oops!!

Anyway I was feeling lazy so I decided to do indoor light exercise—a mix of rope jumping, yoga and stretching. Feeling good now. :)",2026-05-03_19-03-06_hk_1777827786.fit,329,2026-05-03T17:15:42.000Z,657.000,,119,,,,,,
2026-05-03,training,Stretching and Yoga,"I was planning to go to run in the morning but its raining whole day so I was waiting for it to stop. Oops!!

Anyway I was feeling lazy so I decided to do indoor light exercise—a mix of rope jumping, yoga and stretching. Feeling good now. :)",2026-05-03_19-03-06_hk_1777827786.fit,330,2026-05-03T17:15:43.000Z,658.000,,119,,,,,,
2026-05-03,training,Stretching and Yoga,"I was planning to go to run in the morning but its raining whole day so I was waiting for it to stop. Oops!!

Anyway I was feeling lazy so I decided to do indoor light exercise—a mix of rope jumping, yoga and stretching. Feeling good now. :)",2026-05-03_19-03-06_hk_1777827786.fit,331,2026-05-03T17:15:44.000Z,659.000,,119,,,,,,
2026-05-03,training,Stretching and Yoga,"I was planning to go to run in the morning but its raining whole day so I was waiting for it to stop. Oops!!

Anyway I was feeling lazy so I decided to do indoor light exercise—a mix of rope jumping, yoga and stretching. Feeling good now. :)",2026-05-03_19-03-06_hk_1777827786.fit,332,2026-05-03T17:15:47.000Z,662.000,,119,,,,,,
2026-05-03,training,Stretching and Yoga,"I was planning to go to run in the morning but its raining whole day so I was waiting for it to stop. Oops!!

Anyway I was feeling lazy so I decided to do indoor light exercise—a mix of rope jumping, yoga and stretching. Feeling good now. :)",2026-05-03_19-03-06_hk_1777827786.fit,333,2026-05-03T17:15:49.000Z,664.000,,119,,,,,,
2026-05-03,training,Stretching and Yoga,"I was planning to go to run in the morning but its raining whole day so I was waiting for it to stop. Oops!!

Anyway I was feeling lazy so I decided to do indoor light exercise—a mix of rope jumping, yoga and stretching. Feeling good now. :)",2026-05-03_19-03-06_hk_1777827786.fit,334,2026-05-03T17:15:52.000Z,667.000,,117,,,,,,
2026-05-03,training,Stretching and Yoga,"I was planning to go to run in the morning but its raining whole day so I was waiting for it to stop. Oops!!

Anyway I was feeling lazy so I decided to do indoor light exercise—a mix of rope jumping, yoga and stretching. Feeling good now. :)",2026-05-03_19-03-06_hk_1777827786.fit,335,2026-05-03T17:15:55.000Z,670.000,,117,,,,,,
2026-05-03,training,Stretching and Yoga,"I was planning to go to run in the morning but its raining whole day so I was waiting for it to stop. Oops!!

Anyway I was feeling lazy so I decided to do indoor light exercise—a mix of rope jumping, yoga and stretching. Feeling good now. :)",2026-05-03_19-03-06_hk_1777827786.fit,336,2026-05-03T17:15:57.000Z,672.000,,117,,,,,,
2026-05-03,training,Stretching and Yoga,"I was planning to go to run in the morning but its raining whole day so I was waiting for it to stop. Oops!!

Anyway I was feeling lazy so I decided to do indoor light exercise—a mix of rope jumping, yoga and stretching. Feeling good now. :)",2026-05-03_19-03-06_hk_1777827786.fit,337,2026-05-03T17:16:00.000Z,675.000,,117,,,,,,
2026-05-03,training,Stretching and Yoga,"I was planning to go to run in the morning but its raining whole day so I was waiting for it to stop. Oops!!

Anyway I was feeling lazy so I decided to do indoor light exercise—a mix of rope jumping, yoga and stretching. Feeling good now. :)",2026-05-03_19-03-06_hk_1777827786.fit,338,2026-05-03T17:16:01.000Z,676.000,,123,,,,,,
2026-05-03,training,Stretching and Yoga,"I was planning to go to run in the morning but its raining whole day so I was waiting for it to stop. Oops!!

Anyway I was feeling lazy so I decided to do indoor light exercise—a mix of rope jumping, yoga and stretching. Feeling good now. :)",2026-05-03_19-03-06_hk_1777827786.fit,339,2026-05-03T17:16:02.000Z,677.000,,123,,,,,,
2026-05-03,training,Stretching and Yoga,"I was planning to go to run in the morning but its raining whole day so I was waiting for it to stop. Oops!!

Anyway I was feeling lazy so I decided to do indoor light exercise—a mix of rope jumping, yoga and stretching. Feeling good now. :)",2026-05-03_19-03-06_hk_1777827786.fit,340,2026-05-03T17:16:03.000Z,678.000,,123,,,,,,
2026-05-03,training,Stretching and Yoga,"I was planning to go to run in the morning but its raining whole day so I was waiting for it to stop. Oops!!

Anyway I was feeling lazy so I decided to do indoor light exercise—a mix of rope jumping, yoga and stretching. Feeling good now. :)",2026-05-03_19-03-06_hk_1777827786.fit,341,2026-05-03T17:16:05.000Z,680.000,,123,,,,,,
2026-05-03,training,Stretching and Yoga,"I was planning to go to run in the morning but its raining whole day so I was waiting for it to stop. Oops!!

Anyway I was feeling lazy so I decided to do indoor light exercise—a mix of rope jumping, yoga and stretching. Feeling good now. :)",2026-05-03_19-03-06_hk_1777827786.fit,342,2026-05-03T17:16:07.000Z,682.000,,123,,,,,,
2026-05-03,training,Stretching and Yoga,"I was planning to go to run in the morning but its raining whole day so I was waiting for it to stop. Oops!!

Anyway I was feeling lazy so I decided to do indoor light exercise—a mix of rope jumping, yoga and stretching. Feeling good now. :)",2026-05-03_19-03-06_hk_1777827786.fit,343,2026-05-03T17:16:10.000Z,685.000,,118,,,,,,
2026-05-03,training,Stretching and Yoga,"I was planning to go to run in the morning but its raining whole day so I was waiting for it to stop. Oops!!

Anyway I was feeling lazy so I decided to do indoor light exercise—a mix of rope jumping, yoga and stretching. Feeling good now. :)",2026-05-03_19-03-06_hk_1777827786.fit,344,2026-05-03T17:16:12.000Z,687.000,,118,,,,,,
2026-05-03,training,Stretching and Yoga,"I was planning to go to run in the morning but its raining whole day so I was waiting for it to stop. Oops!!

Anyway I was feeling lazy so I decided to do indoor light exercise—a mix of rope jumping, yoga and stretching. Feeling good now. :)",2026-05-03_19-03-06_hk_1777827786.fit,345,2026-05-03T17:16:14.000Z,689.000,,115,,,,,,
2026-05-03,training,Stretching and Yoga,"I was planning to go to run in the morning but its raining whole day so I was waiting for it to stop. Oops!!

Anyway I was feeling lazy so I decided to do indoor light exercise—a mix of rope jumping, yoga and stretching. Feeling good now. :)",2026-05-03_19-03-06_hk_1777827786.fit,346,2026-05-03T17:16:15.000Z,690.000,,115,,,,,,
2026-05-03,training,Stretching and Yoga,"I was planning to go to run in the morning but its raining whole day so I was waiting for it to stop. Oops!!

Anyway I was feeling lazy so I decided to do indoor light exercise—a mix of rope jumping, yoga and stretching. Feeling good now. :)",2026-05-03_19-03-06_hk_1777827786.fit,347,2026-05-03T17:16:18.000Z,693.000,,115,,,,,,
2026-05-03,training,Stretching and Yoga,"I was planning to go to run in the morning but its raining whole day so I was waiting for it to stop. Oops!!

Anyway I was feeling lazy so I decided to do indoor light exercise—a mix of rope jumping, yoga and stretching. Feeling good now. :)",2026-05-03_19-03-06_hk_1777827786.fit,348,2026-05-03T17:16:19.000Z,694.000,,114,,,,,,
2026-05-03,training,Stretching and Yoga,"I was planning to go to run in the morning but its raining whole day so I was waiting for it to stop. Oops!!

Anyway I was feeling lazy so I decided to do indoor light exercise—a mix of rope jumping, yoga and stretching. Feeling good now. :)",2026-05-03_19-03-06_hk_1777827786.fit,349,2026-05-03T17:16:20.000Z,695.000,,114,,,,,,
2026-05-03,training,Stretching and Yoga,"I was planning to go to run in the morning but its raining whole day so I was waiting for it to stop. Oops!!

Anyway I was feeling lazy so I decided to do indoor light exercise—a mix of rope jumping, yoga and stretching. Feeling good now. :)",2026-05-03_19-03-06_hk_1777827786.fit,350,2026-05-03T17:16:23.000Z,698.000,,114,,,,,,
2026-05-03,training,Stretching and Yoga,"I was planning to go to run in the morning but its raining whole day so I was waiting for it to stop. Oops!!

Anyway I was feeling lazy so I decided to do indoor light exercise—a mix of rope jumping, yoga and stretching. Feeling good now. :)",2026-05-03_19-03-06_hk_1777827786.fit,351,2026-05-03T17:16:25.000Z,700.000,,114,,,,,,
2026-05-03,training,Stretching and Yoga,"I was planning to go to run in the morning but its raining whole day so I was waiting for it to stop. Oops!!

Anyway I was feeling lazy so I decided to do indoor light exercise—a mix of rope jumping, yoga and stretching. Feeling good now. :)",2026-05-03_19-03-06_hk_1777827786.fit,352,2026-05-03T17:16:26.000Z,701.000,,117,,,,,,
2026-05-03,training,Stretching and Yoga,"I was planning to go to run in the morning but its raining whole day so I was waiting for it to stop. Oops!!

Anyway I was feeling lazy so I decided to do indoor light exercise—a mix of rope jumping, yoga and stretching. Feeling good now. :)",2026-05-03_19-03-06_hk_1777827786.fit,353,2026-05-03T17:16:28.000Z,703.000,,117,,,,,,
2026-05-03,training,Stretching and Yoga,"I was planning to go to run in the morning but its raining whole day so I was waiting for it to stop. Oops!!

Anyway I was feeling lazy so I decided to do indoor light exercise—a mix of rope jumping, yoga and stretching. Feeling good now. :)",2026-05-03_19-03-06_hk_1777827786.fit,354,2026-05-03T17:16:30.000Z,705.000,,116,,,,,,
2026-05-03,training,Stretching and Yoga,"I was planning to go to run in the morning but its raining whole day so I was waiting for it to stop. Oops!!

Anyway I was feeling lazy so I decided to do indoor light exercise—a mix of rope jumping, yoga and stretching. Feeling good now. :)",2026-05-03_19-03-06_hk_1777827786.fit,355,2026-05-03T17:16:33.000Z,708.000,,117,,,,,,
2026-05-03,training,Stretching and Yoga,"I was planning to go to run in the morning but its raining whole day so I was waiting for it to stop. Oops!!

Anyway I was feeling lazy so I decided to do indoor light exercise—a mix of rope jumping, yoga and stretching. Feeling good now. :)",2026-05-03_19-03-06_hk_1777827786.fit,356,2026-05-03T17:16:36.000Z,711.000,,117,,,,,,
2026-05-03,training,Stretching and Yoga,"I was planning to go to run in the morning but its raining whole day so I was waiting for it to stop. Oops!!

Anyway I was feeling lazy so I decided to do indoor light exercise—a mix of rope jumping, yoga and stretching. Feeling good now. :)",2026-05-03_19-03-06_hk_1777827786.fit,357,2026-05-03T17:16:38.000Z,713.000,,115,,,,,,
2026-05-03,training,Stretching and Yoga,"I was planning to go to run in the morning but its raining whole day so I was waiting for it to stop. Oops!!

Anyway I was feeling lazy so I decided to do indoor light exercise—a mix of rope jumping, yoga and stretching. Feeling good now. :)",2026-05-03_19-03-06_hk_1777827786.fit,358,2026-05-03T17:16:41.000Z,716.000,,115,,,,,,
2026-05-03,training,Stretching and Yoga,"I was planning to go to run in the morning but its raining whole day so I was waiting for it to stop. Oops!!

Anyway I was feeling lazy so I decided to do indoor light exercise—a mix of rope jumping, yoga and stretching. Feeling good now. :)",2026-05-03_19-03-06_hk_1777827786.fit,359,2026-05-03T17:16:42.000Z,717.000,,113,,,,,,
2026-05-03,training,Stretching and Yoga,"I was planning to go to run in the morning but its raining whole day so I was waiting for it to stop. Oops!!

Anyway I was feeling lazy so I decided to do indoor light exercise—a mix of rope jumping, yoga and stretching. Feeling good now. :)",2026-05-03_19-03-06_hk_1777827786.fit,360,2026-05-03T17:16:43.000Z,718.000,,113,,,,,,
2026-05-03,training,Stretching and Yoga,"I was planning to go to run in the morning but its raining whole day so I was waiting for it to stop. Oops!!

Anyway I was feeling lazy so I decided to do indoor light exercise—a mix of rope jumping, yoga and stretching. Feeling good now. :)",2026-05-03_19-03-06_hk_1777827786.fit,361,2026-05-03T17:16:46.000Z,721.000,,113,,,,,,
2026-05-03,training,Stretching and Yoga,"I was planning to go to run in the morning but its raining whole day so I was waiting for it to stop. Oops!!

Anyway I was feeling lazy so I decided to do indoor light exercise—a mix of rope jumping, yoga and stretching. Feeling good now. :)",2026-05-03_19-03-06_hk_1777827786.fit,362,2026-05-03T17:16:48.000Z,723.000,,113,,,,,,
2026-05-03,training,Stretching and Yoga,"I was planning to go to run in the morning but its raining whole day so I was waiting for it to stop. Oops!!

Anyway I was feeling lazy so I decided to do indoor light exercise—a mix of rope jumping, yoga and stretching. Feeling good now. :)",2026-05-03_19-03-06_hk_1777827786.fit,363,2026-05-03T17:16:51.000Z,726.000,,115,,,,,,
2026-05-03,training,Stretching and Yoga,"I was planning to go to run in the morning but its raining whole day so I was waiting for it to stop. Oops!!

Anyway I was feeling lazy so I decided to do indoor light exercise—a mix of rope jumping, yoga and stretching. Feeling good now. :)",2026-05-03_19-03-06_hk_1777827786.fit,364,2026-05-03T17:16:53.000Z,728.000,,115,,,,,,
2026-05-03,training,Stretching and Yoga,"I was planning to go to run in the morning but its raining whole day so I was waiting for it to stop. Oops!!

Anyway I was feeling lazy so I decided to do indoor light exercise—a mix of rope jumping, yoga and stretching. Feeling good now. :)",2026-05-03_19-03-06_hk_1777827786.fit,365,2026-05-03T17:16:55.000Z,730.000,,113,,,,,,
2026-05-03,training,Stretching and Yoga,"I was planning to go to run in the morning but its raining whole day so I was waiting for it to stop. Oops!!

Anyway I was feeling lazy so I decided to do indoor light exercise—a mix of rope jumping, yoga and stretching. Feeling good now. :)",2026-05-03_19-03-06_hk_1777827786.fit,366,2026-05-03T17:16:56.000Z,731.000,,113,,,,,,
2026-05-03,training,Stretching and Yoga,"I was planning to go to run in the morning but its raining whole day so I was waiting for it to stop. Oops!!

Anyway I was feeling lazy so I decided to do indoor light exercise—a mix of rope jumping, yoga and stretching. Feeling good now. :)",2026-05-03_19-03-06_hk_1777827786.fit,367,2026-05-03T17:16:57.000Z,732.000,,113,,,,,,
2026-05-03,training,Stretching and Yoga,"I was planning to go to run in the morning but its raining whole day so I was waiting for it to stop. Oops!!

Anyway I was feeling lazy so I decided to do indoor light exercise—a mix of rope jumping, yoga and stretching. Feeling good now. :)",2026-05-03_19-03-06_hk_1777827786.fit,368,2026-05-03T17:16:59.000Z,734.000,,113,,,,,,
2026-05-03,training,Stretching and Yoga,"I was planning to go to run in the morning but its raining whole day so I was waiting for it to stop. Oops!!

Anyway I was feeling lazy so I decided to do indoor light exercise—a mix of rope jumping, yoga and stretching. Feeling good now. :)",2026-05-03_19-03-06_hk_1777827786.fit,369,2026-05-03T17:17:01.000Z,736.000,,113,,,,,,
2026-05-03,training,Stretching and Yoga,"I was planning to go to run in the morning but its raining whole day so I was waiting for it to stop. Oops!!

Anyway I was feeling lazy so I decided to do indoor light exercise—a mix of rope jumping, yoga and stretching. Feeling good now. :)",2026-05-03_19-03-06_hk_1777827786.fit,370,2026-05-03T17:17:04.000Z,739.000,,113,,,,,,
2026-05-03,training,Stretching and Yoga,"I was planning to go to run in the morning but its raining whole day so I was waiting for it to stop. Oops!!

Anyway I was feeling lazy so I decided to do indoor light exercise—a mix of rope jumping, yoga and stretching. Feeling good now. :)",2026-05-03_19-03-06_hk_1777827786.fit,371,2026-05-03T17:17:06.000Z,741.000,,109,,,,,,
2026-05-03,training,Stretching and Yoga,"I was planning to go to run in the morning but its raining whole day so I was waiting for it to stop. Oops!!

Anyway I was feeling lazy so I decided to do indoor light exercise—a mix of rope jumping, yoga and stretching. Feeling good now. :)",2026-05-03_19-03-06_hk_1777827786.fit,372,2026-05-03T17:17:09.000Z,744.000,,109,,,,,,
2026-05-03,training,Stretching and Yoga,"I was planning to go to run in the morning but its raining whole day so I was waiting for it to stop. Oops!!

Anyway I was feeling lazy so I decided to do indoor light exercise—a mix of rope jumping, yoga and stretching. Feeling good now. :)",2026-05-03_19-03-06_hk_1777827786.fit,373,2026-05-03T17:17:11.000Z,746.000,,112,,,,,,
2026-05-03,training,Stretching and Yoga,"I was planning to go to run in the morning but its raining whole day so I was waiting for it to stop. Oops!!

Anyway I was feeling lazy so I decided to do indoor light exercise—a mix of rope jumping, yoga and stretching. Feeling good now. :)",2026-05-03_19-03-06_hk_1777827786.fit,374,2026-05-03T17:17:12.000Z,747.000,,113,,,,,,
2026-05-03,training,Stretching and Yoga,"I was planning to go to run in the morning but its raining whole day so I was waiting for it to stop. Oops!!

Anyway I was feeling lazy so I decided to do indoor light exercise—a mix of rope jumping, yoga and stretching. Feeling good now. :)",2026-05-03_19-03-06_hk_1777827786.fit,375,2026-05-03T17:17:14.000Z,749.000,,113,,,,,,
2026-05-03,training,Stretching and Yoga,"I was planning to go to run in the morning but its raining whole day so I was waiting for it to stop. Oops!!

Anyway I was feeling lazy so I decided to do indoor light exercise—a mix of rope jumping, yoga and stretching. Feeling good now. :)",2026-05-03_19-03-06_hk_1777827786.fit,376,2026-05-03T17:17:16.000Z,751.000,,113,,,,,,
2026-05-03,training,Stretching and Yoga,"I was planning to go to run in the morning but its raining whole day so I was waiting for it to stop. Oops!!

Anyway I was feeling lazy so I decided to do indoor light exercise—a mix of rope jumping, yoga and stretching. Feeling good now. :)",2026-05-03_19-03-06_hk_1777827786.fit,377,2026-05-03T17:17:18.000Z,753.000,,119,,,,,,
2026-05-03,training,Stretching and Yoga,"I was planning to go to run in the morning but its raining whole day so I was waiting for it to stop. Oops!!

Anyway I was feeling lazy so I decided to do indoor light exercise—a mix of rope jumping, yoga and stretching. Feeling good now. :)",2026-05-03_19-03-06_hk_1777827786.fit,378,2026-05-03T17:17:19.000Z,754.000,,119,,,,,,
2026-05-03,training,Stretching and Yoga,"I was planning to go to run in the morning but its raining whole day so I was waiting for it to stop. Oops!!

Anyway I was feeling lazy so I decided to do indoor light exercise—a mix of rope jumping, yoga and stretching. Feeling good now. :)",2026-05-03_19-03-06_hk_1777827786.fit,379,2026-05-03T17:17:22.000Z,757.000,,119,,,,,,
2026-05-03,training,Stretching and Yoga,"I was planning to go to run in the morning but its raining whole day so I was waiting for it to stop. Oops!!

Anyway I was feeling lazy so I decided to do indoor light exercise—a mix of rope jumping, yoga and stretching. Feeling good now. :)",2026-05-03_19-03-06_hk_1777827786.fit,380,2026-05-03T17:17:23.000Z,758.000,,123,,,,,,
2026-05-03,training,Stretching and Yoga,"I was planning to go to run in the morning but its raining whole day so I was waiting for it to stop. Oops!!

Anyway I was feeling lazy so I decided to do indoor light exercise—a mix of rope jumping, yoga and stretching. Feeling good now. :)",2026-05-03_19-03-06_hk_1777827786.fit,381,2026-05-03T17:17:24.000Z,759.000,,123,,,,,,
2026-05-03,training,Stretching and Yoga,"I was planning to go to run in the morning but its raining whole day so I was waiting for it to stop. Oops!!

Anyway I was feeling lazy so I decided to do indoor light exercise—a mix of rope jumping, yoga and stretching. Feeling good now. :)",2026-05-03_19-03-06_hk_1777827786.fit,382,2026-05-03T17:17:27.000Z,762.000,,123,,,,,,
2026-05-03,training,Stretching and Yoga,"I was planning to go to run in the morning but its raining whole day so I was waiting for it to stop. Oops!!

Anyway I was feeling lazy so I decided to do indoor light exercise—a mix of rope jumping, yoga and stretching. Feeling good now. :)",2026-05-03_19-03-06_hk_1777827786.fit,383,2026-05-03T17:17:29.000Z,764.000,,123,,,,,,
2026-05-03,training,Stretching and Yoga,"I was planning to go to run in the morning but its raining whole day so I was waiting for it to stop. Oops!!

Anyway I was feeling lazy so I decided to do indoor light exercise—a mix of rope jumping, yoga and stretching. Feeling good now. :)",2026-05-03_19-03-06_hk_1777827786.fit,384,2026-05-03T17:17:30.000Z,765.000,,126,,,,,,
2026-05-03,training,Stretching and Yoga,"I was planning to go to run in the morning but its raining whole day so I was waiting for it to stop. Oops!!

Anyway I was feeling lazy so I decided to do indoor light exercise—a mix of rope jumping, yoga and stretching. Feeling good now. :)",2026-05-03_19-03-06_hk_1777827786.fit,385,2026-05-03T17:17:32.000Z,767.000,,126,,,,,,
2026-05-03,training,Stretching and Yoga,"I was planning to go to run in the morning but its raining whole day so I was waiting for it to stop. Oops!!

Anyway I was feeling lazy so I decided to do indoor light exercise—a mix of rope jumping, yoga and stretching. Feeling good now. :)",2026-05-03_19-03-06_hk_1777827786.fit,386,2026-05-03T17:17:34.000Z,769.000,,126,,,,,,
2026-05-03,training,Stretching and Yoga,"I was planning to go to run in the morning but its raining whole day so I was waiting for it to stop. Oops!!

Anyway I was feeling lazy so I decided to do indoor light exercise—a mix of rope jumping, yoga and stretching. Feeling good now. :)",2026-05-03_19-03-06_hk_1777827786.fit,387,2026-05-03T17:17:36.000Z,771.000,,128,,,,,,
2026-05-03,training,Stretching and Yoga,"I was planning to go to run in the morning but its raining whole day so I was waiting for it to stop. Oops!!

Anyway I was feeling lazy so I decided to do indoor light exercise—a mix of rope jumping, yoga and stretching. Feeling good now. :)",2026-05-03_19-03-06_hk_1777827786.fit,388,2026-05-03T17:17:37.000Z,772.000,,128,,,,,,
2026-05-03,training,Stretching and Yoga,"I was planning to go to run in the morning but its raining whole day so I was waiting for it to stop. Oops!!

Anyway I was feeling lazy so I decided to do indoor light exercise—a mix of rope jumping, yoga and stretching. Feeling good now. :)",2026-05-03_19-03-06_hk_1777827786.fit,389,2026-05-03T17:17:40.000Z,775.000,,128,,,,,,
2026-05-03,training,Stretching and Yoga,"I was planning to go to run in the morning but its raining whole day so I was waiting for it to stop. Oops!!

Anyway I was feeling lazy so I decided to do indoor light exercise—a mix of rope jumping, yoga and stretching. Feeling good now. :)",2026-05-03_19-03-06_hk_1777827786.fit,390,2026-05-03T17:17:41.000Z,776.000,,129,,,,,,
2026-05-03,training,Stretching and Yoga,"I was planning to go to run in the morning but its raining whole day so I was waiting for it to stop. Oops!!

Anyway I was feeling lazy so I decided to do indoor light exercise—a mix of rope jumping, yoga and stretching. Feeling good now. :)",2026-05-03_19-03-06_hk_1777827786.fit,391,2026-05-03T17:17:42.000Z,777.000,,129,,,,,,
2026-05-03,training,Stretching and Yoga,"I was planning to go to run in the morning but its raining whole day so I was waiting for it to stop. Oops!!

Anyway I was feeling lazy so I decided to do indoor light exercise—a mix of rope jumping, yoga and stretching. Feeling good now. :)",2026-05-03_19-03-06_hk_1777827786.fit,392,2026-05-03T17:17:44.000Z,779.000,,128,,,,,,
2026-05-03,training,Stretching and Yoga,"I was planning to go to run in the morning but its raining whole day so I was waiting for it to stop. Oops!!

Anyway I was feeling lazy so I decided to do indoor light exercise—a mix of rope jumping, yoga and stretching. Feeling good now. :)",2026-05-03_19-03-06_hk_1777827786.fit,393,2026-05-03T17:17:45.000Z,780.000,,128,,,,,,
2026-05-03,training,Stretching and Yoga,"I was planning to go to run in the morning but its raining whole day so I was waiting for it to stop. Oops!!

Anyway I was feeling lazy so I decided to do indoor light exercise—a mix of rope jumping, yoga and stretching. Feeling good now. :)",2026-05-03_19-03-06_hk_1777827786.fit,394,2026-05-03T17:17:47.000Z,782.000,,126,,,,,,
2026-05-03,training,Stretching and Yoga,"I was planning to go to run in the morning but its raining whole day so I was waiting for it to stop. Oops!!

Anyway I was feeling lazy so I decided to do indoor light exercise—a mix of rope jumping, yoga and stretching. Feeling good now. :)",2026-05-03_19-03-06_hk_1777827786.fit,395,2026-05-03T17:17:50.000Z,785.000,,126,,,,,,
2026-05-03,training,Stretching and Yoga,"I was planning to go to run in the morning but its raining whole day so I was waiting for it to stop. Oops!!

Anyway I was feeling lazy so I decided to do indoor light exercise—a mix of rope jumping, yoga and stretching. Feeling good now. :)",2026-05-03_19-03-06_hk_1777827786.fit,396,2026-05-03T17:17:52.000Z,787.000,,126,,,,,,
2026-05-03,training,Stretching and Yoga,"I was planning to go to run in the morning but its raining whole day so I was waiting for it to stop. Oops!!

Anyway I was feeling lazy so I decided to do indoor light exercise—a mix of rope jumping, yoga and stretching. Feeling good now. :)",2026-05-03_19-03-06_hk_1777827786.fit,397,2026-05-03T17:17:53.000Z,788.000,,122,,,,,,
2026-05-03,training,Stretching and Yoga,"I was planning to go to run in the morning but its raining whole day so I was waiting for it to stop. Oops!!

Anyway I was feeling lazy so I decided to do indoor light exercise—a mix of rope jumping, yoga and stretching. Feeling good now. :)",2026-05-03_19-03-06_hk_1777827786.fit,398,2026-05-03T17:17:55.000Z,790.000,,122,,,,,,
2026-05-03,training,Stretching and Yoga,"I was planning to go to run in the morning but its raining whole day so I was waiting for it to stop. Oops!!

Anyway I was feeling lazy so I decided to do indoor light exercise—a mix of rope jumping, yoga and stretching. Feeling good now. :)",2026-05-03_19-03-06_hk_1777827786.fit,399,2026-05-03T17:17:57.000Z,792.000,,122,,,,,,
2026-05-03,training,Stretching and Yoga,"I was planning to go to run in the morning but its raining whole day so I was waiting for it to stop. Oops!!

Anyway I was feeling lazy so I decided to do indoor light exercise—a mix of rope jumping, yoga and stretching. Feeling good now. :)",2026-05-03_19-03-06_hk_1777827786.fit,400,2026-05-03T17:18:00.000Z,795.000,,122,,,,,,
2026-05-03,training,Stretching and Yoga,"I was planning to go to run in the morning but its raining whole day so I was waiting for it to stop. Oops!!

Anyway I was feeling lazy so I decided to do indoor light exercise—a mix of rope jumping, yoga and stretching. Feeling good now. :)",2026-05-03_19-03-06_hk_1777827786.fit,401,2026-05-03T17:18:03.000Z,798.000,,121,,,,,,
2026-05-03,training,Stretching and Yoga,"I was planning to go to run in the morning but its raining whole day so I was waiting for it to stop. Oops!!

Anyway I was feeling lazy so I decided to do indoor light exercise—a mix of rope jumping, yoga and stretching. Feeling good now. :)",2026-05-03_19-03-06_hk_1777827786.fit,402,2026-05-03T17:18:05.000Z,800.000,,121,,,,,,
2026-05-03,training,Stretching and Yoga,"I was planning to go to run in the morning but its raining whole day so I was waiting for it to stop. Oops!!

Anyway I was feeling lazy so I decided to do indoor light exercise—a mix of rope jumping, yoga and stretching. Feeling good now. :)",2026-05-03_19-03-06_hk_1777827786.fit,403,2026-05-03T17:18:07.000Z,802.000,,121,,,,,,
2026-05-03,training,Stretching and Yoga,"I was planning to go to run in the morning but its raining whole day so I was waiting for it to stop. Oops!!

Anyway I was feeling lazy so I decided to do indoor light exercise—a mix of rope jumping, yoga and stretching. Feeling good now. :)",2026-05-03_19-03-06_hk_1777827786.fit,404,2026-05-03T17:18:08.000Z,803.000,,121,,,,,,
2026-05-03,training,Stretching and Yoga,"I was planning to go to run in the morning but its raining whole day so I was waiting for it to stop. Oops!!

Anyway I was feeling lazy so I decided to do indoor light exercise—a mix of rope jumping, yoga and stretching. Feeling good now. :)",2026-05-03_19-03-06_hk_1777827786.fit,405,2026-05-03T17:18:10.000Z,805.000,,121,,,,,,
2026-05-03,training,Stretching and Yoga,"I was planning to go to run in the morning but its raining whole day so I was waiting for it to stop. Oops!!

Anyway I was feeling lazy so I decided to do indoor light exercise—a mix of rope jumping, yoga and stretching. Feeling good now. :)",2026-05-03_19-03-06_hk_1777827786.fit,406,2026-05-03T17:18:13.000Z,808.000,,121,,,,,,
2026-05-03,training,Stretching and Yoga,"I was planning to go to run in the morning but its raining whole day so I was waiting for it to stop. Oops!!

Anyway I was feeling lazy so I decided to do indoor light exercise—a mix of rope jumping, yoga and stretching. Feeling good now. :)",2026-05-03_19-03-06_hk_1777827786.fit,407,2026-05-03T17:18:15.000Z,810.000,,121,,,,,,
2026-05-03,training,Stretching and Yoga,"I was planning to go to run in the morning but its raining whole day so I was waiting for it to stop. Oops!!

Anyway I was feeling lazy so I decided to do indoor light exercise—a mix of rope jumping, yoga and stretching. Feeling good now. :)",2026-05-03_19-03-06_hk_1777827786.fit,408,2026-05-03T17:18:16.000Z,811.000,,114,,,,,,
2026-05-03,training,Stretching and Yoga,"I was planning to go to run in the morning but its raining whole day so I was waiting for it to stop. Oops!!

Anyway I was feeling lazy so I decided to do indoor light exercise—a mix of rope jumping, yoga and stretching. Feeling good now. :)",2026-05-03_19-03-06_hk_1777827786.fit,409,2026-05-03T17:18:18.000Z,813.000,,114,,,,,,
2026-05-03,training,Stretching and Yoga,"I was planning to go to run in the morning but its raining whole day so I was waiting for it to stop. Oops!!

Anyway I was feeling lazy so I decided to do indoor light exercise—a mix of rope jumping, yoga and stretching. Feeling good now. :)",2026-05-03_19-03-06_hk_1777827786.fit,410,2026-05-03T17:18:20.000Z,815.000,,114,,,,,,
2026-05-03,training,Stretching and Yoga,"I was planning to go to run in the morning but its raining whole day so I was waiting for it to stop. Oops!!

Anyway I was feeling lazy so I decided to do indoor light exercise—a mix of rope jumping, yoga and stretching. Feeling good now. :)",2026-05-03_19-03-06_hk_1777827786.fit,411,2026-05-03T17:18:21.000Z,816.000,,116,,,,,,
2026-05-03,training,Stretching and Yoga,"I was planning to go to run in the morning but its raining whole day so I was waiting for it to stop. Oops!!

Anyway I was feeling lazy so I decided to do indoor light exercise—a mix of rope jumping, yoga and stretching. Feeling good now. :)",2026-05-03_19-03-06_hk_1777827786.fit,412,2026-05-03T17:18:22.000Z,817.000,,118,,,,,,
2026-05-03,training,Stretching and Yoga,"I was planning to go to run in the morning but its raining whole day so I was waiting for it to stop. Oops!!

Anyway I was feeling lazy so I decided to do indoor light exercise—a mix of rope jumping, yoga and stretching. Feeling good now. :)",2026-05-03_19-03-06_hk_1777827786.fit,413,2026-05-03T17:18:23.000Z,818.000,,118,,,,,,
2026-05-03,training,Stretching and Yoga,"I was planning to go to run in the morning but its raining whole day so I was waiting for it to stop. Oops!!

Anyway I was feeling lazy so I decided to do indoor light exercise—a mix of rope jumping, yoga and stretching. Feeling good now. :)",2026-05-03_19-03-06_hk_1777827786.fit,414,2026-05-03T17:18:26.000Z,821.000,,118,,,,,,
2026-05-03,training,Stretching and Yoga,"I was planning to go to run in the morning but its raining whole day so I was waiting for it to stop. Oops!!

Anyway I was feeling lazy so I decided to do indoor light exercise—a mix of rope jumping, yoga and stretching. Feeling good now. :)",2026-05-03_19-03-06_hk_1777827786.fit,415,2026-05-03T17:18:28.000Z,823.000,,118,,,,,,
2026-05-03,training,Stretching and Yoga,"I was planning to go to run in the morning but its raining whole day so I was waiting for it to stop. Oops!!

Anyway I was feeling lazy so I decided to do indoor light exercise—a mix of rope jumping, yoga and stretching. Feeling good now. :)",2026-05-03_19-03-06_hk_1777827786.fit,416,2026-05-03T17:18:30.000Z,825.000,,124,,,,,,
2026-05-03,training,Stretching and Yoga,"I was planning to go to run in the morning but its raining whole day so I was waiting for it to stop. Oops!!

Anyway I was feeling lazy so I decided to do indoor light exercise—a mix of rope jumping, yoga and stretching. Feeling good now. :)",2026-05-03_19-03-06_hk_1777827786.fit,417,2026-05-03T17:18:31.000Z,826.000,,124,,,,,,
2026-05-03,training,Stretching and Yoga,"I was planning to go to run in the morning but its raining whole day so I was waiting for it to stop. Oops!!

Anyway I was feeling lazy so I decided to do indoor light exercise—a mix of rope jumping, yoga and stretching. Feeling good now. :)",2026-05-03_19-03-06_hk_1777827786.fit,418,2026-05-03T17:18:33.000Z,828.000,,126,,,,,,
2026-05-03,training,Stretching and Yoga,"I was planning to go to run in the morning but its raining whole day so I was waiting for it to stop. Oops!!

Anyway I was feeling lazy so I decided to do indoor light exercise—a mix of rope jumping, yoga and stretching. Feeling good now. :)",2026-05-03_19-03-06_hk_1777827786.fit,419,2026-05-03T17:18:36.000Z,831.000,,126,,,,,,
2026-05-03,training,Stretching and Yoga,"I was planning to go to run in the morning but its raining whole day so I was waiting for it to stop. Oops!!

Anyway I was feeling lazy so I decided to do indoor light exercise—a mix of rope jumping, yoga and stretching. Feeling good now. :)",2026-05-03_19-03-06_hk_1777827786.fit,420,2026-05-03T17:18:37.000Z,832.000,,127,,,,,,
2026-05-03,training,Stretching and Yoga,"I was planning to go to run in the morning but its raining whole day so I was waiting for it to stop. Oops!!

Anyway I was feeling lazy so I decided to do indoor light exercise—a mix of rope jumping, yoga and stretching. Feeling good now. :)",2026-05-03_19-03-06_hk_1777827786.fit,421,2026-05-03T17:18:38.000Z,833.000,,127,,,,,,
2026-05-03,training,Stretching and Yoga,"I was planning to go to run in the morning but its raining whole day so I was waiting for it to stop. Oops!!

Anyway I was feeling lazy so I decided to do indoor light exercise—a mix of rope jumping, yoga and stretching. Feeling good now. :)",2026-05-03_19-03-06_hk_1777827786.fit,422,2026-05-03T17:18:41.000Z,836.000,,127,,,,,,
2026-05-03,training,Stretching and Yoga,"I was planning to go to run in the morning but its raining whole day so I was waiting for it to stop. Oops!!

Anyway I was feeling lazy so I decided to do indoor light exercise—a mix of rope jumping, yoga and stretching. Feeling good now. :)",2026-05-03_19-03-06_hk_1777827786.fit,423,2026-05-03T17:18:42.000Z,837.000,,125,,,,,,
2026-05-03,training,Stretching and Yoga,"I was planning to go to run in the morning but its raining whole day so I was waiting for it to stop. Oops!!

Anyway I was feeling lazy so I decided to do indoor light exercise—a mix of rope jumping, yoga and stretching. Feeling good now. :)",2026-05-03_19-03-06_hk_1777827786.fit,424,2026-05-03T17:18:44.000Z,839.000,,125,,,,,,
2026-05-03,training,Stretching and Yoga,"I was planning to go to run in the morning but its raining whole day so I was waiting for it to stop. Oops!!

Anyway I was feeling lazy so I decided to do indoor light exercise—a mix of rope jumping, yoga and stretching. Feeling good now. :)",2026-05-03_19-03-06_hk_1777827786.fit,425,2026-05-03T17:18:46.000Z,841.000,,125,,,,,,
2026-05-03,training,Stretching and Yoga,"I was planning to go to run in the morning but its raining whole day so I was waiting for it to stop. Oops!!

Anyway I was feeling lazy so I decided to do indoor light exercise—a mix of rope jumping, yoga and stretching. Feeling good now. :)",2026-05-03_19-03-06_hk_1777827786.fit,426,2026-05-03T17:18:47.000Z,842.000,,125,,,,,,
2026-05-03,training,Stretching and Yoga,"I was planning to go to run in the morning but its raining whole day so I was waiting for it to stop. Oops!!

Anyway I was feeling lazy so I decided to do indoor light exercise—a mix of rope jumping, yoga and stretching. Feeling good now. :)",2026-05-03_19-03-06_hk_1777827786.fit,427,2026-05-03T17:18:49.000Z,844.000,,125,,,,,,
2026-05-03,training,Stretching and Yoga,"I was planning to go to run in the morning but its raining whole day so I was waiting for it to stop. Oops!!

Anyway I was feeling lazy so I decided to do indoor light exercise—a mix of rope jumping, yoga and stretching. Feeling good now. :)",2026-05-03_19-03-06_hk_1777827786.fit,428,2026-05-03T17:18:51.000Z,846.000,,125,,,,,,
2026-05-03,training,Stretching and Yoga,"I was planning to go to run in the morning but its raining whole day so I was waiting for it to stop. Oops!!

Anyway I was feeling lazy so I decided to do indoor light exercise—a mix of rope jumping, yoga and stretching. Feeling good now. :)",2026-05-03_19-03-06_hk_1777827786.fit,429,2026-05-03T17:18:52.000Z,847.000,,126,,,,,,
2026-05-03,training,Stretching and Yoga,"I was planning to go to run in the morning but its raining whole day so I was waiting for it to stop. Oops!!

Anyway I was feeling lazy so I decided to do indoor light exercise—a mix of rope jumping, yoga and stretching. Feeling good now. :)",2026-05-03_19-03-06_hk_1777827786.fit,430,2026-05-03T17:18:54.000Z,849.000,,126,,,,,,
2026-05-03,training,Stretching and Yoga,"I was planning to go to run in the morning but its raining whole day so I was waiting for it to stop. Oops!!

Anyway I was feeling lazy so I decided to do indoor light exercise—a mix of rope jumping, yoga and stretching. Feeling good now. :)",2026-05-03_19-03-06_hk_1777827786.fit,431,2026-05-03T17:18:56.000Z,851.000,,126,,,,,,
2026-05-03,training,Stretching and Yoga,"I was planning to go to run in the morning but its raining whole day so I was waiting for it to stop. Oops!!

Anyway I was feeling lazy so I decided to do indoor light exercise—a mix of rope jumping, yoga and stretching. Feeling good now. :)",2026-05-03_19-03-06_hk_1777827786.fit,432,2026-05-03T17:18:58.000Z,853.000,,128,,,,,,
2026-05-03,training,Stretching and Yoga,"I was planning to go to run in the morning but its raining whole day so I was waiting for it to stop. Oops!!

Anyway I was feeling lazy so I decided to do indoor light exercise—a mix of rope jumping, yoga and stretching. Feeling good now. :)",2026-05-03_19-03-06_hk_1777827786.fit,433,2026-05-03T17:18:59.000Z,854.000,,128,,,,,,
2026-05-03,training,Stretching and Yoga,"I was planning to go to run in the morning but its raining whole day so I was waiting for it to stop. Oops!!

Anyway I was feeling lazy so I decided to do indoor light exercise—a mix of rope jumping, yoga and stretching. Feeling good now. :)",2026-05-03_19-03-06_hk_1777827786.fit,434,2026-05-03T17:19:01.000Z,856.000,,128,,,,,,
2026-05-03,training,Stretching and Yoga,"I was planning to go to run in the morning but its raining whole day so I was waiting for it to stop. Oops!!

Anyway I was feeling lazy so I decided to do indoor light exercise—a mix of rope jumping, yoga and stretching. Feeling good now. :)",2026-05-03_19-03-06_hk_1777827786.fit,435,2026-05-03T17:19:04.000Z,859.000,,128,,,,,,
2026-05-03,training,Stretching and Yoga,"I was planning to go to run in the morning but its raining whole day so I was waiting for it to stop. Oops!!

Anyway I was feeling lazy so I decided to do indoor light exercise—a mix of rope jumping, yoga and stretching. Feeling good now. :)",2026-05-03_19-03-06_hk_1777827786.fit,436,2026-05-03T17:19:06.000Z,861.000,,130,,,,,,
2026-05-03,training,Stretching and Yoga,"I was planning to go to run in the morning but its raining whole day so I was waiting for it to stop. Oops!!

Anyway I was feeling lazy so I decided to do indoor light exercise—a mix of rope jumping, yoga and stretching. Feeling good now. :)",2026-05-03_19-03-06_hk_1777827786.fit,437,2026-05-03T17:19:07.000Z,862.000,,130,,,,,,
2026-05-03,training,Stretching and Yoga,"I was planning to go to run in the morning but its raining whole day so I was waiting for it to stop. Oops!!

Anyway I was feeling lazy so I decided to do indoor light exercise—a mix of rope jumping, yoga and stretching. Feeling good now. :)",2026-05-03_19-03-06_hk_1777827786.fit,438,2026-05-03T17:19:09.000Z,864.000,,131,,,,,,
2026-05-03,training,Stretching and Yoga,"I was planning to go to run in the morning but its raining whole day so I was waiting for it to stop. Oops!!

Anyway I was feeling lazy so I decided to do indoor light exercise—a mix of rope jumping, yoga and stretching. Feeling good now. :)",2026-05-03_19-03-06_hk_1777827786.fit,439,2026-05-03T17:19:12.000Z,867.000,,131,,,,,,
2026-05-03,training,Stretching and Yoga,"I was planning to go to run in the morning but its raining whole day so I was waiting for it to stop. Oops!!

Anyway I was feeling lazy so I decided to do indoor light exercise—a mix of rope jumping, yoga and stretching. Feeling good now. :)",2026-05-03_19-03-06_hk_1777827786.fit,440,2026-05-03T17:19:13.000Z,868.000,,128,,,,,,
2026-05-03,training,Stretching and Yoga,"I was planning to go to run in the morning but its raining whole day so I was waiting for it to stop. Oops!!

Anyway I was feeling lazy so I decided to do indoor light exercise—a mix of rope jumping, yoga and stretching. Feeling good now. :)",2026-05-03_19-03-06_hk_1777827786.fit,441,2026-05-03T17:19:14.000Z,869.000,,128,,,,,,
2026-05-03,training,Stretching and Yoga,"I was planning to go to run in the morning but its raining whole day so I was waiting for it to stop. Oops!!

Anyway I was feeling lazy so I decided to do indoor light exercise—a mix of rope jumping, yoga and stretching. Feeling good now. :)",2026-05-03_19-03-06_hk_1777827786.fit,442,2026-05-03T17:19:17.000Z,872.000,,126,,,,,,
2026-05-03,training,Stretching and Yoga,"I was planning to go to run in the morning but its raining whole day so I was waiting for it to stop. Oops!!

Anyway I was feeling lazy so I decided to do indoor light exercise—a mix of rope jumping, yoga and stretching. Feeling good now. :)",2026-05-03_19-03-06_hk_1777827786.fit,443,2026-05-03T17:19:19.000Z,874.000,,126,,,,,,
2026-05-03,training,Stretching and Yoga,"I was planning to go to run in the morning but its raining whole day so I was waiting for it to stop. Oops!!

Anyway I was feeling lazy so I decided to do indoor light exercise—a mix of rope jumping, yoga and stretching. Feeling good now. :)",2026-05-03_19-03-06_hk_1777827786.fit,444,2026-05-03T17:19:22.000Z,877.000,,126,,,,,,
2026-05-03,training,Stretching and Yoga,"I was planning to go to run in the morning but its raining whole day so I was waiting for it to stop. Oops!!

Anyway I was feeling lazy so I decided to do indoor light exercise—a mix of rope jumping, yoga and stretching. Feeling good now. :)",2026-05-03_19-03-06_hk_1777827786.fit,445,2026-05-03T17:19:24.000Z,879.000,,126,,,,,,
2026-05-03,training,Stretching and Yoga,"I was planning to go to run in the morning but its raining whole day so I was waiting for it to stop. Oops!!

Anyway I was feeling lazy so I decided to do indoor light exercise—a mix of rope jumping, yoga and stretching. Feeling good now. :)",2026-05-03_19-03-06_hk_1777827786.fit,446,2026-05-03T17:19:26.000Z,881.000,,118,,,,,,
2026-05-03,training,Stretching and Yoga,"I was planning to go to run in the morning but its raining whole day so I was waiting for it to stop. Oops!!

Anyway I was feeling lazy so I decided to do indoor light exercise—a mix of rope jumping, yoga and stretching. Feeling good now. :)",2026-05-03_19-03-06_hk_1777827786.fit,447,2026-05-03T17:19:27.000Z,882.000,,118,,,,,,
2026-05-03,training,Stretching and Yoga,"I was planning to go to run in the morning but its raining whole day so I was waiting for it to stop. Oops!!

Anyway I was feeling lazy so I decided to do indoor light exercise—a mix of rope jumping, yoga and stretching. Feeling good now. :)",2026-05-03_19-03-06_hk_1777827786.fit,448,2026-05-03T17:19:30.000Z,885.000,,118,,,,,,
2026-05-03,training,Stretching and Yoga,"I was planning to go to run in the morning but its raining whole day so I was waiting for it to stop. Oops!!

Anyway I was feeling lazy so I decided to do indoor light exercise—a mix of rope jumping, yoga and stretching. Feeling good now. :)",2026-05-03_19-03-06_hk_1777827786.fit,449,2026-05-03T17:19:31.000Z,886.000,,117,,,,,,
2026-05-03,training,Stretching and Yoga,"I was planning to go to run in the morning but its raining whole day so I was waiting for it to stop. Oops!!

Anyway I was feeling lazy so I decided to do indoor light exercise—a mix of rope jumping, yoga and stretching. Feeling good now. :)",2026-05-03_19-03-06_hk_1777827786.fit,450,2026-05-03T17:19:32.000Z,887.000,,117,,,,,,
2026-05-03,training,Stretching and Yoga,"I was planning to go to run in the morning but its raining whole day so I was waiting for it to stop. Oops!!

Anyway I was feeling lazy so I decided to do indoor light exercise—a mix of rope jumping, yoga and stretching. Feeling good now. :)",2026-05-03_19-03-06_hk_1777827786.fit,451,2026-05-03T17:19:34.000Z,889.000,,118,,,,,,
2026-05-03,training,Stretching and Yoga,"I was planning to go to run in the morning but its raining whole day so I was waiting for it to stop. Oops!!

Anyway I was feeling lazy so I decided to do indoor light exercise—a mix of rope jumping, yoga and stretching. Feeling good now. :)",2026-05-03_19-03-06_hk_1777827786.fit,452,2026-05-03T17:19:35.000Z,890.000,,118,,,,,,
2026-05-03,training,Stretching and Yoga,"I was planning to go to run in the morning but its raining whole day so I was waiting for it to stop. Oops!!

Anyway I was feeling lazy so I decided to do indoor light exercise—a mix of rope jumping, yoga and stretching. Feeling good now. :)",2026-05-03_19-03-06_hk_1777827786.fit,453,2026-05-03T17:19:37.000Z,892.000,,119,,,,,,
2026-05-03,training,Stretching and Yoga,"I was planning to go to run in the morning but its raining whole day so I was waiting for it to stop. Oops!!

Anyway I was feeling lazy so I decided to do indoor light exercise—a mix of rope jumping, yoga and stretching. Feeling good now. :)",2026-05-03_19-03-06_hk_1777827786.fit,454,2026-05-03T17:19:40.000Z,895.000,,119,,,,,,
2026-05-03,training,Stretching and Yoga,"I was planning to go to run in the morning but its raining whole day so I was waiting for it to stop. Oops!!

Anyway I was feeling lazy so I decided to do indoor light exercise—a mix of rope jumping, yoga and stretching. Feeling good now. :)",2026-05-03_19-03-06_hk_1777827786.fit,455,2026-05-03T17:19:42.000Z,897.000,,121,,,,,,
2026-05-03,training,Stretching and Yoga,"I was planning to go to run in the morning but its raining whole day so I was waiting for it to stop. Oops!!

Anyway I was feeling lazy so I decided to do indoor light exercise—a mix of rope jumping, yoga and stretching. Feeling good now. :)",2026-05-03_19-03-06_hk_1777827786.fit,456,2026-05-03T17:19:45.000Z,900.000,,121,,,,,,
2026-05-03,training,Stretching and Yoga,"I was planning to go to run in the morning but its raining whole day so I was waiting for it to stop. Oops!!

Anyway I was feeling lazy so I decided to do indoor light exercise—a mix of rope jumping, yoga and stretching. Feeling good now. :)",2026-05-03_19-03-06_hk_1777827786.fit,457,2026-05-03T17:19:48.000Z,903.000,,121,,,,,,
2026-05-03,training,Stretching and Yoga,"I was planning to go to run in the morning but its raining whole day so I was waiting for it to stop. Oops!!

Anyway I was feeling lazy so I decided to do indoor light exercise—a mix of rope jumping, yoga and stretching. Feeling good now. :)",2026-05-03_19-03-06_hk_1777827786.fit,458,2026-05-03T17:19:50.000Z,905.000,,123,,,,,,
2026-05-03,training,Stretching and Yoga,"I was planning to go to run in the morning but its raining whole day so I was waiting for it to stop. Oops!!

Anyway I was feeling lazy so I decided to do indoor light exercise—a mix of rope jumping, yoga and stretching. Feeling good now. :)",2026-05-03_19-03-06_hk_1777827786.fit,459,2026-05-03T17:19:53.000Z,908.000,,123,,,,,,
2026-05-03,training,Stretching and Yoga,"I was planning to go to run in the morning but its raining whole day so I was waiting for it to stop. Oops!!

Anyway I was feeling lazy so I decided to do indoor light exercise—a mix of rope jumping, yoga and stretching. Feeling good now. :)",2026-05-03_19-03-06_hk_1777827786.fit,460,2026-05-03T17:19:55.000Z,910.000,,125,,,,,,
2026-05-03,training,Stretching and Yoga,"I was planning to go to run in the morning but its raining whole day so I was waiting for it to stop. Oops!!

Anyway I was feeling lazy so I decided to do indoor light exercise—a mix of rope jumping, yoga and stretching. Feeling good now. :)",2026-05-03_19-03-06_hk_1777827786.fit,461,2026-05-03T17:19:57.000Z,912.000,,125,,,,,,
2026-05-03,training,Stretching and Yoga,"I was planning to go to run in the morning but its raining whole day so I was waiting for it to stop. Oops!!

Anyway I was feeling lazy so I decided to do indoor light exercise—a mix of rope jumping, yoga and stretching. Feeling good now. :)",2026-05-03_19-03-06_hk_1777827786.fit,462,2026-05-03T17:19:58.000Z,913.000,,125,,,,,,
2026-05-03,training,Stretching and Yoga,"I was planning to go to run in the morning but its raining whole day so I was waiting for it to stop. Oops!!

Anyway I was feeling lazy so I decided to do indoor light exercise—a mix of rope jumping, yoga and stretching. Feeling good now. :)",2026-05-03_19-03-06_hk_1777827786.fit,463,2026-05-03T17:20:00.000Z,915.000,,125,,,,,,
2026-05-03,training,Stretching and Yoga,"I was planning to go to run in the morning but its raining whole day so I was waiting for it to stop. Oops!!

Anyway I was feeling lazy so I decided to do indoor light exercise—a mix of rope jumping, yoga and stretching. Feeling good now. :)",2026-05-03_19-03-06_hk_1777827786.fit,464,2026-05-03T17:20:02.000Z,917.000,,127,,,,,,
2026-05-03,training,Stretching and Yoga,"I was planning to go to run in the morning but its raining whole day so I was waiting for it to stop. Oops!!

Anyway I was feeling lazy so I decided to do indoor light exercise—a mix of rope jumping, yoga and stretching. Feeling good now. :)",2026-05-03_19-03-06_hk_1777827786.fit,465,2026-05-03T17:20:03.000Z,918.000,,127,,,,,,
2026-05-03,training,Stretching and Yoga,"I was planning to go to run in the morning but its raining whole day so I was waiting for it to stop. Oops!!

Anyway I was feeling lazy so I decided to do indoor light exercise—a mix of rope jumping, yoga and stretching. Feeling good now. :)",2026-05-03_19-03-06_hk_1777827786.fit,466,2026-05-03T17:20:05.000Z,920.000,,127,,,,,,
2026-05-03,training,Stretching and Yoga,"I was planning to go to run in the morning but its raining whole day so I was waiting for it to stop. Oops!!

Anyway I was feeling lazy so I decided to do indoor light exercise—a mix of rope jumping, yoga and stretching. Feeling good now. :)",2026-05-03_19-03-06_hk_1777827786.fit,467,2026-05-03T17:20:07.000Z,922.000,,127,,,,,,
2026-05-03,training,Stretching and Yoga,"I was planning to go to run in the morning but its raining whole day so I was waiting for it to stop. Oops!!

Anyway I was feeling lazy so I decided to do indoor light exercise—a mix of rope jumping, yoga and stretching. Feeling good now. :)",2026-05-03_19-03-06_hk_1777827786.fit,468,2026-05-03T17:20:08.000Z,923.000,,127,,,,,,
2026-05-03,training,Stretching and Yoga,"I was planning to go to run in the morning but its raining whole day so I was waiting for it to stop. Oops!!

Anyway I was feeling lazy so I decided to do indoor light exercise—a mix of rope jumping, yoga and stretching. Feeling good now. :)",2026-05-03_19-03-06_hk_1777827786.fit,469,2026-05-03T17:20:11.000Z,926.000,,127,,,,,,
2026-05-03,training,Stretching and Yoga,"I was planning to go to run in the morning but its raining whole day so I was waiting for it to stop. Oops!!

Anyway I was feeling lazy so I decided to do indoor light exercise—a mix of rope jumping, yoga and stretching. Feeling good now. :)",2026-05-03_19-03-06_hk_1777827786.fit,470,2026-05-03T17:20:13.000Z,928.000,,127,,,,,,
2026-05-03,training,Stretching and Yoga,"I was planning to go to run in the morning but its raining whole day so I was waiting for it to stop. Oops!!

Anyway I was feeling lazy so I decided to do indoor light exercise—a mix of rope jumping, yoga and stretching. Feeling good now. :)",2026-05-03_19-03-06_hk_1777827786.fit,471,2026-05-03T17:20:14.000Z,929.000,,131,,,,,,
2026-05-03,training,Stretching and Yoga,"I was planning to go to run in the morning but its raining whole day so I was waiting for it to stop. Oops!!

Anyway I was feeling lazy so I decided to do indoor light exercise—a mix of rope jumping, yoga and stretching. Feeling good now. :)",2026-05-03_19-03-06_hk_1777827786.fit,472,2026-05-03T17:20:16.000Z,931.000,,131,,,,,,
2026-05-03,training,Stretching and Yoga,"I was planning to go to run in the morning but its raining whole day so I was waiting for it to stop. Oops!!

Anyway I was feeling lazy so I decided to do indoor light exercise—a mix of rope jumping, yoga and stretching. Feeling good now. :)",2026-05-03_19-03-06_hk_1777827786.fit,473,2026-05-03T17:20:18.000Z,933.000,,131,,,,,,
2026-05-03,training,Stretching and Yoga,"I was planning to go to run in the morning but its raining whole day so I was waiting for it to stop. Oops!!

Anyway I was feeling lazy so I decided to do indoor light exercise—a mix of rope jumping, yoga and stretching. Feeling good now. :)",2026-05-03_19-03-06_hk_1777827786.fit,474,2026-05-03T17:20:21.000Z,936.000,,105,,,,,,
2026-05-03,training,Stretching and Yoga,"I was planning to go to run in the morning but its raining whole day so I was waiting for it to stop. Oops!!

Anyway I was feeling lazy so I decided to do indoor light exercise—a mix of rope jumping, yoga and stretching. Feeling good now. :)",2026-05-03_19-03-06_hk_1777827786.fit,475,2026-05-03T17:20:23.000Z,938.000,,105,,,,,,
2026-05-03,training,Stretching and Yoga,"I was planning to go to run in the morning but its raining whole day so I was waiting for it to stop. Oops!!

Anyway I was feeling lazy so I decided to do indoor light exercise—a mix of rope jumping, yoga and stretching. Feeling good now. :)",2026-05-03_19-03-06_hk_1777827786.fit,476,2026-05-03T17:20:26.000Z,941.000,,100,,,,,,
2026-05-03,training,Stretching and Yoga,"I was planning to go to run in the morning but its raining whole day so I was waiting for it to stop. Oops!!

Anyway I was feeling lazy so I decided to do indoor light exercise—a mix of rope jumping, yoga and stretching. Feeling good now. :)",2026-05-03_19-03-06_hk_1777827786.fit,477,2026-05-03T17:20:28.000Z,943.000,,100,,,,,,
2026-05-03,training,Stretching and Yoga,"I was planning to go to run in the morning but its raining whole day so I was waiting for it to stop. Oops!!

Anyway I was feeling lazy so I decided to do indoor light exercise—a mix of rope jumping, yoga and stretching. Feeling good now. :)",2026-05-03_19-03-06_hk_1777827786.fit,478,2026-05-03T17:20:31.000Z,946.000,,99,,,,,,
2026-05-03,training,Stretching and Yoga,"I was planning to go to run in the morning but its raining whole day so I was waiting for it to stop. Oops!!

Anyway I was feeling lazy so I decided to do indoor light exercise—a mix of rope jumping, yoga and stretching. Feeling good now. :)",2026-05-03_19-03-06_hk_1777827786.fit,479,2026-05-03T17:20:34.000Z,949.000,,99,,,,,,
2026-05-03,training,Stretching and Yoga,"I was planning to go to run in the morning but its raining whole day so I was waiting for it to stop. Oops!!

Anyway I was feeling lazy so I decided to do indoor light exercise—a mix of rope jumping, yoga and stretching. Feeling good now. :)",2026-05-03_19-03-06_hk_1777827786.fit,480,2026-05-03T17:20:36.000Z,951.000,,95,,,,,,
2026-05-03,training,Stretching and Yoga,"I was planning to go to run in the morning but its raining whole day so I was waiting for it to stop. Oops!!

Anyway I was feeling lazy so I decided to do indoor light exercise—a mix of rope jumping, yoga and stretching. Feeling good now. :)",2026-05-03_19-03-06_hk_1777827786.fit,481,2026-05-03T17:20:39.000Z,954.000,,95,,,,,,
2026-05-03,training,Stretching and Yoga,"I was planning to go to run in the morning but its raining whole day so I was waiting for it to stop. Oops!!

Anyway I was feeling lazy so I decided to do indoor light exercise—a mix of rope jumping, yoga and stretching. Feeling good now. :)",2026-05-03_19-03-06_hk_1777827786.fit,482,2026-05-03T17:20:41.000Z,956.000,,91,,,,,,
2026-05-03,training,Stretching and Yoga,"I was planning to go to run in the morning but its raining whole day so I was waiting for it to stop. Oops!!

Anyway I was feeling lazy so I decided to do indoor light exercise—a mix of rope jumping, yoga and stretching. Feeling good now. :)",2026-05-03_19-03-06_hk_1777827786.fit,483,2026-05-03T17:20:42.000Z,957.000,,91,,,,,,
2026-05-03,training,Stretching and Yoga,"I was planning to go to run in the morning but its raining whole day so I was waiting for it to stop. Oops!!

Anyway I was feeling lazy so I decided to do indoor light exercise—a mix of rope jumping, yoga and stretching. Feeling good now. :)",2026-05-03_19-03-06_hk_1777827786.fit,484,2026-05-03T17:20:44.000Z,959.000,,91,,,,,,
2026-05-03,training,Stretching and Yoga,"I was planning to go to run in the morning but its raining whole day so I was waiting for it to stop. Oops!!

Anyway I was feeling lazy so I decided to do indoor light exercise—a mix of rope jumping, yoga and stretching. Feeling good now. :)",2026-05-03_19-03-06_hk_1777827786.fit,485,2026-05-03T17:20:46.000Z,961.000,,91,,,,,,
2026-05-03,training,Stretching and Yoga,"I was planning to go to run in the morning but its raining whole day so I was waiting for it to stop. Oops!!

Anyway I was feeling lazy so I decided to do indoor light exercise—a mix of rope jumping, yoga and stretching. Feeling good now. :)",2026-05-03_19-03-06_hk_1777827786.fit,486,2026-05-03T17:20:47.000Z,962.000,,90,,,,,,
2026-05-03,training,Stretching and Yoga,"I was planning to go to run in the morning but its raining whole day so I was waiting for it to stop. Oops!!

Anyway I was feeling lazy so I decided to do indoor light exercise—a mix of rope jumping, yoga and stretching. Feeling good now. :)",2026-05-03_19-03-06_hk_1777827786.fit,487,2026-05-03T17:20:49.000Z,964.000,,90,,,,,,
2026-05-03,training,Stretching and Yoga,"I was planning to go to run in the morning but its raining whole day so I was waiting for it to stop. Oops!!

Anyway I was feeling lazy so I decided to do indoor light exercise—a mix of rope jumping, yoga and stretching. Feeling good now. :)",2026-05-03_19-03-06_hk_1777827786.fit,488,2026-05-03T17:20:52.000Z,967.000,,90,,,,,,
2026-05-03,training,Stretching and Yoga,"I was planning to go to run in the morning but its raining whole day so I was waiting for it to stop. Oops!!

Anyway I was feeling lazy so I decided to do indoor light exercise—a mix of rope jumping, yoga and stretching. Feeling good now. :)",2026-05-03_19-03-06_hk_1777827786.fit,489,2026-05-03T17:20:54.000Z,969.000,,90,,,,,,
2026-05-03,training,Stretching and Yoga,"I was planning to go to run in the morning but its raining whole day so I was waiting for it to stop. Oops!!

Anyway I was feeling lazy so I decided to do indoor light exercise—a mix of rope jumping, yoga and stretching. Feeling good now. :)",2026-05-03_19-03-06_hk_1777827786.fit,490,2026-05-03T17:20:56.000Z,971.000,,115,,,,,,
2026-05-03,training,Stretching and Yoga,"I was planning to go to run in the morning but its raining whole day so I was waiting for it to stop. Oops!!

Anyway I was feeling lazy so I decided to do indoor light exercise—a mix of rope jumping, yoga and stretching. Feeling good now. :)",2026-05-03_19-03-06_hk_1777827786.fit,491,2026-05-03T17:20:57.000Z,972.000,,115,,,,,,
2026-05-03,training,Stretching and Yoga,"I was planning to go to run in the morning but its raining whole day so I was waiting for it to stop. Oops!!

Anyway I was feeling lazy so I decided to do indoor light exercise—a mix of rope jumping, yoga and stretching. Feeling good now. :)",2026-05-03_19-03-06_hk_1777827786.fit,492,2026-05-03T17:20:59.000Z,974.000,,115,,,,,,
2026-05-03,training,Stretching and Yoga,"I was planning to go to run in the morning but its raining whole day so I was waiting for it to stop. Oops!!

Anyway I was feeling lazy so I decided to do indoor light exercise—a mix of rope jumping, yoga and stretching. Feeling good now. :)",2026-05-03_19-03-06_hk_1777827786.fit,493,2026-05-03T17:21:01.000Z,976.000,,123,,,,,,
2026-05-03,training,Stretching and Yoga,"I was planning to go to run in the morning but its raining whole day so I was waiting for it to stop. Oops!!

Anyway I was feeling lazy so I decided to do indoor light exercise—a mix of rope jumping, yoga and stretching. Feeling good now. :)",2026-05-03_19-03-06_hk_1777827786.fit,494,2026-05-03T17:21:02.000Z,977.000,,123,,,,,,
2026-05-03,training,Stretching and Yoga,"I was planning to go to run in the morning but its raining whole day so I was waiting for it to stop. Oops!!

Anyway I was feeling lazy so I decided to do indoor light exercise—a mix of rope jumping, yoga and stretching. Feeling good now. :)",2026-05-03_19-03-06_hk_1777827786.fit,495,2026-05-03T17:21:04.000Z,979.000,,123,,,,,,
2026-05-03,training,Stretching and Yoga,"I was planning to go to run in the morning but its raining whole day so I was waiting for it to stop. Oops!!

Anyway I was feeling lazy so I decided to do indoor light exercise—a mix of rope jumping, yoga and stretching. Feeling good now. :)",2026-05-03_19-03-06_hk_1777827786.fit,496,2026-05-03T17:21:05.000Z,980.000,,122,,,,,,
2026-05-03,training,Stretching and Yoga,"I was planning to go to run in the morning but its raining whole day so I was waiting for it to stop. Oops!!

Anyway I was feeling lazy so I decided to do indoor light exercise—a mix of rope jumping, yoga and stretching. Feeling good now. :)",2026-05-03_19-03-06_hk_1777827786.fit,497,2026-05-03T17:21:07.000Z,982.000,,122,,,,,,
2026-05-03,training,Stretching and Yoga,"I was planning to go to run in the morning but its raining whole day so I was waiting for it to stop. Oops!!

Anyway I was feeling lazy so I decided to do indoor light exercise—a mix of rope jumping, yoga and stretching. Feeling good now. :)",2026-05-03_19-03-06_hk_1777827786.fit,498,2026-05-03T17:21:09.000Z,984.000,,122,,,,,,
2026-05-03,training,Stretching and Yoga,"I was planning to go to run in the morning but its raining whole day so I was waiting for it to stop. Oops!!

Anyway I was feeling lazy so I decided to do indoor light exercise—a mix of rope jumping, yoga and stretching. Feeling good now. :)",2026-05-03_19-03-06_hk_1777827786.fit,499,2026-05-03T17:21:10.000Z,985.000,,119,,,,,,
2026-05-03,training,Stretching and Yoga,"I was planning to go to run in the morning but its raining whole day so I was waiting for it to stop. Oops!!

Anyway I was feeling lazy so I decided to do indoor light exercise—a mix of rope jumping, yoga and stretching. Feeling good now. :)",2026-05-03_19-03-06_hk_1777827786.fit,500,2026-05-03T17:21:12.000Z,987.000,,119,,,,,,
2026-05-03,training,Stretching and Yoga,"I was planning to go to run in the morning but its raining whole day so I was waiting for it to stop. Oops!!

Anyway I was feeling lazy so I decided to do indoor light exercise—a mix of rope jumping, yoga and stretching. Feeling good now. :)",2026-05-03_19-03-06_hk_1777827786.fit,501,2026-05-03T17:21:15.000Z,990.000,,119,,,,,,
2026-05-03,training,Stretching and Yoga,"I was planning to go to run in the morning but its raining whole day so I was waiting for it to stop. Oops!!

Anyway I was feeling lazy so I decided to do indoor light exercise—a mix of rope jumping, yoga and stretching. Feeling good now. :)",2026-05-03_19-03-06_hk_1777827786.fit,502,2026-05-03T17:21:16.000Z,991.000,,117,,,,,,
2026-05-03,training,Stretching and Yoga,"I was planning to go to run in the morning but its raining whole day so I was waiting for it to stop. Oops!!

Anyway I was feeling lazy so I decided to do indoor light exercise—a mix of rope jumping, yoga and stretching. Feeling good now. :)",2026-05-03_19-03-06_hk_1777827786.fit,503,2026-05-03T17:21:17.000Z,992.000,,117,,,,,,
2026-05-03,training,Stretching and Yoga,"I was planning to go to run in the morning but its raining whole day so I was waiting for it to stop. Oops!!

Anyway I was feeling lazy so I decided to do indoor light exercise—a mix of rope jumping, yoga and stretching. Feeling good now. :)",2026-05-03_19-03-06_hk_1777827786.fit,504,2026-05-03T17:21:20.000Z,995.000,,117,,,,,,
2026-05-03,training,Stretching and Yoga,"I was planning to go to run in the morning but its raining whole day so I was waiting for it to stop. Oops!!

Anyway I was feeling lazy so I decided to do indoor light exercise—a mix of rope jumping, yoga and stretching. Feeling good now. :)",2026-05-03_19-03-06_hk_1777827786.fit,505,2026-05-03T17:21:22.000Z,997.000,,116,,,,,,
2026-05-03,training,Stretching and Yoga,"I was planning to go to run in the morning but its raining whole day so I was waiting for it to stop. Oops!!

Anyway I was feeling lazy so I decided to do indoor light exercise—a mix of rope jumping, yoga and stretching. Feeling good now. :)",2026-05-03_19-03-06_hk_1777827786.fit,506,2026-05-03T17:21:25.000Z,1000.000,,116,,,,,,
2026-05-03,training,Stretching and Yoga,"I was planning to go to run in the morning but its raining whole day so I was waiting for it to stop. Oops!!

Anyway I was feeling lazy so I decided to do indoor light exercise—a mix of rope jumping, yoga and stretching. Feeling good now. :)",2026-05-03_19-03-06_hk_1777827786.fit,507,2026-05-03T17:21:27.000Z,1002.000,,117,,,,,,
2026-05-03,training,Stretching and Yoga,"I was planning to go to run in the morning but its raining whole day so I was waiting for it to stop. Oops!!

Anyway I was feeling lazy so I decided to do indoor light exercise—a mix of rope jumping, yoga and stretching. Feeling good now. :)",2026-05-03_19-03-06_hk_1777827786.fit,508,2026-05-03T17:21:30.000Z,1005.000,,117,,,,,,
2026-05-03,training,Stretching and Yoga,"I was planning to go to run in the morning but its raining whole day so I was waiting for it to stop. Oops!!

Anyway I was feeling lazy so I decided to do indoor light exercise—a mix of rope jumping, yoga and stretching. Feeling good now. :)",2026-05-03_19-03-06_hk_1777827786.fit,509,2026-05-03T17:21:32.000Z,1007.000,,116,,,,,,
2026-05-03,training,Stretching and Yoga,"I was planning to go to run in the morning but its raining whole day so I was waiting for it to stop. Oops!!

Anyway I was feeling lazy so I decided to do indoor light exercise—a mix of rope jumping, yoga and stretching. Feeling good now. :)",2026-05-03_19-03-06_hk_1777827786.fit,510,2026-05-03T17:21:35.000Z,1010.000,,116,,,,,,
2026-05-03,training,Stretching and Yoga,"I was planning to go to run in the morning but its raining whole day so I was waiting for it to stop. Oops!!

Anyway I was feeling lazy so I decided to do indoor light exercise—a mix of rope jumping, yoga and stretching. Feeling good now. :)",2026-05-03_19-03-06_hk_1777827786.fit,511,2026-05-03T17:21:37.000Z,1012.000,,118,,,,,,
2026-05-03,training,Stretching and Yoga,"I was planning to go to run in the morning but its raining whole day so I was waiting for it to stop. Oops!!

Anyway I was feeling lazy so I decided to do indoor light exercise—a mix of rope jumping, yoga and stretching. Feeling good now. :)",2026-05-03_19-03-06_hk_1777827786.fit,512,2026-05-03T17:21:38.000Z,1013.000,,118,,,,,,
2026-05-03,training,Stretching and Yoga,"I was planning to go to run in the morning but its raining whole day so I was waiting for it to stop. Oops!!

Anyway I was feeling lazy so I decided to do indoor light exercise—a mix of rope jumping, yoga and stretching. Feeling good now. :)",2026-05-03_19-03-06_hk_1777827786.fit,513,2026-05-03T17:21:40.000Z,1015.000,,118,,,,,,
2026-05-03,training,Stretching and Yoga,"I was planning to go to run in the morning but its raining whole day so I was waiting for it to stop. Oops!!

Anyway I was feeling lazy so I decided to do indoor light exercise—a mix of rope jumping, yoga and stretching. Feeling good now. :)",2026-05-03_19-03-06_hk_1777827786.fit,514,2026-05-03T17:21:42.000Z,1017.000,,118,,,,,,
2026-05-03,training,Stretching and Yoga,"I was planning to go to run in the morning but its raining whole day so I was waiting for it to stop. Oops!!

Anyway I was feeling lazy so I decided to do indoor light exercise—a mix of rope jumping, yoga and stretching. Feeling good now. :)",2026-05-03_19-03-06_hk_1777827786.fit,515,2026-05-03T17:21:43.000Z,1018.000,,118,,,,,,
2026-05-03,training,Stretching and Yoga,"I was planning to go to run in the morning but its raining whole day so I was waiting for it to stop. Oops!!

Anyway I was feeling lazy so I decided to do indoor light exercise—a mix of rope jumping, yoga and stretching. Feeling good now. :)",2026-05-03_19-03-06_hk_1777827786.fit,516,2026-05-03T17:21:45.000Z,1020.000,,118,,,,,,
2026-05-03,training,Stretching and Yoga,"I was planning to go to run in the morning but its raining whole day so I was waiting for it to stop. Oops!!

Anyway I was feeling lazy so I decided to do indoor light exercise—a mix of rope jumping, yoga and stretching. Feeling good now. :)",2026-05-03_19-03-06_hk_1777827786.fit,517,2026-05-03T17:21:48.000Z,1023.000,,120,,,,,,
2026-05-03,training,Stretching and Yoga,"I was planning to go to run in the morning but its raining whole day so I was waiting for it to stop. Oops!!

Anyway I was feeling lazy so I decided to do indoor light exercise—a mix of rope jumping, yoga and stretching. Feeling good now. :)",2026-05-03_19-03-06_hk_1777827786.fit,518,2026-05-03T17:21:50.000Z,1025.000,,120,,,,,,
2026-05-03,training,Stretching and Yoga,"I was planning to go to run in the morning but its raining whole day so I was waiting for it to stop. Oops!!

Anyway I was feeling lazy so I decided to do indoor light exercise—a mix of rope jumping, yoga and stretching. Feeling good now. :)",2026-05-03_19-03-06_hk_1777827786.fit,519,2026-05-03T17:21:53.000Z,1028.000,,120,,,,,,
2026-05-03,training,Stretching and Yoga,"I was planning to go to run in the morning but its raining whole day so I was waiting for it to stop. Oops!!

Anyway I was feeling lazy so I decided to do indoor light exercise—a mix of rope jumping, yoga and stretching. Feeling good now. :)",2026-05-03_19-03-06_hk_1777827786.fit,520,2026-05-03T17:21:54.000Z,1029.000,,120,,,,,,
2026-05-03,training,Stretching and Yoga,"I was planning to go to run in the morning but its raining whole day so I was waiting for it to stop. Oops!!

Anyway I was feeling lazy so I decided to do indoor light exercise—a mix of rope jumping, yoga and stretching. Feeling good now. :)",2026-05-03_19-03-06_hk_1777827786.fit,521,2026-05-03T17:21:56.000Z,1031.000,,120,,,,,,
2026-05-03,training,Stretching and Yoga,"I was planning to go to run in the morning but its raining whole day so I was waiting for it to stop. Oops!!

Anyway I was feeling lazy so I decided to do indoor light exercise—a mix of rope jumping, yoga and stretching. Feeling good now. :)",2026-05-03_19-03-06_hk_1777827786.fit,522,2026-05-03T17:21:58.000Z,1033.000,,120,,,,,,
2026-05-03,training,Stretching and Yoga,"I was planning to go to run in the morning but its raining whole day so I was waiting for it to stop. Oops!!

Anyway I was feeling lazy so I decided to do indoor light exercise—a mix of rope jumping, yoga and stretching. Feeling good now. :)",2026-05-03_19-03-06_hk_1777827786.fit,523,2026-05-03T17:22:01.000Z,1036.000,,119,,,,,,
2026-05-03,training,Stretching and Yoga,"I was planning to go to run in the morning but its raining whole day so I was waiting for it to stop. Oops!!

Anyway I was feeling lazy so I decided to do indoor light exercise—a mix of rope jumping, yoga and stretching. Feeling good now. :)",2026-05-03_19-03-06_hk_1777827786.fit,524,2026-05-03T17:22:03.000Z,1038.000,,119,,,,,,
2026-05-03,training,Stretching and Yoga,"I was planning to go to run in the morning but its raining whole day so I was waiting for it to stop. Oops!!

Anyway I was feeling lazy so I decided to do indoor light exercise—a mix of rope jumping, yoga and stretching. Feeling good now. :)",2026-05-03_19-03-06_hk_1777827786.fit,525,2026-05-03T17:22:06.000Z,1041.000,,113,,,,,,
2026-05-03,training,Stretching and Yoga,"I was planning to go to run in the morning but its raining whole day so I was waiting for it to stop. Oops!!

Anyway I was feeling lazy so I decided to do indoor light exercise—a mix of rope jumping, yoga and stretching. Feeling good now. :)",2026-05-03_19-03-06_hk_1777827786.fit,526,2026-05-03T17:22:08.000Z,1043.000,,113,,,,,,
2026-05-03,training,Stretching and Yoga,"I was planning to go to run in the morning but its raining whole day so I was waiting for it to stop. Oops!!

Anyway I was feeling lazy so I decided to do indoor light exercise—a mix of rope jumping, yoga and stretching. Feeling good now. :)",2026-05-03_19-03-06_hk_1777827786.fit,527,2026-05-03T17:22:11.000Z,1046.000,,112,,,,,,
2026-05-03,training,Stretching and Yoga,"I was planning to go to run in the morning but its raining whole day so I was waiting for it to stop. Oops!!

Anyway I was feeling lazy so I decided to do indoor light exercise—a mix of rope jumping, yoga and stretching. Feeling good now. :)",2026-05-03_19-03-06_hk_1777827786.fit,528,2026-05-03T17:22:13.000Z,1048.000,,112,,,,,,
2026-05-03,training,Stretching and Yoga,"I was planning to go to run in the morning but its raining whole day so I was waiting for it to stop. Oops!!

Anyway I was feeling lazy so I decided to do indoor light exercise—a mix of rope jumping, yoga and stretching. Feeling good now. :)",2026-05-03_19-03-06_hk_1777827786.fit,529,2026-05-03T17:22:16.000Z,1051.000,,112,,,,,,
2026-05-03,training,Stretching and Yoga,"I was planning to go to run in the morning but its raining whole day so I was waiting for it to stop. Oops!!

Anyway I was feeling lazy so I decided to do indoor light exercise—a mix of rope jumping, yoga and stretching. Feeling good now. :)",2026-05-03_19-03-06_hk_1777827786.fit,530,2026-05-03T17:22:19.000Z,1054.000,,112,,,,,,
2026-05-03,training,Stretching and Yoga,"I was planning to go to run in the morning but its raining whole day so I was waiting for it to stop. Oops!!

Anyway I was feeling lazy so I decided to do indoor light exercise—a mix of rope jumping, yoga and stretching. Feeling good now. :)",2026-05-03_19-03-06_hk_1777827786.fit,531,2026-05-03T17:22:20.000Z,1055.000,,111,,,,,,
2026-05-03,training,Stretching and Yoga,"I was planning to go to run in the morning but its raining whole day so I was waiting for it to stop. Oops!!

Anyway I was feeling lazy so I decided to do indoor light exercise—a mix of rope jumping, yoga and stretching. Feeling good now. :)",2026-05-03_19-03-06_hk_1777827786.fit,532,2026-05-03T17:22:21.000Z,1056.000,,111,,,,,,
2026-05-03,training,Stretching and Yoga,"I was planning to go to run in the morning but its raining whole day so I was waiting for it to stop. Oops!!

Anyway I was feeling lazy so I decided to do indoor light exercise—a mix of rope jumping, yoga and stretching. Feeling good now. :)",2026-05-03_19-03-06_hk_1777827786.fit,533,2026-05-03T17:22:24.000Z,1059.000,,111,,,,,,
2026-05-03,training,Stretching and Yoga,"I was planning to go to run in the morning but its raining whole day so I was waiting for it to stop. Oops!!

Anyway I was feeling lazy so I decided to do indoor light exercise—a mix of rope jumping, yoga and stretching. Feeling good now. :)",2026-05-03_19-03-06_hk_1777827786.fit,534,2026-05-03T17:22:25.000Z,1060.000,,110,,,,,,
2026-05-03,training,Stretching and Yoga,"I was planning to go to run in the morning but its raining whole day so I was waiting for it to stop. Oops!!

Anyway I was feeling lazy so I decided to do indoor light exercise—a mix of rope jumping, yoga and stretching. Feeling good now. :)",2026-05-03_19-03-06_hk_1777827786.fit,535,2026-05-03T17:22:26.000Z,1061.000,,110,,,,,,
2026-05-03,training,Stretching and Yoga,"I was planning to go to run in the morning but its raining whole day so I was waiting for it to stop. Oops!!

Anyway I was feeling lazy so I decided to do indoor light exercise—a mix of rope jumping, yoga and stretching. Feeling good now. :)",2026-05-03_19-03-06_hk_1777827786.fit,536,2026-05-03T17:22:29.000Z,1064.000,,110,,,,,,
2026-05-03,training,Stretching and Yoga,"I was planning to go to run in the morning but its raining whole day so I was waiting for it to stop. Oops!!

Anyway I was feeling lazy so I decided to do indoor light exercise—a mix of rope jumping, yoga and stretching. Feeling good now. :)",2026-05-03_19-03-06_hk_1777827786.fit,537,2026-05-03T17:22:30.000Z,1065.000,,106,,,,,,
2026-05-03,training,Stretching and Yoga,"I was planning to go to run in the morning but its raining whole day so I was waiting for it to stop. Oops!!

Anyway I was feeling lazy so I decided to do indoor light exercise—a mix of rope jumping, yoga and stretching. Feeling good now. :)",2026-05-03_19-03-06_hk_1777827786.fit,538,2026-05-03T17:22:31.000Z,1066.000,,106,,,,,,
2026-05-03,training,Stretching and Yoga,"I was planning to go to run in the morning but its raining whole day so I was waiting for it to stop. Oops!!

Anyway I was feeling lazy so I decided to do indoor light exercise—a mix of rope jumping, yoga and stretching. Feeling good now. :)",2026-05-03_19-03-06_hk_1777827786.fit,539,2026-05-03T17:22:34.000Z,1069.000,,106,,,,,,
2026-05-03,training,Stretching and Yoga,"I was planning to go to run in the morning but its raining whole day so I was waiting for it to stop. Oops!!

Anyway I was feeling lazy so I decided to do indoor light exercise—a mix of rope jumping, yoga and stretching. Feeling good now. :)",2026-05-03_19-03-06_hk_1777827786.fit,540,2026-05-03T17:22:36.000Z,1071.000,,107,,,,,,
2026-05-03,training,Stretching and Yoga,"I was planning to go to run in the morning but its raining whole day so I was waiting for it to stop. Oops!!

Anyway I was feeling lazy so I decided to do indoor light exercise—a mix of rope jumping, yoga and stretching. Feeling good now. :)",2026-05-03_19-03-06_hk_1777827786.fit,541,2026-05-03T17:22:39.000Z,1074.000,,107,,,,,,
2026-05-03,training,Stretching and Yoga,"I was planning to go to run in the morning but its raining whole day so I was waiting for it to stop. Oops!!

Anyway I was feeling lazy so I decided to do indoor light exercise—a mix of rope jumping, yoga and stretching. Feeling good now. :)",2026-05-03_19-03-06_hk_1777827786.fit,542,2026-05-03T17:22:40.000Z,1075.000,,105,,,,,,
2026-05-03,training,Stretching and Yoga,"I was planning to go to run in the morning but its raining whole day so I was waiting for it to stop. Oops!!

Anyway I was feeling lazy so I decided to do indoor light exercise—a mix of rope jumping, yoga and stretching. Feeling good now. :)",2026-05-03_19-03-06_hk_1777827786.fit,543,2026-05-03T17:22:42.000Z,1077.000,,104,,,,,,
2026-05-03,training,Stretching and Yoga,"I was planning to go to run in the morning but its raining whole day so I was waiting for it to stop. Oops!!

Anyway I was feeling lazy so I decided to do indoor light exercise—a mix of rope jumping, yoga and stretching. Feeling good now. :)",2026-05-03_19-03-06_hk_1777827786.fit,544,2026-05-03T17:22:44.000Z,1079.000,,104,,,,,,
2026-05-03,training,Stretching and Yoga,"I was planning to go to run in the morning but its raining whole day so I was waiting for it to stop. Oops!!

Anyway I was feeling lazy so I decided to do indoor light exercise—a mix of rope jumping, yoga and stretching. Feeling good now. :)",2026-05-03_19-03-06_hk_1777827786.fit,545,2026-05-03T17:22:47.000Z,1082.000,,103,,,,,,
2026-05-03,training,Stretching and Yoga,"I was planning to go to run in the morning but its raining whole day so I was waiting for it to stop. Oops!!

Anyway I was feeling lazy so I decided to do indoor light exercise—a mix of rope jumping, yoga and stretching. Feeling good now. :)",2026-05-03_19-03-06_hk_1777827786.fit,546,2026-05-03T17:22:49.000Z,1084.000,,103,,,,,,
2026-05-03,training,Stretching and Yoga,"I was planning to go to run in the morning but its raining whole day so I was waiting for it to stop. Oops!!

Anyway I was feeling lazy so I decided to do indoor light exercise—a mix of rope jumping, yoga and stretching. Feeling good now. :)",2026-05-03_19-03-06_hk_1777827786.fit,547,2026-05-03T17:22:52.000Z,1087.000,,102,,,,,,
2026-05-03,training,Stretching and Yoga,"I was planning to go to run in the morning but its raining whole day so I was waiting for it to stop. Oops!!

Anyway I was feeling lazy so I decided to do indoor light exercise—a mix of rope jumping, yoga and stretching. Feeling good now. :)",2026-05-03_19-03-06_hk_1777827786.fit,548,2026-05-03T17:22:54.000Z,1089.000,,102,,,,,,
2026-05-03,training,Stretching and Yoga,"I was planning to go to run in the morning but its raining whole day so I was waiting for it to stop. Oops!!

Anyway I was feeling lazy so I decided to do indoor light exercise—a mix of rope jumping, yoga and stretching. Feeling good now. :)",2026-05-03_19-03-06_hk_1777827786.fit,549,2026-05-03T17:22:57.000Z,1092.000,,102,,,,,,
2026-05-03,training,Stretching and Yoga,"I was planning to go to run in the morning but its raining whole day so I was waiting for it to stop. Oops!!

Anyway I was feeling lazy so I decided to do indoor light exercise—a mix of rope jumping, yoga and stretching. Feeling good now. :)",2026-05-03_19-03-06_hk_1777827786.fit,550,2026-05-03T17:22:59.000Z,1094.000,,100,,,,,,
2026-05-03,training,Stretching and Yoga,"I was planning to go to run in the morning but its raining whole day so I was waiting for it to stop. Oops!!

Anyway I was feeling lazy so I decided to do indoor light exercise—a mix of rope jumping, yoga and stretching. Feeling good now. :)",2026-05-03_19-03-06_hk_1777827786.fit,551,2026-05-03T17:23:00.000Z,1095.000,,100,,,,,,
2026-05-03,training,Stretching and Yoga,"I was planning to go to run in the morning but its raining whole day so I was waiting for it to stop. Oops!!

Anyway I was feeling lazy so I decided to do indoor light exercise—a mix of rope jumping, yoga and stretching. Feeling good now. :)",2026-05-03_19-03-06_hk_1777827786.fit,552,2026-05-03T17:23:02.000Z,1097.000,,100,,,,,,
2026-05-03,training,Stretching and Yoga,"I was planning to go to run in the morning but its raining whole day so I was waiting for it to stop. Oops!!

Anyway I was feeling lazy so I decided to do indoor light exercise—a mix of rope jumping, yoga and stretching. Feeling good now. :)",2026-05-03_19-03-06_hk_1777827786.fit,553,2026-05-03T17:23:05.000Z,1100.000,,97,,,,,,
2026-05-03,training,Stretching and Yoga,"I was planning to go to run in the morning but its raining whole day so I was waiting for it to stop. Oops!!

Anyway I was feeling lazy so I decided to do indoor light exercise—a mix of rope jumping, yoga and stretching. Feeling good now. :)",2026-05-03_19-03-06_hk_1777827786.fit,554,2026-05-03T17:23:07.000Z,1102.000,,97,,,,,,
2026-05-03,training,Stretching and Yoga,"I was planning to go to run in the morning but its raining whole day so I was waiting for it to stop. Oops!!

Anyway I was feeling lazy so I decided to do indoor light exercise—a mix of rope jumping, yoga and stretching. Feeling good now. :)",2026-05-03_19-03-06_hk_1777827786.fit,555,2026-05-03T17:23:10.000Z,1105.000,,97,,,,,,
2026-05-03,training,Stretching and Yoga,"I was planning to go to run in the morning but its raining whole day so I was waiting for it to stop. Oops!!

Anyway I was feeling lazy so I decided to do indoor light exercise—a mix of rope jumping, yoga and stretching. Feeling good now. :)",2026-05-03_19-03-06_hk_1777827786.fit,556,2026-05-03T17:23:11.000Z,1106.000,,96,,,,,,
2026-05-03,training,Stretching and Yoga,"I was planning to go to run in the morning but its raining whole day so I was waiting for it to stop. Oops!!

Anyway I was feeling lazy so I decided to do indoor light exercise—a mix of rope jumping, yoga and stretching. Feeling good now. :)",2026-05-03_19-03-06_hk_1777827786.fit,557,2026-05-03T17:23:12.000Z,1107.000,,96,,,,,,
2026-05-03,training,Stretching and Yoga,"I was planning to go to run in the morning but its raining whole day so I was waiting for it to stop. Oops!!

Anyway I was feeling lazy so I decided to do indoor light exercise—a mix of rope jumping, yoga and stretching. Feeling good now. :)",2026-05-03_19-03-06_hk_1777827786.fit,558,2026-05-03T17:23:13.000Z,1108.000,,96,,,,,,
2026-05-03,training,Stretching and Yoga,"I was planning to go to run in the morning but its raining whole day so I was waiting for it to stop. Oops!!

Anyway I was feeling lazy so I decided to do indoor light exercise—a mix of rope jumping, yoga and stretching. Feeling good now. :)",2026-05-03_19-03-06_hk_1777827786.fit,559,2026-05-03T17:23:15.000Z,1110.000,,96,,,,,,
2026-05-03,training,Stretching and Yoga,"I was planning to go to run in the morning but its raining whole day so I was waiting for it to stop. Oops!!

Anyway I was feeling lazy so I decided to do indoor light exercise—a mix of rope jumping, yoga and stretching. Feeling good now. :)",2026-05-03_19-03-06_hk_1777827786.fit,560,2026-05-03T17:23:17.000Z,1112.000,,100,,,,,,
2026-05-03,training,Stretching and Yoga,"I was planning to go to run in the morning but its raining whole day so I was waiting for it to stop. Oops!!

Anyway I was feeling lazy so I decided to do indoor light exercise—a mix of rope jumping, yoga and stretching. Feeling good now. :)",2026-05-03_19-03-06_hk_1777827786.fit,561,2026-05-03T17:23:20.000Z,1115.000,,100,,,,,,
2026-05-03,training,Stretching and Yoga,"I was planning to go to run in the morning but its raining whole day so I was waiting for it to stop. Oops!!

Anyway I was feeling lazy so I decided to do indoor light exercise—a mix of rope jumping, yoga and stretching. Feeling good now. :)",2026-05-03_19-03-06_hk_1777827786.fit,562,2026-05-03T17:23:22.000Z,1117.000,,103,,,,,,
2026-05-03,training,Stretching and Yoga,"I was planning to go to run in the morning but its raining whole day so I was waiting for it to stop. Oops!!

Anyway I was feeling lazy so I decided to do indoor light exercise—a mix of rope jumping, yoga and stretching. Feeling good now. :)",2026-05-03_19-03-06_hk_1777827786.fit,563,2026-05-03T17:23:23.000Z,1118.000,,103,,,,,,
2026-05-03,training,Stretching and Yoga,"I was planning to go to run in the morning but its raining whole day so I was waiting for it to stop. Oops!!

Anyway I was feeling lazy so I decided to do indoor light exercise—a mix of rope jumping, yoga and stretching. Feeling good now. :)",2026-05-03_19-03-06_hk_1777827786.fit,564,2026-05-03T17:23:25.000Z,1120.000,,103,,,,,,
2026-05-03,training,Stretching and Yoga,"I was planning to go to run in the morning but its raining whole day so I was waiting for it to stop. Oops!!

Anyway I was feeling lazy so I decided to do indoor light exercise—a mix of rope jumping, yoga and stretching. Feeling good now. :)",2026-05-03_19-03-06_hk_1777827786.fit,565,2026-05-03T17:23:28.000Z,1123.000,,103,,,,,,
2026-05-03,training,Stretching and Yoga,"I was planning to go to run in the morning but its raining whole day so I was waiting for it to stop. Oops!!

Anyway I was feeling lazy so I decided to do indoor light exercise—a mix of rope jumping, yoga and stretching. Feeling good now. :)",2026-05-03_19-03-06_hk_1777827786.fit,566,2026-05-03T17:23:30.000Z,1125.000,,106,,,,,,
2026-05-03,training,Stretching and Yoga,"I was planning to go to run in the morning but its raining whole day so I was waiting for it to stop. Oops!!

Anyway I was feeling lazy so I decided to do indoor light exercise—a mix of rope jumping, yoga and stretching. Feeling good now. :)",2026-05-03_19-03-06_hk_1777827786.fit,567,2026-05-03T17:23:32.000Z,1127.000,,108,,,,,,
2026-05-03,training,Stretching and Yoga,"I was planning to go to run in the morning but its raining whole day so I was waiting for it to stop. Oops!!

Anyway I was feeling lazy so I decided to do indoor light exercise—a mix of rope jumping, yoga and stretching. Feeling good now. :)",2026-05-03_19-03-06_hk_1777827786.fit,568,2026-05-03T17:23:33.000Z,1128.000,,108,,,,,,
2026-05-03,training,Stretching and Yoga,"I was planning to go to run in the morning but its raining whole day so I was waiting for it to stop. Oops!!

Anyway I was feeling lazy so I decided to do indoor light exercise—a mix of rope jumping, yoga and stretching. Feeling good now. :)",2026-05-03_19-03-06_hk_1777827786.fit,569,2026-05-03T17:23:35.000Z,1130.000,,108,,,,,,
2026-05-03,training,Stretching and Yoga,"I was planning to go to run in the morning but its raining whole day so I was waiting for it to stop. Oops!!

Anyway I was feeling lazy so I decided to do indoor light exercise—a mix of rope jumping, yoga and stretching. Feeling good now. :)",2026-05-03_19-03-06_hk_1777827786.fit,570,2026-05-03T17:23:38.000Z,1133.000,,108,,,,,,
2026-05-03,training,Stretching and Yoga,"I was planning to go to run in the morning but its raining whole day so I was waiting for it to stop. Oops!!

Anyway I was feeling lazy so I decided to do indoor light exercise—a mix of rope jumping, yoga and stretching. Feeling good now. :)",2026-05-03_19-03-06_hk_1777827786.fit,571,2026-05-03T17:23:39.000Z,1134.000,,112,,,,,,
2026-05-03,training,Stretching and Yoga,"I was planning to go to run in the morning but its raining whole day so I was waiting for it to stop. Oops!!

Anyway I was feeling lazy so I decided to do indoor light exercise—a mix of rope jumping, yoga and stretching. Feeling good now. :)",2026-05-03_19-03-06_hk_1777827786.fit,572,2026-05-03T17:23:40.000Z,1135.000,,112,,,,,,
2026-05-03,training,Stretching and Yoga,"I was planning to go to run in the morning but its raining whole day so I was waiting for it to stop. Oops!!

Anyway I was feeling lazy so I decided to do indoor light exercise—a mix of rope jumping, yoga and stretching. Feeling good now. :)",2026-05-03_19-03-06_hk_1777827786.fit,573,2026-05-03T17:23:42.000Z,1137.000,,113,,,,,,
2026-05-03,training,Stretching and Yoga,"I was planning to go to run in the morning but its raining whole day so I was waiting for it to stop. Oops!!

Anyway I was feeling lazy so I decided to do indoor light exercise—a mix of rope jumping, yoga and stretching. Feeling good now. :)",2026-05-03_19-03-06_hk_1777827786.fit,574,2026-05-03T17:23:43.000Z,1138.000,,113,,,,,,
2026-05-03,training,Stretching and Yoga,"I was planning to go to run in the morning but its raining whole day so I was waiting for it to stop. Oops!!

Anyway I was feeling lazy so I decided to do indoor light exercise—a mix of rope jumping, yoga and stretching. Feeling good now. :)",2026-05-03_19-03-06_hk_1777827786.fit,575,2026-05-03T17:23:46.000Z,1141.000,,113,,,,,,
2026-05-03,training,Stretching and Yoga,"I was planning to go to run in the morning but its raining whole day so I was waiting for it to stop. Oops!!

Anyway I was feeling lazy so I decided to do indoor light exercise—a mix of rope jumping, yoga and stretching. Feeling good now. :)",2026-05-03_19-03-06_hk_1777827786.fit,576,2026-05-03T17:23:47.000Z,1142.000,,118,,,,,,
2026-05-03,training,Stretching and Yoga,"I was planning to go to run in the morning but its raining whole day so I was waiting for it to stop. Oops!!

Anyway I was feeling lazy so I decided to do indoor light exercise—a mix of rope jumping, yoga and stretching. Feeling good now. :)",2026-05-03_19-03-06_hk_1777827786.fit,577,2026-05-03T17:23:48.000Z,1143.000,,118,,,,,,
2026-05-03,training,Stretching and Yoga,"I was planning to go to run in the morning but its raining whole day so I was waiting for it to stop. Oops!!

Anyway I was feeling lazy so I decided to do indoor light exercise—a mix of rope jumping, yoga and stretching. Feeling good now. :)",2026-05-03_19-03-06_hk_1777827786.fit,578,2026-05-03T17:23:51.000Z,1146.000,,118,,,,,,
2026-05-03,training,Stretching and Yoga,"I was planning to go to run in the morning but its raining whole day so I was waiting for it to stop. Oops!!

Anyway I was feeling lazy so I decided to do indoor light exercise—a mix of rope jumping, yoga and stretching. Feeling good now. :)",2026-05-03_19-03-06_hk_1777827786.fit,579,2026-05-03T17:23:53.000Z,1148.000,,118,,,,,,
2026-05-03,training,Stretching and Yoga,"I was planning to go to run in the morning but its raining whole day so I was waiting for it to stop. Oops!!

Anyway I was feeling lazy so I decided to do indoor light exercise—a mix of rope jumping, yoga and stretching. Feeling good now. :)",2026-05-03_19-03-06_hk_1777827786.fit,580,2026-05-03T17:23:55.000Z,1150.000,,116,,,,,,
2026-05-03,training,Stretching and Yoga,"I was planning to go to run in the morning but its raining whole day so I was waiting for it to stop. Oops!!

Anyway I was feeling lazy so I decided to do indoor light exercise—a mix of rope jumping, yoga and stretching. Feeling good now. :)",2026-05-03_19-03-06_hk_1777827786.fit,581,2026-05-03T17:23:56.000Z,1151.000,,116,,,,,,
2026-05-03,training,Stretching and Yoga,"I was planning to go to run in the morning but its raining whole day so I was waiting for it to stop. Oops!!

Anyway I was feeling lazy so I decided to do indoor light exercise—a mix of rope jumping, yoga and stretching. Feeling good now. :)",2026-05-03_19-03-06_hk_1777827786.fit,582,2026-05-03T17:23:57.000Z,1152.000,,116,,,,,,
2026-05-03,training,Stretching and Yoga,"I was planning to go to run in the morning but its raining whole day so I was waiting for it to stop. Oops!!

Anyway I was feeling lazy so I decided to do indoor light exercise—a mix of rope jumping, yoga and stretching. Feeling good now. :)",2026-05-03_19-03-06_hk_1777827786.fit,583,2026-05-03T17:23:58.000Z,1153.000,,116,,,,,,
2026-05-03,training,Stretching and Yoga,"I was planning to go to run in the morning but its raining whole day so I was waiting for it to stop. Oops!!

Anyway I was feeling lazy so I decided to do indoor light exercise—a mix of rope jumping, yoga and stretching. Feeling good now. :)",2026-05-03_19-03-06_hk_1777827786.fit,584,2026-05-03T17:24:01.000Z,1156.000,,116,,,,,,
2026-05-03,training,Stretching and Yoga,"I was planning to go to run in the morning but its raining whole day so I was waiting for it to stop. Oops!!

Anyway I was feeling lazy so I decided to do indoor light exercise—a mix of rope jumping, yoga and stretching. Feeling good now. :)",2026-05-03_19-03-06_hk_1777827786.fit,585,2026-05-03T17:24:02.000Z,1157.000,,115,,,,,,
2026-05-03,training,Stretching and Yoga,"I was planning to go to run in the morning but its raining whole day so I was waiting for it to stop. Oops!!

Anyway I was feeling lazy so I decided to do indoor light exercise—a mix of rope jumping, yoga and stretching. Feeling good now. :)",2026-05-03_19-03-06_hk_1777827786.fit,586,2026-05-03T17:24:04.000Z,1159.000,,115,,,,,,
2026-05-03,training,Stretching and Yoga,"I was planning to go to run in the morning but its raining whole day so I was waiting for it to stop. Oops!!

Anyway I was feeling lazy so I decided to do indoor light exercise—a mix of rope jumping, yoga and stretching. Feeling good now. :)",2026-05-03_19-03-06_hk_1777827786.fit,587,2026-05-03T17:24:06.000Z,1161.000,,115,,,,,,
2026-05-03,training,Stretching and Yoga,"I was planning to go to run in the morning but its raining whole day so I was waiting for it to stop. Oops!!

Anyway I was feeling lazy so I decided to do indoor light exercise—a mix of rope jumping, yoga and stretching. Feeling good now. :)",2026-05-03_19-03-06_hk_1777827786.fit,588,2026-05-03T17:24:09.000Z,1164.000,,115,,,,,,
2026-05-03,training,Stretching and Yoga,"I was planning to go to run in the morning but its raining whole day so I was waiting for it to stop. Oops!!

Anyway I was feeling lazy so I decided to do indoor light exercise—a mix of rope jumping, yoga and stretching. Feeling good now. :)",2026-05-03_19-03-06_hk_1777827786.fit,589,2026-05-03T17:24:11.000Z,1166.000,,112,,,,,,
2026-05-03,training,Stretching and Yoga,"I was planning to go to run in the morning but its raining whole day so I was waiting for it to stop. Oops!!

Anyway I was feeling lazy so I decided to do indoor light exercise—a mix of rope jumping, yoga and stretching. Feeling good now. :)",2026-05-03_19-03-06_hk_1777827786.fit,590,2026-05-03T17:24:14.000Z,1169.000,,112,,,,,,
2026-05-03,training,Stretching and Yoga,"I was planning to go to run in the morning but its raining whole day so I was waiting for it to stop. Oops!!

Anyway I was feeling lazy so I decided to do indoor light exercise—a mix of rope jumping, yoga and stretching. Feeling good now. :)",2026-05-03_19-03-06_hk_1777827786.fit,591,2026-05-03T17:24:16.000Z,1171.000,,109,,,,,,
2026-05-03,training,Stretching and Yoga,"I was planning to go to run in the morning but its raining whole day so I was waiting for it to stop. Oops!!

Anyway I was feeling lazy so I decided to do indoor light exercise—a mix of rope jumping, yoga and stretching. Feeling good now. :)",2026-05-03_19-03-06_hk_1777827786.fit,592,2026-05-03T17:24:19.000Z,1174.000,,109,,,,,,
2026-05-03,training,Stretching and Yoga,"I was planning to go to run in the morning but its raining whole day so I was waiting for it to stop. Oops!!

Anyway I was feeling lazy so I decided to do indoor light exercise—a mix of rope jumping, yoga and stretching. Feeling good now. :)",2026-05-03_19-03-06_hk_1777827786.fit,593,2026-05-03T17:24:20.000Z,1175.000,,107,,,,,,
2026-05-03,training,Stretching and Yoga,"I was planning to go to run in the morning but its raining whole day so I was waiting for it to stop. Oops!!

Anyway I was feeling lazy so I decided to do indoor light exercise—a mix of rope jumping, yoga and stretching. Feeling good now. :)",2026-05-03_19-03-06_hk_1777827786.fit,594,2026-05-03T17:24:21.000Z,1176.000,,107,,,,,,
2026-05-03,training,Stretching and Yoga,"I was planning to go to run in the morning but its raining whole day so I was waiting for it to stop. Oops!!

Anyway I was feeling lazy so I decided to do indoor light exercise—a mix of rope jumping, yoga and stretching. Feeling good now. :)",2026-05-03_19-03-06_hk_1777827786.fit,595,2026-05-03T17:24:22.000Z,1177.000,,108,,,,,,
2026-05-03,training,Stretching and Yoga,"I was planning to go to run in the morning but its raining whole day so I was waiting for it to stop. Oops!!

Anyway I was feeling lazy so I decided to do indoor light exercise—a mix of rope jumping, yoga and stretching. Feeling good now. :)",2026-05-03_19-03-06_hk_1777827786.fit,596,2026-05-03T17:24:24.000Z,1179.000,,108,,,,,,
2026-05-03,training,Stretching and Yoga,"I was planning to go to run in the morning but its raining whole day so I was waiting for it to stop. Oops!!

Anyway I was feeling lazy so I decided to do indoor light exercise—a mix of rope jumping, yoga and stretching. Feeling good now. :)",2026-05-03_19-03-06_hk_1777827786.fit,597,2026-05-03T17:24:27.000Z,1182.000,,108,,,,,,
2026-05-03,training,Stretching and Yoga,"I was planning to go to run in the morning but its raining whole day so I was waiting for it to stop. Oops!!

Anyway I was feeling lazy so I decided to do indoor light exercise—a mix of rope jumping, yoga and stretching. Feeling good now. :)",2026-05-03_19-03-06_hk_1777827786.fit,598,2026-05-03T17:24:28.000Z,1183.000,,113,,,,,,
2026-05-03,training,Stretching and Yoga,"I was planning to go to run in the morning but its raining whole day so I was waiting for it to stop. Oops!!

Anyway I was feeling lazy so I decided to do indoor light exercise—a mix of rope jumping, yoga and stretching. Feeling good now. :)",2026-05-03_19-03-06_hk_1777827786.fit,599,2026-05-03T17:24:29.000Z,1184.000,,113,,,,,,
2026-05-03,training,Stretching and Yoga,"I was planning to go to run in the morning but its raining whole day so I was waiting for it to stop. Oops!!

Anyway I was feeling lazy so I decided to do indoor light exercise—a mix of rope jumping, yoga and stretching. Feeling good now. :)",2026-05-03_19-03-06_hk_1777827786.fit,600,2026-05-03T17:24:32.000Z,1187.000,,113,,,,,,
2026-05-03,training,Stretching and Yoga,"I was planning to go to run in the morning but its raining whole day so I was waiting for it to stop. Oops!!

Anyway I was feeling lazy so I decided to do indoor light exercise—a mix of rope jumping, yoga and stretching. Feeling good now. :)",2026-05-03_19-03-06_hk_1777827786.fit,601,2026-05-03T17:24:34.000Z,1189.000,,113,,,,,,
2026-05-03,training,Stretching and Yoga,"I was planning to go to run in the morning but its raining whole day so I was waiting for it to stop. Oops!!

Anyway I was feeling lazy so I decided to do indoor light exercise—a mix of rope jumping, yoga and stretching. Feeling good now. :)",2026-05-03_19-03-06_hk_1777827786.fit,602,2026-05-03T17:24:37.000Z,1192.000,,113,,,,,,
2026-05-03,training,Stretching and Yoga,"I was planning to go to run in the morning but its raining whole day so I was waiting for it to stop. Oops!!

Anyway I was feeling lazy so I decided to do indoor light exercise—a mix of rope jumping, yoga and stretching. Feeling good now. :)",2026-05-03_19-03-06_hk_1777827786.fit,603,2026-05-03T17:24:39.000Z,1194.000,,113,,,,,,
2026-05-03,training,Stretching and Yoga,"I was planning to go to run in the morning but its raining whole day so I was waiting for it to stop. Oops!!

Anyway I was feeling lazy so I decided to do indoor light exercise—a mix of rope jumping, yoga and stretching. Feeling good now. :)",2026-05-03_19-03-06_hk_1777827786.fit,604,2026-05-03T17:24:41.000Z,1196.000,,110,,,,,,
2026-05-03,training,Stretching and Yoga,"I was planning to go to run in the morning but its raining whole day so I was waiting for it to stop. Oops!!

Anyway I was feeling lazy so I decided to do indoor light exercise—a mix of rope jumping, yoga and stretching. Feeling good now. :)",2026-05-03_19-03-06_hk_1777827786.fit,605,2026-05-03T17:24:42.000Z,1197.000,,109,,,,,,
2026-05-03,training,Stretching and Yoga,"I was planning to go to run in the morning but its raining whole day so I was waiting for it to stop. Oops!!

Anyway I was feeling lazy so I decided to do indoor light exercise—a mix of rope jumping, yoga and stretching. Feeling good now. :)",2026-05-03_19-03-06_hk_1777827786.fit,606,2026-05-03T17:24:44.000Z,1199.000,,109,,,,,,
2026-05-03,training,Stretching and Yoga,"I was planning to go to run in the morning but its raining whole day so I was waiting for it to stop. Oops!!

Anyway I was feeling lazy so I decided to do indoor light exercise—a mix of rope jumping, yoga and stretching. Feeling good now. :)",2026-05-03_19-03-06_hk_1777827786.fit,607,2026-05-03T17:24:47.000Z,1202.000,,112,,,,,,
2026-05-03,training,Stretching and Yoga,"I was planning to go to run in the morning but its raining whole day so I was waiting for it to stop. Oops!!

Anyway I was feeling lazy so I decided to do indoor light exercise—a mix of rope jumping, yoga and stretching. Feeling good now. :)",2026-05-03_19-03-06_hk_1777827786.fit,608,2026-05-03T17:24:50.000Z,1205.000,,112,,,,,,
2026-05-03,training,Stretching and Yoga,"I was planning to go to run in the morning but its raining whole day so I was waiting for it to stop. Oops!!

Anyway I was feeling lazy so I decided to do indoor light exercise—a mix of rope jumping, yoga and stretching. Feeling good now. :)",2026-05-03_19-03-06_hk_1777827786.fit,609,2026-05-03T17:24:52.000Z,1207.000,,112,,,,,,
2026-05-03,training,Stretching and Yoga,"I was planning to go to run in the morning but its raining whole day so I was waiting for it to stop. Oops!!

Anyway I was feeling lazy so I decided to do indoor light exercise—a mix of rope jumping, yoga and stretching. Feeling good now. :)",2026-05-03_19-03-06_hk_1777827786.fit,610,2026-05-03T17:24:55.000Z,1210.000,,112,,,,,,
2026-05-03,training,Stretching and Yoga,"I was planning to go to run in the morning but its raining whole day so I was waiting for it to stop. Oops!!

Anyway I was feeling lazy so I decided to do indoor light exercise—a mix of rope jumping, yoga and stretching. Feeling good now. :)",2026-05-03_19-03-06_hk_1777827786.fit,611,2026-05-03T17:24:56.000Z,1211.000,,118,,,,,,
2026-05-03,training,Stretching and Yoga,"I was planning to go to run in the morning but its raining whole day so I was waiting for it to stop. Oops!!

Anyway I was feeling lazy so I decided to do indoor light exercise—a mix of rope jumping, yoga and stretching. Feeling good now. :)",2026-05-03_19-03-06_hk_1777827786.fit,612,2026-05-03T17:24:57.000Z,1212.000,,118,,,,,,
2026-05-03,training,Stretching and Yoga,"I was planning to go to run in the morning but its raining whole day so I was waiting for it to stop. Oops!!

Anyway I was feeling lazy so I decided to do indoor light exercise—a mix of rope jumping, yoga and stretching. Feeling good now. :)",2026-05-03_19-03-06_hk_1777827786.fit,613,2026-05-03T17:25:00.000Z,1215.000,,118,,,,,,
2026-05-03,training,Stretching and Yoga,"I was planning to go to run in the morning but its raining whole day so I was waiting for it to stop. Oops!!

Anyway I was feeling lazy so I decided to do indoor light exercise—a mix of rope jumping, yoga and stretching. Feeling good now. :)",2026-05-03_19-03-06_hk_1777827786.fit,614,2026-05-03T17:25:01.000Z,1216.000,,117,,,,,,
2026-05-03,training,Stretching and Yoga,"I was planning to go to run in the morning but its raining whole day so I was waiting for it to stop. Oops!!

Anyway I was feeling lazy so I decided to do indoor light exercise—a mix of rope jumping, yoga and stretching. Feeling good now. :)",2026-05-03_19-03-06_hk_1777827786.fit,615,2026-05-03T17:25:02.000Z,1217.000,,117,,,,,,
2026-05-03,training,Stretching and Yoga,"I was planning to go to run in the morning but its raining whole day so I was waiting for it to stop. Oops!!

Anyway I was feeling lazy so I decided to do indoor light exercise—a mix of rope jumping, yoga and stretching. Feeling good now. :)",2026-05-03_19-03-06_hk_1777827786.fit,616,2026-05-03T17:25:03.000Z,1218.000,,116,,,,,,
2026-05-03,training,Stretching and Yoga,"I was planning to go to run in the morning but its raining whole day so I was waiting for it to stop. Oops!!

Anyway I was feeling lazy so I decided to do indoor light exercise—a mix of rope jumping, yoga and stretching. Feeling good now. :)",2026-05-03_19-03-06_hk_1777827786.fit,617,2026-05-03T17:25:05.000Z,1220.000,,116,,,,,,
2026-05-03,training,Stretching and Yoga,"I was planning to go to run in the morning but its raining whole day so I was waiting for it to stop. Oops!!

Anyway I was feeling lazy so I decided to do indoor light exercise—a mix of rope jumping, yoga and stretching. Feeling good now. :)",2026-05-03_19-03-06_hk_1777827786.fit,618,2026-05-03T17:25:08.000Z,1223.000,,116,,,,,,
2026-05-03,training,Stretching and Yoga,"I was planning to go to run in the morning but its raining whole day so I was waiting for it to stop. Oops!!

Anyway I was feeling lazy so I decided to do indoor light exercise—a mix of rope jumping, yoga and stretching. Feeling good now. :)",2026-05-03_19-03-06_hk_1777827786.fit,619,2026-05-03T17:25:10.000Z,1225.000,,116,,,,,,
2026-05-03,training,Stretching and Yoga,"I was planning to go to run in the morning but its raining whole day so I was waiting for it to stop. Oops!!

Anyway I was feeling lazy so I decided to do indoor light exercise—a mix of rope jumping, yoga and stretching. Feeling good now. :)",2026-05-03_19-03-06_hk_1777827786.fit,620,2026-05-03T17:25:13.000Z,1228.000,,116,,,,,,
2026-05-03,training,Stretching and Yoga,"I was planning to go to run in the morning but its raining whole day so I was waiting for it to stop. Oops!!

Anyway I was feeling lazy so I decided to do indoor light exercise—a mix of rope jumping, yoga and stretching. Feeling good now. :)",2026-05-03_19-03-06_hk_1777827786.fit,621,2026-05-03T17:25:15.000Z,1230.000,,116,,,,,,
2026-05-03,training,Stretching and Yoga,"I was planning to go to run in the morning but its raining whole day so I was waiting for it to stop. Oops!!

Anyway I was feeling lazy so I decided to do indoor light exercise—a mix of rope jumping, yoga and stretching. Feeling good now. :)",2026-05-03_19-03-06_hk_1777827786.fit,622,2026-05-03T17:25:17.000Z,1232.000,,117,,,,,,
2026-05-03,training,Stretching and Yoga,"I was planning to go to run in the morning but its raining whole day so I was waiting for it to stop. Oops!!

Anyway I was feeling lazy so I decided to do indoor light exercise—a mix of rope jumping, yoga and stretching. Feeling good now. :)",2026-05-03_19-03-06_hk_1777827786.fit,623,2026-05-03T17:25:18.000Z,1233.000,,117,,,,,,
2026-05-03,training,Stretching and Yoga,"I was planning to go to run in the morning but its raining whole day so I was waiting for it to stop. Oops!!

Anyway I was feeling lazy so I decided to do indoor light exercise—a mix of rope jumping, yoga and stretching. Feeling good now. :)",2026-05-03_19-03-06_hk_1777827786.fit,624,2026-05-03T17:25:20.000Z,1235.000,,117,,,,,,
2026-05-03,training,Stretching and Yoga,"I was planning to go to run in the morning but its raining whole day so I was waiting for it to stop. Oops!!

Anyway I was feeling lazy so I decided to do indoor light exercise—a mix of rope jumping, yoga and stretching. Feeling good now. :)",2026-05-03_19-03-06_hk_1777827786.fit,625,2026-05-03T17:25:22.000Z,1237.000,,118,,,,,,
2026-05-03,training,Stretching and Yoga,"I was planning to go to run in the morning but its raining whole day so I was waiting for it to stop. Oops!!

Anyway I was feeling lazy so I decided to do indoor light exercise—a mix of rope jumping, yoga and stretching. Feeling good now. :)",2026-05-03_19-03-06_hk_1777827786.fit,626,2026-05-03T17:25:23.000Z,1238.000,,118,,,,,,
2026-05-03,training,Stretching and Yoga,"I was planning to go to run in the morning but its raining whole day so I was waiting for it to stop. Oops!!

Anyway I was feeling lazy so I decided to do indoor light exercise—a mix of rope jumping, yoga and stretching. Feeling good now. :)",2026-05-03_19-03-06_hk_1777827786.fit,627,2026-05-03T17:25:25.000Z,1240.000,,118,,,,,,
2026-05-03,training,Stretching and Yoga,"I was planning to go to run in the morning but its raining whole day so I was waiting for it to stop. Oops!!

Anyway I was feeling lazy so I decided to do indoor light exercise—a mix of rope jumping, yoga and stretching. Feeling good now. :)",2026-05-03_19-03-06_hk_1777827786.fit,628,2026-05-03T17:25:27.000Z,1242.000,,117,,,,,,
2026-05-03,training,Stretching and Yoga,"I was planning to go to run in the morning but its raining whole day so I was waiting for it to stop. Oops!!

Anyway I was feeling lazy so I decided to do indoor light exercise—a mix of rope jumping, yoga and stretching. Feeling good now. :)",2026-05-03_19-03-06_hk_1777827786.fit,629,2026-05-03T17:25:28.000Z,1243.000,,117,,,,,,
2026-05-03,training,Stretching and Yoga,"I was planning to go to run in the morning but its raining whole day so I was waiting for it to stop. Oops!!

Anyway I was feeling lazy so I decided to do indoor light exercise—a mix of rope jumping, yoga and stretching. Feeling good now. :)",2026-05-03_19-03-06_hk_1777827786.fit,630,2026-05-03T17:25:29.000Z,1244.000,,118,,,,,,
2026-05-03,training,Stretching and Yoga,"I was planning to go to run in the morning but its raining whole day so I was waiting for it to stop. Oops!!

Anyway I was feeling lazy so I decided to do indoor light exercise—a mix of rope jumping, yoga and stretching. Feeling good now. :)",2026-05-03_19-03-06_hk_1777827786.fit,631,2026-05-03T17:25:31.000Z,1246.000,,118,,,,,,
2026-05-03,training,Stretching and Yoga,"I was planning to go to run in the morning but its raining whole day so I was waiting for it to stop. Oops!!

Anyway I was feeling lazy so I decided to do indoor light exercise—a mix of rope jumping, yoga and stretching. Feeling good now. :)",2026-05-03_19-03-06_hk_1777827786.fit,632,2026-05-03T17:25:33.000Z,1248.000,,118,,,,,,
2026-05-03,training,Stretching and Yoga,"I was planning to go to run in the morning but its raining whole day so I was waiting for it to stop. Oops!!

Anyway I was feeling lazy so I decided to do indoor light exercise—a mix of rope jumping, yoga and stretching. Feeling good now. :)",2026-05-03_19-03-06_hk_1777827786.fit,633,2026-05-03T17:25:36.000Z,1251.000,,118,,,,,,
2026-05-03,training,Stretching and Yoga,"I was planning to go to run in the morning but its raining whole day so I was waiting for it to stop. Oops!!

Anyway I was feeling lazy so I decided to do indoor light exercise—a mix of rope jumping, yoga and stretching. Feeling good now. :)",2026-05-03_19-03-06_hk_1777827786.fit,634,2026-05-03T17:25:37.000Z,1252.000,,113,,,,,,
2026-05-03,training,Stretching and Yoga,"I was planning to go to run in the morning but its raining whole day so I was waiting for it to stop. Oops!!

Anyway I was feeling lazy so I decided to do indoor light exercise—a mix of rope jumping, yoga and stretching. Feeling good now. :)",2026-05-03_19-03-06_hk_1777827786.fit,635,2026-05-03T17:25:38.000Z,1253.000,,113,,,,,,
2026-05-03,training,Stretching and Yoga,"I was planning to go to run in the morning but its raining whole day so I was waiting for it to stop. Oops!!

Anyway I was feeling lazy so I decided to do indoor light exercise—a mix of rope jumping, yoga and stretching. Feeling good now. :)",2026-05-03_19-03-06_hk_1777827786.fit,636,2026-05-03T17:25:41.000Z,1256.000,,110,,,,,,
2026-05-03,training,Stretching and Yoga,"I was planning to go to run in the morning but its raining whole day so I was waiting for it to stop. Oops!!

Anyway I was feeling lazy so I decided to do indoor light exercise—a mix of rope jumping, yoga and stretching. Feeling good now. :)",2026-05-03_19-03-06_hk_1777827786.fit,637,2026-05-03T17:25:43.000Z,1258.000,,110,,,,,,
2026-05-03,training,Stretching and Yoga,"I was planning to go to run in the morning but its raining whole day so I was waiting for it to stop. Oops!!

Anyway I was feeling lazy so I decided to do indoor light exercise—a mix of rope jumping, yoga and stretching. Feeling good now. :)",2026-05-03_19-03-06_hk_1777827786.fit,638,2026-05-03T17:25:46.000Z,1261.000,,109,,,,,,
2026-05-03,training,Stretching and Yoga,"I was planning to go to run in the morning but its raining whole day so I was waiting for it to stop. Oops!!

Anyway I was feeling lazy so I decided to do indoor light exercise—a mix of rope jumping, yoga and stretching. Feeling good now. :)",2026-05-03_19-03-06_hk_1777827786.fit,639,2026-05-03T17:25:48.000Z,1263.000,,109,,,,,,
2026-05-03,training,Stretching and Yoga,"I was planning to go to run in the morning but its raining whole day so I was waiting for it to stop. Oops!!

Anyway I was feeling lazy so I decided to do indoor light exercise—a mix of rope jumping, yoga and stretching. Feeling good now. :)",2026-05-03_19-03-06_hk_1777827786.fit,640,2026-05-03T17:25:50.000Z,1265.000,,108,,,,,,
2026-05-03,training,Stretching and Yoga,"I was planning to go to run in the morning but its raining whole day so I was waiting for it to stop. Oops!!

Anyway I was feeling lazy so I decided to do indoor light exercise—a mix of rope jumping, yoga and stretching. Feeling good now. :)",2026-05-03_19-03-06_hk_1777827786.fit,641,2026-05-03T17:25:51.000Z,1266.000,,108,,,,,,
2026-05-03,training,Stretching and Yoga,"I was planning to go to run in the morning but its raining whole day so I was waiting for it to stop. Oops!!

Anyway I was feeling lazy so I decided to do indoor light exercise—a mix of rope jumping, yoga and stretching. Feeling good now. :)",2026-05-03_19-03-06_hk_1777827786.fit,642,2026-05-03T17:25:53.000Z,1268.000,,108,,,,,,
2026-05-03,training,Stretching and Yoga,"I was planning to go to run in the morning but its raining whole day so I was waiting for it to stop. Oops!!

Anyway I was feeling lazy so I decided to do indoor light exercise—a mix of rope jumping, yoga and stretching. Feeling good now. :)",2026-05-03_19-03-06_hk_1777827786.fit,643,2026-05-03T17:25:54.000Z,1269.000,,108,,,,,,
2026-05-03,training,Stretching and Yoga,"I was planning to go to run in the morning but its raining whole day so I was waiting for it to stop. Oops!!

Anyway I was feeling lazy so I decided to do indoor light exercise—a mix of rope jumping, yoga and stretching. Feeling good now. :)",2026-05-03_19-03-06_hk_1777827786.fit,644,2026-05-03T17:25:56.000Z,1271.000,,108,,,,,,
2026-05-03,training,Stretching and Yoga,"I was planning to go to run in the morning but its raining whole day so I was waiting for it to stop. Oops!!

Anyway I was feeling lazy so I decided to do indoor light exercise—a mix of rope jumping, yoga and stretching. Feeling good now. :)",2026-05-03_19-03-06_hk_1777827786.fit,645,2026-05-03T17:25:59.000Z,1274.000,,108,,,,,,
2026-05-03,training,Stretching and Yoga,"I was planning to go to run in the morning but its raining whole day so I was waiting for it to stop. Oops!!

Anyway I was feeling lazy so I decided to do indoor light exercise—a mix of rope jumping, yoga and stretching. Feeling good now. :)",2026-05-03_19-03-06_hk_1777827786.fit,646,2026-05-03T17:26:01.000Z,1276.000,,105,,,,,,
2026-05-03,training,Stretching and Yoga,"I was planning to go to run in the morning but its raining whole day so I was waiting for it to stop. Oops!!

Anyway I was feeling lazy so I decided to do indoor light exercise—a mix of rope jumping, yoga and stretching. Feeling good now. :)",2026-05-03_19-03-06_hk_1777827786.fit,647,2026-05-03T17:26:04.000Z,1279.000,,104,,,,,,
2026-05-03,training,Stretching and Yoga,"I was planning to go to run in the morning but its raining whole day so I was waiting for it to stop. Oops!!

Anyway I was feeling lazy so I decided to do indoor light exercise—a mix of rope jumping, yoga and stretching. Feeling good now. :)",2026-05-03_19-03-06_hk_1777827786.fit,648,2026-05-03T17:26:06.000Z,1281.000,,104,,,,,,
2026-05-03,training,Stretching and Yoga,"I was planning to go to run in the morning but its raining whole day so I was waiting for it to stop. Oops!!

Anyway I was feeling lazy so I decided to do indoor light exercise—a mix of rope jumping, yoga and stretching. Feeling good now. :)",2026-05-03_19-03-06_hk_1777827786.fit,649,2026-05-03T17:26:09.000Z,1284.000,,104,,,,,,
2026-05-03,training,Stretching and Yoga,"I was planning to go to run in the morning but its raining whole day so I was waiting for it to stop. Oops!!

Anyway I was feeling lazy so I decided to do indoor light exercise—a mix of rope jumping, yoga and stretching. Feeling good now. :)",2026-05-03_19-03-06_hk_1777827786.fit,650,2026-05-03T17:26:12.000Z,1287.000,,102,,,,,,
2026-05-03,training,Stretching and Yoga,"I was planning to go to run in the morning but its raining whole day so I was waiting for it to stop. Oops!!

Anyway I was feeling lazy so I decided to do indoor light exercise—a mix of rope jumping, yoga and stretching. Feeling good now. :)",2026-05-03_19-03-06_hk_1777827786.fit,651,2026-05-03T17:26:13.000Z,1288.000,,102,,,,,,
2026-05-03,training,Stretching and Yoga,"I was planning to go to run in the morning but its raining whole day so I was waiting for it to stop. Oops!!

Anyway I was feeling lazy so I decided to do indoor light exercise—a mix of rope jumping, yoga and stretching. Feeling good now. :)",2026-05-03_19-03-06_hk_1777827786.fit,652,2026-05-03T17:26:14.000Z,1289.000,,102,,,,,,
2026-05-03,training,Stretching and Yoga,"I was planning to go to run in the morning but its raining whole day so I was waiting for it to stop. Oops!!

Anyway I was feeling lazy so I decided to do indoor light exercise—a mix of rope jumping, yoga and stretching. Feeling good now. :)",2026-05-03_19-03-06_hk_1777827786.fit,653,2026-05-03T17:26:17.000Z,1292.000,,102,,,,,,
2026-05-03,training,Stretching and Yoga,"I was planning to go to run in the morning but its raining whole day so I was waiting for it to stop. Oops!!

Anyway I was feeling lazy so I decided to do indoor light exercise—a mix of rope jumping, yoga and stretching. Feeling good now. :)",2026-05-03_19-03-06_hk_1777827786.fit,654,2026-05-03T17:26:19.000Z,1294.000,,102,,,,,,
2026-05-03,training,Stretching and Yoga,"I was planning to go to run in the morning but its raining whole day so I was waiting for it to stop. Oops!!

Anyway I was feeling lazy so I decided to do indoor light exercise—a mix of rope jumping, yoga and stretching. Feeling good now. :)",2026-05-03_19-03-06_hk_1777827786.fit,655,2026-05-03T17:26:20.000Z,1295.000,,97,,,,,,
2026-05-03,training,Stretching and Yoga,"I was planning to go to run in the morning but its raining whole day so I was waiting for it to stop. Oops!!

Anyway I was feeling lazy so I decided to do indoor light exercise—a mix of rope jumping, yoga and stretching. Feeling good now. :)",2026-05-03_19-03-06_hk_1777827786.fit,656,2026-05-03T17:26:22.000Z,1297.000,,97,,,,,,
2026-05-03,training,Stretching and Yoga,"I was planning to go to run in the morning but its raining whole day so I was waiting for it to stop. Oops!!

Anyway I was feeling lazy so I decided to do indoor light exercise—a mix of rope jumping, yoga and stretching. Feeling good now. :)",2026-05-03_19-03-06_hk_1777827786.fit,657,2026-05-03T17:26:23.000Z,1298.000,,97,,,,,,
2026-05-03,training,Stretching and Yoga,"I was planning to go to run in the morning but its raining whole day so I was waiting for it to stop. Oops!!

Anyway I was feeling lazy so I decided to do indoor light exercise—a mix of rope jumping, yoga and stretching. Feeling good now. :)",2026-05-03_19-03-06_hk_1777827786.fit,658,2026-05-03T17:26:24.000Z,1299.000,,97,,,,,,
2026-05-03,training,Stretching and Yoga,"I was planning to go to run in the morning but its raining whole day so I was waiting for it to stop. Oops!!

Anyway I was feeling lazy so I decided to do indoor light exercise—a mix of rope jumping, yoga and stretching. Feeling good now. :)",2026-05-03_19-03-06_hk_1777827786.fit,659,2026-05-03T17:26:27.000Z,1302.000,,97,,,,,,
2026-05-03,training,Stretching and Yoga,"I was planning to go to run in the morning but its raining whole day so I was waiting for it to stop. Oops!!

Anyway I was feeling lazy so I decided to do indoor light exercise—a mix of rope jumping, yoga and stretching. Feeling good now. :)",2026-05-03_19-03-06_hk_1777827786.fit,660,2026-05-03T17:26:28.000Z,1303.000,,100,,,,,,
2026-05-03,training,Stretching and Yoga,"I was planning to go to run in the morning but its raining whole day so I was waiting for it to stop. Oops!!

Anyway I was feeling lazy so I decided to do indoor light exercise—a mix of rope jumping, yoga and stretching. Feeling good now. :)",2026-05-03_19-03-06_hk_1777827786.fit,661,2026-05-03T17:26:29.000Z,1304.000,,100,,,,,,
2026-05-03,training,Stretching and Yoga,"I was planning to go to run in the morning but its raining whole day so I was waiting for it to stop. Oops!!

Anyway I was feeling lazy so I decided to do indoor light exercise—a mix of rope jumping, yoga and stretching. Feeling good now. :)",2026-05-03_19-03-06_hk_1777827786.fit,662,2026-05-03T17:26:32.000Z,1307.000,,100,,,,,,
2026-05-03,training,Stretching and Yoga,"I was planning to go to run in the morning but its raining whole day so I was waiting for it to stop. Oops!!

Anyway I was feeling lazy so I decided to do indoor light exercise—a mix of rope jumping, yoga and stretching. Feeling good now. :)",2026-05-03_19-03-06_hk_1777827786.fit,663,2026-05-03T17:26:35.000Z,1310.000,,100,,,,,,
2026-05-03,training,Stretching and Yoga,"I was planning to go to run in the morning but its raining whole day so I was waiting for it to stop. Oops!!

Anyway I was feeling lazy so I decided to do indoor light exercise—a mix of rope jumping, yoga and stretching. Feeling good now. :)",2026-05-03_19-03-06_hk_1777827786.fit,664,2026-05-03T17:26:37.000Z,1312.000,,93,,,,,,
2026-05-03,training,Stretching and Yoga,"I was planning to go to run in the morning but its raining whole day so I was waiting for it to stop. Oops!!

Anyway I was feeling lazy so I decided to do indoor light exercise—a mix of rope jumping, yoga and stretching. Feeling good now. :)",2026-05-03_19-03-06_hk_1777827786.fit,665,2026-05-03T17:26:40.000Z,1315.000,,93,,,,,,
2026-05-03,training,Stretching and Yoga,"I was planning to go to run in the morning but its raining whole day so I was waiting for it to stop. Oops!!

Anyway I was feeling lazy so I decided to do indoor light exercise—a mix of rope jumping, yoga and stretching. Feeling good now. :)",2026-05-03_19-03-06_hk_1777827786.fit,666,2026-05-03T17:26:42.000Z,1317.000,,89,,,,,,
2026-05-03,training,Stretching and Yoga,"I was planning to go to run in the morning but its raining whole day so I was waiting for it to stop. Oops!!

Anyway I was feeling lazy so I decided to do indoor light exercise—a mix of rope jumping, yoga and stretching. Feeling good now. :)",2026-05-03_19-03-06_hk_1777827786.fit,667,2026-05-03T17:26:44.000Z,1319.000,,88,,,,,,
2026-05-03,training,Stretching and Yoga,"I was planning to go to run in the morning but its raining whole day so I was waiting for it to stop. Oops!!

Anyway I was feeling lazy so I decided to do indoor light exercise—a mix of rope jumping, yoga and stretching. Feeling good now. :)",2026-05-03_19-03-06_hk_1777827786.fit,668,2026-05-03T17:26:45.000Z,1320.000,,88,,,,,,
2026-05-03,training,Stretching and Yoga,"I was planning to go to run in the morning but its raining whole day so I was waiting for it to stop. Oops!!

Anyway I was feeling lazy so I decided to do indoor light exercise—a mix of rope jumping, yoga and stretching. Feeling good now. :)",2026-05-03_19-03-06_hk_1777827786.fit,669,2026-05-03T17:26:47.000Z,1322.000,,88,,,,,,
2026-05-03,training,Stretching and Yoga,"I was planning to go to run in the morning but its raining whole day so I was waiting for it to stop. Oops!!

Anyway I was feeling lazy so I decided to do indoor light exercise—a mix of rope jumping, yoga and stretching. Feeling good now. :)",2026-05-03_19-03-06_hk_1777827786.fit,670,2026-05-03T17:26:50.000Z,1325.000,,84,,,,,,
2026-05-03,training,Stretching and Yoga,"I was planning to go to run in the morning but its raining whole day so I was waiting for it to stop. Oops!!

Anyway I was feeling lazy so I decided to do indoor light exercise—a mix of rope jumping, yoga and stretching. Feeling good now. :)",2026-05-03_19-03-06_hk_1777827786.fit,671,2026-05-03T17:26:52.000Z,1327.000,,84,,,,,,
2026-05-03,training,Stretching and Yoga,"I was planning to go to run in the morning but its raining whole day so I was waiting for it to stop. Oops!!

Anyway I was feeling lazy so I decided to do indoor light exercise—a mix of rope jumping, yoga and stretching. Feeling good now. :)",2026-05-03_19-03-06_hk_1777827786.fit,672,2026-05-03T17:26:55.000Z,1330.000,,84,,,,,,
2026-05-03,training,Stretching and Yoga,"I was planning to go to run in the morning but its raining whole day so I was waiting for it to stop. Oops!!

Anyway I was feeling lazy so I decided to do indoor light exercise—a mix of rope jumping, yoga and stretching. Feeling good now. :)",2026-05-03_19-03-06_hk_1777827786.fit,673,2026-05-03T17:26:57.000Z,1332.000,,80,,,,,,
2026-05-03,training,Stretching and Yoga,"I was planning to go to run in the morning but its raining whole day so I was waiting for it to stop. Oops!!

Anyway I was feeling lazy so I decided to do indoor light exercise—a mix of rope jumping, yoga and stretching. Feeling good now. :)",2026-05-03_19-03-06_hk_1777827786.fit,674,2026-05-03T17:26:58.000Z,1333.000,,80,,,,,,
2026-05-03,training,Stretching and Yoga,"I was planning to go to run in the morning but its raining whole day so I was waiting for it to stop. Oops!!

Anyway I was feeling lazy so I decided to do indoor light exercise—a mix of rope jumping, yoga and stretching. Feeling good now. :)",2026-05-03_19-03-06_hk_1777827786.fit,675,2026-05-03T17:27:00.000Z,1335.000,,80,,,,,,
2026-05-03,training,Stretching and Yoga,"I was planning to go to run in the morning but its raining whole day so I was waiting for it to stop. Oops!!

Anyway I was feeling lazy so I decided to do indoor light exercise—a mix of rope jumping, yoga and stretching. Feeling good now. :)",2026-05-03_19-03-06_hk_1777827786.fit,676,2026-05-03T17:27:01.000Z,1336.000,,81,,,,,,
2026-05-03,training,Stretching and Yoga,"I was planning to go to run in the morning but its raining whole day so I was waiting for it to stop. Oops!!

Anyway I was feeling lazy so I decided to do indoor light exercise—a mix of rope jumping, yoga and stretching. Feeling good now. :)",2026-05-03_19-03-06_hk_1777827786.fit,677,2026-05-03T17:27:03.000Z,1338.000,,80,,,,,,
2026-05-03,training,Stretching and Yoga,"I was planning to go to run in the morning but its raining whole day so I was waiting for it to stop. Oops!!

Anyway I was feeling lazy so I decided to do indoor light exercise—a mix of rope jumping, yoga and stretching. Feeling good now. :)",2026-05-03_19-03-06_hk_1777827786.fit,678,2026-05-03T17:27:05.000Z,1340.000,,80,,,,,,
2026-05-03,training,Stretching and Yoga,"I was planning to go to run in the morning but its raining whole day so I was waiting for it to stop. Oops!!

Anyway I was feeling lazy so I decided to do indoor light exercise—a mix of rope jumping, yoga and stretching. Feeling good now. :)",2026-05-03_19-03-06_hk_1777827786.fit,679,2026-05-03T17:27:08.000Z,1343.000,,80,,,,,,
2026-05-03,training,Stretching and Yoga,"I was planning to go to run in the morning but its raining whole day so I was waiting for it to stop. Oops!!

Anyway I was feeling lazy so I decided to do indoor light exercise—a mix of rope jumping, yoga and stretching. Feeling good now. :)",2026-05-03_19-03-06_hk_1777827786.fit,680,2026-05-03T17:27:10.000Z,1345.000,,80,,,,,,
2026-05-03,training,Stretching and Yoga,"I was planning to go to run in the morning but its raining whole day so I was waiting for it to stop. Oops!!

Anyway I was feeling lazy so I decided to do indoor light exercise—a mix of rope jumping, yoga and stretching. Feeling good now. :)",2026-05-03_19-03-06_hk_1777827786.fit,681,2026-05-03T17:27:12.000Z,1347.000,,93,,,,,,
2026-05-03,training,Stretching and Yoga,"I was planning to go to run in the morning but its raining whole day so I was waiting for it to stop. Oops!!

Anyway I was feeling lazy so I decided to do indoor light exercise—a mix of rope jumping, yoga and stretching. Feeling good now. :)",2026-05-03_19-03-06_hk_1777827786.fit,682,2026-05-03T17:27:13.000Z,1348.000,,93,,,,,,
2026-05-03,training,Stretching and Yoga,"I was planning to go to run in the morning but its raining whole day so I was waiting for it to stop. Oops!!

Anyway I was feeling lazy so I decided to do indoor light exercise—a mix of rope jumping, yoga and stretching. Feeling good now. :)",2026-05-03_19-03-06_hk_1777827786.fit,683,2026-05-03T17:27:16.000Z,1351.000,,93,,,,,,
2026-05-03,training,Stretching and Yoga,"I was planning to go to run in the morning but its raining whole day so I was waiting for it to stop. Oops!!

Anyway I was feeling lazy so I decided to do indoor light exercise—a mix of rope jumping, yoga and stretching. Feeling good now. :)",2026-05-03_19-03-06_hk_1777827786.fit,684,2026-05-03T17:27:17.000Z,1352.000,,92,,,,,,
2026-05-03,training,Stretching and Yoga,"I was planning to go to run in the morning but its raining whole day so I was waiting for it to stop. Oops!!

Anyway I was feeling lazy so I decided to do indoor light exercise—a mix of rope jumping, yoga and stretching. Feeling good now. :)",2026-05-03_19-03-06_hk_1777827786.fit,685,2026-05-03T17:27:18.000Z,1353.000,,91,,,,,,
2026-05-03,training,Stretching and Yoga,"I was planning to go to run in the morning but its raining whole day so I was waiting for it to stop. Oops!!

Anyway I was feeling lazy so I decided to do indoor light exercise—a mix of rope jumping, yoga and stretching. Feeling good now. :)",2026-05-03_19-03-06_hk_1777827786.fit,686,2026-05-03T17:27:21.000Z,1356.000,,91,,,,,,
2026-05-03,training,Stretching and Yoga,"I was planning to go to run in the morning but its raining whole day so I was waiting for it to stop. Oops!!

Anyway I was feeling lazy so I decided to do indoor light exercise—a mix of rope jumping, yoga and stretching. Feeling good now. :)",2026-05-03_19-03-06_hk_1777827786.fit,687,2026-05-03T17:27:23.000Z,1358.000,,92,,,,,,
2026-05-03,training,Stretching and Yoga,"I was planning to go to run in the morning but its raining whole day so I was waiting for it to stop. Oops!!

Anyway I was feeling lazy so I decided to do indoor light exercise—a mix of rope jumping, yoga and stretching. Feeling good now. :)",2026-05-03_19-03-06_hk_1777827786.fit,688,2026-05-03T17:27:26.000Z,1361.000,,92,,,,,,
2026-05-03,training,Stretching and Yoga,"I was planning to go to run in the morning but its raining whole day so I was waiting for it to stop. Oops!!

Anyway I was feeling lazy so I decided to do indoor light exercise—a mix of rope jumping, yoga and stretching. Feeling good now. :)",2026-05-03_19-03-06_hk_1777827786.fit,689,2026-05-03T17:27:28.000Z,1363.000,,92,,,,,,
2026-05-03,training,Stretching and Yoga,"I was planning to go to run in the morning but its raining whole day so I was waiting for it to stop. Oops!!

Anyway I was feeling lazy so I decided to do indoor light exercise—a mix of rope jumping, yoga and stretching. Feeling good now. :)",2026-05-03_19-03-06_hk_1777827786.fit,690,2026-05-03T17:27:31.000Z,1366.000,,92,,,,,,
2026-05-03,training,Stretching and Yoga,"I was planning to go to run in the morning but its raining whole day so I was waiting for it to stop. Oops!!

Anyway I was feeling lazy so I decided to do indoor light exercise—a mix of rope jumping, yoga and stretching. Feeling good now. :)",2026-05-03_19-03-06_hk_1777827786.fit,691,2026-05-03T17:27:32.000Z,1367.000,,84,,,,,,
2026-05-03,training,Stretching and Yoga,"I was planning to go to run in the morning but its raining whole day so I was waiting for it to stop. Oops!!

Anyway I was feeling lazy so I decided to do indoor light exercise—a mix of rope jumping, yoga and stretching. Feeling good now. :)",2026-05-03_19-03-06_hk_1777827786.fit,692,2026-05-03T17:27:33.000Z,1368.000,,84,,,,,,
2026-05-03,training,Stretching and Yoga,"I was planning to go to run in the morning but its raining whole day so I was waiting for it to stop. Oops!!

Anyway I was feeling lazy so I decided to do indoor light exercise—a mix of rope jumping, yoga and stretching. Feeling good now. :)",2026-05-03_19-03-06_hk_1777827786.fit,693,2026-05-03T17:27:36.000Z,1371.000,,84,,,,,,
2026-05-03,training,Stretching and Yoga,"I was planning to go to run in the morning but its raining whole day so I was waiting for it to stop. Oops!!

Anyway I was feeling lazy so I decided to do indoor light exercise—a mix of rope jumping, yoga and stretching. Feeling good now. :)",2026-05-03_19-03-06_hk_1777827786.fit,694,2026-05-03T17:27:37.000Z,1372.000,,79,,,,,,
2026-05-03,training,Stretching and Yoga,"I was planning to go to run in the morning but its raining whole day so I was waiting for it to stop. Oops!!

Anyway I was feeling lazy so I decided to do indoor light exercise—a mix of rope jumping, yoga and stretching. Feeling good now. :)",2026-05-03_19-03-06_hk_1777827786.fit,695,2026-05-03T17:27:39.000Z,1374.000,,79,,,,,,
2026-05-03,training,Stretching and Yoga,"I was planning to go to run in the morning but its raining whole day so I was waiting for it to stop. Oops!!

Anyway I was feeling lazy so I decided to do indoor light exercise—a mix of rope jumping, yoga and stretching. Feeling good now. :)",2026-05-03_19-03-06_hk_1777827786.fit,696,2026-05-03T17:27:40.000Z,1375.000,,78,,,,,,
2026-05-03,training,Stretching and Yoga,"I was planning to go to run in the morning but its raining whole day so I was waiting for it to stop. Oops!!

Anyway I was feeling lazy so I decided to do indoor light exercise—a mix of rope jumping, yoga and stretching. Feeling good now. :)",2026-05-03_19-03-06_hk_1777827786.fit,697,2026-05-03T17:27:41.000Z,1376.000,,78,,,,,,
2026-05-03,training,Stretching and Yoga,"I was planning to go to run in the morning but its raining whole day so I was waiting for it to stop. Oops!!

Anyway I was feeling lazy so I decided to do indoor light exercise—a mix of rope jumping, yoga and stretching. Feeling good now. :)",2026-05-03_19-03-06_hk_1777827786.fit,698,2026-05-03T17:27:44.000Z,1379.000,,78,,,,,,
2026-05-03,training,Stretching and Yoga,"I was planning to go to run in the morning but its raining whole day so I was waiting for it to stop. Oops!!

Anyway I was feeling lazy so I decided to do indoor light exercise—a mix of rope jumping, yoga and stretching. Feeling good now. :)",2026-05-03_19-03-06_hk_1777827786.fit,699,2026-05-03T17:27:46.000Z,1381.000,,87,,,,,,
2026-05-03,training,Stretching and Yoga,"I was planning to go to run in the morning but its raining whole day so I was waiting for it to stop. Oops!!

Anyway I was feeling lazy so I decided to do indoor light exercise—a mix of rope jumping, yoga and stretching. Feeling good now. :)",2026-05-03_19-03-06_hk_1777827786.fit,700,2026-05-03T17:27:49.000Z,1384.000,,87,,,,,,
2026-05-03,training,Stretching and Yoga,"I was planning to go to run in the morning but its raining whole day so I was waiting for it to stop. Oops!!

Anyway I was feeling lazy so I decided to do indoor light exercise—a mix of rope jumping, yoga and stretching. Feeling good now. :)",2026-05-03_19-03-06_hk_1777827786.fit,701,2026-05-03T17:27:51.000Z,1386.000,,87,,,,,,
2026-05-03,training,Stretching and Yoga,"I was planning to go to run in the morning but its raining whole day so I was waiting for it to stop. Oops!!

Anyway I was feeling lazy so I decided to do indoor light exercise—a mix of rope jumping, yoga and stretching. Feeling good now. :)",2026-05-03_19-03-06_hk_1777827786.fit,702,2026-05-03T17:27:52.000Z,1387.000,,90,,,,,,
2026-05-03,training,Stretching and Yoga,"I was planning to go to run in the morning but its raining whole day so I was waiting for it to stop. Oops!!

Anyway I was feeling lazy so I decided to do indoor light exercise—a mix of rope jumping, yoga and stretching. Feeling good now. :)",2026-05-03_19-03-06_hk_1777827786.fit,703,2026-05-03T17:27:53.000Z,1388.000,,90,,,,,,
2026-05-03,training,Stretching and Yoga,"I was planning to go to run in the morning but its raining whole day so I was waiting for it to stop. Oops!!

Anyway I was feeling lazy so I decided to do indoor light exercise—a mix of rope jumping, yoga and stretching. Feeling good now. :)",2026-05-03_19-03-06_hk_1777827786.fit,704,2026-05-03T17:27:54.000Z,1389.000,,90,,,,,,
2026-05-03,training,Stretching and Yoga,"I was planning to go to run in the morning but its raining whole day so I was waiting for it to stop. Oops!!

Anyway I was feeling lazy so I decided to do indoor light exercise—a mix of rope jumping, yoga and stretching. Feeling good now. :)",2026-05-03_19-03-06_hk_1777827786.fit,705,2026-05-03T17:27:56.000Z,1391.000,,90,,,,,,
2026-05-03,training,Stretching and Yoga,"I was planning to go to run in the morning but its raining whole day so I was waiting for it to stop. Oops!!

Anyway I was feeling lazy so I decided to do indoor light exercise—a mix of rope jumping, yoga and stretching. Feeling good now. :)",2026-05-03_19-03-06_hk_1777827786.fit,706,2026-05-03T17:27:58.000Z,1393.000,,85,,,,,,
2026-05-03,training,Stretching and Yoga,"I was planning to go to run in the morning but its raining whole day so I was waiting for it to stop. Oops!!

Anyway I was feeling lazy so I decided to do indoor light exercise—a mix of rope jumping, yoga and stretching. Feeling good now. :)",2026-05-03_19-03-06_hk_1777827786.fit,707,2026-05-03T17:27:59.000Z,1394.000,,85,,,,,,
2026-05-03,training,Stretching and Yoga,"I was planning to go to run in the morning but its raining whole day so I was waiting for it to stop. Oops!!

Anyway I was feeling lazy so I decided to do indoor light exercise—a mix of rope jumping, yoga and stretching. Feeling good now. :)",2026-05-03_19-03-06_hk_1777827786.fit,708,2026-05-03T17:28:02.000Z,1397.000,,85,,,,,,
2026-05-03,training,Stretching and Yoga,"I was planning to go to run in the morning but its raining whole day so I was waiting for it to stop. Oops!!

Anyway I was feeling lazy so I decided to do indoor light exercise—a mix of rope jumping, yoga and stretching. Feeling good now. :)",2026-05-03_19-03-06_hk_1777827786.fit,709,2026-05-03T17:28:03.000Z,1398.000,,90,,,,,,
2026-05-03,training,Stretching and Yoga,"I was planning to go to run in the morning but its raining whole day so I was waiting for it to stop. Oops!!

Anyway I was feeling lazy so I decided to do indoor light exercise—a mix of rope jumping, yoga and stretching. Feeling good now. :)",2026-05-03_19-03-06_hk_1777827786.fit,710,2026-05-03T17:28:04.000Z,1399.000,,90,,,,,,
2026-05-03,training,Stretching and Yoga,"I was planning to go to run in the morning but its raining whole day so I was waiting for it to stop. Oops!!

Anyway I was feeling lazy so I decided to do indoor light exercise—a mix of rope jumping, yoga and stretching. Feeling good now. :)",2026-05-03_19-03-06_hk_1777827786.fit,711,2026-05-03T17:28:07.000Z,1402.000,,90,,,,,,
2026-05-03,training,Stretching and Yoga,"I was planning to go to run in the morning but its raining whole day so I was waiting for it to stop. Oops!!

Anyway I was feeling lazy so I decided to do indoor light exercise—a mix of rope jumping, yoga and stretching. Feeling good now. :)",2026-05-03_19-03-06_hk_1777827786.fit,712,2026-05-03T17:28:09.000Z,1404.000,,90,,,,,,
2026-05-03,training,Stretching and Yoga,"I was planning to go to run in the morning but its raining whole day so I was waiting for it to stop. Oops!!

Anyway I was feeling lazy so I decided to do indoor light exercise—a mix of rope jumping, yoga and stretching. Feeling good now. :)",2026-05-03_19-03-06_hk_1777827786.fit,713,2026-05-03T17:28:12.000Z,1407.000,,106,,,,,,
2026-05-03,training,Stretching and Yoga,"I was planning to go to run in the morning but its raining whole day so I was waiting for it to stop. Oops!!

Anyway I was feeling lazy so I decided to do indoor light exercise—a mix of rope jumping, yoga and stretching. Feeling good now. :)",2026-05-03_19-03-06_hk_1777827786.fit,714,2026-05-03T17:28:14.000Z,1409.000,,106,,,,,,
2026-05-03,training,Stretching and Yoga,"I was planning to go to run in the morning but its raining whole day so I was waiting for it to stop. Oops!!

Anyway I was feeling lazy so I decided to do indoor light exercise—a mix of rope jumping, yoga and stretching. Feeling good now. :)",2026-05-03_19-03-06_hk_1777827786.fit,715,2026-05-03T17:28:16.000Z,1411.000,,113,,,,,,
2026-05-03,training,Stretching and Yoga,"I was planning to go to run in the morning but its raining whole day so I was waiting for it to stop. Oops!!

Anyway I was feeling lazy so I decided to do indoor light exercise—a mix of rope jumping, yoga and stretching. Feeling good now. :)",2026-05-03_19-03-06_hk_1777827786.fit,716,2026-05-03T17:28:17.000Z,1412.000,,113,,,,,,
2026-05-03,training,Stretching and Yoga,"I was planning to go to run in the morning but its raining whole day so I was waiting for it to stop. Oops!!

Anyway I was feeling lazy so I decided to do indoor light exercise—a mix of rope jumping, yoga and stretching. Feeling good now. :)",2026-05-03_19-03-06_hk_1777827786.fit,717,2026-05-03T17:28:20.000Z,1415.000,,113,,,,,,
2026-05-03,training,Stretching and Yoga,"I was planning to go to run in the morning but its raining whole day so I was waiting for it to stop. Oops!!

Anyway I was feeling lazy so I decided to do indoor light exercise—a mix of rope jumping, yoga and stretching. Feeling good now. :)",2026-05-03_19-03-06_hk_1777827786.fit,718,2026-05-03T17:28:22.000Z,1417.000,,120,,,,,,
2026-05-03,training,Stretching and Yoga,"I was planning to go to run in the morning but its raining whole day so I was waiting for it to stop. Oops!!

Anyway I was feeling lazy so I decided to do indoor light exercise—a mix of rope jumping, yoga and stretching. Feeling good now. :)",2026-05-03_19-03-06_hk_1777827786.fit,719,2026-05-03T17:28:23.000Z,1418.000,,120,,,,,,
2026-05-03,training,Stretching and Yoga,"I was planning to go to run in the morning but its raining whole day so I was waiting for it to stop. Oops!!

Anyway I was feeling lazy so I decided to do indoor light exercise—a mix of rope jumping, yoga and stretching. Feeling good now. :)",2026-05-03_19-03-06_hk_1777827786.fit,720,2026-05-03T17:28:25.000Z,1420.000,,120,,,,,,
2026-05-03,training,Stretching and Yoga,"I was planning to go to run in the morning but its raining whole day so I was waiting for it to stop. Oops!!

Anyway I was feeling lazy so I decided to do indoor light exercise—a mix of rope jumping, yoga and stretching. Feeling good now. :)",2026-05-03_19-03-06_hk_1777827786.fit,721,2026-05-03T17:28:27.000Z,1422.000,,120,,,,,,
2026-05-03,training,Stretching and Yoga,"I was planning to go to run in the morning but its raining whole day so I was waiting for it to stop. Oops!!

Anyway I was feeling lazy so I decided to do indoor light exercise—a mix of rope jumping, yoga and stretching. Feeling good now. :)",2026-05-03_19-03-06_hk_1777827786.fit,722,2026-05-03T17:28:28.000Z,1423.000,,118,,,,,,
2026-05-03,training,Stretching and Yoga,"I was planning to go to run in the morning but its raining whole day so I was waiting for it to stop. Oops!!

Anyway I was feeling lazy so I decided to do indoor light exercise—a mix of rope jumping, yoga and stretching. Feeling good now. :)",2026-05-03_19-03-06_hk_1777827786.fit,723,2026-05-03T17:28:30.000Z,1425.000,,118,,,,,,
2026-05-03,training,Stretching and Yoga,"I was planning to go to run in the morning but its raining whole day so I was waiting for it to stop. Oops!!

Anyway I was feeling lazy so I decided to do indoor light exercise—a mix of rope jumping, yoga and stretching. Feeling good now. :)",2026-05-03_19-03-06_hk_1777827786.fit,724,2026-05-03T17:28:32.000Z,1427.000,,118,,,,,,
2026-05-03,training,Stretching and Yoga,"I was planning to go to run in the morning but its raining whole day so I was waiting for it to stop. Oops!!

Anyway I was feeling lazy so I decided to do indoor light exercise—a mix of rope jumping, yoga and stretching. Feeling good now. :)",2026-05-03_19-03-06_hk_1777827786.fit,725,2026-05-03T17:28:33.000Z,1428.000,,116,,,,,,
2026-05-03,training,Stretching and Yoga,"I was planning to go to run in the morning but its raining whole day so I was waiting for it to stop. Oops!!

Anyway I was feeling lazy so I decided to do indoor light exercise—a mix of rope jumping, yoga and stretching. Feeling good now. :)",2026-05-03_19-03-06_hk_1777827786.fit,726,2026-05-03T17:28:35.000Z,1430.000,,116,,,,,,
2026-05-03,training,Stretching and Yoga,"I was planning to go to run in the morning but its raining whole day so I was waiting for it to stop. Oops!!

Anyway I was feeling lazy so I decided to do indoor light exercise—a mix of rope jumping, yoga and stretching. Feeling good now. :)",2026-05-03_19-03-06_hk_1777827786.fit,727,2026-05-03T17:28:37.000Z,1432.000,,116,,,,,,
2026-05-03,training,Stretching and Yoga,"I was planning to go to run in the morning but its raining whole day so I was waiting for it to stop. Oops!!

Anyway I was feeling lazy so I decided to do indoor light exercise—a mix of rope jumping, yoga and stretching. Feeling good now. :)",2026-05-03_19-03-06_hk_1777827786.fit,728,2026-05-03T17:28:40.000Z,1435.000,,116,,,,,,
2026-05-03,training,Stretching and Yoga,"I was planning to go to run in the morning but its raining whole day so I was waiting for it to stop. Oops!!

Anyway I was feeling lazy so I decided to do indoor light exercise—a mix of rope jumping, yoga and stretching. Feeling good now. :)",2026-05-03_19-03-06_hk_1777827786.fit,729,2026-05-03T17:28:42.000Z,1437.000,,111,,,,,,
2026-05-03,training,Stretching and Yoga,"I was planning to go to run in the morning but its raining whole day so I was waiting for it to stop. Oops!!

Anyway I was feeling lazy so I decided to do indoor light exercise—a mix of rope jumping, yoga and stretching. Feeling good now. :)",2026-05-03_19-03-06_hk_1777827786.fit,730,2026-05-03T17:28:43.000Z,1438.000,,111,,,,,,
2026-05-03,training,Stretching and Yoga,"I was planning to go to run in the morning but its raining whole day so I was waiting for it to stop. Oops!!

Anyway I was feeling lazy so I decided to do indoor light exercise—a mix of rope jumping, yoga and stretching. Feeling good now. :)",2026-05-03_19-03-06_hk_1777827786.fit,731,2026-05-03T17:28:45.000Z,1440.000,,111,,,,,,
2026-05-03,training,Stretching and Yoga,"I was planning to go to run in the morning but its raining whole day so I was waiting for it to stop. Oops!!

Anyway I was feeling lazy so I decided to do indoor light exercise—a mix of rope jumping, yoga and stretching. Feeling good now. :)",2026-05-03_19-03-06_hk_1777827786.fit,732,2026-05-03T17:28:47.000Z,1442.000,,115,,,,,,
2026-05-03,training,Stretching and Yoga,"I was planning to go to run in the morning but its raining whole day so I was waiting for it to stop. Oops!!

Anyway I was feeling lazy so I decided to do indoor light exercise—a mix of rope jumping, yoga and stretching. Feeling good now. :)",2026-05-03_19-03-06_hk_1777827786.fit,733,2026-05-03T17:28:48.000Z,1443.000,,115,,,,,,
2026-05-03,training,Stretching and Yoga,"I was planning to go to run in the morning but its raining whole day so I was waiting for it to stop. Oops!!

Anyway I was feeling lazy so I decided to do indoor light exercise—a mix of rope jumping, yoga and stretching. Feeling good now. :)",2026-05-03_19-03-06_hk_1777827786.fit,734,2026-05-03T17:28:49.000Z,1444.000,,117,,,,,,
2026-05-03,training,Stretching and Yoga,"I was planning to go to run in the morning but its raining whole day so I was waiting for it to stop. Oops!!

Anyway I was feeling lazy so I decided to do indoor light exercise—a mix of rope jumping, yoga and stretching. Feeling good now. :)",2026-05-03_19-03-06_hk_1777827786.fit,735,2026-05-03T17:28:50.000Z,1445.000,,117,,,,,,
2026-05-03,training,Stretching and Yoga,"I was planning to go to run in the morning but its raining whole day so I was waiting for it to stop. Oops!!

Anyway I was feeling lazy so I decided to do indoor light exercise—a mix of rope jumping, yoga and stretching. Feeling good now. :)",2026-05-03_19-03-06_hk_1777827786.fit,736,2026-05-03T17:28:53.000Z,1448.000,,117,,,,,,
2026-05-03,training,Stretching and Yoga,"I was planning to go to run in the morning but its raining whole day so I was waiting for it to stop. Oops!!

Anyway I was feeling lazy so I decided to do indoor light exercise—a mix of rope jumping, yoga and stretching. Feeling good now. :)",2026-05-03_19-03-06_hk_1777827786.fit,737,2026-05-03T17:28:55.000Z,1450.000,,117,,,,,,
2026-05-03,training,Stretching and Yoga,"I was planning to go to run in the morning but its raining whole day so I was waiting for it to stop. Oops!!

Anyway I was feeling lazy so I decided to do indoor light exercise—a mix of rope jumping, yoga and stretching. Feeling good now. :)",2026-05-03_19-03-06_hk_1777827786.fit,738,2026-05-03T17:28:56.000Z,1451.000,,119,,,,,,
2026-05-03,training,Stretching and Yoga,"I was planning to go to run in the morning but its raining whole day so I was waiting for it to stop. Oops!!

Anyway I was feeling lazy so I decided to do indoor light exercise—a mix of rope jumping, yoga and stretching. Feeling good now. :)",2026-05-03_19-03-06_hk_1777827786.fit,739,2026-05-03T17:28:58.000Z,1453.000,,117,,,,,,
2026-05-03,training,Stretching and Yoga,"I was planning to go to run in the morning but its raining whole day so I was waiting for it to stop. Oops!!

Anyway I was feeling lazy so I decided to do indoor light exercise—a mix of rope jumping, yoga and stretching. Feeling good now. :)",2026-05-03_19-03-06_hk_1777827786.fit,740,2026-05-03T17:29:00.000Z,1455.000,,117,,,,,,
2026-05-03,training,Stretching and Yoga,"I was planning to go to run in the morning but its raining whole day so I was waiting for it to stop. Oops!!

Anyway I was feeling lazy so I decided to do indoor light exercise—a mix of rope jumping, yoga and stretching. Feeling good now. :)",2026-05-03_19-03-06_hk_1777827786.fit,741,2026-05-03T17:29:03.000Z,1458.000,,117,,,,,,
2026-05-03,training,Stretching and Yoga,"I was planning to go to run in the morning but its raining whole day so I was waiting for it to stop. Oops!!

Anyway I was feeling lazy so I decided to do indoor light exercise—a mix of rope jumping, yoga and stretching. Feeling good now. :)",2026-05-03_19-03-06_hk_1777827786.fit,742,2026-05-03T17:29:06.000Z,1461.000,,117,,,,,,
2026-05-03,training,Stretching and Yoga,"I was planning to go to run in the morning but its raining whole day so I was waiting for it to stop. Oops!!

Anyway I was feeling lazy so I decided to do indoor light exercise—a mix of rope jumping, yoga and stretching. Feeling good now. :)",2026-05-03_19-03-06_hk_1777827786.fit,743,2026-05-03T17:29:07.000Z,1462.000,,96,,,,,,
2026-05-03,training,Stretching and Yoga,"I was planning to go to run in the morning but its raining whole day so I was waiting for it to stop. Oops!!

Anyway I was feeling lazy so I decided to do indoor light exercise—a mix of rope jumping, yoga and stretching. Feeling good now. :)",2026-05-03_19-03-06_hk_1777827786.fit,744,2026-05-03T17:29:08.000Z,1463.000,,95,,,,,,
2026-05-03,training,Stretching and Yoga,"I was planning to go to run in the morning but its raining whole day so I was waiting for it to stop. Oops!!

Anyway I was feeling lazy so I decided to do indoor light exercise—a mix of rope jumping, yoga and stretching. Feeling good now. :)",2026-05-03_19-03-06_hk_1777827786.fit,745,2026-05-03T17:29:11.000Z,1466.000,,95,,,,,,
2026-05-03,training,Stretching and Yoga,"I was planning to go to run in the morning but its raining whole day so I was waiting for it to stop. Oops!!

Anyway I was feeling lazy so I decided to do indoor light exercise—a mix of rope jumping, yoga and stretching. Feeling good now. :)",2026-05-03_19-03-06_hk_1777827786.fit,746,2026-05-03T17:29:13.000Z,1468.000,,97,,,,,,
2026-05-03,training,Stretching and Yoga,"I was planning to go to run in the morning but its raining whole day so I was waiting for it to stop. Oops!!

Anyway I was feeling lazy so I decided to do indoor light exercise—a mix of rope jumping, yoga and stretching. Feeling good now. :)",2026-05-03_19-03-06_hk_1777827786.fit,747,2026-05-03T17:29:16.000Z,1471.000,,97,,,,,,
2026-05-03,training,Stretching and Yoga,"I was planning to go to run in the morning but its raining whole day so I was waiting for it to stop. Oops!!

Anyway I was feeling lazy so I decided to do indoor light exercise—a mix of rope jumping, yoga and stretching. Feeling good now. :)",2026-05-03_19-03-06_hk_1777827786.fit,748,2026-05-03T17:29:18.000Z,1473.000,,97,,,,,,
2026-05-03,training,Stretching and Yoga,"I was planning to go to run in the morning but its raining whole day so I was waiting for it to stop. Oops!!

Anyway I was feeling lazy so I decided to do indoor light exercise—a mix of rope jumping, yoga and stretching. Feeling good now. :)",2026-05-03_19-03-06_hk_1777827786.fit,749,2026-05-03T17:29:20.000Z,1475.000,,101,,,,,,
2026-05-03,training,Stretching and Yoga,"I was planning to go to run in the morning but its raining whole day so I was waiting for it to stop. Oops!!

Anyway I was feeling lazy so I decided to do indoor light exercise—a mix of rope jumping, yoga and stretching. Feeling good now. :)",2026-05-03_19-03-06_hk_1777827786.fit,750,2026-05-03T17:29:21.000Z,1476.000,,101,,,,,,
2026-05-03,training,Stretching and Yoga,"I was planning to go to run in the morning but its raining whole day so I was waiting for it to stop. Oops!!

Anyway I was feeling lazy so I decided to do indoor light exercise—a mix of rope jumping, yoga and stretching. Feeling good now. :)",2026-05-03_19-03-06_hk_1777827786.fit,751,2026-05-03T17:29:23.000Z,1478.000,,105,,,,,,
2026-05-03,training,Stretching and Yoga,"I was planning to go to run in the morning but its raining whole day so I was waiting for it to stop. Oops!!

Anyway I was feeling lazy so I decided to do indoor light exercise—a mix of rope jumping, yoga and stretching. Feeling good now. :)",2026-05-03_19-03-06_hk_1777827786.fit,752,2026-05-03T17:29:24.000Z,1479.000,,105,,,,,,
2026-05-03,training,Stretching and Yoga,"I was planning to go to run in the morning but its raining whole day so I was waiting for it to stop. Oops!!

Anyway I was feeling lazy so I decided to do indoor light exercise—a mix of rope jumping, yoga and stretching. Feeling good now. :)",2026-05-03_19-03-06_hk_1777827786.fit,753,2026-05-03T17:29:26.000Z,1481.000,,105,,,,,,
2026-05-03,training,Stretching and Yoga,"I was planning to go to run in the morning but its raining whole day so I was waiting for it to stop. Oops!!

Anyway I was feeling lazy so I decided to do indoor light exercise—a mix of rope jumping, yoga and stretching. Feeling good now. :)",2026-05-03_19-03-06_hk_1777827786.fit,754,2026-05-03T17:29:29.000Z,1484.000,,105,,,,,,
2026-05-03,training,Stretching and Yoga,"I was planning to go to run in the morning but its raining whole day so I was waiting for it to stop. Oops!!

Anyway I was feeling lazy so I decided to do indoor light exercise—a mix of rope jumping, yoga and stretching. Feeling good now. :)",2026-05-03_19-03-06_hk_1777827786.fit,755,2026-05-03T17:29:30.000Z,1485.000,,107,,,,,,
2026-05-03,training,Stretching and Yoga,"I was planning to go to run in the morning but its raining whole day so I was waiting for it to stop. Oops!!

Anyway I was feeling lazy so I decided to do indoor light exercise—a mix of rope jumping, yoga and stretching. Feeling good now. :)",2026-05-03_19-03-06_hk_1777827786.fit,756,2026-05-03T17:29:31.000Z,1486.000,,107,,,,,,
2026-05-03,training,Stretching and Yoga,"I was planning to go to run in the morning but its raining whole day so I was waiting for it to stop. Oops!!

Anyway I was feeling lazy so I decided to do indoor light exercise—a mix of rope jumping, yoga and stretching. Feeling good now. :)",2026-05-03_19-03-06_hk_1777827786.fit,757,2026-05-03T17:29:34.000Z,1489.000,,107,,,,,,
2026-05-03,training,Stretching and Yoga,"I was planning to go to run in the morning but its raining whole day so I was waiting for it to stop. Oops!!

Anyway I was feeling lazy so I decided to do indoor light exercise—a mix of rope jumping, yoga and stretching. Feeling good now. :)",2026-05-03_19-03-06_hk_1777827786.fit,758,2026-05-03T17:29:36.000Z,1491.000,,107,,,,,,
2026-05-03,training,Stretching and Yoga,"I was planning to go to run in the morning but its raining whole day so I was waiting for it to stop. Oops!!

Anyway I was feeling lazy so I decided to do indoor light exercise—a mix of rope jumping, yoga and stretching. Feeling good now. :)",2026-05-03_19-03-06_hk_1777827786.fit,759,2026-05-03T17:29:38.000Z,1493.000,,107,,,,,,
2026-05-03,training,Stretching and Yoga,"I was planning to go to run in the morning but its raining whole day so I was waiting for it to stop. Oops!!

Anyway I was feeling lazy so I decided to do indoor light exercise—a mix of rope jumping, yoga and stretching. Feeling good now. :)",2026-05-03_19-03-06_hk_1777827786.fit,760,2026-05-03T17:29:39.000Z,1494.000,,107,,,,,,
2026-05-03,training,Stretching and Yoga,"I was planning to go to run in the morning but its raining whole day so I was waiting for it to stop. Oops!!

Anyway I was feeling lazy so I decided to do indoor light exercise—a mix of rope jumping, yoga and stretching. Feeling good now. :)",2026-05-03_19-03-06_hk_1777827786.fit,761,2026-05-03T17:29:41.000Z,1496.000,,107,,,,,,
2026-05-03,training,Stretching and Yoga,"I was planning to go to run in the morning but its raining whole day so I was waiting for it to stop. Oops!!

Anyway I was feeling lazy so I decided to do indoor light exercise—a mix of rope jumping, yoga and stretching. Feeling good now. :)",2026-05-03_19-03-06_hk_1777827786.fit,762,2026-05-03T17:29:44.000Z,1499.000,,107,,,,,,
2026-05-03,training,Stretching and Yoga,"I was planning to go to run in the morning but its raining whole day so I was waiting for it to stop. Oops!!

Anyway I was feeling lazy so I decided to do indoor light exercise—a mix of rope jumping, yoga and stretching. Feeling good now. :)",2026-05-03_19-03-06_hk_1777827786.fit,763,2026-05-03T17:29:47.000Z,1502.000,,108,,,,,,
2026-05-03,training,Stretching and Yoga,"I was planning to go to run in the morning but its raining whole day so I was waiting for it to stop. Oops!!

Anyway I was feeling lazy so I decided to do indoor light exercise—a mix of rope jumping, yoga and stretching. Feeling good now. :)",2026-05-03_19-03-06_hk_1777827786.fit,764,2026-05-03T17:29:49.000Z,1504.000,,108,,,,,,
2026-05-03,training,Stretching and Yoga,"I was planning to go to run in the morning but its raining whole day so I was waiting for it to stop. Oops!!

Anyway I was feeling lazy so I decided to do indoor light exercise—a mix of rope jumping, yoga and stretching. Feeling good now. :)",2026-05-03_19-03-06_hk_1777827786.fit,765,2026-05-03T17:29:52.000Z,1507.000,,107,,,,,,
2026-05-03,training,Stretching and Yoga,"I was planning to go to run in the morning but its raining whole day so I was waiting for it to stop. Oops!!

Anyway I was feeling lazy so I decided to do indoor light exercise—a mix of rope jumping, yoga and stretching. Feeling good now. :)",2026-05-03_19-03-06_hk_1777827786.fit,766,2026-05-03T17:29:53.000Z,1508.000,,105,,,,,,
2026-05-03,training,Stretching and Yoga,"I was planning to go to run in the morning but its raining whole day so I was waiting for it to stop. Oops!!

Anyway I was feeling lazy so I decided to do indoor light exercise—a mix of rope jumping, yoga and stretching. Feeling good now. :)",2026-05-03_19-03-06_hk_1777827786.fit,767,2026-05-03T17:29:54.000Z,1509.000,,105,,,,,,
2026-05-03,training,Stretching and Yoga,"I was planning to go to run in the morning but its raining whole day so I was waiting for it to stop. Oops!!

Anyway I was feeling lazy so I decided to do indoor light exercise—a mix of rope jumping, yoga and stretching. Feeling good now. :)",2026-05-03_19-03-06_hk_1777827786.fit,768,2026-05-03T17:29:57.000Z,1512.000,,105,,,,,,
2026-05-03,training,Stretching and Yoga,"I was planning to go to run in the morning but its raining whole day so I was waiting for it to stop. Oops!!

Anyway I was feeling lazy so I decided to do indoor light exercise—a mix of rope jumping, yoga and stretching. Feeling good now. :)",2026-05-03_19-03-06_hk_1777827786.fit,769,2026-05-03T17:29:58.000Z,1513.000,,103,,,,,,
2026-05-03,training,Stretching and Yoga,"I was planning to go to run in the morning but its raining whole day so I was waiting for it to stop. Oops!!

Anyway I was feeling lazy so I decided to do indoor light exercise—a mix of rope jumping, yoga and stretching. Feeling good now. :)",2026-05-03_19-03-06_hk_1777827786.fit,770,2026-05-03T17:29:59.000Z,1514.000,,103,,,,,,
2026-05-03,training,Stretching and Yoga,"I was planning to go to run in the morning but its raining whole day so I was waiting for it to stop. Oops!!

Anyway I was feeling lazy so I decided to do indoor light exercise—a mix of rope jumping, yoga and stretching. Feeling good now. :)",2026-05-03_19-03-06_hk_1777827786.fit,771,2026-05-03T17:30:02.000Z,1517.000,,103,,,,,,
2026-05-03,training,Stretching and Yoga,"I was planning to go to run in the morning but its raining whole day so I was waiting for it to stop. Oops!!

Anyway I was feeling lazy so I decided to do indoor light exercise—a mix of rope jumping, yoga and stretching. Feeling good now. :)",2026-05-03_19-03-06_hk_1777827786.fit,772,2026-05-03T17:30:03.000Z,1518.000,,110,,,,,,
2026-05-03,training,Stretching and Yoga,"I was planning to go to run in the morning but its raining whole day so I was waiting for it to stop. Oops!!

Anyway I was feeling lazy so I decided to do indoor light exercise—a mix of rope jumping, yoga and stretching. Feeling good now. :)",2026-05-03_19-03-06_hk_1777827786.fit,773,2026-05-03T17:30:04.000Z,1519.000,,110,,,,,,
2026-05-03,training,Stretching and Yoga,"I was planning to go to run in the morning but its raining whole day so I was waiting for it to stop. Oops!!

Anyway I was feeling lazy so I decided to do indoor light exercise—a mix of rope jumping, yoga and stretching. Feeling good now. :)",2026-05-03_19-03-06_hk_1777827786.fit,774,2026-05-03T17:30:07.000Z,1522.000,,110,,,,,,
2026-05-03,training,Stretching and Yoga,"I was planning to go to run in the morning but its raining whole day so I was waiting for it to stop. Oops!!

Anyway I was feeling lazy so I decided to do indoor light exercise—a mix of rope jumping, yoga and stretching. Feeling good now. :)",2026-05-03_19-03-06_hk_1777827786.fit,775,2026-05-03T17:30:10.000Z,1525.000,,110,,,,,,
2026-05-03,training,Stretching and Yoga,"I was planning to go to run in the morning but its raining whole day so I was waiting for it to stop. Oops!!

Anyway I was feeling lazy so I decided to do indoor light exercise—a mix of rope jumping, yoga and stretching. Feeling good now. :)",2026-05-03_19-03-06_hk_1777827786.fit,776,2026-05-03T17:30:12.000Z,1527.000,,93,,,,,,
2026-05-03,training,Stretching and Yoga,"I was planning to go to run in the morning but its raining whole day so I was waiting for it to stop. Oops!!

Anyway I was feeling lazy so I decided to do indoor light exercise—a mix of rope jumping, yoga and stretching. Feeling good now. :)",2026-05-03_19-03-06_hk_1777827786.fit,777,2026-05-03T17:30:15.000Z,1530.000,,93,,,,,,
2026-05-03,training,Stretching and Yoga,"I was planning to go to run in the morning but its raining whole day so I was waiting for it to stop. Oops!!

Anyway I was feeling lazy so I decided to do indoor light exercise—a mix of rope jumping, yoga and stretching. Feeling good now. :)",2026-05-03_19-03-06_hk_1777827786.fit,778,2026-05-03T17:30:17.000Z,1532.000,,94,,,,,,
2026-05-03,training,Stretching and Yoga,"I was planning to go to run in the morning but its raining whole day so I was waiting for it to stop. Oops!!

Anyway I was feeling lazy so I decided to do indoor light exercise—a mix of rope jumping, yoga and stretching. Feeling good now. :)",2026-05-03_19-03-06_hk_1777827786.fit,779,2026-05-03T17:30:20.000Z,1535.000,,94,,,,,,
2026-05-03,training,Stretching and Yoga,"I was planning to go to run in the morning but its raining whole day so I was waiting for it to stop. Oops!!

Anyway I was feeling lazy so I decided to do indoor light exercise—a mix of rope jumping, yoga and stretching. Feeling good now. :)",2026-05-03_19-03-06_hk_1777827786.fit,780,2026-05-03T17:30:22.000Z,1537.000,,95,,,,,,
2026-05-03,training,Stretching and Yoga,"I was planning to go to run in the morning but its raining whole day so I was waiting for it to stop. Oops!!

Anyway I was feeling lazy so I decided to do indoor light exercise—a mix of rope jumping, yoga and stretching. Feeling good now. :)",2026-05-03_19-03-06_hk_1777827786.fit,781,2026-05-03T17:30:23.000Z,1538.000,,96,,,,,,
2026-05-03,training,Stretching and Yoga,"I was planning to go to run in the morning but its raining whole day so I was waiting for it to stop. Oops!!

Anyway I was feeling lazy so I decided to do indoor light exercise—a mix of rope jumping, yoga and stretching. Feeling good now. :)",2026-05-03_19-03-06_hk_1777827786.fit,782,2026-05-03T17:30:25.000Z,1540.000,,96,,,,,,
2026-05-03,training,Stretching and Yoga,"I was planning to go to run in the morning but its raining whole day so I was waiting for it to stop. Oops!!

Anyway I was feeling lazy so I decided to do indoor light exercise—a mix of rope jumping, yoga and stretching. Feeling good now. :)",2026-05-03_19-03-06_hk_1777827786.fit,783,2026-05-03T17:30:28.000Z,1543.000,,100,,,,,,
2026-05-03,training,Stretching and Yoga,"I was planning to go to run in the morning but its raining whole day so I was waiting for it to stop. Oops!!

Anyway I was feeling lazy so I decided to do indoor light exercise—a mix of rope jumping, yoga and stretching. Feeling good now. :)",2026-05-03_19-03-06_hk_1777827786.fit,784,2026-05-03T17:30:30.000Z,1545.000,,100,,,,,,
2026-05-03,training,Stretching and Yoga,"I was planning to go to run in the morning but its raining whole day so I was waiting for it to stop. Oops!!

Anyway I was feeling lazy so I decided to do indoor light exercise—a mix of rope jumping, yoga and stretching. Feeling good now. :)",2026-05-03_19-03-06_hk_1777827786.fit,785,2026-05-03T17:30:33.000Z,1548.000,,100,,,,,,
2026-05-03,training,Stretching and Yoga,"I was planning to go to run in the morning but its raining whole day so I was waiting for it to stop. Oops!!

Anyway I was feeling lazy so I decided to do indoor light exercise—a mix of rope jumping, yoga and stretching. Feeling good now. :)",2026-05-03_19-03-06_hk_1777827786.fit,786,2026-05-03T17:30:35.000Z,1550.000,,100,,,,,,
2026-05-03,training,Stretching and Yoga,"I was planning to go to run in the morning but its raining whole day so I was waiting for it to stop. Oops!!

Anyway I was feeling lazy so I decided to do indoor light exercise—a mix of rope jumping, yoga and stretching. Feeling good now. :)",2026-05-03_19-03-06_hk_1777827786.fit,787,2026-05-03T17:30:37.000Z,1552.000,,107,,,,,,
2026-05-03,training,Stretching and Yoga,"I was planning to go to run in the morning but its raining whole day so I was waiting for it to stop. Oops!!

Anyway I was feeling lazy so I decided to do indoor light exercise—a mix of rope jumping, yoga and stretching. Feeling good now. :)",2026-05-03_19-03-06_hk_1777827786.fit,788,2026-05-03T17:30:38.000Z,1553.000,,107,,,,,,
2026-05-03,training,Stretching and Yoga,"I was planning to go to run in the morning but its raining whole day so I was waiting for it to stop. Oops!!

Anyway I was feeling lazy so I decided to do indoor light exercise—a mix of rope jumping, yoga and stretching. Feeling good now. :)",2026-05-03_19-03-06_hk_1777827786.fit,789,2026-05-03T17:30:40.000Z,1555.000,,107,,,,,,
2026-05-03,training,Stretching and Yoga,"I was planning to go to run in the morning but its raining whole day so I was waiting for it to stop. Oops!!

Anyway I was feeling lazy so I decided to do indoor light exercise—a mix of rope jumping, yoga and stretching. Feeling good now. :)",2026-05-03_19-03-06_hk_1777827786.fit,790,2026-05-03T17:30:42.000Z,1557.000,,104,,,,,,
2026-05-03,training,Stretching and Yoga,"I was planning to go to run in the morning but its raining whole day so I was waiting for it to stop. Oops!!

Anyway I was feeling lazy so I decided to do indoor light exercise—a mix of rope jumping, yoga and stretching. Feeling good now. :)",2026-05-03_19-03-06_hk_1777827786.fit,791,2026-05-03T17:30:43.000Z,1558.000,,104,,,,,,
2026-05-03,training,Stretching and Yoga,"I was planning to go to run in the morning but its raining whole day so I was waiting for it to stop. Oops!!

Anyway I was feeling lazy so I decided to do indoor light exercise—a mix of rope jumping, yoga and stretching. Feeling good now. :)",2026-05-03_19-03-06_hk_1777827786.fit,792,2026-05-03T17:30:44.000Z,1559.000,,103,,,,,,
2026-05-03,training,Stretching and Yoga,"I was planning to go to run in the morning but its raining whole day so I was waiting for it to stop. Oops!!

Anyway I was feeling lazy so I decided to do indoor light exercise—a mix of rope jumping, yoga and stretching. Feeling good now. :)",2026-05-03_19-03-06_hk_1777827786.fit,793,2026-05-03T17:30:45.000Z,1560.000,,103,,,,,,
2026-05-03,training,Stretching and Yoga,"I was planning to go to run in the morning but its raining whole day so I was waiting for it to stop. Oops!!

Anyway I was feeling lazy so I decided to do indoor light exercise—a mix of rope jumping, yoga and stretching. Feeling good now. :)",2026-05-03_19-03-06_hk_1777827786.fit,794,2026-05-03T17:30:48.000Z,1563.000,,103,,,,,,
2026-05-03,training,Stretching and Yoga,"I was planning to go to run in the morning but its raining whole day so I was waiting for it to stop. Oops!!

Anyway I was feeling lazy so I decided to do indoor light exercise—a mix of rope jumping, yoga and stretching. Feeling good now. :)",2026-05-03_19-03-06_hk_1777827786.fit,795,2026-05-03T17:30:51.000Z,1566.000,,104,,,,,,
2026-05-03,training,Stretching and Yoga,"I was planning to go to run in the morning but its raining whole day so I was waiting for it to stop. Oops!!

Anyway I was feeling lazy so I decided to do indoor light exercise—a mix of rope jumping, yoga and stretching. Feeling good now. :)",2026-05-03_19-03-06_hk_1777827786.fit,796,2026-05-03T17:30:53.000Z,1568.000,,104,,,,,,
2026-05-03,training,Stretching and Yoga,"I was planning to go to run in the morning but its raining whole day so I was waiting for it to stop. Oops!!

Anyway I was feeling lazy so I decided to do indoor light exercise—a mix of rope jumping, yoga and stretching. Feeling good now. :)",2026-05-03_19-03-06_hk_1777827786.fit,797,2026-05-03T17:30:56.000Z,1571.000,,104,,,,,,
2026-05-03,training,Stretching and Yoga,"I was planning to go to run in the morning but its raining whole day so I was waiting for it to stop. Oops!!

Anyway I was feeling lazy so I decided to do indoor light exercise—a mix of rope jumping, yoga and stretching. Feeling good now. :)",2026-05-03_19-03-06_hk_1777827786.fit,798,2026-05-03T17:30:57.000Z,1572.000,,109,,,,,,
2026-05-03,training,Stretching and Yoga,"I was planning to go to run in the morning but its raining whole day so I was waiting for it to stop. Oops!!

Anyway I was feeling lazy so I decided to do indoor light exercise—a mix of rope jumping, yoga and stretching. Feeling good now. :)",2026-05-03_19-03-06_hk_1777827786.fit,799,2026-05-03T17:30:58.000Z,1573.000,,109,,,,,,
2026-05-03,training,Stretching and Yoga,"I was planning to go to run in the morning but its raining whole day so I was waiting for it to stop. Oops!!

Anyway I was feeling lazy so I decided to do indoor light exercise—a mix of rope jumping, yoga and stretching. Feeling good now. :)",2026-05-03_19-03-06_hk_1777827786.fit,800,2026-05-03T17:31:00.000Z,1575.000,,109,,,,,,
2026-05-03,training,Stretching and Yoga,"I was planning to go to run in the morning but its raining whole day so I was waiting for it to stop. Oops!!

Anyway I was feeling lazy so I decided to do indoor light exercise—a mix of rope jumping, yoga and stretching. Feeling good now. :)",2026-05-03_19-03-06_hk_1777827786.fit,801,2026-05-03T17:31:01.000Z,1576.000,,109,,,,,,
2026-05-03,training,Stretching and Yoga,"I was planning to go to run in the morning but its raining whole day so I was waiting for it to stop. Oops!!

Anyway I was feeling lazy so I decided to do indoor light exercise—a mix of rope jumping, yoga and stretching. Feeling good now. :)",2026-05-03_19-03-06_hk_1777827786.fit,802,2026-05-03T17:31:03.000Z,1578.000,,109,,,,,,
2026-05-03,training,Stretching and Yoga,"I was planning to go to run in the morning but its raining whole day so I was waiting for it to stop. Oops!!

Anyway I was feeling lazy so I decided to do indoor light exercise—a mix of rope jumping, yoga and stretching. Feeling good now. :)",2026-05-03_19-03-06_hk_1777827786.fit,803,2026-05-03T17:31:06.000Z,1581.000,,109,,,,,,
2026-05-03,training,Stretching and Yoga,"I was planning to go to run in the morning but its raining whole day so I was waiting for it to stop. Oops!!

Anyway I was feeling lazy so I decided to do indoor light exercise—a mix of rope jumping, yoga and stretching. Feeling good now. :)",2026-05-03_19-03-06_hk_1777827786.fit,804,2026-05-03T17:31:07.000Z,1582.000,,105,,,,,,
2026-05-03,training,Stretching and Yoga,"I was planning to go to run in the morning but its raining whole day so I was waiting for it to stop. Oops!!

Anyway I was feeling lazy so I decided to do indoor light exercise—a mix of rope jumping, yoga and stretching. Feeling good now. :)",2026-05-03_19-03-06_hk_1777827786.fit,805,2026-05-03T17:31:08.000Z,1583.000,,105,,,,,,
2026-05-03,training,Stretching and Yoga,"I was planning to go to run in the morning but its raining whole day so I was waiting for it to stop. Oops!!

Anyway I was feeling lazy so I decided to do indoor light exercise—a mix of rope jumping, yoga and stretching. Feeling good now. :)",2026-05-03_19-03-06_hk_1777827786.fit,806,2026-05-03T17:31:11.000Z,1586.000,,105,,,,,,
2026-05-03,training,Stretching and Yoga,"I was planning to go to run in the morning but its raining whole day so I was waiting for it to stop. Oops!!

Anyway I was feeling lazy so I decided to do indoor light exercise—a mix of rope jumping, yoga and stretching. Feeling good now. :)",2026-05-03_19-03-06_hk_1777827786.fit,807,2026-05-03T17:31:12.000Z,1587.000,,103,,,,,,
2026-05-03,training,Stretching and Yoga,"I was planning to go to run in the morning but its raining whole day so I was waiting for it to stop. Oops!!

Anyway I was feeling lazy so I decided to do indoor light exercise—a mix of rope jumping, yoga and stretching. Feeling good now. :)",2026-05-03_19-03-06_hk_1777827786.fit,808,2026-05-03T17:31:13.000Z,1588.000,,103,,,,,,
2026-05-03,training,Stretching and Yoga,"I was planning to go to run in the morning but its raining whole day so I was waiting for it to stop. Oops!!

Anyway I was feeling lazy so I decided to do indoor light exercise—a mix of rope jumping, yoga and stretching. Feeling good now. :)",2026-05-03_19-03-06_hk_1777827786.fit,809,2026-05-03T17:31:14.000Z,1589.000,,103,,,,,,
2026-05-03,training,Stretching and Yoga,"I was planning to go to run in the morning but its raining whole day so I was waiting for it to stop. Oops!!

Anyway I was feeling lazy so I decided to do indoor light exercise—a mix of rope jumping, yoga and stretching. Feeling good now. :)",2026-05-03_19-03-06_hk_1777827786.fit,810,2026-05-03T17:31:16.000Z,1591.000,,103,,,,,,
2026-05-03,training,Stretching and Yoga,"I was planning to go to run in the morning but its raining whole day so I was waiting for it to stop. Oops!!

Anyway I was feeling lazy so I decided to do indoor light exercise—a mix of rope jumping, yoga and stretching. Feeling good now. :)",2026-05-03_19-03-06_hk_1777827786.fit,811,2026-05-03T17:31:19.000Z,1594.000,,99,,,,,,
2026-05-03,training,Stretching and Yoga,"I was planning to go to run in the morning but its raining whole day so I was waiting for it to stop. Oops!!

Anyway I was feeling lazy so I decided to do indoor light exercise—a mix of rope jumping, yoga and stretching. Feeling good now. :)",2026-05-03_19-03-06_hk_1777827786.fit,812,2026-05-03T17:31:21.000Z,1596.000,,99,,,,,,
2026-05-03,training,Stretching and Yoga,"I was planning to go to run in the morning but its raining whole day so I was waiting for it to stop. Oops!!

Anyway I was feeling lazy so I decided to do indoor light exercise—a mix of rope jumping, yoga and stretching. Feeling good now. :)",2026-05-03_19-03-06_hk_1777827786.fit,813,2026-05-03T17:31:24.000Z,1599.000,,100,,,,,,
2026-05-03,training,Stretching and Yoga,"I was planning to go to run in the morning but its raining whole day so I was waiting for it to stop. Oops!!

Anyway I was feeling lazy so I decided to do indoor light exercise—a mix of rope jumping, yoga and stretching. Feeling good now. :)",2026-05-03_19-03-06_hk_1777827786.fit,814,2026-05-03T17:31:26.000Z,1601.000,,100,,,,,,
2026-05-03,training,Stretching and Yoga,"I was planning to go to run in the morning but its raining whole day so I was waiting for it to stop. Oops!!

Anyway I was feeling lazy so I decided to do indoor light exercise—a mix of rope jumping, yoga and stretching. Feeling good now. :)",2026-05-03_19-03-06_hk_1777827786.fit,815,2026-05-03T17:31:29.000Z,1604.000,,103,,,,,,
2026-05-03,training,Stretching and Yoga,"I was planning to go to run in the morning but its raining whole day so I was waiting for it to stop. Oops!!

Anyway I was feeling lazy so I decided to do indoor light exercise—a mix of rope jumping, yoga and stretching. Feeling good now. :)",2026-05-03_19-03-06_hk_1777827786.fit,816,2026-05-03T17:31:32.000Z,1607.000,,103,,,,,,
2026-05-03,training,Stretching and Yoga,"I was planning to go to run in the morning but its raining whole day so I was waiting for it to stop. Oops!!

Anyway I was feeling lazy so I decided to do indoor light exercise—a mix of rope jumping, yoga and stretching. Feeling good now. :)",2026-05-03_19-03-06_hk_1777827786.fit,817,2026-05-03T17:31:34.000Z,1609.000,,103,,,,,,
2026-05-03,training,Stretching and Yoga,"I was planning to go to run in the morning but its raining whole day so I was waiting for it to stop. Oops!!

Anyway I was feeling lazy so I decided to do indoor light exercise—a mix of rope jumping, yoga and stretching. Feeling good now. :)",2026-05-03_19-03-06_hk_1777827786.fit,818,2026-05-03T17:31:37.000Z,1612.000,,96,,,,,,
2026-05-03,training,Stretching and Yoga,"I was planning to go to run in the morning but its raining whole day so I was waiting for it to stop. Oops!!

Anyway I was feeling lazy so I decided to do indoor light exercise—a mix of rope jumping, yoga and stretching. Feeling good now. :)",2026-05-03_19-03-06_hk_1777827786.fit,819,2026-05-03T17:31:39.000Z,1614.000,,96,,,,,,
2026-05-03,training,Stretching and Yoga,"I was planning to go to run in the morning but its raining whole day so I was waiting for it to stop. Oops!!

Anyway I was feeling lazy so I decided to do indoor light exercise—a mix of rope jumping, yoga and stretching. Feeling good now. :)",2026-05-03_19-03-06_hk_1777827786.fit,820,2026-05-03T17:31:42.000Z,1617.000,,94,,,,,,
2026-05-03,training,Stretching and Yoga,"I was planning to go to run in the morning but its raining whole day so I was waiting for it to stop. Oops!!

Anyway I was feeling lazy so I decided to do indoor light exercise—a mix of rope jumping, yoga and stretching. Feeling good now. :)",2026-05-03_19-03-06_hk_1777827786.fit,821,2026-05-03T17:31:43.000Z,1618.000,,93,,,,,,
2026-05-03,training,Stretching and Yoga,"I was planning to go to run in the morning but its raining whole day so I was waiting for it to stop. Oops!!

Anyway I was feeling lazy so I decided to do indoor light exercise—a mix of rope jumping, yoga and stretching. Feeling good now. :)",2026-05-03_19-03-06_hk_1777827786.fit,822,2026-05-03T17:31:44.000Z,1619.000,,93,,,,,,
2026-05-03,training,Stretching and Yoga,"I was planning to go to run in the morning but its raining whole day so I was waiting for it to stop. Oops!!

Anyway I was feeling lazy so I decided to do indoor light exercise—a mix of rope jumping, yoga and stretching. Feeling good now. :)",2026-05-03_19-03-06_hk_1777827786.fit,823,2026-05-03T17:31:47.000Z,1622.000,,93,,,,,,
2026-05-03,training,Stretching and Yoga,"I was planning to go to run in the morning but its raining whole day so I was waiting for it to stop. Oops!!

Anyway I was feeling lazy so I decided to do indoor light exercise—a mix of rope jumping, yoga and stretching. Feeling good now. :)",2026-05-03_19-03-06_hk_1777827786.fit,824,2026-05-03T17:31:49.000Z,1624.000,,95,,,,,,
2026-05-03,training,Stretching and Yoga,"I was planning to go to run in the morning but its raining whole day so I was waiting for it to stop. Oops!!

Anyway I was feeling lazy so I decided to do indoor light exercise—a mix of rope jumping, yoga and stretching. Feeling good now. :)",2026-05-03_19-03-06_hk_1777827786.fit,825,2026-05-03T17:31:52.000Z,1627.000,,95,,,,,,
2026-05-03,training,Stretching and Yoga,"I was planning to go to run in the morning but its raining whole day so I was waiting for it to stop. Oops!!

Anyway I was feeling lazy so I decided to do indoor light exercise—a mix of rope jumping, yoga and stretching. Feeling good now. :)",2026-05-03_19-03-06_hk_1777827786.fit,826,2026-05-03T17:31:55.000Z,1630.000,,95,,,,,,
2026-05-03,training,Stretching and Yoga,"I was planning to go to run in the morning but its raining whole day so I was waiting for it to stop. Oops!!

Anyway I was feeling lazy so I decided to do indoor light exercise—a mix of rope jumping, yoga and stretching. Feeling good now. :)",2026-05-03_19-03-06_hk_1777827786.fit,827,2026-05-03T17:31:57.000Z,1632.000,,95,,,,,,
2026-05-03,training,Stretching and Yoga,"I was planning to go to run in the morning but its raining whole day so I was waiting for it to stop. Oops!!

Anyway I was feeling lazy so I decided to do indoor light exercise—a mix of rope jumping, yoga and stretching. Feeling good now. :)",2026-05-03_19-03-06_hk_1777827786.fit,828,2026-05-03T17:31:58.000Z,1633.000,,99,,,,,,
2026-05-03,training,Stretching and Yoga,"I was planning to go to run in the morning but its raining whole day so I was waiting for it to stop. Oops!!

Anyway I was feeling lazy so I decided to do indoor light exercise—a mix of rope jumping, yoga and stretching. Feeling good now. :)",2026-05-03_19-03-06_hk_1777827786.fit,829,2026-05-03T17:31:59.000Z,1634.000,,98,,,,,,
2026-05-03,training,Stretching and Yoga,"I was planning to go to run in the morning but its raining whole day so I was waiting for it to stop. Oops!!

Anyway I was feeling lazy so I decided to do indoor light exercise—a mix of rope jumping, yoga and stretching. Feeling good now. :)",2026-05-03_19-03-06_hk_1777827786.fit,830,2026-05-03T17:32:00.000Z,1635.000,,98,,,,,,
2026-05-03,training,Stretching and Yoga,"I was planning to go to run in the morning but its raining whole day so I was waiting for it to stop. Oops!!

Anyway I was feeling lazy so I decided to do indoor light exercise—a mix of rope jumping, yoga and stretching. Feeling good now. :)",2026-05-03_19-03-06_hk_1777827786.fit,831,2026-05-03T17:32:02.000Z,1637.000,,98,,,,,,
2026-05-03,training,Stretching and Yoga,"I was planning to go to run in the morning but its raining whole day so I was waiting for it to stop. Oops!!

Anyway I was feeling lazy so I decided to do indoor light exercise—a mix of rope jumping, yoga and stretching. Feeling good now. :)",2026-05-03_19-03-06_hk_1777827786.fit,832,2026-05-03T17:32:05.000Z,1640.000,,98,,,,,,
2026-05-03,training,Stretching and Yoga,"I was planning to go to run in the morning but its raining whole day so I was waiting for it to stop. Oops!!

Anyway I was feeling lazy so I decided to do indoor light exercise—a mix of rope jumping, yoga and stretching. Feeling good now. :)",2026-05-03_19-03-06_hk_1777827786.fit,833,2026-05-03T17:32:07.000Z,1642.000,,98,,,,,,
2026-05-03,training,Stretching and Yoga,"I was planning to go to run in the morning but its raining whole day so I was waiting for it to stop. Oops!!

Anyway I was feeling lazy so I decided to do indoor light exercise—a mix of rope jumping, yoga and stretching. Feeling good now. :)",2026-05-03_19-03-06_hk_1777827786.fit,834,2026-05-03T17:32:08.000Z,1643.000,,95,,,,,,
2026-05-03,training,Stretching and Yoga,"I was planning to go to run in the morning but its raining whole day so I was waiting for it to stop. Oops!!

Anyway I was feeling lazy so I decided to do indoor light exercise—a mix of rope jumping, yoga and stretching. Feeling good now. :)",2026-05-03_19-03-06_hk_1777827786.fit,835,2026-05-03T17:32:10.000Z,1645.000,,95,,,,,,
2026-05-03,training,Stretching and Yoga,"I was planning to go to run in the morning but its raining whole day so I was waiting for it to stop. Oops!!

Anyway I was feeling lazy so I decided to do indoor light exercise—a mix of rope jumping, yoga and stretching. Feeling good now. :)",2026-05-03_19-03-06_hk_1777827786.fit,836,2026-05-03T17:32:12.000Z,1647.000,,91,,,,,,
2026-05-03,training,Stretching and Yoga,"I was planning to go to run in the morning but its raining whole day so I was waiting for it to stop. Oops!!

Anyway I was feeling lazy so I decided to do indoor light exercise—a mix of rope jumping, yoga and stretching. Feeling good now. :)",2026-05-03_19-03-06_hk_1777827786.fit,837,2026-05-03T17:32:14.000Z,1649.000,,89,,,,,,
2026-05-03,training,Stretching and Yoga,"I was planning to go to run in the morning but its raining whole day so I was waiting for it to stop. Oops!!

Anyway I was feeling lazy so I decided to do indoor light exercise—a mix of rope jumping, yoga and stretching. Feeling good now. :)",2026-05-03_19-03-06_hk_1777827786.fit,838,2026-05-03T17:32:15.000Z,1650.000,,89,,,,,,
2026-05-03,training,Stretching and Yoga,"I was planning to go to run in the morning but its raining whole day so I was waiting for it to stop. Oops!!

Anyway I was feeling lazy so I decided to do indoor light exercise—a mix of rope jumping, yoga and stretching. Feeling good now. :)",2026-05-03_19-03-06_hk_1777827786.fit,839,2026-05-03T17:32:18.000Z,1653.000,,89,,,,,,
2026-05-03,training,Stretching and Yoga,"I was planning to go to run in the morning but its raining whole day so I was waiting for it to stop. Oops!!

Anyway I was feeling lazy so I decided to do indoor light exercise—a mix of rope jumping, yoga and stretching. Feeling good now. :)",2026-05-03_19-03-06_hk_1777827786.fit,840,2026-05-03T17:32:20.000Z,1655.000,,89,,,,,,
2026-05-03,training,Stretching and Yoga,"I was planning to go to run in the morning but its raining whole day so I was waiting for it to stop. Oops!!

Anyway I was feeling lazy so I decided to do indoor light exercise—a mix of rope jumping, yoga and stretching. Feeling good now. :)",2026-05-03_19-03-06_hk_1777827786.fit,841,2026-05-03T17:32:23.000Z,1658.000,,98,,,,,,
2026-05-03,training,Stretching and Yoga,"I was planning to go to run in the morning but its raining whole day so I was waiting for it to stop. Oops!!

Anyway I was feeling lazy so I decided to do indoor light exercise—a mix of rope jumping, yoga and stretching. Feeling good now. :)",2026-05-03_19-03-06_hk_1777827786.fit,842,2026-05-03T17:32:25.000Z,1660.000,,98,,,,,,
2026-05-03,training,Stretching and Yoga,"I was planning to go to run in the morning but its raining whole day so I was waiting for it to stop. Oops!!

Anyway I was feeling lazy so I decided to do indoor light exercise—a mix of rope jumping, yoga and stretching. Feeling good now. :)",2026-05-03_19-03-06_hk_1777827786.fit,843,2026-05-03T17:32:28.000Z,1663.000,,90,,,,,,
2026-05-03,training,Stretching and Yoga,"I was planning to go to run in the morning but its raining whole day so I was waiting for it to stop. Oops!!

Anyway I was feeling lazy so I decided to do indoor light exercise—a mix of rope jumping, yoga and stretching. Feeling good now. :)",2026-05-03_19-03-06_hk_1777827786.fit,844,2026-05-03T17:32:30.000Z,1665.000,,88,,,,,,
2026-05-03,training,Stretching and Yoga,"I was planning to go to run in the morning but its raining whole day so I was waiting for it to stop. Oops!!

Anyway I was feeling lazy so I decided to do indoor light exercise—a mix of rope jumping, yoga and stretching. Feeling good now. :)",2026-05-03_19-03-06_hk_1777827786.fit,845,2026-05-03T17:32:33.000Z,1668.000,,88,,,,,,
2026-05-03,training,Stretching and Yoga,"I was planning to go to run in the morning but its raining whole day so I was waiting for it to stop. Oops!!

Anyway I was feeling lazy so I decided to do indoor light exercise—a mix of rope jumping, yoga and stretching. Feeling good now. :)",2026-05-03_19-03-06_hk_1777827786.fit,846,2026-05-03T17:32:34.000Z,1669.000,,91,,,,,,
2026-05-03,training,Stretching and Yoga,"I was planning to go to run in the morning but its raining whole day so I was waiting for it to stop. Oops!!

Anyway I was feeling lazy so I decided to do indoor light exercise—a mix of rope jumping, yoga and stretching. Feeling good now. :)",2026-05-03_19-03-06_hk_1777827786.fit,847,2026-05-03T17:32:36.000Z,1671.000,,91,,,,,,
2026-05-03,training,Stretching and Yoga,"I was planning to go to run in the morning but its raining whole day so I was waiting for it to stop. Oops!!

Anyway I was feeling lazy so I decided to do indoor light exercise—a mix of rope jumping, yoga and stretching. Feeling good now. :)",2026-05-03_19-03-06_hk_1777827786.fit,848,2026-05-03T17:32:38.000Z,1673.000,,91,,,,,,
2026-05-03,training,Stretching and Yoga,"I was planning to go to run in the morning but its raining whole day so I was waiting for it to stop. Oops!!

Anyway I was feeling lazy so I decided to do indoor light exercise—a mix of rope jumping, yoga and stretching. Feeling good now. :)",2026-05-03_19-03-06_hk_1777827786.fit,849,2026-05-03T17:32:41.000Z,1676.000,,91,,,,,,
2026-05-03,training,Stretching and Yoga,"I was planning to go to run in the morning but its raining whole day so I was waiting for it to stop. Oops!!

Anyway I was feeling lazy so I decided to do indoor light exercise—a mix of rope jumping, yoga and stretching. Feeling good now. :)",2026-05-03_19-03-06_hk_1777827786.fit,850,2026-05-03T17:32:43.000Z,1678.000,,101,,,,,,
2026-05-03,training,Stretching and Yoga,"I was planning to go to run in the morning but its raining whole day so I was waiting for it to stop. Oops!!

Anyway I was feeling lazy so I decided to do indoor light exercise—a mix of rope jumping, yoga and stretching. Feeling good now. :)",2026-05-03_19-03-06_hk_1777827786.fit,851,2026-05-03T17:32:46.000Z,1681.000,,101,,,,,,
2026-05-03,training,Stretching and Yoga,"I was planning to go to run in the morning but its raining whole day so I was waiting for it to stop. Oops!!

Anyway I was feeling lazy so I decided to do indoor light exercise—a mix of rope jumping, yoga and stretching. Feeling good now. :)",2026-05-03_19-03-06_hk_1777827786.fit,852,2026-05-03T17:32:48.000Z,1683.000,,101,,,,,,
2026-05-03,training,Stretching and Yoga,"I was planning to go to run in the morning but its raining whole day so I was waiting for it to stop. Oops!!

Anyway I was feeling lazy so I decided to do indoor light exercise—a mix of rope jumping, yoga and stretching. Feeling good now. :)",2026-05-03_19-03-06_hk_1777827786.fit,853,2026-05-03T17:32:49.000Z,1684.000,,101,,,,,,
2026-05-03,training,Stretching and Yoga,"I was planning to go to run in the morning but its raining whole day so I was waiting for it to stop. Oops!!

Anyway I was feeling lazy so I decided to do indoor light exercise—a mix of rope jumping, yoga and stretching. Feeling good now. :)",2026-05-03_19-03-06_hk_1777827786.fit,854,2026-05-03T17:32:50.000Z,1685.000,,100,,,,,,
2026-05-03,training,Stretching and Yoga,"I was planning to go to run in the morning but its raining whole day so I was waiting for it to stop. Oops!!

Anyway I was feeling lazy so I decided to do indoor light exercise—a mix of rope jumping, yoga and stretching. Feeling good now. :)",2026-05-03_19-03-06_hk_1777827786.fit,855,2026-05-03T17:32:51.000Z,1686.000,,100,,,,,,
2026-05-03,training,Stretching and Yoga,"I was planning to go to run in the morning but its raining whole day so I was waiting for it to stop. Oops!!

Anyway I was feeling lazy so I decided to do indoor light exercise—a mix of rope jumping, yoga and stretching. Feeling good now. :)",2026-05-03_19-03-06_hk_1777827786.fit,856,2026-05-03T17:32:53.000Z,1688.000,,100,,,,,,
2026-05-03,training,Stretching and Yoga,"I was planning to go to run in the morning but its raining whole day so I was waiting for it to stop. Oops!!

Anyway I was feeling lazy so I decided to do indoor light exercise—a mix of rope jumping, yoga and stretching. Feeling good now. :)",2026-05-03_19-03-06_hk_1777827786.fit,857,2026-05-03T17:32:55.000Z,1690.000,,94,,,,,,
2026-05-03,training,Stretching and Yoga,"I was planning to go to run in the morning but its raining whole day so I was waiting for it to stop. Oops!!

Anyway I was feeling lazy so I decided to do indoor light exercise—a mix of rope jumping, yoga and stretching. Feeling good now. :)",2026-05-03_19-03-06_hk_1777827786.fit,858,2026-05-03T17:32:56.000Z,1691.000,,94,,,,,,
2026-05-03,training,Stretching and Yoga,"I was planning to go to run in the morning but its raining whole day so I was waiting for it to stop. Oops!!

Anyway I was feeling lazy so I decided to do indoor light exercise—a mix of rope jumping, yoga and stretching. Feeling good now. :)",2026-05-03_19-03-06_hk_1777827786.fit,859,2026-05-03T17:32:59.000Z,1694.000,,94,,,,,,
2026-05-03,training,Stretching and Yoga,"I was planning to go to run in the morning but its raining whole day so I was waiting for it to stop. Oops!!

Anyway I was feeling lazy so I decided to do indoor light exercise—a mix of rope jumping, yoga and stretching. Feeling good now. :)",2026-05-03_19-03-06_hk_1777827786.fit,860,2026-05-03T17:33:00.000Z,1695.000,,92,,,,,,
2026-05-03,training,Stretching and Yoga,"I was planning to go to run in the morning but its raining whole day so I was waiting for it to stop. Oops!!

Anyway I was feeling lazy so I decided to do indoor light exercise—a mix of rope jumping, yoga and stretching. Feeling good now. :)",2026-05-03_19-03-06_hk_1777827786.fit,861,2026-05-03T17:33:01.000Z,1696.000,,92,,,,,,
2026-05-03,training,Stretching and Yoga,"I was planning to go to run in the morning but its raining whole day so I was waiting for it to stop. Oops!!

Anyway I was feeling lazy so I decided to do indoor light exercise—a mix of rope jumping, yoga and stretching. Feeling good now. :)",2026-05-03_19-03-06_hk_1777827786.fit,862,2026-05-03T17:33:04.000Z,1699.000,,92,,,,,,
2026-05-03,training,Stretching and Yoga,"I was planning to go to run in the morning but its raining whole day so I was waiting for it to stop. Oops!!

Anyway I was feeling lazy so I decided to do indoor light exercise—a mix of rope jumping, yoga and stretching. Feeling good now. :)",2026-05-03_19-03-06_hk_1777827786.fit,863,2026-05-03T17:33:06.000Z,1701.000,,92,,,,,,
2026-05-03,training,Stretching and Yoga,"I was planning to go to run in the morning but its raining whole day so I was waiting for it to stop. Oops!!

Anyway I was feeling lazy so I decided to do indoor light exercise—a mix of rope jumping, yoga and stretching. Feeling good now. :)",2026-05-03_19-03-06_hk_1777827786.fit,864,2026-05-03T17:33:07.000Z,1702.000,,97,,,,,,
2026-05-03,training,Stretching and Yoga,"I was planning to go to run in the morning but its raining whole day so I was waiting for it to stop. Oops!!

Anyway I was feeling lazy so I decided to do indoor light exercise—a mix of rope jumping, yoga and stretching. Feeling good now. :)",2026-05-03_19-03-06_hk_1777827786.fit,865,2026-05-03T17:33:09.000Z,1704.000,,97,,,,,,
2026-05-03,training,Stretching and Yoga,"I was planning to go to run in the morning but its raining whole day so I was waiting for it to stop. Oops!!

Anyway I was feeling lazy so I decided to do indoor light exercise—a mix of rope jumping, yoga and stretching. Feeling good now. :)",2026-05-03_19-03-06_hk_1777827786.fit,866,2026-05-03T17:33:11.000Z,1706.000,,97,,,,,,
2026-05-03,training,Stretching and Yoga,"I was planning to go to run in the morning but its raining whole day so I was waiting for it to stop. Oops!!

Anyway I was feeling lazy so I decided to do indoor light exercise—a mix of rope jumping, yoga and stretching. Feeling good now. :)",2026-05-03_19-03-06_hk_1777827786.fit,867,2026-05-03T17:33:14.000Z,1709.000,,93,,,,,,
2026-05-03,training,Stretching and Yoga,"I was planning to go to run in the morning but its raining whole day so I was waiting for it to stop. Oops!!

Anyway I was feeling lazy so I decided to do indoor light exercise—a mix of rope jumping, yoga and stretching. Feeling good now. :)",2026-05-03_19-03-06_hk_1777827786.fit,868,2026-05-03T17:33:16.000Z,1711.000,,93,,,,,,
2026-05-03,training,Stretching and Yoga,"I was planning to go to run in the morning but its raining whole day so I was waiting for it to stop. Oops!!

Anyway I was feeling lazy so I decided to do indoor light exercise—a mix of rope jumping, yoga and stretching. Feeling good now. :)",2026-05-03_19-03-06_hk_1777827786.fit,869,2026-05-03T17:33:17.000Z,1712.000,,93,,,,,,
2026-05-03,training,Stretching and Yoga,"I was planning to go to run in the morning but its raining whole day so I was waiting for it to stop. Oops!!

Anyway I was feeling lazy so I decided to do indoor light exercise—a mix of rope jumping, yoga and stretching. Feeling good now. :)",2026-05-03_19-03-06_hk_1777827786.fit,870,2026-05-03T17:33:19.000Z,1714.000,,93,,,,,,
2026-05-03,training,Stretching and Yoga,"I was planning to go to run in the morning but its raining whole day so I was waiting for it to stop. Oops!!

Anyway I was feeling lazy so I decided to do indoor light exercise—a mix of rope jumping, yoga and stretching. Feeling good now. :)",2026-05-03_19-03-06_hk_1777827786.fit,871,2026-05-03T17:33:20.000Z,1715.000,,94,,,,,,
2026-05-03,training,Stretching and Yoga,"I was planning to go to run in the morning but its raining whole day so I was waiting for it to stop. Oops!!

Anyway I was feeling lazy so I decided to do indoor light exercise—a mix of rope jumping, yoga and stretching. Feeling good now. :)",2026-05-03_19-03-06_hk_1777827786.fit,872,2026-05-03T17:33:22.000Z,1717.000,,94,,,,,,
2026-05-03,training,Stretching and Yoga,"I was planning to go to run in the morning but its raining whole day so I was waiting for it to stop. Oops!!

Anyway I was feeling lazy so I decided to do indoor light exercise—a mix of rope jumping, yoga and stretching. Feeling good now. :)",2026-05-03_19-03-06_hk_1777827786.fit,873,2026-05-03T17:33:24.000Z,1719.000,,94,,,,,,
2026-05-03,training,Stretching and Yoga,"I was planning to go to run in the morning but its raining whole day so I was waiting for it to stop. Oops!!

Anyway I was feeling lazy so I decided to do indoor light exercise—a mix of rope jumping, yoga and stretching. Feeling good now. :)",2026-05-03_19-03-06_hk_1777827786.fit,874,2026-05-03T17:33:25.000Z,1720.000,,98,,,,,,
2026-05-03,training,Stretching and Yoga,"I was planning to go to run in the morning but its raining whole day so I was waiting for it to stop. Oops!!

Anyway I was feeling lazy so I decided to do indoor light exercise—a mix of rope jumping, yoga and stretching. Feeling good now. :)",2026-05-03_19-03-06_hk_1777827786.fit,875,2026-05-03T17:33:27.000Z,1722.000,,98,,,,,,
2026-05-03,training,Stretching and Yoga,"I was planning to go to run in the morning but its raining whole day so I was waiting for it to stop. Oops!!

Anyway I was feeling lazy so I decided to do indoor light exercise—a mix of rope jumping, yoga and stretching. Feeling good now. :)",2026-05-03_19-03-06_hk_1777827786.fit,876,2026-05-03T17:33:29.000Z,1724.000,,98,,,,,,
2026-05-03,training,Stretching and Yoga,"I was planning to go to run in the morning but its raining whole day so I was waiting for it to stop. Oops!!

Anyway I was feeling lazy so I decided to do indoor light exercise—a mix of rope jumping, yoga and stretching. Feeling good now. :)",2026-05-03_19-03-06_hk_1777827786.fit,877,2026-05-03T17:33:32.000Z,1727.000,,98,,,,,,
2026-05-03,training,Stretching and Yoga,"I was planning to go to run in the morning but its raining whole day so I was waiting for it to stop. Oops!!

Anyway I was feeling lazy so I decided to do indoor light exercise—a mix of rope jumping, yoga and stretching. Feeling good now. :)",2026-05-03_19-03-06_hk_1777827786.fit,878,2026-05-03T17:33:34.000Z,1729.000,,94,,,,,,
2026-05-03,training,Stretching and Yoga,"I was planning to go to run in the morning but its raining whole day so I was waiting for it to stop. Oops!!

Anyway I was feeling lazy so I decided to do indoor light exercise—a mix of rope jumping, yoga and stretching. Feeling good now. :)",2026-05-03_19-03-06_hk_1777827786.fit,879,2026-05-03T17:33:37.000Z,1732.000,,94,,,,,,
2026-05-03,training,Stretching and Yoga,"I was planning to go to run in the morning but its raining whole day so I was waiting for it to stop. Oops!!

Anyway I was feeling lazy so I decided to do indoor light exercise—a mix of rope jumping, yoga and stretching. Feeling good now. :)",2026-05-03_19-03-06_hk_1777827786.fit,880,2026-05-03T17:33:38.000Z,1733.000,,96,,,,,,
2026-05-03,training,Stretching and Yoga,"I was planning to go to run in the morning but its raining whole day so I was waiting for it to stop. Oops!!

Anyway I was feeling lazy so I decided to do indoor light exercise—a mix of rope jumping, yoga and stretching. Feeling good now. :)",2026-05-03_19-03-06_hk_1777827786.fit,881,2026-05-03T17:33:40.000Z,1735.000,,96,,,,,,
2026-05-03,training,Stretching and Yoga,"I was planning to go to run in the morning but its raining whole day so I was waiting for it to stop. Oops!!

Anyway I was feeling lazy so I decided to do indoor light exercise—a mix of rope jumping, yoga and stretching. Feeling good now. :)",2026-05-03_19-03-06_hk_1777827786.fit,882,2026-05-03T17:33:42.000Z,1737.000,,96,,,,,,
2026-05-03,training,Stretching and Yoga,"I was planning to go to run in the morning but its raining whole day so I was waiting for it to stop. Oops!!

Anyway I was feeling lazy so I decided to do indoor light exercise—a mix of rope jumping, yoga and stretching. Feeling good now. :)",2026-05-03_19-03-06_hk_1777827786.fit,883,2026-05-03T17:33:44.000Z,1739.000,,93,,,,,,
2026-05-03,training,Stretching and Yoga,"I was planning to go to run in the morning but its raining whole day so I was waiting for it to stop. Oops!!

Anyway I was feeling lazy so I decided to do indoor light exercise—a mix of rope jumping, yoga and stretching. Feeling good now. :)",2026-05-03_19-03-06_hk_1777827786.fit,884,2026-05-03T17:33:45.000Z,1740.000,,93,,,,,,
2026-05-03,training,Stretching and Yoga,"I was planning to go to run in the morning but its raining whole day so I was waiting for it to stop. Oops!!

Anyway I was feeling lazy so I decided to do indoor light exercise—a mix of rope jumping, yoga and stretching. Feeling good now. :)",2026-05-03_19-03-06_hk_1777827786.fit,885,2026-05-03T17:33:47.000Z,1742.000,,93,,,,,,
2026-05-03,training,Stretching and Yoga,"I was planning to go to run in the morning but its raining whole day so I was waiting for it to stop. Oops!!

Anyway I was feeling lazy so I decided to do indoor light exercise—a mix of rope jumping, yoga and stretching. Feeling good now. :)",2026-05-03_19-03-06_hk_1777827786.fit,886,2026-05-03T17:33:49.000Z,1744.000,,86,,,,,,
2026-05-03,training,Stretching and Yoga,"I was planning to go to run in the morning but its raining whole day so I was waiting for it to stop. Oops!!

Anyway I was feeling lazy so I decided to do indoor light exercise—a mix of rope jumping, yoga and stretching. Feeling good now. :)",2026-05-03_19-03-06_hk_1777827786.fit,887,2026-05-03T17:33:50.000Z,1745.000,,86,,,,,,
2026-05-03,training,Stretching and Yoga,"I was planning to go to run in the morning but its raining whole day so I was waiting for it to stop. Oops!!

Anyway I was feeling lazy so I decided to do indoor light exercise—a mix of rope jumping, yoga and stretching. Feeling good now. :)",2026-05-03_19-03-06_hk_1777827786.fit,888,2026-05-03T17:33:52.000Z,1747.000,,86,,,,,,
2026-05-03,training,Stretching and Yoga,"I was planning to go to run in the morning but its raining whole day so I was waiting for it to stop. Oops!!

Anyway I was feeling lazy so I decided to do indoor light exercise—a mix of rope jumping, yoga and stretching. Feeling good now. :)",2026-05-03_19-03-06_hk_1777827786.fit,889,2026-05-03T17:33:54.000Z,1749.000,,84,,,,,,
2026-05-03,training,Stretching and Yoga,"I was planning to go to run in the morning but its raining whole day so I was waiting for it to stop. Oops!!

Anyway I was feeling lazy so I decided to do indoor light exercise—a mix of rope jumping, yoga and stretching. Feeling good now. :)",2026-05-03_19-03-06_hk_1777827786.fit,890,2026-05-03T17:33:55.000Z,1750.000,,84,,,,,,
2026-05-03,training,Stretching and Yoga,"I was planning to go to run in the morning but its raining whole day so I was waiting for it to stop. Oops!!

Anyway I was feeling lazy so I decided to do indoor light exercise—a mix of rope jumping, yoga and stretching. Feeling good now. :)",2026-05-03_19-03-06_hk_1777827786.fit,891,2026-05-03T17:33:56.000Z,1751.000,,83,,,,,,