workout_date,workout_type,title,notes,source_file,record_index,timestamp,elapsed_seconds,distance_m,heart_rate,power,cadence,speed,altitude,latitude,longitude
2026-08-13,Running,Morning Run,"I am trying to follow the idea of running alternative days. This makes me less worry about possible injuries as my body can rest as well, and built stamina for longer runs.

Great day. :)",2026-08-13_08-37-03_hk_1786603023.fit,1,2026-08-13T06:37:03.000Z,0.000,0,101,,,,,,
2026-08-13,Running,Morning Run,"I am trying to follow the idea of running alternative days. This makes me less worry about possible injuries as my body can rest as well, and built stamina for longer runs.

Great day. :)",2026-08-13_08-37-03_hk_1786603023.fit,2,2026-08-13T06:37:04.000Z,1.000,2.88,100,,,,30.03,50.820444,4.40307
2026-08-13,Running,Morning Run,"I am trying to follow the idea of running alternative days. This makes me less worry about possible injuries as my body can rest as well, and built stamina for longer runs.

Great day. :)",2026-08-13_08-37-03_hk_1786603023.fit,3,2026-08-13T06:37:05.000Z,2.000,5.89,100,,,,30,50.820426,4.40307
2026-08-13,Running,Morning Run,"I am trying to follow the idea of running alternative days. This makes me less worry about possible injuries as my body can rest as well, and built stamina for longer runs.

Great day. :)",2026-08-13_08-37-03_hk_1786603023.fit,4,2026-08-13T06:37:06.000Z,3.000,8.9,100,,141,,29.97,50.820408,4.403088
2026-08-13,Running,Morning Run,"I am trying to follow the idea of running alternative days. This makes me less worry about possible injuries as my body can rest as well, and built stamina for longer runs.

Great day. :)",2026-08-13_08-37-03_hk_1786603023.fit,5,2026-08-13T06:37:07.000Z,4.000,11.91,100,169,141,,29.94,50.82039,4.403106
2026-08-13,Running,Morning Run,"I am trying to follow the idea of running alternative days. This makes me less worry about possible injuries as my body can rest as well, and built stamina for longer runs.

Great day. :)",2026-08-13_08-37-03_hk_1786603023.fit,6,2026-08-13T06:37:08.000Z,5.000,14.55,100,169,141,,29.92,50.820372,4.403124
2026-08-13,Running,Morning Run,"I am trying to follow the idea of running alternative days. This makes me less worry about possible injuries as my body can rest as well, and built stamina for longer runs.

Great day. :)",2026-08-13_08-37-03_hk_1786603023.fit,7,2026-08-13T06:37:09.000Z,6.000,17.18,104,183,106,,29.91,50.820354,4.403142
2026-08-13,Running,Morning Run,"I am trying to follow the idea of running alternative days. This makes me less worry about possible injuries as my body can rest as well, and built stamina for longer runs.

Great day. :)",2026-08-13_08-37-03_hk_1786603023.fit,8,2026-08-13T06:37:10.000Z,7.000,19.53,104,183,106,,29.9,50.820336,4.40316
2026-08-13,Running,Morning Run,"I am trying to follow the idea of running alternative days. This makes me less worry about possible injuries as my body can rest as well, and built stamina for longer runs.

Great day. :)",2026-08-13_08-37-03_hk_1786603023.fit,9,2026-08-13T06:37:11.000Z,8.000,21.88,104,183,106,,29.89,50.820318,4.403178
2026-08-13,Running,Morning Run,"I am trying to follow the idea of running alternative days. This makes me less worry about possible injuries as my body can rest as well, and built stamina for longer runs.

Great day. :)",2026-08-13_08-37-03_hk_1786603023.fit,10,2026-08-13T06:37:12.000Z,9.000,24.23,104,180,96,,29.88,50.8203,4.403196
2026-08-13,Running,Morning Run,"I am trying to follow the idea of running alternative days. This makes me less worry about possible injuries as my body can rest as well, and built stamina for longer runs.

Great day. :)",2026-08-13_08-37-03_hk_1786603023.fit,11,2026-08-13T06:37:13.000Z,10.000,27.26,104,180,96,,29.88,50.820282,4.403196
2026-08-13,Running,Morning Run,"I am trying to follow the idea of running alternative days. This makes me less worry about possible injuries as my body can rest as well, and built stamina for longer runs.

Great day. :)",2026-08-13_08-37-03_hk_1786603023.fit,12,2026-08-13T06:37:14.000Z,11.000,30.28,110,186,96,,29.88,50.820264,4.403214
2026-08-13,Running,Morning Run,"I am trying to follow the idea of running alternative days. This makes me less worry about possible injuries as my body can rest as well, and built stamina for longer runs.

Great day. :)",2026-08-13_08-37-03_hk_1786603023.fit,13,2026-08-13T06:37:15.000Z,12.000,32.92,110,186,85,,29.88,50.820246,4.403232
2026-08-13,Running,Morning Run,"I am trying to follow the idea of running alternative days. This makes me less worry about possible injuries as my body can rest as well, and built stamina for longer runs.

Great day. :)",2026-08-13_08-37-03_hk_1786603023.fit,14,2026-08-13T06:37:16.000Z,13.000,35.55,110,186,85,,29.89,50.820228,4.40325
2026-08-13,Running,Morning Run,"I am trying to follow the idea of running alternative days. This makes me less worry about possible injuries as my body can rest as well, and built stamina for longer runs.

Great day. :)",2026-08-13_08-37-03_hk_1786603023.fit,15,2026-08-13T06:37:17.000Z,14.000,38.18,110,191,85,,29.89,50.82021,4.403268
2026-08-13,Running,Morning Run,"I am trying to follow the idea of running alternative days. This makes me less worry about possible injuries as my body can rest as well, and built stamina for longer runs.

Great day. :)",2026-08-13_08-37-03_hk_1786603023.fit,16,2026-08-13T06:37:18.000Z,15.000,41.04,110,191,76,,29.89,50.820174,4.403286
2026-08-13,Running,Morning Run,"I am trying to follow the idea of running alternative days. This makes me less worry about possible injuries as my body can rest as well, and built stamina for longer runs.

Great day. :)",2026-08-13_08-37-03_hk_1786603023.fit,17,2026-08-13T06:37:19.000Z,16.000,43.89,110,190,76,,29.89,50.820156,4.403286
2026-08-13,Running,Morning Run,"I am trying to follow the idea of running alternative days. This makes me less worry about possible injuries as my body can rest as well, and built stamina for longer runs.

Great day. :)",2026-08-13_08-37-03_hk_1786603023.fit,18,2026-08-13T06:37:20.000Z,17.000,45.98,110,190,76,,29.89,50.820138,4.403304
2026-08-13,Running,Morning Run,"I am trying to follow the idea of running alternative days. This makes me less worry about possible injuries as my body can rest as well, and built stamina for longer runs.

Great day. :)",2026-08-13_08-37-03_hk_1786603023.fit,19,2026-08-13T06:37:21.000Z,18.000,48.07,110,190,76,,29.9,50.82012,4.403304
2026-08-13,Running,Morning Run,"I am trying to follow the idea of running alternative days. This makes me less worry about possible injuries as my body can rest as well, and built stamina for longer runs.

Great day. :)",2026-08-13_08-37-03_hk_1786603023.fit,20,2026-08-13T06:37:22.000Z,19.000,50.15,110,189,76,,29.9,50.820102,4.403304
2026-08-13,Running,Morning Run,"I am trying to follow the idea of running alternative days. This makes me less worry about possible injuries as my body can rest as well, and built stamina for longer runs.

Great day. :)",2026-08-13_08-37-03_hk_1786603023.fit,21,2026-08-13T06:37:23.000Z,20.000,52.46,115,189,76,,29.9,50.820066,4.403304
2026-08-13,Running,Morning Run,"I am trying to follow the idea of running alternative days. This makes me less worry about possible injuries as my body can rest as well, and built stamina for longer runs.

Great day. :)",2026-08-13_08-37-03_hk_1786603023.fit,22,2026-08-13T06:37:24.000Z,21.000,54.77,115,183,76,2.595,29.9,50.820048,4.403322
2026-08-13,Running,Morning Run,"I am trying to follow the idea of running alternative days. This makes me less worry about possible injuries as my body can rest as well, and built stamina for longer runs.

Great day. :)",2026-08-13_08-37-03_hk_1786603023.fit,23,2026-08-13T06:37:25.000Z,22.000,57.36,118,183,76,2.574,29.91,50.82003,4.403322
2026-08-13,Running,Morning Run,"I am trying to follow the idea of running alternative days. This makes me less worry about possible injuries as my body can rest as well, and built stamina for longer runs.

Great day. :)",2026-08-13_08-37-03_hk_1786603023.fit,24,2026-08-13T06:37:26.000Z,23.000,59.95,118,183,76,2.552,29.91,50.820012,4.403322
2026-08-13,Running,Morning Run,"I am trying to follow the idea of running alternative days. This makes me less worry about possible injuries as my body can rest as well, and built stamina for longer runs.

Great day. :)",2026-08-13_08-37-03_hk_1786603023.fit,25,2026-08-13T06:37:27.000Z,24.000,62.53,118,185,76,2.531,29.91,50.819994,4.40334
2026-08-13,Running,Morning Run,"I am trying to follow the idea of running alternative days. This makes me less worry about possible injuries as my body can rest as well, and built stamina for longer runs.

Great day. :)",2026-08-13_08-37-03_hk_1786603023.fit,26,2026-08-13T06:37:28.000Z,25.000,64.76,118,185,76,2.511,29.91,50.819958,4.40334
2026-08-13,Running,Morning Run,"I am trying to follow the idea of running alternative days. This makes me less worry about possible injuries as my body can rest as well, and built stamina for longer runs.

Great day. :)",2026-08-13_08-37-03_hk_1786603023.fit,27,2026-08-13T06:37:29.000Z,26.000,66.99,123,185,76,2.497,29.92,50.81994,4.403358
2026-08-13,Running,Morning Run,"I am trying to follow the idea of running alternative days. This makes me less worry about possible injuries as my body can rest as well, and built stamina for longer runs.

Great day. :)",2026-08-13_08-37-03_hk_1786603023.fit,28,2026-08-13T06:37:30.000Z,27.000,69.21,123,187,76,2.478,29.92,50.819922,4.403358
2026-08-13,Running,Morning Run,"I am trying to follow the idea of running alternative days. This makes me less worry about possible injuries as my body can rest as well, and built stamina for longer runs.

Great day. :)",2026-08-13_08-37-03_hk_1786603023.fit,29,2026-08-13T06:37:31.000Z,28.000,72.22,123,187,76,2.517,29.92,50.819904,4.403376
2026-08-13,Running,Morning Run,"I am trying to follow the idea of running alternative days. This makes me less worry about possible injuries as my body can rest as well, and built stamina for longer runs.

Great day. :)",2026-08-13_08-37-03_hk_1786603023.fit,30,2026-08-13T06:37:32.000Z,29.000,75.22,123,186,76,2.549,29.92,50.819886,4.403376
2026-08-13,Running,Morning Run,"I am trying to follow the idea of running alternative days. This makes me less worry about possible injuries as my body can rest as well, and built stamina for longer runs.

Great day. :)",2026-08-13_08-37-03_hk_1786603023.fit,31,2026-08-13T06:37:33.000Z,30.000,77.27,123,186,76,2.501,29.93,50.81985,4.403394
2026-08-13,Running,Morning Run,"I am trying to follow the idea of running alternative days. This makes me less worry about possible injuries as my body can rest as well, and built stamina for longer runs.

Great day. :)",2026-08-13_08-37-03_hk_1786603023.fit,32,2026-08-13T06:37:34.000Z,31.000,79.32,123,186,76,2.479,29.93,50.819832,4.403394
2026-08-13,Running,Morning Run,"I am trying to follow the idea of running alternative days. This makes me less worry about possible injuries as my body can rest as well, and built stamina for longer runs.

Great day. :)",2026-08-13_08-37-03_hk_1786603023.fit,33,2026-08-13T06:37:35.000Z,32.000,81.36,123,187,76,2.432,29.93,50.819814,4.403412
2026-08-13,Running,Morning Run,"I am trying to follow the idea of running alternative days. This makes me less worry about possible injuries as my body can rest as well, and built stamina for longer runs.

Great day. :)",2026-08-13_08-37-03_hk_1786603023.fit,34,2026-08-13T06:37:36.000Z,33.000,85.01,123,187,76,2.481,29.93,50.819796,4.403412
2026-08-13,Running,Morning Run,"I am trying to follow the idea of running alternative days. This makes me less worry about possible injuries as my body can rest as well, and built stamina for longer runs.

Great day. :)",2026-08-13_08-37-03_hk_1786603023.fit,35,2026-08-13T06:37:37.000Z,34.000,88.65,123,188,76,2.524,29.93,50.81976,4.403412
2026-08-13,Running,Morning Run,"I am trying to follow the idea of running alternative days. This makes me less worry about possible injuries as my body can rest as well, and built stamina for longer runs.

Great day. :)",2026-08-13_08-37-03_hk_1786603023.fit,36,2026-08-13T06:37:38.000Z,35.000,90.74,123,188,76,2.503,29.93,50.819742,4.40343
2026-08-13,Running,Morning Run,"I am trying to follow the idea of running alternative days. This makes me less worry about possible injuries as my body can rest as well, and built stamina for longer runs.

Great day. :)",2026-08-13_08-37-03_hk_1786603023.fit,37,2026-08-13T06:37:39.000Z,36.000,92.82,123,188,78,2.466,29.93,50.819724,4.40343
2026-08-13,Running,Morning Run,"I am trying to follow the idea of running alternative days. This makes me less worry about possible injuries as my body can rest as well, and built stamina for longer runs.

Great day. :)",2026-08-13_08-37-03_hk_1786603023.fit,38,2026-08-13T06:37:40.000Z,37.000,94.9,123,187,78,2.429,29.93,50.819688,4.40343
2026-08-13,Running,Morning Run,"I am trying to follow the idea of running alternative days. This makes me less worry about possible injuries as my body can rest as well, and built stamina for longer runs.

Great day. :)",2026-08-13_08-37-03_hk_1786603023.fit,39,2026-08-13T06:37:41.000Z,38.000,98.13,123,187,78,2.503,29.93,50.81967,4.40343
2026-08-13,Running,Morning Run,"I am trying to follow the idea of running alternative days. This makes me less worry about possible injuries as my body can rest as well, and built stamina for longer runs.

Great day. :)",2026-08-13_08-37-03_hk_1786603023.fit,40,2026-08-13T06:37:42.000Z,39.000,101.36,123,188,76,2.56,29.93,50.819652,4.40343
2026-08-13,Running,Morning Run,"I am trying to follow the idea of running alternative days. This makes me less worry about possible injuries as my body can rest as well, and built stamina for longer runs.

Great day. :)",2026-08-13_08-37-03_hk_1786603023.fit,41,2026-08-13T06:37:43.000Z,40.000,103.97,123,188,76,2.575,29.93,50.819616,4.40343
2026-08-13,Running,Morning Run,"I am trying to follow the idea of running alternative days. This makes me less worry about possible injuries as my body can rest as well, and built stamina for longer runs.

Great day. :)",2026-08-13_08-37-03_hk_1786603023.fit,42,2026-08-13T06:37:44.000Z,41.000,106.58,123,188,76,2.59,29.93,50.819598,4.403412
2026-08-13,Running,Morning Run,"I am trying to follow the idea of running alternative days. This makes me less worry about possible injuries as my body can rest as well, and built stamina for longer runs.

Great day. :)",2026-08-13_08-37-03_hk_1786603023.fit,43,2026-08-13T06:37:45.000Z,42.000,109.2,123,190,79,2.592,29.93,50.81958,4.403412
2026-08-13,Running,Morning Run,"I am trying to follow the idea of running alternative days. This makes me less worry about possible injuries as my body can rest as well, and built stamina for longer runs.

Great day. :)",2026-08-13_08-37-03_hk_1786603023.fit,44,2026-08-13T06:37:46.000Z,43.000,110.89,123,190,79,2.547,29.93,50.819544,4.403412
2026-08-13,Running,Morning Run,"I am trying to follow the idea of running alternative days. This makes me less worry about possible injuries as my body can rest as well, and built stamina for longer runs.

Great day. :)",2026-08-13_08-37-03_hk_1786603023.fit,45,2026-08-13T06:37:47.000Z,44.000,112.58,123,190,79,2.503,29.93,50.819526,4.403412
2026-08-13,Running,Morning Run,"I am trying to follow the idea of running alternative days. This makes me less worry about possible injuries as my body can rest as well, and built stamina for longer runs.

Great day. :)",2026-08-13_08-37-03_hk_1786603023.fit,46,2026-08-13T06:37:48.000Z,45.000,114.28,123,192,76,2.464,29.93,50.819508,4.403412
2026-08-13,Running,Morning Run,"I am trying to follow the idea of running alternative days. This makes me less worry about possible injuries as my body can rest as well, and built stamina for longer runs.

Great day. :)",2026-08-13_08-37-03_hk_1786603023.fit,47,2026-08-13T06:37:49.000Z,46.000,118.08,123,192,76,2.555,29.93,50.819472,4.403412
2026-08-13,Running,Morning Run,"I am trying to follow the idea of running alternative days. This makes me less worry about possible injuries as my body can rest as well, and built stamina for longer runs.

Great day. :)",2026-08-13_08-37-03_hk_1786603023.fit,48,2026-08-13T06:37:50.000Z,47.000,121.89,123,193,76,2.634,29.93,50.819454,4.403412
2026-08-13,Running,Morning Run,"I am trying to follow the idea of running alternative days. This makes me less worry about possible injuries as my body can rest as well, and built stamina for longer runs.

Great day. :)",2026-08-13_08-37-03_hk_1786603023.fit,49,2026-08-13T06:37:51.000Z,48.000,124,123,193,76,2.589,29.92,50.819418,4.403412
2026-08-13,Running,Morning Run,"I am trying to follow the idea of running alternative days. This makes me less worry about possible injuries as my body can rest as well, and built stamina for longer runs.

Great day. :)",2026-08-13_08-37-03_hk_1786603023.fit,50,2026-08-13T06:37:52.000Z,49.000,126.11,123,193,76,2.544,29.92,50.8194,4.40343
2026-08-13,Running,Morning Run,"I am trying to follow the idea of running alternative days. This makes me less worry about possible injuries as my body can rest as well, and built stamina for longer runs.

Great day. :)",2026-08-13_08-37-03_hk_1786603023.fit,51,2026-08-13T06:37:53.000Z,50.000,128.22,123,193,76,2.547,29.92,50.819382,4.40343
2026-08-13,Running,Morning Run,"I am trying to follow the idea of running alternative days. This makes me less worry about possible injuries as my body can rest as well, and built stamina for longer runs.

Great day. :)",2026-08-13_08-37-03_hk_1786603023.fit,52,2026-08-13T06:37:54.000Z,51.000,132.57,123,193,76,2.695,29.92,50.819346,4.40343
2026-08-13,Running,Morning Run,"I am trying to follow the idea of running alternative days. This makes me less worry about possible injuries as my body can rest as well, and built stamina for longer runs.

Great day. :)",2026-08-13_08-37-03_hk_1786603023.fit,53,2026-08-13T06:37:55.000Z,52.000,136.92,123,197,76,2.732,29.92,50.819328,4.40343
2026-08-13,Running,Morning Run,"I am trying to follow the idea of running alternative days. This makes me less worry about possible injuries as my body can rest as well, and built stamina for longer runs.

Great day. :)",2026-08-13_08-37-03_hk_1786603023.fit,54,2026-08-13T06:37:56.000Z,53.000,139.27,123,197,76,2.664,29.92,50.81931,4.40343
2026-08-13,Running,Morning Run,"I am trying to follow the idea of running alternative days. This makes me less worry about possible injuries as my body can rest as well, and built stamina for longer runs.

Great day. :)",2026-08-13_08-37-03_hk_1786603023.fit,55,2026-08-13T06:37:57.000Z,54.000,141.62,123,197,76,2.678,29.92,50.819292,4.40343
2026-08-13,Running,Morning Run,"I am trying to follow the idea of running alternative days. This makes me less worry about possible injuries as my body can rest as well, and built stamina for longer runs.

Great day. :)",2026-08-13_08-37-03_hk_1786603023.fit,56,2026-08-13T06:37:58.000Z,55.000,143.97,135,198,76,2.692,29.92,50.819256,4.40343
2026-08-13,Running,Morning Run,"I am trying to follow the idea of running alternative days. This makes me less worry about possible injuries as my body can rest as well, and built stamina for longer runs.

Great day. :)",2026-08-13_08-37-03_hk_1786603023.fit,57,2026-08-13T06:37:59.000Z,56.000,147.88,135,198,76,2.788,29.92,50.819238,4.40343
2026-08-13,Running,Morning Run,"I am trying to follow the idea of running alternative days. This makes me less worry about possible injuries as my body can rest as well, and built stamina for longer runs.

Great day. :)",2026-08-13_08-37-03_hk_1786603023.fit,58,2026-08-13T06:38:00.000Z,57.000,151.79,135,201,76,2.802,29.92,50.819202,4.40343
2026-08-13,Running,Morning Run,"I am trying to follow the idea of running alternative days. This makes me less worry about possible injuries as my body can rest as well, and built stamina for longer runs.

Great day. :)",2026-08-13_08-37-03_hk_1786603023.fit,59,2026-08-13T06:38:01.000Z,58.000,153.37,135,201,76,2.738,29.92,50.819184,4.403412
2026-08-13,Running,Morning Run,"I am trying to follow the idea of running alternative days. This makes me less worry about possible injuries as my body can rest as well, and built stamina for longer runs.

Great day. :)",2026-08-13_08-37-03_hk_1786603023.fit,60,2026-08-13T06:38:02.000Z,59.000,154.96,135,201,76,2.684,29.92,50.819166,4.403412
2026-08-13,Running,Morning Run,"I am trying to follow the idea of running alternative days. This makes me less worry about possible injuries as my body can rest as well, and built stamina for longer runs.

Great day. :)",2026-08-13_08-37-03_hk_1786603023.fit,61,2026-08-13T06:38:03.000Z,60.000,156.54,135,200,76,2.629,29.92,50.819148,4.403394
2026-08-13,Running,Morning Run,"I am trying to follow the idea of running alternative days. This makes me less worry about possible injuries as my body can rest as well, and built stamina for longer runs.

Great day. :)",2026-08-13_08-37-03_hk_1786603023.fit,62,2026-08-13T06:38:04.000Z,61.000,160.19,135,200,76,2.684,29.92,50.81913,4.403376
2026-08-13,Running,Morning Run,"I am trying to follow the idea of running alternative days. This makes me less worry about possible injuries as my body can rest as well, and built stamina for longer runs.

Great day. :)",2026-08-13_08-37-03_hk_1786603023.fit,63,2026-08-13T06:38:05.000Z,62.000,163.85,135,201,76,2.848,29.92,50.819094,4.403358
2026-08-13,Running,Morning Run,"I am trying to follow the idea of running alternative days. This makes me less worry about possible injuries as my body can rest as well, and built stamina for longer runs.

Great day. :)",2026-08-13_08-37-03_hk_1786603023.fit,64,2026-08-13T06:38:06.000Z,63.000,166.21,135,201,76,2.885,29.92,50.819076,4.40334
2026-08-13,Running,Morning Run,"I am trying to follow the idea of running alternative days. This makes me less worry about possible injuries as my body can rest as well, and built stamina for longer runs.

Great day. :)",2026-08-13_08-37-03_hk_1786603023.fit,65,2026-08-13T06:38:07.000Z,64.000,168.57,135,201,76,2.805,29.92,50.819058,4.403322
2026-08-13,Running,Morning Run,"I am trying to follow the idea of running alternative days. This makes me less worry about possible injuries as my body can rest as well, and built stamina for longer runs.

Great day. :)",2026-08-13_08-37-03_hk_1786603023.fit,66,2026-08-13T06:38:08.000Z,65.000,170.92,135,203,76,2.781,29.91,50.81904,4.403304
2026-08-13,Running,Morning Run,"I am trying to follow the idea of running alternative days. This makes me less worry about possible injuries as my body can rest as well, and built stamina for longer runs.

Great day. :)",2026-08-13_08-37-03_hk_1786603023.fit,67,2026-08-13T06:38:09.000Z,66.000,172.96,135,203,76,2.688,29.91,50.819022,4.403286
2026-08-13,Running,Morning Run,"I am trying to follow the idea of running alternative days. This makes me less worry about possible injuries as my body can rest as well, and built stamina for longer runs.

Great day. :)",2026-08-13_08-37-03_hk_1786603023.fit,68,2026-08-13T06:38:10.000Z,67.000,174.99,135,203,76,2.684,29.91,50.819004,4.40325
2026-08-13,Running,Morning Run,"I am trying to follow the idea of running alternative days. This makes me less worry about possible injuries as my body can rest as well, and built stamina for longer runs.

Great day. :)",2026-08-13_08-37-03_hk_1786603023.fit,69,2026-08-13T06:38:11.000Z,68.000,177.02,135,202,76,2.68,29.91,50.818986,4.403232
2026-08-13,Running,Morning Run,"I am trying to follow the idea of running alternative days. This makes me less worry about possible injuries as my body can rest as well, and built stamina for longer runs.

Great day. :)",2026-08-13_08-37-03_hk_1786603023.fit,70,2026-08-13T06:38:12.000Z,69.000,180,135,202,76,2.725,29.91,50.818968,4.403232
2026-08-13,Running,Morning Run,"I am trying to follow the idea of running alternative days. This makes me less worry about possible injuries as my body can rest as well, and built stamina for longer runs.

Great day. :)",2026-08-13_08-37-03_hk_1786603023.fit,71,2026-08-13T06:38:13.000Z,70.000,182.98,135,200,76,2.653,29.9,50.81895,4.403214
2026-08-13,Running,Morning Run,"I am trying to follow the idea of running alternative days. This makes me less worry about possible injuries as my body can rest as well, and built stamina for longer runs.

Great day. :)",2026-08-13_08-37-03_hk_1786603023.fit,72,2026-08-13T06:38:14.000Z,71.000,185.3,135,200,76,2.636,29.9,50.818932,4.403196
2026-08-13,Running,Morning Run,"I am trying to follow the idea of running alternative days. This makes me less worry about possible injuries as my body can rest as well, and built stamina for longer runs.

Great day. :)",2026-08-13_08-37-03_hk_1786603023.fit,73,2026-08-13T06:38:15.000Z,72.000,187.62,135,200,76,2.535,29.9,50.818914,4.403178
2026-08-13,Running,Morning Run,"I am trying to follow the idea of running alternative days. This makes me less worry about possible injuries as my body can rest as well, and built stamina for longer runs.

Great day. :)",2026-08-13_08-37-03_hk_1786603023.fit,74,2026-08-13T06:38:16.000Z,73.000,189.94,135,199,76,2.533,29.9,50.818878,4.40316
2026-08-13,Running,Morning Run,"I am trying to follow the idea of running alternative days. This makes me less worry about possible injuries as my body can rest as well, and built stamina for longer runs.

Great day. :)",2026-08-13_08-37-03_hk_1786603023.fit,75,2026-08-13T06:38:17.000Z,74.000,192.85,135,199,76,2.562,29.9,50.81886,4.403142
2026-08-13,Running,Morning Run,"I am trying to follow the idea of running alternative days. This makes me less worry about possible injuries as my body can rest as well, and built stamina for longer runs.

Great day. :)",2026-08-13_08-37-03_hk_1786603023.fit,76,2026-08-13T06:38:18.000Z,75.000,195.77,135,198,76,2.59,29.89,50.818842,4.403124
2026-08-13,Running,Morning Run,"I am trying to follow the idea of running alternative days. This makes me less worry about possible injuries as my body can rest as well, and built stamina for longer runs.

Great day. :)",2026-08-13_08-37-03_hk_1786603023.fit,77,2026-08-13T06:38:19.000Z,76.000,197.95,135,198,76,2.504,29.89,50.818824,4.403106
2026-08-13,Running,Morning Run,"I am trying to follow the idea of running alternative days. This makes me less worry about possible injuries as my body can rest as well, and built stamina for longer runs.

Great day. :)",2026-08-13_08-37-03_hk_1786603023.fit,78,2026-08-13T06:38:20.000Z,77.000,200.14,135,198,76,2.489,29.89,50.818806,4.403106
2026-08-13,Running,Morning Run,"I am trying to follow the idea of running alternative days. This makes me less worry about possible injuries as my body can rest as well, and built stamina for longer runs.

Great day. :)",2026-08-13_08-37-03_hk_1786603023.fit,79,2026-08-13T06:38:21.000Z,78.000,202.32,135,197,76,2.406,29.89,50.818788,4.403088
2026-08-13,Running,Morning Run,"I am trying to follow the idea of running alternative days. This makes me less worry about possible injuries as my body can rest as well, and built stamina for longer runs.

Great day. :)",2026-08-13_08-37-03_hk_1786603023.fit,80,2026-08-13T06:38:22.000Z,79.000,205.23,135,197,76,2.514,29.89,50.81877,4.40307
2026-08-13,Running,Morning Run,"I am trying to follow the idea of running alternative days. This makes me less worry about possible injuries as my body can rest as well, and built stamina for longer runs.

Great day. :)",2026-08-13_08-37-03_hk_1786603023.fit,81,2026-08-13T06:38:23.000Z,80.000,208.15,135,196,76,2.58,29.89,50.818752,4.403052
2026-08-13,Running,Morning Run,"I am trying to follow the idea of running alternative days. This makes me less worry about possible injuries as my body can rest as well, and built stamina for longer runs.

Great day. :)",2026-08-13_08-37-03_hk_1786603023.fit,82,2026-08-13T06:38:24.000Z,81.000,210.48,135,196,76,2.514,29.88,50.818734,4.403034
2026-08-13,Running,Morning Run,"I am trying to follow the idea of running alternative days. This makes me less worry about possible injuries as my body can rest as well, and built stamina for longer runs.

Great day. :)",2026-08-13_08-37-03_hk_1786603023.fit,83,2026-08-13T06:38:25.000Z,82.000,212.82,135,196,76,2.506,29.88,50.818716,4.403016
2026-08-13,Running,Morning Run,"I am trying to follow the idea of running alternative days. This makes me less worry about possible injuries as my body can rest as well, and built stamina for longer runs.

Great day. :)",2026-08-13_08-37-03_hk_1786603023.fit,84,2026-08-13T06:38:26.000Z,83.000,215.15,135,196,76,2.443,29.88,50.818698,4.403016
2026-08-13,Running,Morning Run,"I am trying to follow the idea of running alternative days. This makes me less worry about possible injuries as my body can rest as well, and built stamina for longer runs.

Great day. :)",2026-08-13_08-37-03_hk_1786603023.fit,85,2026-08-13T06:38:27.000Z,84.000,218.14,135,196,76,2.473,29.88,50.818662,4.402998
2026-08-13,Running,Morning Run,"I am trying to follow the idea of running alternative days. This makes me less worry about possible injuries as my body can rest as well, and built stamina for longer runs.

Great day. :)",2026-08-13_08-37-03_hk_1786603023.fit,86,2026-08-13T06:38:28.000Z,85.000,221.14,135,193,76,2.511,29.88,50.818644,4.402998
2026-08-13,Running,Morning Run,"I am trying to follow the idea of running alternative days. This makes me less worry about possible injuries as my body can rest as well, and built stamina for longer runs.

Great day. :)",2026-08-13_08-37-03_hk_1786603023.fit,87,2026-08-13T06:38:29.000Z,86.000,223.32,135,193,76,2.518,29.87,50.818626,4.40298
2026-08-13,Running,Morning Run,"I am trying to follow the idea of running alternative days. This makes me less worry about possible injuries as my body can rest as well, and built stamina for longer runs.

Great day. :)",2026-08-13_08-37-03_hk_1786603023.fit,88,2026-08-13T06:38:30.000Z,87.000,225.5,135,193,76,2.526,29.87,50.818608,4.40298
2026-08-13,Running,Morning Run,"I am trying to follow the idea of running alternative days. This makes me less worry about possible injuries as my body can rest as well, and built stamina for longer runs.

Great day. :)",2026-08-13_08-37-03_hk_1786603023.fit,89,2026-08-13T06:38:31.000Z,88.000,227.68,135,193,76,2.533,29.87,50.81859,4.402962
2026-08-13,Running,Morning Run,"I am trying to follow the idea of running alternative days. This makes me less worry about possible injuries as my body can rest as well, and built stamina for longer runs.

Great day. :)",2026-08-13_08-37-03_hk_1786603023.fit,90,2026-08-13T06:38:32.000Z,89.000,229.48,135,193,76,2.498,29.87,50.818572,4.402962
2026-08-13,Running,Morning Run,"I am trying to follow the idea of running alternative days. This makes me less worry about possible injuries as my body can rest as well, and built stamina for longer runs.

Great day. :)",2026-08-13_08-37-03_hk_1786603023.fit,91,2026-08-13T06:38:33.000Z,90.000,231.27,135,193,76,2.441,29.86,50.818536,4.402944
2026-08-13,Running,Morning Run,"I am trying to follow the idea of running alternative days. This makes me less worry about possible injuries as my body can rest as well, and built stamina for longer runs.

Great day. :)",2026-08-13_08-37-03_hk_1786603023.fit,92,2026-08-13T06:38:34.000Z,91.000,233.06,135,190,76,2.385,29.86,50.818518,4.402926
2026-08-13,Running,Morning Run,"I am trying to follow the idea of running alternative days. This makes me less worry about possible injuries as my body can rest as well, and built stamina for longer runs.

Great day. :)",2026-08-13_08-37-03_hk_1786603023.fit,93,2026-08-13T06:38:35.000Z,92.000,235.58,135,190,76,2.394,29.86,50.8185,4.402926
2026-08-13,Running,Morning Run,"I am trying to follow the idea of running alternative days. This makes me less worry about possible injuries as my body can rest as well, and built stamina for longer runs.

Great day. :)",2026-08-13_08-37-03_hk_1786603023.fit,94,2026-08-13T06:38:36.000Z,93.000,238.1,135,185,73,2.404,29.85,50.818482,4.402908
2026-08-13,Running,Morning Run,"I am trying to follow the idea of running alternative days. This makes me less worry about possible injuries as my body can rest as well, and built stamina for longer runs.

Great day. :)",2026-08-13_08-37-03_hk_1786603023.fit,95,2026-08-13T06:38:37.000Z,94.000,240.3,135,185,73,2.399,29.85,50.818464,4.40289
2026-08-13,Running,Morning Run,"I am trying to follow the idea of running alternative days. This makes me less worry about possible injuries as my body can rest as well, and built stamina for longer runs.

Great day. :)",2026-08-13_08-37-03_hk_1786603023.fit,96,2026-08-13T06:38:38.000Z,95.000,242.51,135,185,73,2.39,29.85,50.818446,4.402872
2026-08-13,Running,Morning Run,"I am trying to follow the idea of running alternative days. This makes me less worry about possible injuries as my body can rest as well, and built stamina for longer runs.

Great day. :)",2026-08-13_08-37-03_hk_1786603023.fit,97,2026-08-13T06:38:39.000Z,96.000,244.71,135,186,76,2.357,29.84,50.818428,4.402854
2026-08-13,Running,Morning Run,"I am trying to follow the idea of running alternative days. This makes me less worry about possible injuries as my body can rest as well, and built stamina for longer runs.

Great day. :)",2026-08-13_08-37-03_hk_1786603023.fit,98,2026-08-13T06:38:40.000Z,97.000,247.89,135,186,76,2.369,29.84,50.81841,4.402836
2026-08-13,Running,Morning Run,"I am trying to follow the idea of running alternative days. This makes me less worry about possible injuries as my body can rest as well, and built stamina for longer runs.

Great day. :)",2026-08-13_08-37-03_hk_1786603023.fit,99,2026-08-13T06:38:41.000Z,98.000,251.08,135,187,76,2.426,29.84,50.818392,4.402818
2026-08-13,Running,Morning Run,"I am trying to follow the idea of running alternative days. This makes me less worry about possible injuries as my body can rest as well, and built stamina for longer runs.

Great day. :)",2026-08-13_08-37-03_hk_1786603023.fit,100,2026-08-13T06:38:42.000Z,99.000,253.3,135,187,74,2.428,29.83,50.818374,4.4028
2026-08-13,Running,Morning Run,"I am trying to follow the idea of running alternative days. This makes me less worry about possible injuries as my body can rest as well, and built stamina for longer runs.

Great day. :)",2026-08-13_08-37-03_hk_1786603023.fit,101,2026-08-13T06:38:43.000Z,100.000,255.53,135,187,74,2.395,29.83,50.818356,4.402782
2026-08-13,Running,Morning Run,"I am trying to follow the idea of running alternative days. This makes me less worry about possible injuries as my body can rest as well, and built stamina for longer runs.

Great day. :)",2026-08-13_08-37-03_hk_1786603023.fit,102,2026-08-13T06:38:44.000Z,101.000,257.75,135,185,74,2.387,29.83,50.818338,4.402746
2026-08-13,Running,Morning Run,"I am trying to follow the idea of running alternative days. This makes me less worry about possible injuries as my body can rest as well, and built stamina for longer runs.

Great day. :)",2026-08-13_08-37-03_hk_1786603023.fit,103,2026-08-13T06:38:45.000Z,102.000,260.88,135,185,76,2.4,29.82,50.818338,4.402728
2026-08-13,Running,Morning Run,"I am trying to follow the idea of running alternative days. This makes me less worry about possible injuries as my body can rest as well, and built stamina for longer runs.

Great day. :)",2026-08-13_08-37-03_hk_1786603023.fit,104,2026-08-13T06:38:46.000Z,103.000,264.02,135,185,76,2.438,29.82,50.81832,4.40271
2026-08-13,Running,Morning Run,"I am trying to follow the idea of running alternative days. This makes me less worry about possible injuries as my body can rest as well, and built stamina for longer runs.

Great day. :)",2026-08-13_08-37-03_hk_1786603023.fit,105,2026-08-13T06:38:47.000Z,104.000,266.3,135,185,76,2.436,29.82,50.818302,4.402674
2026-08-13,Running,Morning Run,"I am trying to follow the idea of running alternative days. This makes me less worry about possible injuries as my body can rest as well, and built stamina for longer runs.

Great day. :)",2026-08-13_08-37-03_hk_1786603023.fit,106,2026-08-13T06:38:48.000Z,105.000,268.59,135,185,76,2.402,29.81,50.818266,4.402656
2026-08-13,Running,Morning Run,"I am trying to follow the idea of running alternative days. This makes me less worry about possible injuries as my body can rest as well, and built stamina for longer runs.

Great day. :)",2026-08-13_08-37-03_hk_1786603023.fit,107,2026-08-13T06:38:49.000Z,106.000,270.88,135,184,76,2.397,29.81,50.818248,4.402638
2026-08-13,Running,Morning Run,"I am trying to follow the idea of running alternative days. This makes me less worry about possible injuries as my body can rest as well, and built stamina for longer runs.

Great day. :)",2026-08-13_08-37-03_hk_1786603023.fit,108,2026-08-13T06:38:50.000Z,107.000,272.72,135,184,76,2.345,29.81,50.81823,4.402638
2026-08-13,Running,Morning Run,"I am trying to follow the idea of running alternative days. This makes me less worry about possible injuries as my body can rest as well, and built stamina for longer runs.

Great day. :)",2026-08-13_08-37-03_hk_1786603023.fit,109,2026-08-13T06:38:51.000Z,108.000,274.56,135,184,76,2.329,29.81,50.818212,4.40262
2026-08-13,Running,Morning Run,"I am trying to follow the idea of running alternative days. This makes me less worry about possible injuries as my body can rest as well, and built stamina for longer runs.

Great day. :)",2026-08-13_08-37-03_hk_1786603023.fit,110,2026-08-13T06:38:52.000Z,109.000,276.41,135,186,76,2.314,29.8,50.818194,4.40262
2026-08-13,Running,Morning Run,"I am trying to follow the idea of running alternative days. This makes me less worry about possible injuries as my body can rest as well, and built stamina for longer runs.

Great day. :)",2026-08-13_08-37-03_hk_1786603023.fit,111,2026-08-13T06:38:53.000Z,110.000,280.33,144,186,76,2.422,29.8,50.818158,4.402602
2026-08-13,Running,Morning Run,"I am trying to follow the idea of running alternative days. This makes me less worry about possible injuries as my body can rest as well, and built stamina for longer runs.

Great day. :)",2026-08-13_08-37-03_hk_1786603023.fit,112,2026-08-13T06:38:54.000Z,111.000,284.26,143,187,76,2.56,29.8,50.81814,4.402584
2026-08-13,Running,Morning Run,"I am trying to follow the idea of running alternative days. This makes me less worry about possible injuries as my body can rest as well, and built stamina for longer runs.

Great day. :)",2026-08-13_08-37-03_hk_1786603023.fit,113,2026-08-13T06:38:55.000Z,112.000,286.35,143,187,76,2.539,29.8,50.818122,4.402584
2026-08-13,Running,Morning Run,"I am trying to follow the idea of running alternative days. This makes me less worry about possible injuries as my body can rest as well, and built stamina for longer runs.

Great day. :)",2026-08-13_08-37-03_hk_1786603023.fit,114,2026-08-13T06:38:56.000Z,113.000,288.44,143,187,76,2.517,29.79,50.818104,4.402566
2026-08-13,Running,Morning Run,"I am trying to follow the idea of running alternative days. This makes me less worry about possible injuries as my body can rest as well, and built stamina for longer runs.

Great day. :)",2026-08-13_08-37-03_hk_1786603023.fit,115,2026-08-13T06:38:57.000Z,114.000,290.54,143,186,76,2.512,29.79,50.818068,4.402548
2026-08-13,Running,Morning Run,"I am trying to follow the idea of running alternative days. This makes me less worry about possible injuries as my body can rest as well, and built stamina for longer runs.

Great day. :)",2026-08-13_08-37-03_hk_1786603023.fit,116,2026-08-13T06:38:58.000Z,115.000,293.49,143,186,76,2.549,29.79,50.81805,4.40253
2026-08-13,Running,Morning Run,"I am trying to follow the idea of running alternative days. This makes me less worry about possible injuries as my body can rest as well, and built stamina for longer runs.

Great day. :)",2026-08-13_08-37-03_hk_1786603023.fit,117,2026-08-13T06:38:59.000Z,116.000,296.44,143,184,76,2.586,29.79,50.818032,4.402512
2026-08-13,Running,Morning Run,"I am trying to follow the idea of running alternative days. This makes me less worry about possible injuries as my body can rest as well, and built stamina for longer runs.

Great day. :)",2026-08-13_08-37-03_hk_1786603023.fit,118,2026-08-13T06:39:00.000Z,117.000,298.26,143,184,76,2.518,29.78,50.818014,4.402494
2026-08-13,Running,Morning Run,"I am trying to follow the idea of running alternative days. This makes me less worry about possible injuries as my body can rest as well, and built stamina for longer runs.

Great day. :)",2026-08-13_08-37-03_hk_1786603023.fit,119,2026-08-13T06:39:01.000Z,118.000,300.08,143,184,76,2.485,29.78,50.817996,4.402476
2026-08-13,Running,Morning Run,"I am trying to follow the idea of running alternative days. This makes me less worry about possible injuries as my body can rest as well, and built stamina for longer runs.

Great day. :)",2026-08-13_08-37-03_hk_1786603023.fit,120,2026-08-13T06:39:02.000Z,119.000,301.89,143,181,76,2.42,29.78,50.817978,4.402458
2026-08-13,Running,Morning Run,"I am trying to follow the idea of running alternative days. This makes me less worry about possible injuries as my body can rest as well, and built stamina for longer runs.

Great day. :)",2026-08-13_08-37-03_hk_1786603023.fit,121,2026-08-13T06:39:03.000Z,120.000,305.61,143,181,76,2.504,29.77,50.81796,4.40244
2026-08-13,Running,Morning Run,"I am trying to follow the idea of running alternative days. This makes me less worry about possible injuries as my body can rest as well, and built stamina for longer runs.

Great day. :)",2026-08-13_08-37-03_hk_1786603023.fit,122,2026-08-13T06:39:04.000Z,121.000,309.32,143,180,76,2.579,29.77,50.817942,4.402422
2026-08-13,Running,Morning Run,"I am trying to follow the idea of running alternative days. This makes me less worry about possible injuries as my body can rest as well, and built stamina for longer runs.

Great day. :)",2026-08-13_08-37-03_hk_1786603023.fit,123,2026-08-13T06:39:05.000Z,122.000,311.24,143,180,76,2.518,29.77,50.817924,4.402404
2026-08-13,Running,Morning Run,"I am trying to follow the idea of running alternative days. This makes me less worry about possible injuries as my body can rest as well, and built stamina for longer runs.

Great day. :)",2026-08-13_08-37-03_hk_1786603023.fit,124,2026-08-13T06:39:06.000Z,123.000,313.16,143,180,76,2.49,29.76,50.817906,4.402368
2026-08-13,Running,Morning Run,"I am trying to follow the idea of running alternative days. This makes me less worry about possible injuries as my body can rest as well, and built stamina for longer runs.

Great day. :)",2026-08-13_08-37-03_hk_1786603023.fit,125,2026-08-13T06:39:07.000Z,124.000,315.08,143,177,76,2.432,29.76,50.817888,4.40235
2026-08-13,Running,Morning Run,"I am trying to follow the idea of running alternative days. This makes me less worry about possible injuries as my body can rest as well, and built stamina for longer runs.

Great day. :)",2026-08-13_08-37-03_hk_1786603023.fit,126,2026-08-13T06:39:08.000Z,125.000,318.87,144,177,76,2.514,29.76,50.81787,4.402314
2026-08-13,Running,Morning Run,"I am trying to follow the idea of running alternative days. This makes me less worry about possible injuries as my body can rest as well, and built stamina for longer runs.

Great day. :)",2026-08-13_08-37-03_hk_1786603023.fit,127,2026-08-13T06:39:09.000Z,126.000,322.66,144,177,76,2.589,29.75,50.81787,4.402278
2026-08-13,Running,Morning Run,"I am trying to follow the idea of running alternative days. This makes me less worry about possible injuries as my body can rest as well, and built stamina for longer runs.

Great day. :)",2026-08-13_08-37-03_hk_1786603023.fit,128,2026-08-13T06:39:10.000Z,127.000,324.79,144,177,76,2.643,29.75,50.817852,4.402242
2026-08-13,Running,Morning Run,"I am trying to follow the idea of running alternative days. This makes me less worry about possible injuries as my body can rest as well, and built stamina for longer runs.

Great day. :)",2026-08-13_08-37-03_hk_1786603023.fit,129,2026-08-13T06:39:11.000Z,128.000,326.91,144,177,76,2.658,29.75,50.817834,4.402224
2026-08-13,Running,Morning Run,"I am trying to follow the idea of running alternative days. This makes me less worry about possible injuries as my body can rest as well, and built stamina for longer runs.

Great day. :)",2026-08-13_08-37-03_hk_1786603023.fit,130,2026-08-13T06:39:12.000Z,129.000,329.04,144,177,76,2.632,29.75,50.817834,4.402188
2026-08-13,Running,Morning Run,"I am trying to follow the idea of running alternative days. This makes me less worry about possible injuries as my body can rest as well, and built stamina for longer runs.

Great day. :)",2026-08-13_08-37-03_hk_1786603023.fit,131,2026-08-13T06:39:13.000Z,130.000,331.33,145,177,76,2.55,29.74,50.817816,4.402152
2026-08-13,Running,Morning Run,"I am trying to follow the idea of running alternative days. This makes me less worry about possible injuries as my body can rest as well, and built stamina for longer runs.

Great day. :)",2026-08-13_08-37-03_hk_1786603023.fit,132,2026-08-13T06:39:14.000Z,131.000,333.63,145,177,76,2.538,29.74,50.817816,4.402116
2026-08-13,Running,Morning Run,"I am trying to follow the idea of running alternative days. This makes me less worry about possible injuries as my body can rest as well, and built stamina for longer runs.

Great day. :)",2026-08-13_08-37-03_hk_1786603023.fit,133,2026-08-13T06:39:15.000Z,132.000,335.92,146,177,76,2.46,29.74,50.817798,4.40208
2026-08-13,Running,Morning Run,"I am trying to follow the idea of running alternative days. This makes me less worry about possible injuries as my body can rest as well, and built stamina for longer runs.

Great day. :)",2026-08-13_08-37-03_hk_1786603023.fit,134,2026-08-13T06:39:16.000Z,133.000,338.97,146,177,76,2.527,29.73,50.817798,4.402062
2026-08-13,Running,Morning Run,"I am trying to follow the idea of running alternative days. This makes me less worry about possible injuries as my body can rest as well, and built stamina for longer runs.

Great day. :)",2026-08-13_08-37-03_hk_1786603023.fit,135,2026-08-13T06:39:17.000Z,134.000,342.03,146,175,76,2.575,29.73,50.81778,4.402026
2026-08-13,Running,Morning Run,"I am trying to follow the idea of running alternative days. This makes me less worry about possible injuries as my body can rest as well, and built stamina for longer runs.

Great day. :)",2026-08-13_08-37-03_hk_1786603023.fit,136,2026-08-13T06:39:18.000Z,135.000,344.94,146,175,76,2.573,29.73,50.817762,4.40199
2026-08-13,Running,Morning Run,"I am trying to follow the idea of running alternative days. This makes me less worry about possible injuries as my body can rest as well, and built stamina for longer runs.

Great day. :)",2026-08-13_08-37-03_hk_1786603023.fit,137,2026-08-13T06:39:19.000Z,136.000,347.86,141,175,76,2.571,29.73,50.817744,4.401972
2026-08-13,Running,Morning Run,"I am trying to follow the idea of running alternative days. This makes me less worry about possible injuries as my body can rest as well, and built stamina for longer runs.

Great day. :)",2026-08-13_08-37-03_hk_1786603023.fit,138,2026-08-13T06:39:20.000Z,137.000,350.77,141,180,76,2.668,29.72,50.817726,4.401936
2026-08-13,Running,Morning Run,"I am trying to follow the idea of running alternative days. This makes me less worry about possible injuries as my body can rest as well, and built stamina for longer runs.

Great day. :)",2026-08-13_08-37-03_hk_1786603023.fit,139,2026-08-13T06:39:21.000Z,138.000,354.74,141,180,76,2.781,29.72,50.817708,4.401918
2026-08-13,Running,Morning Run,"I am trying to follow the idea of running alternative days. This makes me less worry about possible injuries as my body can rest as well, and built stamina for longer runs.

Great day. :)",2026-08-13_08-37-03_hk_1786603023.fit,140,2026-08-13T06:39:22.000Z,139.000,358.71,141,185,76,2.795,29.72,50.81769,4.401882
2026-08-13,Running,Morning Run,"I am trying to follow the idea of running alternative days. This makes me less worry about possible injuries as my body can rest as well, and built stamina for longer runs.

Great day. :)",2026-08-13_08-37-03_hk_1786603023.fit,141,2026-08-13T06:39:23.000Z,140.000,360.65,141,185,76,2.701,29.71,50.817672,4.401846
2026-08-13,Running,Morning Run,"I am trying to follow the idea of running alternative days. This makes me less worry about possible injuries as my body can rest as well, and built stamina for longer runs.

Great day. :)",2026-08-13_08-37-03_hk_1786603023.fit,142,2026-08-13T06:39:24.000Z,141.000,362.59,141,185,76,2.702,29.71,50.817672,4.401828
2026-08-13,Running,Morning Run,"I am trying to follow the idea of running alternative days. This makes me less worry about possible injuries as my body can rest as well, and built stamina for longer runs.

Great day. :)",2026-08-13_08-37-03_hk_1786603023.fit,143,2026-08-13T06:39:25.000Z,142.000,364.52,141,182,76,2.703,29.71,50.817654,4.401792
2026-08-13,Running,Morning Run,"I am trying to follow the idea of running alternative days. This makes me less worry about possible injuries as my body can rest as well, and built stamina for longer runs.

Great day. :)",2026-08-13_08-37-03_hk_1786603023.fit,144,2026-08-13T06:39:26.000Z,143.000,367.6,141,182,76,2.764,29.7,50.817636,4.401774
2026-08-13,Running,Morning Run,"I am trying to follow the idea of running alternative days. This makes me less worry about possible injuries as my body can rest as well, and built stamina for longer runs.

Great day. :)",2026-08-13_08-37-03_hk_1786603023.fit,145,2026-08-13T06:39:27.000Z,144.000,370.68,141,182,76,2.727,29.7,50.817618,4.401738
2026-08-13,Running,Morning Run,"I am trying to follow the idea of running alternative days. This makes me less worry about possible injuries as my body can rest as well, and built stamina for longer runs.

Great day. :)",2026-08-13_08-37-03_hk_1786603023.fit,146,2026-08-13T06:39:28.000Z,145.000,372.73,141,182,76,2.635,29.7,50.817618,4.40172
2026-08-13,Running,Morning Run,"I am trying to follow the idea of running alternative days. This makes me less worry about possible injuries as my body can rest as well, and built stamina for longer runs.

Great day. :)",2026-08-13_08-37-03_hk_1786603023.fit,147,2026-08-13T06:39:29.000Z,146.000,374.78,141,182,76,2.606,29.7,50.8176,4.401684
2026-08-13,Running,Morning Run,"I am trying to follow the idea of running alternative days. This makes me less worry about possible injuries as my body can rest as well, and built stamina for longer runs.

Great day. :)",2026-08-13_08-37-03_hk_1786603023.fit,148,2026-08-13T06:39:30.000Z,147.000,376.83,141,181,76,2.602,29.7,50.817582,4.401648
2026-08-13,Running,Morning Run,"I am trying to follow the idea of running alternative days. This makes me less worry about possible injuries as my body can rest as well, and built stamina for longer runs.

Great day. :)",2026-08-13_08-37-03_hk_1786603023.fit,149,2026-08-13T06:39:31.000Z,148.000,379.84,141,181,76,2.674,29.69,50.817582,4.40163
2026-08-13,Running,Morning Run,"I am trying to follow the idea of running alternative days. This makes me less worry about possible injuries as my body can rest as well, and built stamina for longer runs.

Great day. :)",2026-08-13_08-37-03_hk_1786603023.fit,150,2026-08-13T06:39:32.000Z,149.000,382.85,141,180,76,2.711,29.69,50.817564,4.401594
2026-08-13,Running,Morning Run,"I am trying to follow the idea of running alternative days. This makes me less worry about possible injuries as my body can rest as well, and built stamina for longer runs.

Great day. :)",2026-08-13_08-37-03_hk_1786603023.fit,151,2026-08-13T06:39:33.000Z,150.000,384.87,141,180,76,2.697,29.69,50.817546,4.401576
2026-08-13,Running,Morning Run,"I am trying to follow the idea of running alternative days. This makes me less worry about possible injuries as my body can rest as well, and built stamina for longer runs.

Great day. :)",2026-08-13_08-37-03_hk_1786603023.fit,152,2026-08-13T06:39:34.000Z,151.000,386.89,141,180,76,2.682,29.69,50.817546,4.40154
2026-08-13,Running,Morning Run,"I am trying to follow the idea of running alternative days. This makes me less worry about possible injuries as my body can rest as well, and built stamina for longer runs.

Great day. :)",2026-08-13_08-37-03_hk_1786603023.fit,153,2026-08-13T06:39:35.000Z,152.000,388.91,141,178,76,2.649,29.69,50.817528,4.401522
2026-08-13,Running,Morning Run,"I am trying to follow the idea of running alternative days. This makes me less worry about possible injuries as my body can rest as well, and built stamina for longer runs.

Great day. :)",2026-08-13_08-37-03_hk_1786603023.fit,154,2026-08-13T06:39:36.000Z,153.000,390.7,141,178,76,2.586,29.69,50.81751,4.401486
2026-08-13,Running,Morning Run,"I am trying to follow the idea of running alternative days. This makes me less worry about possible injuries as my body can rest as well, and built stamina for longer runs.

Great day. :)",2026-08-13_08-37-03_hk_1786603023.fit,155,2026-08-13T06:39:37.000Z,154.000,392.49,141,178,76,2.523,29.69,50.817492,4.401468
2026-08-13,Running,Morning Run,"I am trying to follow the idea of running alternative days. This makes me less worry about possible injuries as my body can rest as well, and built stamina for longer runs.

Great day. :)",2026-08-13_08-37-03_hk_1786603023.fit,156,2026-08-13T06:39:38.000Z,155.000,394.29,141,176,76,2.489,29.68,50.817492,4.401432
2026-08-13,Running,Morning Run,"I am trying to follow the idea of running alternative days. This makes me less worry about possible injuries as my body can rest as well, and built stamina for longer runs.

Great day. :)",2026-08-13_08-37-03_hk_1786603023.fit,157,2026-08-13T06:39:39.000Z,156.000,397.93,141,176,76,2.503,29.68,50.817474,4.401414
2026-08-13,Running,Morning Run,"I am trying to follow the idea of running alternative days. This makes me less worry about possible injuries as my body can rest as well, and built stamina for longer runs.

Great day. :)",2026-08-13_08-37-03_hk_1786603023.fit,158,2026-08-13T06:39:40.000Z,157.000,401.57,141,176,76,2.54,29.68,50.817456,4.401378
2026-08-13,Running,Morning Run,"I am trying to follow the idea of running alternative days. This makes me less worry about possible injuries as my body can rest as well, and built stamina for longer runs.

Great day. :)",2026-08-13_08-37-03_hk_1786603023.fit,159,2026-08-13T06:39:41.000Z,158.000,403.89,141,176,76,2.529,29.68,50.817456,4.401342
2026-08-13,Running,Morning Run,"I am trying to follow the idea of running alternative days. This makes me less worry about possible injuries as my body can rest as well, and built stamina for longer runs.

Great day. :)",2026-08-13_08-37-03_hk_1786603023.fit,160,2026-08-13T06:39:42.000Z,159.000,406.2,141,176,79,2.451,29.68,50.817438,4.401324
2026-08-13,Running,Morning Run,"I am trying to follow the idea of running alternative days. This makes me less worry about possible injuries as my body can rest as well, and built stamina for longer runs.

Great day. :)",2026-08-13_08-37-03_hk_1786603023.fit,161,2026-08-13T06:39:43.000Z,160.000,408.52,141,176,79,2.445,29.68,50.81742,4.401288
2026-08-13,Running,Morning Run,"I am trying to follow the idea of running alternative days. This makes me less worry about possible injuries as my body can rest as well, and built stamina for longer runs.

Great day. :)",2026-08-13_08-37-03_hk_1786603023.fit,162,2026-08-13T06:39:44.000Z,161.000,411.5,141,176,79,2.422,29.67,50.81742,4.40127
2026-08-13,Running,Morning Run,"I am trying to follow the idea of running alternative days. This makes me less worry about possible injuries as my body can rest as well, and built stamina for longer runs.

Great day. :)",2026-08-13_08-37-03_hk_1786603023.fit,163,2026-08-13T06:39:45.000Z,162.000,414.48,141,176,76,2.471,29.67,50.817402,4.401234
2026-08-13,Running,Morning Run,"I am trying to follow the idea of running alternative days. This makes me less worry about possible injuries as my body can rest as well, and built stamina for longer runs.

Great day. :)",2026-08-13_08-37-03_hk_1786603023.fit,164,2026-08-13T06:39:46.000Z,163.000,416.42,141,176,76,2.471,29.67,50.817402,4.401198
2026-08-13,Running,Morning Run,"I am trying to follow the idea of running alternative days. This makes me less worry about possible injuries as my body can rest as well, and built stamina for longer runs.

Great day. :)",2026-08-13_08-37-03_hk_1786603023.fit,165,2026-08-13T06:39:47.000Z,164.000,418.37,141,176,76,2.417,29.67,50.817384,4.40118
2026-08-13,Running,Morning Run,"I am trying to follow the idea of running alternative days. This makes me less worry about possible injuries as my body can rest as well, and built stamina for longer runs.

Great day. :)",2026-08-13_08-37-03_hk_1786603023.fit,166,2026-08-13T06:39:48.000Z,165.000,420.31,141,171,79,2.396,29.67,50.817366,4.401144
2026-08-13,Running,Morning Run,"I am trying to follow the idea of running alternative days. This makes me less worry about possible injuries as my body can rest as well, and built stamina for longer runs.

Great day. :)",2026-08-13_08-37-03_hk_1786603023.fit,167,2026-08-13T06:39:49.000Z,166.000,423.19,141,171,79,2.403,29.67,50.817366,4.401108
2026-08-13,Running,Morning Run,"I am trying to follow the idea of running alternative days. This makes me less worry about possible injuries as my body can rest as well, and built stamina for longer runs.

Great day. :)",2026-08-13_08-37-03_hk_1786603023.fit,168,2026-08-13T06:39:50.000Z,167.000,426.07,141,168,79,2.442,29.67,50.817366,4.40109
2026-08-13,Running,Morning Run,"I am trying to follow the idea of running alternative days. This makes me less worry about possible injuries as my body can rest as well, and built stamina for longer runs.

Great day. :)",2026-08-13_08-37-03_hk_1786603023.fit,169,2026-08-13T06:39:51.000Z,168.000,428.28,141,168,76,2.45,29.67,50.817348,4.401054
2026-08-13,Running,Morning Run,"I am trying to follow the idea of running alternative days. This makes me less worry about possible injuries as my body can rest as well, and built stamina for longer runs.

Great day. :)",2026-08-13_08-37-03_hk_1786603023.fit,170,2026-08-13T06:39:52.000Z,169.000,430.49,141,168,76,2.412,29.66,50.817348,4.401036
2026-08-13,Running,Morning Run,"I am trying to follow the idea of running alternative days. This makes me less worry about possible injuries as my body can rest as well, and built stamina for longer runs.

Great day. :)",2026-08-13_08-37-03_hk_1786603023.fit,171,2026-08-13T06:39:53.000Z,170.000,432.7,141,167,76,2.403,29.66,50.81733,4.401
2026-08-13,Running,Morning Run,"I am trying to follow the idea of running alternative days. This makes me less worry about possible injuries as my body can rest as well, and built stamina for longer runs.

Great day. :)",2026-08-13_08-37-03_hk_1786603023.fit,172,2026-08-13T06:39:54.000Z,171.000,434.51,141,167,76,2.348,29.66,50.81733,4.400964
2026-08-13,Running,Morning Run,"I am trying to follow the idea of running alternative days. This makes me less worry about possible injuries as my body can rest as well, and built stamina for longer runs.

Great day. :)",2026-08-13_08-37-03_hk_1786603023.fit,173,2026-08-13T06:39:55.000Z,172.000,436.33,141,167,76,2.339,29.66,50.817312,4.400946
2026-08-13,Running,Morning Run,"I am trying to follow the idea of running alternative days. This makes me less worry about possible injuries as my body can rest as well, and built stamina for longer runs.

Great day. :)",2026-08-13_08-37-03_hk_1786603023.fit,174,2026-08-13T06:39:56.000Z,173.000,438.14,141,167,76,2.33,29.66,50.817312,4.40091
2026-08-13,Running,Morning Run,"I am trying to follow the idea of running alternative days. This makes me less worry about possible injuries as my body can rest as well, and built stamina for longer runs.

Great day. :)",2026-08-13_08-37-03_hk_1786603023.fit,175,2026-08-13T06:39:57.000Z,174.000,441.28,141,167,76,2.409,29.65,50.817294,4.400892
2026-08-13,Running,Morning Run,"I am trying to follow the idea of running alternative days. This makes me less worry about possible injuries as my body can rest as well, and built stamina for longer runs.

Great day. :)",2026-08-13_08-37-03_hk_1786603023.fit,176,2026-08-13T06:39:58.000Z,175.000,444.42,145,167,76,2.507,29.65,50.817294,4.400856
2026-08-13,Running,Morning Run,"I am trying to follow the idea of running alternative days. This makes me less worry about possible injuries as my body can rest as well, and built stamina for longer runs.

Great day. :)",2026-08-13_08-37-03_hk_1786603023.fit,177,2026-08-13T06:39:59.000Z,176.000,446.33,145,167,76,2.478,29.65,50.817276,4.40082
2026-08-13,Running,Morning Run,"I am trying to follow the idea of running alternative days. This makes me less worry about possible injuries as my body can rest as well, and built stamina for longer runs.

Great day. :)",2026-08-13_08-37-03_hk_1786603023.fit,178,2026-08-13T06:40:00.000Z,177.000,448.24,145,167,76,2.396,29.65,50.817276,4.400802
2026-08-13,Running,Morning Run,"I am trying to follow the idea of running alternative days. This makes me less worry about possible injuries as my body can rest as well, and built stamina for longer runs.

Great day. :)",2026-08-13_08-37-03_hk_1786603023.fit,179,2026-08-13T06:40:01.000Z,178.000,450.14,145,165,76,2.373,29.65,50.817258,4.400766
2026-08-13,Running,Morning Run,"I am trying to follow the idea of running alternative days. This makes me less worry about possible injuries as my body can rest as well, and built stamina for longer runs.

Great day. :)",2026-08-13_08-37-03_hk_1786603023.fit,180,2026-08-13T06:40:02.000Z,179.000,453.59,145,165,76,2.365,29.65,50.817258,4.40073
2026-08-13,Running,Morning Run,"I am trying to follow the idea of running alternative days. This makes me less worry about possible injuries as my body can rest as well, and built stamina for longer runs.

Great day. :)",2026-08-13_08-37-03_hk_1786603023.fit,181,2026-08-13T06:40:03.000Z,180.000,457.05,146,167,76,2.421,29.65,50.81724,4.400712
2026-08-13,Running,Morning Run,"I am trying to follow the idea of running alternative days. This makes me less worry about possible injuries as my body can rest as well, and built stamina for longer runs.

Great day. :)",2026-08-13_08-37-03_hk_1786603023.fit,182,2026-08-13T06:40:04.000Z,181.000,458.87,146,167,76,2.398,29.64,50.81724,4.400676
2026-08-13,Running,Morning Run,"I am trying to follow the idea of running alternative days. This makes me less worry about possible injuries as my body can rest as well, and built stamina for longer runs.

Great day. :)",2026-08-13_08-37-03_hk_1786603023.fit,183,2026-08-13T06:40:05.000Z,182.000,460.7,146,167,76,2.372,29.64,50.817222,4.40064
2026-08-13,Running,Morning Run,"I am trying to follow the idea of running alternative days. This makes me less worry about possible injuries as my body can rest as well, and built stamina for longer runs.

Great day. :)",2026-08-13_08-37-03_hk_1786603023.fit,184,2026-08-13T06:40:06.000Z,183.000,462.53,146,166,76,2.32,29.64,50.817222,4.400604
2026-08-13,Running,Morning Run,"I am trying to follow the idea of running alternative days. This makes me less worry about possible injuries as my body can rest as well, and built stamina for longer runs.

Great day. :)",2026-08-13_08-37-03_hk_1786603023.fit,185,2026-08-13T06:40:07.000Z,184.000,466.17,146,166,76,2.349,29.64,50.817204,4.400586
2026-08-13,Running,Morning Run,"I am trying to follow the idea of running alternative days. This makes me less worry about possible injuries as my body can rest as well, and built stamina for longer runs.

Great day. :)",2026-08-13_08-37-03_hk_1786603023.fit,186,2026-08-13T06:40:08.000Z,185.000,469.81,146,168,76,2.45,29.64,50.817204,4.40055
2026-08-13,Running,Morning Run,"I am trying to follow the idea of running alternative days. This makes me less worry about possible injuries as my body can rest as well, and built stamina for longer runs.

Great day. :)",2026-08-13_08-37-03_hk_1786603023.fit,187,2026-08-13T06:40:09.000Z,186.000,471.73,146,168,77,2.449,29.64,50.817186,4.400514
2026-08-13,Running,Morning Run,"I am trying to follow the idea of running alternative days. This makes me less worry about possible injuries as my body can rest as well, and built stamina for longer runs.

Great day. :)",2026-08-13_08-37-03_hk_1786603023.fit,188,2026-08-13T06:40:10.000Z,187.000,473.65,146,168,77,2.403,29.64,50.817186,4.400478
2026-08-13,Running,Morning Run,"I am trying to follow the idea of running alternative days. This makes me less worry about possible injuries as my body can rest as well, and built stamina for longer runs.

Great day. :)",2026-08-13_08-37-03_hk_1786603023.fit,189,2026-08-13T06:40:11.000Z,188.000,475.57,146,166,77,2.381,29.63,50.817168,4.400442
2026-08-13,Running,Morning Run,"I am trying to follow the idea of running alternative days. This makes me less worry about possible injuries as my body can rest as well, and built stamina for longer runs.

Great day. :)",2026-08-13_08-37-03_hk_1786603023.fit,190,2026-08-13T06:40:12.000Z,189.000,478.3,146,166,78,2.382,29.63,50.817168,4.400424
2026-08-13,Running,Morning Run,"I am trying to follow the idea of running alternative days. This makes me less worry about possible injuries as my body can rest as well, and built stamina for longer runs.

Great day. :)",2026-08-13_08-37-03_hk_1786603023.fit,191,2026-08-13T06:40:13.000Z,190.000,481.02,146,166,78,2.406,29.63,50.81715,4.400388
2026-08-13,Running,Morning Run,"I am trying to follow the idea of running alternative days. This makes me less worry about possible injuries as my body can rest as well, and built stamina for longer runs.

Great day. :)",2026-08-13_08-37-03_hk_1786603023.fit,192,2026-08-13T06:40:14.000Z,191.000,483.31,146,166,78,2.41,29.63,50.81715,4.400352
2026-08-13,Running,Morning Run,"I am trying to follow the idea of running alternative days. This makes me less worry about possible injuries as my body can rest as well, and built stamina for longer runs.

Great day. :)",2026-08-13_08-37-03_hk_1786603023.fit,193,2026-08-13T06:40:15.000Z,192.000,485.61,146,166,78,2.433,29.63,50.81715,4.400316
2026-08-13,Running,Morning Run,"I am trying to follow the idea of running alternative days. This makes me less worry about possible injuries as my body can rest as well, and built stamina for longer runs.

Great day. :)",2026-08-13_08-37-03_hk_1786603023.fit,194,2026-08-13T06:40:16.000Z,193.000,487.91,146,167,78,2.456,29.63,50.817132,4.40028
2026-08-13,Running,Morning Run,"I am trying to follow the idea of running alternative days. This makes me less worry about possible injuries as my body can rest as well, and built stamina for longer runs.

Great day. :)",2026-08-13_08-37-03_hk_1786603023.fit,195,2026-08-13T06:40:17.000Z,194.000,489.88,146,167,78,2.464,29.63,50.817132,4.400244
2026-08-13,Running,Morning Run,"I am trying to follow the idea of running alternative days. This makes me less worry about possible injuries as my body can rest as well, and built stamina for longer runs.

Great day. :)",2026-08-13_08-37-03_hk_1786603023.fit,196,2026-08-13T06:40:18.000Z,195.000,491.85,148,167,77,2.408,29.63,50.817132,4.400208
2026-08-13,Running,Morning Run,"I am trying to follow the idea of running alternative days. This makes me less worry about possible injuries as my body can rest as well, and built stamina for longer runs.

Great day. :)",2026-08-13_08-37-03_hk_1786603023.fit,197,2026-08-13T06:40:19.000Z,196.000,493.82,149,168,77,2.388,29.63,50.817114,4.400172
2026-08-13,Running,Morning Run,"I am trying to follow the idea of running alternative days. This makes me less worry about possible injuries as my body can rest as well, and built stamina for longer runs.

Great day. :)",2026-08-13_08-37-03_hk_1786603023.fit,198,2026-08-13T06:40:20.000Z,197.000,497.28,149,168,77,2.426,29.63,50.817114,4.400136
2026-08-13,Running,Morning Run,"I am trying to follow the idea of running alternative days. This makes me less worry about possible injuries as my body can rest as well, and built stamina for longer runs.

Great day. :)",2026-08-13_08-37-03_hk_1786603023.fit,199,2026-08-13T06:40:21.000Z,198.000,500.74,149,169,76,2.53,29.63,50.817114,4.400118
2026-08-13,Running,Morning Run,"I am trying to follow the idea of running alternative days. This makes me less worry about possible injuries as my body can rest as well, and built stamina for longer runs.

Great day. :)",2026-08-13_08-37-03_hk_1786603023.fit,200,2026-08-13T06:40:22.000Z,199.000,503,149,169,76,2.517,29.63,50.817114,4.400082
2026-08-13,Running,Morning Run,"I am trying to follow the idea of running alternative days. This makes me less worry about possible injuries as my body can rest as well, and built stamina for longer runs.

Great day. :)",2026-08-13_08-37-03_hk_1786603023.fit,201,2026-08-13T06:40:23.000Z,200.000,505.25,149,169,76,2.46,29.63,50.817114,4.400046
2026-08-13,Running,Morning Run,"I am trying to follow the idea of running alternative days. This makes me less worry about possible injuries as my body can rest as well, and built stamina for longer runs.

Great day. :)",2026-08-13_08-37-03_hk_1786603023.fit,202,2026-08-13T06:40:24.000Z,201.000,507.51,149,170,79,2.403,29.63,50.817096,4.40001
2026-08-13,Running,Morning Run,"I am trying to follow the idea of running alternative days. This makes me less worry about possible injuries as my body can rest as well, and built stamina for longer runs.

Great day. :)",2026-08-13_08-37-03_hk_1786603023.fit,203,2026-08-13T06:40:25.000Z,202.000,510.59,149,170,79,2.463,29.63,50.817096,4.399974
2026-08-13,Running,Morning Run,"I am trying to follow the idea of running alternative days. This makes me less worry about possible injuries as my body can rest as well, and built stamina for longer runs.

Great day. :)",2026-08-13_08-37-03_hk_1786603023.fit,204,2026-08-13T06:40:26.000Z,203.000,513.67,149,170,79,2.557,29.63,50.817096,4.399938
2026-08-13,Running,Morning Run,"I am trying to follow the idea of running alternative days. This makes me less worry about possible injuries as my body can rest as well, and built stamina for longer runs.

Great day. :)",2026-08-13_08-37-03_hk_1786603023.fit,205,2026-08-13T06:40:27.000Z,204.000,515.73,150,170,77,2.533,29.63,50.817096,4.399902
2026-08-13,Running,Morning Run,"I am trying to follow the idea of running alternative days. This makes me less worry about possible injuries as my body can rest as well, and built stamina for longer runs.

Great day. :)",2026-08-13_08-37-03_hk_1786603023.fit,206,2026-08-13T06:40:28.000Z,205.000,517.79,150,170,77,2.458,29.63,50.817096,4.399866
2026-08-13,Running,Morning Run,"I am trying to follow the idea of running alternative days. This makes me less worry about possible injuries as my body can rest as well, and built stamina for longer runs.

Great day. :)",2026-08-13_08-37-03_hk_1786603023.fit,207,2026-08-13T06:40:29.000Z,206.000,519.85,150,168,77,2.383,29.63,50.817078,4.39983
2026-08-13,Running,Morning Run,"I am trying to follow the idea of running alternative days. This makes me less worry about possible injuries as my body can rest as well, and built stamina for longer runs.

Great day. :)",2026-08-13_08-37-03_hk_1786603023.fit,208,2026-08-13T06:40:30.000Z,207.000,522.57,150,168,78,2.421,29.63,50.817078,4.399794
2026-08-13,Running,Morning Run,"I am trying to follow the idea of running alternative days. This makes me less worry about possible injuries as my body can rest as well, and built stamina for longer runs.

Great day. :)",2026-08-13_08-37-03_hk_1786603023.fit,209,2026-08-13T06:40:31.000Z,208.000,525.29,150,167,78,2.459,29.63,50.817078,4.399758
2026-08-13,Running,Morning Run,"I am trying to follow the idea of running alternative days. This makes me less worry about possible injuries as my body can rest as well, and built stamina for longer runs.

Great day. :)",2026-08-13_08-37-03_hk_1786603023.fit,210,2026-08-13T06:40:32.000Z,209.000,527.31,150,167,78,2.464,29.63,50.817078,4.39974
2026-08-13,Running,Morning Run,"I am trying to follow the idea of running alternative days. This makes me less worry about possible injuries as my body can rest as well, and built stamina for longer runs.

Great day. :)",2026-08-13_08-37-03_hk_1786603023.fit,211,2026-08-13T06:40:33.000Z,210.000,529.33,150,167,76,2.43,29.63,50.817078,4.399704
2026-08-13,Running,Morning Run,"I am trying to follow the idea of running alternative days. This makes me less worry about possible injuries as my body can rest as well, and built stamina for longer runs.

Great day. :)",2026-08-13_08-37-03_hk_1786603023.fit,212,2026-08-13T06:40:34.000Z,211.000,531.35,150,166,76,2.397,29.62,50.817078,4.399668
2026-08-13,Running,Morning Run,"I am trying to follow the idea of running alternative days. This makes me less worry about possible injuries as my body can rest as well, and built stamina for longer runs.

Great day. :)",2026-08-13_08-37-03_hk_1786603023.fit,213,2026-08-13T06:40:35.000Z,212.000,534.44,150,166,76,2.435,29.62,50.817078,4.399632
2026-08-13,Running,Morning Run,"I am trying to follow the idea of running alternative days. This makes me less worry about possible injuries as my body can rest as well, and built stamina for longer runs.

Great day. :)",2026-08-13_08-37-03_hk_1786603023.fit,214,2026-08-13T06:40:36.000Z,213.000,537.53,149,168,76,2.472,29.62,50.817078,4.399596
2026-08-13,Running,Morning Run,"I am trying to follow the idea of running alternative days. This makes me less worry about possible injuries as my body can rest as well, and built stamina for longer runs.

Great day. :)",2026-08-13_08-37-03_hk_1786603023.fit,215,2026-08-13T06:40:37.000Z,214.000,539.6,149,168,76,2.462,29.62,50.817078,4.39956
2026-08-13,Running,Morning Run,"I am trying to follow the idea of running alternative days. This makes me less worry about possible injuries as my body can rest as well, and built stamina for longer runs.

Great day. :)",2026-08-13_08-37-03_hk_1786603023.fit,216,2026-08-13T06:40:38.000Z,215.000,541.68,149,168,76,2.467,29.62,50.817078,4.399524
2026-08-13,Running,Morning Run,"I am trying to follow the idea of running alternative days. This makes me less worry about possible injuries as my body can rest as well, and built stamina for longer runs.

Great day. :)",2026-08-13_08-37-03_hk_1786603023.fit,217,2026-08-13T06:40:39.000Z,216.000,543.75,149,167,76,2.471,29.62,50.81706,4.399506
2026-08-13,Running,Morning Run,"I am trying to follow the idea of running alternative days. This makes me less worry about possible injuries as my body can rest as well, and built stamina for longer runs.

Great day. :)",2026-08-13_08-37-03_hk_1786603023.fit,218,2026-08-13T06:40:40.000Z,217.000,545.95,149,167,76,2.482,29.62,50.81706,4.39947
2026-08-13,Running,Morning Run,"I am trying to follow the idea of running alternative days. This makes me less worry about possible injuries as my body can rest as well, and built stamina for longer runs.

Great day. :)",2026-08-13_08-37-03_hk_1786603023.fit,219,2026-08-13T06:40:41.000Z,218.000,548.14,149,167,76,2.422,29.62,50.81706,4.399434
2026-08-13,Running,Morning Run,"I am trying to follow the idea of running alternative days. This makes me less worry about possible injuries as my body can rest as well, and built stamina for longer runs.

Great day. :)",2026-08-13_08-37-03_hk_1786603023.fit,220,2026-08-13T06:40:42.000Z,219.000,550.34,149,167,79,2.412,29.61,50.81706,4.399398
2026-08-13,Running,Morning Run,"I am trying to follow the idea of running alternative days. This makes me less worry about possible injuries as my body can rest as well, and built stamina for longer runs.

Great day. :)",2026-08-13_08-37-03_hk_1786603023.fit,221,2026-08-13T06:40:43.000Z,220.000,553.59,149,167,79,2.409,29.61,50.81706,4.399362
2026-08-13,Running,Morning Run,"I am trying to follow the idea of running alternative days. This makes me less worry about possible injuries as my body can rest as well, and built stamina for longer runs.

Great day. :)",2026-08-13_08-37-03_hk_1786603023.fit,222,2026-08-13T06:40:44.000Z,221.000,556.84,149,170,79,2.456,29.61,50.81706,4.399326
2026-08-13,Running,Morning Run,"I am trying to follow the idea of running alternative days. This makes me less worry about possible injuries as my body can rest as well, and built stamina for longer runs.

Great day. :)",2026-08-13_08-37-03_hk_1786603023.fit,223,2026-08-13T06:40:45.000Z,222.000,559.02,149,170,77,2.453,29.61,50.81706,4.39929
2026-08-13,Running,Morning Run,"I am trying to follow the idea of running alternative days. This makes me less worry about possible injuries as my body can rest as well, and built stamina for longer runs.

Great day. :)",2026-08-13_08-37-03_hk_1786603023.fit,224,2026-08-13T06:40:46.000Z,223.000,561.19,149,170,77,2.409,29.61,50.81706,4.399254
2026-08-13,Running,Morning Run,"I am trying to follow the idea of running alternative days. This makes me less worry about possible injuries as my body can rest as well, and built stamina for longer runs.

Great day. :)",2026-08-13_08-37-03_hk_1786603023.fit,225,2026-08-13T06:40:47.000Z,224.000,563.36,149,171,77,2.399,29.61,50.81706,4.399218
2026-08-13,Running,Morning Run,"I am trying to follow the idea of running alternative days. This makes me less worry about possible injuries as my body can rest as well, and built stamina for longer runs.

Great day. :)",2026-08-13_08-37-03_hk_1786603023.fit,226,2026-08-13T06:40:48.000Z,225.000,566.57,149,171,77,2.421,29.61,50.81706,4.399182
2026-08-13,Running,Morning Run,"I am trying to follow the idea of running alternative days. This makes me less worry about possible injuries as my body can rest as well, and built stamina for longer runs.

Great day. :)",2026-08-13_08-37-03_hk_1786603023.fit,227,2026-08-13T06:40:49.000Z,226.000,569.78,149,174,77,2.476,29.61,50.81706,4.399146
2026-08-13,Running,Morning Run,"I am trying to follow the idea of running alternative days. This makes me less worry about possible injuries as my body can rest as well, and built stamina for longer runs.

Great day. :)",2026-08-13_08-37-03_hk_1786603023.fit,228,2026-08-13T06:40:50.000Z,227.000,571.78,149,174,77,2.473,29.61,50.81706,4.39911
2026-08-13,Running,Morning Run,"I am trying to follow the idea of running alternative days. This makes me less worry about possible injuries as my body can rest as well, and built stamina for longer runs.

Great day. :)",2026-08-13_08-37-03_hk_1786603023.fit,229,2026-08-13T06:40:51.000Z,228.000,573.77,149,174,76,2.438,29.61,50.81706,4.399074
2026-08-13,Running,Morning Run,"I am trying to follow the idea of running alternative days. This makes me less worry about possible injuries as my body can rest as well, and built stamina for longer runs.

Great day. :)",2026-08-13_08-37-03_hk_1786603023.fit,230,2026-08-13T06:40:52.000Z,229.000,575.76,149,173,76,2.404,29.61,50.81706,4.399056
2026-08-13,Running,Morning Run,"I am trying to follow the idea of running alternative days. This makes me less worry about possible injuries as my body can rest as well, and built stamina for longer runs.

Great day. :)",2026-08-13_08-37-03_hk_1786603023.fit,231,2026-08-13T06:40:53.000Z,230.000,578.07,149,173,76,2.417,29.61,50.81706,4.39902
2026-08-13,Running,Morning Run,"I am trying to follow the idea of running alternative days. This makes me less worry about possible injuries as my body can rest as well, and built stamina for longer runs.

Great day. :)",2026-08-13_08-37-03_hk_1786603023.fit,232,2026-08-13T06:40:54.000Z,231.000,580.37,149,166,79,2.43,29.61,50.81706,4.399002
2026-08-13,Running,Morning Run,"I am trying to follow the idea of running alternative days. This makes me less worry about possible injuries as my body can rest as well, and built stamina for longer runs.

Great day. :)",2026-08-13_08-37-03_hk_1786603023.fit,233,2026-08-13T06:40:55.000Z,232.000,581.9,149,166,79,2.407,29.61,50.81706,4.398966
2026-08-13,Running,Morning Run,"I am trying to follow the idea of running alternative days. This makes me less worry about possible injuries as my body can rest as well, and built stamina for longer runs.

Great day. :)",2026-08-13_08-37-03_hk_1786603023.fit,234,2026-08-13T06:40:56.000Z,233.000,583.43,149,166,79,2.367,29.62,50.81706,4.398948
2026-08-13,Running,Morning Run,"I am trying to follow the idea of running alternative days. This makes me less worry about possible injuries as my body can rest as well, and built stamina for longer runs.

Great day. :)",2026-08-13_08-37-03_hk_1786603023.fit,235,2026-08-13T06:40:57.000Z,234.000,584.96,149,164,76,2.296,29.62,50.81706,4.398912
2026-08-13,Running,Morning Run,"I am trying to follow the idea of running alternative days. This makes me less worry about possible injuries as my body can rest as well, and built stamina for longer runs.

Great day. :)",2026-08-13_08-37-03_hk_1786603023.fit,236,2026-08-13T06:40:58.000Z,235.000,586.48,149,164,76,2.263,29.62,50.81706,4.398894
2026-08-13,Running,Morning Run,"I am trying to follow the idea of running alternative days. This makes me less worry about possible injuries as my body can rest as well, and built stamina for longer runs.

Great day. :)",2026-08-13_08-37-03_hk_1786603023.fit,237,2026-08-13T06:40:59.000Z,236.000,588.01,149,164,76,2.195,29.62,50.81706,4.398876
2026-08-13,Running,Morning Run,"I am trying to follow the idea of running alternative days. This makes me less worry about possible injuries as my body can rest as well, and built stamina for longer runs.

Great day. :)",2026-08-13_08-37-03_hk_1786603023.fit,238,2026-08-13T06:41:00.000Z,237.000,589.53,149,160,78,2.167,29.62,50.81706,4.39884
2026-08-13,Running,Morning Run,"I am trying to follow the idea of running alternative days. This makes me less worry about possible injuries as my body can rest as well, and built stamina for longer runs.

Great day. :)",2026-08-13_08-37-03_hk_1786603023.fit,239,2026-08-13T06:41:01.000Z,238.000,591.83,149,160,78,2.181,29.63,50.81706,4.398822
2026-08-13,Running,Morning Run,"I am trying to follow the idea of running alternative days. This makes me less worry about possible injuries as my body can rest as well, and built stamina for longer runs.

Great day. :)",2026-08-13_08-37-03_hk_1786603023.fit,240,2026-08-13T06:41:02.000Z,239.000,594.13,151,159,78,2.191,29.63,50.81706,4.398786
2026-08-13,Running,Morning Run,"I am trying to follow the idea of running alternative days. This makes me less worry about possible injuries as my body can rest as well, and built stamina for longer runs.

Great day. :)",2026-08-13_08-37-03_hk_1786603023.fit,241,2026-08-13T06:41:03.000Z,240.000,595.79,151,159,76,2.168,29.63,50.81706,4.398768
2026-08-13,Running,Morning Run,"I am trying to follow the idea of running alternative days. This makes me less worry about possible injuries as my body can rest as well, and built stamina for longer runs.

Great day. :)",2026-08-13_08-37-03_hk_1786603023.fit,242,2026-08-13T06:41:04.000Z,241.000,597.45,151,159,76,2.146,29.64,50.81706,4.398732
2026-08-13,Running,Morning Run,"I am trying to follow the idea of running alternative days. This makes me less worry about possible injuries as my body can rest as well, and built stamina for longer runs.

Great day. :)",2026-08-13_08-37-03_hk_1786603023.fit,243,2026-08-13T06:41:05.000Z,242.000,599.1,151,158,76,2.123,29.64,50.81706,4.398714
2026-08-13,Running,Morning Run,"I am trying to follow the idea of running alternative days. This makes me less worry about possible injuries as my body can rest as well, and built stamina for longer runs.

Great day. :)",2026-08-13_08-37-03_hk_1786603023.fit,244,2026-08-13T06:41:06.000Z,243.000,602.28,151,158,76,2.164,29.64,50.817078,4.398678
2026-08-13,Running,Morning Run,"I am trying to follow the idea of running alternative days. This makes me less worry about possible injuries as my body can rest as well, and built stamina for longer runs.

Great day. :)",2026-08-13_08-37-03_hk_1786603023.fit,245,2026-08-13T06:41:07.000Z,244.000,605.45,151,161,76,2.161,29.64,50.817078,4.398642
2026-08-13,Running,Morning Run,"I am trying to follow the idea of running alternative days. This makes me less worry about possible injuries as my body can rest as well, and built stamina for longer runs.

Great day. :)",2026-08-13_08-37-03_hk_1786603023.fit,246,2026-08-13T06:41:08.000Z,245.000,608.03,151,161,76,2.133,29.65,50.817078,4.398606
2026-08-13,Running,Morning Run,"I am trying to follow the idea of running alternative days. This makes me less worry about possible injuries as my body can rest as well, and built stamina for longer runs.

Great day. :)",2026-08-13_08-37-03_hk_1786603023.fit,247,2026-08-13T06:41:09.000Z,246.000,610.6,151,161,76,2.149,29.65,50.817078,4.39857
2026-08-13,Running,Morning Run,"I am trying to follow the idea of running alternative days. This makes me less worry about possible injuries as my body can rest as well, and built stamina for longer runs.

Great day. :)",2026-08-13_08-37-03_hk_1786603023.fit,248,2026-08-13T06:41:10.000Z,247.000,613.17,151,167,76,2.166,29.65,50.817078,4.398534
2026-08-13,Running,Morning Run,"I am trying to follow the idea of running alternative days. This makes me less worry about possible injuries as my body can rest as well, and built stamina for longer runs.

Great day. :)",2026-08-13_08-37-03_hk_1786603023.fit,249,2026-08-13T06:41:11.000Z,248.000,615.72,151,167,76,2.182,29.66,50.817078,4.398516
2026-08-13,Running,Morning Run,"I am trying to follow the idea of running alternative days. This makes me less worry about possible injuries as my body can rest as well, and built stamina for longer runs.

Great day. :)",2026-08-13_08-37-03_hk_1786603023.fit,250,2026-08-13T06:41:12.000Z,249.000,618.27,151,166,76,2.154,29.66,50.817078,4.39848
2026-08-13,Running,Morning Run,"I am trying to follow the idea of running alternative days. This makes me less worry about possible injuries as my body can rest as well, and built stamina for longer runs.

Great day. :)",2026-08-13_08-37-03_hk_1786603023.fit,251,2026-08-13T06:41:13.000Z,250.000,619.93,150,166,76,2.089,29.67,50.817078,4.398444
2026-08-13,Running,Morning Run,"I am trying to follow the idea of running alternative days. This makes me less worry about possible injuries as my body can rest as well, and built stamina for longer runs.

Great day. :)",2026-08-13_08-37-03_hk_1786603023.fit,252,2026-08-13T06:41:14.000Z,251.000,621.58,149,166,76,2.072,29.67,50.817078,4.398426
2026-08-13,Running,Morning Run,"I am trying to follow the idea of running alternative days. This makes me less worry about possible injuries as my body can rest as well, and built stamina for longer runs.

Great day. :)",2026-08-13_08-37-03_hk_1786603023.fit,253,2026-08-13T06:41:15.000Z,252.000,623.23,149,165,77,2.058,29.67,50.817078,4.39839
2026-08-13,Running,Morning Run,"I am trying to follow the idea of running alternative days. This makes me less worry about possible injuries as my body can rest as well, and built stamina for longer runs.

Great day. :)",2026-08-13_08-37-03_hk_1786603023.fit,254,2026-08-13T06:41:16.000Z,253.000,626.32,149,165,77,2.107,29.68,50.817078,4.398354
2026-08-13,Running,Morning Run,"I am trying to follow the idea of running alternative days. This makes me less worry about possible injuries as my body can rest as well, and built stamina for longer runs.

Great day. :)",2026-08-13_08-37-03_hk_1786603023.fit,255,2026-08-13T06:41:17.000Z,254.000,629.42,149,167,77,2.14,29.68,50.817096,4.398318
2026-08-13,Running,Morning Run,"I am trying to follow the idea of running alternative days. This makes me less worry about possible injuries as my body can rest as well, and built stamina for longer runs.

Great day. :)",2026-08-13_08-37-03_hk_1786603023.fit,256,2026-08-13T06:41:18.000Z,255.000,631.25,149,167,78,2.12,29.68,50.817096,4.398282
2026-08-13,Running,Morning Run,"I am trying to follow the idea of running alternative days. This makes me less worry about possible injuries as my body can rest as well, and built stamina for longer runs.

Great day. :)",2026-08-13_08-37-03_hk_1786603023.fit,257,2026-08-13T06:41:19.000Z,256.000,633.08,149,167,78,2.133,29.69,50.817096,4.398246
2026-08-13,Running,Morning Run,"I am trying to follow the idea of running alternative days. This makes me less worry about possible injuries as my body can rest as well, and built stamina for longer runs.

Great day. :)",2026-08-13_08-37-03_hk_1786603023.fit,258,2026-08-13T06:41:20.000Z,257.000,634.91,149,169,78,2.145,29.69,50.817096,4.398228
2026-08-13,Running,Morning Run,"I am trying to follow the idea of running alternative days. This makes me less worry about possible injuries as my body can rest as well, and built stamina for longer runs.

Great day. :)",2026-08-13_08-37-03_hk_1786603023.fit,259,2026-08-13T06:41:21.000Z,258.000,636.52,149,169,78,2.176,29.7,50.817096,4.398192
2026-08-13,Running,Morning Run,"I am trying to follow the idea of running alternative days. This makes me less worry about possible injuries as my body can rest as well, and built stamina for longer runs.

Great day. :)",2026-08-13_08-37-03_hk_1786603023.fit,260,2026-08-13T06:41:22.000Z,259.000,638.13,149,169,78,2.18,29.7,50.817114,4.398156
2026-08-13,Running,Morning Run,"I am trying to follow the idea of running alternative days. This makes me less worry about possible injuries as my body can rest as well, and built stamina for longer runs.

Great day. :)",2026-08-13_08-37-03_hk_1786603023.fit,261,2026-08-13T06:41:23.000Z,260.000,639.75,147,166,78,2.183,29.7,50.817114,4.398138
2026-08-13,Running,Morning Run,"I am trying to follow the idea of running alternative days. This makes me less worry about possible injuries as my body can rest as well, and built stamina for longer runs.

Great day. :)",2026-08-13_08-37-03_hk_1786603023.fit,262,2026-08-13T06:41:24.000Z,261.000,643.55,147,166,79,2.249,29.71,50.817114,4.398102
2026-08-13,Running,Morning Run,"I am trying to follow the idea of running alternative days. This makes me less worry about possible injuries as my body can rest as well, and built stamina for longer runs.

Great day. :)",2026-08-13_08-37-03_hk_1786603023.fit,263,2026-08-13T06:41:25.000Z,262.000,647.35,148,172,79,2.344,29.71,50.817132,4.398066
2026-08-13,Running,Morning Run,"I am trying to follow the idea of running alternative days. This makes me less worry about possible injuries as my body can rest as well, and built stamina for longer runs.

Great day. :)",2026-08-13_08-37-03_hk_1786603023.fit,264,2026-08-13T06:41:26.000Z,263.000,649.02,148,172,79,2.344,29.72,50.817132,4.39803
2026-08-13,Running,Morning Run,"I am trying to follow the idea of running alternative days. This makes me less worry about possible injuries as my body can rest as well, and built stamina for longer runs.

Great day. :)",2026-08-13_08-37-03_hk_1786603023.fit,265,2026-08-13T06:41:27.000Z,264.000,650.7,148,172,77,2.345,29.72,50.817132,4.398012
2026-08-13,Running,Morning Run,"I am trying to follow the idea of running alternative days. This makes me less worry about possible injuries as my body can rest as well, and built stamina for longer runs.

Great day. :)",2026-08-13_08-37-03_hk_1786603023.fit,266,2026-08-13T06:41:28.000Z,265.000,652.37,148,172,77,2.277,29.73,50.81715,4.397976
2026-08-13,Running,Morning Run,"I am trying to follow the idea of running alternative days. This makes me less worry about possible injuries as my body can rest as well, and built stamina for longer runs.

Great day. :)",2026-08-13_08-37-03_hk_1786603023.fit,267,2026-08-13T06:41:29.000Z,266.000,655.09,148,172,77,2.296,29.73,50.81715,4.39794
2026-08-13,Running,Morning Run,"I am trying to follow the idea of running alternative days. This makes me less worry about possible injuries as my body can rest as well, and built stamina for longer runs.

Great day. :)",2026-08-13_08-37-03_hk_1786603023.fit,268,2026-08-13T06:41:30.000Z,267.000,657.81,149,211,79,2.277,29.74,50.81715,4.397904
2026-08-13,Running,Morning Run,"I am trying to follow the idea of running alternative days. This makes me less worry about possible injuries as my body can rest as well, and built stamina for longer runs.

Great day. :)",2026-08-13_08-37-03_hk_1786603023.fit,269,2026-08-13T06:41:31.000Z,268.000,659.99,149,211,79,2.259,29.74,50.81715,4.397886
2026-08-13,Running,Morning Run,"I am trying to follow the idea of running alternative days. This makes me less worry about possible injuries as my body can rest as well, and built stamina for longer runs.

Great day. :)",2026-08-13_08-37-03_hk_1786603023.fit,270,2026-08-13T06:41:32.000Z,269.000,662.17,149,211,79,2.242,29.75,50.81715,4.39785
2026-08-13,Running,Morning Run,"I am trying to follow the idea of running alternative days. This makes me less worry about possible injuries as my body can rest as well, and built stamina for longer runs.

Great day. :)",2026-08-13_08-37-03_hk_1786603023.fit,271,2026-08-13T06:41:33.000Z,270.000,664.34,149,214,79,2.225,29.75,50.817168,4.397814
2026-08-13,Running,Morning Run,"I am trying to follow the idea of running alternative days. This makes me less worry about possible injuries as my body can rest as well, and built stamina for longer runs.

Great day. :)",2026-08-13_08-37-03_hk_1786603023.fit,272,2026-08-13T06:41:34.000Z,271.000,667.09,149,214,79,2.233,29.76,50.817168,4.397778
2026-08-13,Running,Morning Run,"I am trying to follow the idea of running alternative days. This makes me less worry about possible injuries as my body can rest as well, and built stamina for longer runs.

Great day. :)",2026-08-13_08-37-03_hk_1786603023.fit,273,2026-08-13T06:41:35.000Z,272.000,669.84,149,212,79,2.242,29.76,50.817186,4.39776
2026-08-13,Running,Morning Run,"I am trying to follow the idea of running alternative days. This makes me less worry about possible injuries as my body can rest as well, and built stamina for longer runs.

Great day. :)",2026-08-13_08-37-03_hk_1786603023.fit,274,2026-08-13T06:41:36.000Z,273.000,672.2,149,212,77,2.301,29.77,50.817186,4.397724
2026-08-13,Running,Morning Run,"I am trying to follow the idea of running alternative days. This makes me less worry about possible injuries as my body can rest as well, and built stamina for longer runs.

Great day. :)",2026-08-13_08-37-03_hk_1786603023.fit,275,2026-08-13T06:41:37.000Z,274.000,674.55,149,212,77,2.333,29.77,50.817204,4.397706
2026-08-13,Running,Morning Run,"I am trying to follow the idea of running alternative days. This makes me less worry about possible injuries as my body can rest as well, and built stamina for longer runs.

Great day. :)",2026-08-13_08-37-03_hk_1786603023.fit,276,2026-08-13T06:41:38.000Z,275.000,676.91,149,215,77,2.3,29.78,50.817204,4.39767
2026-08-13,Running,Morning Run,"I am trying to follow the idea of running alternative days. This makes me less worry about possible injuries as my body can rest as well, and built stamina for longer runs.

Great day. :)",2026-08-13_08-37-03_hk_1786603023.fit,277,2026-08-13T06:41:39.000Z,276.000,680.03,149,215,78,2.301,29.78,50.817222,4.397634
2026-08-13,Running,Morning Run,"I am trying to follow the idea of running alternative days. This makes me less worry about possible injuries as my body can rest as well, and built stamina for longer runs.

Great day. :)",2026-08-13_08-37-03_hk_1786603023.fit,278,2026-08-13T06:41:40.000Z,277.000,683.14,149,218,78,2.384,29.79,50.817222,4.397598
2026-08-13,Running,Morning Run,"I am trying to follow the idea of running alternative days. This makes me less worry about possible injuries as my body can rest as well, and built stamina for longer runs.

Great day. :)",2026-08-13_08-37-03_hk_1786603023.fit,279,2026-08-13T06:41:41.000Z,278.000,685.15,149,218,78,2.392,29.79,50.81724,4.397562
2026-08-13,Running,Morning Run,"I am trying to follow the idea of running alternative days. This makes me less worry about possible injuries as my body can rest as well, and built stamina for longer runs.

Great day. :)",2026-08-13_08-37-03_hk_1786603023.fit,280,2026-08-13T06:41:42.000Z,279.000,687.15,149,218,76,2.411,29.79,50.81724,4.397526
2026-08-13,Running,Morning Run,"I am trying to follow the idea of running alternative days. This makes me less worry about possible injuries as my body can rest as well, and built stamina for longer runs.

Great day. :)",2026-08-13_08-37-03_hk_1786603023.fit,281,2026-08-13T06:41:43.000Z,280.000,689.16,149,219,76,2.43,29.79,50.81724,4.39749
2026-08-13,Running,Morning Run,"I am trying to follow the idea of running alternative days. This makes me less worry about possible injuries as my body can rest as well, and built stamina for longer runs.

Great day. :)",2026-08-13_08-37-03_hk_1786603023.fit,282,2026-08-13T06:41:44.000Z,281.000,690.93,149,219,76,2.437,29.8,50.81724,4.397472
2026-08-13,Running,Morning Run,"I am trying to follow the idea of running alternative days. This makes me less worry about possible injuries as my body can rest as well, and built stamina for longer runs.

Great day. :)",2026-08-13_08-37-03_hk_1786603023.fit,283,2026-08-13T06:41:45.000Z,282.000,692.7,149,219,79,2.407,29.8,50.817258,4.397436
2026-08-13,Running,Morning Run,"I am trying to follow the idea of running alternative days. This makes me less worry about possible injuries as my body can rest as well, and built stamina for longer runs.

Great day. :)",2026-08-13_08-37-03_hk_1786603023.fit,284,2026-08-13T06:41:46.000Z,283.000,694.46,149,216,79,2.314,29.81,50.817258,4.397418
2026-08-13,Running,Morning Run,"I am trying to follow the idea of running alternative days. This makes me less worry about possible injuries as my body can rest as well, and built stamina for longer runs.

Great day. :)",2026-08-13_08-37-03_hk_1786603023.fit,285,2026-08-13T06:41:47.000Z,284.000,697.29,149,216,79,2.337,29.81,50.817276,4.397382
2026-08-13,Running,Morning Run,"I am trying to follow the idea of running alternative days. This makes me less worry about possible injuries as my body can rest as well, and built stamina for longer runs.

Great day. :)",2026-08-13_08-37-03_hk_1786603023.fit,286,2026-08-13T06:41:48.000Z,285.000,700.12,149,218,76,2.322,29.81,50.817276,4.397346
2026-08-13,Running,Morning Run,"I am trying to follow the idea of running alternative days. This makes me less worry about possible injuries as my body can rest as well, and built stamina for longer runs.

Great day. :)",2026-08-13_08-37-03_hk_1786603023.fit,287,2026-08-13T06:41:49.000Z,286.000,702.53,149,218,76,2.388,29.82,50.817294,4.397328
2026-08-13,Running,Morning Run,"I am trying to follow the idea of running alternative days. This makes me less worry about possible injuries as my body can rest as well, and built stamina for longer runs.

Great day. :)",2026-08-13_08-37-03_hk_1786603023.fit,288,2026-08-13T06:41:50.000Z,287.000,704.94,149,218,76,2.389,29.82,50.817294,4.397292
2026-08-13,Running,Morning Run,"I am trying to follow the idea of running alternative days. This makes me less worry about possible injuries as my body can rest as well, and built stamina for longer runs.

Great day. :)",2026-08-13_08-37-03_hk_1786603023.fit,289,2026-08-13T06:41:51.000Z,288.000,707.35,149,220,79,2.375,29.83,50.817312,4.397256
2026-08-13,Running,Morning Run,"I am trying to follow the idea of running alternative days. This makes me less worry about possible injuries as my body can rest as well, and built stamina for longer runs.

Great day. :)",2026-08-13_08-37-03_hk_1786603023.fit,290,2026-08-13T06:41:52.000Z,289.000,710.25,149,220,79,2.393,29.83,50.81733,4.39722
2026-08-13,Running,Morning Run,"I am trying to follow the idea of running alternative days. This makes me less worry about possible injuries as my body can rest as well, and built stamina for longer runs.

Great day. :)",2026-08-13_08-37-03_hk_1786603023.fit,291,2026-08-13T06:41:53.000Z,290.000,713.14,150,217,79,2.428,29.84,50.81733,4.397202
2026-08-13,Running,Morning Run,"I am trying to follow the idea of running alternative days. This makes me less worry about possible injuries as my body can rest as well, and built stamina for longer runs.

Great day. :)",2026-08-13_08-37-03_hk_1786603023.fit,292,2026-08-13T06:41:54.000Z,291.000,715.43,150,217,76,2.433,29.84,50.817348,4.397166
2026-08-13,Running,Morning Run,"I am trying to follow the idea of running alternative days. This makes me less worry about possible injuries as my body can rest as well, and built stamina for longer runs.

Great day. :)",2026-08-13_08-37-03_hk_1786603023.fit,293,2026-08-13T06:41:55.000Z,292.000,717.73,150,217,76,2.411,29.85,50.817348,4.39713
2026-08-13,Running,Morning Run,"I am trying to follow the idea of running alternative days. This makes me less worry about possible injuries as my body can rest as well, and built stamina for longer runs.

Great day. :)",2026-08-13_08-37-03_hk_1786603023.fit,294,2026-08-13T06:41:56.000Z,293.000,720.02,150,218,76,2.39,29.85,50.817366,4.397112
2026-08-13,Running,Morning Run,"I am trying to follow the idea of running alternative days. This makes me less worry about possible injuries as my body can rest as well, and built stamina for longer runs.

Great day. :)",2026-08-13_08-37-03_hk_1786603023.fit,295,2026-08-13T06:41:57.000Z,294.000,723.53,150,218,78,2.444,29.86,50.817366,4.397076
2026-08-13,Running,Morning Run,"I am trying to follow the idea of running alternative days. This makes me less worry about possible injuries as my body can rest as well, and built stamina for longer runs.

Great day. :)",2026-08-13_08-37-03_hk_1786603023.fit,296,2026-08-13T06:41:58.000Z,295.000,727.04,150,220,78,2.506,29.86,50.817384,4.39704
2026-08-13,Running,Morning Run,"I am trying to follow the idea of running alternative days. This makes me less worry about possible injuries as my body can rest as well, and built stamina for longer runs.

Great day. :)",2026-08-13_08-37-03_hk_1786603023.fit,297,2026-08-13T06:41:59.000Z,296.000,728.56,151,220,78,2.459,29.86,50.817384,4.397022
2026-08-13,Running,Morning Run,"I am trying to follow the idea of running alternative days. This makes me less worry about possible injuries as my body can rest as well, and built stamina for longer runs.

Great day. :)",2026-08-13_08-37-03_hk_1786603023.fit,298,2026-08-13T06:42:00.000Z,297.000,730.08,151,220,77,2.383,29.87,50.817402,4.396986
2026-08-13,Running,Morning Run,"I am trying to follow the idea of running alternative days. This makes me less worry about possible injuries as my body can rest as well, and built stamina for longer runs.

Great day. :)",2026-08-13_08-37-03_hk_1786603023.fit,299,2026-08-13T06:42:01.000Z,298.000,731.6,151,216,77,2.344,29.87,50.81742,4.39695
2026-08-13,Running,Morning Run,"I am trying to follow the idea of running alternative days. This makes me less worry about possible injuries as my body can rest as well, and built stamina for longer runs.

Great day. :)",2026-08-13_08-37-03_hk_1786603023.fit,300,2026-08-13T06:42:02.000Z,299.000,734.11,151,216,77,2.317,29.88,50.81742,4.396932
2026-08-13,Running,Morning Run,"I am trying to follow the idea of running alternative days. This makes me less worry about possible injuries as my body can rest as well, and built stamina for longer runs.

Great day. :)",2026-08-13_08-37-03_hk_1786603023.fit,301,2026-08-13T06:42:03.000Z,300.000,736.63,151,216,79,2.34,29.88,50.817438,4.396896
2026-08-13,Running,Morning Run,"I am trying to follow the idea of running alternative days. This makes me less worry about possible injuries as my body can rest as well, and built stamina for longer runs.

Great day. :)",2026-08-13_08-37-03_hk_1786603023.fit,302,2026-08-13T06:42:04.000Z,301.000,739.14,151,220,79,2.363,29.89,50.817438,4.39686
2026-08-13,Running,Morning Run,"I am trying to follow the idea of running alternative days. This makes me less worry about possible injuries as my body can rest as well, and built stamina for longer runs.

Great day. :)",2026-08-13_08-37-03_hk_1786603023.fit,303,2026-08-13T06:42:05.000Z,302.000,741.66,151,220,79,2.416,29.89,50.817438,4.396824
2026-08-13,Running,Morning Run,"I am trying to follow the idea of running alternative days. This makes me less worry about possible injuries as my body can rest as well, and built stamina for longer runs.

Great day. :)",2026-08-13_08-37-03_hk_1786603023.fit,304,2026-08-13T06:42:06.000Z,303.000,744.18,151,219,76,2.452,29.9,50.817456,4.396806
2026-08-13,Running,Morning Run,"I am trying to follow the idea of running alternative days. This makes me less worry about possible injuries as my body can rest as well, and built stamina for longer runs.

Great day. :)",2026-08-13_08-37-03_hk_1786603023.fit,305,2026-08-13T06:42:07.000Z,304.000,746.16,151,219,76,2.462,29.9,50.817456,4.39677
2026-08-13,Running,Morning Run,"I am trying to follow the idea of running alternative days. This makes me less worry about possible injuries as my body can rest as well, and built stamina for longer runs.

Great day. :)",2026-08-13_08-37-03_hk_1786603023.fit,306,2026-08-13T06:42:08.000Z,305.000,748.14,151,219,76,2.421,29.91,50.817474,4.396734
2026-08-13,Running,Morning Run,"I am trying to follow the idea of running alternative days. This makes me less worry about possible injuries as my body can rest as well, and built stamina for longer runs.

Great day. :)",2026-08-13_08-37-03_hk_1786603023.fit,307,2026-08-13T06:42:09.000Z,306.000,750.12,151,218,76,2.401,29.91,50.817474,4.396716
2026-08-13,Running,Morning Run,"I am trying to follow the idea of running alternative days. This makes me less worry about possible injuries as my body can rest as well, and built stamina for longer runs.

Great day. :)",2026-08-13_08-37-03_hk_1786603023.fit,308,2026-08-13T06:42:10.000Z,307.000,752.5,151,218,76,2.381,29.92,50.817492,4.39668
2026-08-13,Running,Morning Run,"I am trying to follow the idea of running alternative days. This makes me less worry about possible injuries as my body can rest as well, and built stamina for longer runs.

Great day. :)",2026-08-13_08-37-03_hk_1786603023.fit,309,2026-08-13T06:42:11.000Z,308.000,754.89,151,215,76,2.38,29.92,50.817492,4.396662
2026-08-13,Running,Morning Run,"I am trying to follow the idea of running alternative days. This makes me less worry about possible injuries as my body can rest as well, and built stamina for longer runs.

Great day. :)",2026-08-13_08-37-03_hk_1786603023.fit,310,2026-08-13T06:42:12.000Z,309.000,757.11,151,215,76,2.371,29.93,50.81751,4.396644
2026-08-13,Running,Morning Run,"I am trying to follow the idea of running alternative days. This makes me less worry about possible injuries as my body can rest as well, and built stamina for longer runs.

Great day. :)",2026-08-13_08-37-03_hk_1786603023.fit,311,2026-08-13T06:42:13.000Z,310.000,759.33,151,215,76,2.363,29.93,50.817528,4.396608
2026-08-13,Running,Morning Run,"I am trying to follow the idea of running alternative days. This makes me less worry about possible injuries as my body can rest as well, and built stamina for longer runs.

Great day. :)",2026-08-13_08-37-03_hk_1786603023.fit,312,2026-08-13T06:42:14.000Z,311.000,761.55,151,215,76,2.332,29.94,50.817528,4.39659
2026-08-13,Running,Morning Run,"I am trying to follow the idea of running alternative days. This makes me less worry about possible injuries as my body can rest as well, and built stamina for longer runs.

Great day. :)",2026-08-13_08-37-03_hk_1786603023.fit,313,2026-08-13T06:42:15.000Z,312.000,764.38,151,215,76,2.329,29.94,50.817546,4.396554
2026-08-13,Running,Morning Run,"I am trying to follow the idea of running alternative days. This makes me less worry about possible injuries as my body can rest as well, and built stamina for longer runs.

Great day. :)",2026-08-13_08-37-03_hk_1786603023.fit,314,2026-08-13T06:42:16.000Z,313.000,767.21,151,215,76,2.353,29.95,50.817564,4.396536
2026-08-13,Running,Morning Run,"I am trying to follow the idea of running alternative days. This makes me less worry about possible injuries as my body can rest as well, and built stamina for longer runs.

Great day. :)",2026-08-13_08-37-03_hk_1786603023.fit,315,2026-08-13T06:42:17.000Z,314.000,769.48,151,215,76,2.353,29.96,50.817564,4.3965
2026-08-13,Running,Morning Run,"I am trying to follow the idea of running alternative days. This makes me less worry about possible injuries as my body can rest as well, and built stamina for longer runs.

Great day. :)",2026-08-13_08-37-03_hk_1786603023.fit,316,2026-08-13T06:42:18.000Z,315.000,771.76,151,215,76,2.352,29.96,50.817582,4.396482
2026-08-13,Running,Morning Run,"I am trying to follow the idea of running alternative days. This makes me less worry about possible injuries as my body can rest as well, and built stamina for longer runs.

Great day. :)",2026-08-13_08-37-03_hk_1786603023.fit,317,2026-08-13T06:42:19.000Z,316.000,774.04,152,217,76,2.296,29.97,50.8176,4.396446
2026-08-13,Running,Morning Run,"I am trying to follow the idea of running alternative days. This makes me less worry about possible injuries as my body can rest as well, and built stamina for longer runs.

Great day. :)",2026-08-13_08-37-03_hk_1786603023.fit,318,2026-08-13T06:42:20.000Z,317.000,777.2,152,217,76,2.28,29.97,50.817618,4.39641
2026-08-13,Running,Morning Run,"I am trying to follow the idea of running alternative days. This makes me less worry about possible injuries as my body can rest as well, and built stamina for longer runs.

Great day. :)",2026-08-13_08-37-03_hk_1786603023.fit,319,2026-08-13T06:42:21.000Z,318.000,780.37,152,221,79,2.395,29.98,50.817618,4.396392
2026-08-13,Running,Morning Run,"I am trying to follow the idea of running alternative days. This makes me less worry about possible injuries as my body can rest as well, and built stamina for longer runs.

Great day. :)",2026-08-13_08-37-03_hk_1786603023.fit,320,2026-08-13T06:42:22.000Z,319.000,782.65,152,221,79,2.431,29.99,50.817636,4.396356
2026-08-13,Running,Morning Run,"I am trying to follow the idea of running alternative days. This makes me less worry about possible injuries as my body can rest as well, and built stamina for longer runs.

Great day. :)",2026-08-13_08-37-03_hk_1786603023.fit,321,2026-08-13T06:42:23.000Z,320.000,784.92,152,221,79,2.42,29.99,50.817654,4.39632
2026-08-13,Running,Morning Run,"I am trying to follow the idea of running alternative days. This makes me less worry about possible injuries as my body can rest as well, and built stamina for longer runs.

Great day. :)",2026-08-13_08-37-03_hk_1786603023.fit,322,2026-08-13T06:42:24.000Z,321.000,787.2,152,226,76,2.408,30,50.817654,4.396284
2026-08-13,Running,Morning Run,"I am trying to follow the idea of running alternative days. This makes me less worry about possible injuries as my body can rest as well, and built stamina for longer runs.

Great day. :)",2026-08-13_08-37-03_hk_1786603023.fit,323,2026-08-13T06:42:25.000Z,322.000,789.17,152,226,76,2.382,30,50.817672,4.396266
2026-08-13,Running,Morning Run,"I am trying to follow the idea of running alternative days. This makes me less worry about possible injuries as my body can rest as well, and built stamina for longer runs.

Great day. :)",2026-08-13_08-37-03_hk_1786603023.fit,324,2026-08-13T06:42:26.000Z,323.000,791.14,152,226,76,2.363,30.01,50.81769,4.39623
2026-08-13,Running,Morning Run,"I am trying to follow the idea of running alternative days. This makes me less worry about possible injuries as my body can rest as well, and built stamina for longer runs.

Great day. :)",2026-08-13_08-37-03_hk_1786603023.fit,325,2026-08-13T06:42:27.000Z,324.000,793.11,152,225,78,2.338,30.02,50.81769,4.396212
2026-08-13,Running,Morning Run,"I am trying to follow the idea of running alternative days. This makes me less worry about possible injuries as my body can rest as well, and built stamina for longer runs.

Great day. :)",2026-08-13_08-37-03_hk_1786603023.fit,326,2026-08-13T06:42:28.000Z,325.000,796.13,152,225,78,2.361,30.02,50.817708,4.396176
2026-08-13,Running,Morning Run,"I am trying to follow the idea of running alternative days. This makes me less worry about possible injuries as my body can rest as well, and built stamina for longer runs.

Great day. :)",2026-08-13_08-37-03_hk_1786603023.fit,327,2026-08-13T06:42:29.000Z,326.000,799.15,152,228,78,2.429,30.03,50.817726,4.396158
2026-08-13,Running,Morning Run,"I am trying to follow the idea of running alternative days. This makes me less worry about possible injuries as my body can rest as well, and built stamina for longer runs.

Great day. :)",2026-08-13_08-37-03_hk_1786603023.fit,328,2026-08-13T06:42:30.000Z,327.000,801.32,152,228,76,2.438,30.03,50.817744,4.396122
2026-08-13,Running,Morning Run,"I am trying to follow the idea of running alternative days. This makes me less worry about possible injuries as my body can rest as well, and built stamina for longer runs.

Great day. :)",2026-08-13_08-37-03_hk_1786603023.fit,329,2026-08-13T06:42:31.000Z,328.000,803.49,152,228,76,2.428,30.04,50.817744,4.396104
2026-08-13,Running,Morning Run,"I am trying to follow the idea of running alternative days. This makes me less worry about possible injuries as my body can rest as well, and built stamina for longer runs.

Great day. :)",2026-08-13_08-37-03_hk_1786603023.fit,330,2026-08-13T06:42:32.000Z,329.000,805.66,152,229,76,2.418,30.04,50.817762,4.396068
2026-08-13,Running,Morning Run,"I am trying to follow the idea of running alternative days. This makes me less worry about possible injuries as my body can rest as well, and built stamina for longer runs.

Great day. :)",2026-08-13_08-37-03_hk_1786603023.fit,331,2026-08-13T06:42:33.000Z,330.000,808.49,152,229,76,2.447,30.05,50.81778,4.39605
2026-08-13,Running,Morning Run,"I am trying to follow the idea of running alternative days. This makes me less worry about possible injuries as my body can rest as well, and built stamina for longer runs.

Great day. :)",2026-08-13_08-37-03_hk_1786603023.fit,332,2026-08-13T06:42:34.000Z,331.000,811.32,152,230,76,2.476,30.05,50.817798,4.396032
2026-08-13,Running,Morning Run,"I am trying to follow the idea of running alternative days. This makes me less worry about possible injuries as my body can rest as well, and built stamina for longer runs.

Great day. :)",2026-08-13_08-37-03_hk_1786603023.fit,333,2026-08-13T06:42:35.000Z,332.000,813.89,152,230,76,2.492,30.06,50.817816,4.396014
2026-08-13,Running,Morning Run,"I am trying to follow the idea of running alternative days. This makes me less worry about possible injuries as my body can rest as well, and built stamina for longer runs.

Great day. :)",2026-08-13_08-37-03_hk_1786603023.fit,334,2026-08-13T06:42:36.000Z,333.000,816.45,152,230,76,2.48,30.06,50.817834,4.395996
2026-08-13,Running,Morning Run,"I am trying to follow the idea of running alternative days. This makes me less worry about possible injuries as my body can rest as well, and built stamina for longer runs.

Great day. :)",2026-08-13_08-37-03_hk_1786603023.fit,335,2026-08-13T06:42:37.000Z,334.000,819.02,152,234,76,2.467,30.07,50.817852,4.395978
2026-08-13,Running,Morning Run,"I am trying to follow the idea of running alternative days. This makes me less worry about possible injuries as my body can rest as well, and built stamina for longer runs.

Great day. :)",2026-08-13_08-37-03_hk_1786603023.fit,336,2026-08-13T06:42:38.000Z,335.000,822.27,152,234,76,2.526,30.07,50.81787,4.39596
2026-08-13,Running,Morning Run,"I am trying to follow the idea of running alternative days. This makes me less worry about possible injuries as my body can rest as well, and built stamina for longer runs.

Great day. :)",2026-08-13_08-37-03_hk_1786603023.fit,337,2026-08-13T06:42:39.000Z,336.000,825.52,152,234,79,2.574,30.08,50.817888,4.395942
2026-08-13,Running,Morning Run,"I am trying to follow the idea of running alternative days. This makes me less worry about possible injuries as my body can rest as well, and built stamina for longer runs.

Great day. :)",2026-08-13_08-37-03_hk_1786603023.fit,338,2026-08-13T06:42:40.000Z,337.000,827.3,152,234,79,2.505,30.08,50.817924,4.395924
2026-08-13,Running,Morning Run,"I am trying to follow the idea of running alternative days. This makes me less worry about possible injuries as my body can rest as well, and built stamina for longer runs.

Great day. :)",2026-08-13_08-37-03_hk_1786603023.fit,339,2026-08-13T06:42:41.000Z,338.000,829.08,152,234,79,2.47,30.08,50.817942,4.395906
2026-08-13,Running,Morning Run,"I am trying to follow the idea of running alternative days. This makes me less worry about possible injuries as my body can rest as well, and built stamina for longer runs.

Great day. :)",2026-08-13_08-37-03_hk_1786603023.fit,340,2026-08-13T06:42:42.000Z,339.000,830.86,153,233,76,2.404,30.08,50.81796,4.395888
2026-08-13,Running,Morning Run,"I am trying to follow the idea of running alternative days. This makes me less worry about possible injuries as my body can rest as well, and built stamina for longer runs.

Great day. :)",2026-08-13_08-37-03_hk_1786603023.fit,341,2026-08-13T06:42:43.000Z,340.000,834.51,153,233,76,2.47,30.08,50.817978,4.39587
2026-08-13,Running,Morning Run,"I am trying to follow the idea of running alternative days. This makes me less worry about possible injuries as my body can rest as well, and built stamina for longer runs.

Great day. :)",2026-08-13_08-37-03_hk_1786603023.fit,342,2026-08-13T06:42:44.000Z,341.000,838.17,153,235,76,2.549,30.09,50.817996,4.395852
2026-08-13,Running,Morning Run,"I am trying to follow the idea of running alternative days. This makes me less worry about possible injuries as my body can rest as well, and built stamina for longer runs.

Great day. :)",2026-08-13_08-37-03_hk_1786603023.fit,343,2026-08-13T06:42:45.000Z,342.000,839.95,154,235,78,2.539,30.09,50.818014,4.395834
2026-08-13,Running,Morning Run,"I am trying to follow the idea of running alternative days. This makes me less worry about possible injuries as my body can rest as well, and built stamina for longer runs.

Great day. :)",2026-08-13_08-37-03_hk_1786603023.fit,344,2026-08-13T06:42:46.000Z,343.000,841.73,154,235,78,2.53,30.09,50.818032,4.395816
2026-08-13,Running,Morning Run,"I am trying to follow the idea of running alternative days. This makes me less worry about possible injuries as my body can rest as well, and built stamina for longer runs.

Great day. :)",2026-08-13_08-37-03_hk_1786603023.fit,345,2026-08-13T06:42:47.000Z,344.000,843.51,154,234,78,2.52,30.09,50.81805,4.395816
2026-08-13,Running,Morning Run,"I am trying to follow the idea of running alternative days. This makes me less worry about possible injuries as my body can rest as well, and built stamina for longer runs.

Great day. :)",2026-08-13_08-37-03_hk_1786603023.fit,346,2026-08-13T06:42:48.000Z,345.000,845.88,154,234,76,2.513,30.09,50.818068,4.395798
2026-08-13,Running,Morning Run,"I am trying to follow the idea of running alternative days. This makes me less worry about possible injuries as my body can rest as well, and built stamina for longer runs.

Great day. :)",2026-08-13_08-37-03_hk_1786603023.fit,347,2026-08-13T06:42:49.000Z,346.000,848.26,154,234,76,2.482,30.09,50.818104,4.39578
2026-08-13,Running,Morning Run,"I am trying to follow the idea of running alternative days. This makes me less worry about possible injuries as my body can rest as well, and built stamina for longer runs.

Great day. :)",2026-08-13_08-37-03_hk_1786603023.fit,348,2026-08-13T06:42:50.000Z,347.000,850.63,154,234,76,2.451,30.1,50.818122,4.395762
2026-08-13,Running,Morning Run,"I am trying to follow the idea of running alternative days. This makes me less worry about possible injuries as my body can rest as well, and built stamina for longer runs.

Great day. :)",2026-08-13_08-37-03_hk_1786603023.fit,349,2026-08-13T06:42:51.000Z,348.000,853.53,154,234,76,2.502,30.1,50.81814,4.395744
2026-08-13,Running,Morning Run,"I am trying to follow the idea of running alternative days. This makes me less worry about possible injuries as my body can rest as well, and built stamina for longer runs.

Great day. :)",2026-08-13_08-37-03_hk_1786603023.fit,350,2026-08-13T06:42:52.000Z,349.000,856.43,154,234,76,2.538,30.09,50.818158,4.395744
2026-08-13,Running,Morning Run,"I am trying to follow the idea of running alternative days. This makes me less worry about possible injuries as my body can rest as well, and built stamina for longer runs.

Great day. :)",2026-08-13_08-37-03_hk_1786603023.fit,351,2026-08-13T06:42:53.000Z,350.000,858.74,154,234,76,2.512,30.09,50.818176,4.395726
2026-08-13,Running,Morning Run,"I am trying to follow the idea of running alternative days. This makes me less worry about possible injuries as my body can rest as well, and built stamina for longer runs.

Great day. :)",2026-08-13_08-37-03_hk_1786603023.fit,352,2026-08-13T06:42:54.000Z,351.000,861.05,154,234,76,2.503,30.09,50.818194,4.395708
2026-08-13,Running,Morning Run,"I am trying to follow the idea of running alternative days. This makes me less worry about possible injuries as my body can rest as well, and built stamina for longer runs.

Great day. :)",2026-08-13_08-37-03_hk_1786603023.fit,353,2026-08-13T06:42:55.000Z,352.000,863.36,154,232,76,2.478,30.09,50.818212,4.39569
2026-08-13,Running,Morning Run,"I am trying to follow the idea of running alternative days. This makes me less worry about possible injuries as my body can rest as well, and built stamina for longer runs.

Great day. :)",2026-08-13_08-37-03_hk_1786603023.fit,354,2026-08-13T06:42:56.000Z,353.000,866.6,154,232,76,2.507,30.09,50.81823,4.395672
2026-08-13,Running,Morning Run,"I am trying to follow the idea of running alternative days. This makes me less worry about possible injuries as my body can rest as well, and built stamina for longer runs.

Great day. :)",2026-08-13_08-37-03_hk_1786603023.fit,355,2026-08-13T06:42:57.000Z,354.000,869.84,154,230,79,2.541,30.08,50.818248,4.395654
2026-08-13,Running,Morning Run,"I am trying to follow the idea of running alternative days. This makes me less worry about possible injuries as my body can rest as well, and built stamina for longer runs.

Great day. :)",2026-08-13_08-37-03_hk_1786603023.fit,356,2026-08-13T06:42:58.000Z,355.000,871.63,154,230,79,2.505,30.08,50.818266,4.395636
2026-08-13,Running,Morning Run,"I am trying to follow the idea of running alternative days. This makes me less worry about possible injuries as my body can rest as well, and built stamina for longer runs.

Great day. :)",2026-08-13_08-37-03_hk_1786603023.fit,357,2026-08-13T06:42:59.000Z,356.000,873.43,154,230,79,2.436,30.08,50.818284,4.395618
2026-08-13,Running,Morning Run,"I am trying to follow the idea of running alternative days. This makes me less worry about possible injuries as my body can rest as well, and built stamina for longer runs.

Great day. :)",2026-08-13_08-37-03_hk_1786603023.fit,358,2026-08-13T06:43:00.000Z,357.000,875.23,154,159,77,2.407,30.07,50.818302,4.3956
2026-08-13,Running,Morning Run,"I am trying to follow the idea of running alternative days. This makes me less worry about possible injuries as my body can rest as well, and built stamina for longer runs.

Great day. :)",2026-08-13_08-37-03_hk_1786603023.fit,359,2026-08-13T06:43:01.000Z,358.000,878.59,154,159,77,2.442,30.07,50.818338,4.395582
2026-08-13,Running,Morning Run,"I am trying to follow the idea of running alternative days. This makes me less worry about possible injuries as my body can rest as well, and built stamina for longer runs.

Great day. :)",2026-08-13_08-37-03_hk_1786603023.fit,360,2026-08-13T06:43:02.000Z,359.000,881.95,154,160,77,2.555,30.07,50.818356,4.395564
2026-08-13,Running,Morning Run,"I am trying to follow the idea of running alternative days. This makes me less worry about possible injuries as my body can rest as well, and built stamina for longer runs.

Great day. :)",2026-08-13_08-37-03_hk_1786603023.fit,361,2026-08-13T06:43:03.000Z,360.000,884.01,154,160,78,2.531,30.06,50.818374,4.395546
2026-08-13,Running,Morning Run,"I am trying to follow the idea of running alternative days. This makes me less worry about possible injuries as my body can rest as well, and built stamina for longer runs.

Great day. :)",2026-08-13_08-37-03_hk_1786603023.fit,362,2026-08-13T06:43:04.000Z,361.000,886.07,154,160,78,2.455,30.06,50.818392,4.395528
2026-08-13,Running,Morning Run,"I am trying to follow the idea of running alternative days. This makes me less worry about possible injuries as my body can rest as well, and built stamina for longer runs.

Great day. :)",2026-08-13_08-37-03_hk_1786603023.fit,363,2026-08-13T06:43:05.000Z,362.000,888.13,154,156,78,2.437,30.05,50.81841,4.395492
2026-08-13,Running,Morning Run,"I am trying to follow the idea of running alternative days. This makes me less worry about possible injuries as my body can rest as well, and built stamina for longer runs.

Great day. :)",2026-08-13_08-37-03_hk_1786603023.fit,364,2026-08-13T06:43:06.000Z,363.000,890.39,154,156,76,2.402,30.04,50.818428,4.395474
2026-08-13,Running,Morning Run,"I am trying to follow the idea of running alternative days. This makes me less worry about possible injuries as my body can rest as well, and built stamina for longer runs.

Great day. :)",2026-08-13_08-37-03_hk_1786603023.fit,365,2026-08-13T06:43:07.000Z,364.000,892.64,154,156,76,2.424,30.04,50.818446,4.395456
2026-08-13,Running,Morning Run,"I am trying to follow the idea of running alternative days. This makes me less worry about possible injuries as my body can rest as well, and built stamina for longer runs.

Great day. :)",2026-08-13_08-37-03_hk_1786603023.fit,366,2026-08-13T06:43:08.000Z,365.000,894.89,154,151,76,2.447,30.03,50.818464,4.395438
2026-08-13,Running,Morning Run,"I am trying to follow the idea of running alternative days. This makes me less worry about possible injuries as my body can rest as well, and built stamina for longer runs.

Great day. :)",2026-08-13_08-37-03_hk_1786603023.fit,367,2026-08-13T06:43:09.000Z,366.000,897.69,154,151,78,2.467,30.03,50.818482,4.39542
2026-08-13,Running,Morning Run,"I am trying to follow the idea of running alternative days. This makes me less worry about possible injuries as my body can rest as well, and built stamina for longer runs.

Great day. :)",2026-08-13_08-37-03_hk_1786603023.fit,368,2026-08-13T06:43:10.000Z,367.000,900.48,154,149,78,2.487,30.02,50.8185,4.395402
2026-08-13,Running,Morning Run,"I am trying to follow the idea of running alternative days. This makes me less worry about possible injuries as my body can rest as well, and built stamina for longer runs.

Great day. :)",2026-08-13_08-37-03_hk_1786603023.fit,369,2026-08-13T06:43:11.000Z,368.000,902.66,154,149,78,2.478,30.01,50.818518,4.395384
2026-08-13,Running,Morning Run,"I am trying to follow the idea of running alternative days. This makes me less worry about possible injuries as my body can rest as well, and built stamina for longer runs.

Great day. :)",2026-08-13_08-37-03_hk_1786603023.fit,370,2026-08-13T06:43:12.000Z,369.000,904.85,154,149,77,2.444,30.01,50.818536,4.395366
2026-08-13,Running,Morning Run,"I am trying to follow the idea of running alternative days. This makes me less worry about possible injuries as my body can rest as well, and built stamina for longer runs.

Great day. :)",2026-08-13_08-37-03_hk_1786603023.fit,371,2026-08-13T06:43:13.000Z,370.000,907.03,154,151,77,2.41,30,50.818572,4.395348
2026-08-13,Running,Morning Run,"I am trying to follow the idea of running alternative days. This makes me less worry about possible injuries as my body can rest as well, and built stamina for longer runs.

Great day. :)",2026-08-13_08-37-03_hk_1786603023.fit,372,2026-08-13T06:43:14.000Z,371.000,910.79,154,151,77,2.479,30,50.81859,4.39533
2026-08-13,Running,Morning Run,"I am trying to follow the idea of running alternative days. This makes me less worry about possible injuries as my body can rest as well, and built stamina for longer runs.

Great day. :)",2026-08-13_08-37-03_hk_1786603023.fit,373,2026-08-13T06:43:15.000Z,372.000,914.55,153,153,79,2.56,29.99,50.818608,4.395312
2026-08-13,Running,Morning Run,"I am trying to follow the idea of running alternative days. This makes me less worry about possible injuries as my body can rest as well, and built stamina for longer runs.

Great day. :)",2026-08-13_08-37-03_hk_1786603023.fit,374,2026-08-13T06:43:16.000Z,373.000,916.46,153,153,79,2.529,29.98,50.818626,4.395294
2026-08-13,Running,Morning Run,"I am trying to follow the idea of running alternative days. This makes me less worry about possible injuries as my body can rest as well, and built stamina for longer runs.

Great day. :)",2026-08-13_08-37-03_hk_1786603023.fit,375,2026-08-13T06:43:17.000Z,374.000,918.37,153,153,79,2.465,29.98,50.818644,4.395258
2026-08-13,Running,Morning Run,"I am trying to follow the idea of running alternative days. This makes me less worry about possible injuries as my body can rest as well, and built stamina for longer runs.

Great day. :)",2026-08-13_08-37-03_hk_1786603023.fit,376,2026-08-13T06:43:18.000Z,375.000,920.27,153,152,76,2.402,29.97,50.818662,4.39524
2026-08-13,Running,Morning Run,"I am trying to follow the idea of running alternative days. This makes me less worry about possible injuries as my body can rest as well, and built stamina for longer runs.

Great day. :)",2026-08-13_08-37-03_hk_1786603023.fit,377,2026-08-13T06:43:19.000Z,376.000,923.16,154,152,76,2.454,29.97,50.81868,4.395222
2026-08-13,Running,Morning Run,"I am trying to follow the idea of running alternative days. This makes me less worry about possible injuries as my body can rest as well, and built stamina for longer runs.

Great day. :)",2026-08-13_08-37-03_hk_1786603023.fit,378,2026-08-13T06:43:20.000Z,377.000,926.05,154,151,76,2.541,29.96,50.818698,4.395204
2026-08-13,Running,Morning Run,"I am trying to follow the idea of running alternative days. This makes me less worry about possible injuries as my body can rest as well, and built stamina for longer runs.

Great day. :)",2026-08-13_08-37-03_hk_1786603023.fit,379,2026-08-13T06:43:21.000Z,378.000,928.3,154,151,77,2.527,29.95,50.818716,4.395168
2026-08-13,Running,Morning Run,"I am trying to follow the idea of running alternative days. This makes me less worry about possible injuries as my body can rest as well, and built stamina for longer runs.

Great day. :)",2026-08-13_08-37-03_hk_1786603023.fit,380,2026-08-13T06:43:22.000Z,379.000,930.54,154,151,77,2.474,29.95,50.818734,4.39515
2026-08-13,Running,Morning Run,"I am trying to follow the idea of running alternative days. This makes me less worry about possible injuries as my body can rest as well, and built stamina for longer runs.

Great day. :)",2026-08-13_08-37-03_hk_1786603023.fit,381,2026-08-13T06:43:23.000Z,380.000,932.79,154,151,77,2.421,29.94,50.818752,4.395132
2026-08-13,Running,Morning Run,"I am trying to follow the idea of running alternative days. This makes me less worry about possible injuries as my body can rest as well, and built stamina for longer runs.

Great day. :)",2026-08-13_08-37-03_hk_1786603023.fit,382,2026-08-13T06:43:24.000Z,381.000,935.95,154,151,78,2.473,29.93,50.81877,4.395114
2026-08-13,Running,Morning Run,"I am trying to follow the idea of running alternative days. This makes me less worry about possible injuries as my body can rest as well, and built stamina for longer runs.

Great day. :)",2026-08-13_08-37-03_hk_1786603023.fit,383,2026-08-13T06:43:25.000Z,382.000,939.11,154,151,78,2.549,29.92,50.818788,4.395078
2026-08-13,Running,Morning Run,"I am trying to follow the idea of running alternative days. This makes me less worry about possible injuries as my body can rest as well, and built stamina for longer runs.

Great day. :)",2026-08-13_08-37-03_hk_1786603023.fit,384,2026-08-13T06:43:26.000Z,383.000,941.35,154,151,78,2.548,29.92,50.818806,4.39506
2026-08-13,Running,Morning Run,"I am trying to follow the idea of running alternative days. This makes me less worry about possible injuries as my body can rest as well, and built stamina for longer runs.

Great day. :)",2026-08-13_08-37-03_hk_1786603023.fit,385,2026-08-13T06:43:27.000Z,384.000,943.6,154,151,78,2.548,29.91,50.818824,4.395042
2026-08-13,Running,Morning Run,"I am trying to follow the idea of running alternative days. This makes me less worry about possible injuries as my body can rest as well, and built stamina for longer runs.

Great day. :)",2026-08-13_08-37-03_hk_1786603023.fit,386,2026-08-13T06:43:28.000Z,385.000,945.85,154,150,78,2.548,29.9,50.818842,4.395024
2026-08-13,Running,Morning Run,"I am trying to follow the idea of running alternative days. This makes me less worry about possible injuries as my body can rest as well, and built stamina for longer runs.

Great day. :)",2026-08-13_08-37-03_hk_1786603023.fit,387,2026-08-13T06:43:29.000Z,386.000,947.81,154,150,78,2.506,29.9,50.81886,4.395006
2026-08-13,Running,Morning Run,"I am trying to follow the idea of running alternative days. This makes me less worry about possible injuries as my body can rest as well, and built stamina for longer runs.

Great day. :)",2026-08-13_08-37-03_hk_1786603023.fit,388,2026-08-13T06:43:30.000Z,387.000,949.77,154,150,79,2.48,29.89,50.818878,4.394988
2026-08-13,Running,Morning Run,"I am trying to follow the idea of running alternative days. This makes me less worry about possible injuries as my body can rest as well, and built stamina for longer runs.

Great day. :)",2026-08-13_08-37-03_hk_1786603023.fit,389,2026-08-13T06:43:31.000Z,388.000,951.73,154,149,79,2.44,29.88,50.818896,4.39497
2026-08-13,Running,Morning Run,"I am trying to follow the idea of running alternative days. This makes me less worry about possible injuries as my body can rest as well, and built stamina for longer runs.

Great day. :)",2026-08-13_08-37-03_hk_1786603023.fit,390,2026-08-13T06:43:32.000Z,389.000,955.32,154,149,79,2.523,29.87,50.818914,4.394952
2026-08-13,Running,Morning Run,"I am trying to follow the idea of running alternative days. This makes me less worry about possible injuries as my body can rest as well, and built stamina for longer runs.

Great day. :)",2026-08-13_08-37-03_hk_1786603023.fit,391,2026-08-13T06:43:33.000Z,390.000,958.9,154,152,76,2.594,29.87,50.818932,4.394916
2026-08-13,Running,Morning Run,"I am trying to follow the idea of running alternative days. This makes me less worry about possible injuries as my body can rest as well, and built stamina for longer runs.

Great day. :)",2026-08-13_08-37-03_hk_1786603023.fit,392,2026-08-13T06:43:34.000Z,391.000,961.18,153,152,76,2.519,29.86,50.81895,4.394898
2026-08-13,Running,Morning Run,"I am trying to follow the idea of running alternative days. This makes me less worry about possible injuries as my body can rest as well, and built stamina for longer runs.

Great day. :)",2026-08-13_08-37-03_hk_1786603023.fit,393,2026-08-13T06:43:35.000Z,392.000,963.45,153,152,76,2.508,29.86,50.818968,4.39488
2026-08-13,Running,Morning Run,"I am trying to follow the idea of running alternative days. This makes me less worry about possible injuries as my body can rest as well, and built stamina for longer runs.

Great day. :)",2026-08-13_08-37-03_hk_1786603023.fit,394,2026-08-13T06:43:36.000Z,393.000,965.72,153,152,79,2.437,29.85,50.819004,4.394844
2026-08-13,Running,Morning Run,"I am trying to follow the idea of running alternative days. This makes me less worry about possible injuries as my body can rest as well, and built stamina for longer runs.

Great day. :)",2026-08-13_08-37-03_hk_1786603023.fit,395,2026-08-13T06:43:37.000Z,394.000,969.84,153,152,79,2.574,29.84,50.819022,4.394826
2026-08-13,Running,Morning Run,"I am trying to follow the idea of running alternative days. This makes me less worry about possible injuries as my body can rest as well, and built stamina for longer runs.

Great day. :)",2026-08-13_08-37-03_hk_1786603023.fit,396,2026-08-13T06:43:38.000Z,395.000,973.96,153,155,79,2.673,29.84,50.81904,4.39479
2026-08-13,Running,Morning Run,"I am trying to follow the idea of running alternative days. This makes me less worry about possible injuries as my body can rest as well, and built stamina for longer runs.

Great day. :)",2026-08-13_08-37-03_hk_1786603023.fit,397,2026-08-13T06:43:39.000Z,396.000,976.17,153,155,78,2.638,29.83,50.819058,4.394772
2026-08-13,Running,Morning Run,"I am trying to follow the idea of running alternative days. This makes me less worry about possible injuries as my body can rest as well, and built stamina for longer runs.

Great day. :)",2026-08-13_08-37-03_hk_1786603023.fit,398,2026-08-13T06:43:40.000Z,397.000,978.39,153,155,78,2.636,29.82,50.819076,4.394736
2026-08-13,Running,Morning Run,"I am trying to follow the idea of running alternative days. This makes me less worry about possible injuries as my body can rest as well, and built stamina for longer runs.

Great day. :)",2026-08-13_08-37-03_hk_1786603023.fit,399,2026-08-13T06:43:41.000Z,398.000,980.61,153,156,78,2.635,29.82,50.819094,4.394718
2026-08-13,Running,Morning Run,"I am trying to follow the idea of running alternative days. This makes me less worry about possible injuries as my body can rest as well, and built stamina for longer runs.

Great day. :)",2026-08-13_08-37-03_hk_1786603023.fit,400,2026-08-13T06:43:42.000Z,399.000,984.64,153,156,78,2.729,29.81,50.819112,4.394682
2026-08-13,Running,Morning Run,"I am trying to follow the idea of running alternative days. This makes me less worry about possible injuries as my body can rest as well, and built stamina for longer runs.

Great day. :)",2026-08-13_08-37-03_hk_1786603023.fit,401,2026-08-13T06:43:43.000Z,400.000,988.66,152,158,78,2.775,29.81,50.81913,4.394646
2026-08-13,Running,Morning Run,"I am trying to follow the idea of running alternative days. This makes me less worry about possible injuries as my body can rest as well, and built stamina for longer runs.

Great day. :)",2026-08-13_08-37-03_hk_1786603023.fit,402,2026-08-13T06:43:44.000Z,401.000,991.05,152,158,78,2.734,29.8,50.819148,4.394628
2026-08-13,Running,Morning Run,"I am trying to follow the idea of running alternative days. This makes me less worry about possible injuries as my body can rest as well, and built stamina for longer runs.

Great day. :)",2026-08-13_08-37-03_hk_1786603023.fit,403,2026-08-13T06:43:45.000Z,402.000,993.43,152,158,77,2.741,29.79,50.819166,4.394592
2026-08-13,Running,Morning Run,"I am trying to follow the idea of running alternative days. This makes me less worry about possible injuries as my body can rest as well, and built stamina for longer runs.

Great day. :)",2026-08-13_08-37-03_hk_1786603023.fit,404,2026-08-13T06:43:46.000Z,403.000,995.82,152,160,77,2.748,29.79,50.819184,4.394556
2026-08-13,Running,Morning Run,"I am trying to follow the idea of running alternative days. This makes me less worry about possible injuries as my body can rest as well, and built stamina for longer runs.

Great day. :)",2026-08-13_08-37-03_hk_1786603023.fit,405,2026-08-13T06:43:47.000Z,404.000,999.89,152,160,77,2.948,29.78,50.819202,4.394538
2026-08-13,Running,Morning Run,"I am trying to follow the idea of running alternative days. This makes me less worry about possible injuries as my body can rest as well, and built stamina for longer runs.

Great day. :)",2026-08-13_08-37-03_hk_1786603023.fit,406,2026-08-13T06:43:48.000Z,405.000,1003.96,152,162,76,3.072,29.77,50.81922,4.394502
2026-08-13,Running,Morning Run,"I am trying to follow the idea of running alternative days. This makes me less worry about possible injuries as my body can rest as well, and built stamina for longer runs.

Great day. :)",2026-08-13_08-37-03_hk_1786603023.fit,407,2026-08-13T06:43:49.000Z,406.000,1006.1,152,162,76,2.987,29.76,50.819238,4.394484
2026-08-13,Running,Morning Run,"I am trying to follow the idea of running alternative days. This makes me less worry about possible injuries as my body can rest as well, and built stamina for longer runs.

Great day. :)",2026-08-13_08-37-03_hk_1786603023.fit,408,2026-08-13T06:43:50.000Z,407.000,1008.25,152,162,76,2.941,29.76,50.819256,4.394466
2026-08-13,Running,Morning Run,"I am trying to follow the idea of running alternative days. This makes me less worry about possible injuries as my body can rest as well, and built stamina for longer runs.

Great day. :)",2026-08-13_08-37-03_hk_1786603023.fit,409,2026-08-13T06:43:51.000Z,408.000,1010.4,152,160,79,2.861,29.75,50.819274,4.39443
2026-08-13,Running,Morning Run,"I am trying to follow the idea of running alternative days. This makes me less worry about possible injuries as my body can rest as well, and built stamina for longer runs.

Great day. :)",2026-08-13_08-37-03_hk_1786603023.fit,410,2026-08-13T06:43:52.000Z,409.000,1012.23,152,160,79,2.836,29.74,50.819292,4.394412
2026-08-13,Running,Morning Run,"I am trying to follow the idea of running alternative days. This makes me less worry about possible injuries as my body can rest as well, and built stamina for longer runs.

Great day. :)",2026-08-13_08-37-03_hk_1786603023.fit,411,2026-08-13T06:43:53.000Z,410.000,1014.07,152,160,79,2.812,29.74,50.81931,4.394394
2026-08-13,Running,Morning Run,"I am trying to follow the idea of running alternative days. This makes me less worry about possible injuries as my body can rest as well, and built stamina for longer runs.

Great day. :)",2026-08-13_08-37-03_hk_1786603023.fit,412,2026-08-13T06:43:54.000Z,411.000,1015.9,152,162,77,2.788,29.73,50.819328,4.394358
2026-08-13,Running,Morning Run,"I am trying to follow the idea of running alternative days. This makes me less worry about possible injuries as my body can rest as well, and built stamina for longer runs.

Great day. :)",2026-08-13_08-37-03_hk_1786603023.fit,413,2026-08-13T06:43:55.000Z,412.000,1019.49,152,162,77,2.83,29.73,50.819346,4.39434
2026-08-13,Running,Morning Run,"I am trying to follow the idea of running alternative days. This makes me less worry about possible injuries as my body can rest as well, and built stamina for longer runs.

Great day. :)",2026-08-13_08-37-03_hk_1786603023.fit,414,2026-08-13T06:43:56.000Z,413.000,1023.07,152,162,77,2.802,29.72,50.819364,4.394322
2026-08-13,Running,Morning Run,"I am trying to follow the idea of running alternative days. This makes me less worry about possible injuries as my body can rest as well, and built stamina for longer runs.

Great day. :)",2026-08-13_08-37-03_hk_1786603023.fit,415,2026-08-13T06:43:57.000Z,414.000,1025.14,152,162,79,2.694,29.71,50.819382,4.394304
2026-08-13,Running,Morning Run,"I am trying to follow the idea of running alternative days. This makes me less worry about possible injuries as my body can rest as well, and built stamina for longer runs.

Great day. :)",2026-08-13_08-37-03_hk_1786603023.fit,416,2026-08-13T06:43:58.000Z,415.000,1027.21,152,162,79,2.686,29.71,50.8194,4.394268
2026-08-13,Running,Morning Run,"I am trying to follow the idea of running alternative days. This makes me less worry about possible injuries as my body can rest as well, and built stamina for longer runs.

Great day. :)",2026-08-13_08-37-03_hk_1786603023.fit,417,2026-08-13T06:43:59.000Z,416.000,1029.28,152,161,79,2.678,29.7,50.819418,4.39425
2026-08-13,Running,Morning Run,"I am trying to follow the idea of running alternative days. This makes me less worry about possible injuries as my body can rest as well, and built stamina for longer runs.

Great day. :)",2026-08-13_08-37-03_hk_1786603023.fit,418,2026-08-13T06:44:00.000Z,417.000,1032.09,152,161,77,2.709,29.7,50.819454,4.394232
2026-08-13,Running,Morning Run,"I am trying to follow the idea of running alternative days. This makes me less worry about possible injuries as my body can rest as well, and built stamina for longer runs.

Great day. :)",2026-08-13_08-37-03_hk_1786603023.fit,419,2026-08-13T06:44:01.000Z,418.000,1034.9,152,159,77,2.645,29.7,50.819472,4.394232
2026-08-13,Running,Morning Run,"I am trying to follow the idea of running alternative days. This makes me less worry about possible injuries as my body can rest as well, and built stamina for longer runs.

Great day. :)",2026-08-13_08-37-03_hk_1786603023.fit,420,2026-08-13T06:44:02.000Z,419.000,1037.32,152,159,77,2.634,29.69,50.81949,4.394214
2026-08-13,Running,Morning Run,"I am trying to follow the idea of running alternative days. This makes me less worry about possible injuries as my body can rest as well, and built stamina for longer runs.

Great day. :)",2026-08-13_08-37-03_hk_1786603023.fit,421,2026-08-13T06:44:03.000Z,420.000,1039.74,152,159,78,2.554,29.68,50.819508,4.394196
2026-08-13,Running,Morning Run,"I am trying to follow the idea of running alternative days. This makes me less worry about possible injuries as my body can rest as well, and built stamina for longer runs.

Great day. :)",2026-08-13_08-37-03_hk_1786603023.fit,422,2026-08-13T06:44:04.000Z,421.000,1042.15,152,159,78,2.555,29.68,50.819526,4.39416
2026-08-13,Running,Morning Run,"I am trying to follow the idea of running alternative days. This makes me less worry about possible injuries as my body can rest as well, and built stamina for longer runs.

Great day. :)",2026-08-13_08-37-03_hk_1786603023.fit,423,2026-08-13T06:44:05.000Z,422.000,1045.15,152,159,78,2.586,29.67,50.819544,4.394142
2026-08-13,Running,Morning Run,"I am trying to follow the idea of running alternative days. This makes me less worry about possible injuries as my body can rest as well, and built stamina for longer runs.

Great day. :)",2026-08-13_08-37-03_hk_1786603023.fit,424,2026-08-13T06:44:06.000Z,423.000,1048.15,152,157,76,2.616,29.67,50.819562,4.394124
2026-08-13,Running,Morning Run,"I am trying to follow the idea of running alternative days. This makes me less worry about possible injuries as my body can rest as well, and built stamina for longer runs.

Great day. :)",2026-08-13_08-37-03_hk_1786603023.fit,425,2026-08-13T06:44:07.000Z,424.000,1050.59,152,157,76,2.535,29.66,50.81958,4.394106
2026-08-13,Running,Morning Run,"I am trying to follow the idea of running alternative days. This makes me less worry about possible injuries as my body can rest as well, and built stamina for longer runs.

Great day. :)",2026-08-13_08-37-03_hk_1786603023.fit,426,2026-08-13T06:44:08.000Z,425.000,1053.04,154,157,76,2.531,29.66,50.819598,4.394088
2026-08-13,Running,Morning Run,"I am trying to follow the idea of running alternative days. This makes me less worry about possible injuries as my body can rest as well, and built stamina for longer runs.

Great day. :)",2026-08-13_08-37-03_hk_1786603023.fit,427,2026-08-13T06:44:09.000Z,426.000,1055.49,153,158,76,2.454,29.65,50.819616,4.39407
2026-08-13,Running,Morning Run,"I am trying to follow the idea of running alternative days. This makes me less worry about possible injuries as my body can rest as well, and built stamina for longer runs.

Great day. :)",2026-08-13_08-37-03_hk_1786603023.fit,428,2026-08-13T06:44:10.000Z,427.000,1057.95,153,158,76,2.469,29.65,50.819652,4.394052
2026-08-13,Running,Morning Run,"I am trying to follow the idea of running alternative days. This makes me less worry about possible injuries as my body can rest as well, and built stamina for longer runs.

Great day. :)",2026-08-13_08-37-03_hk_1786603023.fit,429,2026-08-13T06:44:11.000Z,428.000,1060.41,153,158,76,2.501,29.64,50.81967,4.394034
2026-08-13,Running,Morning Run,"I am trying to follow the idea of running alternative days. This makes me less worry about possible injuries as my body can rest as well, and built stamina for longer runs.

Great day. :)",2026-08-13_08-37-03_hk_1786603023.fit,430,2026-08-13T06:44:12.000Z,429.000,1062.88,153,157,78,2.532,29.64,50.819688,4.394016
2026-08-13,Running,Morning Run,"I am trying to follow the idea of running alternative days. This makes me less worry about possible injuries as my body can rest as well, and built stamina for longer runs.

Great day. :)",2026-08-13_08-37-03_hk_1786603023.fit,431,2026-08-13T06:44:13.000Z,430.000,1065.62,153,157,78,2.578,29.63,50.819706,4.393998
2026-08-13,Running,Morning Run,"I am trying to follow the idea of running alternative days. This makes me less worry about possible injuries as my body can rest as well, and built stamina for longer runs.

Great day. :)",2026-08-13_08-37-03_hk_1786603023.fit,432,2026-08-13T06:44:14.000Z,431.000,1068.37,153,156,78,2.623,29.63,50.819724,4.39398
2026-08-13,Running,Morning Run,"I am trying to follow the idea of running alternative days. This makes me less worry about possible injuries as my body can rest as well, and built stamina for longer runs.

Great day. :)",2026-08-13_08-37-03_hk_1786603023.fit,433,2026-08-13T06:44:15.000Z,432.000,1070.65,153,156,77,2.558,29.62,50.819742,4.393962
2026-08-13,Running,Morning Run,"I am trying to follow the idea of running alternative days. This makes me less worry about possible injuries as my body can rest as well, and built stamina for longer runs.

Great day. :)",2026-08-13_08-37-03_hk_1786603023.fit,434,2026-08-13T06:44:16.000Z,433.000,1072.94,153,156,77,2.545,29.62,50.81976,4.393944
2026-08-13,Running,Morning Run,"I am trying to follow the idea of running alternative days. This makes me less worry about possible injuries as my body can rest as well, and built stamina for longer runs.

Great day. :)",2026-08-13_08-37-03_hk_1786603023.fit,435,2026-08-13T06:44:17.000Z,434.000,1075.22,153,156,77,2.504,29.61,50.819796,4.393944
2026-08-13,Running,Morning Run,"I am trying to follow the idea of running alternative days. This makes me less worry about possible injuries as my body can rest as well, and built stamina for longer runs.

Great day. :)",2026-08-13_08-37-03_hk_1786603023.fit,436,2026-08-13T06:44:18.000Z,435.000,1078.2,153,156,77,2.549,29.61,50.819814,4.393926
2026-08-13,Running,Morning Run,"I am trying to follow the idea of running alternative days. This makes me less worry about possible injuries as my body can rest as well, and built stamina for longer runs.

Great day. :)",2026-08-13_08-37-03_hk_1786603023.fit,437,2026-08-13T06:44:19.000Z,436.000,1081.18,153,156,77,2.595,29.6,50.819832,4.393926
2026-08-13,Running,Morning Run,"I am trying to follow the idea of running alternative days. This makes me less worry about possible injuries as my body can rest as well, and built stamina for longer runs.

Great day. :)",2026-08-13_08-37-03_hk_1786603023.fit,438,2026-08-13T06:44:20.000Z,437.000,1083.34,153,156,77,2.563,29.6,50.81985,4.393908
2026-08-13,Running,Morning Run,"I am trying to follow the idea of running alternative days. This makes me less worry about possible injuries as my body can rest as well, and built stamina for longer runs.

Great day. :)",2026-08-13_08-37-03_hk_1786603023.fit,439,2026-08-13T06:44:21.000Z,438.000,1085.5,153,156,76,2.53,29.59,50.819886,4.393926
2026-08-13,Running,Morning Run,"I am trying to follow the idea of running alternative days. This makes me less worry about possible injuries as my body can rest as well, and built stamina for longer runs.

Great day. :)",2026-08-13_08-37-03_hk_1786603023.fit,440,2026-08-13T06:44:22.000Z,439.000,1087.66,153,156,76,2.517,29.59,50.819904,4.393926
2026-08-13,Running,Morning Run,"I am trying to follow the idea of running alternative days. This makes me less worry about possible injuries as my body can rest as well, and built stamina for longer runs.

Great day. :)",2026-08-13_08-37-03_hk_1786603023.fit,441,2026-08-13T06:44:23.000Z,440.000,1090.7,153,156,76,2.548,29.58,50.819922,4.393962
2026-08-13,Running,Morning Run,"I am trying to follow the idea of running alternative days. This makes me less worry about possible injuries as my body can rest as well, and built stamina for longer runs.

Great day. :)",2026-08-13_08-37-03_hk_1786603023.fit,442,2026-08-13T06:44:24.000Z,441.000,1093.75,153,157,76,2.58,29.58,50.81994,4.393998
2026-08-13,Running,Morning Run,"I am trying to follow the idea of running alternative days. This makes me less worry about possible injuries as my body can rest as well, and built stamina for longer runs.

Great day. :)",2026-08-13_08-37-03_hk_1786603023.fit,443,2026-08-13T06:44:25.000Z,442.000,1097.37,153,157,76,2.611,29.58,50.819958,4.394034
2026-08-13,Running,Morning Run,"I am trying to follow the idea of running alternative days. This makes me less worry about possible injuries as my body can rest as well, and built stamina for longer runs.

Great day. :)",2026-08-13_08-37-03_hk_1786603023.fit,444,2026-08-13T06:44:26.000Z,443.000,1101,153,157,76,2.653,29.57,50.819976,4.394052
2026-08-13,Running,Morning Run,"I am trying to follow the idea of running alternative days. This makes me less worry about possible injuries as my body can rest as well, and built stamina for longer runs.

Great day. :)",2026-08-13_08-37-03_hk_1786603023.fit,445,2026-08-13T06:44:27.000Z,444.000,1104.62,153,167,76,2.715,29.57,50.819994,4.394088
2026-08-13,Running,Morning Run,"I am trying to follow the idea of running alternative days. This makes me less worry about possible injuries as my body can rest as well, and built stamina for longer runs.

Great day. :)",2026-08-13_08-37-03_hk_1786603023.fit,446,2026-08-13T06:44:28.000Z,445.000,1107.97,153,167,76,2.779,29.57,50.820012,4.394124
2026-08-13,Running,Morning Run,"I am trying to follow the idea of running alternative days. This makes me less worry about possible injuries as my body can rest as well, and built stamina for longer runs.

Great day. :)",2026-08-13_08-37-03_hk_1786603023.fit,447,2026-08-13T06:44:29.000Z,446.000,1111.32,153,168,76,2.828,29.57,50.82003,4.39416
2026-08-13,Running,Morning Run,"I am trying to follow the idea of running alternative days. This makes me less worry about possible injuries as my body can rest as well, and built stamina for longer runs.

Great day. :)",2026-08-13_08-37-03_hk_1786603023.fit,448,2026-08-13T06:44:30.000Z,447.000,1114.22,153,168,76,2.852,29.56,50.820048,4.394196
2026-08-13,Running,Morning Run,"I am trying to follow the idea of running alternative days. This makes me less worry about possible injuries as my body can rest as well, and built stamina for longer runs.

Great day. :)",2026-08-13_08-37-03_hk_1786603023.fit,449,2026-08-13T06:44:31.000Z,448.000,1117.12,153,168,76,2.861,29.56,50.820084,4.394214
2026-08-13,Running,Morning Run,"I am trying to follow the idea of running alternative days. This makes me less worry about possible injuries as my body can rest as well, and built stamina for longer runs.

Great day. :)",2026-08-13_08-37-03_hk_1786603023.fit,450,2026-08-13T06:44:32.000Z,449.000,1120.03,153,170,76,2.87,29.56,50.820102,4.39425
2026-08-13,Running,Morning Run,"I am trying to follow the idea of running alternative days. This makes me less worry about possible injuries as my body can rest as well, and built stamina for longer runs.

Great day. :)",2026-08-13_08-37-03_hk_1786603023.fit,451,2026-08-13T06:44:33.000Z,450.000,1122.79,153,170,78,2.897,29.55,50.82012,4.394286
2026-08-13,Running,Morning Run,"I am trying to follow the idea of running alternative days. This makes me less worry about possible injuries as my body can rest as well, and built stamina for longer runs.

Great day. :)",2026-08-13_08-37-03_hk_1786603023.fit,452,2026-08-13T06:44:34.000Z,451.000,1125.56,153,170,78,2.961,29.55,50.820138,4.394304
2026-08-13,Running,Morning Run,"I am trying to follow the idea of running alternative days. This makes me less worry about possible injuries as my body can rest as well, and built stamina for longer runs.

Great day. :)",2026-08-13_08-37-03_hk_1786603023.fit,453,2026-08-13T06:44:35.000Z,452.000,1128.33,153,171,78,2.949,29.55,50.820156,4.39434
2026-08-13,Running,Morning Run,"I am trying to follow the idea of running alternative days. This makes me less worry about possible injuries as my body can rest as well, and built stamina for longer runs.

Great day. :)",2026-08-13_08-37-03_hk_1786603023.fit,454,2026-08-13T06:44:36.000Z,453.000,1131.92,153,171,77,2.985,29.55,50.820174,4.394376
2026-08-13,Running,Morning Run,"I am trying to follow the idea of running alternative days. This makes me less worry about possible injuries as my body can rest as well, and built stamina for longer runs.

Great day. :)",2026-08-13_08-37-03_hk_1786603023.fit,455,2026-08-13T06:44:37.000Z,454.000,1135.51,153,172,77,3.125,29.54,50.820192,4.394394
2026-08-13,Running,Morning Run,"I am trying to follow the idea of running alternative days. This makes me less worry about possible injuries as my body can rest as well, and built stamina for longer runs.

Great day. :)",2026-08-13_08-37-03_hk_1786603023.fit,456,2026-08-13T06:44:38.000Z,455.000,1137.63,153,172,77,3.067,29.54,50.82021,4.39443
2026-08-13,Running,Morning Run,"I am trying to follow the idea of running alternative days. This makes me less worry about possible injuries as my body can rest as well, and built stamina for longer runs.

Great day. :)",2026-08-13_08-37-03_hk_1786603023.fit,457,2026-08-13T06:44:39.000Z,456.000,1139.76,153,172,76,3.065,29.54,50.820228,4.394448
2026-08-13,Running,Morning Run,"I am trying to follow the idea of running alternative days. This makes me less worry about possible injuries as my body can rest as well, and built stamina for longer runs.

Great day. :)",2026-08-13_08-37-03_hk_1786603023.fit,458,2026-08-13T06:44:40.000Z,457.000,1141.89,153,171,76,3.011,29.53,50.820246,4.394484
2026-08-13,Running,Morning Run,"I am trying to follow the idea of running alternative days. This makes me less worry about possible injuries as my body can rest as well, and built stamina for longer runs.

Great day. :)",2026-08-13_08-37-03_hk_1786603023.fit,459,2026-08-13T06:44:41.000Z,458.000,1145.62,153,171,76,3.051,29.53,50.820264,4.394502
2026-08-13,Running,Morning Run,"I am trying to follow the idea of running alternative days. This makes me less worry about possible injuries as my body can rest as well, and built stamina for longer runs.

Great day. :)",2026-08-13_08-37-03_hk_1786603023.fit,460,2026-08-13T06:44:42.000Z,459.000,1149.35,153,170,76,3.057,29.53,50.820282,4.394538
2026-08-13,Running,Morning Run,"I am trying to follow the idea of running alternative days. This makes me less worry about possible injuries as my body can rest as well, and built stamina for longer runs.

Great day. :)",2026-08-13_08-37-03_hk_1786603023.fit,461,2026-08-13T06:44:43.000Z,460.000,1151.18,153,170,76,2.952,29.52,50.8203,4.394556
2026-08-13,Running,Morning Run,"I am trying to follow the idea of running alternative days. This makes me less worry about possible injuries as my body can rest as well, and built stamina for longer runs.

Great day. :)",2026-08-13_08-37-03_hk_1786603023.fit,462,2026-08-13T06:44:44.000Z,461.000,1153.01,153,170,76,2.89,29.52,50.820318,4.394592
2026-08-13,Running,Morning Run,"I am trying to follow the idea of running alternative days. This makes me less worry about possible injuries as my body can rest as well, and built stamina for longer runs.

Great day. :)",2026-08-13_08-37-03_hk_1786603023.fit,463,2026-08-13T06:44:45.000Z,462.000,1154.85,153,171,74,2.79,29.52,50.820336,4.394628
2026-08-13,Running,Morning Run,"I am trying to follow the idea of running alternative days. This makes me less worry about possible injuries as my body can rest as well, and built stamina for longer runs.

Great day. :)",2026-08-13_08-37-03_hk_1786603023.fit,464,2026-08-13T06:44:46.000Z,463.000,1158.4,153,171,74,2.802,29.52,50.820354,4.394646
2026-08-13,Running,Morning Run,"I am trying to follow the idea of running alternative days. This makes me less worry about possible injuries as my body can rest as well, and built stamina for longer runs.

Great day. :)",2026-08-13_08-37-03_hk_1786603023.fit,465,2026-08-13T06:44:47.000Z,464.000,1161.96,153,170,74,2.813,29.51,50.820372,4.394682
2026-08-13,Running,Morning Run,"I am trying to follow the idea of running alternative days. This makes me less worry about possible injuries as my body can rest as well, and built stamina for longer runs.

Great day. :)",2026-08-13_08-37-03_hk_1786603023.fit,466,2026-08-13T06:44:48.000Z,465.000,1164.1,153,170,77,2.778,29.51,50.820372,4.3947
2026-08-13,Running,Morning Run,"I am trying to follow the idea of running alternative days. This makes me less worry about possible injuries as my body can rest as well, and built stamina for longer runs.

Great day. :)",2026-08-13_08-37-03_hk_1786603023.fit,467,2026-08-13T06:44:49.000Z,466.000,1166.24,153,170,77,2.738,29.51,50.82039,4.394736
2026-08-13,Running,Morning Run,"I am trying to follow the idea of running alternative days. This makes me less worry about possible injuries as my body can rest as well, and built stamina for longer runs.

Great day. :)",2026-08-13_08-37-03_hk_1786603023.fit,468,2026-08-13T06:44:50.000Z,467.000,1168.39,153,167,77,2.698,29.51,50.820408,4.394754
2026-08-13,Running,Morning Run,"I am trying to follow the idea of running alternative days. This makes me less worry about possible injuries as my body can rest as well, and built stamina for longer runs.

Great day. :)",2026-08-13_08-37-03_hk_1786603023.fit,469,2026-08-13T06:44:51.000Z,468.000,1171.28,153,167,78,2.697,29.51,50.820426,4.39479
2026-08-13,Running,Morning Run,"I am trying to follow the idea of running alternative days. This makes me less worry about possible injuries as my body can rest as well, and built stamina for longer runs.

Great day. :)",2026-08-13_08-37-03_hk_1786603023.fit,470,2026-08-13T06:44:52.000Z,469.000,1174.17,153,169,78,2.704,29.5,50.820444,4.394808
2026-08-13,Running,Morning Run,"I am trying to follow the idea of running alternative days. This makes me less worry about possible injuries as my body can rest as well, and built stamina for longer runs.

Great day. :)",2026-08-13_08-37-03_hk_1786603023.fit,471,2026-08-13T06:44:53.000Z,470.000,1176.37,153,169,78,2.674,29.5,50.820462,4.394844
2026-08-13,Running,Morning Run,"I am trying to follow the idea of running alternative days. This makes me less worry about possible injuries as my body can rest as well, and built stamina for longer runs.

Great day. :)",2026-08-13_08-37-03_hk_1786603023.fit,472,2026-08-13T06:44:54.000Z,471.000,1178.58,153,169,78,2.645,29.5,50.82048,4.394862
2026-08-13,Running,Morning Run,"I am trying to follow the idea of running alternative days. This makes me less worry about possible injuries as my body can rest as well, and built stamina for longer runs.

Great day. :)",2026-08-13_08-37-03_hk_1786603023.fit,473,2026-08-13T06:44:55.000Z,472.000,1180.79,153,168,78,2.623,29.5,50.820498,4.394898
2026-08-13,Running,Morning Run,"I am trying to follow the idea of running alternative days. This makes me less worry about possible injuries as my body can rest as well, and built stamina for longer runs.

Great day. :)",2026-08-13_08-37-03_hk_1786603023.fit,474,2026-08-13T06:44:56.000Z,473.000,1183,153,168,78,2.554,29.5,50.820498,4.394916
2026-08-13,Running,Morning Run,"I am trying to follow the idea of running alternative days. This makes me less worry about possible injuries as my body can rest as well, and built stamina for longer runs.

Great day. :)",2026-08-13_08-37-03_hk_1786603023.fit,475,2026-08-13T06:44:57.000Z,474.000,1185.2,158,168,79,2.537,29.5,50.820516,4.394934
2026-08-13,Running,Morning Run,"I am trying to follow the idea of running alternative days. This makes me less worry about possible injuries as my body can rest as well, and built stamina for longer runs.

Great day. :)",2026-08-13_08-37-03_hk_1786603023.fit,476,2026-08-13T06:44:58.000Z,475.000,1187.41,158,166,79,2.472,29.49,50.820534,4.39497
2026-08-13,Running,Morning Run,"I am trying to follow the idea of running alternative days. This makes me less worry about possible injuries as my body can rest as well, and built stamina for longer runs.

Great day. :)",2026-08-13_08-37-03_hk_1786603023.fit,477,2026-08-13T06:44:59.000Z,476.000,1190.19,158,166,79,2.521,29.49,50.820552,4.394988
2026-08-13,Running,Morning Run,"I am trying to follow the idea of running alternative days. This makes me less worry about possible injuries as my body can rest as well, and built stamina for longer runs.

Great day. :)",2026-08-13_08-37-03_hk_1786603023.fit,478,2026-08-13T06:45:00.000Z,477.000,1192.97,158,166,76,2.554,29.49,50.82057,4.395006
2026-08-13,Running,Morning Run,"I am trying to follow the idea of running alternative days. This makes me less worry about possible injuries as my body can rest as well, and built stamina for longer runs.

Great day. :)",2026-08-13_08-37-03_hk_1786603023.fit,479,2026-08-13T06:45:01.000Z,478.000,1195.22,158,166,76,2.539,29.49,50.820588,4.395042
2026-08-13,Running,Morning Run,"I am trying to follow the idea of running alternative days. This makes me less worry about possible injuries as my body can rest as well, and built stamina for longer runs.

Great day. :)",2026-08-13_08-37-03_hk_1786603023.fit,480,2026-08-13T06:45:02.000Z,479.000,1197.47,158,166,76,2.469,29.49,50.820606,4.39506
2026-08-13,Running,Morning Run,"I am trying to follow the idea of running alternative days. This makes me less worry about possible injuries as my body can rest as well, and built stamina for longer runs.

Great day. :)",2026-08-13_08-37-03_hk_1786603023.fit,481,2026-08-13T06:45:03.000Z,480.000,1199.72,156,168,79,2.399,29.49,50.820624,4.395096
2026-08-13,Running,Morning Run,"I am trying to follow the idea of running alternative days. This makes me less worry about possible injuries as my body can rest as well, and built stamina for longer runs.

Great day. :)",2026-08-13_08-37-03_hk_1786603023.fit,482,2026-08-13T06:45:04.000Z,481.000,1202.44,156,168,79,2.441,29.49,50.820624,4.395114
2026-08-13,Running,Morning Run,"I am trying to follow the idea of running alternative days. This makes me less worry about possible injuries as my body can rest as well, and built stamina for longer runs.

Great day. :)",2026-08-13_08-37-03_hk_1786603023.fit,483,2026-08-13T06:45:05.000Z,482.000,1205.16,156,165,79,2.516,29.49,50.820642,4.39515
2026-08-13,Running,Morning Run,"I am trying to follow the idea of running alternative days. This makes me less worry about possible injuries as my body can rest as well, and built stamina for longer runs.

Great day. :)",2026-08-13_08-37-03_hk_1786603023.fit,484,2026-08-13T06:45:06.000Z,483.000,1207.48,156,165,76,2.506,29.48,50.82066,4.395186
2026-08-13,Running,Morning Run,"I am trying to follow the idea of running alternative days. This makes me less worry about possible injuries as my body can rest as well, and built stamina for longer runs.

Great day. :)",2026-08-13_08-37-03_hk_1786603023.fit,485,2026-08-13T06:45:07.000Z,484.000,1209.8,156,165,76,2.448,29.48,50.82066,4.395204
2026-08-13,Running,Morning Run,"I am trying to follow the idea of running alternative days. This makes me less worry about possible injuries as my body can rest as well, and built stamina for longer runs.

Great day. :)",2026-08-13_08-37-03_hk_1786603023.fit,486,2026-08-13T06:45:08.000Z,485.000,1212.12,156,198,76,2.389,29.48,50.820678,4.39524
2026-08-13,Running,Morning Run,"I am trying to follow the idea of running alternative days. This makes me less worry about possible injuries as my body can rest as well, and built stamina for longer runs.

Great day. :)",2026-08-13_08-37-03_hk_1786603023.fit,487,2026-08-13T06:45:09.000Z,486.000,1214.84,156,198,76,2.416,29.48,50.820696,4.395258
2026-08-13,Running,Morning Run,"I am trying to follow the idea of running alternative days. This makes me less worry about possible injuries as my body can rest as well, and built stamina for longer runs.

Great day. :)",2026-08-13_08-37-03_hk_1786603023.fit,488,2026-08-13T06:45:10.000Z,487.000,1217.57,156,191,76,2.444,29.48,50.820696,4.395276
2026-08-13,Running,Morning Run,"I am trying to follow the idea of running alternative days. This makes me less worry about possible injuries as my body can rest as well, and built stamina for longer runs.

Great day. :)",2026-08-13_08-37-03_hk_1786603023.fit,489,2026-08-13T06:45:11.000Z,488.000,1219.45,156,191,76,2.432,29.48,50.820714,4.395312
2026-08-13,Running,Morning Run,"I am trying to follow the idea of running alternative days. This makes me less worry about possible injuries as my body can rest as well, and built stamina for longer runs.

Great day. :)",2026-08-13_08-37-03_hk_1786603023.fit,490,2026-08-13T06:45:12.000Z,489.000,1221.33,156,191,76,2.384,29.48,50.820732,4.39533
2026-08-13,Running,Morning Run,"I am trying to follow the idea of running alternative days. This makes me less worry about possible injuries as my body can rest as well, and built stamina for longer runs.

Great day. :)",2026-08-13_08-37-03_hk_1786603023.fit,491,2026-08-13T06:45:13.000Z,490.000,1223.22,156,188,76,2.361,29.48,50.82075,4.395348
2026-08-13,Running,Morning Run,"I am trying to follow the idea of running alternative days. This makes me less worry about possible injuries as my body can rest as well, and built stamina for longer runs.

Great day. :)",2026-08-13_08-37-03_hk_1786603023.fit,492,2026-08-13T06:45:14.000Z,491.000,1225.26,156,188,76,2.323,29.48,50.820768,4.395366
2026-08-13,Running,Morning Run,"I am trying to follow the idea of running alternative days. This makes me less worry about possible injuries as my body can rest as well, and built stamina for longer runs.

Great day. :)",2026-08-13_08-37-03_hk_1786603023.fit,493,2026-08-13T06:45:15.000Z,492.000,1227.31,156,188,76,2.315,29.48,50.820786,4.395384
2026-08-13,Running,Morning Run,"I am trying to follow the idea of running alternative days. This makes me less worry about possible injuries as my body can rest as well, and built stamina for longer runs.

Great day. :)",2026-08-13_08-37-03_hk_1786603023.fit,494,2026-08-13T06:45:16.000Z,493.000,1229.35,156,188,76,2.308,29.48,50.820822,4.395402
2026-08-13,Running,Morning Run,"I am trying to follow the idea of running alternative days. This makes me less worry about possible injuries as my body can rest as well, and built stamina for longer runs.

Great day. :)",2026-08-13_08-37-03_hk_1786603023.fit,495,2026-08-13T06:45:17.000Z,494.000,1233.22,155,188,76,2.391,29.47,50.82084,4.39542
2026-08-13,Running,Morning Run,"I am trying to follow the idea of running alternative days. This makes me less worry about possible injuries as my body can rest as well, and built stamina for longer runs.

Great day. :)",2026-08-13_08-37-03_hk_1786603023.fit,496,2026-08-13T06:45:18.000Z,495.000,1237.09,155,191,76,2.471,29.47,50.820858,4.395438
2026-08-13,Running,Morning Run,"I am trying to follow the idea of running alternative days. This makes me less worry about possible injuries as my body can rest as well, and built stamina for longer runs.

Great day. :)",2026-08-13_08-37-03_hk_1786603023.fit,497,2026-08-13T06:45:19.000Z,496.000,1238.74,155,191,76,2.444,29.47,50.820876,4.395456
2026-08-13,Running,Morning Run,"I am trying to follow the idea of running alternative days. This makes me less worry about possible injuries as my body can rest as well, and built stamina for longer runs.

Great day. :)",2026-08-13_08-37-03_hk_1786603023.fit,498,2026-08-13T06:45:20.000Z,497.000,1240.39,155,191,76,2.391,29.47,50.820894,4.395474
2026-08-13,Running,Morning Run,"I am trying to follow the idea of running alternative days. This makes me less worry about possible injuries as my body can rest as well, and built stamina for longer runs.

Great day. :)",2026-08-13_08-37-03_hk_1786603023.fit,499,2026-08-13T06:45:21.000Z,498.000,1242.04,155,192,76,2.357,29.47,50.820912,4.395492
2026-08-13,Running,Morning Run,"I am trying to follow the idea of running alternative days. This makes me less worry about possible injuries as my body can rest as well, and built stamina for longer runs.

Great day. :)",2026-08-13_08-37-03_hk_1786603023.fit,500,2026-08-13T06:45:22.000Z,499.000,1244.98,155,192,76,2.364,29.47,50.82093,4.39551
2026-08-13,Running,Morning Run,"I am trying to follow the idea of running alternative days. This makes me less worry about possible injuries as my body can rest as well, and built stamina for longer runs.

Great day. :)",2026-08-13_08-37-03_hk_1786603023.fit,501,2026-08-13T06:45:23.000Z,500.000,1247.92,156,190,76,2.403,29.47,50.820948,4.395546
2026-08-13,Running,Morning Run,"I am trying to follow the idea of running alternative days. This makes me less worry about possible injuries as my body can rest as well, and built stamina for longer runs.

Great day. :)",2026-08-13_08-37-03_hk_1786603023.fit,502,2026-08-13T06:45:24.000Z,501.000,1250.02,156,190,77,2.395,29.47,50.820948,4.395564
2026-08-13,Running,Morning Run,"I am trying to follow the idea of running alternative days. This makes me less worry about possible injuries as my body can rest as well, and built stamina for longer runs.

Great day. :)",2026-08-13_08-37-03_hk_1786603023.fit,503,2026-08-13T06:45:25.000Z,502.000,1252.12,157,190,77,2.382,29.47,50.820966,4.3956
2026-08-13,Running,Morning Run,"I am trying to follow the idea of running alternative days. This makes me less worry about possible injuries as my body can rest as well, and built stamina for longer runs.

Great day. :)",2026-08-13_08-37-03_hk_1786603023.fit,504,2026-08-13T06:45:26.000Z,503.000,1254.22,157,190,77,2.354,29.47,50.820984,4.395618
2026-08-13,Running,Morning Run,"I am trying to follow the idea of running alternative days. This makes me less worry about possible injuries as my body can rest as well, and built stamina for longer runs.

Great day. :)",2026-08-13_08-37-03_hk_1786603023.fit,505,2026-08-13T06:45:27.000Z,504.000,1257.2,157,190,78,2.365,29.47,50.820984,4.395654
2026-08-13,Running,Morning Run,"I am trying to follow the idea of running alternative days. This makes me less worry about possible injuries as my body can rest as well, and built stamina for longer runs.

Great day. :)",2026-08-13_08-37-03_hk_1786603023.fit,506,2026-08-13T06:45:28.000Z,505.000,1260.17,157,189,78,2.399,29.47,50.821002,4.39569
2026-08-13,Running,Morning Run,"I am trying to follow the idea of running alternative days. This makes me less worry about possible injuries as my body can rest as well, and built stamina for longer runs.

Great day. :)",2026-08-13_08-37-03_hk_1786603023.fit,507,2026-08-13T06:45:29.000Z,506.000,1262.53,157,189,78,2.4,29.47,50.821002,4.395708
2026-08-13,Running,Morning Run,"I am trying to follow the idea of running alternative days. This makes me less worry about possible injuries as my body can rest as well, and built stamina for longer runs.

Great day. :)",2026-08-13_08-37-03_hk_1786603023.fit,508,2026-08-13T06:45:30.000Z,507.000,1264.88,157,189,78,2.383,29.47,50.82102,4.395744
2026-08-13,Running,Morning Run,"I am trying to follow the idea of running alternative days. This makes me less worry about possible injuries as my body can rest as well, and built stamina for longer runs.

Great day. :)",2026-08-13_08-37-03_hk_1786603023.fit,509,2026-08-13T06:45:31.000Z,508.000,1267.23,157,191,78,2.381,29.47,50.821038,4.395762
2026-08-13,Running,Morning Run,"I am trying to follow the idea of running alternative days. This makes me less worry about possible injuries as my body can rest as well, and built stamina for longer runs.

Great day. :)",2026-08-13_08-37-03_hk_1786603023.fit,510,2026-08-13T06:45:32.000Z,509.000,1270.46,157,191,78,2.429,29.47,50.821056,4.395798
2026-08-13,Running,Morning Run,"I am trying to follow the idea of running alternative days. This makes me less worry about possible injuries as my body can rest as well, and built stamina for longer runs.

Great day. :)",2026-08-13_08-37-03_hk_1786603023.fit,511,2026-08-13T06:45:33.000Z,510.000,1273.69,157,192,76,2.524,29.48,50.821056,4.395816
2026-08-13,Running,Morning Run,"I am trying to follow the idea of running alternative days. This makes me less worry about possible injuries as my body can rest as well, and built stamina for longer runs.

Great day. :)",2026-08-13_08-37-03_hk_1786603023.fit,512,2026-08-13T06:45:34.000Z,511.000,1275.54,157,192,76,2.514,29.48,50.821074,4.395852
2026-08-13,Running,Morning Run,"I am trying to follow the idea of running alternative days. This makes me less worry about possible injuries as my body can rest as well, and built stamina for longer runs.

Great day. :)",2026-08-13_08-37-03_hk_1786603023.fit,513,2026-08-13T06:45:35.000Z,512.000,1277.39,157,192,76,2.504,29.48,50.821092,4.39587
2026-08-13,Running,Morning Run,"I am trying to follow the idea of running alternative days. This makes me less worry about possible injuries as my body can rest as well, and built stamina for longer runs.

Great day. :)",2026-08-13_08-37-03_hk_1786603023.fit,514,2026-08-13T06:45:36.000Z,513.000,1279.23,157,190,76,2.473,29.48,50.82111,4.395906
2026-08-13,Running,Morning Run,"I am trying to follow the idea of running alternative days. This makes me less worry about possible injuries as my body can rest as well, and built stamina for longer runs.

Great day. :)",2026-08-13_08-37-03_hk_1786603023.fit,515,2026-08-13T06:45:37.000Z,514.000,1281.26,157,190,76,2.472,29.48,50.821128,4.395924
2026-08-13,Running,Morning Run,"I am trying to follow the idea of running alternative days. This makes me less worry about possible injuries as my body can rest as well, and built stamina for longer runs.

Great day. :)",2026-08-13_08-37-03_hk_1786603023.fit,516,2026-08-13T06:45:38.000Z,515.000,1283.29,157,190,76,2.384,29.48,50.821128,4.39596
2026-08-13,Running,Morning Run,"I am trying to follow the idea of running alternative days. This makes me less worry about possible injuries as my body can rest as well, and built stamina for longer runs.

Great day. :)",2026-08-13_08-37-03_hk_1786603023.fit,517,2026-08-13T06:45:39.000Z,516.000,1285.31,157,190,78,2.368,29.48,50.821146,4.395978
2026-08-13,Running,Morning Run,"I am trying to follow the idea of running alternative days. This makes me less worry about possible injuries as my body can rest as well, and built stamina for longer runs.

Great day. :)",2026-08-13_08-37-03_hk_1786603023.fit,518,2026-08-13T06:45:40.000Z,517.000,1288.22,157,190,78,2.324,29.48,50.821164,4.395996
2026-08-13,Running,Morning Run,"I am trying to follow the idea of running alternative days. This makes me less worry about possible injuries as my body can rest as well, and built stamina for longer runs.

Great day. :)",2026-08-13_08-37-03_hk_1786603023.fit,519,2026-08-13T06:45:41.000Z,518.000,1291.13,157,190,78,2.416,29.48,50.821164,4.396032
2026-08-13,Running,Morning Run,"I am trying to follow the idea of running alternative days. This makes me less worry about possible injuries as my body can rest as well, and built stamina for longer runs.

Great day. :)",2026-08-13_08-37-03_hk_1786603023.fit,520,2026-08-13T06:45:42.000Z,519.000,1293.3,157,190,77,2.441,29.48,50.821182,4.39605
2026-08-13,Running,Morning Run,"I am trying to follow the idea of running alternative days. This makes me less worry about possible injuries as my body can rest as well, and built stamina for longer runs.

Great day. :)",2026-08-13_08-37-03_hk_1786603023.fit,521,2026-08-13T06:45:43.000Z,520.000,1295.47,157,190,77,2.404,29.48,50.8212,4.396068
2026-08-13,Running,Morning Run,"I am trying to follow the idea of running alternative days. This makes me less worry about possible injuries as my body can rest as well, and built stamina for longer runs.

Great day. :)",2026-08-13_08-37-03_hk_1786603023.fit,522,2026-08-13T06:45:44.000Z,521.000,1297.63,157,190,77,2.393,29.48,50.8212,4.396104
2026-08-13,Running,Morning Run,"I am trying to follow the idea of running alternative days. This makes me less worry about possible injuries as my body can rest as well, and built stamina for longer runs.

Great day. :)",2026-08-13_08-37-03_hk_1786603023.fit,523,2026-08-13T06:45:45.000Z,522.000,1300.43,157,190,77,2.4,29.48,50.821218,4.396122
2026-08-13,Running,Morning Run,"I am trying to follow the idea of running alternative days. This makes me less worry about possible injuries as my body can rest as well, and built stamina for longer runs.

Great day. :)",2026-08-13_08-37-03_hk_1786603023.fit,524,2026-08-13T06:45:46.000Z,523.000,1303.22,157,189,77,2.433,29.48,50.821236,4.396158
2026-08-13,Running,Morning Run,"I am trying to follow the idea of running alternative days. This makes me less worry about possible injuries as my body can rest as well, and built stamina for longer runs.

Great day. :)",2026-08-13_08-37-03_hk_1786603023.fit,525,2026-08-13T06:45:47.000Z,524.000,1305.59,157,189,77,2.446,29.48,50.821254,4.396194
2026-08-13,Running,Morning Run,"I am trying to follow the idea of running alternative days. This makes me less worry about possible injuries as my body can rest as well, and built stamina for longer runs.

Great day. :)",2026-08-13_08-37-03_hk_1786603023.fit,526,2026-08-13T06:45:48.000Z,525.000,1307.97,157,189,76,2.418,29.48,50.821254,4.39623
2026-08-13,Running,Morning Run,"I am trying to follow the idea of running alternative days. This makes me less worry about possible injuries as my body can rest as well, and built stamina for longer runs.

Great day. :)",2026-08-13_08-37-03_hk_1786603023.fit,527,2026-08-13T06:45:49.000Z,526.000,1310.35,157,190,76,2.389,29.48,50.821272,4.396248
2026-08-13,Running,Morning Run,"I am trying to follow the idea of running alternative days. This makes me less worry about possible injuries as my body can rest as well, and built stamina for longer runs.

Great day. :)",2026-08-13_08-37-03_hk_1786603023.fit,528,2026-08-13T06:45:50.000Z,527.000,1313.16,157,190,76,2.411,29.47,50.82129,4.396284
2026-08-13,Running,Morning Run,"I am trying to follow the idea of running alternative days. This makes me less worry about possible injuries as my body can rest as well, and built stamina for longer runs.

Great day. :)",2026-08-13_08-37-03_hk_1786603023.fit,529,2026-08-13T06:45:51.000Z,528.000,1315.96,157,191,76,2.433,29.47,50.82129,4.396302
2026-08-13,Running,Morning Run,"I am trying to follow the idea of running alternative days. This makes me less worry about possible injuries as my body can rest as well, and built stamina for longer runs.

Great day. :)",2026-08-13_08-37-03_hk_1786603023.fit,530,2026-08-13T06:45:52.000Z,529.000,1318.32,157,191,76,2.433,29.47,50.821308,4.396338
2026-08-13,Running,Morning Run,"I am trying to follow the idea of running alternative days. This makes me less worry about possible injuries as my body can rest as well, and built stamina for longer runs.

Great day. :)",2026-08-13_08-37-03_hk_1786603023.fit,531,2026-08-13T06:45:53.000Z,530.000,1320.68,158,191,76,2.391,29.47,50.821308,4.396374
2026-08-13,Running,Morning Run,"I am trying to follow the idea of running alternative days. This makes me less worry about possible injuries as my body can rest as well, and built stamina for longer runs.

Great day. :)",2026-08-13_08-37-03_hk_1786603023.fit,532,2026-08-13T06:45:54.000Z,531.000,1323.04,158,191,76,2.39,29.47,50.821326,4.396392
2026-08-13,Running,Morning Run,"I am trying to follow the idea of running alternative days. This makes me less worry about possible injuries as my body can rest as well, and built stamina for longer runs.

Great day. :)",2026-08-13_08-37-03_hk_1786603023.fit,533,2026-08-13T06:45:55.000Z,532.000,1325.75,158,191,76,2.391,29.47,50.821344,4.396428
2026-08-13,Running,Morning Run,"I am trying to follow the idea of running alternative days. This makes me less worry about possible injuries as my body can rest as well, and built stamina for longer runs.

Great day. :)",2026-08-13_08-37-03_hk_1786603023.fit,534,2026-08-13T06:45:56.000Z,533.000,1328.47,158,190,76,2.432,29.47,50.821344,4.396464
2026-08-13,Running,Morning Run,"I am trying to follow the idea of running alternative days. This makes me less worry about possible injuries as my body can rest as well, and built stamina for longer runs.

Great day. :)",2026-08-13_08-37-03_hk_1786603023.fit,535,2026-08-13T06:45:57.000Z,534.000,1330.82,158,190,76,2.457,29.47,50.821362,4.3965
2026-08-13,Running,Morning Run,"I am trying to follow the idea of running alternative days. This makes me less worry about possible injuries as my body can rest as well, and built stamina for longer runs.

Great day. :)",2026-08-13_08-37-03_hk_1786603023.fit,536,2026-08-13T06:45:58.000Z,535.000,1333.18,158,190,76,2.472,29.47,50.821362,4.396518
2026-08-13,Running,Morning Run,"I am trying to follow the idea of running alternative days. This makes me less worry about possible injuries as my body can rest as well, and built stamina for longer runs.

Great day. :)",2026-08-13_08-37-03_hk_1786603023.fit,537,2026-08-13T06:45:59.000Z,536.000,1335.53,158,191,76,2.511,29.47,50.82138,4.396554
2026-08-13,Running,Morning Run,"I am trying to follow the idea of running alternative days. This makes me less worry about possible injuries as my body can rest as well, and built stamina for longer runs.

Great day. :)",2026-08-13_08-37-03_hk_1786603023.fit,538,2026-08-13T06:46:00.000Z,537.000,1337.73,157,191,78,2.496,29.47,50.82138,4.39659
2026-08-13,Running,Morning Run,"I am trying to follow the idea of running alternative days. This makes me less worry about possible injuries as my body can rest as well, and built stamina for longer runs.

Great day. :)",2026-08-13_08-37-03_hk_1786603023.fit,539,2026-08-13T06:46:01.000Z,538.000,1339.92,157,191,78,2.462,29.47,50.821398,4.396626
2026-08-13,Running,Morning Run,"I am trying to follow the idea of running alternative days. This makes me less worry about possible injuries as my body can rest as well, and built stamina for longer runs.

Great day. :)",2026-08-13_08-37-03_hk_1786603023.fit,540,2026-08-13T06:46:02.000Z,539.000,1342.11,157,191,78,2.428,29.47,50.821416,4.396644
2026-08-13,Running,Morning Run,"I am trying to follow the idea of running alternative days. This makes me less worry about possible injuries as my body can rest as well, and built stamina for longer runs.

Great day. :)",2026-08-13_08-37-03_hk_1786603023.fit,541,2026-08-13T06:46:03.000Z,540.000,1344.88,157,191,77,2.456,29.47,50.821416,4.39668
2026-08-13,Running,Morning Run,"I am trying to follow the idea of running alternative days. This makes me less worry about possible injuries as my body can rest as well, and built stamina for longer runs.

Great day. :)",2026-08-13_08-37-03_hk_1786603023.fit,542,2026-08-13T06:46:04.000Z,541.000,1347.65,157,189,77,2.501,29.47,50.821434,4.396716
2026-08-13,Running,Morning Run,"I am trying to follow the idea of running alternative days. This makes me less worry about possible injuries as my body can rest as well, and built stamina for longer runs.

Great day. :)",2026-08-13_08-37-03_hk_1786603023.fit,543,2026-08-13T06:46:05.000Z,542.000,1349.72,157,189,77,2.48,29.47,50.821434,4.396734
2026-08-13,Running,Morning Run,"I am trying to follow the idea of running alternative days. This makes me less worry about possible injuries as my body can rest as well, and built stamina for longer runs.

Great day. :)",2026-08-13_08-37-03_hk_1786603023.fit,544,2026-08-13T06:46:06.000Z,543.000,1351.79,157,189,79,2.446,29.47,50.821452,4.39677
2026-08-13,Running,Morning Run,"I am trying to follow the idea of running alternative days. This makes me less worry about possible injuries as my body can rest as well, and built stamina for longer runs.

Great day. :)",2026-08-13_08-37-03_hk_1786603023.fit,545,2026-08-13T06:46:07.000Z,544.000,1353.86,157,187,79,2.412,29.47,50.821452,4.396806
2026-08-13,Running,Morning Run,"I am trying to follow the idea of running alternative days. This makes me less worry about possible injuries as my body can rest as well, and built stamina for longer runs.

Great day. :)",2026-08-13_08-37-03_hk_1786603023.fit,546,2026-08-13T06:46:08.000Z,545.000,1356.97,157,187,79,2.446,29.47,50.82147,4.396824
2026-08-13,Running,Morning Run,"I am trying to follow the idea of running alternative days. This makes me less worry about possible injuries as my body can rest as well, and built stamina for longer runs.

Great day. :)",2026-08-13_08-37-03_hk_1786603023.fit,547,2026-08-13T06:46:09.000Z,546.000,1360.07,157,188,76,2.481,29.47,50.82147,4.39686
2026-08-13,Running,Morning Run,"I am trying to follow the idea of running alternative days. This makes me less worry about possible injuries as my body can rest as well, and built stamina for longer runs.

Great day. :)",2026-08-13_08-37-03_hk_1786603023.fit,548,2026-08-13T06:46:10.000Z,547.000,1362.29,157,188,76,2.474,29.47,50.821488,4.396896
2026-08-13,Running,Morning Run,"I am trying to follow the idea of running alternative days. This makes me less worry about possible injuries as my body can rest as well, and built stamina for longer runs.

Great day. :)",2026-08-13_08-37-03_hk_1786603023.fit,549,2026-08-13T06:46:11.000Z,548.000,1364.51,157,188,76,2.446,29.47,50.821506,4.396914
2026-08-13,Running,Morning Run,"I am trying to follow the idea of running alternative days. This makes me less worry about possible injuries as my body can rest as well, and built stamina for longer runs.

Great day. :)",2026-08-13_08-37-03_hk_1786603023.fit,550,2026-08-13T06:46:12.000Z,549.000,1366.74,157,188,76,2.418,29.47,50.821506,4.39695
2026-08-13,Running,Morning Run,"I am trying to follow the idea of running alternative days. This makes me less worry about possible injuries as my body can rest as well, and built stamina for longer runs.

Great day. :)",2026-08-13_08-37-03_hk_1786603023.fit,551,2026-08-13T06:46:13.000Z,550.000,1369.38,157,188,76,2.431,29.47,50.821524,4.396986
2026-08-13,Running,Morning Run,"I am trying to follow the idea of running alternative days. This makes me less worry about possible injuries as my body can rest as well, and built stamina for longer runs.

Great day. :)",2026-08-13_08-37-03_hk_1786603023.fit,552,2026-08-13T06:46:14.000Z,551.000,1372.02,157,186,76,2.445,29.47,50.821542,4.397004
2026-08-13,Running,Morning Run,"I am trying to follow the idea of running alternative days. This makes me less worry about possible injuries as my body can rest as well, and built stamina for longer runs.

Great day. :)",2026-08-13_08-37-03_hk_1786603023.fit,553,2026-08-13T06:46:15.000Z,552.000,1373.81,157,186,76,2.417,29.47,50.82156,4.397022
2026-08-13,Running,Morning Run,"I am trying to follow the idea of running alternative days. This makes me less worry about possible injuries as my body can rest as well, and built stamina for longer runs.

Great day. :)",2026-08-13_08-37-03_hk_1786603023.fit,554,2026-08-13T06:46:16.000Z,553.000,1375.59,157,186,76,2.389,29.47,50.82156,4.397058
2026-08-13,Running,Morning Run,"I am trying to follow the idea of running alternative days. This makes me less worry about possible injuries as my body can rest as well, and built stamina for longer runs.

Great day. :)",2026-08-13_08-37-03_hk_1786603023.fit,555,2026-08-13T06:46:17.000Z,554.000,1377.37,157,183,76,2.346,29.47,50.821578,4.397076
2026-08-13,Running,Morning Run,"I am trying to follow the idea of running alternative days. This makes me less worry about possible injuries as my body can rest as well, and built stamina for longer runs.

Great day. :)",2026-08-13_08-37-03_hk_1786603023.fit,556,2026-08-13T06:46:18.000Z,555.000,1379.82,158,183,78,2.334,29.46,50.821596,4.397094
2026-08-13,Running,Morning Run,"I am trying to follow the idea of running alternative days. This makes me less worry about possible injuries as my body can rest as well, and built stamina for longer runs.

Great day. :)",2026-08-13_08-37-03_hk_1786603023.fit,557,2026-08-13T06:46:19.000Z,556.000,1382.27,158,183,78,2.338,29.46,50.821614,4.397112
2026-08-13,Running,Morning Run,"I am trying to follow the idea of running alternative days. This makes me less worry about possible injuries as my body can rest as well, and built stamina for longer runs.

Great day. :)",2026-08-13_08-37-03_hk_1786603023.fit,558,2026-08-13T06:46:20.000Z,557.000,1384.71,158,184,78,2.343,29.46,50.821632,4.39713
2026-08-13,Running,Morning Run,"I am trying to follow the idea of running alternative days. This makes me less worry about possible injuries as my body can rest as well, and built stamina for longer runs.

Great day. :)",2026-08-13_08-37-03_hk_1786603023.fit,559,2026-08-13T06:46:21.000Z,558.000,1387.87,158,184,77,2.388,29.46,50.82165,4.397166
2026-08-13,Running,Morning Run,"I am trying to follow the idea of running alternative days. This makes me less worry about possible injuries as my body can rest as well, and built stamina for longer runs.

Great day. :)",2026-08-13_08-37-03_hk_1786603023.fit,560,2026-08-13T06:46:22.000Z,559.000,1391.03,158,185,77,2.434,29.46,50.821686,4.397166
2026-08-13,Running,Morning Run,"I am trying to follow the idea of running alternative days. This makes me less worry about possible injuries as my body can rest as well, and built stamina for longer runs.

Great day. :)",2026-08-13_08-37-03_hk_1786603023.fit,561,2026-08-13T06:46:23.000Z,560.000,1392.46,158,185,77,2.397,29.46,50.821704,4.397184
2026-08-13,Running,Morning Run,"I am trying to follow the idea of running alternative days. This makes me less worry about possible injuries as my body can rest as well, and built stamina for longer runs.

Great day. :)",2026-08-13_08-37-03_hk_1786603023.fit,562,2026-08-13T06:46:24.000Z,561.000,1393.88,158,185,79,2.353,29.46,50.821722,4.397202
2026-08-13,Running,Morning Run,"I am trying to follow the idea of running alternative days. This makes me less worry about possible injuries as my body can rest as well, and built stamina for longer runs.

Great day. :)",2026-08-13_08-37-03_hk_1786603023.fit,563,2026-08-13T06:46:25.000Z,562.000,1395.3,157,179,79,2.292,29.46,50.821758,4.39722
2026-08-13,Running,Morning Run,"I am trying to follow the idea of running alternative days. This makes me less worry about possible injuries as my body can rest as well, and built stamina for longer runs.

Great day. :)",2026-08-13_08-37-03_hk_1786603023.fit,564,2026-08-13T06:46:26.000Z,563.000,1398.37,157,179,79,2.306,29.45,50.821776,4.397238
2026-08-13,Running,Morning Run,"I am trying to follow the idea of running alternative days. This makes me less worry about possible injuries as my body can rest as well, and built stamina for longer runs.

Great day. :)",2026-08-13_08-37-03_hk_1786603023.fit,565,2026-08-13T06:46:27.000Z,564.000,1401.45,157,179,76,2.351,29.45,50.821794,4.397238
2026-08-13,Running,Morning Run,"I am trying to follow the idea of running alternative days. This makes me less worry about possible injuries as my body can rest as well, and built stamina for longer runs.

Great day. :)",2026-08-13_08-37-03_hk_1786603023.fit,566,2026-08-13T06:46:28.000Z,565.000,1403.89,157,179,76,2.383,29.45,50.821812,4.397256
2026-08-13,Running,Morning Run,"I am trying to follow the idea of running alternative days. This makes me less worry about possible injuries as my body can rest as well, and built stamina for longer runs.

Great day. :)",2026-08-13_08-37-03_hk_1786603023.fit,567,2026-08-13T06:46:29.000Z,566.000,1406.34,158,179,76,2.386,29.45,50.821848,4.397256
2026-08-13,Running,Morning Run,"I am trying to follow the idea of running alternative days. This makes me less worry about possible injuries as my body can rest as well, and built stamina for longer runs.

Great day. :)",2026-08-13_08-37-03_hk_1786603023.fit,568,2026-08-13T06:46:30.000Z,567.000,1408.79,158,180,76,2.356,29.44,50.821866,4.397274
2026-08-13,Running,Morning Run,"I am trying to follow the idea of running alternative days. This makes me less worry about possible injuries as my body can rest as well, and built stamina for longer runs.

Great day. :)",2026-08-13_08-37-03_hk_1786603023.fit,569,2026-08-13T06:46:31.000Z,568.000,1411.86,158,180,76,2.354,29.44,50.821884,4.397274
2026-08-13,Running,Morning Run,"I am trying to follow the idea of running alternative days. This makes me less worry about possible injuries as my body can rest as well, and built stamina for longer runs.

Great day. :)",2026-08-13_08-37-03_hk_1786603023.fit,570,2026-08-13T06:46:32.000Z,569.000,1414.92,158,181,76,2.4,29.44,50.821902,4.397274
2026-08-13,Running,Morning Run,"I am trying to follow the idea of running alternative days. This makes me less worry about possible injuries as my body can rest as well, and built stamina for longer runs.

Great day. :)",2026-08-13_08-37-03_hk_1786603023.fit,571,2026-08-13T06:46:33.000Z,570.000,1417.7,158,181,76,2.427,29.43,50.821938,4.397292
2026-08-13,Running,Morning Run,"I am trying to follow the idea of running alternative days. This makes me less worry about possible injuries as my body can rest as well, and built stamina for longer runs.

Great day. :)",2026-08-13_08-37-03_hk_1786603023.fit,572,2026-08-13T06:46:34.000Z,571.000,1420.47,158,181,76,2.433,29.43,50.821956,4.397274
2026-08-13,Running,Morning Run,"I am trying to follow the idea of running alternative days. This makes me less worry about possible injuries as my body can rest as well, and built stamina for longer runs.

Great day. :)",2026-08-13_08-37-03_hk_1786603023.fit,573,2026-08-13T06:46:35.000Z,572.000,1423.24,158,186,76,2.439,29.42,50.821974,4.397274
2026-08-13,Running,Morning Run,"I am trying to follow the idea of running alternative days. This makes me less worry about possible injuries as my body can rest as well, and built stamina for longer runs.

Great day. :)",2026-08-13_08-37-03_hk_1786603023.fit,574,2026-08-13T06:46:36.000Z,573.000,1426.45,158,186,78,2.543,29.42,50.821992,4.397274
2026-08-13,Running,Morning Run,"I am trying to follow the idea of running alternative days. This makes me less worry about possible injuries as my body can rest as well, and built stamina for longer runs.

Great day. :)",2026-08-13_08-37-03_hk_1786603023.fit,575,2026-08-13T06:46:37.000Z,574.000,1429.66,158,184,78,2.614,29.42,50.822028,4.397274
2026-08-13,Running,Morning Run,"I am trying to follow the idea of running alternative days. This makes me less worry about possible injuries as my body can rest as well, and built stamina for longer runs.

Great day. :)",2026-08-13_08-37-03_hk_1786603023.fit,576,2026-08-13T06:46:38.000Z,575.000,1431.31,159,184,78,2.575,29.41,50.822046,4.397256
2026-08-13,Running,Morning Run,"I am trying to follow the idea of running alternative days. This makes me less worry about possible injuries as my body can rest as well, and built stamina for longer runs.

Great day. :)",2026-08-13_08-37-03_hk_1786603023.fit,577,2026-08-13T06:46:39.000Z,576.000,1432.97,159,184,77,2.535,29.41,50.822064,4.397256
2026-08-13,Running,Morning Run,"I am trying to follow the idea of running alternative days. This makes me less worry about possible injuries as my body can rest as well, and built stamina for longer runs.

Great day. :)",2026-08-13_08-37-03_hk_1786603023.fit,578,2026-08-13T06:46:40.000Z,577.000,1434.63,159,183,77,2.493,29.41,50.8221,4.397256
2026-08-13,Running,Morning Run,"I am trying to follow the idea of running alternative days. This makes me less worry about possible injuries as my body can rest as well, and built stamina for longer runs.

Great day. :)",2026-08-13_08-37-03_hk_1786603023.fit,579,2026-08-13T06:46:41.000Z,578.000,1436.04,159,183,77,2.444,29.4,50.822118,4.397256
2026-08-13,Running,Morning Run,"I am trying to follow the idea of running alternative days. This makes me less worry about possible injuries as my body can rest as well, and built stamina for longer runs.

Great day. :)",2026-08-13_08-37-03_hk_1786603023.fit,580,2026-08-13T06:46:42.000Z,579.000,1437.44,159,183,79,2.397,29.4,50.822136,4.397256
2026-08-13,Running,Morning Run,"I am trying to follow the idea of running alternative days. This makes me less worry about possible injuries as my body can rest as well, and built stamina for longer runs.

Great day. :)",2026-08-13_08-37-03_hk_1786603023.fit,581,2026-08-13T06:46:43.000Z,580.000,1438.85,159,175,79,2.317,29.4,50.822154,4.397256
2026-08-13,Running,Morning Run,"I am trying to follow the idea of running alternative days. This makes me less worry about possible injuries as my body can rest as well, and built stamina for longer runs.

Great day. :)",2026-08-13_08-37-03_hk_1786603023.fit,582,2026-08-13T06:46:44.000Z,581.000,1442.14,159,175,79,2.323,29.4,50.82219,4.397274
2026-08-13,Running,Morning Run,"I am trying to follow the idea of running alternative days. This makes me less worry about possible injuries as my body can rest as well, and built stamina for longer runs.

Great day. :)",2026-08-13_08-37-03_hk_1786603023.fit,583,2026-08-13T06:46:45.000Z,582.000,1445.43,159,176,79,2.507,29.4,50.822208,4.397274
2026-08-13,Running,Morning Run,"I am trying to follow the idea of running alternative days. This makes me less worry about possible injuries as my body can rest as well, and built stamina for longer runs.

Great day. :)",2026-08-13_08-37-03_hk_1786603023.fit,584,2026-08-13T06:46:46.000Z,583.000,1447.37,159,176,79,2.479,29.4,50.822226,4.397292
2026-08-13,Running,Morning Run,"I am trying to follow the idea of running alternative days. This makes me less worry about possible injuries as my body can rest as well, and built stamina for longer runs.

Great day. :)",2026-08-13_08-37-03_hk_1786603023.fit,585,2026-08-13T06:46:47.000Z,584.000,1449.3,159,176,79,2.425,29.4,50.822244,4.39731
2026-08-13,Running,Morning Run,"I am trying to follow the idea of running alternative days. This makes me less worry about possible injuries as my body can rest as well, and built stamina for longer runs.

Great day. :)",2026-08-13_08-37-03_hk_1786603023.fit,586,2026-08-13T06:46:48.000Z,585.000,1451.23,159,176,77,2.402,29.4,50.82228,4.397328
2026-08-13,Running,Morning Run,"I am trying to follow the idea of running alternative days. This makes me less worry about possible injuries as my body can rest as well, and built stamina for longer runs.

Great day. :)",2026-08-13_08-37-03_hk_1786603023.fit,587,2026-08-13T06:46:49.000Z,586.000,1454.96,159,176,77,2.432,29.4,50.822298,4.397364
2026-08-13,Running,Morning Run,"I am trying to follow the idea of running alternative days. This makes me less worry about possible injuries as my body can rest as well, and built stamina for longer runs.

Great day. :)",2026-08-13_08-37-03_hk_1786603023.fit,588,2026-08-13T06:46:50.000Z,587.000,1458.69,159,176,77,2.493,29.4,50.822316,4.397382
2026-08-13,Running,Morning Run,"I am trying to follow the idea of running alternative days. This makes me less worry about possible injuries as my body can rest as well, and built stamina for longer runs.

Great day. :)",2026-08-13_08-37-03_hk_1786603023.fit,589,2026-08-13T06:46:51.000Z,588.000,1460.54,159,176,78,2.464,29.4,50.822334,4.397418
2026-08-13,Running,Morning Run,"I am trying to follow the idea of running alternative days. This makes me less worry about possible injuries as my body can rest as well, and built stamina for longer runs.

Great day. :)",2026-08-13_08-37-03_hk_1786603023.fit,590,2026-08-13T06:46:52.000Z,589.000,1462.39,159,176,78,2.406,29.4,50.822352,4.397436
2026-08-13,Running,Morning Run,"I am trying to follow the idea of running alternative days. This makes me less worry about possible injuries as my body can rest as well, and built stamina for longer runs.

Great day. :)",2026-08-13_08-37-03_hk_1786603023.fit,591,2026-08-13T06:46:53.000Z,590.000,1464.24,160,175,78,2.381,29.4,50.82237,4.397472
2026-08-13,Running,Morning Run,"I am trying to follow the idea of running alternative days. This makes me less worry about possible injuries as my body can rest as well, and built stamina for longer runs.

Great day. :)",2026-08-13_08-37-03_hk_1786603023.fit,592,2026-08-13T06:46:54.000Z,591.000,1467.4,160,175,76,2.385,29.4,50.822388,4.397508
2026-08-13,Running,Morning Run,"I am trying to follow the idea of running alternative days. This makes me less worry about possible injuries as my body can rest as well, and built stamina for longer runs.

Great day. :)",2026-08-13_08-37-03_hk_1786603023.fit,593,2026-08-13T06:46:55.000Z,592.000,1470.56,160,174,76,2.385,29.4,50.822388,4.397544
2026-08-13,Running,Morning Run,"I am trying to follow the idea of running alternative days. This makes me less worry about possible injuries as my body can rest as well, and built stamina for longer runs.

Great day. :)",2026-08-13_08-37-03_hk_1786603023.fit,594,2026-08-13T06:46:56.000Z,593.000,1472.51,160,174,76,2.365,29.41,50.822406,4.39758
2026-08-13,Running,Morning Run,"I am trying to follow the idea of running alternative days. This makes me less worry about possible injuries as my body can rest as well, and built stamina for longer runs.

Great day. :)",2026-08-13_08-37-03_hk_1786603023.fit,595,2026-08-13T06:46:57.000Z,594.000,1474.45,160,174,78,2.328,29.41,50.822424,4.397616
2026-08-13,Running,Morning Run,"I am trying to follow the idea of running alternative days. This makes me less worry about possible injuries as my body can rest as well, and built stamina for longer runs.

Great day. :)",2026-08-13_08-37-03_hk_1786603023.fit,596,2026-08-13T06:46:58.000Z,595.000,1476.4,160,173,78,2.311,29.41,50.822424,4.397634
2026-08-13,Running,Morning Run,"I am trying to follow the idea of running alternative days. This makes me less worry about possible injuries as my body can rest as well, and built stamina for longer runs.

Great day. :)",2026-08-13_08-37-03_hk_1786603023.fit,597,2026-08-13T06:46:59.000Z,596.000,1479.24,160,173,78,2.295,29.41,50.822442,4.39767
2026-08-13,Running,Morning Run,"I am trying to follow the idea of running alternative days. This makes me less worry about possible injuries as my body can rest as well, and built stamina for longer runs.

Great day. :)",2026-08-13_08-37-03_hk_1786603023.fit,598,2026-08-13T06:47:00.000Z,597.000,1482.08,160,172,77,2.307,29.41,50.82246,4.397706
2026-08-13,Running,Morning Run,"I am trying to follow the idea of running alternative days. This makes me less worry about possible injuries as my body can rest as well, and built stamina for longer runs.

Great day. :)",2026-08-13_08-37-03_hk_1786603023.fit,599,2026-08-13T06:47:01.000Z,598.000,1484.2,160,172,77,2.329,29.42,50.82246,4.397742
2026-08-13,Running,Morning Run,"I am trying to follow the idea of running alternative days. This makes me less worry about possible injuries as my body can rest as well, and built stamina for longer runs.

Great day. :)",2026-08-13_08-37-03_hk_1786603023.fit,600,2026-08-13T06:47:02.000Z,599.000,1486.33,160,172,77,2.395,29.42,50.822478,4.397778
2026-08-13,Running,Morning Run,"I am trying to follow the idea of running alternative days. This makes me less worry about possible injuries as my body can rest as well, and built stamina for longer runs.

Great day. :)",2026-08-13_08-37-03_hk_1786603023.fit,601,2026-08-13T06:47:03.000Z,600.000,1488.46,160,172,79,2.43,29.42,50.822496,4.397814
2026-08-13,Running,Morning Run,"I am trying to follow the idea of running alternative days. This makes me less worry about possible injuries as my body can rest as well, and built stamina for longer runs.

Great day. :)",2026-08-13_08-37-03_hk_1786603023.fit,602,2026-08-13T06:47:04.000Z,601.000,1490.27,160,172,79,2.449,29.42,50.822496,4.39785
2026-08-13,Running,Morning Run,"I am trying to follow the idea of running alternative days. This makes me less worry about possible injuries as my body can rest as well, and built stamina for longer runs.

Great day. :)",2026-08-13_08-37-03_hk_1786603023.fit,603,2026-08-13T06:47:05.000Z,602.000,1492.08,160,172,79,2.42,29.42,50.822514,4.397868
2026-08-13,Running,Morning Run,"I am trying to follow the idea of running alternative days. This makes me less worry about possible injuries as my body can rest as well, and built stamina for longer runs.

Great day. :)",2026-08-13_08-37-03_hk_1786603023.fit,604,2026-08-13T06:47:06.000Z,603.000,1493.89,160,173,76,2.352,29.43,50.822532,4.397904
2026-08-13,Running,Morning Run,"I am trying to follow the idea of running alternative days. This makes me less worry about possible injuries as my body can rest as well, and built stamina for longer runs.

Great day. :)",2026-08-13_08-37-03_hk_1786603023.fit,605,2026-08-13T06:47:07.000Z,604.000,1497.18,160,173,76,2.352,29.43,50.822532,4.39794
2026-08-13,Running,Morning Run,"I am trying to follow the idea of running alternative days. This makes me less worry about possible injuries as my body can rest as well, and built stamina for longer runs.

Great day. :)",2026-08-13_08-37-03_hk_1786603023.fit,606,2026-08-13T06:47:08.000Z,605.000,1500.47,160,174,76,2.437,29.43,50.82255,4.397976
2026-08-13,Running,Morning Run,"I am trying to follow the idea of running alternative days. This makes me less worry about possible injuries as my body can rest as well, and built stamina for longer runs.

Great day. :)",2026-08-13_08-37-03_hk_1786603023.fit,607,2026-08-13T06:47:09.000Z,606.000,1502.87,160,174,77,2.459,29.44,50.822568,4.398012
2026-08-13,Running,Morning Run,"I am trying to follow the idea of running alternative days. This makes me less worry about possible injuries as my body can rest as well, and built stamina for longer runs.

Great day. :)",2026-08-13_08-37-03_hk_1786603023.fit,608,2026-08-13T06:47:10.000Z,607.000,1505.28,160,174,77,2.396,29.44,50.822568,4.39803
2026-08-13,Running,Morning Run,"I am trying to follow the idea of running alternative days. This makes me less worry about possible injuries as my body can rest as well, and built stamina for longer runs.

Great day. :)",2026-08-13_08-37-03_hk_1786603023.fit,609,2026-08-13T06:47:11.000Z,608.000,1507.68,160,176,77,2.397,29.45,50.822586,4.398066
2026-08-13,Running,Morning Run,"I am trying to follow the idea of running alternative days. This makes me less worry about possible injuries as my body can rest as well, and built stamina for longer runs.

Great day. :)",2026-08-13_08-37-03_hk_1786603023.fit,610,2026-08-13T06:47:12.000Z,609.000,1510.61,160,176,77,2.384,29.45,50.822604,4.398102
2026-08-13,Running,Morning Run,"I am trying to follow the idea of running alternative days. This makes me less worry about possible injuries as my body can rest as well, and built stamina for longer runs.

Great day. :)",2026-08-13_08-37-03_hk_1786603023.fit,611,2026-08-13T06:47:13.000Z,610.000,1513.53,160,178,77,2.436,29.46,50.822604,4.398138
2026-08-13,Running,Morning Run,"I am trying to follow the idea of running alternative days. This makes me less worry about possible injuries as my body can rest as well, and built stamina for longer runs.

Great day. :)",2026-08-13_08-37-03_hk_1786603023.fit,612,2026-08-13T06:47:14.000Z,611.000,1515.72,160,178,77,2.451,29.46,50.822622,4.398156
2026-08-13,Running,Morning Run,"I am trying to follow the idea of running alternative days. This makes me less worry about possible injuries as my body can rest as well, and built stamina for longer runs.

Great day. :)",2026-08-13_08-37-03_hk_1786603023.fit,613,2026-08-13T06:47:15.000Z,612.000,1517.91,160,178,78,2.405,29.47,50.82264,4.398192
2026-08-13,Running,Morning Run,"I am trying to follow the idea of running alternative days. This makes me less worry about possible injuries as my body can rest as well, and built stamina for longer runs.

Great day. :)",2026-08-13_08-37-03_hk_1786603023.fit,614,2026-08-13T06:47:16.000Z,613.000,1520.09,160,180,78,2.395,29.47,50.82264,4.39821
2026-08-13,Running,Morning Run,"I am trying to follow the idea of running alternative days. This makes me less worry about possible injuries as my body can rest as well, and built stamina for longer runs.

Great day. :)",2026-08-13_08-37-03_hk_1786603023.fit,615,2026-08-13T06:47:17.000Z,614.000,1522.86,160,180,78,2.398,29.47,50.822658,4.398246
2026-08-13,Running,Morning Run,"I am trying to follow the idea of running alternative days. This makes me less worry about possible injuries as my body can rest as well, and built stamina for longer runs.

Great day. :)",2026-08-13_08-37-03_hk_1786603023.fit,616,2026-08-13T06:47:18.000Z,615.000,1525.64,160,180,76,2.437,29.47,50.822658,4.398264
2026-08-13,Running,Morning Run,"I am trying to follow the idea of running alternative days. This makes me less worry about possible injuries as my body can rest as well, and built stamina for longer runs.

Great day. :)",2026-08-13_08-37-03_hk_1786603023.fit,617,2026-08-13T06:47:19.000Z,616.000,1528.04,160,180,76,2.459,29.47,50.822676,4.3983
2026-08-13,Running,Morning Run,"I am trying to follow the idea of running alternative days. This makes me less worry about possible injuries as my body can rest as well, and built stamina for longer runs.

Great day. :)",2026-08-13_08-37-03_hk_1786603023.fit,618,2026-08-13T06:47:20.000Z,617.000,1530.44,161,180,76,2.438,29.47,50.822694,4.398318
2026-08-13,Running,Morning Run,"I am trying to follow the idea of running alternative days. This makes me less worry about possible injuries as my body can rest as well, and built stamina for longer runs.

Great day. :)",2026-08-13_08-37-03_hk_1786603023.fit,619,2026-08-13T06:47:21.000Z,618.000,1532.84,161,182,76,2.418,29.47,50.822712,4.398354
2026-08-13,Running,Morning Run,"I am trying to follow the idea of running alternative days. This makes me less worry about possible injuries as my body can rest as well, and built stamina for longer runs.

Great day. :)",2026-08-13_08-37-03_hk_1786603023.fit,620,2026-08-13T06:47:22.000Z,619.000,1534.87,161,182,76,2.413,29.47,50.822712,4.398372
2026-08-13,Running,Morning Run,"I am trying to follow the idea of running alternative days. This makes me less worry about possible injuries as my body can rest as well, and built stamina for longer runs.

Great day. :)",2026-08-13_08-37-03_hk_1786603023.fit,621,2026-08-13T06:47:23.000Z,620.000,1536.9,161,182,76,2.408,29.47,50.82273,4.39839
2026-08-13,Running,Morning Run,"I am trying to follow the idea of running alternative days. This makes me less worry about possible injuries as my body can rest as well, and built stamina for longer runs.

Great day. :)",2026-08-13_08-37-03_hk_1786603023.fit,622,2026-08-13T06:47:24.000Z,621.000,1538.93,161,180,78,2.403,29.47,50.822748,4.398426
2026-08-13,Running,Morning Run,"I am trying to follow the idea of running alternative days. This makes me less worry about possible injuries as my body can rest as well, and built stamina for longer runs.

Great day. :)",2026-08-13_08-37-03_hk_1786603023.fit,623,2026-08-13T06:47:25.000Z,622.000,1541.41,160,180,78,2.435,29.47,50.822766,4.398444
2026-08-13,Running,Morning Run,"I am trying to follow the idea of running alternative days. This makes me less worry about possible injuries as my body can rest as well, and built stamina for longer runs.

Great day. :)",2026-08-13_08-37-03_hk_1786603023.fit,624,2026-08-13T06:47:26.000Z,623.000,1543.9,160,179,78,2.5,29.47,50.822784,4.39848
2026-08-13,Running,Morning Run,"I am trying to follow the idea of running alternative days. This makes me less worry about possible injuries as my body can rest as well, and built stamina for longer runs.

Great day. :)",2026-08-13_08-37-03_hk_1786603023.fit,625,2026-08-13T06:47:27.000Z,624.000,1546.47,160,179,73,2.504,29.47,50.822802,4.398498
2026-08-13,Running,Morning Run,"I am trying to follow the idea of running alternative days. This makes me less worry about possible injuries as my body can rest as well, and built stamina for longer runs.

Great day. :)",2026-08-13_08-37-03_hk_1786603023.fit,626,2026-08-13T06:47:28.000Z,625.000,1549.05,160,179,73,2.47,29.47,50.82282,4.398516
2026-08-13,Running,Morning Run,"I am trying to follow the idea of running alternative days. This makes me less worry about possible injuries as my body can rest as well, and built stamina for longer runs.

Great day. :)",2026-08-13_08-37-03_hk_1786603023.fit,627,2026-08-13T06:47:29.000Z,626.000,1551.62,160,177,73,2.436,29.47,50.82282,4.398552
2026-08-13,Running,Morning Run,"I am trying to follow the idea of running alternative days. This makes me less worry about possible injuries as my body can rest as well, and built stamina for longer runs.

Great day. :)",2026-08-13_08-37-03_hk_1786603023.fit,628,2026-08-13T06:47:30.000Z,627.000,1553.88,160,177,71,2.429,29.47,50.822838,4.39857
2026-08-13,Running,Morning Run,"I am trying to follow the idea of running alternative days. This makes me less worry about possible injuries as my body can rest as well, and built stamina for longer runs.

Great day. :)",2026-08-13_08-37-03_hk_1786603023.fit,629,2026-08-13T06:47:31.000Z,628.000,1556.14,160,178,71,2.422,29.47,50.822856,4.398588
2026-08-13,Running,Morning Run,"I am trying to follow the idea of running alternative days. This makes me less worry about possible injuries as my body can rest as well, and built stamina for longer runs.

Great day. :)",2026-08-13_08-37-03_hk_1786603023.fit,630,2026-08-13T06:47:32.000Z,629.000,1558.78,160,178,71,2.433,29.47,50.822874,4.398624
2026-08-13,Running,Morning Run,"I am trying to follow the idea of running alternative days. This makes me less worry about possible injuries as my body can rest as well, and built stamina for longer runs.

Great day. :)",2026-08-13_08-37-03_hk_1786603023.fit,631,2026-08-13T06:47:33.000Z,630.000,1561.42,160,178,70,2.419,29.47,50.822892,4.398642
2026-08-13,Running,Morning Run,"I am trying to follow the idea of running alternative days. This makes me less worry about possible injuries as my body can rest as well, and built stamina for longer runs.

Great day. :)",2026-08-13_08-37-03_hk_1786603023.fit,632,2026-08-13T06:47:34.000Z,631.000,1564.06,160,182,70,2.406,29.47,50.82291,4.398678
2026-08-13,Running,Morning Run,"I am trying to follow the idea of running alternative days. This makes me less worry about possible injuries as my body can rest as well, and built stamina for longer runs.

Great day. :)",2026-08-13_08-37-03_hk_1786603023.fit,633,2026-08-13T06:47:35.000Z,632.000,1566.87,160,182,70,2.436,29.47,50.82291,4.398714
2026-08-13,Running,Morning Run,"I am trying to follow the idea of running alternative days. This makes me less worry about possible injuries as my body can rest as well, and built stamina for longer runs.

Great day. :)",2026-08-13_08-37-03_hk_1786603023.fit,634,2026-08-13T06:47:36.000Z,633.000,1569.69,160,183,73,2.466,29.47,50.822928,4.398732
2026-08-13,Running,Morning Run,"I am trying to follow the idea of running alternative days. This makes me less worry about possible injuries as my body can rest as well, and built stamina for longer runs.

Great day. :)",2026-08-13_08-37-03_hk_1786603023.fit,635,2026-08-13T06:47:37.000Z,634.000,1571.67,160,183,73,2.456,29.46,50.822946,4.398768
2026-08-13,Running,Morning Run,"I am trying to follow the idea of running alternative days. This makes me less worry about possible injuries as my body can rest as well, and built stamina for longer runs.

Great day. :)",2026-08-13_08-37-03_hk_1786603023.fit,636,2026-08-13T06:47:38.000Z,635.000,1573.65,161,183,73,2.418,29.46,50.822946,4.398804
2026-08-13,Running,Morning Run,"I am trying to follow the idea of running alternative days. This makes me less worry about possible injuries as my body can rest as well, and built stamina for longer runs.

Great day. :)",2026-08-13_08-37-03_hk_1786603023.fit,637,2026-08-13T06:47:39.000Z,636.000,1575.63,161,183,77,2.398,29.46,50.822946,4.39884
2026-08-13,Running,Morning Run,"I am trying to follow the idea of running alternative days. This makes me less worry about possible injuries as my body can rest as well, and built stamina for longer runs.

Great day. :)",2026-08-13_08-37-03_hk_1786603023.fit,638,2026-08-13T06:47:40.000Z,637.000,1578.44,161,183,77,2.4,29.46,50.822946,4.398876
2026-08-13,Running,Morning Run,"I am trying to follow the idea of running alternative days. This makes me less worry about possible injuries as my body can rest as well, and built stamina for longer runs.

Great day. :)",2026-08-13_08-37-03_hk_1786603023.fit,639,2026-08-13T06:47:41.000Z,638.000,1581.24,161,178,77,2.419,29.46,50.822946,4.398894
2026-08-13,Running,Morning Run,"I am trying to follow the idea of running alternative days. This makes me less worry about possible injuries as my body can rest as well, and built stamina for longer runs.

Great day. :)",2026-08-13_08-37-03_hk_1786603023.fit,640,2026-08-13T06:47:42.000Z,639.000,1583.13,160,178,78,2.395,29.46,50.822964,4.39893
2026-08-13,Running,Morning Run,"I am trying to follow the idea of running alternative days. This makes me less worry about possible injuries as my body can rest as well, and built stamina for longer runs.

Great day. :)",2026-08-13_08-37-03_hk_1786603023.fit,641,2026-08-13T06:47:43.000Z,640.000,1585.02,160,178,78,2.388,29.46,50.822964,4.398948
2026-08-13,Running,Morning Run,"I am trying to follow the idea of running alternative days. This makes me less worry about possible injuries as my body can rest as well, and built stamina for longer runs.

Great day. :)",2026-08-13_08-37-03_hk_1786603023.fit,642,2026-08-13T06:47:44.000Z,641.000,1586.91,160,179,78,2.381,29.46,50.822982,4.398966
2026-08-13,Running,Morning Run,"I am trying to follow the idea of running alternative days. This makes me less worry about possible injuries as my body can rest as well, and built stamina for longer runs.

Great day. :)",2026-08-13_08-37-03_hk_1786603023.fit,643,2026-08-13T06:47:45.000Z,642.000,1588.97,160,179,78,2.383,29.45,50.822982,4.399002
2026-08-13,Running,Morning Run,"I am trying to follow the idea of running alternative days. This makes me less worry about possible injuries as my body can rest as well, and built stamina for longer runs.

Great day. :)",2026-08-13_08-37-03_hk_1786603023.fit,644,2026-08-13T06:47:46.000Z,643.000,1591.04,160,179,78,2.369,29.45,50.823,4.39902
2026-08-13,Running,Morning Run,"I am trying to follow the idea of running alternative days. This makes me less worry about possible injuries as my body can rest as well, and built stamina for longer runs.

Great day. :)",2026-08-13_08-37-03_hk_1786603023.fit,645,2026-08-13T06:47:47.000Z,644.000,1593.1,160,179,78,2.349,29.45,50.823018,4.399038
2026-08-13,Running,Morning Run,"I am trying to follow the idea of running alternative days. This makes me less worry about possible injuries as my body can rest as well, and built stamina for longer runs.

Great day. :)",2026-08-13_08-37-03_hk_1786603023.fit,646,2026-08-13T06:47:48.000Z,645.000,1596.21,160,179,77,2.378,29.45,50.823036,4.399056
2026-08-13,Running,Morning Run,"I am trying to follow the idea of running alternative days. This makes me less worry about possible injuries as my body can rest as well, and built stamina for longer runs.

Great day. :)",2026-08-13_08-37-03_hk_1786603023.fit,647,2026-08-13T06:47:49.000Z,646.000,1599.32,160,182,77,2.394,29.45,50.823054,4.399074
2026-08-13,Running,Morning Run,"I am trying to follow the idea of running alternative days. This makes me less worry about possible injuries as my body can rest as well, and built stamina for longer runs.

Great day. :)",2026-08-13_08-37-03_hk_1786603023.fit,648,2026-08-13T06:47:50.000Z,647.000,1602.95,160,182,77,2.444,29.45,50.823072,4.39911
2026-08-13,Running,Morning Run,"I am trying to follow the idea of running alternative days. This makes me less worry about possible injuries as my body can rest as well, and built stamina for longer runs.

Great day. :)",2026-08-13_08-37-03_hk_1786603023.fit,649,2026-08-13T06:47:51.000Z,648.000,1606.58,161,182,76,2.522,29.45,50.82309,4.399128
2026-08-13,Running,Morning Run,"I am trying to follow the idea of running alternative days. This makes me less worry about possible injuries as my body can rest as well, and built stamina for longer runs.

Great day. :)",2026-08-13_08-37-03_hk_1786603023.fit,650,2026-08-13T06:47:52.000Z,649.000,1610.21,161,193,76,2.571,29.44,50.823108,4.399146
2026-08-13,Running,Morning Run,"I am trying to follow the idea of running alternative days. This makes me less worry about possible injuries as my body can rest as well, and built stamina for longer runs.

Great day. :)",2026-08-13_08-37-03_hk_1786603023.fit,651,2026-08-13T06:47:53.000Z,650.000,1613.87,161,193,76,2.623,29.44,50.823144,4.399164
2026-08-13,Running,Morning Run,"I am trying to follow the idea of running alternative days. This makes me less worry about possible injuries as my body can rest as well, and built stamina for longer runs.

Great day. :)",2026-08-13_08-37-03_hk_1786603023.fit,652,2026-08-13T06:47:54.000Z,651.000,1617.53,161,196,76,2.666,29.44,50.823162,4.399182
2026-08-13,Running,Morning Run,"I am trying to follow the idea of running alternative days. This makes me less worry about possible injuries as my body can rest as well, and built stamina for longer runs.

Great day. :)",2026-08-13_08-37-03_hk_1786603023.fit,653,2026-08-13T06:47:55.000Z,652.000,1619.65,161,196,76,2.639,29.44,50.82318,4.3992
2026-08-13,Running,Morning Run,"I am trying to follow the idea of running alternative days. This makes me less worry about possible injuries as my body can rest as well, and built stamina for longer runs.

Great day. :)",2026-08-13_08-37-03_hk_1786603023.fit,654,2026-08-13T06:47:56.000Z,653.000,1621.76,161,196,76,2.637,29.44,50.823198,4.399236
2026-08-13,Running,Morning Run,"I am trying to follow the idea of running alternative days. This makes me less worry about possible injuries as my body can rest as well, and built stamina for longer runs.

Great day. :)",2026-08-13_08-37-03_hk_1786603023.fit,655,2026-08-13T06:47:57.000Z,654.000,1623.88,161,195,77,2.644,29.44,50.823198,4.399254
2026-08-13,Running,Morning Run,"I am trying to follow the idea of running alternative days. This makes me less worry about possible injuries as my body can rest as well, and built stamina for longer runs.

Great day. :)",2026-08-13_08-37-03_hk_1786603023.fit,656,2026-08-13T06:47:58.000Z,655.000,1627.03,161,195,77,2.705,29.44,50.823216,4.39929
2026-08-13,Running,Morning Run,"I am trying to follow the idea of running alternative days. This makes me less worry about possible injuries as my body can rest as well, and built stamina for longer runs.

Great day. :)",2026-08-13_08-37-03_hk_1786603023.fit,657,2026-08-13T06:47:59.000Z,656.000,1630.17,161,194,77,2.723,29.44,50.823216,4.399326
2026-08-13,Running,Morning Run,"I am trying to follow the idea of running alternative days. This makes me less worry about possible injuries as my body can rest as well, and built stamina for longer runs.

Great day. :)",2026-08-13_08-37-03_hk_1786603023.fit,658,2026-08-13T06:48:00.000Z,657.000,1631.48,161,194,78,2.644,29.43,50.823234,4.399344
2026-08-13,Running,Morning Run,"I am trying to follow the idea of running alternative days. This makes me less worry about possible injuries as my body can rest as well, and built stamina for longer runs.

Great day. :)",2026-08-13_08-37-03_hk_1786603023.fit,659,2026-08-13T06:48:01.000Z,658.000,1632.79,161,194,78,2.577,29.43,50.823234,4.39938
2026-08-13,Running,Morning Run,"I am trying to follow the idea of running alternative days. This makes me less worry about possible injuries as my body can rest as well, and built stamina for longer runs.

Great day. :)",2026-08-13_08-37-03_hk_1786603023.fit,660,2026-08-13T06:48:02.000Z,659.000,1634.1,161,188,78,2.549,29.43,50.823216,4.399416
2026-08-13,Running,Morning Run,"I am trying to follow the idea of running alternative days. This makes me less worry about possible injuries as my body can rest as well, and built stamina for longer runs.

Great day. :)",2026-08-13_08-37-03_hk_1786603023.fit,661,2026-08-13T06:48:03.000Z,660.000,1637.87,161,188,78,2.682,29.43,50.823198,4.399434
2026-08-13,Running,Morning Run,"I am trying to follow the idea of running alternative days. This makes me less worry about possible injuries as my body can rest as well, and built stamina for longer runs.

Great day. :)",2026-08-13_08-37-03_hk_1786603023.fit,662,2026-08-13T06:48:04.000Z,661.000,1641.64,161,190,78,2.811,29.43,50.823198,4.39947
2026-08-13,Running,Morning Run,"I am trying to follow the idea of running alternative days. This makes me less worry about possible injuries as my body can rest as well, and built stamina for longer runs.

Great day. :)",2026-08-13_08-37-03_hk_1786603023.fit,663,2026-08-13T06:48:05.000Z,662.000,1643.46,161,190,78,2.797,29.43,50.82318,4.399488
2026-08-13,Running,Morning Run,"I am trying to follow the idea of running alternative days. This makes me less worry about possible injuries as my body can rest as well, and built stamina for longer runs.

Great day. :)",2026-08-13_08-37-03_hk_1786603023.fit,664,2026-08-13T06:48:06.000Z,663.000,1645.28,162,190,77,2.746,29.43,50.823162,4.399506
2026-08-13,Running,Morning Run,"I am trying to follow the idea of running alternative days. This makes me less worry about possible injuries as my body can rest as well, and built stamina for longer runs.

Great day. :)",2026-08-13_08-37-03_hk_1786603023.fit,665,2026-08-13T06:48:07.000Z,664.000,1647.09,162,188,77,2.678,29.43,50.823144,4.399542
2026-08-13,Running,Morning Run,"I am trying to follow the idea of running alternative days. This makes me less worry about possible injuries as my body can rest as well, and built stamina for longer runs.

Great day. :)",2026-08-13_08-37-03_hk_1786603023.fit,666,2026-08-13T06:48:08.000Z,665.000,1649.74,162,188,77,2.654,29.43,50.823126,4.39956
2026-08-13,Running,Morning Run,"I am trying to follow the idea of running alternative days. This makes me less worry about possible injuries as my body can rest as well, and built stamina for longer runs.

Great day. :)",2026-08-13_08-37-03_hk_1786603023.fit,667,2026-08-13T06:48:09.000Z,666.000,1652.39,162,188,76,2.654,29.43,50.823108,4.399596
2026-08-13,Running,Morning Run,"I am trying to follow the idea of running alternative days. This makes me less worry about possible injuries as my body can rest as well, and built stamina for longer runs.

Great day. :)",2026-08-13_08-37-03_hk_1786603023.fit,668,2026-08-13T06:48:10.000Z,667.000,1655.04,162,192,76,2.605,29.43,50.82309,4.399614
2026-08-13,Running,Morning Run,"I am trying to follow the idea of running alternative days. This makes me less worry about possible injuries as my body can rest as well, and built stamina for longer runs.

Great day. :)",2026-08-13_08-37-03_hk_1786603023.fit,669,2026-08-13T06:48:11.000Z,668.000,1658.8,162,192,76,2.611,29.43,50.823072,4.399632
2026-08-13,Running,Morning Run,"I am trying to follow the idea of running alternative days. This makes me less worry about possible injuries as my body can rest as well, and built stamina for longer runs.

Great day. :)",2026-08-13_08-37-03_hk_1786603023.fit,670,2026-08-13T06:48:12.000Z,669.000,1662.56,162,194,79,2.618,29.44,50.823054,4.399668
2026-08-13,Running,Morning Run,"I am trying to follow the idea of running alternative days. This makes me less worry about possible injuries as my body can rest as well, and built stamina for longer runs.

Great day. :)",2026-08-13_08-37-03_hk_1786603023.fit,671,2026-08-13T06:48:13.000Z,670.000,1664.55,162,194,79,2.534,29.44,50.823036,4.399686
2026-08-13,Running,Morning Run,"I am trying to follow the idea of running alternative days. This makes me less worry about possible injuries as my body can rest as well, and built stamina for longer runs.

Great day. :)",2026-08-13_08-37-03_hk_1786603023.fit,672,2026-08-13T06:48:14.000Z,671.000,1666.54,162,194,79,2.508,29.44,50.823018,4.399722
2026-08-13,Running,Morning Run,"I am trying to follow the idea of running alternative days. This makes me less worry about possible injuries as my body can rest as well, and built stamina for longer runs.

Great day. :)",2026-08-13_08-37-03_hk_1786603023.fit,673,2026-08-13T06:48:15.000Z,672.000,1668.53,162,194,77,2.428,29.44,50.823,4.39974
2026-08-13,Running,Morning Run,"I am trying to follow the idea of running alternative days. This makes me less worry about possible injuries as my body can rest as well, and built stamina for longer runs.

Great day. :)",2026-08-13_08-37-03_hk_1786603023.fit,674,2026-08-13T06:48:16.000Z,673.000,1671.75,162,194,77,2.481,29.44,50.822982,4.399758
2026-08-13,Running,Morning Run,"I am trying to follow the idea of running alternative days. This makes me less worry about possible injuries as my body can rest as well, and built stamina for longer runs.

Great day. :)",2026-08-13_08-37-03_hk_1786603023.fit,675,2026-08-13T06:48:17.000Z,674.000,1674.98,162,192,77,2.555,29.45,50.822964,4.399776
2026-08-13,Running,Morning Run,"I am trying to follow the idea of running alternative days. This makes me less worry about possible injuries as my body can rest as well, and built stamina for longer runs.

Great day. :)",2026-08-13_08-37-03_hk_1786603023.fit,676,2026-08-13T06:48:18.000Z,675.000,1676.95,161,192,79,2.527,29.45,50.822946,4.399794
2026-08-13,Running,Morning Run,"I am trying to follow the idea of running alternative days. This makes me less worry about possible injuries as my body can rest as well, and built stamina for longer runs.

Great day. :)",2026-08-13_08-37-03_hk_1786603023.fit,677,2026-08-13T06:48:19.000Z,676.000,1678.91,161,192,79,2.471,29.45,50.822928,4.399812
2026-08-13,Running,Morning Run,"I am trying to follow the idea of running alternative days. This makes me less worry about possible injuries as my body can rest as well, and built stamina for longer runs.

Great day. :)",2026-08-13_08-37-03_hk_1786603023.fit,678,2026-08-13T06:48:20.000Z,677.000,1680.88,161,191,79,2.415,29.45,50.82291,4.399848
2026-08-13,Running,Morning Run,"I am trying to follow the idea of running alternative days. This makes me less worry about possible injuries as my body can rest as well, and built stamina for longer runs.

Great day. :)",2026-08-13_08-37-03_hk_1786603023.fit,679,2026-08-13T06:48:21.000Z,678.000,1683.77,161,191,78,2.549,29.45,50.822892,4.399866
2026-08-13,Running,Morning Run,"I am trying to follow the idea of running alternative days. This makes me less worry about possible injuries as my body can rest as well, and built stamina for longer runs.

Great day. :)",2026-08-13_08-37-03_hk_1786603023.fit,680,2026-08-13T06:48:22.000Z,679.000,1686.66,161,191,78,2.628,29.46,50.822874,4.399884
2026-08-13,Running,Morning Run,"I am trying to follow the idea of running alternative days. This makes me less worry about possible injuries as my body can rest as well, and built stamina for longer runs.

Great day. :)",2026-08-13_08-37-03_hk_1786603023.fit,681,2026-08-13T06:48:23.000Z,680.000,1688.92,161,191,78,2.552,29.46,50.822856,4.39992
2026-08-13,Running,Morning Run,"I am trying to follow the idea of running alternative days. This makes me less worry about possible injuries as my body can rest as well, and built stamina for longer runs.

Great day. :)",2026-08-13_08-37-03_hk_1786603023.fit,682,2026-08-13T06:48:24.000Z,681.000,1691.18,161,191,78,2.538,29.46,50.822838,4.399938
2026-08-13,Running,Morning Run,"I am trying to follow the idea of running alternative days. This makes me less worry about possible injuries as my body can rest as well, and built stamina for longer runs.

Great day. :)",2026-08-13_08-37-03_hk_1786603023.fit,683,2026-08-13T06:48:25.000Z,682.000,1693.44,161,191,78,2.467,29.47,50.82282,4.399974
2026-08-13,Running,Morning Run,"I am trying to follow the idea of running alternative days. This makes me less worry about possible injuries as my body can rest as well, and built stamina for longer runs.

Great day. :)",2026-08-13_08-37-03_hk_1786603023.fit,684,2026-08-13T06:48:26.000Z,683.000,1696.85,161,191,78,2.579,29.47,50.82282,4.399992
2026-08-13,Running,Morning Run,"I am trying to follow the idea of running alternative days. This makes me less worry about possible injuries as my body can rest as well, and built stamina for longer runs.

Great day. :)",2026-08-13_08-37-03_hk_1786603023.fit,685,2026-08-13T06:48:27.000Z,684.000,1700.26,161,190,79,2.659,29.47,50.822802,4.400028
2026-08-13,Running,Morning Run,"I am trying to follow the idea of running alternative days. This makes me less worry about possible injuries as my body can rest as well, and built stamina for longer runs.

Great day. :)",2026-08-13_08-37-03_hk_1786603023.fit,686,2026-08-13T06:48:28.000Z,685.000,1701.98,161,190,79,2.612,29.48,50.822784,4.400046
2026-08-13,Running,Morning Run,"I am trying to follow the idea of running alternative days. This makes me less worry about possible injuries as my body can rest as well, and built stamina for longer runs.

Great day. :)",2026-08-13_08-37-03_hk_1786603023.fit,687,2026-08-13T06:48:29.000Z,686.000,1703.71,161,190,79,2.566,29.48,50.822766,4.400064
2026-08-13,Running,Morning Run,"I am trying to follow the idea of running alternative days. This makes me less worry about possible injuries as my body can rest as well, and built stamina for longer runs.

Great day. :)",2026-08-13_08-37-03_hk_1786603023.fit,688,2026-08-13T06:48:30.000Z,687.000,1705.43,161,190,76,2.52,29.48,50.822748,4.4001
2026-08-13,Running,Morning Run,"I am trying to follow the idea of running alternative days. This makes me less worry about possible injuries as my body can rest as well, and built stamina for longer runs.

Great day. :)",2026-08-13_08-37-03_hk_1786603023.fit,689,2026-08-13T06:48:31.000Z,688.000,1707.41,161,190,76,2.494,29.49,50.82273,4.400118
2026-08-13,Running,Morning Run,"I am trying to follow the idea of running alternative days. This makes me less worry about possible injuries as my body can rest as well, and built stamina for longer runs.

Great day. :)",2026-08-13_08-37-03_hk_1786603023.fit,690,2026-08-13T06:48:32.000Z,689.000,1709.38,161,190,76,2.409,29.49,50.822712,4.400136
2026-08-13,Running,Morning Run,"I am trying to follow the idea of running alternative days. This makes me less worry about possible injuries as my body can rest as well, and built stamina for longer runs.

Great day. :)",2026-08-13_08-37-03_hk_1786603023.fit,691,2026-08-13T06:48:33.000Z,690.000,1711.36,160,188,79,2.389,29.49,50.822694,4.400154
2026-08-13,Running,Morning Run,"I am trying to follow the idea of running alternative days. This makes me less worry about possible injuries as my body can rest as well, and built stamina for longer runs.

Great day. :)",2026-08-13_08-37-03_hk_1786603023.fit,692,2026-08-13T06:48:34.000Z,691.000,1714.79,159,188,79,2.392,29.5,50.822694,4.40019
2026-08-13,Running,Morning Run,"I am trying to follow the idea of running alternative days. This makes me less worry about possible injuries as my body can rest as well, and built stamina for longer runs.

Great day. :)",2026-08-13_08-37-03_hk_1786603023.fit,693,2026-08-13T06:48:35.000Z,692.000,1718.22,159,188,79,2.461,29.5,50.822676,4.400208
2026-08-13,Running,Morning Run,"I am trying to follow the idea of running alternative days. This makes me less worry about possible injuries as my body can rest as well, and built stamina for longer runs.

Great day. :)",2026-08-13_08-37-03_hk_1786603023.fit,694,2026-08-13T06:48:36.000Z,693.000,1719.93,159,188,78,2.448,29.5,50.822658,4.400226
2026-08-13,Running,Morning Run,"I am trying to follow the idea of running alternative days. This makes me less worry about possible injuries as my body can rest as well, and built stamina for longer runs.

Great day. :)",2026-08-13_08-37-03_hk_1786603023.fit,695,2026-08-13T06:48:37.000Z,694.000,1721.65,159,188,78,2.415,29.5,50.82264,4.400262
2026-08-13,Running,Morning Run,"I am trying to follow the idea of running alternative days. This makes me less worry about possible injuries as my body can rest as well, and built stamina for longer runs.

Great day. :)",2026-08-13_08-37-03_hk_1786603023.fit,696,2026-08-13T06:48:38.000Z,695.000,1723.36,159,187,78,2.346,29.5,50.822622,4.40028
2026-08-13,Running,Morning Run,"I am trying to follow the idea of running alternative days. This makes me less worry about possible injuries as my body can rest as well, and built stamina for longer runs.

Great day. :)",2026-08-13_08-37-03_hk_1786603023.fit,697,2026-08-13T06:48:39.000Z,696.000,1726.57,159,187,78,2.345,29.51,50.822622,4.400298
2026-08-13,Running,Morning Run,"I am trying to follow the idea of running alternative days. This makes me less worry about possible injuries as my body can rest as well, and built stamina for longer runs.

Great day. :)",2026-08-13_08-37-03_hk_1786603023.fit,698,2026-08-13T06:48:40.000Z,697.000,1729.78,159,184,78,2.422,29.51,50.822604,4.400316
2026-08-13,Running,Morning Run,"I am trying to follow the idea of running alternative days. This makes me less worry about possible injuries as my body can rest as well, and built stamina for longer runs.

Great day. :)",2026-08-13_08-37-03_hk_1786603023.fit,699,2026-08-13T06:48:41.000Z,698.000,1731.82,159,184,78,2.426,29.51,50.822586,4.400352
2026-08-13,Running,Morning Run,"I am trying to follow the idea of running alternative days. This makes me less worry about possible injuries as my body can rest as well, and built stamina for longer runs.

Great day. :)",2026-08-13_08-37-03_hk_1786603023.fit,700,2026-08-13T06:48:42.000Z,699.000,1733.86,159,184,79,2.385,29.51,50.822568,4.40037
2026-08-13,Running,Morning Run,"I am trying to follow the idea of running alternative days. This makes me less worry about possible injuries as my body can rest as well, and built stamina for longer runs.

Great day. :)",2026-08-13_08-37-03_hk_1786603023.fit,701,2026-08-13T06:48:43.000Z,700.000,1735.9,158,184,79,2.37,29.52,50.82255,4.400388
2026-08-13,Running,Morning Run,"I am trying to follow the idea of running alternative days. This makes me less worry about possible injuries as my body can rest as well, and built stamina for longer runs.

Great day. :)",2026-08-13_08-37-03_hk_1786603023.fit,702,2026-08-13T06:48:44.000Z,701.000,1738.63,158,184,79,2.362,29.52,50.822532,4.400406
2026-08-13,Running,Morning Run,"I am trying to follow the idea of running alternative days. This makes me less worry about possible injuries as my body can rest as well, and built stamina for longer runs.

Great day. :)",2026-08-13_08-37-03_hk_1786603023.fit,703,2026-08-13T06:48:45.000Z,702.000,1741.37,158,184,76,2.39,29.52,50.822514,4.400442
2026-08-13,Running,Morning Run,"I am trying to follow the idea of running alternative days. This makes me less worry about possible injuries as my body can rest as well, and built stamina for longer runs.

Great day. :)",2026-08-13_08-37-03_hk_1786603023.fit,704,2026-08-13T06:48:46.000Z,703.000,1743.45,158,184,76,2.381,29.52,50.822496,4.40046
2026-08-13,Running,Morning Run,"I am trying to follow the idea of running alternative days. This makes me less worry about possible injuries as my body can rest as well, and built stamina for longer runs.

Great day. :)",2026-08-13_08-37-03_hk_1786603023.fit,705,2026-08-13T06:48:47.000Z,704.000,1745.52,158,184,76,2.368,29.53,50.822496,4.400496
2026-08-13,Running,Morning Run,"I am trying to follow the idea of running alternative days. This makes me less worry about possible injuries as my body can rest as well, and built stamina for longer runs.

Great day. :)",2026-08-13_08-37-03_hk_1786603023.fit,706,2026-08-13T06:48:48.000Z,705.000,1747.6,159,184,79,2.307,29.53,50.822478,4.400514
2026-08-13,Running,Morning Run,"I am trying to follow the idea of running alternative days. This makes me less worry about possible injuries as my body can rest as well, and built stamina for longer runs.

Great day. :)",2026-08-13_08-37-03_hk_1786603023.fit,707,2026-08-13T06:48:49.000Z,706.000,1749.71,159,184,79,2.298,29.53,50.82246,4.400532
2026-08-13,Running,Morning Run,"I am trying to follow the idea of running alternative days. This makes me less worry about possible injuries as my body can rest as well, and built stamina for longer runs.

Great day. :)",2026-08-13_08-37-03_hk_1786603023.fit,708,2026-08-13T06:48:50.000Z,707.000,1751.82,159,184,79,2.242,29.54,50.822442,4.400568
2026-08-13,Running,Morning Run,"I am trying to follow the idea of running alternative days. This makes me less worry about possible injuries as my body can rest as well, and built stamina for longer runs.

Great day. :)",2026-08-13_08-37-03_hk_1786603023.fit,709,2026-08-13T06:48:51.000Z,708.000,1753.93,159,186,76,2.283,29.54,50.822424,4.400586
2026-08-13,Running,Morning Run,"I am trying to follow the idea of running alternative days. This makes me less worry about possible injuries as my body can rest as well, and built stamina for longer runs.

Great day. :)",2026-08-13_08-37-03_hk_1786603023.fit,710,2026-08-13T06:48:52.000Z,709.000,1757.98,159,186,76,2.408,29.54,50.822406,4.400622
2026-08-13,Running,Morning Run,"I am trying to follow the idea of running alternative days. This makes me less worry about possible injuries as my body can rest as well, and built stamina for longer runs.

Great day. :)",2026-08-13_08-37-03_hk_1786603023.fit,711,2026-08-13T06:48:53.000Z,710.000,1762.02,159,190,76,2.533,29.54,50.822388,4.40064
2026-08-13,Running,Morning Run,"I am trying to follow the idea of running alternative days. This makes me less worry about possible injuries as my body can rest as well, and built stamina for longer runs.

Great day. :)",2026-08-13_08-37-03_hk_1786603023.fit,712,2026-08-13T06:48:54.000Z,711.000,1764.4,159,190,77,2.526,29.55,50.822388,4.400676
2026-08-13,Running,Morning Run,"I am trying to follow the idea of running alternative days. This makes me less worry about possible injuries as my body can rest as well, and built stamina for longer runs.

Great day. :)",2026-08-13_08-37-03_hk_1786603023.fit,713,2026-08-13T06:48:55.000Z,712.000,1766.78,159,190,77,2.476,29.55,50.82237,4.400694
2026-08-13,Running,Morning Run,"I am trying to follow the idea of running alternative days. This makes me less worry about possible injuries as my body can rest as well, and built stamina for longer runs.

Great day. :)",2026-08-13_08-37-03_hk_1786603023.fit,714,2026-08-13T06:48:56.000Z,713.000,1769.15,159,191,77,2.425,29.55,50.822352,4.40073
2026-08-13,Running,Morning Run,"I am trying to follow the idea of running alternative days. This makes me less worry about possible injuries as my body can rest as well, and built stamina for longer runs.

Great day. :)",2026-08-13_08-37-03_hk_1786603023.fit,715,2026-08-13T06:48:57.000Z,714.000,1771.46,160,191,77,2.454,29.56,50.822334,4.400748
2026-08-13,Running,Morning Run,"I am trying to follow the idea of running alternative days. This makes me less worry about possible injuries as my body can rest as well, and built stamina for longer runs.

Great day. :)",2026-08-13_08-37-03_hk_1786603023.fit,716,2026-08-13T06:48:58.000Z,715.000,1773.76,160,189,77,2.52,29.56,50.822316,4.400784
2026-08-13,Running,Morning Run,"I am trying to follow the idea of running alternative days. This makes me less worry about possible injuries as my body can rest as well, and built stamina for longer runs.

Great day. :)",2026-08-13_08-37-03_hk_1786603023.fit,717,2026-08-13T06:48:59.000Z,716.000,1775.9,160,189,77,2.502,29.56,50.822316,4.400802
2026-08-13,Running,Morning Run,"I am trying to follow the idea of running alternative days. This makes me less worry about possible injuries as my body can rest as well, and built stamina for longer runs.

Great day. :)",2026-08-13_08-37-03_hk_1786603023.fit,718,2026-08-13T06:49:00.000Z,717.000,1778.04,160,189,78,2.451,29.57,50.822298,4.40082
2026-08-13,Running,Morning Run,"I am trying to follow the idea of running alternative days. This makes me less worry about possible injuries as my body can rest as well, and built stamina for longer runs.

Great day. :)",2026-08-13_08-37-03_hk_1786603023.fit,719,2026-08-13T06:49:01.000Z,718.000,1780.17,160,195,78,2.4,29.57,50.82228,4.400856
2026-08-13,Running,Morning Run,"I am trying to follow the idea of running alternative days. This makes me less worry about possible injuries as my body can rest as well, and built stamina for longer runs.

Great day. :)",2026-08-13_08-37-03_hk_1786603023.fit,720,2026-08-13T06:49:02.000Z,719.000,1783.54,160,195,78,2.463,29.57,50.822262,4.400874
2026-08-13,Running,Morning Run,"I am trying to follow the idea of running alternative days. This makes me less worry about possible injuries as my body can rest as well, and built stamina for longer runs.

Great day. :)",2026-08-13_08-37-03_hk_1786603023.fit,721,2026-08-13T06:49:03.000Z,720.000,1786.91,160,196,79,2.55,29.58,50.822262,4.40091
2026-08-13,Running,Morning Run,"I am trying to follow the idea of running alternative days. This makes me less worry about possible injuries as my body can rest as well, and built stamina for longer runs.

Great day. :)",2026-08-13_08-37-03_hk_1786603023.fit,722,2026-08-13T06:49:04.000Z,721.000,1788.9,160,196,79,2.513,29.58,50.822244,4.400928
2026-08-13,Running,Morning Run,"I am trying to follow the idea of running alternative days. This makes me less worry about possible injuries as my body can rest as well, and built stamina for longer runs.

Great day. :)",2026-08-13_08-37-03_hk_1786603023.fit,723,2026-08-13T06:49:05.000Z,722.000,1790.9,160,196,79,2.489,29.58,50.822226,4.400964
2026-08-13,Running,Morning Run,"I am trying to follow the idea of running alternative days. This makes me less worry about possible injuries as my body can rest as well, and built stamina for longer runs.

Great day. :)",2026-08-13_08-37-03_hk_1786603023.fit,724,2026-08-13T06:49:06.000Z,723.000,1792.89,162,196,76,2.453,29.58,50.822208,4.400982
2026-08-13,Running,Morning Run,"I am trying to follow the idea of running alternative days. This makes me less worry about possible injuries as my body can rest as well, and built stamina for longer runs.

Great day. :)",2026-08-13_08-37-03_hk_1786603023.fit,725,2026-08-13T06:49:07.000Z,724.000,1796.13,162,196,76,2.53,29.58,50.822208,4.401018
2026-08-13,Running,Morning Run,"I am trying to follow the idea of running alternative days. This makes me less worry about possible injuries as my body can rest as well, and built stamina for longer runs.

Great day. :)",2026-08-13_08-37-03_hk_1786603023.fit,726,2026-08-13T06:49:08.000Z,725.000,1799.36,162,197,76,2.588,29.59,50.82219,4.401036
2026-08-13,Running,Morning Run,"I am trying to follow the idea of running alternative days. This makes me less worry about possible injuries as my body can rest as well, and built stamina for longer runs.

Great day. :)",2026-08-13_08-37-03_hk_1786603023.fit,727,2026-08-13T06:49:09.000Z,726.000,1801.43,162,197,79,2.586,29.59,50.822172,4.401054
2026-08-13,Running,Morning Run,"I am trying to follow the idea of running alternative days. This makes me less worry about possible injuries as my body can rest as well, and built stamina for longer runs.

Great day. :)",2026-08-13_08-37-03_hk_1786603023.fit,728,2026-08-13T06:49:10.000Z,727.000,1803.5,162,197,79,2.584,29.59,50.822154,4.40109
2026-08-13,Running,Morning Run,"I am trying to follow the idea of running alternative days. This makes me less worry about possible injuries as my body can rest as well, and built stamina for longer runs.

Great day. :)",2026-08-13_08-37-03_hk_1786603023.fit,729,2026-08-13T06:49:11.000Z,728.000,1805.57,162,197,79,2.582,29.59,50.822136,4.401108
2026-08-13,Running,Morning Run,"I am trying to follow the idea of running alternative days. This makes me less worry about possible injuries as my body can rest as well, and built stamina for longer runs.

Great day. :)",2026-08-13_08-37-03_hk_1786603023.fit,730,2026-08-13T06:49:12.000Z,729.000,1807.69,162,197,78,2.56,29.59,50.822118,4.401126
2026-08-13,Running,Morning Run,"I am trying to follow the idea of running alternative days. This makes me less worry about possible injuries as my body can rest as well, and built stamina for longer runs.

Great day. :)",2026-08-13_08-37-03_hk_1786603023.fit,731,2026-08-13T06:49:13.000Z,730.000,1809.8,163,197,78,2.468,29.59,50.8221,4.401144
2026-08-13,Running,Morning Run,"I am trying to follow the idea of running alternative days. This makes me less worry about possible injuries as my body can rest as well, and built stamina for longer runs.

Great day. :)",2026-08-13_08-37-03_hk_1786603023.fit,732,2026-08-13T06:49:14.000Z,731.000,1811.92,163,199,78,2.452,29.59,50.822082,4.40118
2026-08-13,Running,Morning Run,"I am trying to follow the idea of running alternative days. This makes me less worry about possible injuries as my body can rest as well, and built stamina for longer runs.

Great day. :)",2026-08-13_08-37-03_hk_1786603023.fit,733,2026-08-13T06:49:15.000Z,732.000,1814.97,163,199,78,2.408,29.59,50.822064,4.401198
2026-08-13,Running,Morning Run,"I am trying to follow the idea of running alternative days. This makes me less worry about possible injuries as my body can rest as well, and built stamina for longer runs.

Great day. :)",2026-08-13_08-37-03_hk_1786603023.fit,734,2026-08-13T06:49:16.000Z,733.000,1818.02,163,198,78,2.44,29.59,50.822046,4.401216
2026-08-13,Running,Morning Run,"I am trying to follow the idea of running alternative days. This makes me less worry about possible injuries as my body can rest as well, and built stamina for longer runs.

Great day. :)",2026-08-13_08-37-03_hk_1786603023.fit,735,2026-08-13T06:49:17.000Z,734.000,1820.17,163,198,78,2.429,29.59,50.822028,4.401252
2026-08-13,Running,Morning Run,"I am trying to follow the idea of running alternative days. This makes me less worry about possible injuries as my body can rest as well, and built stamina for longer runs.

Great day. :)",2026-08-13_08-37-03_hk_1786603023.fit,736,2026-08-13T06:49:18.000Z,735.000,1822.32,163,198,77,2.422,29.6,50.822028,4.40127
2026-08-13,Running,Morning Run,"I am trying to follow the idea of running alternative days. This makes me less worry about possible injuries as my body can rest as well, and built stamina for longer runs.

Great day. :)",2026-08-13_08-37-03_hk_1786603023.fit,737,2026-08-13T06:49:19.000Z,736.000,1824.47,163,198,77,2.415,29.6,50.82201,4.401288
2026-08-13,Running,Morning Run,"I am trying to follow the idea of running alternative days. This makes me less worry about possible injuries as my body can rest as well, and built stamina for longer runs.

Great day. :)",2026-08-13_08-37-03_hk_1786603023.fit,738,2026-08-13T06:49:20.000Z,737.000,1828.31,163,198,77,2.514,29.6,50.821992,4.401306
2026-08-13,Running,Morning Run,"I am trying to follow the idea of running alternative days. This makes me less worry about possible injuries as my body can rest as well, and built stamina for longer runs.

Great day. :)",2026-08-13_08-37-03_hk_1786603023.fit,739,2026-08-13T06:49:21.000Z,738.000,1832.15,164,202,76,2.599,29.61,50.821974,4.401342
2026-08-13,Running,Morning Run,"I am trying to follow the idea of running alternative days. This makes me less worry about possible injuries as my body can rest as well, and built stamina for longer runs.

Great day. :)",2026-08-13_08-37-03_hk_1786603023.fit,740,2026-08-13T06:49:22.000Z,739.000,1834.31,164,202,76,2.539,29.61,50.821956,4.40136
2026-08-13,Running,Morning Run,"I am trying to follow the idea of running alternative days. This makes me less worry about possible injuries as my body can rest as well, and built stamina for longer runs.

Great day. :)",2026-08-13_08-37-03_hk_1786603023.fit,741,2026-08-13T06:49:23.000Z,740.000,1836.48,164,202,76,2.521,29.61,50.821938,4.401378
2026-08-13,Running,Morning Run,"I am trying to follow the idea of running alternative days. This makes me less worry about possible injuries as my body can rest as well, and built stamina for longer runs.

Great day. :)",2026-08-13_08-37-03_hk_1786603023.fit,742,2026-08-13T06:49:24.000Z,741.000,1838.64,164,203,79,2.463,29.62,50.82192,4.401414
2026-08-13,Running,Morning Run,"I am trying to follow the idea of running alternative days. This makes me less worry about possible injuries as my body can rest as well, and built stamina for longer runs.

Great day. :)",2026-08-13_08-37-03_hk_1786603023.fit,743,2026-08-13T06:49:25.000Z,742.000,1841.8,164,203,79,2.545,29.62,50.821902,4.401432
2026-08-13,Running,Morning Run,"I am trying to follow the idea of running alternative days. This makes me less worry about possible injuries as my body can rest as well, and built stamina for longer runs.

Great day. :)",2026-08-13_08-37-03_hk_1786603023.fit,744,2026-08-13T06:49:26.000Z,743.000,1844.95,164,206,79,2.603,29.62,50.821884,4.40145
2026-08-13,Running,Morning Run,"I am trying to follow the idea of running alternative days. This makes me less worry about possible injuries as my body can rest as well, and built stamina for longer runs.

Great day. :)",2026-08-13_08-37-03_hk_1786603023.fit,745,2026-08-13T06:49:27.000Z,744.000,1847.23,164,206,77,2.555,29.63,50.821866,4.401486
2026-08-13,Running,Morning Run,"I am trying to follow the idea of running alternative days. This makes me less worry about possible injuries as my body can rest as well, and built stamina for longer runs.

Great day. :)",2026-08-13_08-37-03_hk_1786603023.fit,746,2026-08-13T06:49:28.000Z,745.000,1849.52,164,206,77,2.508,29.63,50.821848,4.401504
2026-08-13,Running,Morning Run,"I am trying to follow the idea of running alternative days. This makes me less worry about possible injuries as my body can rest as well, and built stamina for longer runs.

Great day. :)",2026-08-13_08-37-03_hk_1786603023.fit,747,2026-08-13T06:49:29.000Z,746.000,1851.8,164,207,77,2.519,29.63,50.82183,4.401522
2026-08-13,Running,Morning Run,"I am trying to follow the idea of running alternative days. This makes me less worry about possible injuries as my body can rest as well, and built stamina for longer runs.

Great day. :)",2026-08-13_08-37-03_hk_1786603023.fit,748,2026-08-13T06:49:30.000Z,747.000,1854.72,164,207,78,2.561,29.63,50.821812,4.401558
2026-08-13,Running,Morning Run,"I am trying to follow the idea of running alternative days. This makes me less worry about possible injuries as my body can rest as well, and built stamina for longer runs.

Great day. :)",2026-08-13_08-37-03_hk_1786603023.fit,749,2026-08-13T06:49:31.000Z,748.000,1857.65,164,207,78,2.604,29.64,50.821794,4.401576
2026-08-13,Running,Morning Run,"I am trying to follow the idea of running alternative days. This makes me less worry about possible injuries as my body can rest as well, and built stamina for longer runs.

Great day. :)",2026-08-13_08-37-03_hk_1786603023.fit,750,2026-08-13T06:49:32.000Z,749.000,1860.15,164,207,78,2.65,29.64,50.821776,4.401612
2026-08-13,Running,Morning Run,"I am trying to follow the idea of running alternative days. This makes me less worry about possible injuries as my body can rest as well, and built stamina for longer runs.

Great day. :)",2026-08-13_08-37-03_hk_1786603023.fit,751,2026-08-13T06:49:33.000Z,750.000,1862.65,165,207,76,2.67,29.64,50.821758,4.40163
2026-08-13,Running,Morning Run,"I am trying to follow the idea of running alternative days. This makes me less worry about possible injuries as my body can rest as well, and built stamina for longer runs.

Great day. :)",2026-08-13_08-37-03_hk_1786603023.fit,752,2026-08-13T06:49:34.000Z,751.000,1865.15,165,211,76,2.641,29.64,50.821758,4.401666
2026-08-13,Running,Morning Run,"I am trying to follow the idea of running alternative days. This makes me less worry about possible injuries as my body can rest as well, and built stamina for longer runs.

Great day. :)",2026-08-13_08-37-03_hk_1786603023.fit,753,2026-08-13T06:49:35.000Z,752.000,1867,165,211,76,2.601,29.65,50.82174,4.401684
2026-08-13,Running,Morning Run,"I am trying to follow the idea of running alternative days. This makes me less worry about possible injuries as my body can rest as well, and built stamina for longer runs.

Great day. :)",2026-08-13_08-37-03_hk_1786603023.fit,754,2026-08-13T06:49:36.000Z,753.000,1868.85,165,211,76,2.542,29.65,50.821722,4.40172
2026-08-13,Running,Morning Run,"I am trying to follow the idea of running alternative days. This makes me less worry about possible injuries as my body can rest as well, and built stamina for longer runs.

Great day. :)",2026-08-13_08-37-03_hk_1786603023.fit,755,2026-08-13T06:49:37.000Z,754.000,1870.71,165,209,76,2.527,29.65,50.821704,4.401738
2026-08-13,Running,Morning Run,"I am trying to follow the idea of running alternative days. This makes me less worry about possible injuries as my body can rest as well, and built stamina for longer runs.

Great day. :)",2026-08-13_08-37-03_hk_1786603023.fit,756,2026-08-13T06:49:38.000Z,755.000,1873.9,165,209,76,2.579,29.66,50.821686,4.401774
2026-08-13,Running,Morning Run,"I am trying to follow the idea of running alternative days. This makes me less worry about possible injuries as my body can rest as well, and built stamina for longer runs.

Great day. :)",2026-08-13_08-37-03_hk_1786603023.fit,757,2026-08-13T06:49:39.000Z,756.000,1877.09,165,208,76,2.631,29.66,50.821668,4.401792
2026-08-13,Running,Morning Run,"I am trying to follow the idea of running alternative days. This makes me less worry about possible injuries as my body can rest as well, and built stamina for longer runs.

Great day. :)",2026-08-13_08-37-03_hk_1786603023.fit,758,2026-08-13T06:49:40.000Z,757.000,1879.35,164,208,76,2.552,29.66,50.821668,4.401828
2026-08-13,Running,Morning Run,"I am trying to follow the idea of running alternative days. This makes me less worry about possible injuries as my body can rest as well, and built stamina for longer runs.

Great day. :)",2026-08-13_08-37-03_hk_1786603023.fit,759,2026-08-13T06:49:41.000Z,758.000,1881.61,164,208,76,2.538,29.66,50.82165,4.401864
2026-08-13,Running,Morning Run,"I am trying to follow the idea of running alternative days. This makes me less worry about possible injuries as my body can rest as well, and built stamina for longer runs.

Great day. :)",2026-08-13_08-37-03_hk_1786603023.fit,760,2026-08-13T06:49:42.000Z,759.000,1883.86,164,209,79,2.463,29.67,50.821632,4.401882
2026-08-13,Running,Morning Run,"I am trying to follow the idea of running alternative days. This makes me less worry about possible injuries as my body can rest as well, and built stamina for longer runs.

Great day. :)",2026-08-13_08-37-03_hk_1786603023.fit,761,2026-08-13T06:49:43.000Z,760.000,1887.05,164,209,79,2.529,29.67,50.821632,4.401918
2026-08-13,Running,Morning Run,"I am trying to follow the idea of running alternative days. This makes me less worry about possible injuries as my body can rest as well, and built stamina for longer runs.

Great day. :)",2026-08-13_08-37-03_hk_1786603023.fit,762,2026-08-13T06:49:44.000Z,761.000,1890.24,164,212,79,2.58,29.67,50.821614,4.401936
2026-08-13,Running,Morning Run,"I am trying to follow the idea of running alternative days. This makes me less worry about possible injuries as my body can rest as well, and built stamina for longer runs.

Great day. :)",2026-08-13_08-37-03_hk_1786603023.fit,763,2026-08-13T06:49:45.000Z,762.000,1892.71,164,212,77,2.546,29.68,50.821596,4.401972
2026-08-13,Running,Morning Run,"I am trying to follow the idea of running alternative days. This makes me less worry about possible injuries as my body can rest as well, and built stamina for longer runs.

Great day. :)",2026-08-13_08-37-03_hk_1786603023.fit,764,2026-08-13T06:49:46.000Z,763.000,1895.18,164,212,77,2.511,29.68,50.821578,4.402008
2026-08-13,Running,Morning Run,"I am trying to follow the idea of running alternative days. This makes me less worry about possible injuries as my body can rest as well, and built stamina for longer runs.

Great day. :)",2026-08-13_08-37-03_hk_1786603023.fit,765,2026-08-13T06:49:47.000Z,764.000,1897.65,163,215,77,2.521,29.68,50.82156,4.402026
2026-08-13,Running,Morning Run,"I am trying to follow the idea of running alternative days. This makes me less worry about possible injuries as my body can rest as well, and built stamina for longer runs.

Great day. :)",2026-08-13_08-37-03_hk_1786603023.fit,766,2026-08-13T06:49:48.000Z,765.000,1901.19,163,215,79,2.584,29.69,50.82156,4.402062
2026-08-13,Running,Morning Run,"I am trying to follow the idea of running alternative days. This makes me less worry about possible injuries as my body can rest as well, and built stamina for longer runs.

Great day. :)",2026-08-13_08-37-03_hk_1786603023.fit,767,2026-08-13T06:49:49.000Z,766.000,1904.73,163,216,79,2.632,29.69,50.821542,4.40208
2026-08-13,Running,Morning Run,"I am trying to follow the idea of running alternative days. This makes me less worry about possible injuries as my body can rest as well, and built stamina for longer runs.

Great day. :)",2026-08-13_08-37-03_hk_1786603023.fit,768,2026-08-13T06:49:50.000Z,767.000,1906.45,163,216,79,2.586,29.69,50.821524,4.402116
2026-08-13,Running,Morning Run,"I am trying to follow the idea of running alternative days. This makes me less worry about possible injuries as my body can rest as well, and built stamina for longer runs.

Great day. :)",2026-08-13_08-37-03_hk_1786603023.fit,769,2026-08-13T06:49:51.000Z,768.000,1908.18,163,216,77,2.526,29.7,50.821506,4.402134
2026-08-13,Running,Morning Run,"I am trying to follow the idea of running alternative days. This makes me less worry about possible injuries as my body can rest as well, and built stamina for longer runs.

Great day. :)",2026-08-13_08-37-03_hk_1786603023.fit,770,2026-08-13T06:49:52.000Z,769.000,1909.9,163,213,77,2.488,29.7,50.821488,4.402152
2026-08-13,Running,Morning Run,"I am trying to follow the idea of running alternative days. This makes me less worry about possible injuries as my body can rest as well, and built stamina for longer runs.

Great day. :)",2026-08-13_08-37-03_hk_1786603023.fit,771,2026-08-13T06:49:53.000Z,770.000,1912.08,163,213,77,2.473,29.7,50.82147,4.402188
2026-08-13,Running,Morning Run,"I am trying to follow the idea of running alternative days. This makes me less worry about possible injuries as my body can rest as well, and built stamina for longer runs.

Great day. :)",2026-08-13_08-37-03_hk_1786603023.fit,772,2026-08-13T06:49:54.000Z,771.000,1914.27,163,213,79,2.458,29.7,50.82147,4.402206
2026-08-13,Running,Morning Run,"I am trying to follow the idea of running alternative days. This makes me less worry about possible injuries as my body can rest as well, and built stamina for longer runs.

Great day. :)",2026-08-13_08-37-03_hk_1786603023.fit,773,2026-08-13T06:49:55.000Z,772.000,1916.45,163,214,79,2.443,29.71,50.821452,4.402242
2026-08-13,Running,Morning Run,"I am trying to follow the idea of running alternative days. This makes me less worry about possible injuries as my body can rest as well, and built stamina for longer runs.

Great day. :)",2026-08-13_08-37-03_hk_1786603023.fit,774,2026-08-13T06:49:56.000Z,773.000,1919.84,162,214,79,2.549,29.71,50.821434,4.40226
2026-08-13,Running,Morning Run,"I am trying to follow the idea of running alternative days. This makes me less worry about possible injuries as my body can rest as well, and built stamina for longer runs.

Great day. :)",2026-08-13_08-37-03_hk_1786603023.fit,775,2026-08-13T06:49:57.000Z,774.000,1923.22,162,212,79,2.626,29.71,50.821416,4.402296
2026-08-13,Running,Morning Run,"I am trying to follow the idea of running alternative days. This makes me less worry about possible injuries as my body can rest as well, and built stamina for longer runs.

Great day. :)",2026-08-13_08-37-03_hk_1786603023.fit,776,2026-08-13T06:49:58.000Z,775.000,1924.96,162,212,79,2.553,29.71,50.821398,4.402314
2026-08-13,Running,Morning Run,"I am trying to follow the idea of running alternative days. This makes me less worry about possible injuries as my body can rest as well, and built stamina for longer runs.

Great day. :)",2026-08-13_08-37-03_hk_1786603023.fit,777,2026-08-13T06:49:59.000Z,776.000,1926.7,162,212,79,2.514,29.72,50.821398,4.402332
2026-08-13,Running,Morning Run,"I am trying to follow the idea of running alternative days. This makes me less worry about possible injuries as my body can rest as well, and built stamina for longer runs.

Great day. :)",2026-08-13_08-37-03_hk_1786603023.fit,778,2026-08-13T06:50:00.000Z,777.000,1928.44,163,211,77,2.445,29.72,50.82138,4.402368
2026-08-13,Running,Morning Run,"I am trying to follow the idea of running alternative days. This makes me less worry about possible injuries as my body can rest as well, and built stamina for longer runs.

Great day. :)",2026-08-13_08-37-03_hk_1786603023.fit,779,2026-08-13T06:50:01.000Z,778.000,1931.59,163,211,77,2.487,29.72,50.821362,4.402386
2026-08-13,Running,Morning Run,"I am trying to follow the idea of running alternative days. This makes me less worry about possible injuries as my body can rest as well, and built stamina for longer runs.

Great day. :)",2026-08-13_08-37-03_hk_1786603023.fit,780,2026-08-13T06:50:02.000Z,779.000,1934.73,163,211,77,2.543,29.72,50.821344,4.402404
2026-08-13,Running,Morning Run,"I am trying to follow the idea of running alternative days. This makes me less worry about possible injuries as my body can rest as well, and built stamina for longer runs.

Great day. :)",2026-08-13_08-37-03_hk_1786603023.fit,781,2026-08-13T06:50:03.000Z,780.000,1937.29,163,211,79,2.512,29.73,50.821326,4.40244
2026-08-13,Running,Morning Run,"I am trying to follow the idea of running alternative days. This makes me less worry about possible injuries as my body can rest as well, and built stamina for longer runs.

Great day. :)",2026-08-13_08-37-03_hk_1786603023.fit,782,2026-08-13T06:50:04.000Z,781.000,1939.85,163,211,79,2.514,29.73,50.821308,4.402458
2026-08-13,Running,Morning Run,"I am trying to follow the idea of running alternative days. This makes me less worry about possible injuries as my body can rest as well, and built stamina for longer runs.

Great day. :)",2026-08-13_08-37-03_hk_1786603023.fit,783,2026-08-13T06:50:05.000Z,782.000,1942.4,163,214,79,2.484,29.73,50.82129,4.402476
2026-08-13,Running,Morning Run,"I am trying to follow the idea of running alternative days. This makes me less worry about possible injuries as my body can rest as well, and built stamina for longer runs.

Great day. :)",2026-08-13_08-37-03_hk_1786603023.fit,784,2026-08-13T06:50:06.000Z,783.000,1945.1,163,214,78,2.495,29.74,50.821272,4.402494
2026-08-13,Running,Morning Run,"I am trying to follow the idea of running alternative days. This makes me less worry about possible injuries as my body can rest as well, and built stamina for longer runs.

Great day. :)",2026-08-13_08-37-03_hk_1786603023.fit,785,2026-08-13T06:50:07.000Z,784.000,1947.79,163,213,78,2.507,29.74,50.821254,4.40253
2026-08-13,Running,Morning Run,"I am trying to follow the idea of running alternative days. This makes me less worry about possible injuries as my body can rest as well, and built stamina for longer runs.

Great day. :)",2026-08-13_08-37-03_hk_1786603023.fit,786,2026-08-13T06:50:08.000Z,785.000,1950.1,163,213,78,2.498,29.74,50.821236,4.402548
2026-08-13,Running,Morning Run,"I am trying to follow the idea of running alternative days. This makes me less worry about possible injuries as my body can rest as well, and built stamina for longer runs.

Great day. :)",2026-08-13_08-37-03_hk_1786603023.fit,787,2026-08-13T06:50:09.000Z,786.000,1952.41,167,213,78,2.439,29.75,50.821218,4.402566
2026-08-13,Running,Morning Run,"I am trying to follow the idea of running alternative days. This makes me less worry about possible injuries as my body can rest as well, and built stamina for longer runs.

Great day. :)",2026-08-13_08-37-03_hk_1786603023.fit,788,2026-08-13T06:50:10.000Z,787.000,1954.71,167,214,78,2.433,29.75,50.8212,4.402584
2026-08-13,Running,Morning Run,"I am trying to follow the idea of running alternative days. This makes me less worry about possible injuries as my body can rest as well, and built stamina for longer runs.

Great day. :)",2026-08-13_08-37-03_hk_1786603023.fit,789,2026-08-13T06:50:11.000Z,788.000,1957.97,167,214,78,2.453,29.75,50.821182,4.402602
2026-08-13,Running,Morning Run,"I am trying to follow the idea of running alternative days. This makes me less worry about possible injuries as my body can rest as well, and built stamina for longer runs.

Great day. :)",2026-08-13_08-37-03_hk_1786603023.fit,790,2026-08-13T06:50:12.000Z,789.000,1961.23,167,215,79,2.566,29.76,50.821164,4.40262
2026-08-13,Running,Morning Run,"I am trying to follow the idea of running alternative days. This makes me less worry about possible injuries as my body can rest as well, and built stamina for longer runs.

Great day. :)",2026-08-13_08-37-03_hk_1786603023.fit,791,2026-08-13T06:50:13.000Z,790.000,1963.31,167,215,79,2.561,29.76,50.821146,4.402638
2026-08-13,Running,Morning Run,"I am trying to follow the idea of running alternative days. This makes me less worry about possible injuries as my body can rest as well, and built stamina for longer runs.

Great day. :)",2026-08-13_08-37-03_hk_1786603023.fit,792,2026-08-13T06:50:14.000Z,791.000,1965.39,168,215,79,2.556,29.76,50.821128,4.402656
2026-08-13,Running,Morning Run,"I am trying to follow the idea of running alternative days. This makes me less worry about possible injuries as my body can rest as well, and built stamina for longer runs.

Great day. :)",2026-08-13_08-37-03_hk_1786603023.fit,793,2026-08-13T06:50:15.000Z,792.000,1967.48,168,215,76,2.551,29.77,50.821092,4.402674
2026-08-13,Running,Morning Run,"I am trying to follow the idea of running alternative days. This makes me less worry about possible injuries as my body can rest as well, and built stamina for longer runs.

Great day. :)",2026-08-13_08-37-03_hk_1786603023.fit,794,2026-08-13T06:50:16.000Z,793.000,1969.86,168,215,76,2.501,29.77,50.821074,4.402692
2026-08-13,Running,Morning Run,"I am trying to follow the idea of running alternative days. This makes me less worry about possible injuries as my body can rest as well, and built stamina for longer runs.

Great day. :)",2026-08-13_08-37-03_hk_1786603023.fit,795,2026-08-13T06:50:17.000Z,794.000,1972.25,168,215,76,2.496,29.78,50.821056,4.402692
2026-08-13,Running,Morning Run,"I am trying to follow the idea of running alternative days. This makes me less worry about possible injuries as my body can rest as well, and built stamina for longer runs.

Great day. :)",2026-08-13_08-37-03_hk_1786603023.fit,796,2026-08-13T06:50:18.000Z,795.000,1974.63,168,218,77,2.448,29.78,50.821038,4.40271
2026-08-13,Running,Morning Run,"I am trying to follow the idea of running alternative days. This makes me less worry about possible injuries as my body can rest as well, and built stamina for longer runs.

Great day. :)",2026-08-13_08-37-03_hk_1786603023.fit,797,2026-08-13T06:50:19.000Z,796.000,1978.3,168,218,77,2.58,29.79,50.82102,4.402728
2026-08-13,Running,Morning Run,"I am trying to follow the idea of running alternative days. This makes me less worry about possible injuries as my body can rest as well, and built stamina for longer runs.

Great day. :)",2026-08-13_08-37-03_hk_1786603023.fit,798,2026-08-13T06:50:20.000Z,797.000,1981.97,168,218,77,2.652,29.8,50.821002,4.402746
2026-08-13,Running,Morning Run,"I am trying to follow the idea of running alternative days. This makes me less worry about possible injuries as my body can rest as well, and built stamina for longer runs.

Great day. :)",2026-08-13_08-37-03_hk_1786603023.fit,799,2026-08-13T06:50:21.000Z,798.000,1983.81,168,218,78,2.611,29.81,50.820966,4.402746
2026-08-13,Running,Morning Run,"I am trying to follow the idea of running alternative days. This makes me less worry about possible injuries as my body can rest as well, and built stamina for longer runs.

Great day. :)",2026-08-13_08-37-03_hk_1786603023.fit,800,2026-08-13T06:50:22.000Z,799.000,1985.64,168,218,78,2.545,29.82,50.820948,4.402764
2026-08-13,Running,Morning Run,"I am trying to follow the idea of running alternative days. This makes me less worry about possible injuries as my body can rest as well, and built stamina for longer runs.

Great day. :)",2026-08-13_08-37-03_hk_1786603023.fit,801,2026-08-13T06:50:23.000Z,800.000,1987.47,168,218,78,2.509,29.82,50.82093,4.402782
2026-08-13,Running,Morning Run,"I am trying to follow the idea of running alternative days. This makes me less worry about possible injuries as my body can rest as well, and built stamina for longer runs.

Great day. :)",2026-08-13_08-37-03_hk_1786603023.fit,802,2026-08-13T06:50:24.000Z,801.000,1990.95,168,218,78,2.555,29.83,50.820912,4.4028
2026-08-13,Running,Morning Run,"I am trying to follow the idea of running alternative days. This makes me less worry about possible injuries as my body can rest as well, and built stamina for longer runs.

Great day. :)",2026-08-13_08-37-03_hk_1786603023.fit,803,2026-08-13T06:50:25.000Z,802.000,1994.43,168,218,78,2.601,29.84,50.820894,4.402818
2026-08-13,Running,Morning Run,"I am trying to follow the idea of running alternative days. This makes me less worry about possible injuries as my body can rest as well, and built stamina for longer runs.

Great day. :)",2026-08-13_08-37-03_hk_1786603023.fit,804,2026-08-13T06:50:26.000Z,803.000,1996.62,168,218,78,2.576,29.84,50.820876,4.402836
2026-08-13,Running,Morning Run,"I am trying to follow the idea of running alternative days. This makes me less worry about possible injuries as my body can rest as well, and built stamina for longer runs.

Great day. :)",2026-08-13_08-37-03_hk_1786603023.fit,805,2026-08-13T06:50:27.000Z,804.000,1998.81,168,218,81,2.551,29.85,50.820858,4.402836
2026-08-13,Running,Morning Run,"I am trying to follow the idea of running alternative days. This makes me less worry about possible injuries as my body can rest as well, and built stamina for longer runs.

Great day. :)",2026-08-13_08-37-03_hk_1786603023.fit,806,2026-08-13T06:50:28.000Z,805.000,2000.99,168,218,81,2.545,29.85,50.82084,4.402854
2026-08-13,Running,Morning Run,"I am trying to follow the idea of running alternative days. This makes me less worry about possible injuries as my body can rest as well, and built stamina for longer runs.

Great day. :)",2026-08-13_08-37-03_hk_1786603023.fit,807,2026-08-13T06:50:29.000Z,806.000,2003.87,168,218,81,2.573,29.85,50.820822,4.402872
2026-08-13,Running,Morning Run,"I am trying to follow the idea of running alternative days. This makes me less worry about possible injuries as my body can rest as well, and built stamina for longer runs.

Great day. :)",2026-08-13_08-37-03_hk_1786603023.fit,808,2026-08-13T06:50:30.000Z,807.000,2006.74,168,217,77,2.601,29.84,50.820786,4.40289
2026-08-13,Running,Morning Run,"I am trying to follow the idea of running alternative days. This makes me less worry about possible injuries as my body can rest as well, and built stamina for longer runs.

Great day. :)",2026-08-13_08-37-03_hk_1786603023.fit,809,2026-08-13T06:50:31.000Z,808.000,2008.51,168,217,77,2.527,29.84,50.820768,4.402908
2026-08-13,Running,Morning Run,"I am trying to follow the idea of running alternative days. This makes me less worry about possible injuries as my body can rest as well, and built stamina for longer runs.

Great day. :)",2026-08-13_08-37-03_hk_1786603023.fit,810,2026-08-13T06:50:32.000Z,809.000,2010.28,168,217,77,2.491,29.83,50.82075,4.402926
2026-08-13,Running,Morning Run,"I am trying to follow the idea of running alternative days. This makes me less worry about possible injuries as my body can rest as well, and built stamina for longer runs.

Great day. :)",2026-08-13_08-37-03_hk_1786603023.fit,811,2026-08-13T06:50:33.000Z,810.000,2012.06,168,214,76,2.42,29.82,50.820732,4.402944
2026-08-13,Running,Morning Run,"I am trying to follow the idea of running alternative days. This makes me less worry about possible injuries as my body can rest as well, and built stamina for longer runs.

Great day. :)",2026-08-13_08-37-03_hk_1786603023.fit,812,2026-08-13T06:50:34.000Z,811.000,42949672.95,166,214,76,65.535,29.81,50.820714,4.402944
2026-08-13,Running,Morning Run,"I am trying to follow the idea of running alternative days. This makes me less worry about possible injuries as my body can rest as well, and built stamina for longer runs.

Great day. :)",2026-08-13_08-37-03_hk_1786603023.fit,813,2026-08-13T06:50:35.000Z,812.000,42949672.95,166,213,76,65.535,29.8,50.820696,4.402962
2026-08-13,Running,Morning Run,"I am trying to follow the idea of running alternative days. This makes me less worry about possible injuries as my body can rest as well, and built stamina for longer runs.

Great day. :)",2026-08-13_08-37-03_hk_1786603023.fit,814,2026-08-13T06:50:36.000Z,813.000,42949672.95,166,213,67,65.535,29.78,50.820696,4.40298
2026-08-13,Running,Morning Run,"I am trying to follow the idea of running alternative days. This makes me less worry about possible injuries as my body can rest as well, and built stamina for longer runs.

Great day. :)",2026-08-13_08-37-03_hk_1786603023.fit,815,2026-08-13T06:50:37.000Z,814.000,42949672.95,166,213,67,65.535,29.76,50.820678,4.402998