workout_date,workout_type,title,notes,source_file,record_index,timestamp,elapsed_seconds,distance_m,heart_rate,power,cadence,speed,altitude,latitude,longitude
2026-06-24,Running,Morning Run in Serbia,"I am in a conference in Serbia, and I got some time to do a bit of running. Its usually fun to do it at new places, especially in hilly areas.",2026-06-24_07-53-14_hk_1782280394.fit,1,2026-06-24T05:53:18.000Z,0.000,0,,,,,36.71,44.246322,19.929492
2026-06-24,Running,Morning Run in Serbia,"I am in a conference in Serbia, and I got some time to do a bit of running. Its usually fun to do it at new places, especially in hilly areas.",2026-06-24_07-53-14_hk_1782280394.fit,2,2026-06-24T05:53:19.000Z,1.000,0.97,,,,,36.67,44.246322,19.929474
2026-06-24,Running,Morning Run in Serbia,"I am in a conference in Serbia, and I got some time to do a bit of running. Its usually fun to do it at new places, especially in hilly areas.",2026-06-24_07-53-14_hk_1782280394.fit,3,2026-06-24T05:53:20.000Z,2.000,2.37,,,,,36.63,44.246322,19.929456
2026-06-24,Running,Morning Run in Serbia,"I am in a conference in Serbia, and I got some time to do a bit of running. Its usually fun to do it at new places, especially in hilly areas.",2026-06-24_07-53-14_hk_1782280394.fit,4,2026-06-24T05:53:21.000Z,3.000,4.24,,,,,36.6,44.246322,19.929438
2026-06-24,Running,Morning Run in Serbia,"I am in a conference in Serbia, and I got some time to do a bit of running. Its usually fun to do it at new places, especially in hilly areas.",2026-06-24_07-53-14_hk_1782280394.fit,5,2026-06-24T05:53:22.000Z,4.000,6.39,,,,,36.57,44.24634,19.92942
2026-06-24,Running,Morning Run in Serbia,"I am in a conference in Serbia, and I got some time to do a bit of running. Its usually fun to do it at new places, especially in hilly areas.",2026-06-24_07-53-14_hk_1782280394.fit,6,2026-06-24T05:53:23.000Z,5.000,8.69,,,,,36.54,44.246358,19.929402
2026-06-24,Running,Morning Run in Serbia,"I am in a conference in Serbia, and I got some time to do a bit of running. Its usually fun to do it at new places, especially in hilly areas.",2026-06-24_07-53-14_hk_1782280394.fit,7,2026-06-24T05:53:24.000Z,6.000,11.16,,,57,,36.51,44.246376,19.929366
2026-06-24,Running,Morning Run in Serbia,"I am in a conference in Serbia, and I got some time to do a bit of running. Its usually fun to do it at new places, especially in hilly areas.",2026-06-24_07-53-14_hk_1782280394.fit,8,2026-06-24T05:53:25.000Z,7.000,13.81,,,57,,36.49,44.246394,19.929366
2026-06-24,Running,Morning Run in Serbia,"I am in a conference in Serbia, and I got some time to do a bit of running. Its usually fun to do it at new places, especially in hilly areas.",2026-06-24_07-53-14_hk_1782280394.fit,9,2026-06-24T05:53:26.000Z,8.000,16.5,,,57,,36.47,44.246412,19.929348
2026-06-24,Running,Morning Run in Serbia,"I am in a conference in Serbia, and I got some time to do a bit of running. Its usually fun to do it at new places, especially in hilly areas.",2026-06-24_07-53-14_hk_1782280394.fit,10,2026-06-24T05:53:27.000Z,9.000,19.08,,,66,,36.45,44.24643,19.929348
2026-06-24,Running,Morning Run in Serbia,"I am in a conference in Serbia, and I got some time to do a bit of running. Its usually fun to do it at new places, especially in hilly areas.",2026-06-24_07-53-14_hk_1782280394.fit,11,2026-06-24T05:53:28.000Z,10.000,21.59,,,66,,36.43,44.246466,19.929348
2026-06-24,Running,Morning Run in Serbia,"I am in a conference in Serbia, and I got some time to do a bit of running. Its usually fun to do it at new places, especially in hilly areas.",2026-06-24_07-53-14_hk_1782280394.fit,12,2026-06-24T05:53:29.000Z,11.000,24.45,,,66,,36.42,44.246484,19.929348
2026-06-24,Running,Morning Run in Serbia,"I am in a conference in Serbia, and I got some time to do a bit of running. Its usually fun to do it at new places, especially in hilly areas.",2026-06-24_07-53-14_hk_1782280394.fit,13,2026-06-24T05:53:30.000Z,12.000,27.7,,,69,,36.41,44.24652,19.929348
2026-06-24,Running,Morning Run in Serbia,"I am in a conference in Serbia, and I got some time to do a bit of running. Its usually fun to do it at new places, especially in hilly areas.",2026-06-24_07-53-14_hk_1782280394.fit,14,2026-06-24T05:53:31.000Z,13.000,31,,,69,,36.39,44.246538,19.929366
2026-06-24,Running,Morning Run in Serbia,"I am in a conference in Serbia, and I got some time to do a bit of running. Its usually fun to do it at new places, especially in hilly areas.",2026-06-24_07-53-14_hk_1782280394.fit,15,2026-06-24T05:53:32.000Z,14.000,34.17,,,69,,36.38,44.246574,19.929366
2026-06-24,Running,Morning Run in Serbia,"I am in a conference in Serbia, and I got some time to do a bit of running. Its usually fun to do it at new places, especially in hilly areas.",2026-06-24_07-53-14_hk_1782280394.fit,16,2026-06-24T05:53:33.000Z,15.000,37.02,,,76,,36.36,44.246592,19.929366
2026-06-24,Running,Morning Run in Serbia,"I am in a conference in Serbia, and I got some time to do a bit of running. Its usually fun to do it at new places, especially in hilly areas.",2026-06-24_07-53-14_hk_1782280394.fit,17,2026-06-24T05:53:34.000Z,16.000,39.74,,,76,,36.34,44.246628,19.929366
2026-06-24,Running,Morning Run in Serbia,"I am in a conference in Serbia, and I got some time to do a bit of running. Its usually fun to do it at new places, especially in hilly areas.",2026-06-24_07-53-14_hk_1782280394.fit,18,2026-06-24T05:53:35.000Z,17.000,42.42,,,76,,36.32,44.246646,19.929366
2026-06-24,Running,Morning Run in Serbia,"I am in a conference in Serbia, and I got some time to do a bit of running. Its usually fun to do it at new places, especially in hilly areas.",2026-06-24_07-53-14_hk_1782280394.fit,19,2026-06-24T05:53:36.000Z,18.000,45.02,,,76,,36.3,44.246664,19.929366
2026-06-24,Running,Morning Run in Serbia,"I am in a conference in Serbia, and I got some time to do a bit of running. Its usually fun to do it at new places, especially in hilly areas.",2026-06-24_07-53-14_hk_1782280394.fit,20,2026-06-24T05:53:37.000Z,19.000,47.53,,,76,,36.27,44.2467,19.929384
2026-06-24,Running,Morning Run in Serbia,"I am in a conference in Serbia, and I got some time to do a bit of running. Its usually fun to do it at new places, especially in hilly areas.",2026-06-24_07-53-14_hk_1782280394.fit,21,2026-06-24T05:53:38.000Z,20.000,49.94,,,76,,36.25,44.246718,19.929384
2026-06-24,Running,Morning Run in Serbia,"I am in a conference in Serbia, and I got some time to do a bit of running. Its usually fun to do it at new places, especially in hilly areas.",2026-06-24_07-53-14_hk_1782280394.fit,22,2026-06-24T05:53:39.000Z,21.000,52.23,,,76,2.563,36.22,44.246736,19.929384
2026-06-24,Running,Morning Run in Serbia,"I am in a conference in Serbia, and I got some time to do a bit of running. Its usually fun to do it at new places, especially in hilly areas.",2026-06-24_07-53-14_hk_1782280394.fit,23,2026-06-24T05:53:40.000Z,22.000,54.51,,,76,2.646,36.19,44.246754,19.929402
2026-06-24,Running,Morning Run in Serbia,"I am in a conference in Serbia, and I got some time to do a bit of running. Its usually fun to do it at new places, especially in hilly areas.",2026-06-24_07-53-14_hk_1782280394.fit,24,2026-06-24T05:53:41.000Z,23.000,56.9,,,76,2.658,36.16,44.246772,19.929402
2026-06-24,Running,Morning Run in Serbia,"I am in a conference in Serbia, and I got some time to do a bit of running. Its usually fun to do it at new places, especially in hilly areas.",2026-06-24_07-53-14_hk_1782280394.fit,25,2026-06-24T05:53:42.000Z,24.000,59.39,,,76,2.668,36.13,44.24679,19.92942
2026-06-24,Running,Morning Run in Serbia,"I am in a conference in Serbia, and I got some time to do a bit of running. Its usually fun to do it at new places, especially in hilly areas.",2026-06-24_07-53-14_hk_1782280394.fit,26,2026-06-24T05:53:43.000Z,25.000,61.88,,,76,2.669,36.1,44.246826,19.92942
2026-06-24,Running,Morning Run in Serbia,"I am in a conference in Serbia, and I got some time to do a bit of running. Its usually fun to do it at new places, especially in hilly areas.",2026-06-24_07-53-14_hk_1782280394.fit,27,2026-06-24T05:53:44.000Z,26.000,64.29,,,76,2.657,36.07,44.246844,19.929438
2026-06-24,Running,Morning Run in Serbia,"I am in a conference in Serbia, and I got some time to do a bit of running. Its usually fun to do it at new places, especially in hilly areas.",2026-06-24_07-53-14_hk_1782280394.fit,28,2026-06-24T05:53:45.000Z,27.000,66.69,,,74,2.641,36.04,44.246862,19.929438
2026-06-24,Running,Morning Run in Serbia,"I am in a conference in Serbia, and I got some time to do a bit of running. Its usually fun to do it at new places, especially in hilly areas.",2026-06-24_07-53-14_hk_1782280394.fit,29,2026-06-24T05:53:46.000Z,28.000,69.08,,,74,2.629,36.02,44.24688,19.929456
2026-06-24,Running,Morning Run in Serbia,"I am in a conference in Serbia, and I got some time to do a bit of running. Its usually fun to do it at new places, especially in hilly areas.",2026-06-24_07-53-14_hk_1782280394.fit,30,2026-06-24T05:53:47.000Z,29.000,71.5,,,74,2.621,35.99,44.246898,19.929456
2026-06-24,Running,Morning Run in Serbia,"I am in a conference in Serbia, and I got some time to do a bit of running. Its usually fun to do it at new places, especially in hilly areas.",2026-06-24_07-53-14_hk_1782280394.fit,31,2026-06-24T05:53:48.000Z,30.000,73.99,,,76,2.62,35.97,44.246934,19.929456
2026-06-24,Running,Morning Run in Serbia,"I am in a conference in Serbia, and I got some time to do a bit of running. Its usually fun to do it at new places, especially in hilly areas.",2026-06-24_07-53-14_hk_1782280394.fit,32,2026-06-24T05:53:49.000Z,31.000,76.54,,,76,2.604,35.95,44.246952,19.929456
2026-06-24,Running,Morning Run in Serbia,"I am in a conference in Serbia, and I got some time to do a bit of running. Its usually fun to do it at new places, especially in hilly areas.",2026-06-24_07-53-14_hk_1782280394.fit,33,2026-06-24T05:53:50.000Z,32.000,79.16,,,76,2.573,35.94,44.24697,19.929456
2026-06-24,Running,Morning Run in Serbia,"I am in a conference in Serbia, and I got some time to do a bit of running. Its usually fun to do it at new places, especially in hilly areas.",2026-06-24_07-53-14_hk_1782280394.fit,34,2026-06-24T05:53:51.000Z,33.000,81.78,,,73,2.539,35.92,44.246988,19.929456
2026-06-24,Running,Morning Run in Serbia,"I am in a conference in Serbia, and I got some time to do a bit of running. Its usually fun to do it at new places, especially in hilly areas.",2026-06-24_07-53-14_hk_1782280394.fit,35,2026-06-24T05:53:52.000Z,34.000,84.34,,,73,2.509,35.9,44.247024,19.929438
2026-06-24,Running,Morning Run in Serbia,"I am in a conference in Serbia, and I got some time to do a bit of running. Its usually fun to do it at new places, especially in hilly areas.",2026-06-24_07-53-14_hk_1782280394.fit,36,2026-06-24T05:53:53.000Z,35.000,86.89,,,73,2.511,35.89,44.247042,19.929438
2026-06-24,Running,Morning Run in Serbia,"I am in a conference in Serbia, and I got some time to do a bit of running. Its usually fun to do it at new places, especially in hilly areas.",2026-06-24_07-53-14_hk_1782280394.fit,37,2026-06-24T05:53:54.000Z,36.000,89.46,,,76,2.497,35.88,44.24706,19.929438
2026-06-24,Running,Morning Run in Serbia,"I am in a conference in Serbia, and I got some time to do a bit of running. Its usually fun to do it at new places, especially in hilly areas.",2026-06-24_07-53-14_hk_1782280394.fit,38,2026-06-24T05:53:55.000Z,37.000,92.05,,,76,2.491,35.86,44.247078,19.92942
2026-06-24,Running,Morning Run in Serbia,"I am in a conference in Serbia, and I got some time to do a bit of running. Its usually fun to do it at new places, especially in hilly areas.",2026-06-24_07-53-14_hk_1782280394.fit,39,2026-06-24T05:53:56.000Z,38.000,94.68,,,76,2.489,35.85,44.247096,19.929402
2026-06-24,Running,Morning Run in Serbia,"I am in a conference in Serbia, and I got some time to do a bit of running. Its usually fun to do it at new places, especially in hilly areas.",2026-06-24_07-53-14_hk_1782280394.fit,40,2026-06-24T05:53:57.000Z,39.000,97.45,,,75,2.497,35.84,44.247114,19.929366
2026-06-24,Running,Morning Run in Serbia,"I am in a conference in Serbia, and I got some time to do a bit of running. Its usually fun to do it at new places, especially in hilly areas.",2026-06-24_07-53-14_hk_1782280394.fit,41,2026-06-24T05:53:58.000Z,40.000,100.29,,,75,2.517,35.83,44.247132,19.929348
2026-06-24,Running,Morning Run in Serbia,"I am in a conference in Serbia, and I got some time to do a bit of running. Its usually fun to do it at new places, especially in hilly areas.",2026-06-24_07-53-14_hk_1782280394.fit,42,2026-06-24T05:53:59.000Z,41.000,103.09,,,75,2.543,35.81,44.24715,19.929312
2026-06-24,Running,Morning Run in Serbia,"I am in a conference in Serbia, and I got some time to do a bit of running. Its usually fun to do it at new places, especially in hilly areas.",2026-06-24_07-53-14_hk_1782280394.fit,43,2026-06-24T05:54:00.000Z,42.000,105.84,,,75,2.566,35.8,44.247168,19.929276
2026-06-24,Running,Morning Run in Serbia,"I am in a conference in Serbia, and I got some time to do a bit of running. Its usually fun to do it at new places, especially in hilly areas.",2026-06-24_07-53-14_hk_1782280394.fit,44,2026-06-24T05:54:01.000Z,43.000,108.53,,,75,2.581,35.79,44.247168,19.929258
2026-06-24,Running,Morning Run in Serbia,"I am in a conference in Serbia, and I got some time to do a bit of running. Its usually fun to do it at new places, especially in hilly areas.",2026-06-24_07-53-14_hk_1782280394.fit,45,2026-06-24T05:54:02.000Z,44.000,111.16,,,75,2.589,35.77,44.247186,19.929222
2026-06-24,Running,Morning Run in Serbia,"I am in a conference in Serbia, and I got some time to do a bit of running. Its usually fun to do it at new places, especially in hilly areas.",2026-06-24_07-53-14_hk_1782280394.fit,46,2026-06-24T05:54:03.000Z,45.000,113.72,,,74,2.592,35.76,44.247204,19.929204
2026-06-24,Running,Morning Run in Serbia,"I am in a conference in Serbia, and I got some time to do a bit of running. Its usually fun to do it at new places, especially in hilly areas.",2026-06-24_07-53-14_hk_1782280394.fit,47,2026-06-24T05:54:04.000Z,46.000,116.16,,,74,2.593,35.74,44.247204,19.929168
2026-06-24,Running,Morning Run in Serbia,"I am in a conference in Serbia, and I got some time to do a bit of running. Its usually fun to do it at new places, especially in hilly areas.",2026-06-24_07-53-14_hk_1782280394.fit,48,2026-06-24T05:54:05.000Z,47.000,118.58,,,74,2.595,35.73,44.247222,19.92915
2026-06-24,Running,Morning Run in Serbia,"I am in a conference in Serbia, and I got some time to do a bit of running. Its usually fun to do it at new places, especially in hilly areas.",2026-06-24_07-53-14_hk_1782280394.fit,49,2026-06-24T05:54:06.000Z,48.000,121.04,,,76,2.598,35.71,44.24724,19.929114
2026-06-24,Running,Morning Run in Serbia,"I am in a conference in Serbia, and I got some time to do a bit of running. Its usually fun to do it at new places, especially in hilly areas.",2026-06-24_07-53-14_hk_1782280394.fit,50,2026-06-24T05:54:07.000Z,49.000,123.59,,,76,2.604,35.7,44.24724,19.929096
2026-06-24,Running,Morning Run in Serbia,"I am in a conference in Serbia, and I got some time to do a bit of running. Its usually fun to do it at new places, especially in hilly areas.",2026-06-24_07-53-14_hk_1782280394.fit,51,2026-06-24T05:54:08.000Z,50.000,126.18,,,76,2.61,35.68,44.247258,19.92906
2026-06-24,Running,Morning Run in Serbia,"I am in a conference in Serbia, and I got some time to do a bit of running. Its usually fun to do it at new places, especially in hilly areas.",2026-06-24_07-53-14_hk_1782280394.fit,52,2026-06-24T05:54:09.000Z,51.000,128.78,,,76,2.612,35.67,44.247258,19.929024
2026-06-24,Running,Morning Run in Serbia,"I am in a conference in Serbia, and I got some time to do a bit of running. Its usually fun to do it at new places, especially in hilly areas.",2026-06-24_07-53-14_hk_1782280394.fit,53,2026-06-24T05:54:10.000Z,52.000,131.36,,,76,2.61,35.65,44.247276,19.929006
2026-06-24,Running,Morning Run in Serbia,"I am in a conference in Serbia, and I got some time to do a bit of running. Its usually fun to do it at new places, especially in hilly areas.",2026-06-24_07-53-14_hk_1782280394.fit,54,2026-06-24T05:54:11.000Z,53.000,133.92,,,76,2.607,35.63,44.247294,19.92897
2026-06-24,Running,Morning Run in Serbia,"I am in a conference in Serbia, and I got some time to do a bit of running. Its usually fun to do it at new places, especially in hilly areas.",2026-06-24_07-53-14_hk_1782280394.fit,55,2026-06-24T05:54:12.000Z,54.000,136.53,,,76,2.609,35.61,44.247294,19.928952
2026-06-24,Running,Morning Run in Serbia,"I am in a conference in Serbia, and I got some time to do a bit of running. Its usually fun to do it at new places, especially in hilly areas.",2026-06-24_07-53-14_hk_1782280394.fit,56,2026-06-24T05:54:13.000Z,55.000,139.19,,,76,2.615,35.6,44.247312,19.928916
2026-06-24,Running,Morning Run in Serbia,"I am in a conference in Serbia, and I got some time to do a bit of running. Its usually fun to do it at new places, especially in hilly areas.",2026-06-24_07-53-14_hk_1782280394.fit,57,2026-06-24T05:54:14.000Z,56.000,141.78,,,76,2.616,35.58,44.24733,19.92888
2026-06-24,Running,Morning Run in Serbia,"I am in a conference in Serbia, and I got some time to do a bit of running. Its usually fun to do it at new places, especially in hilly areas.",2026-06-24_07-53-14_hk_1782280394.fit,58,2026-06-24T05:54:15.000Z,57.000,144.25,,,76,2.61,35.56,44.24733,19.928862
2026-06-24,Running,Morning Run in Serbia,"I am in a conference in Serbia, and I got some time to do a bit of running. Its usually fun to do it at new places, especially in hilly areas.",2026-06-24_07-53-14_hk_1782280394.fit,59,2026-06-24T05:54:16.000Z,58.000,146.59,,,76,2.596,35.55,44.247348,19.928844
2026-06-24,Running,Morning Run in Serbia,"I am in a conference in Serbia, and I got some time to do a bit of running. Its usually fun to do it at new places, especially in hilly areas.",2026-06-24_07-53-14_hk_1782280394.fit,60,2026-06-24T05:54:17.000Z,59.000,148.81,,,76,2.568,35.53,44.247366,19.928808
2026-06-24,Running,Morning Run in Serbia,"I am in a conference in Serbia, and I got some time to do a bit of running. Its usually fun to do it at new places, especially in hilly areas.",2026-06-24_07-53-14_hk_1782280394.fit,61,2026-06-24T05:54:18.000Z,60.000,150.99,,,76,2.535,35.52,44.247366,19.92879
2026-06-24,Running,Morning Run in Serbia,"I am in a conference in Serbia, and I got some time to do a bit of running. Its usually fun to do it at new places, especially in hilly areas.",2026-06-24_07-53-14_hk_1782280394.fit,62,2026-06-24T05:54:19.000Z,61.000,153.21,,,76,2.506,35.5,44.247384,19.928772
2026-06-24,Running,Morning Run in Serbia,"I am in a conference in Serbia, and I got some time to do a bit of running. Its usually fun to do it at new places, especially in hilly areas.",2026-06-24_07-53-14_hk_1782280394.fit,63,2026-06-24T05:54:20.000Z,62.000,155.56,,,76,2.499,35.49,44.247384,19.928736
2026-06-24,Running,Morning Run in Serbia,"I am in a conference in Serbia, and I got some time to do a bit of running. Its usually fun to do it at new places, especially in hilly areas.",2026-06-24_07-53-14_hk_1782280394.fit,64,2026-06-24T05:54:21.000Z,63.000,157.95,,,76,2.482,35.47,44.247402,19.928718
2026-06-24,Running,Morning Run in Serbia,"I am in a conference in Serbia, and I got some time to do a bit of running. Its usually fun to do it at new places, especially in hilly areas.",2026-06-24_07-53-14_hk_1782280394.fit,65,2026-06-24T05:54:22.000Z,64.000,160.34,,,76,2.467,35.46,44.24742,19.9287
2026-06-24,Running,Morning Run in Serbia,"I am in a conference in Serbia, and I got some time to do a bit of running. Its usually fun to do it at new places, especially in hilly areas.",2026-06-24_07-53-14_hk_1782280394.fit,66,2026-06-24T05:54:23.000Z,65.000,162.73,,,76,2.456,35.44,44.24742,19.928664
2026-06-24,Running,Morning Run in Serbia,"I am in a conference in Serbia, and I got some time to do a bit of running. Its usually fun to do it at new places, especially in hilly areas.",2026-06-24_07-53-14_hk_1782280394.fit,67,2026-06-24T05:54:24.000Z,66.000,165.08,,,76,2.445,35.43,44.247438,19.928646
2026-06-24,Running,Morning Run in Serbia,"I am in a conference in Serbia, and I got some time to do a bit of running. Its usually fun to do it at new places, especially in hilly areas.",2026-06-24_07-53-14_hk_1782280394.fit,68,2026-06-24T05:54:25.000Z,67.000,167.43,,,76,2.441,35.41,44.247456,19.92861
2026-06-24,Running,Morning Run in Serbia,"I am in a conference in Serbia, and I got some time to do a bit of running. Its usually fun to do it at new places, especially in hilly areas.",2026-06-24_07-53-14_hk_1782280394.fit,69,2026-06-24T05:54:26.000Z,68.000,169.84,,,76,2.441,35.4,44.247456,19.928592
2026-06-24,Running,Morning Run in Serbia,"I am in a conference in Serbia, and I got some time to do a bit of running. Its usually fun to do it at new places, especially in hilly areas.",2026-06-24_07-53-14_hk_1782280394.fit,70,2026-06-24T05:54:27.000Z,69.000,172.33,,,74,2.443,35.38,44.247474,19.928556
2026-06-24,Running,Morning Run in Serbia,"I am in a conference in Serbia, and I got some time to do a bit of running. Its usually fun to do it at new places, especially in hilly areas.",2026-06-24_07-53-14_hk_1782280394.fit,71,2026-06-24T05:54:28.000Z,70.000,174.91,,,74,2.444,35.37,44.247492,19.928538
2026-06-24,Running,Morning Run in Serbia,"I am in a conference in Serbia, and I got some time to do a bit of running. Its usually fun to do it at new places, especially in hilly areas.",2026-06-24_07-53-14_hk_1782280394.fit,72,2026-06-24T05:54:29.000Z,71.000,177.49,,,74,2.443,35.36,44.247492,19.928502
2026-06-24,Running,Morning Run in Serbia,"I am in a conference in Serbia, and I got some time to do a bit of running. Its usually fun to do it at new places, especially in hilly areas.",2026-06-24_07-53-14_hk_1782280394.fit,73,2026-06-24T05:54:30.000Z,72.000,180.06,,,75,2.442,35.34,44.24751,19.928484
2026-06-24,Running,Morning Run in Serbia,"I am in a conference in Serbia, and I got some time to do a bit of running. Its usually fun to do it at new places, especially in hilly areas.",2026-06-24_07-53-14_hk_1782280394.fit,74,2026-06-24T05:54:31.000Z,73.000,182.62,,,75,2.441,35.33,44.247528,19.928448
2026-06-24,Running,Morning Run in Serbia,"I am in a conference in Serbia, and I got some time to do a bit of running. Its usually fun to do it at new places, especially in hilly areas.",2026-06-24_07-53-14_hk_1782280394.fit,75,2026-06-24T05:54:32.000Z,74.000,185.16,,,75,2.44,35.32,44.247546,19.92843
2026-06-24,Running,Morning Run in Serbia,"I am in a conference in Serbia, and I got some time to do a bit of running. Its usually fun to do it at new places, especially in hilly areas.",2026-06-24_07-53-14_hk_1782280394.fit,76,2026-06-24T05:54:33.000Z,75.000,187.67,,,75,2.435,35.3,44.247546,19.928394
2026-06-24,Running,Morning Run in Serbia,"I am in a conference in Serbia, and I got some time to do a bit of running. Its usually fun to do it at new places, especially in hilly areas.",2026-06-24_07-53-14_hk_1782280394.fit,77,2026-06-24T05:54:34.000Z,76.000,190.2,,,75,2.429,35.29,44.247564,19.928376
2026-06-24,Running,Morning Run in Serbia,"I am in a conference in Serbia, and I got some time to do a bit of running. Its usually fun to do it at new places, especially in hilly areas.",2026-06-24_07-53-14_hk_1782280394.fit,78,2026-06-24T05:54:35.000Z,77.000,192.81,,,75,2.43,35.28,44.247582,19.928358
2026-06-24,Running,Morning Run in Serbia,"I am in a conference in Serbia, and I got some time to do a bit of running. Its usually fun to do it at new places, especially in hilly areas.",2026-06-24_07-53-14_hk_1782280394.fit,79,2026-06-24T05:54:36.000Z,78.000,195.46,,,76,2.439,35.27,44.2476,19.928322
2026-06-24,Running,Morning Run in Serbia,"I am in a conference in Serbia, and I got some time to do a bit of running. Its usually fun to do it at new places, especially in hilly areas.",2026-06-24_07-53-14_hk_1782280394.fit,80,2026-06-24T05:54:37.000Z,79.000,198.08,,,76,2.452,35.26,44.2476,19.928304
2026-06-24,Running,Morning Run in Serbia,"I am in a conference in Serbia, and I got some time to do a bit of running. Its usually fun to do it at new places, especially in hilly areas.",2026-06-24_07-53-14_hk_1782280394.fit,81,2026-06-24T05:54:38.000Z,80.000,200.68,,,76,2.47,35.24,44.247618,19.928268
2026-06-24,Running,Morning Run in Serbia,"I am in a conference in Serbia, and I got some time to do a bit of running. Its usually fun to do it at new places, especially in hilly areas.",2026-06-24_07-53-14_hk_1782280394.fit,82,2026-06-24T05:54:39.000Z,81.000,203.26,,,76,2.502,35.23,44.247636,19.92825
2026-06-24,Running,Morning Run in Serbia,"I am in a conference in Serbia, and I got some time to do a bit of running. Its usually fun to do it at new places, especially in hilly areas.",2026-06-24_07-53-14_hk_1782280394.fit,83,2026-06-24T05:54:40.000Z,82.000,205.83,,,76,2.513,35.22,44.247654,19.928214
2026-06-24,Running,Morning Run in Serbia,"I am in a conference in Serbia, and I got some time to do a bit of running. Its usually fun to do it at new places, especially in hilly areas.",2026-06-24_07-53-14_hk_1782280394.fit,84,2026-06-24T05:54:41.000Z,83.000,208.41,,,76,2.523,35.21,44.247672,19.928196
2026-06-24,Running,Morning Run in Serbia,"I am in a conference in Serbia, and I got some time to do a bit of running. Its usually fun to do it at new places, especially in hilly areas.",2026-06-24_07-53-14_hk_1782280394.fit,85,2026-06-24T05:54:42.000Z,84.000,211.02,,,76,2.534,35.2,44.24769,19.928178
2026-06-24,Running,Morning Run in Serbia,"I am in a conference in Serbia, and I got some time to do a bit of running. Its usually fun to do it at new places, especially in hilly areas.",2026-06-24_07-53-14_hk_1782280394.fit,86,2026-06-24T05:54:43.000Z,85.000,213.66,,,76,2.547,35.18,44.247708,19.92816
2026-06-24,Running,Morning Run in Serbia,"I am in a conference in Serbia, and I got some time to do a bit of running. Its usually fun to do it at new places, especially in hilly areas.",2026-06-24_07-53-14_hk_1782280394.fit,87,2026-06-24T05:54:44.000Z,86.000,216.33,,,76,2.562,35.17,44.247726,19.928142
2026-06-24,Running,Morning Run in Serbia,"I am in a conference in Serbia, and I got some time to do a bit of running. Its usually fun to do it at new places, especially in hilly areas.",2026-06-24_07-53-14_hk_1782280394.fit,88,2026-06-24T05:54:45.000Z,87.000,219.04,,,74,2.58,35.16,44.247744,19.928124
2026-06-24,Running,Morning Run in Serbia,"I am in a conference in Serbia, and I got some time to do a bit of running. Its usually fun to do it at new places, especially in hilly areas.",2026-06-24_07-53-14_hk_1782280394.fit,89,2026-06-24T05:54:46.000Z,88.000,221.89,,,74,2.602,35.15,44.24778,19.928124
2026-06-24,Running,Morning Run in Serbia,"I am in a conference in Serbia, and I got some time to do a bit of running. Its usually fun to do it at new places, especially in hilly areas.",2026-06-24_07-53-14_hk_1782280394.fit,90,2026-06-24T05:54:47.000Z,89.000,224.78,,,74,2.622,35.14,44.247798,19.928106
2026-06-24,Running,Morning Run in Serbia,"I am in a conference in Serbia, and I got some time to do a bit of running. Its usually fun to do it at new places, especially in hilly areas.",2026-06-24_07-53-14_hk_1782280394.fit,91,2026-06-24T05:54:48.000Z,90.000,227.57,,,75,2.636,35.13,44.247834,19.928106
2026-06-24,Running,Morning Run in Serbia,"I am in a conference in Serbia, and I got some time to do a bit of running. Its usually fun to do it at new places, especially in hilly areas.",2026-06-24_07-53-14_hk_1782280394.fit,92,2026-06-24T05:54:49.000Z,91.000,230.24,,,75,2.641,35.12,44.247852,19.928106
2026-06-24,Running,Morning Run in Serbia,"I am in a conference in Serbia, and I got some time to do a bit of running. Its usually fun to do it at new places, especially in hilly areas.",2026-06-24_07-53-14_hk_1782280394.fit,93,2026-06-24T05:54:50.000Z,92.000,232.84,,,75,2.643,35.11,44.24787,19.928106
2026-06-24,Running,Morning Run in Serbia,"I am in a conference in Serbia, and I got some time to do a bit of running. Its usually fun to do it at new places, especially in hilly areas.",2026-06-24_07-53-14_hk_1782280394.fit,94,2026-06-24T05:54:51.000Z,93.000,235.43,,,75,2.646,35.1,44.247888,19.928106
2026-06-24,Running,Morning Run in Serbia,"I am in a conference in Serbia, and I got some time to do a bit of running. Its usually fun to do it at new places, especially in hilly areas.",2026-06-24_07-53-14_hk_1782280394.fit,95,2026-06-24T05:54:52.000Z,94.000,237.98,,,75,2.648,35.09,44.247924,19.928106
2026-06-24,Running,Morning Run in Serbia,"I am in a conference in Serbia, and I got some time to do a bit of running. Its usually fun to do it at new places, especially in hilly areas.",2026-06-24_07-53-14_hk_1782280394.fit,96,2026-06-24T05:54:53.000Z,95.000,240.46,,,75,2.645,35.08,44.247942,19.928124
2026-06-24,Running,Morning Run in Serbia,"I am in a conference in Serbia, and I got some time to do a bit of running. Its usually fun to do it at new places, especially in hilly areas.",2026-06-24_07-53-14_hk_1782280394.fit,97,2026-06-24T05:54:54.000Z,96.000,242.83,,,76,2.633,35.07,44.24796,19.928142
2026-06-24,Running,Morning Run in Serbia,"I am in a conference in Serbia, and I got some time to do a bit of running. Its usually fun to do it at new places, especially in hilly areas.",2026-06-24_07-53-14_hk_1782280394.fit,98,2026-06-24T05:54:55.000Z,97.000,245.1,,,76,2.614,35.06,44.247978,19.928142
2026-06-24,Running,Morning Run in Serbia,"I am in a conference in Serbia, and I got some time to do a bit of running. Its usually fun to do it at new places, especially in hilly areas.",2026-06-24_07-53-14_hk_1782280394.fit,99,2026-06-24T05:54:56.000Z,98.000,247.31,,,76,2.592,35.05,44.247996,19.92816
2026-06-24,Running,Morning Run in Serbia,"I am in a conference in Serbia, and I got some time to do a bit of running. Its usually fun to do it at new places, especially in hilly areas.",2026-06-24_07-53-14_hk_1782280394.fit,100,2026-06-24T05:54:57.000Z,99.000,249.57,,,76,2.575,35.04,44.248014,19.928178
2026-06-24,Running,Morning Run in Serbia,"I am in a conference in Serbia, and I got some time to do a bit of running. Its usually fun to do it at new places, especially in hilly areas.",2026-06-24_07-53-14_hk_1782280394.fit,101,2026-06-24T05:54:58.000Z,100.000,251.89,,,76,2.56,35.03,44.248032,19.928178
2026-06-24,Running,Morning Run in Serbia,"I am in a conference in Serbia, and I got some time to do a bit of running. Its usually fun to do it at new places, especially in hilly areas.",2026-06-24_07-53-14_hk_1782280394.fit,102,2026-06-24T05:54:59.000Z,101.000,254.3,,,76,2.552,35.02,44.24805,19.928196
2026-06-24,Running,Morning Run in Serbia,"I am in a conference in Serbia, and I got some time to do a bit of running. Its usually fun to do it at new places, especially in hilly areas.",2026-06-24_07-53-14_hk_1782280394.fit,103,2026-06-24T05:55:00.000Z,102.000,256.8,,,76,2.549,35.01,44.248068,19.928214
2026-06-24,Running,Morning Run in Serbia,"I am in a conference in Serbia, and I got some time to do a bit of running. Its usually fun to do it at new places, especially in hilly areas.",2026-06-24_07-53-14_hk_1782280394.fit,104,2026-06-24T05:55:01.000Z,103.000,259.39,,,76,2.549,35,44.248086,19.928232
2026-06-24,Running,Morning Run in Serbia,"I am in a conference in Serbia, and I got some time to do a bit of running. Its usually fun to do it at new places, especially in hilly areas.",2026-06-24_07-53-14_hk_1782280394.fit,105,2026-06-24T05:55:02.000Z,104.000,262.06,,,76,2.552,35,44.248104,19.92825
2026-06-24,Running,Morning Run in Serbia,"I am in a conference in Serbia, and I got some time to do a bit of running. Its usually fun to do it at new places, especially in hilly areas.",2026-06-24_07-53-14_hk_1782280394.fit,106,2026-06-24T05:55:03.000Z,105.000,264.82,,,74,2.558,34.99,44.248122,19.928286
2026-06-24,Running,Morning Run in Serbia,"I am in a conference in Serbia, and I got some time to do a bit of running. Its usually fun to do it at new places, especially in hilly areas.",2026-06-24_07-53-14_hk_1782280394.fit,107,2026-06-24T05:55:04.000Z,106.000,267.59,,,74,2.563,34.98,44.24814,19.928304
2026-06-24,Running,Morning Run in Serbia,"I am in a conference in Serbia, and I got some time to do a bit of running. Its usually fun to do it at new places, especially in hilly areas.",2026-06-24_07-53-14_hk_1782280394.fit,108,2026-06-24T05:55:05.000Z,107.000,270.3,,,74,2.563,34.97,44.248158,19.928322
2026-06-24,Running,Morning Run in Serbia,"I am in a conference in Serbia, and I got some time to do a bit of running. Its usually fun to do it at new places, especially in hilly areas.",2026-06-24_07-53-14_hk_1782280394.fit,109,2026-06-24T05:55:06.000Z,108.000,272.92,,,75,2.552,34.97,44.248176,19.928358
2026-06-24,Running,Morning Run in Serbia,"I am in a conference in Serbia, and I got some time to do a bit of running. Its usually fun to do it at new places, especially in hilly areas.",2026-06-24_07-53-14_hk_1782280394.fit,110,2026-06-24T05:55:07.000Z,109.000,275.42,,,75,2.532,34.96,44.248194,19.928376
2026-06-24,Running,Morning Run in Serbia,"I am in a conference in Serbia, and I got some time to do a bit of running. Its usually fun to do it at new places, especially in hilly areas.",2026-06-24_07-53-14_hk_1782280394.fit,111,2026-06-24T05:55:08.000Z,110.000,277.82,,,75,2.512,34.95,44.248194,19.928412
2026-06-24,Running,Morning Run in Serbia,"I am in a conference in Serbia, and I got some time to do a bit of running. Its usually fun to do it at new places, especially in hilly areas.",2026-06-24_07-53-14_hk_1782280394.fit,112,2026-06-24T05:55:09.000Z,111.000,280.2,,,75,2.506,34.94,44.248212,19.92843
2026-06-24,Running,Morning Run in Serbia,"I am in a conference in Serbia, and I got some time to do a bit of running. Its usually fun to do it at new places, especially in hilly areas.",2026-06-24_07-53-14_hk_1782280394.fit,113,2026-06-24T05:55:10.000Z,112.000,282.71,,,75,2.499,34.93,44.24823,19.928448
2026-06-24,Running,Morning Run in Serbia,"I am in a conference in Serbia, and I got some time to do a bit of running. Its usually fun to do it at new places, especially in hilly areas.",2026-06-24_07-53-14_hk_1782280394.fit,114,2026-06-24T05:55:11.000Z,113.000,285.3,,,75,2.498,34.93,44.248248,19.928466
2026-06-24,Running,Morning Run in Serbia,"I am in a conference in Serbia, and I got some time to do a bit of running. Its usually fun to do it at new places, especially in hilly areas.",2026-06-24_07-53-14_hk_1782280394.fit,115,2026-06-24T05:55:12.000Z,114.000,287.87,,,76,2.497,34.92,44.248266,19.928502
2026-06-24,Running,Morning Run in Serbia,"I am in a conference in Serbia, and I got some time to do a bit of running. Its usually fun to do it at new places, especially in hilly areas.",2026-06-24_07-53-14_hk_1782280394.fit,116,2026-06-24T05:55:13.000Z,115.000,290.38,,,76,2.495,34.91,44.248284,19.92852
2026-06-24,Running,Morning Run in Serbia,"I am in a conference in Serbia, and I got some time to do a bit of running. Its usually fun to do it at new places, especially in hilly areas.",2026-06-24_07-53-14_hk_1782280394.fit,117,2026-06-24T05:55:14.000Z,116.000,292.82,,,76,2.493,34.9,44.248302,19.928538
2026-06-24,Running,Morning Run in Serbia,"I am in a conference in Serbia, and I got some time to do a bit of running. Its usually fun to do it at new places, especially in hilly areas.",2026-06-24_07-53-14_hk_1782280394.fit,118,2026-06-24T05:55:15.000Z,117.000,295.25,,,76,2.508,34.9,44.24832,19.928556
2026-06-24,Running,Morning Run in Serbia,"I am in a conference in Serbia, and I got some time to do a bit of running. Its usually fun to do it at new places, especially in hilly areas.",2026-06-24_07-53-14_hk_1782280394.fit,119,2026-06-24T05:55:16.000Z,118.000,297.7,,,76,2.519,34.89,44.248338,19.928574
2026-06-24,Running,Morning Run in Serbia,"I am in a conference in Serbia, and I got some time to do a bit of running. Its usually fun to do it at new places, especially in hilly areas.",2026-06-24_07-53-14_hk_1782280394.fit,120,2026-06-24T05:55:17.000Z,119.000,300.22,,,76,2.532,34.88,44.248356,19.928592
2026-06-24,Running,Morning Run in Serbia,"I am in a conference in Serbia, and I got some time to do a bit of running. Its usually fun to do it at new places, especially in hilly areas.",2026-06-24_07-53-14_hk_1782280394.fit,121,2026-06-24T05:55:18.000Z,120.000,302.81,,,76,2.546,34.88,44.248374,19.92861
2026-06-24,Running,Morning Run in Serbia,"I am in a conference in Serbia, and I got some time to do a bit of running. Its usually fun to do it at new places, especially in hilly areas.",2026-06-24_07-53-14_hk_1782280394.fit,122,2026-06-24T05:55:19.000Z,121.000,305.47,,,76,2.558,34.87,44.248392,19.928628
2026-06-24,Running,Morning Run in Serbia,"I am in a conference in Serbia, and I got some time to do a bit of running. Its usually fun to do it at new places, especially in hilly areas.",2026-06-24_07-53-14_hk_1782280394.fit,123,2026-06-24T05:55:20.000Z,122.000,308.19,,,76,2.569,34.86,44.24841,19.928664
2026-06-24,Running,Morning Run in Serbia,"I am in a conference in Serbia, and I got some time to do a bit of running. Its usually fun to do it at new places, especially in hilly areas.",2026-06-24_07-53-14_hk_1782280394.fit,124,2026-06-24T05:55:21.000Z,123.000,310.94,,,76,2.578,34.86,44.248428,19.928682
2026-06-24,Running,Morning Run in Serbia,"I am in a conference in Serbia, and I got some time to do a bit of running. Its usually fun to do it at new places, especially in hilly areas.",2026-06-24_07-53-14_hk_1782280394.fit,125,2026-06-24T05:55:22.000Z,124.000,313.69,,,76,2.581,34.85,44.248446,19.9287
2026-06-24,Running,Morning Run in Serbia,"I am in a conference in Serbia, and I got some time to do a bit of running. Its usually fun to do it at new places, especially in hilly areas.",2026-06-24_07-53-14_hk_1782280394.fit,126,2026-06-24T05:55:23.000Z,125.000,316.39,,,76,2.579,34.85,44.248464,19.928736
2026-06-24,Running,Morning Run in Serbia,"I am in a conference in Serbia, and I got some time to do a bit of running. Its usually fun to do it at new places, especially in hilly areas.",2026-06-24_07-53-14_hk_1782280394.fit,127,2026-06-24T05:55:24.000Z,126.000,319,,,75,2.571,34.84,44.248482,19.928754
2026-06-24,Running,Morning Run in Serbia,"I am in a conference in Serbia, and I got some time to do a bit of running. Its usually fun to do it at new places, especially in hilly areas.",2026-06-24_07-53-14_hk_1782280394.fit,128,2026-06-24T05:55:25.000Z,127.000,321.53,,,75,2.562,34.83,44.248482,19.92879
2026-06-24,Running,Morning Run in Serbia,"I am in a conference in Serbia, and I got some time to do a bit of running. Its usually fun to do it at new places, especially in hilly areas.",2026-06-24_07-53-14_hk_1782280394.fit,129,2026-06-24T05:55:26.000Z,128.000,324.01,,,75,2.554,34.83,44.2485,19.928808
2026-06-24,Running,Morning Run in Serbia,"I am in a conference in Serbia, and I got some time to do a bit of running. Its usually fun to do it at new places, especially in hilly areas.",2026-06-24_07-53-14_hk_1782280394.fit,130,2026-06-24T05:55:27.000Z,129.000,326.5,,,75,2.554,34.82,44.248518,19.928844
2026-06-24,Running,Morning Run in Serbia,"I am in a conference in Serbia, and I got some time to do a bit of running. Its usually fun to do it at new places, especially in hilly areas.",2026-06-24_07-53-14_hk_1782280394.fit,131,2026-06-24T05:55:28.000Z,130.000,329,,,75,2.559,34.82,44.248536,19.928862
2026-06-24,Running,Morning Run in Serbia,"I am in a conference in Serbia, and I got some time to do a bit of running. Its usually fun to do it at new places, especially in hilly areas.",2026-06-24_07-53-14_hk_1782280394.fit,132,2026-06-24T05:55:29.000Z,131.000,331.52,,,75,2.566,34.81,44.248536,19.92888
2026-06-24,Running,Morning Run in Serbia,"I am in a conference in Serbia, and I got some time to do a bit of running. Its usually fun to do it at new places, especially in hilly areas.",2026-06-24_07-53-14_hk_1782280394.fit,133,2026-06-24T05:55:30.000Z,132.000,334.11,,,74,2.57,34.81,44.248554,19.928916
2026-06-24,Running,Morning Run in Serbia,"I am in a conference in Serbia, and I got some time to do a bit of running. Its usually fun to do it at new places, especially in hilly areas.",2026-06-24_07-53-14_hk_1782280394.fit,134,2026-06-24T05:55:31.000Z,133.000,336.78,,,74,2.574,34.8,44.248572,19.928934
2026-06-24,Running,Morning Run in Serbia,"I am in a conference in Serbia, and I got some time to do a bit of running. Its usually fun to do it at new places, especially in hilly areas.",2026-06-24_07-53-14_hk_1782280394.fit,135,2026-06-24T05:55:32.000Z,134.000,339.45,,,74,2.579,34.8,44.248572,19.92897
2026-06-24,Running,Morning Run in Serbia,"I am in a conference in Serbia, and I got some time to do a bit of running. Its usually fun to do it at new places, especially in hilly areas.",2026-06-24_07-53-14_hk_1782280394.fit,136,2026-06-24T05:55:33.000Z,135.000,342.07,,,76,2.585,34.79,44.24859,19.929006
2026-06-24,Running,Morning Run in Serbia,"I am in a conference in Serbia, and I got some time to do a bit of running. Its usually fun to do it at new places, especially in hilly areas.",2026-06-24_07-53-14_hk_1782280394.fit,137,2026-06-24T05:55:34.000Z,136.000,344.59,,,76,2.588,34.79,44.24859,19.929024
2026-06-24,Running,Morning Run in Serbia,"I am in a conference in Serbia, and I got some time to do a bit of running. Its usually fun to do it at new places, especially in hilly areas.",2026-06-24_07-53-14_hk_1782280394.fit,138,2026-06-24T05:55:35.000Z,137.000,347.01,,,76,2.588,34.78,44.248608,19.92906
2026-06-24,Running,Morning Run in Serbia,"I am in a conference in Serbia, and I got some time to do a bit of running. Its usually fun to do it at new places, especially in hilly areas.",2026-06-24_07-53-14_hk_1782280394.fit,139,2026-06-24T05:55:36.000Z,138.000,349.36,,,76,2.583,34.78,44.248608,19.929096
2026-06-24,Running,Morning Run in Serbia,"I am in a conference in Serbia, and I got some time to do a bit of running. Its usually fun to do it at new places, especially in hilly areas.",2026-06-24_07-53-14_hk_1782280394.fit,140,2026-06-24T05:55:37.000Z,139.000,351.71,,,76,2.575,34.78,44.248608,19.929114
2026-06-24,Running,Morning Run in Serbia,"I am in a conference in Serbia, and I got some time to do a bit of running. Its usually fun to do it at new places, especially in hilly areas.",2026-06-24_07-53-14_hk_1782280394.fit,141,2026-06-24T05:55:38.000Z,140.000,354.16,,,76,2.567,34.77,44.248608,19.92915
2026-06-24,Running,Morning Run in Serbia,"I am in a conference in Serbia, and I got some time to do a bit of running. Its usually fun to do it at new places, especially in hilly areas.",2026-06-24_07-53-14_hk_1782280394.fit,142,2026-06-24T05:55:39.000Z,141.000,356.68,,,74,2.561,34.77,44.248608,19.929186
2026-06-24,Running,Morning Run in Serbia,"I am in a conference in Serbia, and I got some time to do a bit of running. Its usually fun to do it at new places, especially in hilly areas.",2026-06-24_07-53-14_hk_1782280394.fit,143,2026-06-24T05:55:40.000Z,142.000,359.25,,,74,2.553,34.76,44.248608,19.929222
2026-06-24,Running,Morning Run in Serbia,"I am in a conference in Serbia, and I got some time to do a bit of running. Its usually fun to do it at new places, especially in hilly areas.",2026-06-24_07-53-14_hk_1782280394.fit,144,2026-06-24T05:55:41.000Z,143.000,361.89,,,74,2.547,34.76,44.248608,19.92924
2026-06-24,Running,Morning Run in Serbia,"I am in a conference in Serbia, and I got some time to do a bit of running. Its usually fun to do it at new places, especially in hilly areas.",2026-06-24_07-53-14_hk_1782280394.fit,145,2026-06-24T05:55:42.000Z,144.000,364.57,,,76,2.544,34.75,44.248608,19.929276
2026-06-24,Running,Morning Run in Serbia,"I am in a conference in Serbia, and I got some time to do a bit of running. Its usually fun to do it at new places, especially in hilly areas.",2026-06-24_07-53-14_hk_1782280394.fit,146,2026-06-24T05:55:43.000Z,145.000,367.24,,,76,2.543,34.75,44.248626,19.929312
2026-06-24,Running,Morning Run in Serbia,"I am in a conference in Serbia, and I got some time to do a bit of running. Its usually fun to do it at new places, especially in hilly areas.",2026-06-24_07-53-14_hk_1782280394.fit,147,2026-06-24T05:55:44.000Z,146.000,369.88,,,76,2.544,34.74,44.248626,19.929348
2026-06-24,Running,Morning Run in Serbia,"I am in a conference in Serbia, and I got some time to do a bit of running. Its usually fun to do it at new places, especially in hilly areas.",2026-06-24_07-53-14_hk_1782280394.fit,148,2026-06-24T05:55:45.000Z,147.000,372.49,,,76,2.548,34.74,44.248626,19.929384
2026-06-24,Running,Morning Run in Serbia,"I am in a conference in Serbia, and I got some time to do a bit of running. Its usually fun to do it at new places, especially in hilly areas.",2026-06-24_07-53-14_hk_1782280394.fit,149,2026-06-24T05:55:46.000Z,148.000,375.18,,,76,2.559,34.74,44.248626,19.92942
2026-06-24,Running,Morning Run in Serbia,"I am in a conference in Serbia, and I got some time to do a bit of running. Its usually fun to do it at new places, especially in hilly areas.",2026-06-24_07-53-14_hk_1782280394.fit,150,2026-06-24T05:55:47.000Z,149.000,377.86,,,76,2.568,34.73,44.248644,19.929438
2026-06-24,Running,Morning Run in Serbia,"I am in a conference in Serbia, and I got some time to do a bit of running. Its usually fun to do it at new places, especially in hilly areas.",2026-06-24_07-53-14_hk_1782280394.fit,151,2026-06-24T05:55:48.000Z,150.000,380.48,,,79,2.574,34.73,44.248644,19.929474
2026-06-24,Running,Morning Run in Serbia,"I am in a conference in Serbia, and I got some time to do a bit of running. Its usually fun to do it at new places, especially in hilly areas.",2026-06-24_07-53-14_hk_1782280394.fit,152,2026-06-24T05:55:49.000Z,151.000,383.03,,,79,2.576,34.72,44.248644,19.92951
2026-06-24,Running,Morning Run in Serbia,"I am in a conference in Serbia, and I got some time to do a bit of running. Its usually fun to do it at new places, especially in hilly areas.",2026-06-24_07-53-14_hk_1782280394.fit,153,2026-06-24T05:55:50.000Z,152.000,385.5,,,79,2.57,34.71,44.248662,19.929546
2026-06-24,Running,Morning Run in Serbia,"I am in a conference in Serbia, and I got some time to do a bit of running. Its usually fun to do it at new places, especially in hilly areas.",2026-06-24_07-53-14_hk_1782280394.fit,154,2026-06-24T05:55:51.000Z,153.000,387.95,,,76,2.559,34.71,44.248662,19.929564
2026-06-24,Running,Morning Run in Serbia,"I am in a conference in Serbia, and I got some time to do a bit of running. Its usually fun to do it at new places, especially in hilly areas.",2026-06-24_07-53-14_hk_1782280394.fit,155,2026-06-24T05:55:52.000Z,154.000,390.41,,,76,2.548,34.7,44.248662,19.9296
2026-06-24,Running,Morning Run in Serbia,"I am in a conference in Serbia, and I got some time to do a bit of running. Its usually fun to do it at new places, especially in hilly areas.",2026-06-24_07-53-14_hk_1782280394.fit,156,2026-06-24T05:55:53.000Z,155.000,392.84,,,76,2.538,34.69,44.24868,19.929636
2026-06-24,Running,Morning Run in Serbia,"I am in a conference in Serbia, and I got some time to do a bit of running. Its usually fun to do it at new places, especially in hilly areas.",2026-06-24_07-53-14_hk_1782280394.fit,157,2026-06-24T05:55:54.000Z,156.000,395.25,,,74,2.533,34.68,44.24868,19.929654
2026-06-24,Running,Morning Run in Serbia,"I am in a conference in Serbia, and I got some time to do a bit of running. Its usually fun to do it at new places, especially in hilly areas.",2026-06-24_07-53-14_hk_1782280394.fit,158,2026-06-24T05:55:55.000Z,157.000,397.63,,,74,2.531,34.67,44.24868,19.92969
2026-06-24,Running,Morning Run in Serbia,"I am in a conference in Serbia, and I got some time to do a bit of running. Its usually fun to do it at new places, especially in hilly areas.",2026-06-24_07-53-14_hk_1782280394.fit,159,2026-06-24T05:55:56.000Z,158.000,400.03,,,74,2.533,34.65,44.24868,19.929726
2026-06-24,Running,Morning Run in Serbia,"I am in a conference in Serbia, and I got some time to do a bit of running. Its usually fun to do it at new places, especially in hilly areas.",2026-06-24_07-53-14_hk_1782280394.fit,160,2026-06-24T05:55:57.000Z,159.000,402.41,,,75,2.535,34.64,44.248698,19.929744
2026-06-24,Running,Morning Run in Serbia,"I am in a conference in Serbia, and I got some time to do a bit of running. Its usually fun to do it at new places, especially in hilly areas.",2026-06-24_07-53-14_hk_1782280394.fit,161,2026-06-24T05:55:58.000Z,160.000,404.85,,,75,2.535,34.63,44.248698,19.92978
2026-06-24,Running,Morning Run in Serbia,"I am in a conference in Serbia, and I got some time to do a bit of running. Its usually fun to do it at new places, especially in hilly areas.",2026-06-24_07-53-14_hk_1782280394.fit,162,2026-06-24T05:55:59.000Z,161.000,407.37,,,75,2.534,34.61,44.248698,19.929816
2026-06-24,Running,Morning Run in Serbia,"I am in a conference in Serbia, and I got some time to do a bit of running. Its usually fun to do it at new places, especially in hilly areas.",2026-06-24_07-53-14_hk_1782280394.fit,163,2026-06-24T05:56:00.000Z,162.000,409.95,,,75,2.535,34.6,44.248716,19.929834
2026-06-24,Running,Morning Run in Serbia,"I am in a conference in Serbia, and I got some time to do a bit of running. Its usually fun to do it at new places, especially in hilly areas.",2026-06-24_07-53-14_hk_1782280394.fit,164,2026-06-24T05:56:01.000Z,163.000,412.53,,,75,2.532,34.59,44.248716,19.92987
2026-06-24,Running,Morning Run in Serbia,"I am in a conference in Serbia, and I got some time to do a bit of running. Its usually fun to do it at new places, especially in hilly areas.",2026-06-24_07-53-14_hk_1782280394.fit,165,2026-06-24T05:56:02.000Z,164.000,415.09,,,75,2.526,34.57,44.248716,19.929906
2026-06-24,Running,Morning Run in Serbia,"I am in a conference in Serbia, and I got some time to do a bit of running. Its usually fun to do it at new places, especially in hilly areas.",2026-06-24_07-53-14_hk_1782280394.fit,166,2026-06-24T05:56:03.000Z,165.000,417.6,,,76,2.518,34.56,44.248734,19.929942
2026-06-24,Running,Morning Run in Serbia,"I am in a conference in Serbia, and I got some time to do a bit of running. Its usually fun to do it at new places, especially in hilly areas.",2026-06-24_07-53-14_hk_1782280394.fit,167,2026-06-24T05:56:04.000Z,166.000,420.14,,,76,2.513,34.54,44.248734,19.92996
2026-06-24,Running,Morning Run in Serbia,"I am in a conference in Serbia, and I got some time to do a bit of running. Its usually fun to do it at new places, especially in hilly areas.",2026-06-24_07-53-14_hk_1782280394.fit,168,2026-06-24T05:56:05.000Z,167.000,422.74,,,76,2.512,34.53,44.248734,19.929996
2026-06-24,Running,Morning Run in Serbia,"I am in a conference in Serbia, and I got some time to do a bit of running. Its usually fun to do it at new places, especially in hilly areas.",2026-06-24_07-53-14_hk_1782280394.fit,169,2026-06-24T05:56:06.000Z,168.000,425.37,,,76,2.51,34.52,44.248734,19.930032
2026-06-24,Running,Morning Run in Serbia,"I am in a conference in Serbia, and I got some time to do a bit of running. Its usually fun to do it at new places, especially in hilly areas.",2026-06-24_07-53-14_hk_1782280394.fit,170,2026-06-24T05:56:07.000Z,169.000,428.02,,,76,2.508,34.5,44.248734,19.930068
2026-06-24,Running,Morning Run in Serbia,"I am in a conference in Serbia, and I got some time to do a bit of running. Its usually fun to do it at new places, especially in hilly areas.",2026-06-24_07-53-14_hk_1782280394.fit,171,2026-06-24T05:56:08.000Z,170.000,430.68,,,76,2.51,34.49,44.248734,19.930104
2026-06-24,Running,Morning Run in Serbia,"I am in a conference in Serbia, and I got some time to do a bit of running. Its usually fun to do it at new places, especially in hilly areas.",2026-06-24_07-53-14_hk_1782280394.fit,172,2026-06-24T05:56:09.000Z,171.000,433.33,,,76,2.515,34.48,44.248752,19.930122
2026-06-24,Running,Morning Run in Serbia,"I am in a conference in Serbia, and I got some time to do a bit of running. Its usually fun to do it at new places, especially in hilly areas.",2026-06-24_07-53-14_hk_1782280394.fit,173,2026-06-24T05:56:10.000Z,172.000,435.97,,,76,2.523,34.47,44.248752,19.930158
2026-06-24,Running,Morning Run in Serbia,"I am in a conference in Serbia, and I got some time to do a bit of running. Its usually fun to do it at new places, especially in hilly areas.",2026-06-24_07-53-14_hk_1782280394.fit,174,2026-06-24T05:56:11.000Z,173.000,438.63,,,76,2.534,34.45,44.248752,19.930194
2026-06-24,Running,Morning Run in Serbia,"I am in a conference in Serbia, and I got some time to do a bit of running. Its usually fun to do it at new places, especially in hilly areas.",2026-06-24_07-53-14_hk_1782280394.fit,175,2026-06-24T05:56:12.000Z,174.000,441.32,,,76,2.546,34.44,44.24877,19.93023
2026-06-24,Running,Morning Run in Serbia,"I am in a conference in Serbia, and I got some time to do a bit of running. Its usually fun to do it at new places, especially in hilly areas.",2026-06-24_07-53-14_hk_1782280394.fit,176,2026-06-24T05:56:13.000Z,175.000,444.05,,,76,2.56,34.43,44.24877,19.930266
2026-06-24,Running,Morning Run in Serbia,"I am in a conference in Serbia, and I got some time to do a bit of running. Its usually fun to do it at new places, especially in hilly areas.",2026-06-24_07-53-14_hk_1782280394.fit,177,2026-06-24T05:56:14.000Z,176.000,446.78,,,76,2.577,34.42,44.24877,19.930302
2026-06-24,Running,Morning Run in Serbia,"I am in a conference in Serbia, and I got some time to do a bit of running. Its usually fun to do it at new places, especially in hilly areas.",2026-06-24_07-53-14_hk_1782280394.fit,178,2026-06-24T05:56:15.000Z,177.000,449.52,,,76,2.594,34.41,44.24877,19.930338
2026-06-24,Running,Morning Run in Serbia,"I am in a conference in Serbia, and I got some time to do a bit of running. Its usually fun to do it at new places, especially in hilly areas.",2026-06-24_07-53-14_hk_1782280394.fit,179,2026-06-24T05:56:16.000Z,178.000,452.26,,,76,2.612,34.4,44.24877,19.930374
2026-06-24,Running,Morning Run in Serbia,"I am in a conference in Serbia, and I got some time to do a bit of running. Its usually fun to do it at new places, especially in hilly areas.",2026-06-24_07-53-14_hk_1782280394.fit,180,2026-06-24T05:56:17.000Z,179.000,454.9,,,76,2.634,34.39,44.248788,19.930392
2026-06-24,Running,Morning Run in Serbia,"I am in a conference in Serbia, and I got some time to do a bit of running. Its usually fun to do it at new places, especially in hilly areas.",2026-06-24_07-53-14_hk_1782280394.fit,181,2026-06-24T05:56:18.000Z,180.000,457.45,,,76,2.636,34.38,44.248788,19.930428
2026-06-24,Running,Morning Run in Serbia,"I am in a conference in Serbia, and I got some time to do a bit of running. Its usually fun to do it at new places, especially in hilly areas.",2026-06-24_07-53-14_hk_1782280394.fit,182,2026-06-24T05:56:19.000Z,181.000,460.03,,,76,2.636,34.37,44.248788,19.930464
2026-06-24,Running,Morning Run in Serbia,"I am in a conference in Serbia, and I got some time to do a bit of running. Its usually fun to do it at new places, especially in hilly areas.",2026-06-24_07-53-14_hk_1782280394.fit,183,2026-06-24T05:56:20.000Z,182.000,462.66,,,76,2.638,34.36,44.248806,19.9305
2026-06-24,Running,Morning Run in Serbia,"I am in a conference in Serbia, and I got some time to do a bit of running. Its usually fun to do it at new places, especially in hilly areas.",2026-06-24_07-53-14_hk_1782280394.fit,184,2026-06-24T05:56:21.000Z,183.000,465.28,,,76,2.641,34.36,44.248806,19.930518
2026-06-24,Running,Morning Run in Serbia,"I am in a conference in Serbia, and I got some time to do a bit of running. Its usually fun to do it at new places, especially in hilly areas.",2026-06-24_07-53-14_hk_1782280394.fit,185,2026-06-24T05:56:22.000Z,184.000,467.88,,,76,2.646,34.35,44.248824,19.930554
2026-06-24,Running,Morning Run in Serbia,"I am in a conference in Serbia, and I got some time to do a bit of running. Its usually fun to do it at new places, especially in hilly areas.",2026-06-24_07-53-14_hk_1782280394.fit,186,2026-06-24T05:56:23.000Z,185.000,470.47,,,76,2.649,34.34,44.248824,19.93059
2026-06-24,Running,Morning Run in Serbia,"I am in a conference in Serbia, and I got some time to do a bit of running. Its usually fun to do it at new places, especially in hilly areas.",2026-06-24_07-53-14_hk_1782280394.fit,187,2026-06-24T05:56:24.000Z,186.000,473.07,,,76,2.649,34.33,44.248824,19.930626
2026-06-24,Running,Morning Run in Serbia,"I am in a conference in Serbia, and I got some time to do a bit of running. Its usually fun to do it at new places, especially in hilly areas.",2026-06-24_07-53-14_hk_1782280394.fit,188,2026-06-24T05:56:25.000Z,187.000,475.66,,,76,2.647,34.32,44.248842,19.930644
2026-06-24,Running,Morning Run in Serbia,"I am in a conference in Serbia, and I got some time to do a bit of running. Its usually fun to do it at new places, especially in hilly areas.",2026-06-24_07-53-14_hk_1782280394.fit,189,2026-06-24T05:56:26.000Z,188.000,478.33,,,76,2.648,34.31,44.248842,19.93068
2026-06-24,Running,Morning Run in Serbia,"I am in a conference in Serbia, and I got some time to do a bit of running. Its usually fun to do it at new places, especially in hilly areas.",2026-06-24_07-53-14_hk_1782280394.fit,190,2026-06-24T05:56:27.000Z,189.000,481.03,,,74,2.65,34.31,44.248842,19.930716
2026-06-24,Running,Morning Run in Serbia,"I am in a conference in Serbia, and I got some time to do a bit of running. Its usually fun to do it at new places, especially in hilly areas.",2026-06-24_07-53-14_hk_1782280394.fit,191,2026-06-24T05:56:28.000Z,190.000,483.69,,,74,2.651,34.3,44.24886,19.930752
2026-06-24,Running,Morning Run in Serbia,"I am in a conference in Serbia, and I got some time to do a bit of running. Its usually fun to do it at new places, especially in hilly areas.",2026-06-24_07-53-14_hk_1782280394.fit,192,2026-06-24T05:56:29.000Z,191.000,486.34,,,74,2.651,34.29,44.24886,19.930788
2026-06-24,Running,Morning Run in Serbia,"I am in a conference in Serbia, and I got some time to do a bit of running. Its usually fun to do it at new places, especially in hilly areas.",2026-06-24_07-53-14_hk_1782280394.fit,193,2026-06-24T05:56:30.000Z,192.000,489.03,,,75,2.653,34.28,44.24886,19.930824
2026-06-24,Running,Morning Run in Serbia,"I am in a conference in Serbia, and I got some time to do a bit of running. Its usually fun to do it at new places, especially in hilly areas.",2026-06-24_07-53-14_hk_1782280394.fit,194,2026-06-24T05:56:31.000Z,193.000,491.75,,,75,2.654,34.28,44.24886,19.930842
2026-06-24,Running,Morning Run in Serbia,"I am in a conference in Serbia, and I got some time to do a bit of running. Its usually fun to do it at new places, especially in hilly areas.",2026-06-24_07-53-14_hk_1782280394.fit,195,2026-06-24T05:56:32.000Z,194.000,494.48,,,75,2.654,34.27,44.24886,19.930878
2026-06-24,Running,Morning Run in Serbia,"I am in a conference in Serbia, and I got some time to do a bit of running. Its usually fun to do it at new places, especially in hilly areas.",2026-06-24_07-53-14_hk_1782280394.fit,196,2026-06-24T05:56:33.000Z,195.000,497.11,,,75,2.649,34.26,44.24886,19.930914
2026-06-24,Running,Morning Run in Serbia,"I am in a conference in Serbia, and I got some time to do a bit of running. Its usually fun to do it at new places, especially in hilly areas.",2026-06-24_07-53-14_hk_1782280394.fit,197,2026-06-24T05:56:34.000Z,196.000,499.64,,,75,2.638,34.26,44.248878,19.93095
2026-06-24,Running,Morning Run in Serbia,"I am in a conference in Serbia, and I got some time to do a bit of running. Its usually fun to do it at new places, especially in hilly areas.",2026-06-24_07-53-14_hk_1782280394.fit,198,2026-06-24T05:56:35.000Z,197.000,502.1,,,75,2.629,34.25,44.248878,19.930986
2026-06-24,Running,Morning Run in Serbia,"I am in a conference in Serbia, and I got some time to do a bit of running. Its usually fun to do it at new places, especially in hilly areas.",2026-06-24_07-53-14_hk_1782280394.fit,199,2026-06-24T05:56:36.000Z,198.000,504.52,,,76,2.613,34.24,44.248878,19.931004
2026-06-24,Running,Morning Run in Serbia,"I am in a conference in Serbia, and I got some time to do a bit of running. Its usually fun to do it at new places, especially in hilly areas.",2026-06-24_07-53-14_hk_1782280394.fit,200,2026-06-24T05:56:37.000Z,199.000,506.96,,,76,2.603,34.23,44.248878,19.93104
2026-06-24,Running,Morning Run in Serbia,"I am in a conference in Serbia, and I got some time to do a bit of running. Its usually fun to do it at new places, especially in hilly areas.",2026-06-24_07-53-14_hk_1782280394.fit,201,2026-06-24T05:56:38.000Z,200.000,509.35,,,76,2.595,34.23,44.248878,19.931076
2026-06-24,Running,Morning Run in Serbia,"I am in a conference in Serbia, and I got some time to do a bit of running. Its usually fun to do it at new places, especially in hilly areas.",2026-06-24_07-53-14_hk_1782280394.fit,202,2026-06-24T05:56:39.000Z,201.000,511.65,,,74,2.581,34.22,44.248896,19.931094
2026-06-24,Running,Morning Run in Serbia,"I am in a conference in Serbia, and I got some time to do a bit of running. Its usually fun to do it at new places, especially in hilly areas.",2026-06-24_07-53-14_hk_1782280394.fit,203,2026-06-24T05:56:40.000Z,202.000,514.01,,,74,2.568,34.22,44.248896,19.93113
2026-06-24,Running,Morning Run in Serbia,"I am in a conference in Serbia, and I got some time to do a bit of running. Its usually fun to do it at new places, especially in hilly areas.",2026-06-24_07-53-14_hk_1782280394.fit,204,2026-06-24T05:56:41.000Z,203.000,516.43,,,74,2.558,34.21,44.248896,19.931166
2026-06-24,Running,Morning Run in Serbia,"I am in a conference in Serbia, and I got some time to do a bit of running. Its usually fun to do it at new places, especially in hilly areas.",2026-06-24_07-53-14_hk_1782280394.fit,205,2026-06-24T05:56:42.000Z,204.000,518.87,,,76,2.55,34.2,44.248896,19.931184
2026-06-24,Running,Morning Run in Serbia,"I am in a conference in Serbia, and I got some time to do a bit of running. Its usually fun to do it at new places, especially in hilly areas.",2026-06-24_07-53-14_hk_1782280394.fit,206,2026-06-24T05:56:43.000Z,205.000,521.32,,,76,2.543,34.2,44.248896,19.93122
2026-06-24,Running,Morning Run in Serbia,"I am in a conference in Serbia, and I got some time to do a bit of running. Its usually fun to do it at new places, especially in hilly areas.",2026-06-24_07-53-14_hk_1782280394.fit,207,2026-06-24T05:56:44.000Z,206.000,523.79,,,76,2.536,34.19,44.248914,19.931256
2026-06-24,Running,Morning Run in Serbia,"I am in a conference in Serbia, and I got some time to do a bit of running. Its usually fun to do it at new places, especially in hilly areas.",2026-06-24_07-53-14_hk_1782280394.fit,208,2026-06-24T05:56:45.000Z,207.000,526.24,,,74,2.529,34.19,44.248914,19.931274
2026-06-24,Running,Morning Run in Serbia,"I am in a conference in Serbia, and I got some time to do a bit of running. Its usually fun to do it at new places, especially in hilly areas.",2026-06-24_07-53-14_hk_1782280394.fit,209,2026-06-24T05:56:46.000Z,208.000,528.62,,,74,2.515,34.18,44.248914,19.93131
2026-06-24,Running,Morning Run in Serbia,"I am in a conference in Serbia, and I got some time to do a bit of running. Its usually fun to do it at new places, especially in hilly areas.",2026-06-24_07-53-14_hk_1782280394.fit,210,2026-06-24T05:56:47.000Z,209.000,530.99,,,74,2.508,34.18,44.248932,19.931328
2026-06-24,Running,Morning Run in Serbia,"I am in a conference in Serbia, and I got some time to do a bit of running. Its usually fun to do it at new places, especially in hilly areas.",2026-06-24_07-53-14_hk_1782280394.fit,211,2026-06-24T05:56:48.000Z,210.000,533.41,,,76,2.494,34.17,44.248932,19.931364
2026-06-24,Running,Morning Run in Serbia,"I am in a conference in Serbia, and I got some time to do a bit of running. Its usually fun to do it at new places, especially in hilly areas.",2026-06-24_07-53-14_hk_1782280394.fit,212,2026-06-24T05:56:49.000Z,211.000,535.84,,,76,2.483,34.17,44.248932,19.9314
2026-06-24,Running,Morning Run in Serbia,"I am in a conference in Serbia, and I got some time to do a bit of running. Its usually fun to do it at new places, especially in hilly areas.",2026-06-24_07-53-14_hk_1782280394.fit,213,2026-06-24T05:56:50.000Z,212.000,538.31,,,76,2.474,34.16,44.24895,19.931418
2026-06-24,Running,Morning Run in Serbia,"I am in a conference in Serbia, and I got some time to do a bit of running. Its usually fun to do it at new places, especially in hilly areas.",2026-06-24_07-53-14_hk_1782280394.fit,214,2026-06-24T05:56:51.000Z,213.000,540.91,,,75,2.471,34.16,44.24895,19.931454
2026-06-24,Running,Morning Run in Serbia,"I am in a conference in Serbia, and I got some time to do a bit of running. Its usually fun to do it at new places, especially in hilly areas.",2026-06-24_07-53-14_hk_1782280394.fit,215,2026-06-24T05:56:52.000Z,214.000,543.62,,,75,2.47,34.16,44.24895,19.93149
2026-06-24,Running,Morning Run in Serbia,"I am in a conference in Serbia, and I got some time to do a bit of running. Its usually fun to do it at new places, especially in hilly areas.",2026-06-24_07-53-14_hk_1782280394.fit,216,2026-06-24T05:56:53.000Z,215.000,546.29,,,75,2.467,34.15,44.248968,19.931526
2026-06-24,Running,Morning Run in Serbia,"I am in a conference in Serbia, and I got some time to do a bit of running. Its usually fun to do it at new places, especially in hilly areas.",2026-06-24_07-53-14_hk_1782280394.fit,217,2026-06-24T05:56:54.000Z,216.000,548.89,,,75,2.465,34.15,44.248968,19.931562
2026-06-24,Running,Morning Run in Serbia,"I am in a conference in Serbia, and I got some time to do a bit of running. Its usually fun to do it at new places, especially in hilly areas.",2026-06-24_07-53-14_hk_1782280394.fit,218,2026-06-24T05:56:55.000Z,217.000,551.44,,,75,2.467,34.14,44.248968,19.93158
2026-06-24,Running,Morning Run in Serbia,"I am in a conference in Serbia, and I got some time to do a bit of running. Its usually fun to do it at new places, especially in hilly areas.",2026-06-24_07-53-14_hk_1782280394.fit,219,2026-06-24T05:56:56.000Z,218.000,553.93,,,75,2.468,34.14,44.248986,19.931616
2026-06-24,Running,Morning Run in Serbia,"I am in a conference in Serbia, and I got some time to do a bit of running. Its usually fun to do it at new places, especially in hilly areas.",2026-06-24_07-53-14_hk_1782280394.fit,220,2026-06-24T05:56:57.000Z,219.000,556.39,,,74,2.47,34.13,44.248986,19.931652
2026-06-24,Running,Morning Run in Serbia,"I am in a conference in Serbia, and I got some time to do a bit of running. Its usually fun to do it at new places, especially in hilly areas.",2026-06-24_07-53-14_hk_1782280394.fit,221,2026-06-24T05:56:58.000Z,220.000,558.9,,,74,2.473,34.13,44.248986,19.93167
2026-06-24,Running,Morning Run in Serbia,"I am in a conference in Serbia, and I got some time to do a bit of running. Its usually fun to do it at new places, especially in hilly areas.",2026-06-24_07-53-14_hk_1782280394.fit,222,2026-06-24T05:56:59.000Z,221.000,561.44,,,74,2.481,34.13,44.249004,19.931706
2026-06-24,Running,Morning Run in Serbia,"I am in a conference in Serbia, and I got some time to do a bit of running. Its usually fun to do it at new places, especially in hilly areas.",2026-06-24_07-53-14_hk_1782280394.fit,223,2026-06-24T05:57:00.000Z,222.000,563.95,,,76,2.49,34.12,44.249004,19.931742
2026-06-24,Running,Morning Run in Serbia,"I am in a conference in Serbia, and I got some time to do a bit of running. Its usually fun to do it at new places, especially in hilly areas.",2026-06-24_07-53-14_hk_1782280394.fit,224,2026-06-24T05:57:01.000Z,223.000,566.42,,,76,2.495,34.12,44.249022,19.93176
2026-06-24,Running,Morning Run in Serbia,"I am in a conference in Serbia, and I got some time to do a bit of running. Its usually fun to do it at new places, especially in hilly areas.",2026-06-24_07-53-14_hk_1782280394.fit,225,2026-06-24T05:57:02.000Z,224.000,568.88,,,76,2.5,34.11,44.249022,19.931796
2026-06-24,Running,Morning Run in Serbia,"I am in a conference in Serbia, and I got some time to do a bit of running. Its usually fun to do it at new places, especially in hilly areas.",2026-06-24_07-53-14_hk_1782280394.fit,226,2026-06-24T05:57:03.000Z,225.000,571.32,,,75,2.498,34.11,44.24904,19.931814
2026-06-24,Running,Morning Run in Serbia,"I am in a conference in Serbia, and I got some time to do a bit of running. Its usually fun to do it at new places, especially in hilly areas.",2026-06-24_07-53-14_hk_1782280394.fit,227,2026-06-24T05:57:04.000Z,226.000,573.69,,,75,2.494,34.1,44.24904,19.93185
2026-06-24,Running,Morning Run in Serbia,"I am in a conference in Serbia, and I got some time to do a bit of running. Its usually fun to do it at new places, especially in hilly areas.",2026-06-24_07-53-14_hk_1782280394.fit,228,2026-06-24T05:57:05.000Z,227.000,576,,,75,2.486,34.1,44.249058,19.931868
2026-06-24,Running,Morning Run in Serbia,"I am in a conference in Serbia, and I got some time to do a bit of running. Its usually fun to do it at new places, especially in hilly areas.",2026-06-24_07-53-14_hk_1782280394.fit,229,2026-06-24T05:57:06.000Z,228.000,578.31,,,74,2.48,34.09,44.249076,19.931904
2026-06-24,Running,Morning Run in Serbia,"I am in a conference in Serbia, and I got some time to do a bit of running. Its usually fun to do it at new places, especially in hilly areas.",2026-06-24_07-53-14_hk_1782280394.fit,230,2026-06-24T05:57:07.000Z,229.000,580.67,,,74,2.479,34.09,44.249076,19.931922
2026-06-24,Running,Morning Run in Serbia,"I am in a conference in Serbia, and I got some time to do a bit of running. Its usually fun to do it at new places, especially in hilly areas.",2026-06-24_07-53-14_hk_1782280394.fit,231,2026-06-24T05:57:08.000Z,230.000,583.09,,,74,2.481,34.08,44.249094,19.93194
2026-06-24,Running,Morning Run in Serbia,"I am in a conference in Serbia, and I got some time to do a bit of running. Its usually fun to do it at new places, especially in hilly areas.",2026-06-24_07-53-14_hk_1782280394.fit,232,2026-06-24T05:57:09.000Z,231.000,585.59,,,74,2.485,34.08,44.249112,19.931958
2026-06-24,Running,Morning Run in Serbia,"I am in a conference in Serbia, and I got some time to do a bit of running. Its usually fun to do it at new places, especially in hilly areas.",2026-06-24_07-53-14_hk_1782280394.fit,233,2026-06-24T05:57:10.000Z,232.000,588.15,,,74,2.491,34.08,44.24913,19.931976
2026-06-24,Running,Morning Run in Serbia,"I am in a conference in Serbia, and I got some time to do a bit of running. Its usually fun to do it at new places, especially in hilly areas.",2026-06-24_07-53-14_hk_1782280394.fit,234,2026-06-24T05:57:11.000Z,233.000,590.75,,,74,2.497,34.07,44.249148,19.931994
2026-06-24,Running,Morning Run in Serbia,"I am in a conference in Serbia, and I got some time to do a bit of running. Its usually fun to do it at new places, especially in hilly areas.",2026-06-24_07-53-14_hk_1782280394.fit,235,2026-06-24T05:57:12.000Z,234.000,593.32,,,75,2.496,34.07,44.249166,19.93203
2026-06-24,Running,Morning Run in Serbia,"I am in a conference in Serbia, and I got some time to do a bit of running. Its usually fun to do it at new places, especially in hilly areas.",2026-06-24_07-53-14_hk_1782280394.fit,236,2026-06-24T05:57:13.000Z,235.000,595.88,,,75,2.488,34.07,44.249184,19.932048
2026-06-24,Running,Morning Run in Serbia,"I am in a conference in Serbia, and I got some time to do a bit of running. Its usually fun to do it at new places, especially in hilly areas.",2026-06-24_07-53-14_hk_1782280394.fit,237,2026-06-24T05:57:14.000Z,236.000,598.43,,,75,2.483,34.07,44.249202,19.932066
2026-06-24,Running,Morning Run in Serbia,"I am in a conference in Serbia, and I got some time to do a bit of running. Its usually fun to do it at new places, especially in hilly areas.",2026-06-24_07-53-14_hk_1782280394.fit,238,2026-06-24T05:57:15.000Z,237.000,600.97,,,76,2.48,34.06,44.24922,19.932084
2026-06-24,Running,Morning Run in Serbia,"I am in a conference in Serbia, and I got some time to do a bit of running. Its usually fun to do it at new places, especially in hilly areas.",2026-06-24_07-53-14_hk_1782280394.fit,239,2026-06-24T05:57:16.000Z,238.000,603.51,,,76,2.48,34.06,44.249238,19.932102
2026-06-24,Running,Morning Run in Serbia,"I am in a conference in Serbia, and I got some time to do a bit of running. Its usually fun to do it at new places, especially in hilly areas.",2026-06-24_07-53-14_hk_1782280394.fit,240,2026-06-24T05:57:17.000Z,239.000,606.03,,,76,2.481,34.06,44.249256,19.93212
2026-06-24,Running,Morning Run in Serbia,"I am in a conference in Serbia, and I got some time to do a bit of running. Its usually fun to do it at new places, especially in hilly areas.",2026-06-24_07-53-14_hk_1782280394.fit,241,2026-06-24T05:57:18.000Z,240.000,608.49,,,76,2.481,34.06,44.249274,19.932138
2026-06-24,Running,Morning Run in Serbia,"I am in a conference in Serbia, and I got some time to do a bit of running. Its usually fun to do it at new places, especially in hilly areas.",2026-06-24_07-53-14_hk_1782280394.fit,242,2026-06-24T05:57:19.000Z,241.000,610.91,,,76,2.477,34.06,44.249292,19.932156
2026-06-24,Running,Morning Run in Serbia,"I am in a conference in Serbia, and I got some time to do a bit of running. Its usually fun to do it at new places, especially in hilly areas.",2026-06-24_07-53-14_hk_1782280394.fit,243,2026-06-24T05:57:20.000Z,242.000,613.3,,,76,2.469,34.06,44.24931,19.932174
2026-06-24,Running,Morning Run in Serbia,"I am in a conference in Serbia, and I got some time to do a bit of running. Its usually fun to do it at new places, especially in hilly areas.",2026-06-24_07-53-14_hk_1782280394.fit,244,2026-06-24T05:57:21.000Z,243.000,615.68,,,75,2.464,34.06,44.249328,19.932192
2026-06-24,Running,Morning Run in Serbia,"I am in a conference in Serbia, and I got some time to do a bit of running. Its usually fun to do it at new places, especially in hilly areas.",2026-06-24_07-53-14_hk_1782280394.fit,245,2026-06-24T05:57:22.000Z,244.000,618.07,,,75,2.459,34.06,44.249346,19.93221
2026-06-24,Running,Morning Run in Serbia,"I am in a conference in Serbia, and I got some time to do a bit of running. Its usually fun to do it at new places, especially in hilly areas.",2026-06-24_07-53-14_hk_1782280394.fit,246,2026-06-24T05:57:23.000Z,245.000,620.47,,,75,2.457,34.06,44.249364,19.93221
2026-06-24,Running,Morning Run in Serbia,"I am in a conference in Serbia, and I got some time to do a bit of running. Its usually fun to do it at new places, especially in hilly areas.",2026-06-24_07-53-14_hk_1782280394.fit,247,2026-06-24T05:57:24.000Z,246.000,622.91,,,75,2.457,34.06,44.2494,19.932228
2026-06-24,Running,Morning Run in Serbia,"I am in a conference in Serbia, and I got some time to do a bit of running. Its usually fun to do it at new places, especially in hilly areas.",2026-06-24_07-53-14_hk_1782280394.fit,248,2026-06-24T05:57:25.000Z,247.000,625.3,,,75,2.457,34.06,44.249418,19.932246
2026-06-24,Running,Morning Run in Serbia,"I am in a conference in Serbia, and I got some time to do a bit of running. Its usually fun to do it at new places, especially in hilly areas.",2026-06-24_07-53-14_hk_1782280394.fit,249,2026-06-24T05:57:26.000Z,248.000,627.62,,,75,2.458,34.06,44.249436,19.932246
2026-06-24,Running,Morning Run in Serbia,"I am in a conference in Serbia, and I got some time to do a bit of running. Its usually fun to do it at new places, especially in hilly areas.",2026-06-24_07-53-14_hk_1782280394.fit,250,2026-06-24T05:57:27.000Z,249.000,629.9,,,74,2.457,34.06,44.249454,19.932264
2026-06-24,Running,Morning Run in Serbia,"I am in a conference in Serbia, and I got some time to do a bit of running. Its usually fun to do it at new places, especially in hilly areas.",2026-06-24_07-53-14_hk_1782280394.fit,251,2026-06-24T05:57:28.000Z,250.000,632.14,,,74,2.451,34.06,44.249472,19.932282
2026-06-24,Running,Morning Run in Serbia,"I am in a conference in Serbia, and I got some time to do a bit of running. Its usually fun to do it at new places, especially in hilly areas.",2026-06-24_07-53-14_hk_1782280394.fit,252,2026-06-24T05:57:29.000Z,251.000,634.33,,,74,2.44,34.06,44.24949,19.9323
2026-06-24,Running,Morning Run in Serbia,"I am in a conference in Serbia, and I got some time to do a bit of running. Its usually fun to do it at new places, especially in hilly areas.",2026-06-24_07-53-14_hk_1782280394.fit,253,2026-06-24T05:57:30.000Z,252.000,636.5,,,73,2.424,34.06,44.249508,19.9323
2026-06-24,Running,Morning Run in Serbia,"I am in a conference in Serbia, and I got some time to do a bit of running. Its usually fun to do it at new places, especially in hilly areas.",2026-06-24_07-53-14_hk_1782280394.fit,254,2026-06-24T05:57:31.000Z,253.000,638.66,,,73,2.405,34.06,44.249526,19.932318
2026-06-24,Running,Morning Run in Serbia,"I am in a conference in Serbia, and I got some time to do a bit of running. Its usually fun to do it at new places, especially in hilly areas.",2026-06-24_07-53-14_hk_1782280394.fit,255,2026-06-24T05:57:32.000Z,254.000,640.76,,,73,2.382,34.06,44.249526,19.932336
2026-06-24,Running,Morning Run in Serbia,"I am in a conference in Serbia, and I got some time to do a bit of running. Its usually fun to do it at new places, especially in hilly areas.",2026-06-24_07-53-14_hk_1782280394.fit,256,2026-06-24T05:57:33.000Z,255.000,642.8,,,73,2.366,34.06,44.249544,19.932354
2026-06-24,Running,Morning Run in Serbia,"I am in a conference in Serbia, and I got some time to do a bit of running. Its usually fun to do it at new places, especially in hilly areas.",2026-06-24_07-53-14_hk_1782280394.fit,257,2026-06-24T05:57:34.000Z,256.000,644.79,,,73,2.339,34.06,44.249562,19.932372
2026-06-24,Running,Morning Run in Serbia,"I am in a conference in Serbia, and I got some time to do a bit of running. Its usually fun to do it at new places, especially in hilly areas.",2026-06-24_07-53-14_hk_1782280394.fit,258,2026-06-24T05:57:35.000Z,257.000,646.78,,,73,2.314,34.07,44.24958,19.93239
2026-06-24,Running,Morning Run in Serbia,"I am in a conference in Serbia, and I got some time to do a bit of running. Its usually fun to do it at new places, especially in hilly areas.",2026-06-24_07-53-14_hk_1782280394.fit,259,2026-06-24T05:57:36.000Z,258.000,648.81,,,67,2.29,34.07,44.24958,19.932408
2026-06-24,Running,Morning Run in Serbia,"I am in a conference in Serbia, and I got some time to do a bit of running. Its usually fun to do it at new places, especially in hilly areas.",2026-06-24_07-53-14_hk_1782280394.fit,260,2026-06-24T05:57:37.000Z,259.000,650.94,,,67,2.283,34.07,44.249598,19.932426
2026-06-24,Running,Morning Run in Serbia,"I am in a conference in Serbia, and I got some time to do a bit of running. Its usually fun to do it at new places, especially in hilly areas.",2026-06-24_07-53-14_hk_1782280394.fit,261,2026-06-24T05:57:38.000Z,260.000,653.19,,,67,2.27,34.07,44.249616,19.932444
2026-06-24,Running,Morning Run in Serbia,"I am in a conference in Serbia, and I got some time to do a bit of running. Its usually fun to do it at new places, especially in hilly areas.",2026-06-24_07-53-14_hk_1782280394.fit,262,2026-06-24T05:57:39.000Z,261.000,655.55,,,63,2.263,34.07,44.249616,19.93248
2026-06-24,Running,Morning Run in Serbia,"I am in a conference in Serbia, and I got some time to do a bit of running. Its usually fun to do it at new places, especially in hilly areas.",2026-06-24_07-53-14_hk_1782280394.fit,263,2026-06-24T05:57:40.000Z,262.000,657.91,,,63,2.256,34.07,44.249634,19.932498
2026-06-24,Running,Morning Run in Serbia,"I am in a conference in Serbia, and I got some time to do a bit of running. Its usually fun to do it at new places, especially in hilly areas.",2026-06-24_07-53-14_hk_1782280394.fit,264,2026-06-24T05:57:41.000Z,263.000,660.22,,,63,2.249,34.07,44.249652,19.932516
2026-06-24,Running,Morning Run in Serbia,"I am in a conference in Serbia, and I got some time to do a bit of running. Its usually fun to do it at new places, especially in hilly areas.",2026-06-24_07-53-14_hk_1782280394.fit,265,2026-06-24T05:57:42.000Z,264.000,662.53,,,63,2.245,34.07,44.249652,19.932552
2026-06-24,Running,Morning Run in Serbia,"I am in a conference in Serbia, and I got some time to do a bit of running. Its usually fun to do it at new places, especially in hilly areas.",2026-06-24_07-53-14_hk_1782280394.fit,266,2026-06-24T05:57:43.000Z,265.000,664.88,,,63,2.243,34.07,44.24967,19.93257
2026-06-24,Running,Morning Run in Serbia,"I am in a conference in Serbia, and I got some time to do a bit of running. Its usually fun to do it at new places, especially in hilly areas.",2026-06-24_07-53-14_hk_1782280394.fit,267,2026-06-24T05:57:44.000Z,266.000,667.19,,,63,2.239,34.07,44.24967,19.932606
2026-06-24,Running,Morning Run in Serbia,"I am in a conference in Serbia, and I got some time to do a bit of running. Its usually fun to do it at new places, especially in hilly areas.",2026-06-24_07-53-14_hk_1782280394.fit,268,2026-06-24T05:57:45.000Z,267.000,669.34,,,67,2.229,34.07,44.24967,19.932624
2026-06-24,Running,Morning Run in Serbia,"I am in a conference in Serbia, and I got some time to do a bit of running. Its usually fun to do it at new places, especially in hilly areas.",2026-06-24_07-53-14_hk_1782280394.fit,269,2026-06-24T05:57:46.000Z,268.000,671.34,,,67,2.211,34.07,44.24967,19.93266
2026-06-24,Running,Morning Run in Serbia,"I am in a conference in Serbia, and I got some time to do a bit of running. Its usually fun to do it at new places, especially in hilly areas.",2026-06-24_07-53-14_hk_1782280394.fit,270,2026-06-24T05:57:47.000Z,269.000,673.33,,,67,2.192,34.07,44.249688,19.932678
2026-06-24,Running,Morning Run in Serbia,"I am in a conference in Serbia, and I got some time to do a bit of running. Its usually fun to do it at new places, especially in hilly areas.",2026-06-24_07-53-14_hk_1782280394.fit,271,2026-06-24T05:57:48.000Z,270.000,675.52,,,70,2.184,34.07,44.249688,19.932714
2026-06-24,Running,Morning Run in Serbia,"I am in a conference in Serbia, and I got some time to do a bit of running. Its usually fun to do it at new places, especially in hilly areas.",2026-06-24_07-53-14_hk_1782280394.fit,272,2026-06-24T05:57:49.000Z,271.000,677.98,,,70,2.189,34.08,44.249706,19.932732
2026-06-24,Running,Morning Run in Serbia,"I am in a conference in Serbia, and I got some time to do a bit of running. Its usually fun to do it at new places, especially in hilly areas.",2026-06-24_07-53-14_hk_1782280394.fit,273,2026-06-24T05:57:50.000Z,272.000,680.6,,,70,2.204,34.08,44.249706,19.932768
2026-06-24,Running,Morning Run in Serbia,"I am in a conference in Serbia, and I got some time to do a bit of running. Its usually fun to do it at new places, especially in hilly areas.",2026-06-24_07-53-14_hk_1782280394.fit,274,2026-06-24T05:57:51.000Z,273.000,683.28,,,76,2.224,34.08,44.249706,19.932804
2026-06-24,Running,Morning Run in Serbia,"I am in a conference in Serbia, and I got some time to do a bit of running. Its usually fun to do it at new places, especially in hilly areas.",2026-06-24_07-53-14_hk_1782280394.fit,275,2026-06-24T05:57:52.000Z,274.000,685.98,,,76,2.246,34.08,44.249724,19.93284
2026-06-24,Running,Morning Run in Serbia,"I am in a conference in Serbia, and I got some time to do a bit of running. Its usually fun to do it at new places, especially in hilly areas.",2026-06-24_07-53-14_hk_1782280394.fit,276,2026-06-24T05:57:53.000Z,275.000,688.69,,,76,2.274,34.08,44.249724,19.932858
2026-06-24,Running,Morning Run in Serbia,"I am in a conference in Serbia, and I got some time to do a bit of running. Its usually fun to do it at new places, especially in hilly areas.",2026-06-24_07-53-14_hk_1782280394.fit,277,2026-06-24T05:57:54.000Z,276.000,691.34,,,74,2.299,34.08,44.249724,19.932894
2026-06-24,Running,Morning Run in Serbia,"I am in a conference in Serbia, and I got some time to do a bit of running. Its usually fun to do it at new places, especially in hilly areas.",2026-06-24_07-53-14_hk_1782280394.fit,278,2026-06-24T05:57:55.000Z,277.000,693.85,,,74,2.321,34.09,44.249742,19.93293
2026-06-24,Running,Morning Run in Serbia,"I am in a conference in Serbia, and I got some time to do a bit of running. Its usually fun to do it at new places, especially in hilly areas.",2026-06-24_07-53-14_hk_1782280394.fit,279,2026-06-24T05:57:56.000Z,278.000,696.28,,,74,2.341,34.09,44.24976,19.932948
2026-06-24,Running,Morning Run in Serbia,"I am in a conference in Serbia, and I got some time to do a bit of running. Its usually fun to do it at new places, especially in hilly areas.",2026-06-24_07-53-14_hk_1782280394.fit,280,2026-06-24T05:57:57.000Z,279.000,698.74,,,76,2.362,34.09,44.24976,19.932984
2026-06-24,Running,Morning Run in Serbia,"I am in a conference in Serbia, and I got some time to do a bit of running. Its usually fun to do it at new places, especially in hilly areas.",2026-06-24_07-53-14_hk_1782280394.fit,281,2026-06-24T05:57:58.000Z,280.000,701.25,,,76,2.396,34.1,44.249778,19.93302
2026-06-24,Running,Morning Run in Serbia,"I am in a conference in Serbia, and I got some time to do a bit of running. Its usually fun to do it at new places, especially in hilly areas.",2026-06-24_07-53-14_hk_1782280394.fit,282,2026-06-24T05:57:59.000Z,281.000,703.85,,,76,2.413,34.1,44.249778,19.933038
2026-06-24,Running,Morning Run in Serbia,"I am in a conference in Serbia, and I got some time to do a bit of running. Its usually fun to do it at new places, especially in hilly areas.",2026-06-24_07-53-14_hk_1782280394.fit,283,2026-06-24T05:58:00.000Z,282.000,706.6,,,76,2.431,34.11,44.249778,19.933074
2026-06-24,Running,Morning Run in Serbia,"I am in a conference in Serbia, and I got some time to do a bit of running. Its usually fun to do it at new places, especially in hilly areas.",2026-06-24_07-53-14_hk_1782280394.fit,284,2026-06-24T05:58:01.000Z,283.000,709.34,,,76,2.449,34.12,44.249796,19.93311
2026-06-24,Running,Morning Run in Serbia,"I am in a conference in Serbia, and I got some time to do a bit of running. Its usually fun to do it at new places, especially in hilly areas.",2026-06-24_07-53-14_hk_1782280394.fit,285,2026-06-24T05:58:02.000Z,284.000,711.8,,,76,2.456,34.12,44.249796,19.933146
2026-06-24,Running,Morning Run in Serbia,"I am in a conference in Serbia, and I got some time to do a bit of running. Its usually fun to do it at new places, especially in hilly areas.",2026-06-24_07-53-14_hk_1782280394.fit,286,2026-06-24T05:58:03.000Z,285.000,714.05,,,76,2.453,34.13,44.249796,19.933164
2026-06-24,Running,Morning Run in Serbia,"I am in a conference in Serbia, and I got some time to do a bit of running. Its usually fun to do it at new places, especially in hilly areas.",2026-06-24_07-53-14_hk_1782280394.fit,287,2026-06-24T05:58:04.000Z,286.000,716.33,,,76,2.45,34.13,44.249814,19.9332
2026-06-24,Running,Morning Run in Serbia,"I am in a conference in Serbia, and I got some time to do a bit of running. Its usually fun to do it at new places, especially in hilly areas.",2026-06-24_07-53-14_hk_1782280394.fit,288,2026-06-24T05:58:05.000Z,287.000,718.58,,,76,2.447,34.14,44.249814,19.933218
2026-06-24,Running,Morning Run in Serbia,"I am in a conference in Serbia, and I got some time to do a bit of running. Its usually fun to do it at new places, especially in hilly areas.",2026-06-24_07-53-14_hk_1782280394.fit,289,2026-06-24T05:58:06.000Z,288.000,720.72,,,73,2.447,34.15,44.249832,19.933254
2026-06-24,Running,Morning Run in Serbia,"I am in a conference in Serbia, and I got some time to do a bit of running. Its usually fun to do it at new places, especially in hilly areas.",2026-06-24_07-53-14_hk_1782280394.fit,290,2026-06-24T05:58:07.000Z,289.000,722.83,,,73,2.452,34.16,44.249832,19.933272
2026-06-24,Running,Morning Run in Serbia,"I am in a conference in Serbia, and I got some time to do a bit of running. Its usually fun to do it at new places, especially in hilly areas.",2026-06-24_07-53-14_hk_1782280394.fit,291,2026-06-24T05:58:08.000Z,290.000,724.91,,,73,2.456,34.16,44.24985,19.93329
2026-06-24,Running,Morning Run in Serbia,"I am in a conference in Serbia, and I got some time to do a bit of running. Its usually fun to do it at new places, especially in hilly areas.",2026-06-24_07-53-14_hk_1782280394.fit,292,2026-06-24T05:58:09.000Z,291.000,727.05,,,76,2.454,34.17,44.24985,19.933326
2026-06-24,Running,Morning Run in Serbia,"I am in a conference in Serbia, and I got some time to do a bit of running. Its usually fun to do it at new places, especially in hilly areas.",2026-06-24_07-53-14_hk_1782280394.fit,293,2026-06-24T05:58:10.000Z,292.000,729.4,,,76,2.449,34.18,44.24985,19.933344
2026-06-24,Running,Morning Run in Serbia,"I am in a conference in Serbia, and I got some time to do a bit of running. Its usually fun to do it at new places, especially in hilly areas.",2026-06-24_07-53-14_hk_1782280394.fit,294,2026-06-24T05:58:11.000Z,293.000,731.99,,,76,2.447,34.19,44.249868,19.93338
2026-06-24,Running,Morning Run in Serbia,"I am in a conference in Serbia, and I got some time to do a bit of running. Its usually fun to do it at new places, especially in hilly areas.",2026-06-24_07-53-14_hk_1782280394.fit,295,2026-06-24T05:58:12.000Z,294.000,734.67,,,74,2.447,34.19,44.249886,19.933398
2026-06-24,Running,Morning Run in Serbia,"I am in a conference in Serbia, and I got some time to do a bit of running. Its usually fun to do it at new places, especially in hilly areas.",2026-06-24_07-53-14_hk_1782280394.fit,296,2026-06-24T05:58:13.000Z,295.000,737.24,,,74,2.441,34.2,44.249886,19.933434
2026-06-24,Running,Morning Run in Serbia,"I am in a conference in Serbia, and I got some time to do a bit of running. Its usually fun to do it at new places, especially in hilly areas.",2026-06-24_07-53-14_hk_1782280394.fit,297,2026-06-24T05:58:14.000Z,296.000,739.67,,,74,2.427,34.21,44.249904,19.93347
2026-06-24,Running,Morning Run in Serbia,"I am in a conference in Serbia, and I got some time to do a bit of running. Its usually fun to do it at new places, especially in hilly areas.",2026-06-24_07-53-14_hk_1782280394.fit,298,2026-06-24T05:58:15.000Z,297.000,741.93,,,76,2.409,34.21,44.249904,19.933488
2026-06-24,Running,Morning Run in Serbia,"I am in a conference in Serbia, and I got some time to do a bit of running. Its usually fun to do it at new places, especially in hilly areas.",2026-06-24_07-53-14_hk_1782280394.fit,299,2026-06-24T05:58:16.000Z,298.000,744.03,,,76,2.389,34.22,44.249922,19.933506
2026-06-24,Running,Morning Run in Serbia,"I am in a conference in Serbia, and I got some time to do a bit of running. Its usually fun to do it at new places, especially in hilly areas.",2026-06-24_07-53-14_hk_1782280394.fit,300,2026-06-24T05:58:17.000Z,299.000,746.24,,,76,2.381,34.22,44.249922,19.933542
2026-06-24,Running,Morning Run in Serbia,"I am in a conference in Serbia, and I got some time to do a bit of running. Its usually fun to do it at new places, especially in hilly areas.",2026-06-24_07-53-14_hk_1782280394.fit,301,2026-06-24T05:58:18.000Z,300.000,748.72,,,74,2.384,34.23,44.24994,19.93356
2026-06-24,Running,Morning Run in Serbia,"I am in a conference in Serbia, and I got some time to do a bit of running. Its usually fun to do it at new places, especially in hilly areas.",2026-06-24_07-53-14_hk_1782280394.fit,302,2026-06-24T05:58:19.000Z,301.000,751.42,,,74,2.389,34.23,44.249958,19.933596
2026-06-24,Running,Morning Run in Serbia,"I am in a conference in Serbia, and I got some time to do a bit of running. Its usually fun to do it at new places, especially in hilly areas.",2026-06-24_07-53-14_hk_1782280394.fit,303,2026-06-24T05:58:20.000Z,302.000,754.22,,,74,2.399,34.24,44.249958,19.933614
2026-06-24,Running,Morning Run in Serbia,"I am in a conference in Serbia, and I got some time to do a bit of running. Its usually fun to do it at new places, especially in hilly areas.",2026-06-24_07-53-14_hk_1782280394.fit,304,2026-06-24T05:58:21.000Z,303.000,756.9,,,76,2.395,34.24,44.249976,19.93365
2026-06-24,Running,Morning Run in Serbia,"I am in a conference in Serbia, and I got some time to do a bit of running. Its usually fun to do it at new places, especially in hilly areas.",2026-06-24_07-53-14_hk_1782280394.fit,305,2026-06-24T05:58:22.000Z,304.000,759.51,,,76,2.389,34.24,44.249994,19.933668
2026-06-24,Running,Morning Run in Serbia,"I am in a conference in Serbia, and I got some time to do a bit of running. Its usually fun to do it at new places, especially in hilly areas.",2026-06-24_07-53-14_hk_1782280394.fit,306,2026-06-24T05:58:23.000Z,305.000,762.18,,,76,2.399,34.24,44.250012,19.933704
2026-06-24,Running,Morning Run in Serbia,"I am in a conference in Serbia, and I got some time to do a bit of running. Its usually fun to do it at new places, especially in hilly areas.",2026-06-24_07-53-14_hk_1782280394.fit,307,2026-06-24T05:58:24.000Z,306.000,764.84,,,73,2.418,34.24,44.25003,19.933722
2026-06-24,Running,Morning Run in Serbia,"I am in a conference in Serbia, and I got some time to do a bit of running. Its usually fun to do it at new places, especially in hilly areas.",2026-06-24_07-53-14_hk_1782280394.fit,308,2026-06-24T05:58:25.000Z,307.000,767.34,,,73,2.429,34.24,44.25003,19.933758
2026-06-24,Running,Morning Run in Serbia,"I am in a conference in Serbia, and I got some time to do a bit of running. Its usually fun to do it at new places, especially in hilly areas.",2026-06-24_07-53-14_hk_1782280394.fit,309,2026-06-24T05:58:26.000Z,308.000,769.68,,,73,2.434,34.24,44.250048,19.933776
2026-06-24,Running,Morning Run in Serbia,"I am in a conference in Serbia, and I got some time to do a bit of running. Its usually fun to do it at new places, especially in hilly areas.",2026-06-24_07-53-14_hk_1782280394.fit,310,2026-06-24T05:58:27.000Z,309.000,772.08,,,76,2.445,34.24,44.250066,19.933794
2026-06-24,Running,Morning Run in Serbia,"I am in a conference in Serbia, and I got some time to do a bit of running. Its usually fun to do it at new places, especially in hilly areas.",2026-06-24_07-53-14_hk_1782280394.fit,311,2026-06-24T05:58:28.000Z,310.000,774.6,,,76,2.465,34.24,44.250084,19.933812
2026-06-24,Running,Morning Run in Serbia,"I am in a conference in Serbia, and I got some time to do a bit of running. Its usually fun to do it at new places, especially in hilly areas.",2026-06-24_07-53-14_hk_1782280394.fit,312,2026-06-24T05:58:29.000Z,311.000,777.33,,,76,2.514,34.24,44.250102,19.93383
2026-06-24,Running,Morning Run in Serbia,"I am in a conference in Serbia, and I got some time to do a bit of running. Its usually fun to do it at new places, especially in hilly areas.",2026-06-24_07-53-14_hk_1782280394.fit,313,2026-06-24T05:58:30.000Z,312.000,780.23,,,75,2.541,34.23,44.250138,19.933848
2026-06-24,Running,Morning Run in Serbia,"I am in a conference in Serbia, and I got some time to do a bit of running. Its usually fun to do it at new places, especially in hilly areas.",2026-06-24_07-53-14_hk_1782280394.fit,314,2026-06-24T05:58:31.000Z,313.000,783.16,,,75,2.559,34.23,44.250156,19.933866
2026-06-24,Running,Morning Run in Serbia,"I am in a conference in Serbia, and I got some time to do a bit of running. Its usually fun to do it at new places, especially in hilly areas.",2026-06-24_07-53-14_hk_1782280394.fit,315,2026-06-24T05:58:32.000Z,314.000,786.1,,,75,2.571,34.23,44.250174,19.933902
2026-06-24,Running,Morning Run in Serbia,"I am in a conference in Serbia, and I got some time to do a bit of running. Its usually fun to do it at new places, especially in hilly areas.",2026-06-24_07-53-14_hk_1782280394.fit,316,2026-06-24T05:58:33.000Z,315.000,788.97,,,75,2.587,34.22,44.250192,19.93392
2026-06-24,Running,Morning Run in Serbia,"I am in a conference in Serbia, and I got some time to do a bit of running. Its usually fun to do it at new places, especially in hilly areas.",2026-06-24_07-53-14_hk_1782280394.fit,317,2026-06-24T05:58:34.000Z,316.000,791.66,,,75,2.599,34.22,44.25021,19.933938
2026-06-24,Running,Morning Run in Serbia,"I am in a conference in Serbia, and I got some time to do a bit of running. Its usually fun to do it at new places, especially in hilly areas.",2026-06-24_07-53-14_hk_1782280394.fit,318,2026-06-24T05:58:35.000Z,317.000,794.16,,,75,2.639,34.22,44.250228,19.933956
2026-06-24,Running,Morning Run in Serbia,"I am in a conference in Serbia, and I got some time to do a bit of running. Its usually fun to do it at new places, especially in hilly areas.",2026-06-24_07-53-14_hk_1782280394.fit,319,2026-06-24T05:58:36.000Z,318.000,796.45,,,74,2.643,34.21,44.250246,19.933974
2026-06-24,Running,Morning Run in Serbia,"I am in a conference in Serbia, and I got some time to do a bit of running. Its usually fun to do it at new places, especially in hilly areas.",2026-06-24_07-53-14_hk_1782280394.fit,320,2026-06-24T05:58:37.000Z,319.000,798.61,,,74,2.618,34.21,44.250264,19.933992
2026-06-24,Running,Morning Run in Serbia,"I am in a conference in Serbia, and I got some time to do a bit of running. Its usually fun to do it at new places, especially in hilly areas.",2026-06-24_07-53-14_hk_1782280394.fit,321,2026-06-24T05:58:38.000Z,320.000,800.92,,,74,2.61,34.21,44.250282,19.93401
2026-06-24,Running,Morning Run in Serbia,"I am in a conference in Serbia, and I got some time to do a bit of running. Its usually fun to do it at new places, especially in hilly areas.",2026-06-24_07-53-14_hk_1782280394.fit,322,2026-06-24T05:58:39.000Z,321.000,803.49,,,73,2.604,34.2,44.2503,19.934028
2026-06-24,Running,Morning Run in Serbia,"I am in a conference in Serbia, and I got some time to do a bit of running. Its usually fun to do it at new places, especially in hilly areas.",2026-06-24_07-53-14_hk_1782280394.fit,323,2026-06-24T05:58:40.000Z,322.000,806.17,,,73,2.597,34.2,44.250318,19.934046
2026-06-24,Running,Morning Run in Serbia,"I am in a conference in Serbia, and I got some time to do a bit of running. Its usually fun to do it at new places, especially in hilly areas.",2026-06-24_07-53-14_hk_1782280394.fit,324,2026-06-24T05:58:41.000Z,323.000,808.76,,,73,2.593,34.2,44.250336,19.934064
2026-06-24,Running,Morning Run in Serbia,"I am in a conference in Serbia, and I got some time to do a bit of running. Its usually fun to do it at new places, especially in hilly areas.",2026-06-24_07-53-14_hk_1782280394.fit,325,2026-06-24T05:58:42.000Z,324.000,811.28,,,76,2.588,34.19,44.250354,19.934082
2026-06-24,Running,Morning Run in Serbia,"I am in a conference in Serbia, and I got some time to do a bit of running. Its usually fun to do it at new places, especially in hilly areas.",2026-06-24_07-53-14_hk_1782280394.fit,326,2026-06-24T05:58:43.000Z,325.000,813.74,,,76,2.578,34.19,44.250372,19.9341
2026-06-24,Running,Morning Run in Serbia,"I am in a conference in Serbia, and I got some time to do a bit of running. Its usually fun to do it at new places, especially in hilly areas.",2026-06-24_07-53-14_hk_1782280394.fit,327,2026-06-24T05:58:44.000Z,326.000,816.25,,,76,2.57,34.19,44.25039,19.934118
2026-06-24,Running,Morning Run in Serbia,"I am in a conference in Serbia, and I got some time to do a bit of running. Its usually fun to do it at new places, especially in hilly areas.",2026-06-24_07-53-14_hk_1782280394.fit,328,2026-06-24T05:58:45.000Z,327.000,818.86,,,74,2.576,34.18,44.250408,19.934136
2026-06-24,Running,Morning Run in Serbia,"I am in a conference in Serbia, and I got some time to do a bit of running. Its usually fun to do it at new places, especially in hilly areas.",2026-06-24_07-53-14_hk_1782280394.fit,329,2026-06-24T05:58:46.000Z,328.000,821.46,,,74,2.589,34.18,44.250426,19.934154
2026-06-24,Running,Morning Run in Serbia,"I am in a conference in Serbia, and I got some time to do a bit of running. Its usually fun to do it at new places, especially in hilly areas.",2026-06-24_07-53-14_hk_1782280394.fit,330,2026-06-24T05:58:47.000Z,329.000,823.93,,,74,2.593,34.17,44.250444,19.934172
2026-06-24,Running,Morning Run in Serbia,"I am in a conference in Serbia, and I got some time to do a bit of running. Its usually fun to do it at new places, especially in hilly areas.",2026-06-24_07-53-14_hk_1782280394.fit,331,2026-06-24T05:58:48.000Z,330.000,826.35,,,76,2.588,34.17,44.250462,19.93419
2026-06-24,Running,Morning Run in Serbia,"I am in a conference in Serbia, and I got some time to do a bit of running. Its usually fun to do it at new places, especially in hilly areas.",2026-06-24_07-53-14_hk_1782280394.fit,332,2026-06-24T05:58:49.000Z,331.000,828.83,,,76,2.575,34.17,44.25048,19.934208
2026-06-24,Running,Morning Run in Serbia,"I am in a conference in Serbia, and I got some time to do a bit of running. Its usually fun to do it at new places, especially in hilly areas.",2026-06-24_07-53-14_hk_1782280394.fit,333,2026-06-24T05:58:50.000Z,332.000,831.33,,,76,2.555,34.17,44.250498,19.934226
2026-06-24,Running,Morning Run in Serbia,"I am in a conference in Serbia, and I got some time to do a bit of running. Its usually fun to do it at new places, especially in hilly areas.",2026-06-24_07-53-14_hk_1782280394.fit,334,2026-06-24T05:58:51.000Z,333.000,833.85,,,75,2.535,34.16,44.250516,19.934244
2026-06-24,Running,Morning Run in Serbia,"I am in a conference in Serbia, and I got some time to do a bit of running. Its usually fun to do it at new places, especially in hilly areas.",2026-06-24_07-53-14_hk_1782280394.fit,335,2026-06-24T05:58:52.000Z,334.000,836.36,,,75,2.513,34.16,44.250534,19.934262
2026-06-24,Running,Morning Run in Serbia,"I am in a conference in Serbia, and I got some time to do a bit of running. Its usually fun to do it at new places, especially in hilly areas.",2026-06-24_07-53-14_hk_1782280394.fit,336,2026-06-24T05:58:53.000Z,335.000,838.96,,,75,2.517,34.16,44.25057,19.93428
2026-06-24,Running,Morning Run in Serbia,"I am in a conference in Serbia, and I got some time to do a bit of running. Its usually fun to do it at new places, especially in hilly areas.",2026-06-24_07-53-14_hk_1782280394.fit,337,2026-06-24T05:58:54.000Z,336.000,841.81,,,75,2.508,34.16,44.250588,19.934298
2026-06-24,Running,Morning Run in Serbia,"I am in a conference in Serbia, and I got some time to do a bit of running. Its usually fun to do it at new places, especially in hilly areas.",2026-06-24_07-53-14_hk_1782280394.fit,338,2026-06-24T05:58:55.000Z,337.000,844.76,,,75,2.53,34.16,44.250606,19.934316
2026-06-24,Running,Morning Run in Serbia,"I am in a conference in Serbia, and I got some time to do a bit of running. Its usually fun to do it at new places, especially in hilly areas.",2026-06-24_07-53-14_hk_1782280394.fit,339,2026-06-24T05:58:56.000Z,338.000,847.6,,,75,2.557,34.16,44.250624,19.934334
2026-06-24,Running,Morning Run in Serbia,"I am in a conference in Serbia, and I got some time to do a bit of running. Its usually fun to do it at new places, especially in hilly areas.",2026-06-24_07-53-14_hk_1782280394.fit,340,2026-06-24T05:58:57.000Z,339.000,850.36,,,74,2.587,34.16,44.250642,19.934352
2026-06-24,Running,Morning Run in Serbia,"I am in a conference in Serbia, and I got some time to do a bit of running. Its usually fun to do it at new places, especially in hilly areas.",2026-06-24_07-53-14_hk_1782280394.fit,341,2026-06-24T05:58:58.000Z,340.000,853.08,,,74,2.608,34.16,44.25066,19.934388
2026-06-24,Running,Morning Run in Serbia,"I am in a conference in Serbia, and I got some time to do a bit of running. Its usually fun to do it at new places, especially in hilly areas.",2026-06-24_07-53-14_hk_1782280394.fit,342,2026-06-24T05:58:59.000Z,341.000,855.79,,,74,2.615,34.16,44.250696,19.934406
2026-06-24,Running,Morning Run in Serbia,"I am in a conference in Serbia, and I got some time to do a bit of running. Its usually fun to do it at new places, especially in hilly areas.",2026-06-24_07-53-14_hk_1782280394.fit,343,2026-06-24T05:59:00.000Z,342.000,858.5,,,76,2.617,34.16,44.250714,19.934424
2026-06-24,Running,Morning Run in Serbia,"I am in a conference in Serbia, and I got some time to do a bit of running. Its usually fun to do it at new places, especially in hilly areas.",2026-06-24_07-53-14_hk_1782280394.fit,344,2026-06-24T05:59:01.000Z,343.000,861.09,,,76,2.616,34.16,44.250732,19.934442
2026-06-24,Running,Morning Run in Serbia,"I am in a conference in Serbia, and I got some time to do a bit of running. Its usually fun to do it at new places, especially in hilly areas.",2026-06-24_07-53-14_hk_1782280394.fit,345,2026-06-24T05:59:02.000Z,344.000,863.53,,,76,2.613,34.16,44.25075,19.93446
2026-06-24,Running,Morning Run in Serbia,"I am in a conference in Serbia, and I got some time to do a bit of running. Its usually fun to do it at new places, especially in hilly areas.",2026-06-24_07-53-14_hk_1782280394.fit,346,2026-06-24T05:59:03.000Z,345.000,865.87,,,78,2.607,34.16,44.250768,19.934478
2026-06-24,Running,Morning Run in Serbia,"I am in a conference in Serbia, and I got some time to do a bit of running. Its usually fun to do it at new places, especially in hilly areas.",2026-06-24_07-53-14_hk_1782280394.fit,347,2026-06-24T05:59:04.000Z,346.000,868.23,,,78,2.599,34.16,44.250786,19.934496
2026-06-24,Running,Morning Run in Serbia,"I am in a conference in Serbia, and I got some time to do a bit of running. Its usually fun to do it at new places, especially in hilly areas.",2026-06-24_07-53-14_hk_1782280394.fit,348,2026-06-24T05:59:05.000Z,347.000,870.76,,,78,2.595,34.16,44.250804,19.934514
2026-06-24,Running,Morning Run in Serbia,"I am in a conference in Serbia, and I got some time to do a bit of running. Its usually fun to do it at new places, especially in hilly areas.",2026-06-24_07-53-14_hk_1782280394.fit,349,2026-06-24T05:59:06.000Z,348.000,873.54,,,77,2.604,34.16,44.250822,19.934532
2026-06-24,Running,Morning Run in Serbia,"I am in a conference in Serbia, and I got some time to do a bit of running. Its usually fun to do it at new places, especially in hilly areas.",2026-06-24_07-53-14_hk_1782280394.fit,350,2026-06-24T05:59:07.000Z,349.000,876.45,,,77,2.637,34.16,44.25084,19.93455
2026-06-24,Running,Morning Run in Serbia,"I am in a conference in Serbia, and I got some time to do a bit of running. Its usually fun to do it at new places, especially in hilly areas.",2026-06-24_07-53-14_hk_1782280394.fit,351,2026-06-24T05:59:08.000Z,350.000,879.29,,,77,2.656,34.16,44.250858,19.934568
2026-06-24,Running,Morning Run in Serbia,"I am in a conference in Serbia, and I got some time to do a bit of running. Its usually fun to do it at new places, especially in hilly areas.",2026-06-24_07-53-14_hk_1782280394.fit,352,2026-06-24T05:59:09.000Z,351.000,882.02,,,77,2.668,34.16,44.250876,19.934586
2026-06-24,Running,Morning Run in Serbia,"I am in a conference in Serbia, and I got some time to do a bit of running. Its usually fun to do it at new places, especially in hilly areas.",2026-06-24_07-53-14_hk_1782280394.fit,353,2026-06-24T05:59:10.000Z,352.000,884.77,,,77,2.68,34.16,44.250912,19.934604
2026-06-24,Running,Morning Run in Serbia,"I am in a conference in Serbia, and I got some time to do a bit of running. Its usually fun to do it at new places, especially in hilly areas.",2026-06-24_07-53-14_hk_1782280394.fit,354,2026-06-24T05:59:11.000Z,353.000,887.49,,,77,2.691,34.16,44.25093,19.934622
2026-06-24,Running,Morning Run in Serbia,"I am in a conference in Serbia, and I got some time to do a bit of running. Its usually fun to do it at new places, especially in hilly areas.",2026-06-24_07-53-14_hk_1782280394.fit,355,2026-06-24T05:59:12.000Z,354.000,890.12,,,74,2.692,34.15,44.250948,19.93464
2026-06-24,Running,Morning Run in Serbia,"I am in a conference in Serbia, and I got some time to do a bit of running. Its usually fun to do it at new places, especially in hilly areas.",2026-06-24_07-53-14_hk_1782280394.fit,356,2026-06-24T05:59:13.000Z,355.000,892.67,,,74,2.677,34.15,44.250966,19.934658
2026-06-24,Running,Morning Run in Serbia,"I am in a conference in Serbia, and I got some time to do a bit of running. Its usually fun to do it at new places, especially in hilly areas.",2026-06-24_07-53-14_hk_1782280394.fit,357,2026-06-24T05:59:14.000Z,356.000,895.16,,,74,2.653,34.15,44.250984,19.934676
2026-06-24,Running,Morning Run in Serbia,"I am in a conference in Serbia, and I got some time to do a bit of running. Its usually fun to do it at new places, especially in hilly areas.",2026-06-24_07-53-14_hk_1782280394.fit,358,2026-06-24T05:59:15.000Z,357.000,897.55,,,73,2.64,34.15,44.251002,19.934694
2026-06-24,Running,Morning Run in Serbia,"I am in a conference in Serbia, and I got some time to do a bit of running. Its usually fun to do it at new places, especially in hilly areas.",2026-06-24_07-53-14_hk_1782280394.fit,359,2026-06-24T05:59:16.000Z,358.000,899.95,,,73,2.618,34.15,44.25102,19.93473
2026-06-24,Running,Morning Run in Serbia,"I am in a conference in Serbia, and I got some time to do a bit of running. Its usually fun to do it at new places, especially in hilly areas.",2026-06-24_07-53-14_hk_1782280394.fit,360,2026-06-24T05:59:17.000Z,359.000,902.51,,,73,2.608,34.15,44.251038,19.934748
2026-06-24,Running,Morning Run in Serbia,"I am in a conference in Serbia, and I got some time to do a bit of running. Its usually fun to do it at new places, especially in hilly areas.",2026-06-24_07-53-14_hk_1782280394.fit,361,2026-06-24T05:59:18.000Z,360.000,905.1,,,73,2.601,34.15,44.251056,19.934766
2026-06-24,Running,Morning Run in Serbia,"I am in a conference in Serbia, and I got some time to do a bit of running. Its usually fun to do it at new places, especially in hilly areas.",2026-06-24_07-53-14_hk_1782280394.fit,362,2026-06-24T05:59:19.000Z,361.000,907.56,,,73,2.588,34.15,44.251074,19.934784
2026-06-24,Running,Morning Run in Serbia,"I am in a conference in Serbia, and I got some time to do a bit of running. Its usually fun to do it at new places, especially in hilly areas.",2026-06-24_07-53-14_hk_1782280394.fit,363,2026-06-24T05:59:20.000Z,362.000,910.05,,,73,2.577,34.15,44.251092,19.934802
2026-06-24,Running,Morning Run in Serbia,"I am in a conference in Serbia, and I got some time to do a bit of running. Its usually fun to do it at new places, especially in hilly areas.",2026-06-24_07-53-14_hk_1782280394.fit,364,2026-06-24T05:59:21.000Z,363.000,912.58,,,73,2.575,34.15,44.251092,19.93482
2026-06-24,Running,Morning Run in Serbia,"I am in a conference in Serbia, and I got some time to do a bit of running. Its usually fun to do it at new places, especially in hilly areas.",2026-06-24_07-53-14_hk_1782280394.fit,365,2026-06-24T05:59:22.000Z,364.000,915.1,,,73,2.579,34.15,44.25111,19.934838
2026-06-24,Running,Morning Run in Serbia,"I am in a conference in Serbia, and I got some time to do a bit of running. Its usually fun to do it at new places, especially in hilly areas.",2026-06-24_07-53-14_hk_1782280394.fit,366,2026-06-24T05:59:23.000Z,365.000,917.52,,,73,2.582,34.15,44.251146,19.934856
2026-06-24,Running,Morning Run in Serbia,"I am in a conference in Serbia, and I got some time to do a bit of running. Its usually fun to do it at new places, especially in hilly areas.",2026-06-24_07-53-14_hk_1782280394.fit,367,2026-06-24T05:59:24.000Z,366.000,919.89,,,75,2.583,34.15,44.251164,19.934874
2026-06-24,Running,Morning Run in Serbia,"I am in a conference in Serbia, and I got some time to do a bit of running. Its usually fun to do it at new places, especially in hilly areas.",2026-06-24_07-53-14_hk_1782280394.fit,368,2026-06-24T05:59:25.000Z,367.000,922.4,,,75,2.582,34.15,44.251182,19.934892
2026-06-24,Running,Morning Run in Serbia,"I am in a conference in Serbia, and I got some time to do a bit of running. Its usually fun to do it at new places, especially in hilly areas.",2026-06-24_07-53-14_hk_1782280394.fit,369,2026-06-24T05:59:26.000Z,368.000,925.06,,,75,2.576,34.15,44.2512,19.93491
2026-06-24,Running,Morning Run in Serbia,"I am in a conference in Serbia, and I got some time to do a bit of running. Its usually fun to do it at new places, especially in hilly areas.",2026-06-24_07-53-14_hk_1782280394.fit,370,2026-06-24T05:59:27.000Z,369.000,927.83,,,76,2.569,34.15,44.251218,19.934928
2026-06-24,Running,Morning Run in Serbia,"I am in a conference in Serbia, and I got some time to do a bit of running. Its usually fun to do it at new places, especially in hilly areas.",2026-06-24_07-53-14_hk_1782280394.fit,371,2026-06-24T05:59:28.000Z,370.000,930.63,,,76,2.567,34.15,44.251236,19.934946
2026-06-24,Running,Morning Run in Serbia,"I am in a conference in Serbia, and I got some time to do a bit of running. Its usually fun to do it at new places, especially in hilly areas.",2026-06-24_07-53-14_hk_1782280394.fit,372,2026-06-24T05:59:29.000Z,371.000,933.36,,,76,2.567,34.15,44.251254,19.934982
2026-06-24,Running,Morning Run in Serbia,"I am in a conference in Serbia, and I got some time to do a bit of running. Its usually fun to do it at new places, especially in hilly areas.",2026-06-24_07-53-14_hk_1782280394.fit,373,2026-06-24T05:59:30.000Z,372.000,935.95,,,76,2.559,34.16,44.251272,19.935
2026-06-24,Running,Morning Run in Serbia,"I am in a conference in Serbia, and I got some time to do a bit of running. Its usually fun to do it at new places, especially in hilly areas.",2026-06-24_07-53-14_hk_1782280394.fit,374,2026-06-24T05:59:31.000Z,373.000,938.45,,,76,2.548,34.16,44.25129,19.935
2026-06-24,Running,Morning Run in Serbia,"I am in a conference in Serbia, and I got some time to do a bit of running. Its usually fun to do it at new places, especially in hilly areas.",2026-06-24_07-53-14_hk_1782280394.fit,375,2026-06-24T05:59:32.000Z,374.000,940.94,,,76,2.541,34.16,44.251308,19.935018
2026-06-24,Running,Morning Run in Serbia,"I am in a conference in Serbia, and I got some time to do a bit of running. Its usually fun to do it at new places, especially in hilly areas.",2026-06-24_07-53-14_hk_1782280394.fit,376,2026-06-24T05:59:33.000Z,375.000,943.44,,,76,2.538,34.16,44.251326,19.935036
2026-06-24,Running,Morning Run in Serbia,"I am in a conference in Serbia, and I got some time to do a bit of running. Its usually fun to do it at new places, especially in hilly areas.",2026-06-24_07-53-14_hk_1782280394.fit,377,2026-06-24T05:59:34.000Z,376.000,945.95,,,76,2.539,34.16,44.251344,19.935054
2026-06-24,Running,Morning Run in Serbia,"I am in a conference in Serbia, and I got some time to do a bit of running. Its usually fun to do it at new places, especially in hilly areas.",2026-06-24_07-53-14_hk_1782280394.fit,378,2026-06-24T05:59:35.000Z,377.000,948.49,,,76,2.547,34.16,44.251362,19.93509
2026-06-24,Running,Morning Run in Serbia,"I am in a conference in Serbia, and I got some time to do a bit of running. Its usually fun to do it at new places, especially in hilly areas.",2026-06-24_07-53-14_hk_1782280394.fit,379,2026-06-24T05:59:36.000Z,378.000,951.12,,,76,2.558,34.16,44.25138,19.935108
2026-06-24,Running,Morning Run in Serbia,"I am in a conference in Serbia, and I got some time to do a bit of running. Its usually fun to do it at new places, especially in hilly areas.",2026-06-24_07-53-14_hk_1782280394.fit,380,2026-06-24T05:59:37.000Z,379.000,953.75,,,76,2.562,34.16,44.251398,19.935126
2026-06-24,Running,Morning Run in Serbia,"I am in a conference in Serbia, and I got some time to do a bit of running. Its usually fun to do it at new places, especially in hilly areas.",2026-06-24_07-53-14_hk_1782280394.fit,381,2026-06-24T05:59:38.000Z,380.000,956.27,,,76,2.559,34.17,44.251416,19.935144
2026-06-24,Running,Morning Run in Serbia,"I am in a conference in Serbia, and I got some time to do a bit of running. Its usually fun to do it at new places, especially in hilly areas.",2026-06-24_07-53-14_hk_1782280394.fit,382,2026-06-24T05:59:39.000Z,381.000,958.64,,,74,2.554,34.17,44.251434,19.935162
2026-06-24,Running,Morning Run in Serbia,"I am in a conference in Serbia, and I got some time to do a bit of running. Its usually fun to do it at new places, especially in hilly areas.",2026-06-24_07-53-14_hk_1782280394.fit,383,2026-06-24T05:59:40.000Z,382.000,960.88,,,74,2.542,34.17,44.251452,19.93518
2026-06-24,Running,Morning Run in Serbia,"I am in a conference in Serbia, and I got some time to do a bit of running. Its usually fun to do it at new places, especially in hilly areas.",2026-06-24_07-53-14_hk_1782280394.fit,384,2026-06-24T05:59:41.000Z,383.000,962.97,,,74,2.52,34.17,44.25147,19.935198
2026-06-24,Running,Morning Run in Serbia,"I am in a conference in Serbia, and I got some time to do a bit of running. Its usually fun to do it at new places, especially in hilly areas.",2026-06-24_07-53-14_hk_1782280394.fit,385,2026-06-24T05:59:42.000Z,384.000,964.97,,,76,2.495,34.17,44.251488,19.935198
2026-06-24,Running,Morning Run in Serbia,"I am in a conference in Serbia, and I got some time to do a bit of running. Its usually fun to do it at new places, especially in hilly areas.",2026-06-24_07-53-14_hk_1782280394.fit,386,2026-06-24T05:59:43.000Z,385.000,966.95,,,76,2.469,34.17,44.251506,19.935216
2026-06-24,Running,Morning Run in Serbia,"I am in a conference in Serbia, and I got some time to do a bit of running. Its usually fun to do it at new places, especially in hilly areas.",2026-06-24_07-53-14_hk_1782280394.fit,387,2026-06-24T05:59:44.000Z,386.000,969.1,,,76,2.456,34.17,44.251524,19.935234
2026-06-24,Running,Morning Run in Serbia,"I am in a conference in Serbia, and I got some time to do a bit of running. Its usually fun to do it at new places, especially in hilly areas.",2026-06-24_07-53-14_hk_1782280394.fit,388,2026-06-24T05:59:45.000Z,387.000,971.44,,,76,2.455,34.17,44.251542,19.935252
2026-06-24,Running,Morning Run in Serbia,"I am in a conference in Serbia, and I got some time to do a bit of running. Its usually fun to do it at new places, especially in hilly areas.",2026-06-24_07-53-14_hk_1782280394.fit,389,2026-06-24T05:59:46.000Z,388.000,973.82,,,76,2.449,34.17,44.25156,19.93527
2026-06-24,Running,Morning Run in Serbia,"I am in a conference in Serbia, and I got some time to do a bit of running. Its usually fun to do it at new places, especially in hilly areas.",2026-06-24_07-53-14_hk_1782280394.fit,390,2026-06-24T05:59:47.000Z,389.000,976.22,,,76,2.437,34.17,44.25156,19.935288
2026-06-24,Running,Morning Run in Serbia,"I am in a conference in Serbia, and I got some time to do a bit of running. Its usually fun to do it at new places, especially in hilly areas.",2026-06-24_07-53-14_hk_1782280394.fit,391,2026-06-24T05:59:48.000Z,390.000,978.7,,,76,2.423,34.17,44.251578,19.935306
2026-06-24,Running,Morning Run in Serbia,"I am in a conference in Serbia, and I got some time to do a bit of running. Its usually fun to do it at new places, especially in hilly areas.",2026-06-24_07-53-14_hk_1782280394.fit,392,2026-06-24T05:59:49.000Z,391.000,981.28,,,76,2.412,34.17,44.251596,19.935342
2026-06-24,Running,Morning Run in Serbia,"I am in a conference in Serbia, and I got some time to do a bit of running. Its usually fun to do it at new places, especially in hilly areas.",2026-06-24_07-53-14_hk_1782280394.fit,393,2026-06-24T05:59:50.000Z,392.000,983.89,,,76,2.406,34.17,44.251614,19.93536
2026-06-24,Running,Morning Run in Serbia,"I am in a conference in Serbia, and I got some time to do a bit of running. Its usually fun to do it at new places, especially in hilly areas.",2026-06-24_07-53-14_hk_1782280394.fit,394,2026-06-24T05:59:51.000Z,393.000,986.44,,,76,2.404,34.16,44.251632,19.935378
2026-06-24,Running,Morning Run in Serbia,"I am in a conference in Serbia, and I got some time to do a bit of running. Its usually fun to do it at new places, especially in hilly areas.",2026-06-24_07-53-14_hk_1782280394.fit,395,2026-06-24T05:59:52.000Z,394.000,988.87,,,76,2.401,34.16,44.25165,19.935396
2026-06-24,Running,Morning Run in Serbia,"I am in a conference in Serbia, and I got some time to do a bit of running. Its usually fun to do it at new places, especially in hilly areas.",2026-06-24_07-53-14_hk_1782280394.fit,396,2026-06-24T05:59:53.000Z,395.000,991.18,,,76,2.392,34.16,44.251668,19.935414
2026-06-24,Running,Morning Run in Serbia,"I am in a conference in Serbia, and I got some time to do a bit of running. Its usually fun to do it at new places, especially in hilly areas.",2026-06-24_07-53-14_hk_1782280394.fit,397,2026-06-24T05:59:54.000Z,396.000,993.43,,,75,2.386,34.16,44.251686,19.935432
2026-06-24,Running,Morning Run in Serbia,"I am in a conference in Serbia, and I got some time to do a bit of running. Its usually fun to do it at new places, especially in hilly areas.",2026-06-24_07-53-14_hk_1782280394.fit,398,2026-06-24T05:59:55.000Z,397.000,995.74,,,75,2.377,34.16,44.251704,19.93545
2026-06-24,Running,Morning Run in Serbia,"I am in a conference in Serbia, and I got some time to do a bit of running. Its usually fun to do it at new places, especially in hilly areas.",2026-06-24_07-53-14_hk_1782280394.fit,399,2026-06-24T05:59:56.000Z,398.000,998.1,,,75,2.371,34.16,44.251722,19.935468
2026-06-24,Running,Morning Run in Serbia,"I am in a conference in Serbia, and I got some time to do a bit of running. Its usually fun to do it at new places, especially in hilly areas.",2026-06-24_07-53-14_hk_1782280394.fit,400,2026-06-24T05:59:57.000Z,399.000,1000.51,,,74,2.365,34.15,44.25174,19.935486
2026-06-24,Running,Morning Run in Serbia,"I am in a conference in Serbia, and I got some time to do a bit of running. Its usually fun to do it at new places, especially in hilly areas.",2026-06-24_07-53-14_hk_1782280394.fit,401,2026-06-24T05:59:58.000Z,400.000,1002.97,,,74,2.357,34.15,44.251758,19.935504
2026-06-24,Running,Morning Run in Serbia,"I am in a conference in Serbia, and I got some time to do a bit of running. Its usually fun to do it at new places, especially in hilly areas.",2026-06-24_07-53-14_hk_1782280394.fit,402,2026-06-24T05:59:59.000Z,401.000,1005.51,,,74,2.353,34.14,44.251776,19.935522
2026-06-24,Running,Morning Run in Serbia,"I am in a conference in Serbia, and I got some time to do a bit of running. Its usually fun to do it at new places, especially in hilly areas.",2026-06-24_07-53-14_hk_1782280394.fit,403,2026-06-24T06:00:00.000Z,402.000,1008.13,,,74,2.357,34.14,44.251794,19.93554
2026-06-24,Running,Morning Run in Serbia,"I am in a conference in Serbia, and I got some time to do a bit of running. Its usually fun to do it at new places, especially in hilly areas.",2026-06-24_07-53-14_hk_1782280394.fit,404,2026-06-24T06:00:01.000Z,403.000,1010.81,,,74,2.371,34.13,44.251812,19.935558
2026-06-24,Running,Morning Run in Serbia,"I am in a conference in Serbia, and I got some time to do a bit of running. Its usually fun to do it at new places, especially in hilly areas.",2026-06-24_07-53-14_hk_1782280394.fit,405,2026-06-24T06:00:02.000Z,404.000,1013.53,,,74,2.408,34.13,44.25183,19.935594
2026-06-24,Running,Morning Run in Serbia,"I am in a conference in Serbia, and I got some time to do a bit of running. Its usually fun to do it at new places, especially in hilly areas.",2026-06-24_07-53-14_hk_1782280394.fit,406,2026-06-24T06:00:03.000Z,405.000,1016.29,,,73,2.444,34.12,44.251848,19.935612
2026-06-24,Running,Morning Run in Serbia,"I am in a conference in Serbia, and I got some time to do a bit of running. Its usually fun to do it at new places, especially in hilly areas.",2026-06-24_07-53-14_hk_1782280394.fit,407,2026-06-24T06:00:04.000Z,406.000,1018.98,,,73,2.478,34.12,44.251866,19.93563
2026-06-24,Running,Morning Run in Serbia,"I am in a conference in Serbia, and I got some time to do a bit of running. Its usually fun to do it at new places, especially in hilly areas.",2026-06-24_07-53-14_hk_1782280394.fit,408,2026-06-24T06:00:05.000Z,407.000,1021.53,,,73,2.505,34.11,44.251884,19.935648
2026-06-24,Running,Morning Run in Serbia,"I am in a conference in Serbia, and I got some time to do a bit of running. Its usually fun to do it at new places, especially in hilly areas.",2026-06-24_07-53-14_hk_1782280394.fit,409,2026-06-24T06:00:06.000Z,408.000,1023.99,,,71,2.508,34.1,44.251902,19.935666
2026-06-24,Running,Morning Run in Serbia,"I am in a conference in Serbia, and I got some time to do a bit of running. Its usually fun to do it at new places, especially in hilly areas.",2026-06-24_07-53-14_hk_1782280394.fit,410,2026-06-24T06:00:07.000Z,409.000,1026.42,,,71,2.51,34.1,44.25192,19.935684
2026-06-24,Running,Morning Run in Serbia,"I am in a conference in Serbia, and I got some time to do a bit of running. Its usually fun to do it at new places, especially in hilly areas.",2026-06-24_07-53-14_hk_1782280394.fit,411,2026-06-24T06:00:08.000Z,410.000,1028.96,,,71,2.513,34.09,44.251938,19.935702
2026-06-24,Running,Morning Run in Serbia,"I am in a conference in Serbia, and I got some time to do a bit of running. Its usually fun to do it at new places, especially in hilly areas.",2026-06-24_07-53-14_hk_1782280394.fit,412,2026-06-24T06:00:09.000Z,411.000,1031.64,,,68,2.518,34.08,44.251956,19.935738
2026-06-24,Running,Morning Run in Serbia,"I am in a conference in Serbia, and I got some time to do a bit of running. Its usually fun to do it at new places, especially in hilly areas.",2026-06-24_07-53-14_hk_1782280394.fit,413,2026-06-24T06:00:10.000Z,412.000,1034.37,,,68,2.524,34.08,44.251974,19.935756
2026-06-24,Running,Morning Run in Serbia,"I am in a conference in Serbia, and I got some time to do a bit of running. Its usually fun to do it at new places, especially in hilly areas.",2026-06-24_07-53-14_hk_1782280394.fit,414,2026-06-24T06:00:11.000Z,413.000,1037.07,,,68,2.532,34.07,44.251992,19.935774
2026-06-24,Running,Morning Run in Serbia,"I am in a conference in Serbia, and I got some time to do a bit of running. Its usually fun to do it at new places, especially in hilly areas.",2026-06-24_07-53-14_hk_1782280394.fit,415,2026-06-24T06:00:12.000Z,414.000,1039.79,,,70,2.546,34.06,44.252028,19.935792
2026-06-24,Running,Morning Run in Serbia,"I am in a conference in Serbia, and I got some time to do a bit of running. Its usually fun to do it at new places, especially in hilly areas.",2026-06-24_07-53-14_hk_1782280394.fit,416,2026-06-24T06:00:13.000Z,415.000,1042.64,,,70,2.573,34.06,44.252046,19.93581
2026-06-24,Running,Morning Run in Serbia,"I am in a conference in Serbia, and I got some time to do a bit of running. Its usually fun to do it at new places, especially in hilly areas.",2026-06-24_07-53-14_hk_1782280394.fit,417,2026-06-24T06:00:14.000Z,416.000,1045.54,,,70,2.605,34.06,44.252064,19.935828
2026-06-24,Running,Morning Run in Serbia,"I am in a conference in Serbia, and I got some time to do a bit of running. Its usually fun to do it at new places, especially in hilly areas.",2026-06-24_07-53-14_hk_1782280394.fit,418,2026-06-24T06:00:15.000Z,417.000,1048.32,,,73,2.643,34.05,44.252082,19.935846
2026-06-24,Running,Morning Run in Serbia,"I am in a conference in Serbia, and I got some time to do a bit of running. Its usually fun to do it at new places, especially in hilly areas.",2026-06-24_07-53-14_hk_1782280394.fit,419,2026-06-24T06:00:16.000Z,418.000,1050.92,,,73,2.653,34.05,44.2521,19.935864
2026-06-24,Running,Morning Run in Serbia,"I am in a conference in Serbia, and I got some time to do a bit of running. Its usually fun to do it at new places, especially in hilly areas.",2026-06-24_07-53-14_hk_1782280394.fit,420,2026-06-24T06:00:17.000Z,419.000,1053.34,,,73,2.651,34.05,44.252118,19.935882
2026-06-24,Running,Morning Run in Serbia,"I am in a conference in Serbia, and I got some time to do a bit of running. Its usually fun to do it at new places, especially in hilly areas.",2026-06-24_07-53-14_hk_1782280394.fit,421,2026-06-24T06:00:18.000Z,420.000,1055.57,,,76,2.635,34.05,44.252136,19.9359
2026-06-24,Running,Morning Run in Serbia,"I am in a conference in Serbia, and I got some time to do a bit of running. Its usually fun to do it at new places, especially in hilly areas.",2026-06-24_07-53-14_hk_1782280394.fit,422,2026-06-24T06:00:19.000Z,421.000,1057.7,,,76,2.609,34.05,44.252154,19.935918
2026-06-24,Running,Morning Run in Serbia,"I am in a conference in Serbia, and I got some time to do a bit of running. Its usually fun to do it at new places, especially in hilly areas.",2026-06-24_07-53-14_hk_1782280394.fit,423,2026-06-24T06:00:20.000Z,422.000,1059.9,,,76,2.588,34.05,44.252172,19.935936
2026-06-24,Running,Morning Run in Serbia,"I am in a conference in Serbia, and I got some time to do a bit of running. Its usually fun to do it at new places, especially in hilly areas.",2026-06-24_07-53-14_hk_1782280394.fit,424,2026-06-24T06:00:21.000Z,423.000,1062.15,,,74,2.567,34.05,44.25219,19.935954
2026-06-24,Running,Morning Run in Serbia,"I am in a conference in Serbia, and I got some time to do a bit of running. Its usually fun to do it at new places, especially in hilly areas.",2026-06-24_07-53-14_hk_1782280394.fit,425,2026-06-24T06:00:22.000Z,424.000,1064.51,,,74,2.549,34.05,44.25219,19.935972
2026-06-24,Running,Morning Run in Serbia,"I am in a conference in Serbia, and I got some time to do a bit of running. Its usually fun to do it at new places, especially in hilly areas.",2026-06-24_07-53-14_hk_1782280394.fit,426,2026-06-24T06:00:23.000Z,425.000,1066.96,,,74,2.534,34.05,44.252208,19.93599
2026-06-24,Running,Morning Run in Serbia,"I am in a conference in Serbia, and I got some time to do a bit of running. Its usually fun to do it at new places, especially in hilly areas.",2026-06-24_07-53-14_hk_1782280394.fit,427,2026-06-24T06:00:24.000Z,426.000,1069.52,,,76,2.527,34.05,44.252244,19.936008
2026-06-24,Running,Morning Run in Serbia,"I am in a conference in Serbia, and I got some time to do a bit of running. Its usually fun to do it at new places, especially in hilly areas.",2026-06-24_07-53-14_hk_1782280394.fit,428,2026-06-24T06:00:25.000Z,427.000,1072.15,,,76,2.531,34.05,44.252262,19.936044
2026-06-24,Running,Morning Run in Serbia,"I am in a conference in Serbia, and I got some time to do a bit of running. Its usually fun to do it at new places, especially in hilly areas.",2026-06-24_07-53-14_hk_1782280394.fit,429,2026-06-24T06:00:26.000Z,428.000,1074.74,,,76,2.538,34.05,44.25228,19.936062
2026-06-24,Running,Morning Run in Serbia,"I am in a conference in Serbia, and I got some time to do a bit of running. Its usually fun to do it at new places, especially in hilly areas.",2026-06-24_07-53-14_hk_1782280394.fit,430,2026-06-24T06:00:27.000Z,429.000,1077.25,,,74,2.542,34.05,44.25228,19.93608
2026-06-24,Running,Morning Run in Serbia,"I am in a conference in Serbia, and I got some time to do a bit of running. Its usually fun to do it at new places, especially in hilly areas.",2026-06-24_07-53-14_hk_1782280394.fit,431,2026-06-24T06:00:28.000Z,430.000,1079.72,,,74,2.538,34.05,44.252298,19.936098
2026-06-24,Running,Morning Run in Serbia,"I am in a conference in Serbia, and I got some time to do a bit of running. Its usually fun to do it at new places, especially in hilly areas.",2026-06-24_07-53-14_hk_1782280394.fit,432,2026-06-24T06:00:29.000Z,431.000,1082.21,,,74,2.529,34.06,44.252316,19.936116
2026-06-24,Running,Morning Run in Serbia,"I am in a conference in Serbia, and I got some time to do a bit of running. Its usually fun to do it at new places, especially in hilly areas.",2026-06-24_07-53-14_hk_1782280394.fit,433,2026-06-24T06:00:30.000Z,432.000,1084.8,,,76,2.522,34.06,44.252334,19.936134
2026-06-24,Running,Morning Run in Serbia,"I am in a conference in Serbia, and I got some time to do a bit of running. Its usually fun to do it at new places, especially in hilly areas.",2026-06-24_07-53-14_hk_1782280394.fit,434,2026-06-24T06:00:31.000Z,433.000,1087.39,,,76,2.516,34.06,44.252352,19.936152
2026-06-24,Running,Morning Run in Serbia,"I am in a conference in Serbia, and I got some time to do a bit of running. Its usually fun to do it at new places, especially in hilly areas.",2026-06-24_07-53-14_hk_1782280394.fit,435,2026-06-24T06:00:32.000Z,434.000,1089.85,,,76,2.503,34.06,44.252388,19.93617
2026-06-24,Running,Morning Run in Serbia,"I am in a conference in Serbia, and I got some time to do a bit of running. Its usually fun to do it at new places, especially in hilly areas.",2026-06-24_07-53-14_hk_1782280394.fit,436,2026-06-24T06:00:33.000Z,435.000,1092.19,,,75,2.495,34.07,44.252406,19.936188
2026-06-24,Running,Morning Run in Serbia,"I am in a conference in Serbia, and I got some time to do a bit of running. Its usually fun to do it at new places, especially in hilly areas.",2026-06-24_07-53-14_hk_1782280394.fit,437,2026-06-24T06:00:34.000Z,436.000,1094.43,,,75,2.466,34.07,44.252424,19.936206
2026-06-24,Running,Morning Run in Serbia,"I am in a conference in Serbia, and I got some time to do a bit of running. Its usually fun to do it at new places, especially in hilly areas.",2026-06-24_07-53-14_hk_1782280394.fit,438,2026-06-24T06:00:35.000Z,437.000,1096.62,,,75,2.433,34.07,44.252442,19.936206
2026-06-24,Running,Morning Run in Serbia,"I am in a conference in Serbia, and I got some time to do a bit of running. Its usually fun to do it at new places, especially in hilly areas.",2026-06-24_07-53-14_hk_1782280394.fit,439,2026-06-24T06:00:36.000Z,438.000,1098.79,,,75,2.403,34.08,44.252442,19.936224
2026-06-24,Running,Morning Run in Serbia,"I am in a conference in Serbia, and I got some time to do a bit of running. Its usually fun to do it at new places, especially in hilly areas.",2026-06-24_07-53-14_hk_1782280394.fit,440,2026-06-24T06:00:37.000Z,439.000,1100.94,,,75,2.382,34.08,44.25246,19.936242
2026-06-24,Running,Morning Run in Serbia,"I am in a conference in Serbia, and I got some time to do a bit of running. Its usually fun to do it at new places, especially in hilly areas.",2026-06-24_07-53-14_hk_1782280394.fit,441,2026-06-24T06:00:38.000Z,440.000,1103.1,,,75,2.371,34.08,44.252478,19.93626
2026-06-24,Running,Morning Run in Serbia,"I am in a conference in Serbia, and I got some time to do a bit of running. Its usually fun to do it at new places, especially in hilly areas.",2026-06-24_07-53-14_hk_1782280394.fit,442,2026-06-24T06:00:39.000Z,441.000,1105.23,,,74,2.358,34.09,44.252496,19.936278
2026-06-24,Running,Morning Run in Serbia,"I am in a conference in Serbia, and I got some time to do a bit of running. Its usually fun to do it at new places, especially in hilly areas.",2026-06-24_07-53-14_hk_1782280394.fit,443,2026-06-24T06:00:40.000Z,442.000,1107.3,,,74,2.351,34.09,44.252514,19.936296
2026-06-24,Running,Morning Run in Serbia,"I am in a conference in Serbia, and I got some time to do a bit of running. Its usually fun to do it at new places, especially in hilly areas.",2026-06-24_07-53-14_hk_1782280394.fit,444,2026-06-24T06:00:41.000Z,443.000,1109.42,,,74,2.351,34.1,44.252514,19.936314
2026-06-24,Running,Morning Run in Serbia,"I am in a conference in Serbia, and I got some time to do a bit of running. Its usually fun to do it at new places, especially in hilly areas.",2026-06-24_07-53-14_hk_1782280394.fit,445,2026-06-24T06:00:42.000Z,444.000,1111.68,,,73,2.354,34.1,44.252532,19.936332
2026-06-24,Running,Morning Run in Serbia,"I am in a conference in Serbia, and I got some time to do a bit of running. Its usually fun to do it at new places, especially in hilly areas.",2026-06-24_07-53-14_hk_1782280394.fit,446,2026-06-24T06:00:43.000Z,445.000,1113.96,,,73,2.355,34.1,44.25255,19.93635
2026-06-24,Running,Morning Run in Serbia,"I am in a conference in Serbia, and I got some time to do a bit of running. Its usually fun to do it at new places, especially in hilly areas.",2026-06-24_07-53-14_hk_1782280394.fit,447,2026-06-24T06:00:44.000Z,446.000,1116.13,,,73,2.347,34.11,44.252568,19.936368
2026-06-24,Running,Morning Run in Serbia,"I am in a conference in Serbia, and I got some time to do a bit of running. Its usually fun to do it at new places, especially in hilly areas.",2026-06-24_07-53-14_hk_1782280394.fit,448,2026-06-24T06:00:45.000Z,447.000,1118.3,,,76,2.333,34.11,44.252586,19.936386
2026-06-24,Running,Morning Run in Serbia,"I am in a conference in Serbia, and I got some time to do a bit of running. Its usually fun to do it at new places, especially in hilly areas.",2026-06-24_07-53-14_hk_1782280394.fit,449,2026-06-24T06:00:46.000Z,448.000,1120.62,,,76,2.323,34.12,44.252604,19.936404
2026-06-24,Running,Morning Run in Serbia,"I am in a conference in Serbia, and I got some time to do a bit of running. Its usually fun to do it at new places, especially in hilly areas.",2026-06-24_07-53-14_hk_1782280394.fit,450,2026-06-24T06:00:47.000Z,449.000,1123.04,,,76,2.313,34.12,44.252622,19.936422
2026-06-24,Running,Morning Run in Serbia,"I am in a conference in Serbia, and I got some time to do a bit of running. Its usually fun to do it at new places, especially in hilly areas.",2026-06-24_07-53-14_hk_1782280394.fit,451,2026-06-24T06:00:48.000Z,450.000,1125.53,,,74,2.308,34.13,44.25264,19.93644
2026-06-24,Running,Morning Run in Serbia,"I am in a conference in Serbia, and I got some time to do a bit of running. Its usually fun to do it at new places, especially in hilly areas.",2026-06-24_07-53-14_hk_1782280394.fit,452,2026-06-24T06:00:49.000Z,451.000,1128.07,,,74,2.31,34.13,44.25264,19.936476
2026-06-24,Running,Morning Run in Serbia,"I am in a conference in Serbia, and I got some time to do a bit of running. Its usually fun to do it at new places, especially in hilly areas.",2026-06-24_07-53-14_hk_1782280394.fit,453,2026-06-24T06:00:50.000Z,452.000,1130.5,,,74,2.308,34.14,44.252658,19.936494
2026-06-24,Running,Morning Run in Serbia,"I am in a conference in Serbia, and I got some time to do a bit of running. Its usually fun to do it at new places, especially in hilly areas.",2026-06-24_07-53-14_hk_1782280394.fit,454,2026-06-24T06:00:51.000Z,453.000,1132.77,,,76,2.298,34.14,44.252676,19.936512
2026-06-24,Running,Morning Run in Serbia,"I am in a conference in Serbia, and I got some time to do a bit of running. Its usually fun to do it at new places, especially in hilly areas.",2026-06-24_07-53-14_hk_1782280394.fit,455,2026-06-24T06:00:52.000Z,454.000,1134.99,,,76,2.281,34.14,44.252694,19.93653
2026-06-24,Running,Morning Run in Serbia,"I am in a conference in Serbia, and I got some time to do a bit of running. Its usually fun to do it at new places, especially in hilly areas.",2026-06-24_07-53-14_hk_1782280394.fit,456,2026-06-24T06:00:53.000Z,455.000,1137.26,,,76,2.281,34.15,44.252712,19.936548
2026-06-24,Running,Morning Run in Serbia,"I am in a conference in Serbia, and I got some time to do a bit of running. Its usually fun to do it at new places, especially in hilly areas.",2026-06-24_07-53-14_hk_1782280394.fit,457,2026-06-24T06:00:54.000Z,456.000,1139.5,,,74,2.266,34.15,44.25273,19.936566
2026-06-24,Running,Morning Run in Serbia,"I am in a conference in Serbia, and I got some time to do a bit of running. Its usually fun to do it at new places, especially in hilly areas.",2026-06-24_07-53-14_hk_1782280394.fit,458,2026-06-24T06:00:55.000Z,457.000,1141.59,,,74,2.25,34.16,44.252748,19.936584
2026-06-24,Running,Morning Run in Serbia,"I am in a conference in Serbia, and I got some time to do a bit of running. Its usually fun to do it at new places, especially in hilly areas.",2026-06-24_07-53-14_hk_1782280394.fit,459,2026-06-24T06:00:56.000Z,458.000,1143.49,,,74,2.23,34.16,44.252748,19.936584
2026-06-24,Running,Morning Run in Serbia,"I am in a conference in Serbia, and I got some time to do a bit of running. Its usually fun to do it at new places, especially in hilly areas.",2026-06-24_07-53-14_hk_1782280394.fit,460,2026-06-24T06:00:57.000Z,459.000,1145.32,,,76,2.213,34.16,44.252766,19.936602
2026-06-24,Running,Morning Run in Serbia,"I am in a conference in Serbia, and I got some time to do a bit of running. Its usually fun to do it at new places, especially in hilly areas.",2026-06-24_07-53-14_hk_1782280394.fit,461,2026-06-24T06:00:58.000Z,460.000,1147.24,,,76,2.201,34.16,44.252784,19.93662
2026-06-24,Running,Morning Run in Serbia,"I am in a conference in Serbia, and I got some time to do a bit of running. Its usually fun to do it at new places, especially in hilly areas.",2026-06-24_07-53-14_hk_1782280394.fit,462,2026-06-24T06:00:59.000Z,461.000,1149.29,,,76,2.196,34.17,44.252784,19.936638
2026-06-24,Running,Morning Run in Serbia,"I am in a conference in Serbia, and I got some time to do a bit of running. Its usually fun to do it at new places, especially in hilly areas.",2026-06-24_07-53-14_hk_1782280394.fit,463,2026-06-24T06:01:00.000Z,462.000,1151.57,,,73,2.201,34.17,44.252802,19.936674
2026-06-24,Running,Morning Run in Serbia,"I am in a conference in Serbia, and I got some time to do a bit of running. Its usually fun to do it at new places, especially in hilly areas.",2026-06-24_07-53-14_hk_1782280394.fit,464,2026-06-24T06:01:01.000Z,463.000,1154.07,,,73,2.216,34.17,44.25282,19.936692
2026-06-24,Running,Morning Run in Serbia,"I am in a conference in Serbia, and I got some time to do a bit of running. Its usually fun to do it at new places, especially in hilly areas.",2026-06-24_07-53-14_hk_1782280394.fit,465,2026-06-24T06:01:02.000Z,464.000,1156.6,,,73,2.234,34.17,44.252838,19.93671
2026-06-24,Running,Morning Run in Serbia,"I am in a conference in Serbia, and I got some time to do a bit of running. Its usually fun to do it at new places, especially in hilly areas.",2026-06-24_07-53-14_hk_1782280394.fit,466,2026-06-24T06:01:03.000Z,465.000,1158.97,,,76,2.247,34.17,44.252856,19.936728
2026-06-24,Running,Morning Run in Serbia,"I am in a conference in Serbia, and I got some time to do a bit of running. Its usually fun to do it at new places, especially in hilly areas.",2026-06-24_07-53-14_hk_1782280394.fit,467,2026-06-24T06:01:04.000Z,466.000,1161.14,,,76,2.249,34.17,44.252874,19.936746
2026-06-24,Running,Morning Run in Serbia,"I am in a conference in Serbia, and I got some time to do a bit of running. Its usually fun to do it at new places, especially in hilly areas.",2026-06-24_07-53-14_hk_1782280394.fit,468,2026-06-24T06:01:05.000Z,467.000,1163.24,,,76,2.242,34.17,44.252892,19.936764
2026-06-24,Running,Morning Run in Serbia,"I am in a conference in Serbia, and I got some time to do a bit of running. Its usually fun to do it at new places, especially in hilly areas.",2026-06-24_07-53-14_hk_1782280394.fit,469,2026-06-24T06:01:06.000Z,468.000,1165.48,,,75,2.24,34.17,44.252892,19.936782
2026-06-24,Running,Morning Run in Serbia,"I am in a conference in Serbia, and I got some time to do a bit of running. Its usually fun to do it at new places, especially in hilly areas.",2026-06-24_07-53-14_hk_1782280394.fit,470,2026-06-24T06:01:07.000Z,469.000,1167.85,,,75,2.249,34.17,44.25291,19.9368
2026-06-24,Running,Morning Run in Serbia,"I am in a conference in Serbia, and I got some time to do a bit of running. Its usually fun to do it at new places, especially in hilly areas.",2026-06-24_07-53-14_hk_1782280394.fit,471,2026-06-24T06:01:08.000Z,470.000,1170.35,,,75,2.263,34.17,44.252928,19.936818
2026-06-24,Running,Morning Run in Serbia,"I am in a conference in Serbia, and I got some time to do a bit of running. Its usually fun to do it at new places, especially in hilly areas.",2026-06-24_07-53-14_hk_1782280394.fit,472,2026-06-24T06:01:09.000Z,471.000,1172.93,,,75,2.274,34.17,44.252946,19.936836
2026-06-24,Running,Morning Run in Serbia,"I am in a conference in Serbia, and I got some time to do a bit of running. Its usually fun to do it at new places, especially in hilly areas.",2026-06-24_07-53-14_hk_1782280394.fit,473,2026-06-24T06:01:10.000Z,472.000,1175.54,,,75,2.273,34.16,44.252964,19.936854
2026-06-24,Running,Morning Run in Serbia,"I am in a conference in Serbia, and I got some time to do a bit of running. Its usually fun to do it at new places, especially in hilly areas.",2026-06-24_07-53-14_hk_1782280394.fit,474,2026-06-24T06:01:11.000Z,473.000,1178.13,,,75,2.276,34.16,44.253,19.936872
2026-06-24,Running,Morning Run in Serbia,"I am in a conference in Serbia, and I got some time to do a bit of running. Its usually fun to do it at new places, especially in hilly areas.",2026-06-24_07-53-14_hk_1782280394.fit,475,2026-06-24T06:01:12.000Z,474.000,1180.72,,,74,2.283,34.16,44.253018,19.936908
2026-06-24,Running,Morning Run in Serbia,"I am in a conference in Serbia, and I got some time to do a bit of running. Its usually fun to do it at new places, especially in hilly areas.",2026-06-24_07-53-14_hk_1782280394.fit,476,2026-06-24T06:01:13.000Z,475.000,1183.29,,,74,2.296,34.16,44.253036,19.936926
2026-06-24,Running,Morning Run in Serbia,"I am in a conference in Serbia, and I got some time to do a bit of running. Its usually fun to do it at new places, especially in hilly areas.",2026-06-24_07-53-14_hk_1782280394.fit,477,2026-06-24T06:01:14.000Z,476.000,1185.72,,,74,2.306,34.16,44.253054,19.936944
2026-06-24,Running,Morning Run in Serbia,"I am in a conference in Serbia, and I got some time to do a bit of running. Its usually fun to do it at new places, especially in hilly areas.",2026-06-24_07-53-14_hk_1782280394.fit,478,2026-06-24T06:01:15.000Z,477.000,1188.11,,,73,2.311,34.16,44.253054,19.936962
2026-06-24,Running,Morning Run in Serbia,"I am in a conference in Serbia, and I got some time to do a bit of running. Its usually fun to do it at new places, especially in hilly areas.",2026-06-24_07-53-14_hk_1782280394.fit,479,2026-06-24T06:01:16.000Z,478.000,1190.62,,,73,2.324,34.15,44.253072,19.93698
2026-06-24,Running,Morning Run in Serbia,"I am in a conference in Serbia, and I got some time to do a bit of running. Its usually fun to do it at new places, especially in hilly areas.",2026-06-24_07-53-14_hk_1782280394.fit,480,2026-06-24T06:01:17.000Z,479.000,1193.33,,,73,2.352,34.15,44.25309,19.936998
2026-06-24,Running,Morning Run in Serbia,"I am in a conference in Serbia, and I got some time to do a bit of running. Its usually fun to do it at new places, especially in hilly areas.",2026-06-24_07-53-14_hk_1782280394.fit,481,2026-06-24T06:01:18.000Z,480.000,1196.17,,,76,2.421,34.15,44.253108,19.937034
2026-06-24,Running,Morning Run in Serbia,"I am in a conference in Serbia, and I got some time to do a bit of running. Its usually fun to do it at new places, especially in hilly areas.",2026-06-24_07-53-14_hk_1782280394.fit,482,2026-06-24T06:01:19.000Z,481.000,1198.95,,,76,2.462,34.15,44.253144,19.937052
2026-06-24,Running,Morning Run in Serbia,"I am in a conference in Serbia, and I got some time to do a bit of running. Its usually fun to do it at new places, especially in hilly areas.",2026-06-24_07-53-14_hk_1782280394.fit,483,2026-06-24T06:01:20.000Z,482.000,1201.56,,,76,2.489,34.15,44.253162,19.93707
2026-06-24,Running,Morning Run in Serbia,"I am in a conference in Serbia, and I got some time to do a bit of running. Its usually fun to do it at new places, especially in hilly areas.",2026-06-24_07-53-14_hk_1782280394.fit,484,2026-06-24T06:01:21.000Z,483.000,1204.02,,,73,2.497,34.14,44.253162,19.937088
2026-06-24,Running,Morning Run in Serbia,"I am in a conference in Serbia, and I got some time to do a bit of running. Its usually fun to do it at new places, especially in hilly areas.",2026-06-24_07-53-14_hk_1782280394.fit,485,2026-06-24T06:01:22.000Z,484.000,1206.37,,,73,2.491,34.14,44.25318,19.937106
2026-06-24,Running,Morning Run in Serbia,"I am in a conference in Serbia, and I got some time to do a bit of running. Its usually fun to do it at new places, especially in hilly areas.",2026-06-24_07-53-14_hk_1782280394.fit,486,2026-06-24T06:01:23.000Z,485.000,1208.62,,,73,2.477,34.14,44.253198,19.937124
2026-06-24,Running,Morning Run in Serbia,"I am in a conference in Serbia, and I got some time to do a bit of running. Its usually fun to do it at new places, especially in hilly areas.",2026-06-24_07-53-14_hk_1782280394.fit,487,2026-06-24T06:01:24.000Z,486.000,1210.84,,,75,2.47,34.13,44.253216,19.93716
2026-06-24,Running,Morning Run in Serbia,"I am in a conference in Serbia, and I got some time to do a bit of running. Its usually fun to do it at new places, especially in hilly areas.",2026-06-24_07-53-14_hk_1782280394.fit,488,2026-06-24T06:01:25.000Z,487.000,1213.13,,,75,2.476,34.13,44.253234,19.937178
2026-06-24,Running,Morning Run in Serbia,"I am in a conference in Serbia, and I got some time to do a bit of running. Its usually fun to do it at new places, especially in hilly areas.",2026-06-24_07-53-14_hk_1782280394.fit,489,2026-06-24T06:01:26.000Z,488.000,1215.51,,,75,2.502,34.13,44.253234,19.937196
2026-06-24,Running,Morning Run in Serbia,"I am in a conference in Serbia, and I got some time to do a bit of running. Its usually fun to do it at new places, especially in hilly areas.",2026-06-24_07-53-14_hk_1782280394.fit,490,2026-06-24T06:01:27.000Z,489.000,1217.82,,,74,2.492,34.12,44.253252,19.937214
2026-06-24,Running,Morning Run in Serbia,"I am in a conference in Serbia, and I got some time to do a bit of running. Its usually fun to do it at new places, especially in hilly areas.",2026-06-24_07-53-14_hk_1782280394.fit,491,2026-06-24T06:01:28.000Z,490.000,1220.03,,,74,2.485,34.11,44.25327,19.93725
2026-06-24,Running,Morning Run in Serbia,"I am in a conference in Serbia, and I got some time to do a bit of running. Its usually fun to do it at new places, especially in hilly areas.",2026-06-24_07-53-14_hk_1782280394.fit,492,2026-06-24T06:01:29.000Z,491.000,1222.41,,,74,2.479,34.11,44.25327,19.937268
2026-06-24,Running,Morning Run in Serbia,"I am in a conference in Serbia, and I got some time to do a bit of running. Its usually fun to do it at new places, especially in hilly areas.",2026-06-24_07-53-14_hk_1782280394.fit,493,2026-06-24T06:01:30.000Z,492.000,1224.93,,,76,2.476,34.1,44.253288,19.937304
2026-06-24,Running,Morning Run in Serbia,"I am in a conference in Serbia, and I got some time to do a bit of running. Its usually fun to do it at new places, especially in hilly areas.",2026-06-24_07-53-14_hk_1782280394.fit,494,2026-06-24T06:01:31.000Z,493.000,1227.3,,,76,2.464,34.09,44.253306,19.937322
2026-06-24,Running,Morning Run in Serbia,"I am in a conference in Serbia, and I got some time to do a bit of running. Its usually fun to do it at new places, especially in hilly areas.",2026-06-24_07-53-14_hk_1782280394.fit,495,2026-06-24T06:01:32.000Z,494.000,1229.51,,,76,2.447,34.08,44.253306,19.93734
2026-06-24,Running,Morning Run in Serbia,"I am in a conference in Serbia, and I got some time to do a bit of running. Its usually fun to do it at new places, especially in hilly areas.",2026-06-24_07-53-14_hk_1782280394.fit,496,2026-06-24T06:01:33.000Z,495.000,1231.65,,,76,2.425,34.07,44.253324,19.937358
2026-06-24,Running,Morning Run in Serbia,"I am in a conference in Serbia, and I got some time to do a bit of running. Its usually fun to do it at new places, especially in hilly areas.",2026-06-24_07-53-14_hk_1782280394.fit,497,2026-06-24T06:01:34.000Z,496.000,1233.7,,,76,2.4,34.07,44.253342,19.937376
2026-06-24,Running,Morning Run in Serbia,"I am in a conference in Serbia, and I got some time to do a bit of running. Its usually fun to do it at new places, especially in hilly areas.",2026-06-24_07-53-14_hk_1782280394.fit,498,2026-06-24T06:01:35.000Z,497.000,1235.64,,,76,2.379,34.06,44.25336,19.937394
2026-06-24,Running,Morning Run in Serbia,"I am in a conference in Serbia, and I got some time to do a bit of running. Its usually fun to do it at new places, especially in hilly areas.",2026-06-24_07-53-14_hk_1782280394.fit,499,2026-06-24T06:01:36.000Z,498.000,1237.48,,,71,2.353,34.05,44.25336,19.937412
2026-06-24,Running,Morning Run in Serbia,"I am in a conference in Serbia, and I got some time to do a bit of running. Its usually fun to do it at new places, especially in hilly areas.",2026-06-24_07-53-14_hk_1782280394.fit,500,2026-06-24T06:01:37.000Z,499.000,1239.2,,,71,2.322,34.04,44.253378,19.93743
2026-06-24,Running,Morning Run in Serbia,"I am in a conference in Serbia, and I got some time to do a bit of running. Its usually fun to do it at new places, especially in hilly areas.",2026-06-24_07-53-14_hk_1782280394.fit,501,2026-06-24T06:01:38.000Z,500.000,1240.61,,,71,2.282,34.03,44.253396,19.93743
2026-06-24,Running,Morning Run in Serbia,"I am in a conference in Serbia, and I got some time to do a bit of running. Its usually fun to do it at new places, especially in hilly areas.",2026-06-24_07-53-14_hk_1782280394.fit,502,2026-06-24T06:01:39.000Z,501.000,1241.47,,,72,2.211,34.02,44.253396,19.93743
2026-06-24,Running,Morning Run in Serbia,"I am in a conference in Serbia, and I got some time to do a bit of running. Its usually fun to do it at new places, especially in hilly areas.",2026-06-24_07-53-14_hk_1782280394.fit,503,2026-06-24T06:01:40.000Z,502.000,1242.24,,,72,2.151,34.01,44.253396,19.93743
2026-06-24,Running,Morning Run in Serbia,"I am in a conference in Serbia, and I got some time to do a bit of running. Its usually fun to do it at new places, especially in hilly areas.",2026-06-24_07-53-14_hk_1782280394.fit,504,2026-06-24T06:01:41.000Z,503.000,1243.88,,,72,2.106,34,44.253396,19.937412
2026-06-24,Running,Morning Run in Serbia,"I am in a conference in Serbia, and I got some time to do a bit of running. Its usually fun to do it at new places, especially in hilly areas.",2026-06-24_07-53-14_hk_1782280394.fit,505,2026-06-24T06:01:42.000Z,504.000,1246.13,,,69,2.112,33.98,44.253378,19.937394
2026-06-24,Running,Morning Run in Serbia,"I am in a conference in Serbia, and I got some time to do a bit of running. Its usually fun to do it at new places, especially in hilly areas.",2026-06-24_07-53-14_hk_1782280394.fit,506,2026-06-24T06:01:43.000Z,505.000,1248.58,,,69,2.097,33.96,44.25336,19.937376
2026-06-24,Running,Morning Run in Serbia,"I am in a conference in Serbia, and I got some time to do a bit of running. Its usually fun to do it at new places, especially in hilly areas.",2026-06-24_07-53-14_hk_1782280394.fit,507,2026-06-24T06:01:44.000Z,506.000,1251.01,,,69,2.083,33.94,44.253342,19.937358
2026-06-24,Running,Morning Run in Serbia,"I am in a conference in Serbia, and I got some time to do a bit of running. Its usually fun to do it at new places, especially in hilly areas.",2026-06-24_07-53-14_hk_1782280394.fit,508,2026-06-24T06:01:45.000Z,507.000,1253.4,,,72,2.074,33.92,44.253324,19.93734
2026-06-24,Running,Morning Run in Serbia,"I am in a conference in Serbia, and I got some time to do a bit of running. Its usually fun to do it at new places, especially in hilly areas.",2026-06-24_07-53-14_hk_1782280394.fit,509,2026-06-24T06:02:09.000Z,531.000,1280.59,,,47,1.29,34.26,44.253144,19.937106
2026-06-24,Running,Morning Run in Serbia,"I am in a conference in Serbia, and I got some time to do a bit of running. Its usually fun to do it at new places, especially in hilly areas.",2026-06-24_07-53-14_hk_1782280394.fit,510,2026-06-24T06:02:10.000Z,532.000,1281.55,,,47,1.293,34.23,44.253126,19.937088
2026-06-24,Running,Morning Run in Serbia,"I am in a conference in Serbia, and I got some time to do a bit of running. Its usually fun to do it at new places, especially in hilly areas.",2026-06-24_07-53-14_hk_1782280394.fit,511,2026-06-24T06:02:11.000Z,533.000,1282.67,,,47,1.304,34.2,44.253126,19.93707
2026-06-24,Running,Morning Run in Serbia,"I am in a conference in Serbia, and I got some time to do a bit of running. Its usually fun to do it at new places, especially in hilly areas.",2026-06-24_07-53-14_hk_1782280394.fit,512,2026-06-24T06:02:12.000Z,534.000,1284.01,,,51,1.294,34.17,44.253126,19.93707
2026-06-24,Running,Morning Run in Serbia,"I am in a conference in Serbia, and I got some time to do a bit of running. Its usually fun to do it at new places, especially in hilly areas.",2026-06-24_07-53-14_hk_1782280394.fit,513,2026-06-24T06:02:13.000Z,535.000,1285.5,,,51,1.27,34.15,44.253108,19.937052
2026-06-24,Running,Morning Run in Serbia,"I am in a conference in Serbia, and I got some time to do a bit of running. Its usually fun to do it at new places, especially in hilly areas.",2026-06-24_07-53-14_hk_1782280394.fit,514,2026-06-24T06:02:14.000Z,536.000,1287.07,,,51,1.242,34.13,44.253108,19.937034
2026-06-24,Running,Morning Run in Serbia,"I am in a conference in Serbia, and I got some time to do a bit of running. Its usually fun to do it at new places, especially in hilly areas.",2026-06-24_07-53-14_hk_1782280394.fit,515,2026-06-24T06:02:15.000Z,537.000,1288.8,,,61,1.219,34.12,44.25309,19.937016
2026-06-24,Running,Morning Run in Serbia,"I am in a conference in Serbia, and I got some time to do a bit of running. Its usually fun to do it at new places, especially in hilly areas.",2026-06-24_07-53-14_hk_1782280394.fit,516,2026-06-24T06:02:16.000Z,538.000,1290.89,,,61,1.209,34.11,44.253072,19.936998
2026-06-24,Running,Morning Run in Serbia,"I am in a conference in Serbia, and I got some time to do a bit of running. Its usually fun to do it at new places, especially in hilly areas.",2026-06-24_07-53-14_hk_1782280394.fit,517,2026-06-24T06:02:17.000Z,539.000,1293.25,,,61,1.211,34.1,44.253072,19.93698
2026-06-24,Running,Morning Run in Serbia,"I am in a conference in Serbia, and I got some time to do a bit of running. Its usually fun to do it at new places, especially in hilly areas.",2026-06-24_07-53-14_hk_1782280394.fit,518,2026-06-24T06:02:18.000Z,540.000,1295.74,,,85,1.251,34.1,44.253054,19.936962
2026-06-24,Running,Morning Run in Serbia,"I am in a conference in Serbia, and I got some time to do a bit of running. Its usually fun to do it at new places, especially in hilly areas.",2026-06-24_07-53-14_hk_1782280394.fit,519,2026-06-24T06:02:19.000Z,541.000,1298.24,,,85,1.289,34.09,44.253036,19.936944
2026-06-24,Running,Morning Run in Serbia,"I am in a conference in Serbia, and I got some time to do a bit of running. Its usually fun to do it at new places, especially in hilly areas.",2026-06-24_07-53-14_hk_1782280394.fit,520,2026-06-24T06:02:20.000Z,542.000,1300.57,,,85,1.319,34.09,44.253018,19.936926
2026-06-24,Running,Morning Run in Serbia,"I am in a conference in Serbia, and I got some time to do a bit of running. Its usually fun to do it at new places, especially in hilly areas.",2026-06-24_07-53-14_hk_1782280394.fit,521,2026-06-24T06:02:21.000Z,543.000,1302.75,,,94,1.344,34.1,44.253,19.936908
2026-06-24,Running,Morning Run in Serbia,"I am in a conference in Serbia, and I got some time to do a bit of running. Its usually fun to do it at new places, especially in hilly areas.",2026-06-24_07-53-14_hk_1782280394.fit,522,2026-06-24T06:02:22.000Z,544.000,1304.91,,,94,1.367,34.1,44.252982,19.93689
2026-06-24,Running,Morning Run in Serbia,"I am in a conference in Serbia, and I got some time to do a bit of running. Its usually fun to do it at new places, especially in hilly areas.",2026-06-24_07-53-14_hk_1782280394.fit,523,2026-06-24T06:02:23.000Z,545.000,1307.16,,,94,1.39,34.1,44.252964,19.936872
2026-06-24,Running,Morning Run in Serbia,"I am in a conference in Serbia, and I got some time to do a bit of running. Its usually fun to do it at new places, especially in hilly areas.",2026-06-24_07-53-14_hk_1782280394.fit,524,2026-06-24T06:02:24.000Z,546.000,1309.57,,,91,1.417,34.1,44.252946,19.936836
2026-06-24,Running,Morning Run in Serbia,"I am in a conference in Serbia, and I got some time to do a bit of running. Its usually fun to do it at new places, especially in hilly areas.",2026-06-24_07-53-14_hk_1782280394.fit,525,2026-06-24T06:02:25.000Z,547.000,1312.13,,,91,1.447,34.11,44.252946,19.936818
2026-06-24,Running,Morning Run in Serbia,"I am in a conference in Serbia, and I got some time to do a bit of running. Its usually fun to do it at new places, especially in hilly areas.",2026-06-24_07-53-14_hk_1782280394.fit,526,2026-06-24T06:02:26.000Z,548.000,1314.76,,,91,1.476,34.11,44.252928,19.9368
2026-06-24,Running,Morning Run in Serbia,"I am in a conference in Serbia, and I got some time to do a bit of running. Its usually fun to do it at new places, especially in hilly areas.",2026-06-24_07-53-14_hk_1782280394.fit,527,2026-06-24T06:02:27.000Z,549.000,1317.33,,,76,1.503,34.12,44.25291,19.936764
2026-06-24,Running,Morning Run in Serbia,"I am in a conference in Serbia, and I got some time to do a bit of running. Its usually fun to do it at new places, especially in hilly areas.",2026-06-24_07-53-14_hk_1782280394.fit,528,2026-06-24T06:02:28.000Z,550.000,1319.83,,,76,1.527,34.12,44.252892,19.936746
2026-06-24,Running,Morning Run in Serbia,"I am in a conference in Serbia, and I got some time to do a bit of running. Its usually fun to do it at new places, especially in hilly areas.",2026-06-24_07-53-14_hk_1782280394.fit,529,2026-06-24T06:02:29.000Z,551.000,1322.31,,,76,1.549,34.13,44.252874,19.936728
2026-06-24,Running,Morning Run in Serbia,"I am in a conference in Serbia, and I got some time to do a bit of running. Its usually fun to do it at new places, especially in hilly areas.",2026-06-24_07-53-14_hk_1782280394.fit,530,2026-06-24T06:02:30.000Z,552.000,1324.84,,,74,1.571,34.13,44.252856,19.936692
2026-06-24,Running,Morning Run in Serbia,"I am in a conference in Serbia, and I got some time to do a bit of running. Its usually fun to do it at new places, especially in hilly areas.",2026-06-24_07-53-14_hk_1782280394.fit,531,2026-06-24T06:02:31.000Z,553.000,1327.42,,,74,1.593,34.14,44.252856,19.936674
2026-06-24,Running,Morning Run in Serbia,"I am in a conference in Serbia, and I got some time to do a bit of running. Its usually fun to do it at new places, especially in hilly areas.",2026-06-24_07-53-14_hk_1782280394.fit,532,2026-06-24T06:02:32.000Z,554.000,1329.98,,,74,1.615,34.14,44.252838,19.936638
2026-06-24,Running,Morning Run in Serbia,"I am in a conference in Serbia, and I got some time to do a bit of running. Its usually fun to do it at new places, especially in hilly areas.",2026-06-24_07-53-14_hk_1782280394.fit,533,2026-06-24T06:02:33.000Z,555.000,1332.48,,,75,2.214,34.14,44.25282,19.93662
2026-06-24,Running,Morning Run in Serbia,"I am in a conference in Serbia, and I got some time to do a bit of running. Its usually fun to do it at new places, especially in hilly areas.",2026-06-24_07-53-14_hk_1782280394.fit,534,2026-06-24T06:02:34.000Z,556.000,1334.91,,,75,2.314,34.14,44.252802,19.936602
2026-06-24,Running,Morning Run in Serbia,"I am in a conference in Serbia, and I got some time to do a bit of running. Its usually fun to do it at new places, especially in hilly areas.",2026-06-24_07-53-14_hk_1782280394.fit,535,2026-06-24T06:02:35.000Z,557.000,1337.24,,,75,2.389,34.14,44.252802,19.936584
2026-06-24,Running,Morning Run in Serbia,"I am in a conference in Serbia, and I got some time to do a bit of running. Its usually fun to do it at new places, especially in hilly areas.",2026-06-24_07-53-14_hk_1782280394.fit,536,2026-06-24T06:02:36.000Z,558.000,1339.41,,,73,2.41,34.14,44.252784,19.936566
2026-06-24,Running,Morning Run in Serbia,"I am in a conference in Serbia, and I got some time to do a bit of running. Its usually fun to do it at new places, especially in hilly areas.",2026-06-24_07-53-14_hk_1782280394.fit,537,2026-06-24T06:02:37.000Z,559.000,1341.52,,,73,2.411,34.14,44.252766,19.936548
2026-06-24,Running,Morning Run in Serbia,"I am in a conference in Serbia, and I got some time to do a bit of running. Its usually fun to do it at new places, especially in hilly areas.",2026-06-24_07-53-14_hk_1782280394.fit,538,2026-06-24T06:02:38.000Z,560.000,1343.66,,,73,2.401,34.14,44.252748,19.93653
2026-06-24,Running,Morning Run in Serbia,"I am in a conference in Serbia, and I got some time to do a bit of running. Its usually fun to do it at new places, especially in hilly areas.",2026-06-24_07-53-14_hk_1782280394.fit,539,2026-06-24T06:02:39.000Z,561.000,1346.02,,,76,2.394,34.13,44.25273,19.936512
2026-06-24,Running,Morning Run in Serbia,"I am in a conference in Serbia, and I got some time to do a bit of running. Its usually fun to do it at new places, especially in hilly areas.",2026-06-24_07-53-14_hk_1782280394.fit,540,2026-06-24T06:02:40.000Z,562.000,1348.65,,,76,2.4,34.13,44.252712,19.936494
2026-06-24,Running,Morning Run in Serbia,"I am in a conference in Serbia, and I got some time to do a bit of running. Its usually fun to do it at new places, especially in hilly areas.",2026-06-24_07-53-14_hk_1782280394.fit,541,2026-06-24T06:02:41.000Z,563.000,1351.41,,,76,2.421,34.12,44.252694,19.936476
2026-06-24,Running,Morning Run in Serbia,"I am in a conference in Serbia, and I got some time to do a bit of running. Its usually fun to do it at new places, especially in hilly areas.",2026-06-24_07-53-14_hk_1782280394.fit,542,2026-06-24T06:02:42.000Z,564.000,1354.08,,,73,2.445,34.12,44.252676,19.936458
2026-06-24,Running,Morning Run in Serbia,"I am in a conference in Serbia, and I got some time to do a bit of running. Its usually fun to do it at new places, especially in hilly areas.",2026-06-24_07-53-14_hk_1782280394.fit,543,2026-06-24T06:02:43.000Z,565.000,1356.67,,,73,2.465,34.11,44.252658,19.93644
2026-06-24,Running,Morning Run in Serbia,"I am in a conference in Serbia, and I got some time to do a bit of running. Its usually fun to do it at new places, especially in hilly areas.",2026-06-24_07-53-14_hk_1782280394.fit,544,2026-06-24T06:02:44.000Z,566.000,1359.33,,,73,2.484,34.11,44.252622,19.936422
2026-06-24,Running,Morning Run in Serbia,"I am in a conference in Serbia, and I got some time to do a bit of running. Its usually fun to do it at new places, especially in hilly areas.",2026-06-24_07-53-14_hk_1782280394.fit,545,2026-06-24T06:02:45.000Z,567.000,1362,,,76,2.497,34.1,44.252604,19.936404
2026-06-24,Running,Morning Run in Serbia,"I am in a conference in Serbia, and I got some time to do a bit of running. Its usually fun to do it at new places, especially in hilly areas.",2026-06-24_07-53-14_hk_1782280394.fit,546,2026-06-24T06:02:46.000Z,568.000,1364.65,,,76,2.501,34.09,44.252586,19.936386
2026-06-24,Running,Morning Run in Serbia,"I am in a conference in Serbia, and I got some time to do a bit of running. Its usually fun to do it at new places, especially in hilly areas.",2026-06-24_07-53-14_hk_1782280394.fit,547,2026-06-24T06:02:47.000Z,569.000,1367.35,,,76,2.501,34.09,44.252568,19.936368
2026-06-24,Running,Morning Run in Serbia,"I am in a conference in Serbia, and I got some time to do a bit of running. Its usually fun to do it at new places, especially in hilly areas.",2026-06-24_07-53-14_hk_1782280394.fit,548,2026-06-24T06:02:48.000Z,570.000,1370.08,,,75,2.513,34.08,44.25255,19.93635
2026-06-24,Running,Morning Run in Serbia,"I am in a conference in Serbia, and I got some time to do a bit of running. Its usually fun to do it at new places, especially in hilly areas.",2026-06-24_07-53-14_hk_1782280394.fit,549,2026-06-24T06:02:49.000Z,571.000,1372.77,,,75,2.523,34.08,44.252532,19.936332
2026-06-24,Running,Morning Run in Serbia,"I am in a conference in Serbia, and I got some time to do a bit of running. Its usually fun to do it at new places, especially in hilly areas.",2026-06-24_07-53-14_hk_1782280394.fit,550,2026-06-24T06:02:50.000Z,572.000,1375.36,,,75,2.526,34.08,44.252514,19.936314
2026-06-24,Running,Morning Run in Serbia,"I am in a conference in Serbia, and I got some time to do a bit of running. Its usually fun to do it at new places, especially in hilly areas.",2026-06-24_07-53-14_hk_1782280394.fit,551,2026-06-24T06:02:51.000Z,573.000,1377.89,,,75,2.524,34.07,44.252496,19.936296
2026-06-24,Running,Morning Run in Serbia,"I am in a conference in Serbia, and I got some time to do a bit of running. Its usually fun to do it at new places, especially in hilly areas.",2026-06-24_07-53-14_hk_1782280394.fit,552,2026-06-24T06:02:52.000Z,574.000,1380.38,,,75,2.52,34.07,44.252478,19.936278
2026-06-24,Running,Morning Run in Serbia,"I am in a conference in Serbia, and I got some time to do a bit of running. Its usually fun to do it at new places, especially in hilly areas.",2026-06-24_07-53-14_hk_1782280394.fit,553,2026-06-24T06:02:53.000Z,575.000,1382.84,,,75,2.518,34.07,44.25246,19.93626
2026-06-24,Running,Morning Run in Serbia,"I am in a conference in Serbia, and I got some time to do a bit of running. Its usually fun to do it at new places, especially in hilly areas.",2026-06-24_07-53-14_hk_1782280394.fit,554,2026-06-24T06:02:54.000Z,576.000,1385.3,,,74,2.52,34.06,44.252442,19.936242
2026-06-24,Running,Morning Run in Serbia,"I am in a conference in Serbia, and I got some time to do a bit of running. Its usually fun to do it at new places, especially in hilly areas.",2026-06-24_07-53-14_hk_1782280394.fit,555,2026-06-24T06:02:55.000Z,577.000,1387.7,,,74,2.523,34.06,44.252424,19.936224
2026-06-24,Running,Morning Run in Serbia,"I am in a conference in Serbia, and I got some time to do a bit of running. Its usually fun to do it at new places, especially in hilly areas.",2026-06-24_07-53-14_hk_1782280394.fit,556,2026-06-24T06:02:56.000Z,578.000,1389.98,,,74,2.528,34.06,44.252406,19.936206
2026-06-24,Running,Morning Run in Serbia,"I am in a conference in Serbia, and I got some time to do a bit of running. Its usually fun to do it at new places, especially in hilly areas.",2026-06-24_07-53-14_hk_1782280394.fit,557,2026-06-24T06:02:57.000Z,579.000,1392.14,,,76,2.531,34.05,44.252388,19.936188
2026-06-24,Running,Morning Run in Serbia,"I am in a conference in Serbia, and I got some time to do a bit of running. Its usually fun to do it at new places, especially in hilly areas.",2026-06-24_07-53-14_hk_1782280394.fit,558,2026-06-24T06:02:58.000Z,580.000,1394.21,,,76,2.527,34.05,44.25237,19.93617
2026-06-24,Running,Morning Run in Serbia,"I am in a conference in Serbia, and I got some time to do a bit of running. Its usually fun to do it at new places, especially in hilly areas.",2026-06-24_07-53-14_hk_1782280394.fit,559,2026-06-24T06:02:59.000Z,581.000,1396.22,,,76,2.51,34.05,44.252352,19.936152
2026-06-24,Running,Morning Run in Serbia,"I am in a conference in Serbia, and I got some time to do a bit of running. Its usually fun to do it at new places, especially in hilly areas.",2026-06-24_07-53-14_hk_1782280394.fit,560,2026-06-24T06:03:00.000Z,582.000,1398.26,,,76,2.488,34.05,44.252334,19.936134
2026-06-24,Running,Morning Run in Serbia,"I am in a conference in Serbia, and I got some time to do a bit of running. Its usually fun to do it at new places, especially in hilly areas.",2026-06-24_07-53-14_hk_1782280394.fit,561,2026-06-24T06:03:01.000Z,583.000,1400.41,,,76,2.465,34.05,44.252334,19.936116
2026-06-24,Running,Morning Run in Serbia,"I am in a conference in Serbia, and I got some time to do a bit of running. Its usually fun to do it at new places, especially in hilly areas.",2026-06-24_07-53-14_hk_1782280394.fit,562,2026-06-24T06:03:02.000Z,584.000,1402.61,,,76,2.438,34.05,44.252316,19.936098
2026-06-24,Running,Morning Run in Serbia,"I am in a conference in Serbia, and I got some time to do a bit of running. Its usually fun to do it at new places, especially in hilly areas.",2026-06-24_07-53-14_hk_1782280394.fit,563,2026-06-24T06:03:03.000Z,585.000,1404.84,,,76,2.417,34.04,44.252298,19.93608
2026-06-24,Running,Morning Run in Serbia,"I am in a conference in Serbia, and I got some time to do a bit of running. Its usually fun to do it at new places, especially in hilly areas.",2026-06-24_07-53-14_hk_1782280394.fit,564,2026-06-24T06:03:04.000Z,586.000,1407.2,,,76,2.406,34.04,44.25228,19.936062
2026-06-24,Running,Morning Run in Serbia,"I am in a conference in Serbia, and I got some time to do a bit of running. Its usually fun to do it at new places, especially in hilly areas.",2026-06-24_07-53-14_hk_1782280394.fit,565,2026-06-24T06:03:05.000Z,587.000,1409.6,,,76,2.394,34.04,44.252262,19.936044
2026-06-24,Running,Morning Run in Serbia,"I am in a conference in Serbia, and I got some time to do a bit of running. Its usually fun to do it at new places, especially in hilly areas.",2026-06-24_07-53-14_hk_1782280394.fit,566,2026-06-24T06:03:06.000Z,588.000,1411.92,,,76,2.391,34.04,44.252244,19.936026
2026-06-24,Running,Morning Run in Serbia,"I am in a conference in Serbia, and I got some time to do a bit of running. Its usually fun to do it at new places, especially in hilly areas.",2026-06-24_07-53-14_hk_1782280394.fit,567,2026-06-24T06:03:07.000Z,589.000,1414.21,,,76,2.373,34.04,44.252226,19.936008
2026-06-24,Running,Morning Run in Serbia,"I am in a conference in Serbia, and I got some time to do a bit of running. Its usually fun to do it at new places, especially in hilly areas.",2026-06-24_07-53-14_hk_1782280394.fit,568,2026-06-24T06:03:08.000Z,590.000,1416.62,,,76,2.362,34.04,44.252208,19.93599
2026-06-24,Running,Morning Run in Serbia,"I am in a conference in Serbia, and I got some time to do a bit of running. Its usually fun to do it at new places, especially in hilly areas.",2026-06-24_07-53-14_hk_1782280394.fit,569,2026-06-24T06:03:09.000Z,591.000,1419.26,,,76,2.36,34.04,44.25219,19.935972
2026-06-24,Running,Morning Run in Serbia,"I am in a conference in Serbia, and I got some time to do a bit of running. Its usually fun to do it at new places, especially in hilly areas.",2026-06-24_07-53-14_hk_1782280394.fit,570,2026-06-24T06:03:10.000Z,592.000,1421.93,,,76,2.357,34.05,44.252172,19.935954
2026-06-24,Running,Morning Run in Serbia,"I am in a conference in Serbia, and I got some time to do a bit of running. Its usually fun to do it at new places, especially in hilly areas.",2026-06-24_07-53-14_hk_1782280394.fit,571,2026-06-24T06:03:11.000Z,593.000,1424.48,,,76,2.35,34.05,44.252154,19.935936
2026-06-24,Running,Morning Run in Serbia,"I am in a conference in Serbia, and I got some time to do a bit of running. Its usually fun to do it at new places, especially in hilly areas.",2026-06-24_07-53-14_hk_1782280394.fit,572,2026-06-24T06:03:12.000Z,594.000,1426.94,,,76,2.344,34.05,44.252136,19.935918
2026-06-24,Running,Morning Run in Serbia,"I am in a conference in Serbia, and I got some time to do a bit of running. Its usually fun to do it at new places, especially in hilly areas.",2026-06-24_07-53-14_hk_1782280394.fit,573,2026-06-24T06:03:13.000Z,595.000,1429.27,,,76,2.335,34.05,44.252118,19.9359
2026-06-24,Running,Morning Run in Serbia,"I am in a conference in Serbia, and I got some time to do a bit of running. Its usually fun to do it at new places, especially in hilly areas.",2026-06-24_07-53-14_hk_1782280394.fit,574,2026-06-24T06:03:14.000Z,596.000,1431.44,,,76,2.321,34.05,44.2521,19.935882
2026-06-24,Running,Morning Run in Serbia,"I am in a conference in Serbia, and I got some time to do a bit of running. Its usually fun to do it at new places, especially in hilly areas.",2026-06-24_07-53-14_hk_1782280394.fit,575,2026-06-24T06:03:15.000Z,597.000,1433.58,,,76,2.306,34.05,44.252082,19.935864
2026-06-24,Running,Morning Run in Serbia,"I am in a conference in Serbia, and I got some time to do a bit of running. Its usually fun to do it at new places, especially in hilly areas.",2026-06-24_07-53-14_hk_1782280394.fit,576,2026-06-24T06:03:16.000Z,598.000,1435.8,,,76,2.295,34.05,44.252064,19.935846
2026-06-24,Running,Morning Run in Serbia,"I am in a conference in Serbia, and I got some time to do a bit of running. Its usually fun to do it at new places, especially in hilly areas.",2026-06-24_07-53-14_hk_1782280394.fit,577,2026-06-24T06:03:17.000Z,599.000,1438.07,,,76,2.29,34.05,44.252064,19.935828
2026-06-24,Running,Morning Run in Serbia,"I am in a conference in Serbia, and I got some time to do a bit of running. Its usually fun to do it at new places, especially in hilly areas.",2026-06-24_07-53-14_hk_1782280394.fit,578,2026-06-24T06:03:18.000Z,600.000,1440.41,,,74,2.292,34.05,44.252046,19.93581
2026-06-24,Running,Morning Run in Serbia,"I am in a conference in Serbia, and I got some time to do a bit of running. Its usually fun to do it at new places, especially in hilly areas.",2026-06-24_07-53-14_hk_1782280394.fit,579,2026-06-24T06:03:19.000Z,601.000,1442.82,,,74,2.304,34.05,44.252028,19.935792
2026-06-24,Running,Morning Run in Serbia,"I am in a conference in Serbia, and I got some time to do a bit of running. Its usually fun to do it at new places, especially in hilly areas.",2026-06-24_07-53-14_hk_1782280394.fit,580,2026-06-24T06:03:20.000Z,602.000,1445.33,,,74,2.324,34.05,44.25201,19.935774
2026-06-24,Running,Morning Run in Serbia,"I am in a conference in Serbia, and I got some time to do a bit of running. Its usually fun to do it at new places, especially in hilly areas.",2026-06-24_07-53-14_hk_1782280394.fit,581,2026-06-24T06:03:21.000Z,603.000,1447.92,,,75,2.35,34.06,44.251992,19.935756
2026-06-24,Running,Morning Run in Serbia,"I am in a conference in Serbia, and I got some time to do a bit of running. Its usually fun to do it at new places, especially in hilly areas.",2026-06-24_07-53-14_hk_1782280394.fit,582,2026-06-24T06:03:22.000Z,604.000,1450.49,,,75,2.385,34.06,44.251974,19.935738
2026-06-24,Running,Morning Run in Serbia,"I am in a conference in Serbia, and I got some time to do a bit of running. Its usually fun to do it at new places, especially in hilly areas.",2026-06-24_07-53-14_hk_1782280394.fit,583,2026-06-24T06:03:23.000Z,605.000,1452.95,,,75,2.397,34.06,44.251956,19.93572
2026-06-24,Running,Morning Run in Serbia,"I am in a conference in Serbia, and I got some time to do a bit of running. Its usually fun to do it at new places, especially in hilly areas.",2026-06-24_07-53-14_hk_1782280394.fit,584,2026-06-24T06:03:24.000Z,606.000,1455.29,,,73,2.402,34.06,44.251938,19.935702
2026-06-24,Running,Morning Run in Serbia,"I am in a conference in Serbia, and I got some time to do a bit of running. Its usually fun to do it at new places, especially in hilly areas.",2026-06-24_07-53-14_hk_1782280394.fit,585,2026-06-24T06:03:25.000Z,607.000,1457.56,,,73,2.398,34.06,44.25192,19.935666
2026-06-24,Running,Morning Run in Serbia,"I am in a conference in Serbia, and I got some time to do a bit of running. Its usually fun to do it at new places, especially in hilly areas.",2026-06-24_07-53-14_hk_1782280394.fit,586,2026-06-24T06:03:26.000Z,608.000,1459.83,,,73,2.392,34.07,44.251902,19.935648
2026-06-24,Running,Morning Run in Serbia,"I am in a conference in Serbia, and I got some time to do a bit of running. Its usually fun to do it at new places, especially in hilly areas.",2026-06-24_07-53-14_hk_1782280394.fit,587,2026-06-24T06:03:27.000Z,609.000,1462.13,,,75,2.391,34.07,44.251884,19.93563
2026-06-24,Running,Morning Run in Serbia,"I am in a conference in Serbia, and I got some time to do a bit of running. Its usually fun to do it at new places, especially in hilly areas.",2026-06-24_07-53-14_hk_1782280394.fit,588,2026-06-24T06:03:28.000Z,610.000,1464.4,,,75,2.39,34.07,44.251866,19.935612
2026-06-24,Running,Morning Run in Serbia,"I am in a conference in Serbia, and I got some time to do a bit of running. Its usually fun to do it at new places, especially in hilly areas.",2026-06-24_07-53-14_hk_1782280394.fit,589,2026-06-24T06:03:29.000Z,611.000,1466.53,,,75,2.378,34.08,44.251866,19.935594
2026-06-24,Running,Morning Run in Serbia,"I am in a conference in Serbia, and I got some time to do a bit of running. Its usually fun to do it at new places, especially in hilly areas.",2026-06-24_07-53-14_hk_1782280394.fit,590,2026-06-24T06:03:30.000Z,612.000,1468.52,,,74,2.359,34.08,44.251848,19.935576
2026-06-24,Running,Morning Run in Serbia,"I am in a conference in Serbia, and I got some time to do a bit of running. Its usually fun to do it at new places, especially in hilly areas.",2026-06-24_07-53-14_hk_1782280394.fit,591,2026-06-24T06:03:31.000Z,613.000,1470.35,,,74,2.322,34.08,44.25183,19.935558
2026-06-24,Running,Morning Run in Serbia,"I am in a conference in Serbia, and I got some time to do a bit of running. Its usually fun to do it at new places, especially in hilly areas.",2026-06-24_07-53-14_hk_1782280394.fit,592,2026-06-24T06:03:32.000Z,614.000,1472.14,,,74,2.282,34.08,44.25183,19.935558
2026-06-24,Running,Morning Run in Serbia,"I am in a conference in Serbia, and I got some time to do a bit of running. Its usually fun to do it at new places, especially in hilly areas.",2026-06-24_07-53-14_hk_1782280394.fit,593,2026-06-24T06:03:33.000Z,615.000,1474.05,,,76,2.266,34.09,44.251812,19.93554
2026-06-24,Running,Morning Run in Serbia,"I am in a conference in Serbia, and I got some time to do a bit of running. Its usually fun to do it at new places, especially in hilly areas.",2026-06-24_07-53-14_hk_1782280394.fit,594,2026-06-24T06:03:34.000Z,616.000,1476.15,,,76,2.247,34.09,44.251794,19.935522
2026-06-24,Running,Morning Run in Serbia,"I am in a conference in Serbia, and I got some time to do a bit of running. Its usually fun to do it at new places, especially in hilly areas.",2026-06-24_07-53-14_hk_1782280394.fit,595,2026-06-24T06:03:35.000Z,617.000,1478.44,,,76,2.239,34.09,44.251776,19.935504
2026-06-24,Running,Morning Run in Serbia,"I am in a conference in Serbia, and I got some time to do a bit of running. Its usually fun to do it at new places, especially in hilly areas.",2026-06-24_07-53-14_hk_1782280394.fit,596,2026-06-24T06:03:36.000Z,618.000,1480.92,,,76,2.246,34.1,44.251758,19.935486
2026-06-24,Running,Morning Run in Serbia,"I am in a conference in Serbia, and I got some time to do a bit of running. Its usually fun to do it at new places, especially in hilly areas.",2026-06-24_07-53-14_hk_1782280394.fit,597,2026-06-24T06:03:37.000Z,619.000,1483.46,,,76,2.262,34.1,44.25174,19.935468
2026-06-24,Running,Morning Run in Serbia,"I am in a conference in Serbia, and I got some time to do a bit of running. Its usually fun to do it at new places, especially in hilly areas.",2026-06-24_07-53-14_hk_1782280394.fit,598,2026-06-24T06:03:38.000Z,620.000,1486.01,,,76,2.282,34.1,44.251722,19.93545
2026-06-24,Running,Morning Run in Serbia,"I am in a conference in Serbia, and I got some time to do a bit of running. Its usually fun to do it at new places, especially in hilly areas.",2026-06-24_07-53-14_hk_1782280394.fit,599,2026-06-24T06:03:39.000Z,621.000,1488.66,,,74,2.299,34.1,44.251704,19.935432
2026-06-24,Running,Morning Run in Serbia,"I am in a conference in Serbia, and I got some time to do a bit of running. Its usually fun to do it at new places, especially in hilly areas.",2026-06-24_07-53-14_hk_1782280394.fit,600,2026-06-24T06:03:40.000Z,622.000,1491.46,,,74,2.32,34.11,44.251686,19.935414
2026-06-24,Running,Morning Run in Serbia,"I am in a conference in Serbia, and I got some time to do a bit of running. Its usually fun to do it at new places, especially in hilly areas.",2026-06-24_07-53-14_hk_1782280394.fit,601,2026-06-24T06:03:41.000Z,623.000,1494.23,,,74,2.337,34.11,44.251668,19.935396
2026-06-24,Running,Morning Run in Serbia,"I am in a conference in Serbia, and I got some time to do a bit of running. Its usually fun to do it at new places, especially in hilly areas.",2026-06-24_07-53-14_hk_1782280394.fit,602,2026-06-24T06:03:42.000Z,624.000,1496.9,,,75,2.344,34.12,44.251632,19.935378
2026-06-24,Running,Morning Run in Serbia,"I am in a conference in Serbia, and I got some time to do a bit of running. Its usually fun to do it at new places, especially in hilly areas.",2026-06-24_07-53-14_hk_1782280394.fit,603,2026-06-24T06:03:43.000Z,625.000,1499.37,,,75,2.339,34.12,44.251614,19.935342
2026-06-24,Running,Morning Run in Serbia,"I am in a conference in Serbia, and I got some time to do a bit of running. Its usually fun to do it at new places, especially in hilly areas.",2026-06-24_07-53-14_hk_1782280394.fit,604,2026-06-24T06:03:44.000Z,626.000,1501.58,,,75,2.322,34.13,44.251596,19.935342
2026-06-24,Running,Morning Run in Serbia,"I am in a conference in Serbia, and I got some time to do a bit of running. Its usually fun to do it at new places, especially in hilly areas.",2026-06-24_07-53-14_hk_1782280394.fit,605,2026-06-24T06:03:45.000Z,627.000,1503.54,,,75,2.3,34.13,44.251596,19.935324
2026-06-24,Running,Morning Run in Serbia,"I am in a conference in Serbia, and I got some time to do a bit of running. Its usually fun to do it at new places, especially in hilly areas.",2026-06-24_07-53-14_hk_1782280394.fit,606,2026-06-24T06:03:46.000Z,628.000,1505.39,,,75,2.277,34.13,44.251578,19.935306
2026-06-24,Running,Morning Run in Serbia,"I am in a conference in Serbia, and I got some time to do a bit of running. Its usually fun to do it at new places, especially in hilly areas.",2026-06-24_07-53-14_hk_1782280394.fit,607,2026-06-24T06:03:47.000Z,629.000,1507.39,,,75,2.265,34.14,44.25156,19.935288
2026-06-24,Running,Morning Run in Serbia,"I am in a conference in Serbia, and I got some time to do a bit of running. Its usually fun to do it at new places, especially in hilly areas.",2026-06-24_07-53-14_hk_1782280394.fit,608,2026-06-24T06:03:48.000Z,630.000,1509.68,,,76,2.266,34.14,44.251542,19.93527
2026-06-24,Running,Morning Run in Serbia,"I am in a conference in Serbia, and I got some time to do a bit of running. Its usually fun to do it at new places, especially in hilly areas.",2026-06-24_07-53-14_hk_1782280394.fit,609,2026-06-24T06:03:49.000Z,631.000,1512.22,,,76,2.277,34.15,44.251524,19.935252
2026-06-24,Running,Morning Run in Serbia,"I am in a conference in Serbia, and I got some time to do a bit of running. Its usually fun to do it at new places, especially in hilly areas.",2026-06-24_07-53-14_hk_1782280394.fit,610,2026-06-24T06:03:50.000Z,632.000,1514.92,,,76,2.296,34.15,44.251506,19.935234
2026-06-24,Running,Morning Run in Serbia,"I am in a conference in Serbia, and I got some time to do a bit of running. Its usually fun to do it at new places, especially in hilly areas.",2026-06-24_07-53-14_hk_1782280394.fit,611,2026-06-24T06:03:51.000Z,633.000,1517.57,,,76,2.32,34.16,44.251488,19.935198
2026-06-24,Running,Morning Run in Serbia,"I am in a conference in Serbia, and I got some time to do a bit of running. Its usually fun to do it at new places, especially in hilly areas.",2026-06-24_07-53-14_hk_1782280394.fit,612,2026-06-24T06:03:52.000Z,634.000,1520.09,,,76,2.344,34.16,44.25147,19.93518
2026-06-24,Running,Morning Run in Serbia,"I am in a conference in Serbia, and I got some time to do a bit of running. Its usually fun to do it at new places, especially in hilly areas.",2026-06-24_07-53-14_hk_1782280394.fit,613,2026-06-24T06:03:53.000Z,635.000,1522.49,,,76,2.398,34.16,44.25147,19.935162
2026-06-24,Running,Morning Run in Serbia,"I am in a conference in Serbia, and I got some time to do a bit of running. Its usually fun to do it at new places, especially in hilly areas.",2026-06-24_07-53-14_hk_1782280394.fit,614,2026-06-24T06:03:54.000Z,636.000,1524.8,,,76,2.417,34.17,44.251452,19.935144
2026-06-24,Running,Morning Run in Serbia,"I am in a conference in Serbia, and I got some time to do a bit of running. Its usually fun to do it at new places, especially in hilly areas.",2026-06-24_07-53-14_hk_1782280394.fit,615,2026-06-24T06:03:55.000Z,637.000,1527.12,,,76,2.427,34.17,44.251434,19.935126
2026-06-24,Running,Morning Run in Serbia,"I am in a conference in Serbia, and I got some time to do a bit of running. Its usually fun to do it at new places, especially in hilly areas.",2026-06-24_07-53-14_hk_1782280394.fit,616,2026-06-24T06:03:56.000Z,638.000,1529.59,,,76,2.436,34.17,44.251416,19.935108
2026-06-24,Running,Morning Run in Serbia,"I am in a conference in Serbia, and I got some time to do a bit of running. Its usually fun to do it at new places, especially in hilly areas.",2026-06-24_07-53-14_hk_1782280394.fit,617,2026-06-24T06:03:57.000Z,639.000,1532.27,,,76,2.446,34.18,44.251398,19.93509
2026-06-24,Running,Morning Run in Serbia,"I am in a conference in Serbia, and I got some time to do a bit of running. Its usually fun to do it at new places, especially in hilly areas.",2026-06-24_07-53-14_hk_1782280394.fit,618,2026-06-24T06:03:58.000Z,640.000,1535.05,,,76,2.457,34.18,44.25138,19.935054
2026-06-24,Running,Morning Run in Serbia,"I am in a conference in Serbia, and I got some time to do a bit of running. Its usually fun to do it at new places, especially in hilly areas.",2026-06-24_07-53-14_hk_1782280394.fit,619,2026-06-24T06:03:59.000Z,641.000,1537.85,,,76,2.469,34.18,44.251362,19.935036
2026-06-24,Running,Morning Run in Serbia,"I am in a conference in Serbia, and I got some time to do a bit of running. Its usually fun to do it at new places, especially in hilly areas.",2026-06-24_07-53-14_hk_1782280394.fit,620,2026-06-24T06:04:00.000Z,642.000,1540.59,,,76,2.473,34.18,44.251344,19.935018
2026-06-24,Running,Morning Run in Serbia,"I am in a conference in Serbia, and I got some time to do a bit of running. Its usually fun to do it at new places, especially in hilly areas.",2026-06-24_07-53-14_hk_1782280394.fit,621,2026-06-24T06:04:01.000Z,643.000,1543.17,,,76,2.463,34.18,44.251326,19.935
2026-06-24,Running,Morning Run in Serbia,"I am in a conference in Serbia, and I got some time to do a bit of running. Its usually fun to do it at new places, especially in hilly areas.",2026-06-24_07-53-14_hk_1782280394.fit,622,2026-06-24T06:04:02.000Z,644.000,1545.62,,,76,2.447,34.19,44.251308,19.934982
2026-06-24,Running,Morning Run in Serbia,"I am in a conference in Serbia, and I got some time to do a bit of running. Its usually fun to do it at new places, especially in hilly areas.",2026-06-24_07-53-14_hk_1782280394.fit,623,2026-06-24T06:04:03.000Z,645.000,1548.07,,,76,2.437,34.19,44.25129,19.934964
2026-06-24,Running,Morning Run in Serbia,"I am in a conference in Serbia, and I got some time to do a bit of running. Its usually fun to do it at new places, especially in hilly areas.",2026-06-24_07-53-14_hk_1782280394.fit,624,2026-06-24T06:04:04.000Z,646.000,1550.63,,,76,2.441,34.19,44.251272,19.934946
2026-06-24,Running,Morning Run in Serbia,"I am in a conference in Serbia, and I got some time to do a bit of running. Its usually fun to do it at new places, especially in hilly areas.",2026-06-24_07-53-14_hk_1782280394.fit,625,2026-06-24T06:04:05.000Z,647.000,1553.35,,,76,2.465,34.19,44.251254,19.93491
2026-06-24,Running,Morning Run in Serbia,"I am in a conference in Serbia, and I got some time to do a bit of running. Its usually fun to do it at new places, especially in hilly areas.",2026-06-24_07-53-14_hk_1782280394.fit,626,2026-06-24T06:04:06.000Z,648.000,1556.18,,,73,2.539,34.19,44.251218,19.934892
2026-06-24,Running,Morning Run in Serbia,"I am in a conference in Serbia, and I got some time to do a bit of running. Its usually fun to do it at new places, especially in hilly areas.",2026-06-24_07-53-14_hk_1782280394.fit,627,2026-06-24T06:04:07.000Z,649.000,1558.96,,,73,2.578,34.19,44.2512,19.934874
2026-06-24,Running,Morning Run in Serbia,"I am in a conference in Serbia, and I got some time to do a bit of running. Its usually fun to do it at new places, especially in hilly areas.",2026-06-24_07-53-14_hk_1782280394.fit,628,2026-06-24T06:04:08.000Z,650.000,1561.63,,,73,2.598,34.2,44.251182,19.934856
2026-06-24,Running,Morning Run in Serbia,"I am in a conference in Serbia, and I got some time to do a bit of running. Its usually fun to do it at new places, especially in hilly areas.",2026-06-24_07-53-14_hk_1782280394.fit,629,2026-06-24T06:04:09.000Z,651.000,1564.26,,,76,2.602,34.2,44.251164,19.934838
2026-06-24,Running,Morning Run in Serbia,"I am in a conference in Serbia, and I got some time to do a bit of running. Its usually fun to do it at new places, especially in hilly areas.",2026-06-24_07-53-14_hk_1782280394.fit,630,2026-06-24T06:04:10.000Z,652.000,1566.9,,,76,2.599,34.2,44.251146,19.934802
2026-06-24,Running,Morning Run in Serbia,"I am in a conference in Serbia, and I got some time to do a bit of running. Its usually fun to do it at new places, especially in hilly areas.",2026-06-24_07-53-14_hk_1782280394.fit,631,2026-06-24T06:04:11.000Z,653.000,1569.49,,,76,2.596,34.2,44.251128,19.934784
2026-06-24,Running,Morning Run in Serbia,"I am in a conference in Serbia, and I got some time to do a bit of running. Its usually fun to do it at new places, especially in hilly areas.",2026-06-24_07-53-14_hk_1782280394.fit,632,2026-06-24T06:04:12.000Z,654.000,1571.98,,,74,2.595,34.2,44.25111,19.934766
2026-06-24,Running,Morning Run in Serbia,"I am in a conference in Serbia, and I got some time to do a bit of running. Its usually fun to do it at new places, especially in hilly areas.",2026-06-24_07-53-14_hk_1782280394.fit,633,2026-06-24T06:04:13.000Z,655.000,1574.42,,,74,2.597,34.2,44.251092,19.934748
2026-06-24,Running,Morning Run in Serbia,"I am in a conference in Serbia, and I got some time to do a bit of running. Its usually fun to do it at new places, especially in hilly areas.",2026-06-24_07-53-14_hk_1782280394.fit,634,2026-06-24T06:04:14.000Z,656.000,1576.77,,,74,2.598,34.2,44.251074,19.93473
2026-06-24,Running,Morning Run in Serbia,"I am in a conference in Serbia, and I got some time to do a bit of running. Its usually fun to do it at new places, especially in hilly areas.",2026-06-24_07-53-14_hk_1782280394.fit,635,2026-06-24T06:04:15.000Z,657.000,1578.99,,,78,2.593,34.2,44.251056,19.93473
2026-06-24,Running,Morning Run in Serbia,"I am in a conference in Serbia, and I got some time to do a bit of running. Its usually fun to do it at new places, especially in hilly areas.",2026-06-24_07-53-14_hk_1782280394.fit,636,2026-06-24T06:04:16.000Z,658.000,1581.18,,,78,2.58,34.2,44.251038,19.934712
2026-06-24,Running,Morning Run in Serbia,"I am in a conference in Serbia, and I got some time to do a bit of running. Its usually fun to do it at new places, especially in hilly areas.",2026-06-24_07-53-14_hk_1782280394.fit,637,2026-06-24T06:04:17.000Z,659.000,1583.34,,,78,2.554,34.2,44.251038,19.934694
2026-06-24,Running,Morning Run in Serbia,"I am in a conference in Serbia, and I got some time to do a bit of running. Its usually fun to do it at new places, especially in hilly areas.",2026-06-24_07-53-14_hk_1782280394.fit,638,2026-06-24T06:04:18.000Z,660.000,1585.52,,,77,2.523,34.2,44.25102,19.934676
2026-06-24,Running,Morning Run in Serbia,"I am in a conference in Serbia, and I got some time to do a bit of running. Its usually fun to do it at new places, especially in hilly areas.",2026-06-24_07-53-14_hk_1782280394.fit,639,2026-06-24T06:04:19.000Z,661.000,1587.84,,,77,2.514,34.2,44.251002,19.93464
2026-06-24,Running,Morning Run in Serbia,"I am in a conference in Serbia, and I got some time to do a bit of running. Its usually fun to do it at new places, especially in hilly areas.",2026-06-24_07-53-14_hk_1782280394.fit,640,2026-06-24T06:04:20.000Z,662.000,1590.36,,,77,2.5,34.2,44.250984,19.934622
2026-06-24,Running,Morning Run in Serbia,"I am in a conference in Serbia, and I got some time to do a bit of running. Its usually fun to do it at new places, especially in hilly areas.",2026-06-24_07-53-14_hk_1782280394.fit,641,2026-06-24T06:04:21.000Z,663.000,1593,,,79,2.496,34.2,44.250966,19.934604
2026-06-24,Running,Morning Run in Serbia,"I am in a conference in Serbia, and I got some time to do a bit of running. Its usually fun to do it at new places, especially in hilly areas.",2026-06-24_07-53-14_hk_1782280394.fit,642,2026-06-24T06:04:22.000Z,664.000,1595.69,,,79,2.503,34.2,44.250948,19.934586
2026-06-24,Running,Morning Run in Serbia,"I am in a conference in Serbia, and I got some time to do a bit of running. Its usually fun to do it at new places, especially in hilly areas.",2026-06-24_07-53-14_hk_1782280394.fit,643,2026-06-24T06:04:23.000Z,665.000,1598.33,,,79,2.513,34.2,44.250912,19.934568
2026-06-24,Running,Morning Run in Serbia,"I am in a conference in Serbia, and I got some time to do a bit of running. Its usually fun to do it at new places, especially in hilly areas.",2026-06-24_07-53-14_hk_1782280394.fit,644,2026-06-24T06:04:24.000Z,666.000,1600.87,,,76,2.512,34.2,44.250894,19.93455
2026-06-24,Running,Morning Run in Serbia,"I am in a conference in Serbia, and I got some time to do a bit of running. Its usually fun to do it at new places, especially in hilly areas.",2026-06-24_07-53-14_hk_1782280394.fit,645,2026-06-24T06:04:25.000Z,667.000,1603.46,,,76,2.506,34.2,44.250876,19.934532
2026-06-24,Running,Morning Run in Serbia,"I am in a conference in Serbia, and I got some time to do a bit of running. Its usually fun to do it at new places, especially in hilly areas.",2026-06-24_07-53-14_hk_1782280394.fit,646,2026-06-24T06:04:26.000Z,668.000,1606.12,,,76,2.513,34.2,44.250858,19.934514
2026-06-24,Running,Morning Run in Serbia,"I am in a conference in Serbia, and I got some time to do a bit of running. Its usually fun to do it at new places, especially in hilly areas.",2026-06-24_07-53-14_hk_1782280394.fit,647,2026-06-24T06:04:27.000Z,669.000,1608.75,,,76,2.503,34.2,44.25084,19.934496
2026-06-24,Running,Morning Run in Serbia,"I am in a conference in Serbia, and I got some time to do a bit of running. Its usually fun to do it at new places, especially in hilly areas.",2026-06-24_07-53-14_hk_1782280394.fit,648,2026-06-24T06:04:28.000Z,670.000,1611.41,,,76,2.498,34.2,44.250822,19.934478
2026-06-24,Running,Morning Run in Serbia,"I am in a conference in Serbia, and I got some time to do a bit of running. Its usually fun to do it at new places, especially in hilly areas.",2026-06-24_07-53-14_hk_1782280394.fit,649,2026-06-24T06:04:29.000Z,671.000,1614.07,,,76,2.497,34.2,44.250804,19.93446
2026-06-24,Running,Morning Run in Serbia,"I am in a conference in Serbia, and I got some time to do a bit of running. Its usually fun to do it at new places, especially in hilly areas.",2026-06-24_07-53-14_hk_1782280394.fit,650,2026-06-24T06:04:30.000Z,672.000,1616.67,,,76,2.496,34.2,44.250786,19.934442
2026-06-24,Running,Morning Run in Serbia,"I am in a conference in Serbia, and I got some time to do a bit of running. Its usually fun to do it at new places, especially in hilly areas.",2026-06-24_07-53-14_hk_1782280394.fit,651,2026-06-24T06:04:31.000Z,673.000,1619.18,,,76,2.489,34.2,44.250768,19.934424
2026-06-24,Running,Morning Run in Serbia,"I am in a conference in Serbia, and I got some time to do a bit of running. Its usually fun to do it at new places, especially in hilly areas.",2026-06-24_07-53-14_hk_1782280394.fit,652,2026-06-24T06:04:32.000Z,674.000,1621.6,,,76,2.482,34.2,44.25075,19.934406
2026-06-24,Running,Morning Run in Serbia,"I am in a conference in Serbia, and I got some time to do a bit of running. Its usually fun to do it at new places, especially in hilly areas.",2026-06-24_07-53-14_hk_1782280394.fit,653,2026-06-24T06:04:33.000Z,675.000,1623.92,,,76,2.473,34.2,44.250732,19.934388
2026-06-24,Running,Morning Run in Serbia,"I am in a conference in Serbia, and I got some time to do a bit of running. Its usually fun to do it at new places, especially in hilly areas.",2026-06-24_07-53-14_hk_1782280394.fit,654,2026-06-24T06:04:34.000Z,676.000,1626.2,,,76,2.466,34.2,44.250714,19.93437
2026-06-24,Running,Morning Run in Serbia,"I am in a conference in Serbia, and I got some time to do a bit of running. Its usually fun to do it at new places, especially in hilly areas.",2026-06-24_07-53-14_hk_1782280394.fit,655,2026-06-24T06:04:35.000Z,677.000,1628.57,,,76,2.467,34.2,44.250696,19.934352
2026-06-24,Running,Morning Run in Serbia,"I am in a conference in Serbia, and I got some time to do a bit of running. Its usually fun to do it at new places, especially in hilly areas.",2026-06-24_07-53-14_hk_1782280394.fit,656,2026-06-24T06:04:36.000Z,678.000,1630.98,,,76,2.476,34.2,44.250678,19.934334
2026-06-24,Running,Morning Run in Serbia,"I am in a conference in Serbia, and I got some time to do a bit of running. Its usually fun to do it at new places, especially in hilly areas.",2026-06-24_07-53-14_hk_1782280394.fit,657,2026-06-24T06:04:37.000Z,679.000,1633.29,,,76,2.481,34.2,44.25066,19.934316
2026-06-24,Running,Morning Run in Serbia,"I am in a conference in Serbia, and I got some time to do a bit of running. Its usually fun to do it at new places, especially in hilly areas.",2026-06-24_07-53-14_hk_1782280394.fit,658,2026-06-24T06:04:38.000Z,680.000,1635.41,,,76,2.479,34.2,44.250642,19.934298
2026-06-24,Running,Morning Run in Serbia,"I am in a conference in Serbia, and I got some time to do a bit of running. Its usually fun to do it at new places, especially in hilly areas.",2026-06-24_07-53-14_hk_1782280394.fit,659,2026-06-24T06:04:39.000Z,681.000,1637.4,,,76,2.471,34.2,44.250624,19.93428
2026-06-24,Running,Morning Run in Serbia,"I am in a conference in Serbia, and I got some time to do a bit of running. Its usually fun to do it at new places, especially in hilly areas.",2026-06-24_07-53-14_hk_1782280394.fit,660,2026-06-24T06:04:40.000Z,682.000,1639.32,,,76,2.451,34.2,44.250624,19.93428
2026-06-24,Running,Morning Run in Serbia,"I am in a conference in Serbia, and I got some time to do a bit of running. Its usually fun to do it at new places, especially in hilly areas.",2026-06-24_07-53-14_hk_1782280394.fit,661,2026-06-24T06:04:41.000Z,683.000,1641.37,,,76,2.429,34.2,44.250606,19.934262
2026-06-24,Running,Morning Run in Serbia,"I am in a conference in Serbia, and I got some time to do a bit of running. Its usually fun to do it at new places, especially in hilly areas.",2026-06-24_07-53-14_hk_1782280394.fit,662,2026-06-24T06:04:42.000Z,684.000,1643.59,,,76,2.409,34.21,44.250588,19.934244
2026-06-24,Running,Morning Run in Serbia,"I am in a conference in Serbia, and I got some time to do a bit of running. Its usually fun to do it at new places, especially in hilly areas.",2026-06-24_07-53-14_hk_1782280394.fit,663,2026-06-24T06:04:43.000Z,685.000,1645.77,,,76,2.385,34.21,44.25057,19.934226
2026-06-24,Running,Morning Run in Serbia,"I am in a conference in Serbia, and I got some time to do a bit of running. Its usually fun to do it at new places, especially in hilly areas.",2026-06-24_07-53-14_hk_1782280394.fit,664,2026-06-24T06:04:44.000Z,686.000,1647.82,,,76,2.37,34.21,44.250552,19.934208
2026-06-24,Running,Morning Run in Serbia,"I am in a conference in Serbia, and I got some time to do a bit of running. Its usually fun to do it at new places, especially in hilly areas.",2026-06-24_07-53-14_hk_1782280394.fit,665,2026-06-24T06:04:45.000Z,687.000,1649.75,,,75,2.337,34.21,44.250534,19.93419
2026-06-24,Running,Morning Run in Serbia,"I am in a conference in Serbia, and I got some time to do a bit of running. Its usually fun to do it at new places, especially in hilly areas.",2026-06-24_07-53-14_hk_1782280394.fit,666,2026-06-24T06:04:46.000Z,688.000,1651.64,,,75,2.308,34.21,44.250534,19.93419
2026-06-24,Running,Morning Run in Serbia,"I am in a conference in Serbia, and I got some time to do a bit of running. Its usually fun to do it at new places, especially in hilly areas.",2026-06-24_07-53-14_hk_1782280394.fit,667,2026-06-24T06:04:47.000Z,689.000,1653.53,,,75,2.276,34.21,44.250516,19.934172
2026-06-24,Running,Morning Run in Serbia,"I am in a conference in Serbia, and I got some time to do a bit of running. Its usually fun to do it at new places, especially in hilly areas.",2026-06-24_07-53-14_hk_1782280394.fit,668,2026-06-24T06:04:48.000Z,690.000,1655.41,,,69,2.259,34.21,44.250498,19.934154
2026-06-24,Running,Morning Run in Serbia,"I am in a conference in Serbia, and I got some time to do a bit of running. Its usually fun to do it at new places, especially in hilly areas.",2026-06-24_07-53-14_hk_1782280394.fit,669,2026-06-24T06:04:49.000Z,691.000,1657.26,,,69,2.224,34.21,44.25048,19.934136
2026-06-24,Running,Morning Run in Serbia,"I am in a conference in Serbia, and I got some time to do a bit of running. Its usually fun to do it at new places, especially in hilly areas.",2026-06-24_07-53-14_hk_1782280394.fit,670,2026-06-24T06:04:50.000Z,692.000,1659.04,,,69,2.187,34.22,44.25048,19.934136
2026-06-24,Running,Morning Run in Serbia,"I am in a conference in Serbia, and I got some time to do a bit of running. Its usually fun to do it at new places, especially in hilly areas.",2026-06-24_07-53-14_hk_1782280394.fit,671,2026-06-24T06:04:51.000Z,693.000,1660.73,,,65,2.166,34.22,44.250462,19.934118
2026-06-24,Running,Morning Run in Serbia,"I am in a conference in Serbia, and I got some time to do a bit of running. Its usually fun to do it at new places, especially in hilly areas.",2026-06-24_07-53-14_hk_1782280394.fit,672,2026-06-24T06:04:52.000Z,694.000,1662.24,,,65,2.118,34.22,44.250444,19.934118
2026-06-24,Running,Morning Run in Serbia,"I am in a conference in Serbia, and I got some time to do a bit of running. Its usually fun to do it at new places, especially in hilly areas.",2026-06-24_07-53-14_hk_1782280394.fit,673,2026-06-24T06:04:53.000Z,695.000,1663.51,,,65,2.084,34.23,44.250444,19.9341
2026-06-24,Running,Morning Run in Serbia,"I am in a conference in Serbia, and I got some time to do a bit of running. Its usually fun to do it at new places, especially in hilly areas.",2026-06-24_07-53-14_hk_1782280394.fit,674,2026-06-24T06:04:54.000Z,696.000,1664.84,,,62,2.031,34.23,44.250426,19.9341
2026-06-24,Running,Morning Run in Serbia,"I am in a conference in Serbia, and I got some time to do a bit of running. Its usually fun to do it at new places, especially in hilly areas.",2026-06-24_07-53-14_hk_1782280394.fit,675,2026-06-24T06:04:55.000Z,697.000,1666.54,,,62,2.018,34.23,44.250408,19.934082
2026-06-24,Running,Morning Run in Serbia,"I am in a conference in Serbia, and I got some time to do a bit of running. Its usually fun to do it at new places, especially in hilly areas.",2026-06-24_07-53-14_hk_1782280394.fit,676,2026-06-24T06:04:56.000Z,698.000,1668.58,,,62,1.997,34.23,44.25039,19.934064
2026-06-24,Running,Morning Run in Serbia,"I am in a conference in Serbia, and I got some time to do a bit of running. Its usually fun to do it at new places, especially in hilly areas.",2026-06-24_07-53-14_hk_1782280394.fit,677,2026-06-24T06:04:57.000Z,699.000,1670.79,,,54,1.985,34.24,44.250372,19.934064
2026-06-24,Running,Morning Run in Serbia,"I am in a conference in Serbia, and I got some time to do a bit of running. Its usually fun to do it at new places, especially in hilly areas.",2026-06-24_07-53-14_hk_1782280394.fit,678,2026-06-24T06:04:58.000Z,700.000,1673.06,,,54,1.979,34.24,44.250372,19.934046
2026-06-24,Running,Morning Run in Serbia,"I am in a conference in Serbia, and I got some time to do a bit of running. Its usually fun to do it at new places, especially in hilly areas.",2026-06-24_07-53-14_hk_1782280394.fit,679,2026-06-24T06:04:59.000Z,701.000,1675.35,,,54,1.978,34.24,44.250354,19.934028
2026-06-24,Running,Morning Run in Serbia,"I am in a conference in Serbia, and I got some time to do a bit of running. Its usually fun to do it at new places, especially in hilly areas.",2026-06-24_07-53-14_hk_1782280394.fit,680,2026-06-24T06:05:00.000Z,702.000,1677.56,,,52,1.975,34.24,44.250336,19.93401
2026-06-24,Running,Morning Run in Serbia,"I am in a conference in Serbia, and I got some time to do a bit of running. Its usually fun to do it at new places, especially in hilly areas.",2026-06-24_07-53-14_hk_1782280394.fit,681,2026-06-24T06:05:01.000Z,703.000,1679.65,,,52,1.964,34.25,44.250318,19.933992
2026-06-24,Running,Morning Run in Serbia,"I am in a conference in Serbia, and I got some time to do a bit of running. Its usually fun to do it at new places, especially in hilly areas.",2026-06-24_07-53-14_hk_1782280394.fit,682,2026-06-24T06:05:02.000Z,704.000,1681.68,,,52,1.95,34.25,44.2503,19.933974
2026-06-24,Running,Morning Run in Serbia,"I am in a conference in Serbia, and I got some time to do a bit of running. Its usually fun to do it at new places, especially in hilly areas.",2026-06-24_07-53-14_hk_1782280394.fit,683,2026-06-24T06:05:03.000Z,705.000,1683.48,,,47,1.931,34.25,44.250282,19.933956
2026-06-24,Running,Morning Run in Serbia,"I am in a conference in Serbia, and I got some time to do a bit of running. Its usually fun to do it at new places, especially in hilly areas.",2026-06-24_07-53-14_hk_1782280394.fit,684,2026-06-24T06:05:04.000Z,706.000,1685.11,,,47,1.919,34.25,44.250282,19.933938
2026-06-24,Running,Morning Run in Serbia,"I am in a conference in Serbia, and I got some time to do a bit of running. Its usually fun to do it at new places, especially in hilly areas.",2026-06-24_07-53-14_hk_1782280394.fit,685,2026-06-24T06:05:05.000Z,707.000,1686.7,,,47,1.899,34.26,44.250264,19.933938
2026-06-24,Running,Morning Run in Serbia,"I am in a conference in Serbia, and I got some time to do a bit of running. Its usually fun to do it at new places, especially in hilly areas.",2026-06-24_07-53-14_hk_1782280394.fit,686,2026-06-24T06:05:06.000Z,708.000,1688.28,,,57,1.884,34.26,44.250264,19.93392
2026-06-24,Running,Morning Run in Serbia,"I am in a conference in Serbia, and I got some time to do a bit of running. Its usually fun to do it at new places, especially in hilly areas.",2026-06-24_07-53-14_hk_1782280394.fit,687,2026-06-24T06:05:07.000Z,709.000,1689.9,,,57,1.873,34.27,44.250246,19.933902
2026-06-24,Running,Morning Run in Serbia,"I am in a conference in Serbia, and I got some time to do a bit of running. Its usually fun to do it at new places, especially in hilly areas.",2026-06-24_07-53-14_hk_1782280394.fit,688,2026-06-24T06:05:08.000Z,710.000,1691.6,,,57,1.86,34.27,44.250228,19.933902
2026-06-24,Running,Morning Run in Serbia,"I am in a conference in Serbia, and I got some time to do a bit of running. Its usually fun to do it at new places, especially in hilly areas.",2026-06-24_07-53-14_hk_1782280394.fit,689,2026-06-24T06:05:09.000Z,711.000,1693.55,,,66,1.864,34.27,44.25021,19.933884
2026-06-24,Running,Morning Run in Serbia,"I am in a conference in Serbia, and I got some time to do a bit of running. Its usually fun to do it at new places, especially in hilly areas.",2026-06-24_07-53-14_hk_1782280394.fit,690,2026-06-24T06:05:10.000Z,712.000,1695.81,,,66,1.853,34.28,44.250192,19.933866
2026-06-24,Running,Morning Run in Serbia,"I am in a conference in Serbia, and I got some time to do a bit of running. Its usually fun to do it at new places, especially in hilly areas.",2026-06-24_07-53-14_hk_1782280394.fit,691,2026-06-24T06:05:11.000Z,713.000,1698.18,,,66,1.865,34.28,44.250174,19.933848
2026-06-24,Running,Morning Run in Serbia,"I am in a conference in Serbia, and I got some time to do a bit of running. Its usually fun to do it at new places, especially in hilly areas.",2026-06-24_07-53-14_hk_1782280394.fit,692,2026-06-24T06:05:12.000Z,714.000,1700.58,,,75,1.883,34.28,44.250156,19.93383
2026-06-24,Running,Morning Run in Serbia,"I am in a conference in Serbia, and I got some time to do a bit of running. Its usually fun to do it at new places, especially in hilly areas.",2026-06-24_07-53-14_hk_1782280394.fit,693,2026-06-24T06:05:13.000Z,715.000,1703.05,,,75,1.904,34.29,44.250138,19.933812
2026-06-24,Running,Morning Run in Serbia,"I am in a conference in Serbia, and I got some time to do a bit of running. Its usually fun to do it at new places, especially in hilly areas.",2026-06-24_07-53-14_hk_1782280394.fit,694,2026-06-24T06:05:14.000Z,716.000,1705.48,,,75,1.926,34.29,44.25012,19.933794
2026-06-24,Running,Morning Run in Serbia,"I am in a conference in Serbia, and I got some time to do a bit of running. Its usually fun to do it at new places, especially in hilly areas.",2026-06-24_07-53-14_hk_1782280394.fit,695,2026-06-24T06:05:15.000Z,717.000,1707.79,,,76,1.943,34.29,44.25012,19.933776
2026-06-24,Running,Morning Run in Serbia,"I am in a conference in Serbia, and I got some time to do a bit of running. Its usually fun to do it at new places, especially in hilly areas.",2026-06-24_07-53-14_hk_1782280394.fit,696,2026-06-24T06:05:16.000Z,718.000,1710.07,,,76,1.963,34.29,44.250102,19.933758
2026-06-24,Running,Morning Run in Serbia,"I am in a conference in Serbia, and I got some time to do a bit of running. Its usually fun to do it at new places, especially in hilly areas.",2026-06-24_07-53-14_hk_1782280394.fit,697,2026-06-24T06:05:17.000Z,719.000,1712.52,,,76,2.011,34.29,44.250084,19.933722
2026-06-24,Running,Morning Run in Serbia,"I am in a conference in Serbia, and I got some time to do a bit of running. Its usually fun to do it at new places, especially in hilly areas.",2026-06-24_07-53-14_hk_1782280394.fit,698,2026-06-24T06:05:18.000Z,720.000,1715.08,,,76,2.093,34.29,44.250066,19.933704
2026-06-24,Running,Morning Run in Serbia,"I am in a conference in Serbia, and I got some time to do a bit of running. Its usually fun to do it at new places, especially in hilly areas.",2026-06-24_07-53-14_hk_1782280394.fit,699,2026-06-24T06:05:19.000Z,721.000,1717.7,,,76,2.132,34.3,44.250048,19.933686
2026-06-24,Running,Morning Run in Serbia,"I am in a conference in Serbia, and I got some time to do a bit of running. Its usually fun to do it at new places, especially in hilly areas.",2026-06-24_07-53-14_hk_1782280394.fit,700,2026-06-24T06:05:20.000Z,722.000,1720.42,,,76,2.16,34.3,44.25003,19.93365
2026-06-24,Running,Morning Run in Serbia,"I am in a conference in Serbia, and I got some time to do a bit of running. Its usually fun to do it at new places, especially in hilly areas.",2026-06-24_07-53-14_hk_1782280394.fit,701,2026-06-24T06:05:21.000Z,723.000,1723.17,,,72,2.179,34.29,44.250012,19.933632
2026-06-24,Running,Morning Run in Serbia,"I am in a conference in Serbia, and I got some time to do a bit of running. Its usually fun to do it at new places, especially in hilly areas.",2026-06-24_07-53-14_hk_1782280394.fit,702,2026-06-24T06:05:22.000Z,724.000,1725.84,,,72,2.195,34.29,44.249994,19.933614
2026-06-24,Running,Morning Run in Serbia,"I am in a conference in Serbia, and I got some time to do a bit of running. Its usually fun to do it at new places, especially in hilly areas.",2026-06-24_07-53-14_hk_1782280394.fit,703,2026-06-24T06:05:23.000Z,725.000,1728.37,,,72,2.209,34.29,44.249976,19.933596
2026-06-24,Running,Morning Run in Serbia,"I am in a conference in Serbia, and I got some time to do a bit of running. Its usually fun to do it at new places, especially in hilly areas.",2026-06-24_07-53-14_hk_1782280394.fit,704,2026-06-24T06:05:24.000Z,726.000,1730.8,,,72,2.224,34.29,44.249976,19.93356
2026-06-24,Running,Morning Run in Serbia,"I am in a conference in Serbia, and I got some time to do a bit of running. Its usually fun to do it at new places, especially in hilly areas.",2026-06-24_07-53-14_hk_1782280394.fit,705,2026-06-24T06:05:25.000Z,727.000,1733.16,,,72,2.238,34.28,44.249958,19.933542
2026-06-24,Running,Morning Run in Serbia,"I am in a conference in Serbia, and I got some time to do a bit of running. Its usually fun to do it at new places, especially in hilly areas.",2026-06-24_07-53-14_hk_1782280394.fit,706,2026-06-24T06:05:26.000Z,728.000,1735.45,,,72,2.288,34.28,44.24994,19.933524
2026-06-24,Running,Morning Run in Serbia,"I am in a conference in Serbia, and I got some time to do a bit of running. Its usually fun to do it at new places, especially in hilly areas.",2026-06-24_07-53-14_hk_1782280394.fit,707,2026-06-24T06:05:27.000Z,729.000,1737.75,,,71,2.321,34.27,44.24994,19.933488
2026-06-24,Running,Morning Run in Serbia,"I am in a conference in Serbia, and I got some time to do a bit of running. Its usually fun to do it at new places, especially in hilly areas.",2026-06-24_07-53-14_hk_1782280394.fit,708,2026-06-24T06:05:28.000Z,730.000,1740.08,,,71,2.39,34.27,44.249922,19.93347
2026-06-24,Running,Morning Run in Serbia,"I am in a conference in Serbia, and I got some time to do a bit of running. Its usually fun to do it at new places, especially in hilly areas.",2026-06-24_07-53-14_hk_1782280394.fit,709,2026-06-24T06:05:29.000Z,731.000,1742.37,,,71,2.418,34.26,44.249922,19.933434
2026-06-24,Running,Morning Run in Serbia,"I am in a conference in Serbia, and I got some time to do a bit of running. Its usually fun to do it at new places, especially in hilly areas.",2026-06-24_07-53-14_hk_1782280394.fit,710,2026-06-24T06:05:30.000Z,732.000,1744.59,,,75,2.431,34.25,44.249904,19.933416
2026-06-24,Running,Morning Run in Serbia,"I am in a conference in Serbia, and I got some time to do a bit of running. Its usually fun to do it at new places, especially in hilly areas.",2026-06-24_07-53-14_hk_1782280394.fit,711,2026-06-24T06:05:31.000Z,733.000,1746.84,,,75,2.43,34.24,44.249904,19.93338
2026-06-24,Running,Morning Run in Serbia,"I am in a conference in Serbia, and I got some time to do a bit of running. Its usually fun to do it at new places, especially in hilly areas.",2026-06-24_07-53-14_hk_1782280394.fit,712,2026-06-24T06:05:32.000Z,734.000,1749.12,,,75,2.426,34.24,44.249904,19.933362
2026-06-24,Running,Morning Run in Serbia,"I am in a conference in Serbia, and I got some time to do a bit of running. Its usually fun to do it at new places, especially in hilly areas.",2026-06-24_07-53-14_hk_1782280394.fit,713,2026-06-24T06:05:33.000Z,735.000,1751.32,,,76,2.416,34.23,44.249886,19.933326
2026-06-24,Running,Morning Run in Serbia,"I am in a conference in Serbia, and I got some time to do a bit of running. Its usually fun to do it at new places, especially in hilly areas.",2026-06-24_07-53-14_hk_1782280394.fit,714,2026-06-24T06:05:34.000Z,736.000,1753.49,,,76,2.402,34.22,44.249886,19.933308
2026-06-24,Running,Morning Run in Serbia,"I am in a conference in Serbia, and I got some time to do a bit of running. Its usually fun to do it at new places, especially in hilly areas.",2026-06-24_07-53-14_hk_1782280394.fit,715,2026-06-24T06:05:35.000Z,737.000,1755.76,,,76,2.394,34.21,44.249868,19.933272
2026-06-24,Running,Morning Run in Serbia,"I am in a conference in Serbia, and I got some time to do a bit of running. Its usually fun to do it at new places, especially in hilly areas.",2026-06-24_07-53-14_hk_1782280394.fit,716,2026-06-24T06:05:36.000Z,738.000,1758.24,,,76,2.402,34.2,44.249868,19.933254
2026-06-24,Running,Morning Run in Serbia,"I am in a conference in Serbia, and I got some time to do a bit of running. Its usually fun to do it at new places, especially in hilly areas.",2026-06-24_07-53-14_hk_1782280394.fit,717,2026-06-24T06:05:37.000Z,739.000,1760.87,,,76,2.419,34.2,44.24985,19.933218
2026-06-24,Running,Morning Run in Serbia,"I am in a conference in Serbia, and I got some time to do a bit of running. Its usually fun to do it at new places, especially in hilly areas.",2026-06-24_07-53-14_hk_1782280394.fit,718,2026-06-24T06:05:38.000Z,740.000,1763.58,,,76,2.431,34.19,44.24985,19.933182
2026-06-24,Running,Morning Run in Serbia,"I am in a conference in Serbia, and I got some time to do a bit of running. Its usually fun to do it at new places, especially in hilly areas.",2026-06-24_07-53-14_hk_1782280394.fit,719,2026-06-24T06:05:39.000Z,741.000,1766.27,,,76,2.438,34.18,44.249832,19.933164
2026-06-24,Running,Morning Run in Serbia,"I am in a conference in Serbia, and I got some time to do a bit of running. Its usually fun to do it at new places, especially in hilly areas.",2026-06-24_07-53-14_hk_1782280394.fit,720,2026-06-24T06:05:40.000Z,742.000,1768.9,,,76,2.438,34.17,44.249814,19.933128
2026-06-24,Running,Morning Run in Serbia,"I am in a conference in Serbia, and I got some time to do a bit of running. Its usually fun to do it at new places, especially in hilly areas.",2026-06-24_07-53-14_hk_1782280394.fit,721,2026-06-24T06:05:41.000Z,743.000,1771.41,,,76,2.428,34.17,44.249814,19.93311
2026-06-24,Running,Morning Run in Serbia,"I am in a conference in Serbia, and I got some time to do a bit of running. Its usually fun to do it at new places, especially in hilly areas.",2026-06-24_07-53-14_hk_1782280394.fit,722,2026-06-24T06:05:42.000Z,744.000,1773.81,,,76,2.411,34.16,44.249796,19.933074
2026-06-24,Running,Morning Run in Serbia,"I am in a conference in Serbia, and I got some time to do a bit of running. Its usually fun to do it at new places, especially in hilly areas.",2026-06-24_07-53-14_hk_1782280394.fit,723,2026-06-24T06:05:43.000Z,745.000,1776.16,,,76,2.396,34.16,44.249778,19.933056
2026-06-24,Running,Morning Run in Serbia,"I am in a conference in Serbia, and I got some time to do a bit of running. Its usually fun to do it at new places, especially in hilly areas.",2026-06-24_07-53-14_hk_1782280394.fit,724,2026-06-24T06:05:44.000Z,746.000,1778.53,,,76,2.389,34.15,44.249778,19.93302
2026-06-24,Running,Morning Run in Serbia,"I am in a conference in Serbia, and I got some time to do a bit of running. Its usually fun to do it at new places, especially in hilly areas.",2026-06-24_07-53-14_hk_1782280394.fit,725,2026-06-24T06:05:45.000Z,747.000,1780.93,,,76,2.387,34.15,44.24976,19.933002
2026-06-24,Running,Morning Run in Serbia,"I am in a conference in Serbia, and I got some time to do a bit of running. Its usually fun to do it at new places, especially in hilly areas.",2026-06-24_07-53-14_hk_1782280394.fit,726,2026-06-24T06:05:46.000Z,748.000,1783.48,,,76,2.396,34.14,44.24976,19.932966
2026-06-24,Running,Morning Run in Serbia,"I am in a conference in Serbia, and I got some time to do a bit of running. Its usually fun to do it at new places, especially in hilly areas.",2026-06-24_07-53-14_hk_1782280394.fit,727,2026-06-24T06:05:47.000Z,749.000,1786.23,,,76,2.418,34.14,44.249742,19.93293
2026-06-24,Running,Morning Run in Serbia,"I am in a conference in Serbia, and I got some time to do a bit of running. Its usually fun to do it at new places, especially in hilly areas.",2026-06-24_07-53-14_hk_1782280394.fit,728,2026-06-24T06:05:48.000Z,750.000,1788.95,,,76,2.438,34.13,44.249742,19.932912
2026-06-24,Running,Morning Run in Serbia,"I am in a conference in Serbia, and I got some time to do a bit of running. Its usually fun to do it at new places, especially in hilly areas.",2026-06-24_07-53-14_hk_1782280394.fit,729,2026-06-24T06:05:49.000Z,751.000,1791.47,,,76,2.447,34.13,44.249742,19.932876
2026-06-24,Running,Morning Run in Serbia,"I am in a conference in Serbia, and I got some time to do a bit of running. Its usually fun to do it at new places, especially in hilly areas.",2026-06-24_07-53-14_hk_1782280394.fit,730,2026-06-24T06:05:50.000Z,752.000,1793.91,,,76,2.454,34.12,44.249742,19.93284
2026-06-24,Running,Morning Run in Serbia,"I am in a conference in Serbia, and I got some time to do a bit of running. Its usually fun to do it at new places, especially in hilly areas.",2026-06-24_07-53-14_hk_1782280394.fit,731,2026-06-24T06:05:51.000Z,753.000,1796.37,,,76,2.465,34.12,44.249724,19.932804
2026-06-24,Running,Morning Run in Serbia,"I am in a conference in Serbia, and I got some time to do a bit of running. Its usually fun to do it at new places, especially in hilly areas.",2026-06-24_07-53-14_hk_1782280394.fit,732,2026-06-24T06:05:52.000Z,754.000,1798.75,,,76,2.472,34.12,44.249724,19.932786
2026-06-24,Running,Morning Run in Serbia,"I am in a conference in Serbia, and I got some time to do a bit of running. Its usually fun to do it at new places, especially in hilly areas.",2026-06-24_07-53-14_hk_1782280394.fit,733,2026-06-24T06:05:53.000Z,755.000,1801.07,,,76,2.474,34.11,44.249724,19.93275
2026-06-24,Running,Morning Run in Serbia,"I am in a conference in Serbia, and I got some time to do a bit of running. Its usually fun to do it at new places, especially in hilly areas.",2026-06-24_07-53-14_hk_1782280394.fit,734,2026-06-24T06:05:54.000Z,756.000,1803.5,,,76,2.5,34.11,44.249724,19.932732
2026-06-24,Running,Morning Run in Serbia,"I am in a conference in Serbia, and I got some time to do a bit of running. Its usually fun to do it at new places, especially in hilly areas.",2026-06-24_07-53-14_hk_1782280394.fit,735,2026-06-24T06:05:55.000Z,757.000,1806.01,,,76,2.512,34.11,44.249706,19.932696
2026-06-24,Running,Morning Run in Serbia,"I am in a conference in Serbia, and I got some time to do a bit of running. Its usually fun to do it at new places, especially in hilly areas.",2026-06-24_07-53-14_hk_1782280394.fit,736,2026-06-24T06:05:56.000Z,758.000,1808.58,,,76,2.517,34.1,44.249706,19.93266
2026-06-24,Running,Morning Run in Serbia,"I am in a conference in Serbia, and I got some time to do a bit of running. Its usually fun to do it at new places, especially in hilly areas.",2026-06-24_07-53-14_hk_1782280394.fit,737,2026-06-24T06:05:57.000Z,759.000,1811.24,,,76,2.518,34.1,44.249688,19.932642
2026-06-24,Running,Morning Run in Serbia,"I am in a conference in Serbia, and I got some time to do a bit of running. Its usually fun to do it at new places, especially in hilly areas.",2026-06-24_07-53-14_hk_1782280394.fit,738,2026-06-24T06:05:58.000Z,760.000,1813.87,,,76,2.514,34.1,44.249688,19.932606
2026-06-24,Running,Morning Run in Serbia,"I am in a conference in Serbia, and I got some time to do a bit of running. Its usually fun to do it at new places, especially in hilly areas.",2026-06-24_07-53-14_hk_1782280394.fit,739,2026-06-24T06:05:59.000Z,761.000,1816.35,,,76,2.504,34.1,44.24967,19.93257
2026-06-24,Running,Morning Run in Serbia,"I am in a conference in Serbia, and I got some time to do a bit of running. Its usually fun to do it at new places, especially in hilly areas.",2026-06-24_07-53-14_hk_1782280394.fit,740,2026-06-24T06:06:00.000Z,762.000,1818.75,,,76,2.499,34.1,44.249652,19.932552
2026-06-24,Running,Morning Run in Serbia,"I am in a conference in Serbia, and I got some time to do a bit of running. Its usually fun to do it at new places, especially in hilly areas.",2026-06-24_07-53-14_hk_1782280394.fit,741,2026-06-24T06:06:01.000Z,763.000,1821.22,,,76,2.491,34.1,44.249652,19.932516
2026-06-24,Running,Morning Run in Serbia,"I am in a conference in Serbia, and I got some time to do a bit of running. Its usually fun to do it at new places, especially in hilly areas.",2026-06-24_07-53-14_hk_1782280394.fit,742,2026-06-24T06:06:02.000Z,764.000,1823.78,,,76,2.494,34.09,44.249634,19.932498
2026-06-24,Running,Morning Run in Serbia,"I am in a conference in Serbia, and I got some time to do a bit of running. Its usually fun to do it at new places, especially in hilly areas.",2026-06-24_07-53-14_hk_1782280394.fit,743,2026-06-24T06:06:03.000Z,765.000,1826.34,,,76,2.509,34.09,44.249616,19.93248
2026-06-24,Running,Morning Run in Serbia,"I am in a conference in Serbia, and I got some time to do a bit of running. Its usually fun to do it at new places, especially in hilly areas.",2026-06-24_07-53-14_hk_1782280394.fit,744,2026-06-24T06:06:04.000Z,766.000,1828.97,,,76,2.522,34.09,44.249598,19.932444
2026-06-24,Running,Morning Run in Serbia,"I am in a conference in Serbia, and I got some time to do a bit of running. Its usually fun to do it at new places, especially in hilly areas.",2026-06-24_07-53-14_hk_1782280394.fit,745,2026-06-24T06:06:05.000Z,767.000,1831.66,,,76,2.537,34.09,44.249598,19.932426
2026-06-24,Running,Morning Run in Serbia,"I am in a conference in Serbia, and I got some time to do a bit of running. Its usually fun to do it at new places, especially in hilly areas.",2026-06-24_07-53-14_hk_1782280394.fit,746,2026-06-24T06:06:06.000Z,768.000,1834.26,,,76,2.539,34.09,44.24958,19.93239
2026-06-24,Running,Morning Run in Serbia,"I am in a conference in Serbia, and I got some time to do a bit of running. Its usually fun to do it at new places, especially in hilly areas.",2026-06-24_07-53-14_hk_1782280394.fit,747,2026-06-24T06:06:07.000Z,769.000,1836.8,,,76,2.528,34.09,44.249562,19.932372
2026-06-24,Running,Morning Run in Serbia,"I am in a conference in Serbia, and I got some time to do a bit of running. Its usually fun to do it at new places, especially in hilly areas.",2026-06-24_07-53-14_hk_1782280394.fit,748,2026-06-24T06:06:08.000Z,770.000,1839.35,,,76,2.52,34.08,44.249544,19.932336
2026-06-24,Running,Morning Run in Serbia,"I am in a conference in Serbia, and I got some time to do a bit of running. Its usually fun to do it at new places, especially in hilly areas.",2026-06-24_07-53-14_hk_1782280394.fit,749,2026-06-24T06:06:09.000Z,771.000,1841.88,,,79,2.521,34.08,44.249526,19.932318
2026-06-24,Running,Morning Run in Serbia,"I am in a conference in Serbia, and I got some time to do a bit of running. Its usually fun to do it at new places, especially in hilly areas.",2026-06-24_07-53-14_hk_1782280394.fit,750,2026-06-24T06:06:10.000Z,772.000,1844.25,,,79,2.517,34.08,44.249508,19.9323
2026-06-24,Running,Morning Run in Serbia,"I am in a conference in Serbia, and I got some time to do a bit of running. Its usually fun to do it at new places, especially in hilly areas.",2026-06-24_07-53-14_hk_1782280394.fit,751,2026-06-24T06:06:11.000Z,773.000,1846.42,,,79,2.503,34.08,44.24949,19.9323
2026-06-24,Running,Morning Run in Serbia,"I am in a conference in Serbia, and I got some time to do a bit of running. Its usually fun to do it at new places, especially in hilly areas.",2026-06-24_07-53-14_hk_1782280394.fit,752,2026-06-24T06:06:12.000Z,774.000,1848.49,,,77,2.482,34.08,44.249472,19.932282
2026-06-24,Running,Morning Run in Serbia,"I am in a conference in Serbia, and I got some time to do a bit of running. Its usually fun to do it at new places, especially in hilly areas.",2026-06-24_07-53-14_hk_1782280394.fit,753,2026-06-24T06:06:13.000Z,775.000,1850.52,,,77,2.465,34.07,44.249454,19.932264
2026-06-24,Running,Morning Run in Serbia,"I am in a conference in Serbia, and I got some time to do a bit of running. Its usually fun to do it at new places, especially in hilly areas.",2026-06-24_07-53-14_hk_1782280394.fit,754,2026-06-24T06:06:14.000Z,776.000,1852.67,,,77,2.457,34.07,44.249436,19.932264
2026-06-24,Running,Morning Run in Serbia,"I am in a conference in Serbia, and I got some time to do a bit of running. Its usually fun to do it at new places, especially in hilly areas.",2026-06-24_07-53-14_hk_1782280394.fit,755,2026-06-24T06:06:15.000Z,777.000,1854.94,,,78,2.45,34.07,44.249418,19.932246
2026-06-24,Running,Morning Run in Serbia,"I am in a conference in Serbia, and I got some time to do a bit of running. Its usually fun to do it at new places, especially in hilly areas.",2026-06-24_07-53-14_hk_1782280394.fit,756,2026-06-24T06:06:16.000Z,778.000,1857.37,,,78,2.446,34.07,44.2494,19.932228
2026-06-24,Running,Morning Run in Serbia,"I am in a conference in Serbia, and I got some time to do a bit of running. Its usually fun to do it at new places, especially in hilly areas.",2026-06-24_07-53-14_hk_1782280394.fit,757,2026-06-24T06:06:17.000Z,779.000,1859.93,,,78,2.445,34.07,44.249382,19.93221
2026-06-24,Running,Morning Run in Serbia,"I am in a conference in Serbia, and I got some time to do a bit of running. Its usually fun to do it at new places, especially in hilly areas.",2026-06-24_07-53-14_hk_1782280394.fit,758,2026-06-24T06:06:18.000Z,780.000,1862.54,,,76,2.443,34.07,44.249364,19.932192
2026-06-24,Running,Morning Run in Serbia,"I am in a conference in Serbia, and I got some time to do a bit of running. Its usually fun to do it at new places, especially in hilly areas.",2026-06-24_07-53-14_hk_1782280394.fit,759,2026-06-24T06:06:19.000Z,781.000,1865.17,,,76,2.443,34.06,44.249346,19.932174
2026-06-24,Running,Morning Run in Serbia,"I am in a conference in Serbia, and I got some time to do a bit of running. Its usually fun to do it at new places, especially in hilly areas.",2026-06-24_07-53-14_hk_1782280394.fit,760,2026-06-24T06:06:20.000Z,782.000,1867.65,,,76,2.443,34.06,44.249328,19.932156
2026-06-24,Running,Morning Run in Serbia,"I am in a conference in Serbia, and I got some time to do a bit of running. Its usually fun to do it at new places, especially in hilly areas.",2026-06-24_07-53-14_hk_1782280394.fit,761,2026-06-24T06:06:21.000Z,783.000,1869.82,,,76,2.432,34.06,44.24931,19.932138
2026-06-24,Running,Morning Run in Serbia,"I am in a conference in Serbia, and I got some time to do a bit of running. Its usually fun to do it at new places, especially in hilly areas.",2026-06-24_07-53-14_hk_1782280394.fit,762,2026-06-24T06:06:22.000Z,784.000,1871.75,,,76,2.406,34.06,44.249292,19.93212
2026-06-24,Running,Morning Run in Serbia,"I am in a conference in Serbia, and I got some time to do a bit of running. Its usually fun to do it at new places, especially in hilly areas.",2026-06-24_07-53-14_hk_1782280394.fit,763,2026-06-24T06:06:23.000Z,785.000,1873.61,,,76,2.382,34.06,44.249274,19.93212
2026-06-24,Running,Morning Run in Serbia,"I am in a conference in Serbia, and I got some time to do a bit of running. Its usually fun to do it at new places, especially in hilly areas.",2026-06-24_07-53-14_hk_1782280394.fit,764,2026-06-24T06:06:24.000Z,786.000,1875.53,,,73,2.353,34.06,44.249274,19.932102
2026-06-24,Running,Morning Run in Serbia,"I am in a conference in Serbia, and I got some time to do a bit of running. Its usually fun to do it at new places, especially in hilly areas.",2026-06-24_07-53-14_hk_1782280394.fit,765,2026-06-24T06:06:25.000Z,787.000,1877.52,,,73,2.326,34.06,44.249256,19.932084
2026-06-24,Running,Morning Run in Serbia,"I am in a conference in Serbia, and I got some time to do a bit of running. Its usually fun to do it at new places, especially in hilly areas.",2026-06-24_07-53-14_hk_1782280394.fit,766,2026-06-24T06:06:26.000Z,788.000,1879.67,,,73,2.304,34.06,44.249238,19.932066
2026-06-24,Running,Morning Run in Serbia,"I am in a conference in Serbia, and I got some time to do a bit of running. Its usually fun to do it at new places, especially in hilly areas.",2026-06-24_07-53-14_hk_1782280394.fit,767,2026-06-24T06:06:27.000Z,789.000,1882.07,,,76,2.291,34.06,44.24922,19.932048
2026-06-24,Running,Morning Run in Serbia,"I am in a conference in Serbia, and I got some time to do a bit of running. Its usually fun to do it at new places, especially in hilly areas.",2026-06-24_07-53-14_hk_1782280394.fit,768,2026-06-24T06:06:28.000Z,790.000,1884.59,,,76,2.288,34.06,44.249202,19.93203
2026-06-24,Running,Morning Run in Serbia,"I am in a conference in Serbia, and I got some time to do a bit of running. Its usually fun to do it at new places, especially in hilly areas.",2026-06-24_07-53-14_hk_1782280394.fit,769,2026-06-24T06:06:29.000Z,791.000,1887.04,,,76,2.284,34.06,44.249184,19.932012
2026-06-24,Running,Morning Run in Serbia,"I am in a conference in Serbia, and I got some time to do a bit of running. Its usually fun to do it at new places, especially in hilly areas.",2026-06-24_07-53-14_hk_1782280394.fit,770,2026-06-24T06:06:30.000Z,792.000,1889.34,,,74,2.284,34.06,44.249166,19.931994
2026-06-24,Running,Morning Run in Serbia,"I am in a conference in Serbia, and I got some time to do a bit of running. Its usually fun to do it at new places, especially in hilly areas.",2026-06-24_07-53-14_hk_1782280394.fit,771,2026-06-24T06:06:31.000Z,793.000,1891.46,,,74,2.266,34.06,44.249148,19.931976
2026-06-24,Running,Morning Run in Serbia,"I am in a conference in Serbia, and I got some time to do a bit of running. Its usually fun to do it at new places, especially in hilly areas.",2026-06-24_07-53-14_hk_1782280394.fit,772,2026-06-24T06:06:32.000Z,794.000,1893.41,,,74,2.24,34.06,44.249148,19.931958
2026-06-24,Running,Morning Run in Serbia,"I am in a conference in Serbia, and I got some time to do a bit of running. Its usually fun to do it at new places, especially in hilly areas.",2026-06-24_07-53-14_hk_1782280394.fit,773,2026-06-24T06:06:33.000Z,795.000,1895.17,,,76,2.214,34.06,44.24913,19.93194
2026-06-24,Running,Morning Run in Serbia,"I am in a conference in Serbia, and I got some time to do a bit of running. Its usually fun to do it at new places, especially in hilly areas.",2026-06-24_07-53-14_hk_1782280394.fit,774,2026-06-24T06:06:34.000Z,796.000,1896.91,,,76,2.195,34.06,44.249112,19.931922
2026-06-24,Running,Morning Run in Serbia,"I am in a conference in Serbia, and I got some time to do a bit of running. Its usually fun to do it at new places, especially in hilly areas.",2026-06-24_07-53-14_hk_1782280394.fit,775,2026-06-24T06:06:35.000Z,797.000,1898.88,,,76,2.191,34.07,44.249112,19.931904
2026-06-24,Running,Morning Run in Serbia,"I am in a conference in Serbia, and I got some time to do a bit of running. Its usually fun to do it at new places, especially in hilly areas.",2026-06-24_07-53-14_hk_1782280394.fit,776,2026-06-24T06:06:36.000Z,798.000,1901.02,,,76,2.195,34.07,44.249094,19.931886
2026-06-24,Running,Morning Run in Serbia,"I am in a conference in Serbia, and I got some time to do a bit of running. Its usually fun to do it at new places, especially in hilly areas.",2026-06-24_07-53-14_hk_1782280394.fit,777,2026-06-24T06:06:37.000Z,799.000,1903.24,,,76,2.199,34.07,44.249094,19.931868
2026-06-24,Running,Morning Run in Serbia,"I am in a conference in Serbia, and I got some time to do a bit of running. Its usually fun to do it at new places, especially in hilly areas.",2026-06-24_07-53-14_hk_1782280394.fit,778,2026-06-24T06:06:38.000Z,800.000,1905.64,,,76,2.204,34.07,44.249076,19.931832
2026-06-24,Running,Morning Run in Serbia,"I am in a conference in Serbia, and I got some time to do a bit of running. Its usually fun to do it at new places, especially in hilly areas.",2026-06-24_07-53-14_hk_1782280394.fit,779,2026-06-24T06:06:39.000Z,801.000,1908.25,,,76,2.212,34.08,44.249058,19.931814
2026-06-24,Running,Morning Run in Serbia,"I am in a conference in Serbia, and I got some time to do a bit of running. Its usually fun to do it at new places, especially in hilly areas.",2026-06-24_07-53-14_hk_1782280394.fit,780,2026-06-24T06:06:40.000Z,802.000,1910.96,,,76,2.219,34.08,44.249058,19.931778
2026-06-24,Running,Morning Run in Serbia,"I am in a conference in Serbia, and I got some time to do a bit of running. Its usually fun to do it at new places, especially in hilly areas.",2026-06-24_07-53-14_hk_1782280394.fit,781,2026-06-24T06:06:41.000Z,803.000,1913.59,,,76,2.219,34.08,44.24904,19.931742
2026-06-24,Running,Morning Run in Serbia,"I am in a conference in Serbia, and I got some time to do a bit of running. Its usually fun to do it at new places, especially in hilly areas.",2026-06-24_07-53-14_hk_1782280394.fit,782,2026-06-24T06:06:42.000Z,804.000,1916.01,,,76,2.21,34.09,44.24904,19.931724
2026-06-24,Running,Morning Run in Serbia,"I am in a conference in Serbia, and I got some time to do a bit of running. Its usually fun to do it at new places, especially in hilly areas.",2026-06-24_07-53-14_hk_1782280394.fit,783,2026-06-24T06:06:43.000Z,805.000,1918.2,,,76,2.198,34.09,44.249022,19.931688
2026-06-24,Running,Morning Run in Serbia,"I am in a conference in Serbia, and I got some time to do a bit of running. Its usually fun to do it at new places, especially in hilly areas.",2026-06-24_07-53-14_hk_1782280394.fit,784,2026-06-24T06:06:44.000Z,806.000,1920.21,,,76,2.191,34.09,44.249022,19.93167
2026-06-24,Running,Morning Run in Serbia,"I am in a conference in Serbia, and I got some time to do a bit of running. Its usually fun to do it at new places, especially in hilly areas.",2026-06-24_07-53-14_hk_1782280394.fit,785,2026-06-24T06:06:45.000Z,807.000,1922.15,,,75,2.191,34.09,44.249022,19.931652
2026-06-24,Running,Morning Run in Serbia,"I am in a conference in Serbia, and I got some time to do a bit of running. Its usually fun to do it at new places, especially in hilly areas.",2026-06-24_07-53-14_hk_1782280394.fit,786,2026-06-24T06:06:46.000Z,808.000,1924.25,,,75,2.201,34.09,44.249004,19.931616
2026-06-24,Running,Morning Run in Serbia,"I am in a conference in Serbia, and I got some time to do a bit of running. Its usually fun to do it at new places, especially in hilly areas.",2026-06-24_07-53-14_hk_1782280394.fit,787,2026-06-24T06:06:47.000Z,809.000,1926.62,,,75,2.221,34.1,44.249004,19.931598
2026-06-24,Running,Morning Run in Serbia,"I am in a conference in Serbia, and I got some time to do a bit of running. Its usually fun to do it at new places, especially in hilly areas.",2026-06-24_07-53-14_hk_1782280394.fit,788,2026-06-24T06:06:48.000Z,810.000,1929.06,,,74,2.241,34.1,44.249004,19.931562
2026-06-24,Running,Morning Run in Serbia,"I am in a conference in Serbia, and I got some time to do a bit of running. Its usually fun to do it at new places, especially in hilly areas.",2026-06-24_07-53-14_hk_1782280394.fit,789,2026-06-24T06:06:49.000Z,811.000,1931.53,,,74,2.255,34.1,44.248986,19.931526
2026-06-24,Running,Morning Run in Serbia,"I am in a conference in Serbia, and I got some time to do a bit of running. Its usually fun to do it at new places, especially in hilly areas.",2026-06-24_07-53-14_hk_1782280394.fit,790,2026-06-24T06:06:50.000Z,812.000,1934.04,,,74,2.259,34.1,44.248986,19.931508
2026-06-24,Running,Morning Run in Serbia,"I am in a conference in Serbia, and I got some time to do a bit of running. Its usually fun to do it at new places, especially in hilly areas.",2026-06-24_07-53-14_hk_1782280394.fit,791,2026-06-24T06:06:51.000Z,813.000,1936.54,,,74,2.259,34.1,44.248986,19.931472
2026-06-24,Running,Morning Run in Serbia,"I am in a conference in Serbia, and I got some time to do a bit of running. Its usually fun to do it at new places, especially in hilly areas.",2026-06-24_07-53-14_hk_1782280394.fit,792,2026-06-24T06:06:52.000Z,814.000,1938.95,,,74,2.257,34.1,44.248986,19.931436
2026-06-24,Running,Morning Run in Serbia,"I am in a conference in Serbia, and I got some time to do a bit of running. Its usually fun to do it at new places, especially in hilly areas.",2026-06-24_07-53-14_hk_1782280394.fit,793,2026-06-24T06:06:53.000Z,815.000,1941.25,,,74,2.257,34.11,44.248968,19.931418
2026-06-24,Running,Morning Run in Serbia,"I am in a conference in Serbia, and I got some time to do a bit of running. Its usually fun to do it at new places, especially in hilly areas.",2026-06-24_07-53-14_hk_1782280394.fit,794,2026-06-24T06:06:54.000Z,816.000,1943.43,,,75,2.274,34.11,44.248968,19.931382
2026-06-24,Running,Morning Run in Serbia,"I am in a conference in Serbia, and I got some time to do a bit of running. Its usually fun to do it at new places, especially in hilly areas.",2026-06-24_07-53-14_hk_1782280394.fit,795,2026-06-24T06:06:55.000Z,817.000,1945.51,,,75,2.288,34.11,44.248968,19.931364
2026-06-24,Running,Morning Run in Serbia,"I am in a conference in Serbia, and I got some time to do a bit of running. Its usually fun to do it at new places, especially in hilly areas.",2026-06-24_07-53-14_hk_1782280394.fit,796,2026-06-24T06:06:56.000Z,818.000,1947.4,,,75,2.295,34.12,44.248968,19.931328
2026-06-24,Running,Morning Run in Serbia,"I am in a conference in Serbia, and I got some time to do a bit of running. Its usually fun to do it at new places, especially in hilly areas.",2026-06-24_07-53-14_hk_1782280394.fit,797,2026-06-24T06:06:57.000Z,819.000,1949.33,,,76,2.293,34.12,44.248968,19.93131
2026-06-24,Running,Morning Run in Serbia,"I am in a conference in Serbia, and I got some time to do a bit of running. Its usually fun to do it at new places, especially in hilly areas.",2026-06-24_07-53-14_hk_1782280394.fit,798,2026-06-24T06:06:58.000Z,820.000,1951.51,,,76,2.295,34.12,44.248968,19.931292
2026-06-24,Running,Morning Run in Serbia,"I am in a conference in Serbia, and I got some time to do a bit of running. Its usually fun to do it at new places, especially in hilly areas.",2026-06-24_07-53-14_hk_1782280394.fit,799,2026-06-24T06:06:59.000Z,821.000,1953.89,,,76,2.302,34.13,44.248968,19.931256
2026-06-24,Running,Morning Run in Serbia,"I am in a conference in Serbia, and I got some time to do a bit of running. Its usually fun to do it at new places, especially in hilly areas.",2026-06-24_07-53-14_hk_1782280394.fit,800,2026-06-24T06:07:00.000Z,822.000,1956.36,,,76,2.305,34.13,44.24895,19.93122
2026-06-24,Running,Morning Run in Serbia,"I am in a conference in Serbia, and I got some time to do a bit of running. Its usually fun to do it at new places, especially in hilly areas.",2026-06-24_07-53-14_hk_1782280394.fit,801,2026-06-24T06:07:01.000Z,823.000,1958.74,,,76,2.295,34.13,44.24895,19.931202
2026-06-24,Running,Morning Run in Serbia,"I am in a conference in Serbia, and I got some time to do a bit of running. Its usually fun to do it at new places, especially in hilly areas.",2026-06-24_07-53-14_hk_1782280394.fit,802,2026-06-24T06:07:02.000Z,824.000,1960.85,,,76,2.287,34.14,44.24895,19.931166
2026-06-24,Running,Morning Run in Serbia,"I am in a conference in Serbia, and I got some time to do a bit of running. Its usually fun to do it at new places, especially in hilly areas.",2026-06-24_07-53-14_hk_1782280394.fit,803,2026-06-24T06:07:03.000Z,825.000,1962.72,,,76,2.25,34.14,44.24895,19.931148
2026-06-24,Running,Morning Run in Serbia,"I am in a conference in Serbia, and I got some time to do a bit of running. Its usually fun to do it at new places, especially in hilly areas.",2026-06-24_07-53-14_hk_1782280394.fit,804,2026-06-24T06:07:04.000Z,826.000,1964.52,,,76,2.215,34.15,44.24895,19.931112
2026-06-24,Running,Morning Run in Serbia,"I am in a conference in Serbia, and I got some time to do a bit of running. Its usually fun to do it at new places, especially in hilly areas.",2026-06-24_07-53-14_hk_1782280394.fit,805,2026-06-24T06:07:05.000Z,827.000,1966.48,,,76,2.194,34.15,44.24895,19.931094
2026-06-24,Running,Morning Run in Serbia,"I am in a conference in Serbia, and I got some time to do a bit of running. Its usually fun to do it at new places, especially in hilly areas.",2026-06-24_07-53-14_hk_1782280394.fit,806,2026-06-24T06:07:06.000Z,828.000,1968.63,,,76,2.192,34.16,44.24895,19.931076
2026-06-24,Running,Morning Run in Serbia,"I am in a conference in Serbia, and I got some time to do a bit of running. Its usually fun to do it at new places, especially in hilly areas.",2026-06-24_07-53-14_hk_1782280394.fit,807,2026-06-24T06:07:07.000Z,829.000,1970.82,,,76,2.2,34.16,44.248932,19.93104
2026-06-24,Running,Morning Run in Serbia,"I am in a conference in Serbia, and I got some time to do a bit of running. Its usually fun to do it at new places, especially in hilly areas.",2026-06-24_07-53-14_hk_1782280394.fit,808,2026-06-24T06:07:08.000Z,830.000,1972.91,,,76,2.207,34.17,44.248932,19.931022
2026-06-24,Running,Morning Run in Serbia,"I am in a conference in Serbia, and I got some time to do a bit of running. Its usually fun to do it at new places, especially in hilly areas.",2026-06-24_07-53-14_hk_1782280394.fit,809,2026-06-24T06:07:09.000Z,831.000,1974.89,,,74,2.202,34.17,44.248932,19.930986
2026-06-24,Running,Morning Run in Serbia,"I am in a conference in Serbia, and I got some time to do a bit of running. Its usually fun to do it at new places, especially in hilly areas.",2026-06-24_07-53-14_hk_1782280394.fit,810,2026-06-24T06:07:10.000Z,832.000,1976.69,,,74,2.177,34.17,44.248932,19.930968
2026-06-24,Running,Morning Run in Serbia,"I am in a conference in Serbia, and I got some time to do a bit of running. Its usually fun to do it at new places, especially in hilly areas.",2026-06-24_07-53-14_hk_1782280394.fit,811,2026-06-24T06:07:11.000Z,833.000,1978.47,,,74,2.16,34.18,44.248914,19.93095
2026-06-24,Running,Morning Run in Serbia,"I am in a conference in Serbia, and I got some time to do a bit of running. Its usually fun to do it at new places, especially in hilly areas.",2026-06-24_07-53-14_hk_1782280394.fit,812,2026-06-24T06:07:12.000Z,834.000,1980.5,,,76,2.143,34.18,44.248914,19.930932
2026-06-24,Running,Morning Run in Serbia,"I am in a conference in Serbia, and I got some time to do a bit of running. Its usually fun to do it at new places, especially in hilly areas.",2026-06-24_07-53-14_hk_1782280394.fit,813,2026-06-24T06:07:13.000Z,835.000,1982.87,,,76,2.139,34.18,44.248914,19.930896
2026-06-24,Running,Morning Run in Serbia,"I am in a conference in Serbia, and I got some time to do a bit of running. Its usually fun to do it at new places, especially in hilly areas.",2026-06-24_07-53-14_hk_1782280394.fit,814,2026-06-24T06:07:14.000Z,836.000,1985.38,,,76,2.139,34.19,44.248914,19.93086
2026-06-24,Running,Morning Run in Serbia,"I am in a conference in Serbia, and I got some time to do a bit of running. Its usually fun to do it at new places, especially in hilly areas.",2026-06-24_07-53-14_hk_1782280394.fit,815,2026-06-24T06:07:15.000Z,837.000,1987.82,,,76,2.137,34.19,44.248896,19.930842
2026-06-24,Running,Morning Run in Serbia,"I am in a conference in Serbia, and I got some time to do a bit of running. Its usually fun to do it at new places, especially in hilly areas.",2026-06-24_07-53-14_hk_1782280394.fit,816,2026-06-24T06:07:16.000Z,838.000,1990.06,,,76,2.129,34.19,44.248896,19.930806
2026-06-24,Running,Morning Run in Serbia,"I am in a conference in Serbia, and I got some time to do a bit of running. Its usually fun to do it at new places, especially in hilly areas.",2026-06-24_07-53-14_hk_1782280394.fit,817,2026-06-24T06:07:17.000Z,839.000,1991.96,,,76,2.113,34.2,44.248896,19.930788
2026-06-24,Running,Morning Run in Serbia,"I am in a conference in Serbia, and I got some time to do a bit of running. Its usually fun to do it at new places, especially in hilly areas.",2026-06-24_07-53-14_hk_1782280394.fit,818,2026-06-24T06:07:34.000Z,856.000,2007.85,,,70,1.456,34.37,44.24886,19.93059
2026-06-24,Running,Morning Run in Serbia,"I am in a conference in Serbia, and I got some time to do a bit of running. Its usually fun to do it at new places, especially in hilly areas.",2026-06-24_07-53-14_hk_1782280394.fit,819,2026-06-24T06:07:35.000Z,857.000,2009.15,,,70,1.44,34.38,44.24886,19.930572
2026-06-24,Running,Morning Run in Serbia,"I am in a conference in Serbia, and I got some time to do a bit of running. Its usually fun to do it at new places, especially in hilly areas.",2026-06-24_07-53-14_hk_1782280394.fit,820,2026-06-24T06:07:36.000Z,858.000,2010.82,,,70,1.431,34.38,44.24886,19.930554
2026-06-24,Running,Morning Run in Serbia,"I am in a conference in Serbia, and I got some time to do a bit of running. Its usually fun to do it at new places, especially in hilly areas.",2026-06-24_07-53-14_hk_1782280394.fit,821,2026-06-24T06:07:37.000Z,859.000,2012.69,,,70,1.421,34.38,44.24886,19.930518
2026-06-24,Running,Morning Run in Serbia,"I am in a conference in Serbia, and I got some time to do a bit of running. Its usually fun to do it at new places, especially in hilly areas.",2026-06-24_07-53-14_hk_1782280394.fit,822,2026-06-24T06:07:38.000Z,860.000,2014.65,,,70,1.414,34.38,44.24886,19.9305
2026-06-24,Running,Morning Run in Serbia,"I am in a conference in Serbia, and I got some time to do a bit of running. Its usually fun to do it at new places, especially in hilly areas.",2026-06-24_07-53-14_hk_1782280394.fit,823,2026-06-24T06:07:39.000Z,861.000,2016.64,,,70,1.411,34.38,44.24886,19.930482
2026-06-24,Running,Morning Run in Serbia,"I am in a conference in Serbia, and I got some time to do a bit of running. Its usually fun to do it at new places, especially in hilly areas.",2026-06-24_07-53-14_hk_1782280394.fit,824,2026-06-24T06:07:40.000Z,862.000,2018.65,,,70,1.412,34.38,44.24886,19.930446
2026-06-24,Running,Morning Run in Serbia,"I am in a conference in Serbia, and I got some time to do a bit of running. Its usually fun to do it at new places, especially in hilly areas.",2026-06-24_07-53-14_hk_1782280394.fit,825,2026-06-24T06:07:41.000Z,863.000,2020.75,,,70,1.421,34.38,44.24886,19.930428
2026-06-24,Running,Morning Run in Serbia,"I am in a conference in Serbia, and I got some time to do a bit of running. Its usually fun to do it at new places, especially in hilly areas.",2026-06-24_07-53-14_hk_1782280394.fit,826,2026-06-24T06:07:42.000Z,864.000,2023.09,,,73,1.439,34.39,44.248842,19.930392
2026-06-24,Running,Morning Run in Serbia,"I am in a conference in Serbia, and I got some time to do a bit of running. Its usually fun to do it at new places, especially in hilly areas.",2026-06-24_07-53-14_hk_1782280394.fit,827,2026-06-24T06:07:43.000Z,865.000,2025.63,,,73,1.456,34.39,44.248842,19.930356
2026-06-24,Running,Morning Run in Serbia,"I am in a conference in Serbia, and I got some time to do a bit of running. Its usually fun to do it at new places, especially in hilly areas.",2026-06-24_07-53-14_hk_1782280394.fit,828,2026-06-24T06:07:44.000Z,866.000,2028.16,,,73,1.461,34.4,44.248842,19.930338
2026-06-24,Running,Morning Run in Serbia,"I am in a conference in Serbia, and I got some time to do a bit of running. Its usually fun to do it at new places, especially in hilly areas.",2026-06-24_07-53-14_hk_1782280394.fit,829,2026-06-24T06:07:45.000Z,867.000,2030.65,,,73,1.46,34.41,44.248824,19.930302
2026-06-24,Running,Morning Run in Serbia,"I am in a conference in Serbia, and I got some time to do a bit of running. Its usually fun to do it at new places, especially in hilly areas.",2026-06-24_07-53-14_hk_1782280394.fit,830,2026-06-24T06:07:46.000Z,868.000,2033.09,,,73,1.46,34.41,44.248824,19.930266
2026-06-24,Running,Morning Run in Serbia,"I am in a conference in Serbia, and I got some time to do a bit of running. Its usually fun to do it at new places, especially in hilly areas.",2026-06-24_07-53-14_hk_1782280394.fit,831,2026-06-24T06:07:47.000Z,869.000,2035.47,,,73,1.465,34.42,44.248824,19.930248
2026-06-24,Running,Morning Run in Serbia,"I am in a conference in Serbia, and I got some time to do a bit of running. Its usually fun to do it at new places, especially in hilly areas.",2026-06-24_07-53-14_hk_1782280394.fit,832,2026-06-24T06:07:48.000Z,870.000,2037.82,,,73,1.479,34.43,44.248824,19.930212
2026-06-24,Running,Morning Run in Serbia,"I am in a conference in Serbia, and I got some time to do a bit of running. Its usually fun to do it at new places, especially in hilly areas.",2026-06-24_07-53-14_hk_1782280394.fit,833,2026-06-24T06:07:49.000Z,871.000,2040.18,,,73,1.514,34.44,44.248824,19.930176
2026-06-24,Running,Morning Run in Serbia,"I am in a conference in Serbia, and I got some time to do a bit of running. Its usually fun to do it at new places, especially in hilly areas.",2026-06-24_07-53-14_hk_1782280394.fit,834,2026-06-24T06:07:50.000Z,872.000,2042.56,,,73,1.541,34.45,44.248806,19.930158
2026-06-24,Running,Morning Run in Serbia,"I am in a conference in Serbia, and I got some time to do a bit of running. Its usually fun to do it at new places, especially in hilly areas.",2026-06-24_07-53-14_hk_1782280394.fit,835,2026-06-24T06:07:51.000Z,873.000,2044.88,,,76,1.565,34.45,44.248806,19.930122
2026-06-24,Running,Morning Run in Serbia,"I am in a conference in Serbia, and I got some time to do a bit of running. Its usually fun to do it at new places, especially in hilly areas.",2026-06-24_07-53-14_hk_1782280394.fit,836,2026-06-24T06:07:52.000Z,874.000,2047.12,,,76,1.584,34.46,44.248806,19.930104
2026-06-24,Running,Morning Run in Serbia,"I am in a conference in Serbia, and I got some time to do a bit of running. Its usually fun to do it at new places, especially in hilly areas.",2026-06-24_07-53-14_hk_1782280394.fit,837,2026-06-24T06:07:53.000Z,875.000,2049.36,,,76,1.603,34.47,44.248788,19.930068
2026-06-24,Running,Morning Run in Serbia,"I am in a conference in Serbia, and I got some time to do a bit of running. Its usually fun to do it at new places, especially in hilly areas.",2026-06-24_07-53-14_hk_1782280394.fit,838,2026-06-24T06:07:54.000Z,876.000,2051.63,,,74,1.622,34.48,44.248788,19.93005
2026-06-24,Running,Morning Run in Serbia,"I am in a conference in Serbia, and I got some time to do a bit of running. Its usually fun to do it at new places, especially in hilly areas.",2026-06-24_07-53-14_hk_1782280394.fit,839,2026-06-24T06:07:55.000Z,877.000,2053.95,,,74,1.641,34.49,44.248788,19.930014
2026-06-24,Running,Morning Run in Serbia,"I am in a conference in Serbia, and I got some time to do a bit of running. Its usually fun to do it at new places, especially in hilly areas.",2026-06-24_07-53-14_hk_1782280394.fit,840,2026-06-24T06:07:56.000Z,878.000,2056.32,,,74,1.66,34.5,44.248788,19.929978
2026-06-24,Running,Morning Run in Serbia,"I am in a conference in Serbia, and I got some time to do a bit of running. Its usually fun to do it at new places, especially in hilly areas.",2026-06-24_07-53-14_hk_1782280394.fit,841,2026-06-24T06:07:57.000Z,879.000,2058.8,,,76,2.215,34.51,44.248788,19.92996
2026-06-24,Running,Morning Run in Serbia,"I am in a conference in Serbia, and I got some time to do a bit of running. Its usually fun to do it at new places, especially in hilly areas.",2026-06-24_07-53-14_hk_1782280394.fit,842,2026-06-24T06:07:58.000Z,880.000,2061.36,,,76,2.297,34.52,44.24877,19.929924
2026-06-24,Running,Morning Run in Serbia,"I am in a conference in Serbia, and I got some time to do a bit of running. Its usually fun to do it at new places, especially in hilly areas.",2026-06-24_07-53-14_hk_1782280394.fit,843,2026-06-24T06:07:59.000Z,881.000,2063.82,,,76,2.324,34.52,44.24877,19.929888
2026-06-24,Running,Morning Run in Serbia,"I am in a conference in Serbia, and I got some time to do a bit of running. Its usually fun to do it at new places, especially in hilly areas.",2026-06-24_07-53-14_hk_1782280394.fit,844,2026-06-24T06:08:00.000Z,882.000,2066.15,,,76,2.341,34.53,44.24877,19.92987
2026-06-24,Running,Morning Run in Serbia,"I am in a conference in Serbia, and I got some time to do a bit of running. Its usually fun to do it at new places, especially in hilly areas.",2026-06-24_07-53-14_hk_1782280394.fit,845,2026-06-24T06:08:01.000Z,883.000,2068.38,,,76,2.352,34.54,44.24877,19.929834
2026-06-24,Running,Morning Run in Serbia,"I am in a conference in Serbia, and I got some time to do a bit of running. Its usually fun to do it at new places, especially in hilly areas.",2026-06-24_07-53-14_hk_1782280394.fit,846,2026-06-24T06:08:02.000Z,884.000,2070.65,,,76,2.363,34.55,44.24877,19.929798
2026-06-24,Running,Morning Run in Serbia,"I am in a conference in Serbia, and I got some time to do a bit of running. Its usually fun to do it at new places, especially in hilly areas.",2026-06-24_07-53-14_hk_1782280394.fit,847,2026-06-24T06:08:03.000Z,885.000,2072.95,,,76,2.373,34.56,44.24877,19.92978
2026-06-24,Running,Morning Run in Serbia,"I am in a conference in Serbia, and I got some time to do a bit of running. Its usually fun to do it at new places, especially in hilly areas.",2026-06-24_07-53-14_hk_1782280394.fit,848,2026-06-24T06:08:04.000Z,886.000,2075.23,,,76,2.37,34.57,44.248752,19.929744
2026-06-24,Running,Morning Run in Serbia,"I am in a conference in Serbia, and I got some time to do a bit of running. Its usually fun to do it at new places, especially in hilly areas.",2026-06-24_07-53-14_hk_1782280394.fit,849,2026-06-24T06:08:05.000Z,887.000,2077.54,,,76,2.359,34.58,44.248752,19.929726
2026-06-24,Running,Morning Run in Serbia,"I am in a conference in Serbia, and I got some time to do a bit of running. Its usually fun to do it at new places, especially in hilly areas.",2026-06-24_07-53-14_hk_1782280394.fit,850,2026-06-24T06:08:06.000Z,888.000,2079.92,,,76,2.352,34.59,44.248752,19.92969
2026-06-24,Running,Morning Run in Serbia,"I am in a conference in Serbia, and I got some time to do a bit of running. Its usually fun to do it at new places, especially in hilly areas.",2026-06-24_07-53-14_hk_1782280394.fit,851,2026-06-24T06:08:07.000Z,889.000,2082.23,,,76,2.344,34.6,44.248734,19.929672
2026-06-24,Running,Morning Run in Serbia,"I am in a conference in Serbia, and I got some time to do a bit of running. Its usually fun to do it at new places, especially in hilly areas.",2026-06-24_07-53-14_hk_1782280394.fit,852,2026-06-24T06:08:08.000Z,890.000,2084.37,,,76,2.331,34.61,44.248734,19.929636
2026-06-24,Running,Morning Run in Serbia,"I am in a conference in Serbia, and I got some time to do a bit of running. Its usually fun to do it at new places, especially in hilly areas.",2026-06-24_07-53-14_hk_1782280394.fit,853,2026-06-24T06:08:09.000Z,891.000,2086.31,,,76,2.311,34.62,44.248734,19.929618
2026-06-24,Running,Morning Run in Serbia,"I am in a conference in Serbia, and I got some time to do a bit of running. Its usually fun to do it at new places, especially in hilly areas.",2026-06-24_07-53-14_hk_1782280394.fit,854,2026-06-24T06:08:10.000Z,892.000,2088.16,,,76,2.288,34.63,44.248734,19.9296
2026-06-24,Running,Morning Run in Serbia,"I am in a conference in Serbia, and I got some time to do a bit of running. Its usually fun to do it at new places, especially in hilly areas.",2026-06-24_07-53-14_hk_1782280394.fit,855,2026-06-24T06:08:11.000Z,893.000,2090.07,,,76,2.272,34.64,44.248734,19.929564
2026-06-24,Running,Morning Run in Serbia,"I am in a conference in Serbia, and I got some time to do a bit of running. Its usually fun to do it at new places, especially in hilly areas.",2026-06-24_07-53-14_hk_1782280394.fit,856,2026-06-24T06:08:12.000Z,894.000,2092.03,,,74,2.254,34.65,44.248734,19.929546
2026-06-24,Running,Morning Run in Serbia,"I am in a conference in Serbia, and I got some time to do a bit of running. Its usually fun to do it at new places, especially in hilly areas.",2026-06-24_07-53-14_hk_1782280394.fit,857,2026-06-24T06:08:13.000Z,895.000,2093.97,,,74,2.235,34.66,44.248716,19.92951
2026-06-24,Running,Morning Run in Serbia,"I am in a conference in Serbia, and I got some time to do a bit of running. Its usually fun to do it at new places, especially in hilly areas.",2026-06-24_07-53-14_hk_1782280394.fit,858,2026-06-24T06:08:14.000Z,896.000,2095.78,,,74,2.213,34.67,44.248716,19.929492
2026-06-24,Running,Morning Run in Serbia,"I am in a conference in Serbia, and I got some time to do a bit of running. Its usually fun to do it at new places, especially in hilly areas.",2026-06-24_07-53-14_hk_1782280394.fit,859,2026-06-24T06:08:15.000Z,897.000,2097.4,,,75,2.186,34.68,44.248716,19.929474
2026-06-24,Running,Morning Run in Serbia,"I am in a conference in Serbia, and I got some time to do a bit of running. Its usually fun to do it at new places, especially in hilly areas.",2026-06-24_07-53-14_hk_1782280394.fit,860,2026-06-24T06:08:16.000Z,898.000,2098.91,,,75,2.158,34.69,44.248716,19.929456
2026-06-24,Running,Morning Run in Serbia,"I am in a conference in Serbia, and I got some time to do a bit of running. Its usually fun to do it at new places, especially in hilly areas.",2026-06-24_07-53-14_hk_1782280394.fit,861,2026-06-24T06:08:17.000Z,899.000,2100.38,,,75,2.126,34.69,44.248716,19.929438
2026-06-24,Running,Morning Run in Serbia,"I am in a conference in Serbia, and I got some time to do a bit of running. Its usually fun to do it at new places, especially in hilly areas.",2026-06-24_07-53-14_hk_1782280394.fit,862,2026-06-24T06:08:18.000Z,900.000,2101.88,,,75,2.094,34.7,44.248698,19.92942
2026-06-24,Running,Morning Run in Serbia,"I am in a conference in Serbia, and I got some time to do a bit of running. Its usually fun to do it at new places, especially in hilly areas.",2026-06-24_07-53-14_hk_1782280394.fit,863,2026-06-24T06:08:19.000Z,901.000,2103.53,,,75,2.076,34.71,44.248698,19.929402
2026-06-24,Running,Morning Run in Serbia,"I am in a conference in Serbia, and I got some time to do a bit of running. Its usually fun to do it at new places, especially in hilly areas.",2026-06-24_07-53-14_hk_1782280394.fit,864,2026-06-24T06:08:20.000Z,902.000,2105.51,,,75,2.062,34.72,44.248698,19.929384
2026-06-24,Running,Morning Run in Serbia,"I am in a conference in Serbia, and I got some time to do a bit of running. Its usually fun to do it at new places, especially in hilly areas.",2026-06-24_07-53-14_hk_1782280394.fit,865,2026-06-24T06:08:21.000Z,903.000,2107.93,,,76,2.064,34.73,44.248698,19.929348
2026-06-24,Running,Morning Run in Serbia,"I am in a conference in Serbia, and I got some time to do a bit of running. Its usually fun to do it at new places, especially in hilly areas.",2026-06-24_07-53-14_hk_1782280394.fit,866,2026-06-24T06:08:22.000Z,904.000,2110.66,,,76,2.074,34.73,44.24868,19.929312
2026-06-24,Running,Morning Run in Serbia,"I am in a conference in Serbia, and I got some time to do a bit of running. Its usually fun to do it at new places, especially in hilly areas.",2026-06-24_07-53-14_hk_1782280394.fit,867,2026-06-24T06:08:23.000Z,905.000,2113.52,,,76,2.086,34.74,44.24868,19.929276
2026-06-24,Running,Morning Run in Serbia,"I am in a conference in Serbia, and I got some time to do a bit of running. Its usually fun to do it at new places, especially in hilly areas.",2026-06-24_07-53-14_hk_1782280394.fit,868,2026-06-24T06:08:24.000Z,906.000,2116.35,,,76,2.092,34.74,44.24868,19.92924
2026-06-24,Running,Morning Run in Serbia,"I am in a conference in Serbia, and I got some time to do a bit of running. Its usually fun to do it at new places, especially in hilly areas.",2026-06-24_07-53-14_hk_1782280394.fit,869,2026-06-24T06:08:25.000Z,907.000,2119.05,,,76,2.111,34.75,44.248662,19.929222
2026-06-24,Running,Morning Run in Serbia,"I am in a conference in Serbia, and I got some time to do a bit of running. Its usually fun to do it at new places, especially in hilly areas.",2026-06-24_07-53-14_hk_1782280394.fit,870,2026-06-24T06:08:26.000Z,908.000,2121.63,,,76,2.124,34.76,44.248662,19.929186
2026-06-24,Running,Morning Run in Serbia,"I am in a conference in Serbia, and I got some time to do a bit of running. Its usually fun to do it at new places, especially in hilly areas.",2026-06-24_07-53-14_hk_1782280394.fit,871,2026-06-24T06:08:27.000Z,909.000,2124.19,,,76,2.135,34.76,44.248644,19.92915
2026-06-24,Running,Morning Run in Serbia,"I am in a conference in Serbia, and I got some time to do a bit of running. Its usually fun to do it at new places, especially in hilly areas.",2026-06-24_07-53-14_hk_1782280394.fit,872,2026-06-24T06:08:28.000Z,910.000,2126.81,,,76,2.149,34.76,44.248644,19.929114
2026-06-24,Running,Morning Run in Serbia,"I am in a conference in Serbia, and I got some time to do a bit of running. Its usually fun to do it at new places, especially in hilly areas.",2026-06-24_07-53-14_hk_1782280394.fit,873,2026-06-24T06:08:29.000Z,911.000,2129.43,,,76,2.162,34.77,44.248626,19.929096
2026-06-24,Running,Morning Run in Serbia,"I am in a conference in Serbia, and I got some time to do a bit of running. Its usually fun to do it at new places, especially in hilly areas.",2026-06-24_07-53-14_hk_1782280394.fit,874,2026-06-24T06:08:30.000Z,912.000,2131.95,,,73,2.168,34.77,44.248626,19.92906
2026-06-24,Running,Morning Run in Serbia,"I am in a conference in Serbia, and I got some time to do a bit of running. Its usually fun to do it at new places, especially in hilly areas.",2026-06-24_07-53-14_hk_1782280394.fit,875,2026-06-24T06:08:31.000Z,913.000,2134.45,,,73,2.177,34.78,44.248608,19.929024
2026-06-24,Running,Morning Run in Serbia,"I am in a conference in Serbia, and I got some time to do a bit of running. Its usually fun to do it at new places, especially in hilly areas.",2026-06-24_07-53-14_hk_1782280394.fit,876,2026-06-24T06:08:32.000Z,914.000,2137.02,,,73,2.205,34.78,44.248608,19.929006
2026-06-24,Running,Morning Run in Serbia,"I am in a conference in Serbia, and I got some time to do a bit of running. Its usually fun to do it at new places, especially in hilly areas.",2026-06-24_07-53-14_hk_1782280394.fit,877,2026-06-24T06:08:33.000Z,915.000,2139.72,,,73,2.242,34.78,44.24859,19.92897
2026-06-24,Running,Morning Run in Serbia,"I am in a conference in Serbia, and I got some time to do a bit of running. Its usually fun to do it at new places, especially in hilly areas.",2026-06-24_07-53-14_hk_1782280394.fit,878,2026-06-24T06:08:34.000Z,916.000,2142.49,,,73,2.294,34.79,44.24859,19.928934
2026-06-24,Running,Morning Run in Serbia,"I am in a conference in Serbia, and I got some time to do a bit of running. Its usually fun to do it at new places, especially in hilly areas.",2026-06-24_07-53-14_hk_1782280394.fit,879,2026-06-24T06:08:35.000Z,917.000,2145.29,,,73,2.333,34.79,44.248572,19.928898
2026-06-24,Running,Morning Run in Serbia,"I am in a conference in Serbia, and I got some time to do a bit of running. Its usually fun to do it at new places, especially in hilly areas.",2026-06-24_07-53-14_hk_1782280394.fit,880,2026-06-24T06:08:36.000Z,918.000,2147.98,,,71,2.408,34.79,44.248572,19.92888
2026-06-24,Running,Morning Run in Serbia,"I am in a conference in Serbia, and I got some time to do a bit of running. Its usually fun to do it at new places, especially in hilly areas.",2026-06-24_07-53-14_hk_1782280394.fit,881,2026-06-24T06:08:37.000Z,919.000,2150.47,,,71,2.505,34.8,44.248554,19.928844
2026-06-24,Running,Morning Run in Serbia,"I am in a conference in Serbia, and I got some time to do a bit of running. Its usually fun to do it at new places, especially in hilly areas.",2026-06-24_07-53-14_hk_1782280394.fit,882,2026-06-24T06:08:38.000Z,920.000,2152.79,,,71,2.545,34.8,44.248554,19.928826
2026-06-24,Running,Morning Run in Serbia,"I am in a conference in Serbia, and I got some time to do a bit of running. Its usually fun to do it at new places, especially in hilly areas.",2026-06-24_07-53-14_hk_1782280394.fit,883,2026-06-24T06:08:39.000Z,921.000,2154.97,,,73,2.572,34.81,44.248536,19.92879
2026-06-24,Running,Morning Run in Serbia,"I am in a conference in Serbia, and I got some time to do a bit of running. Its usually fun to do it at new places, especially in hilly areas.",2026-06-24_07-53-14_hk_1782280394.fit,884,2026-06-24T06:08:40.000Z,922.000,2157.07,,,73,2.578,34.81,44.248536,19.928772
2026-06-24,Running,Morning Run in Serbia,"I am in a conference in Serbia, and I got some time to do a bit of running. Its usually fun to do it at new places, especially in hilly areas.",2026-06-24_07-53-14_hk_1782280394.fit,885,2026-06-24T06:08:41.000Z,923.000,2159.27,,,73,2.567,34.82,44.248518,19.928754
2026-06-24,Running,Morning Run in Serbia,"I am in a conference in Serbia, and I got some time to do a bit of running. Its usually fun to do it at new places, especially in hilly areas.",2026-06-24_07-53-14_hk_1782280394.fit,886,2026-06-24T06:08:42.000Z,924.000,2161.69,,,76,2.551,34.82,44.2485,19.928718
2026-06-24,Running,Morning Run in Serbia,"I am in a conference in Serbia, and I got some time to do a bit of running. Its usually fun to do it at new places, especially in hilly areas.",2026-06-24_07-53-14_hk_1782280394.fit,887,2026-06-24T06:08:43.000Z,925.000,2164.22,,,76,2.535,34.83,44.248482,19.9287
2026-06-24,Running,Morning Run in Serbia,"I am in a conference in Serbia, and I got some time to do a bit of running. Its usually fun to do it at new places, especially in hilly areas.",2026-06-24_07-53-14_hk_1782280394.fit,888,2026-06-24T06:08:44.000Z,926.000,2166.78,,,76,2.522,34.83,44.248482,19.928682
2026-06-24,Running,Morning Run in Serbia,"I am in a conference in Serbia, and I got some time to do a bit of running. Its usually fun to do it at new places, especially in hilly areas.",2026-06-24_07-53-14_hk_1782280394.fit,889,2026-06-24T06:08:45.000Z,927.000,2169.39,,,75,2.517,34.84,44.248464,19.928646
2026-06-24,Running,Morning Run in Serbia,"I am in a conference in Serbia, and I got some time to do a bit of running. Its usually fun to do it at new places, especially in hilly areas.",2026-06-24_07-53-14_hk_1782280394.fit,890,2026-06-24T06:08:46.000Z,928.000,2171.98,,,75,2.518,34.84,44.248446,19.928628
2026-06-24,Running,Morning Run in Serbia,"I am in a conference in Serbia, and I got some time to do a bit of running. Its usually fun to do it at new places, especially in hilly areas.",2026-06-24_07-53-14_hk_1782280394.fit,891,2026-06-24T06:08:47.000Z,929.000,2174.48,,,75,2.514,34.85,44.248428,19.92861
2026-06-24,Running,Morning Run in Serbia,"I am in a conference in Serbia, and I got some time to do a bit of running. Its usually fun to do it at new places, especially in hilly areas.",2026-06-24_07-53-14_hk_1782280394.fit,892,2026-06-24T06:08:48.000Z,930.000,2176.85,,,78,2.502,34.86,44.24841,19.928592
2026-06-24,Running,Morning Run in Serbia,"I am in a conference in Serbia, and I got some time to do a bit of running. Its usually fun to do it at new places, especially in hilly areas.",2026-06-24_07-53-14_hk_1782280394.fit,893,2026-06-24T06:08:49.000Z,931.000,2179.19,,,78,2.494,34.86,44.248392,19.928574
2026-06-24,Running,Morning Run in Serbia,"I am in a conference in Serbia, and I got some time to do a bit of running. Its usually fun to do it at new places, especially in hilly areas.",2026-06-24_07-53-14_hk_1782280394.fit,894,2026-06-24T06:08:50.000Z,932.000,2181.62,,,78,2.485,34.87,44.248374,19.928556
2026-06-24,Running,Morning Run in Serbia,"I am in a conference in Serbia, and I got some time to do a bit of running. Its usually fun to do it at new places, especially in hilly areas.",2026-06-24_07-53-14_hk_1782280394.fit,895,2026-06-24T06:08:51.000Z,933.000,2184.03,,,76,2.48,34.87,44.248356,19.928538
2026-06-24,Running,Morning Run in Serbia,"I am in a conference in Serbia, and I got some time to do a bit of running. Its usually fun to do it at new places, especially in hilly areas.",2026-06-24_07-53-14_hk_1782280394.fit,896,2026-06-24T06:08:52.000Z,934.000,2186.02,,,76,2.456,34.88,44.248338,19.92852
2026-06-24,Running,Morning Run in Serbia,"I am in a conference in Serbia, and I got some time to do a bit of running. Its usually fun to do it at new places, especially in hilly areas.",2026-06-24_07-53-14_hk_1782280394.fit,897,2026-06-24T06:08:53.000Z,935.000,2187.57,,,76,2.407,34.89,44.248338,19.92852
2026-06-24,Running,Morning Run in Serbia,"I am in a conference in Serbia, and I got some time to do a bit of running. Its usually fun to do it at new places, especially in hilly areas.",2026-06-24_07-53-14_hk_1782280394.fit,898,2026-06-24T06:08:54.000Z,936.000,2189.06,,,76,2.365,34.89,44.24832,19.928502
2026-06-24,Running,Morning Run in Serbia,"I am in a conference in Serbia, and I got some time to do a bit of running. Its usually fun to do it at new places, especially in hilly areas.",2026-06-24_07-53-14_hk_1782280394.fit,899,2026-06-24T06:08:55.000Z,937.000,2190.81,,,76,2.323,34.9,44.248302,19.928484
2026-06-24,Running,Morning Run in Serbia,"I am in a conference in Serbia, and I got some time to do a bit of running. Its usually fun to do it at new places, especially in hilly areas.",2026-06-24_07-53-14_hk_1782280394.fit,900,2026-06-24T06:08:56.000Z,938.000,2192.95,,,76,2.294,34.91,44.248302,19.928466
2026-06-24,Running,Morning Run in Serbia,"I am in a conference in Serbia, and I got some time to do a bit of running. Its usually fun to do it at new places, especially in hilly areas.",2026-06-24_07-53-14_hk_1782280394.fit,901,2026-06-24T06:08:57.000Z,939.000,2195.28,,,73,2.295,34.91,44.248284,19.928448
2026-06-24,Running,Morning Run in Serbia,"I am in a conference in Serbia, and I got some time to do a bit of running. Its usually fun to do it at new places, especially in hilly areas.",2026-06-24_07-53-14_hk_1782280394.fit,902,2026-06-24T06:08:58.000Z,940.000,2197.62,,,73,2.275,34.92,44.248266,19.92843
2026-06-24,Running,Morning Run in Serbia,"I am in a conference in Serbia, and I got some time to do a bit of running. Its usually fun to do it at new places, especially in hilly areas.",2026-06-24_07-53-14_hk_1782280394.fit,903,2026-06-24T06:08:59.000Z,941.000,2199.95,,,73,2.26,34.92,44.248248,19.928394
2026-06-24,Running,Morning Run in Serbia,"I am in a conference in Serbia, and I got some time to do a bit of running. Its usually fun to do it at new places, especially in hilly areas.",2026-06-24_07-53-14_hk_1782280394.fit,904,2026-06-24T06:09:00.000Z,942.000,2202.27,,,76,2.252,34.93,44.24823,19.928376
2026-06-24,Running,Morning Run in Serbia,"I am in a conference in Serbia, and I got some time to do a bit of running. Its usually fun to do it at new places, especially in hilly areas.",2026-06-24_07-53-14_hk_1782280394.fit,905,2026-06-24T06:09:01.000Z,943.000,2204.64,,,76,2.254,34.94,44.248212,19.928358
2026-06-24,Running,Morning Run in Serbia,"I am in a conference in Serbia, and I got some time to do a bit of running. Its usually fun to do it at new places, especially in hilly areas.",2026-06-24_07-53-14_hk_1782280394.fit,906,2026-06-24T06:09:02.000Z,944.000,2207.04,,,76,2.264,34.94,44.248212,19.92834
2026-06-24,Running,Morning Run in Serbia,"I am in a conference in Serbia, and I got some time to do a bit of running. Its usually fun to do it at new places, especially in hilly areas.",2026-06-24_07-53-14_hk_1782280394.fit,907,2026-06-24T06:09:03.000Z,945.000,2209.36,,,74,2.277,34.95,44.248194,19.928322
2026-06-24,Running,Morning Run in Serbia,"I am in a conference in Serbia, and I got some time to do a bit of running. Its usually fun to do it at new places, especially in hilly areas.",2026-06-24_07-53-14_hk_1782280394.fit,908,2026-06-24T06:09:04.000Z,946.000,2211.42,,,74,2.267,34.96,44.248176,19.928304
2026-06-24,Running,Morning Run in Serbia,"I am in a conference in Serbia, and I got some time to do a bit of running. Its usually fun to do it at new places, especially in hilly areas.",2026-06-24_07-53-14_hk_1782280394.fit,909,2026-06-24T06:09:05.000Z,947.000,2213.19,,,74,2.239,34.97,44.248158,19.928286
2026-06-24,Running,Morning Run in Serbia,"I am in a conference in Serbia, and I got some time to do a bit of running. Its usually fun to do it at new places, especially in hilly areas.",2026-06-24_07-53-14_hk_1782280394.fit,910,2026-06-24T06:09:06.000Z,948.000,2214.66,,,75,2.193,34.97,44.248158,19.928268
2026-06-24,Running,Morning Run in Serbia,"I am in a conference in Serbia, and I got some time to do a bit of running. Its usually fun to do it at new places, especially in hilly areas.",2026-06-24_07-53-14_hk_1782280394.fit,911,2026-06-24T06:09:07.000Z,949.000,2215.9,,,75,2.153,34.98,44.248158,19.928268
2026-06-24,Running,Morning Run in Serbia,"I am in a conference in Serbia, and I got some time to do a bit of running. Its usually fun to do it at new places, especially in hilly areas.",2026-06-24_07-53-14_hk_1782280394.fit,912,2026-06-24T06:09:08.000Z,950.000,2217.03,,,75,2.094,34.99,44.24814,19.92825
2026-06-24,Running,Morning Run in Serbia,"I am in a conference in Serbia, and I got some time to do a bit of running. Its usually fun to do it at new places, especially in hilly areas.",2026-06-24_07-53-14_hk_1782280394.fit,913,2026-06-24T06:09:09.000Z,951.000,2218.1,,,68,2.053,34.99,44.24814,19.92825
2026-06-24,Running,Morning Run in Serbia,"I am in a conference in Serbia, and I got some time to do a bit of running. Its usually fun to do it at new places, especially in hilly areas.",2026-06-24_07-53-14_hk_1782280394.fit,914,2026-06-24T06:09:10.000Z,952.000,2219.12,,,68,2.013,35,44.248122,19.928232
2026-06-24,Running,Morning Run in Serbia,"I am in a conference in Serbia, and I got some time to do a bit of running. Its usually fun to do it at new places, especially in hilly areas.",2026-06-24_07-53-14_hk_1782280394.fit,915,2026-06-24T06:09:11.000Z,953.000,2220.32,,,68,1.959,35.01,44.248122,19.928232
2026-06-24,Running,Morning Run in Serbia,"I am in a conference in Serbia, and I got some time to do a bit of running. Its usually fun to do it at new places, especially in hilly areas.",2026-06-24_07-53-14_hk_1782280394.fit,916,2026-06-24T06:09:12.000Z,954.000,2221.97,,,55,1.948,35.01,44.248104,19.928214
2026-06-24,Running,Morning Run in Serbia,"I am in a conference in Serbia, and I got some time to do a bit of running. Its usually fun to do it at new places, especially in hilly areas.",2026-06-24_07-53-14_hk_1782280394.fit,917,2026-06-24T06:09:13.000Z,955.000,2223.98,,,55,1.926,35.02,44.248086,19.928214
2026-06-24,Running,Morning Run in Serbia,"I am in a conference in Serbia, and I got some time to do a bit of running. Its usually fun to do it at new places, especially in hilly areas.",2026-06-24_07-53-14_hk_1782280394.fit,918,2026-06-24T06:09:14.000Z,956.000,2225.98,,,55,1.907,35.02,44.248068,19.928196
2026-06-24,Running,Morning Run in Serbia,"I am in a conference in Serbia, and I got some time to do a bit of running. Its usually fun to do it at new places, especially in hilly areas.",2026-06-24_07-53-14_hk_1782280394.fit,919,2026-06-24T06:09:15.000Z,957.000,2227.84,,,44,1.888,35.03,44.24805,19.928178
2026-06-24,Running,Morning Run in Serbia,"I am in a conference in Serbia, and I got some time to do a bit of running. Its usually fun to do it at new places, especially in hilly areas.",2026-06-24_07-53-14_hk_1782280394.fit,920,2026-06-24T06:09:16.000Z,958.000,2229.61,,,44,1.867,35.04,44.24805,19.928178
2026-06-24,Running,Morning Run in Serbia,"I am in a conference in Serbia, and I got some time to do a bit of running. Its usually fun to do it at new places, especially in hilly areas.",2026-06-24_07-53-14_hk_1782280394.fit,921,2026-06-24T06:09:17.000Z,959.000,2231.53,,,44,1.869,35.05,44.248032,19.92816
2026-06-24,Running,Morning Run in Serbia,"I am in a conference in Serbia, and I got some time to do a bit of running. Its usually fun to do it at new places, especially in hilly areas.",2026-06-24_07-53-14_hk_1782280394.fit,922,2026-06-24T06:09:18.000Z,960.000,2233.75,,,48,1.862,35.05,44.248014,19.92816
2026-06-24,Running,Morning Run in Serbia,"I am in a conference in Serbia, and I got some time to do a bit of running. Its usually fun to do it at new places, especially in hilly areas.",2026-06-24_07-53-14_hk_1782280394.fit,923,2026-06-24T06:09:19.000Z,961.000,2236.19,,,48,1.858,35.06,44.247996,19.928142
2026-06-24,Running,Morning Run in Serbia,"I am in a conference in Serbia, and I got some time to do a bit of running. Its usually fun to do it at new places, especially in hilly areas.",2026-06-24_07-53-14_hk_1782280394.fit,924,2026-06-24T06:09:20.000Z,962.000,2238.71,,,48,1.894,35.07,44.24796,19.928142
2026-06-24,Running,Morning Run in Serbia,"I am in a conference in Serbia, and I got some time to do a bit of running. Its usually fun to do it at new places, especially in hilly areas.",2026-06-24_07-53-14_hk_1782280394.fit,925,2026-06-24T06:09:21.000Z,963.000,2241.17,,,58,1.937,35.08,44.247942,19.928124
2026-06-24,Running,Morning Run in Serbia,"I am in a conference in Serbia, and I got some time to do a bit of running. Its usually fun to do it at new places, especially in hilly areas.",2026-06-24_07-53-14_hk_1782280394.fit,926,2026-06-24T06:09:22.000Z,964.000,2243.5,,,58,1.944,35.09,44.247924,19.928124
2026-06-24,Running,Morning Run in Serbia,"I am in a conference in Serbia, and I got some time to do a bit of running. Its usually fun to do it at new places, especially in hilly areas.",2026-06-24_07-53-14_hk_1782280394.fit,927,2026-06-24T06:09:23.000Z,965.000,2245.65,,,58,1.937,35.1,44.247906,19.928124
2026-06-24,Running,Morning Run in Serbia,"I am in a conference in Serbia, and I got some time to do a bit of running. Its usually fun to do it at new places, especially in hilly areas.",2026-06-24_07-53-14_hk_1782280394.fit,928,2026-06-24T06:09:24.000Z,966.000,2247.66,,,71,1.924,35.11,44.247888,19.928106
2026-06-24,Running,Morning Run in Serbia,"I am in a conference in Serbia, and I got some time to do a bit of running. Its usually fun to do it at new places, especially in hilly areas.",2026-06-24_07-53-14_hk_1782280394.fit,929,2026-06-24T06:09:25.000Z,967.000,2249.58,,,71,1.924,35.12,44.24787,19.928106
2026-06-24,Running,Morning Run in Serbia,"I am in a conference in Serbia, and I got some time to do a bit of running. Its usually fun to do it at new places, especially in hilly areas.",2026-06-24_07-53-14_hk_1782280394.fit,930,2026-06-24T06:09:26.000Z,968.000,2251.48,,,71,1.909,35.12,44.247852,19.928088
2026-06-24,Running,Morning Run in Serbia,"I am in a conference in Serbia, and I got some time to do a bit of running. Its usually fun to do it at new places, especially in hilly areas.",2026-06-24_07-53-14_hk_1782280394.fit,931,2026-06-24T06:09:27.000Z,969.000,2253.45,,,73,1.895,35.13,44.247834,19.92807
2026-06-24,Running,Morning Run in Serbia,"I am in a conference in Serbia, and I got some time to do a bit of running. Its usually fun to do it at new places, especially in hilly areas.",2026-06-24_07-53-14_hk_1782280394.fit,932,2026-06-24T06:09:28.000Z,970.000,2255.65,,,73,1.889,35.14,44.247816,19.92807
2026-06-24,Running,Morning Run in Serbia,"I am in a conference in Serbia, and I got some time to do a bit of running. Its usually fun to do it at new places, especially in hilly areas.",2026-06-24_07-53-14_hk_1782280394.fit,933,2026-06-24T06:09:29.000Z,971.000,2258.1,,,73,1.891,35.15,44.247798,19.92807
2026-06-24,Running,Morning Run in Serbia,"I am in a conference in Serbia, and I got some time to do a bit of running. Its usually fun to do it at new places, especially in hilly areas.",2026-06-24_07-53-14_hk_1782280394.fit,934,2026-06-24T06:09:30.000Z,972.000,2260.62,,,76,1.898,35.16,44.24778,19.92807
2026-06-24,Running,Morning Run in Serbia,"I am in a conference in Serbia, and I got some time to do a bit of running. Its usually fun to do it at new places, especially in hilly areas.",2026-06-24_07-53-14_hk_1782280394.fit,935,2026-06-24T06:09:31.000Z,973.000,2263.09,,,76,1.914,35.17,44.247762,19.92807
2026-06-24,Running,Morning Run in Serbia,"I am in a conference in Serbia, and I got some time to do a bit of running. Its usually fun to do it at new places, especially in hilly areas.",2026-06-24_07-53-14_hk_1782280394.fit,936,2026-06-24T06:09:32.000Z,974.000,2265.48,,,76,1.954,35.18,44.247726,19.92807
2026-06-24,Running,Morning Run in Serbia,"I am in a conference in Serbia, and I got some time to do a bit of running. Its usually fun to do it at new places, especially in hilly areas.",2026-06-24_07-53-14_hk_1782280394.fit,937,2026-06-24T06:09:33.000Z,975.000,2267.78,,,73,2.03,35.19,44.247708,19.928088
2026-06-24,Running,Morning Run in Serbia,"I am in a conference in Serbia, and I got some time to do a bit of running. Its usually fun to do it at new places, especially in hilly areas.",2026-06-24_07-53-14_hk_1782280394.fit,938,2026-06-24T06:09:34.000Z,976.000,2270.02,,,73,2.121,35.2,44.24769,19.928106
2026-06-24,Running,Morning Run in Serbia,"I am in a conference in Serbia, and I got some time to do a bit of running. Its usually fun to do it at new places, especially in hilly areas.",2026-06-24_07-53-14_hk_1782280394.fit,939,2026-06-24T06:09:35.000Z,977.000,2272.29,,,73,2.188,35.21,44.247672,19.928124
2026-06-24,Running,Morning Run in Serbia,"I am in a conference in Serbia, and I got some time to do a bit of running. Its usually fun to do it at new places, especially in hilly areas.",2026-06-24_07-53-14_hk_1782280394.fit,940,2026-06-24T06:09:36.000Z,978.000,2274.58,,,73,2.2,35.22,44.247654,19.928124
2026-06-24,Running,Morning Run in Serbia,"I am in a conference in Serbia, and I got some time to do a bit of running. Its usually fun to do it at new places, especially in hilly areas.",2026-06-24_07-53-14_hk_1782280394.fit,941,2026-06-24T06:09:37.000Z,979.000,2276.84,,,73,2.212,35.23,44.247636,19.928142
2026-06-24,Running,Morning Run in Serbia,"I am in a conference in Serbia, and I got some time to do a bit of running. Its usually fun to do it at new places, especially in hilly areas.",2026-06-24_07-53-14_hk_1782280394.fit,942,2026-06-24T06:09:38.000Z,980.000,2278.99,,,73,2.224,35.24,44.247618,19.92816
2026-06-24,Running,Morning Run in Serbia,"I am in a conference in Serbia, and I got some time to do a bit of running. Its usually fun to do it at new places, especially in hilly areas.",2026-06-24_07-53-14_hk_1782280394.fit,943,2026-06-24T06:09:39.000Z,981.000,2280.98,,,73,2.234,35.25,44.247618,19.92816
2026-06-24,Running,Morning Run in Serbia,"I am in a conference in Serbia, and I got some time to do a bit of running. Its usually fun to do it at new places, especially in hilly areas.",2026-06-24_07-53-14_hk_1782280394.fit,944,2026-06-24T06:09:40.000Z,982.000,2283.03,,,73,2.239,35.26,44.2476,19.928178
2026-06-24,Running,Morning Run in Serbia,"I am in a conference in Serbia, and I got some time to do a bit of running. Its usually fun to do it at new places, especially in hilly areas.",2026-06-24_07-53-14_hk_1782280394.fit,945,2026-06-24T06:09:41.000Z,983.000,2285.29,,,73,2.24,35.27,44.247582,19.928196
2026-06-24,Running,Morning Run in Serbia,"I am in a conference in Serbia, and I got some time to do a bit of running. Its usually fun to do it at new places, especially in hilly areas.",2026-06-24_07-53-14_hk_1782280394.fit,946,2026-06-24T06:09:42.000Z,984.000,2287.66,,,73,2.237,35.28,44.247564,19.928214
2026-06-24,Running,Morning Run in Serbia,"I am in a conference in Serbia, and I got some time to do a bit of running. Its usually fun to do it at new places, especially in hilly areas.",2026-06-24_07-53-14_hk_1782280394.fit,947,2026-06-24T06:09:43.000Z,985.000,2290.12,,,73,2.235,35.29,44.247546,19.928232
2026-06-24,Running,Morning Run in Serbia,"I am in a conference in Serbia, and I got some time to do a bit of running. Its usually fun to do it at new places, especially in hilly areas.",2026-06-24_07-53-14_hk_1782280394.fit,948,2026-06-24T06:09:44.000Z,986.000,2292.74,,,73,2.242,35.3,44.247528,19.928268
2026-06-24,Running,Morning Run in Serbia,"I am in a conference in Serbia, and I got some time to do a bit of running. Its usually fun to do it at new places, especially in hilly areas.",2026-06-24_07-53-14_hk_1782280394.fit,949,2026-06-24T06:09:45.000Z,987.000,2295.37,,,73,2.255,35.31,44.247528,19.928304
2026-06-24,Running,Morning Run in Serbia,"I am in a conference in Serbia, and I got some time to do a bit of running. Its usually fun to do it at new places, especially in hilly areas.",2026-06-24_07-53-14_hk_1782280394.fit,950,2026-06-24T06:09:46.000Z,988.000,2297.78,,,73,2.278,35.32,44.24751,19.928322
2026-06-24,Running,Morning Run in Serbia,"I am in a conference in Serbia, and I got some time to do a bit of running. Its usually fun to do it at new places, especially in hilly areas.",2026-06-24_07-53-14_hk_1782280394.fit,951,2026-06-24T06:09:47.000Z,989.000,2299.98,,,73,2.291,35.33,44.24751,19.92834
2026-06-24,Running,Morning Run in Serbia,"I am in a conference in Serbia, and I got some time to do a bit of running. Its usually fun to do it at new places, especially in hilly areas.",2026-06-24_07-53-14_hk_1782280394.fit,952,2026-06-24T06:09:48.000Z,990.000,2302.11,,,76,2.301,35.34,44.247492,19.928376
2026-06-24,Running,Morning Run in Serbia,"I am in a conference in Serbia, and I got some time to do a bit of running. Its usually fun to do it at new places, especially in hilly areas.",2026-06-24_07-53-14_hk_1782280394.fit,953,2026-06-24T06:09:49.000Z,991.000,2304.16,,,76,2.305,35.35,44.247474,19.928394
2026-06-24,Running,Morning Run in Serbia,"I am in a conference in Serbia, and I got some time to do a bit of running. Its usually fun to do it at new places, especially in hilly areas.",2026-06-24_07-53-14_hk_1782280394.fit,954,2026-06-24T06:09:50.000Z,992.000,2306.25,,,76,2.3,35.36,44.247474,19.928412
2026-06-24,Running,Morning Run in Serbia,"I am in a conference in Serbia, and I got some time to do a bit of running. Its usually fun to do it at new places, especially in hilly areas.",2026-06-24_07-53-14_hk_1782280394.fit,955,2026-06-24T06:09:51.000Z,993.000,2308.46,,,74,2.289,35.37,44.247456,19.92843
2026-06-24,Running,Morning Run in Serbia,"I am in a conference in Serbia, and I got some time to do a bit of running. Its usually fun to do it at new places, especially in hilly areas.",2026-06-24_07-53-14_hk_1782280394.fit,956,2026-06-24T06:09:52.000Z,994.000,2310.78,,,74,2.28,35.38,44.247438,19.928466
2026-06-24,Running,Morning Run in Serbia,"I am in a conference in Serbia, and I got some time to do a bit of running. Its usually fun to do it at new places, especially in hilly areas.",2026-06-24_07-53-14_hk_1782280394.fit,957,2026-06-24T06:09:53.000Z,995.000,2313.2,,,74,2.278,35.39,44.247438,19.928484
2026-06-24,Running,Morning Run in Serbia,"I am in a conference in Serbia, and I got some time to do a bit of running. Its usually fun to do it at new places, especially in hilly areas.",2026-06-24_07-53-14_hk_1782280394.fit,958,2026-06-24T06:09:54.000Z,996.000,2315.7,,,76,2.283,35.4,44.24742,19.92852
2026-06-24,Running,Morning Run in Serbia,"I am in a conference in Serbia, and I got some time to do a bit of running. Its usually fun to do it at new places, especially in hilly areas.",2026-06-24_07-53-14_hk_1782280394.fit,959,2026-06-24T06:09:55.000Z,997.000,2318.16,,,76,2.29,35.41,44.24742,19.928538
2026-06-24,Running,Morning Run in Serbia,"I am in a conference in Serbia, and I got some time to do a bit of running. Its usually fun to do it at new places, especially in hilly areas.",2026-06-24_07-53-14_hk_1782280394.fit,960,2026-06-24T06:09:56.000Z,998.000,2320.5,,,76,2.295,35.42,44.247402,19.928574
2026-06-24,Running,Morning Run in Serbia,"I am in a conference in Serbia, and I got some time to do a bit of running. Its usually fun to do it at new places, especially in hilly areas.",2026-06-24_07-53-14_hk_1782280394.fit,961,2026-06-24T06:09:57.000Z,999.000,2322.74,,,76,2.293,35.43,44.247402,19.928592
2026-06-24,Running,Morning Run in Serbia,"I am in a conference in Serbia, and I got some time to do a bit of running. Its usually fun to do it at new places, especially in hilly areas.",2026-06-24_07-53-14_hk_1782280394.fit,962,2026-06-24T06:09:58.000Z,1000.000,2324.89,,,76,2.287,35.44,44.247384,19.92861
2026-06-24,Running,Morning Run in Serbia,"I am in a conference in Serbia, and I got some time to do a bit of running. Its usually fun to do it at new places, especially in hilly areas.",2026-06-24_07-53-14_hk_1782280394.fit,963,2026-06-24T06:09:59.000Z,1001.000,2326.99,,,76,2.279,35.45,44.247384,19.928646
2026-06-24,Running,Morning Run in Serbia,"I am in a conference in Serbia, and I got some time to do a bit of running. Its usually fun to do it at new places, especially in hilly areas.",2026-06-24_07-53-14_hk_1782280394.fit,964,2026-06-24T06:10:00.000Z,1002.000,2329.09,,,76,2.277,35.45,44.247366,19.928664
2026-06-24,Running,Morning Run in Serbia,"I am in a conference in Serbia, and I got some time to do a bit of running. Its usually fun to do it at new places, especially in hilly areas.",2026-06-24_07-53-14_hk_1782280394.fit,965,2026-06-24T06:10:01.000Z,1003.000,2331.29,,,76,2.287,35.46,44.247348,19.928682
2026-06-24,Running,Morning Run in Serbia,"I am in a conference in Serbia, and I got some time to do a bit of running. Its usually fun to do it at new places, especially in hilly areas.",2026-06-24_07-53-14_hk_1782280394.fit,966,2026-06-24T06:10:02.000Z,1004.000,2333.59,,,76,2.298,35.47,44.247348,19.9287
2026-06-24,Running,Morning Run in Serbia,"I am in a conference in Serbia, and I got some time to do a bit of running. Its usually fun to do it at new places, especially in hilly areas.",2026-06-24_07-53-14_hk_1782280394.fit,967,2026-06-24T06:10:03.000Z,1005.000,2336.03,,,74,2.306,35.48,44.24733,19.928736
2026-06-24,Running,Morning Run in Serbia,"I am in a conference in Serbia, and I got some time to do a bit of running. Its usually fun to do it at new places, especially in hilly areas.",2026-06-24_07-53-14_hk_1782280394.fit,968,2026-06-24T06:10:04.000Z,1006.000,2338.47,,,74,2.31,35.49,44.247312,19.928754
2026-06-24,Running,Morning Run in Serbia,"I am in a conference in Serbia, and I got some time to do a bit of running. Its usually fun to do it at new places, especially in hilly areas.",2026-06-24_07-53-14_hk_1782280394.fit,969,2026-06-24T06:10:05.000Z,1007.000,2340.74,,,74,2.301,35.5,44.247312,19.92879
2026-06-24,Running,Morning Run in Serbia,"I am in a conference in Serbia, and I got some time to do a bit of running. Its usually fun to do it at new places, especially in hilly areas.",2026-06-24_07-53-14_hk_1782280394.fit,970,2026-06-24T06:10:06.000Z,1008.000,2342.94,,,76,2.282,35.51,44.247294,19.928808
2026-06-24,Running,Morning Run in Serbia,"I am in a conference in Serbia, and I got some time to do a bit of running. Its usually fun to do it at new places, especially in hilly areas.",2026-06-24_07-53-14_hk_1782280394.fit,971,2026-06-24T06:10:07.000Z,1009.000,2345.27,,,76,2.284,35.53,44.247294,19.928844
2026-06-24,Running,Morning Run in Serbia,"I am in a conference in Serbia, and I got some time to do a bit of running. Its usually fun to do it at new places, especially in hilly areas.",2026-06-24_07-53-14_hk_1782280394.fit,972,2026-06-24T06:10:08.000Z,1010.000,2347.78,,,76,2.273,35.54,44.247294,19.928862
2026-06-24,Running,Morning Run in Serbia,"I am in a conference in Serbia, and I got some time to do a bit of running. Its usually fun to do it at new places, especially in hilly areas.",2026-06-24_07-53-14_hk_1782280394.fit,973,2026-06-24T06:10:09.000Z,1011.000,2350.31,,,74,2.288,35.56,44.247276,19.928898
2026-06-24,Running,Morning Run in Serbia,"I am in a conference in Serbia, and I got some time to do a bit of running. Its usually fun to do it at new places, especially in hilly areas.",2026-06-24_07-53-14_hk_1782280394.fit,974,2026-06-24T06:10:10.000Z,1012.000,2352.67,,,74,2.298,35.58,44.247258,19.928916
2026-06-24,Running,Morning Run in Serbia,"I am in a conference in Serbia, and I got some time to do a bit of running. Its usually fun to do it at new places, especially in hilly areas.",2026-06-24_07-53-14_hk_1782280394.fit,975,2026-06-24T06:10:11.000Z,1013.000,2354.85,,,74,2.304,35.6,44.247258,19.928952
2026-06-24,Running,Morning Run in Serbia,"I am in a conference in Serbia, and I got some time to do a bit of running. Its usually fun to do it at new places, especially in hilly areas.",2026-06-24_07-53-14_hk_1782280394.fit,976,2026-06-24T06:10:12.000Z,1014.000,2356.96,,,76,2.305,35.61,44.24724,19.92897
2026-06-24,Running,Morning Run in Serbia,"I am in a conference in Serbia, and I got some time to do a bit of running. Its usually fun to do it at new places, especially in hilly areas.",2026-06-24_07-53-14_hk_1782280394.fit,977,2026-06-24T06:10:13.000Z,1015.000,2358.99,,,76,2.297,35.63,44.24724,19.928988
2026-06-24,Running,Morning Run in Serbia,"I am in a conference in Serbia, and I got some time to do a bit of running. Its usually fun to do it at new places, especially in hilly areas.",2026-06-24_07-53-14_hk_1782280394.fit,978,2026-06-24T06:10:14.000Z,1016.000,2360.9,,,76,2.278,35.65,44.247222,19.929006
2026-06-24,Running,Morning Run in Serbia,"I am in a conference in Serbia, and I got some time to do a bit of running. Its usually fun to do it at new places, especially in hilly areas.",2026-06-24_07-53-14_hk_1782280394.fit,979,2026-06-24T06:10:15.000Z,1017.000,2362.77,,,76,2.26,35.67,44.247204,19.929024
2026-06-24,Running,Morning Run in Serbia,"I am in a conference in Serbia, and I got some time to do a bit of running. Its usually fun to do it at new places, especially in hilly areas.",2026-06-24_07-53-14_hk_1782280394.fit,980,2026-06-24T06:10:16.000Z,1018.000,2364.8,,,76,2.243,35.68,44.247204,19.929042
2026-06-24,Running,Morning Run in Serbia,"I am in a conference in Serbia, and I got some time to do a bit of running. Its usually fun to do it at new places, especially in hilly areas.",2026-06-24_07-53-14_hk_1782280394.fit,981,2026-06-24T06:10:17.000Z,1019.000,2366.92,,,76,2.227,35.7,44.247186,19.929078
2026-06-24,Running,Morning Run in Serbia,"I am in a conference in Serbia, and I got some time to do a bit of running. Its usually fun to do it at new places, especially in hilly areas.",2026-06-24_07-53-14_hk_1782280394.fit,982,2026-06-24T06:10:18.000Z,1020.000,2369.02,,,76,2.211,35.7,44.247186,19.929096
2026-06-24,Running,Morning Run in Serbia,"I am in a conference in Serbia, and I got some time to do a bit of running. Its usually fun to do it at new places, especially in hilly areas.",2026-06-24_07-53-14_hk_1782280394.fit,983,2026-06-24T06:10:19.000Z,1021.000,2371.12,,,76,2.201,35.71,44.247168,19.929114
2026-06-24,Running,Morning Run in Serbia,"I am in a conference in Serbia, and I got some time to do a bit of running. Its usually fun to do it at new places, especially in hilly areas.",2026-06-24_07-53-14_hk_1782280394.fit,984,2026-06-24T06:10:20.000Z,1022.000,2373.27,,,76,2.197,35.72,44.247168,19.929132
2026-06-24,Running,Morning Run in Serbia,"I am in a conference in Serbia, and I got some time to do a bit of running. Its usually fun to do it at new places, especially in hilly areas.",2026-06-24_07-53-14_hk_1782280394.fit,985,2026-06-24T06:10:21.000Z,1023.000,2375.45,,,74,2.198,35.72,44.24715,19.929168
2026-06-24,Running,Morning Run in Serbia,"I am in a conference in Serbia, and I got some time to do a bit of running. Its usually fun to do it at new places, especially in hilly areas.",2026-06-24_07-53-14_hk_1782280394.fit,986,2026-06-24T06:10:22.000Z,1024.000,2377.61,,,74,2.201,35.71,44.24715,19.929186
2026-06-24,Running,Morning Run in Serbia,"I am in a conference in Serbia, and I got some time to do a bit of running. Its usually fun to do it at new places, especially in hilly areas.",2026-06-24_07-53-14_hk_1782280394.fit,987,2026-06-24T06:10:23.000Z,1025.000,2379.68,,,74,2.2,35.7,44.247132,19.929204
2026-06-24,Running,Morning Run in Serbia,"I am in a conference in Serbia, and I got some time to do a bit of running. Its usually fun to do it at new places, especially in hilly areas.",2026-06-24_07-53-14_hk_1782280394.fit,988,2026-06-24T06:10:24.000Z,1026.000,2381.75,,,73,2.194,35.69,44.247132,19.92924