workout_date,workout_type,title,notes,source_file,record_index,timestamp,elapsed_seconds,distance_m,heart_rate,power,cadence,speed,altitude,latitude,longitude
2026-05-21,Running,Mental Recovery Run,"After a ten days pause in which I had so many downs including neck muscle spasm and tooth pain, I tried to finish one more run. From past few days my mind is foggy so I am not able to decide anything. I am unsure whether its vitamin deficiency or lack of sport. So this one is for mental recovery, in a hope that I will feel better.",2026-05-21_08-41-02_hk_1779345662.fit,1,2026-05-21T06:41:05.000Z,0.000,3.82,,,,,30.05,50.820534,4.40316
2026-05-21,Running,Mental Recovery Run,"After a ten days pause in which I had so many downs including neck muscle spasm and tooth pain, I tried to finish one more run. From past few days my mind is foggy so I am not able to decide anything. I am unsure whether its vitamin deficiency or lack of sport. So this one is for mental recovery, in a hope that I will feel better.",2026-05-21_08-41-02_hk_1779345662.fit,2,2026-05-21T06:41:06.000Z,1.000,5.73,,,105,,30.01,50.820534,4.40316
2026-05-21,Running,Mental Recovery Run,"After a ten days pause in which I had so many downs including neck muscle spasm and tooth pain, I tried to finish one more run. From past few days my mind is foggy so I am not able to decide anything. I am unsure whether its vitamin deficiency or lack of sport. So this one is for mental recovery, in a hope that I will feel better.",2026-05-21_08-41-02_hk_1779345662.fit,3,2026-05-21T06:41:07.000Z,2.000,7.64,,105,105,,29.98,50.820516,4.40316
2026-05-21,Running,Mental Recovery Run,"After a ten days pause in which I had so many downs including neck muscle spasm and tooth pain, I tried to finish one more run. From past few days my mind is foggy so I am not able to decide anything. I am unsure whether its vitamin deficiency or lack of sport. So this one is for mental recovery, in a hope that I will feel better.",2026-05-21_08-41-02_hk_1779345662.fit,4,2026-05-21T06:41:08.000Z,3.000,10.12,,105,105,,29.94,50.820498,4.403178
2026-05-21,Running,Mental Recovery Run,"After a ten days pause in which I had so many downs including neck muscle spasm and tooth pain, I tried to finish one more run. From past few days my mind is foggy so I am not able to decide anything. I am unsure whether its vitamin deficiency or lack of sport. So this one is for mental recovery, in a hope that I will feel better.",2026-05-21_08-41-02_hk_1779345662.fit,5,2026-05-21T06:41:09.000Z,4.000,12.61,,105,95,,29.92,50.82048,4.403178
2026-05-21,Running,Mental Recovery Run,"After a ten days pause in which I had so many downs including neck muscle spasm and tooth pain, I tried to finish one more run. From past few days my mind is foggy so I am not able to decide anything. I am unsure whether its vitamin deficiency or lack of sport. So this one is for mental recovery, in a hope that I will feel better.",2026-05-21_08-41-02_hk_1779345662.fit,6,2026-05-21T06:41:10.000Z,5.000,15.09,,150,95,,29.9,50.820444,4.403178
2026-05-21,Running,Mental Recovery Run,"After a ten days pause in which I had so many downs including neck muscle spasm and tooth pain, I tried to finish one more run. From past few days my mind is foggy so I am not able to decide anything. I am unsure whether its vitamin deficiency or lack of sport. So this one is for mental recovery, in a hope that I will feel better.",2026-05-21_08-41-02_hk_1779345662.fit,7,2026-05-21T06:41:11.000Z,6.000,18.69,,150,95,,29.88,50.820426,4.403178
2026-05-21,Running,Mental Recovery Run,"After a ten days pause in which I had so many downs including neck muscle spasm and tooth pain, I tried to finish one more run. From past few days my mind is foggy so I am not able to decide anything. I am unsure whether its vitamin deficiency or lack of sport. So this one is for mental recovery, in a hope that I will feel better.",2026-05-21_08-41-02_hk_1779345662.fit,8,2026-05-21T06:41:12.000Z,7.000,22.28,,169,90,,29.87,50.820408,4.403196
2026-05-21,Running,Mental Recovery Run,"After a ten days pause in which I had so many downs including neck muscle spasm and tooth pain, I tried to finish one more run. From past few days my mind is foggy so I am not able to decide anything. I am unsure whether its vitamin deficiency or lack of sport. So this one is for mental recovery, in a hope that I will feel better.",2026-05-21_08-41-02_hk_1779345662.fit,9,2026-05-21T06:41:13.000Z,8.000,24.13,,169,90,,29.87,50.820372,4.403196
2026-05-21,Running,Mental Recovery Run,"After a ten days pause in which I had so many downs including neck muscle spasm and tooth pain, I tried to finish one more run. From past few days my mind is foggy so I am not able to decide anything. I am unsure whether its vitamin deficiency or lack of sport. So this one is for mental recovery, in a hope that I will feel better.",2026-05-21_08-41-02_hk_1779345662.fit,10,2026-05-21T06:41:14.000Z,9.000,25.97,,169,90,,29.87,50.820354,4.403196
2026-05-21,Running,Mental Recovery Run,"After a ten days pause in which I had so many downs including neck muscle spasm and tooth pain, I tried to finish one more run. From past few days my mind is foggy so I am not able to decide anything. I am unsure whether its vitamin deficiency or lack of sport. So this one is for mental recovery, in a hope that I will feel better.",2026-05-21_08-41-02_hk_1779345662.fit,11,2026-05-21T06:41:15.000Z,10.000,27.81,,196,84,,29.87,50.820336,4.403214
2026-05-21,Running,Mental Recovery Run,"After a ten days pause in which I had so many downs including neck muscle spasm and tooth pain, I tried to finish one more run. From past few days my mind is foggy so I am not able to decide anything. I am unsure whether its vitamin deficiency or lack of sport. So this one is for mental recovery, in a hope that I will feel better.",2026-05-21_08-41-02_hk_1779345662.fit,12,2026-05-21T06:41:16.000Z,11.000,31.28,,196,84,,29.87,50.820318,4.403214
2026-05-21,Running,Mental Recovery Run,"After a ten days pause in which I had so many downs including neck muscle spasm and tooth pain, I tried to finish one more run. From past few days my mind is foggy so I am not able to decide anything. I am unsure whether its vitamin deficiency or lack of sport. So this one is for mental recovery, in a hope that I will feel better.",2026-05-21_08-41-02_hk_1779345662.fit,13,2026-05-21T06:41:17.000Z,12.000,34.74,,197,84,,29.87,50.8203,4.403214
2026-05-21,Running,Mental Recovery Run,"After a ten days pause in which I had so many downs including neck muscle spasm and tooth pain, I tried to finish one more run. From past few days my mind is foggy so I am not able to decide anything. I am unsure whether its vitamin deficiency or lack of sport. So this one is for mental recovery, in a hope that I will feel better.",2026-05-21_08-41-02_hk_1779345662.fit,14,2026-05-21T06:41:18.000Z,13.000,37.05,,197,79,,29.87,50.820282,4.403232
2026-05-21,Running,Mental Recovery Run,"After a ten days pause in which I had so many downs including neck muscle spasm and tooth pain, I tried to finish one more run. From past few days my mind is foggy so I am not able to decide anything. I am unsure whether its vitamin deficiency or lack of sport. So this one is for mental recovery, in a hope that I will feel better.",2026-05-21_08-41-02_hk_1779345662.fit,15,2026-05-21T06:41:19.000Z,14.000,39.36,,197,79,,29.88,50.820246,4.403232
2026-05-21,Running,Mental Recovery Run,"After a ten days pause in which I had so many downs including neck muscle spasm and tooth pain, I tried to finish one more run. From past few days my mind is foggy so I am not able to decide anything. I am unsure whether its vitamin deficiency or lack of sport. So this one is for mental recovery, in a hope that I will feel better.",2026-05-21_08-41-02_hk_1779345662.fit,16,2026-05-21T06:41:20.000Z,15.000,41.67,,198,79,,29.88,50.820228,4.40325
2026-05-21,Running,Mental Recovery Run,"After a ten days pause in which I had so many downs including neck muscle spasm and tooth pain, I tried to finish one more run. From past few days my mind is foggy so I am not able to decide anything. I am unsure whether its vitamin deficiency or lack of sport. So this one is for mental recovery, in a hope that I will feel better.",2026-05-21_08-41-02_hk_1779345662.fit,17,2026-05-21T06:41:21.000Z,16.000,44.69,,198,79,,29.88,50.82021,4.40325
2026-05-21,Running,Mental Recovery Run,"After a ten days pause in which I had so many downs including neck muscle spasm and tooth pain, I tried to finish one more run. From past few days my mind is foggy so I am not able to decide anything. I am unsure whether its vitamin deficiency or lack of sport. So this one is for mental recovery, in a hope that I will feel better.",2026-05-21_08-41-02_hk_1779345662.fit,18,2026-05-21T06:41:22.000Z,17.000,47.7,,192,79,,29.89,50.820174,4.403268
2026-05-21,Running,Mental Recovery Run,"After a ten days pause in which I had so many downs including neck muscle spasm and tooth pain, I tried to finish one more run. From past few days my mind is foggy so I am not able to decide anything. I am unsure whether its vitamin deficiency or lack of sport. So this one is for mental recovery, in a hope that I will feel better.",2026-05-21_08-41-02_hk_1779345662.fit,19,2026-05-21T06:41:23.000Z,18.000,49.68,,192,79,,29.89,50.820156,4.403268
2026-05-21,Running,Mental Recovery Run,"After a ten days pause in which I had so many downs including neck muscle spasm and tooth pain, I tried to finish one more run. From past few days my mind is foggy so I am not able to decide anything. I am unsure whether its vitamin deficiency or lack of sport. So this one is for mental recovery, in a hope that I will feel better.",2026-05-21_08-41-02_hk_1779345662.fit,20,2026-05-21T06:41:24.000Z,19.000,51.66,,192,81,,29.9,50.820138,4.403286
2026-05-21,Running,Mental Recovery Run,"After a ten days pause in which I had so many downs including neck muscle spasm and tooth pain, I tried to finish one more run. From past few days my mind is foggy so I am not able to decide anything. I am unsure whether its vitamin deficiency or lack of sport. So this one is for mental recovery, in a hope that I will feel better.",2026-05-21_08-41-02_hk_1779345662.fit,21,2026-05-21T06:41:25.000Z,20.000,53.63,,189,81,,29.9,50.820102,4.403286
2026-05-21,Running,Mental Recovery Run,"After a ten days pause in which I had so many downs including neck muscle spasm and tooth pain, I tried to finish one more run. From past few days my mind is foggy so I am not able to decide anything. I am unsure whether its vitamin deficiency or lack of sport. So this one is for mental recovery, in a hope that I will feel better.",2026-05-21_08-41-02_hk_1779345662.fit,22,2026-05-21T06:41:26.000Z,21.000,57.02,,189,81,2.564,29.9,50.820084,4.403304
2026-05-21,Running,Mental Recovery Run,"After a ten days pause in which I had so many downs including neck muscle spasm and tooth pain, I tried to finish one more run. From past few days my mind is foggy so I am not able to decide anything. I am unsure whether its vitamin deficiency or lack of sport. So this one is for mental recovery, in a hope that I will feel better.",2026-05-21_08-41-02_hk_1779345662.fit,23,2026-05-21T06:41:27.000Z,22.000,60.4,,190,82,2.646,29.91,50.820048,4.403304
2026-05-21,Running,Mental Recovery Run,"After a ten days pause in which I had so many downs including neck muscle spasm and tooth pain, I tried to finish one more run. From past few days my mind is foggy so I am not able to decide anything. I am unsure whether its vitamin deficiency or lack of sport. So this one is for mental recovery, in a hope that I will feel better.",2026-05-21_08-41-02_hk_1779345662.fit,24,2026-05-21T06:41:28.000Z,23.000,62.75,,190,82,2.639,29.91,50.82003,4.403304
2026-05-21,Running,Mental Recovery Run,"After a ten days pause in which I had so many downs including neck muscle spasm and tooth pain, I tried to finish one more run. From past few days my mind is foggy so I am not able to decide anything. I am unsure whether its vitamin deficiency or lack of sport. So this one is for mental recovery, in a hope that I will feel better.",2026-05-21_08-41-02_hk_1779345662.fit,25,2026-05-21T06:41:29.000Z,24.000,65.09,,190,82,2.632,29.91,50.820012,4.403304
2026-05-21,Running,Mental Recovery Run,"After a ten days pause in which I had so many downs including neck muscle spasm and tooth pain, I tried to finish one more run. From past few days my mind is foggy so I am not able to decide anything. I am unsure whether its vitamin deficiency or lack of sport. So this one is for mental recovery, in a hope that I will feel better.",2026-05-21_08-41-02_hk_1779345662.fit,26,2026-05-21T06:41:30.000Z,25.000,67.44,,192,82,2.617,29.92,50.819976,4.403322
2026-05-21,Running,Mental Recovery Run,"After a ten days pause in which I had so many downs including neck muscle spasm and tooth pain, I tried to finish one more run. From past few days my mind is foggy so I am not able to decide anything. I am unsure whether its vitamin deficiency or lack of sport. So this one is for mental recovery, in a hope that I will feel better.",2026-05-21_08-41-02_hk_1779345662.fit,27,2026-05-21T06:41:31.000Z,26.000,69.39,,192,82,2.535,29.92,50.81994,4.403322
2026-05-21,Running,Mental Recovery Run,"After a ten days pause in which I had so many downs including neck muscle spasm and tooth pain, I tried to finish one more run. From past few days my mind is foggy so I am not able to decide anything. I am unsure whether its vitamin deficiency or lack of sport. So this one is for mental recovery, in a hope that I will feel better.",2026-05-21_08-41-02_hk_1779345662.fit,28,2026-05-21T06:41:32.000Z,27.000,71.34,,192,82,2.507,29.92,50.819922,4.403322
2026-05-21,Running,Mental Recovery Run,"After a ten days pause in which I had so many downs including neck muscle spasm and tooth pain, I tried to finish one more run. From past few days my mind is foggy so I am not able to decide anything. I am unsure whether its vitamin deficiency or lack of sport. So this one is for mental recovery, in a hope that I will feel better.",2026-05-21_08-41-02_hk_1779345662.fit,29,2026-05-21T06:41:33.000Z,28.000,73.28,,194,79,2.429,29.92,50.819886,4.403322
2026-05-21,Running,Mental Recovery Run,"After a ten days pause in which I had so many downs including neck muscle spasm and tooth pain, I tried to finish one more run. From past few days my mind is foggy so I am not able to decide anything. I am unsure whether its vitamin deficiency or lack of sport. So this one is for mental recovery, in a hope that I will feel better.",2026-05-21_08-41-02_hk_1779345662.fit,30,2026-05-21T06:41:34.000Z,29.000,76.77,,194,79,2.54,29.92,50.81985,4.403322
2026-05-21,Running,Mental Recovery Run,"After a ten days pause in which I had so many downs including neck muscle spasm and tooth pain, I tried to finish one more run. From past few days my mind is foggy so I am not able to decide anything. I am unsure whether its vitamin deficiency or lack of sport. So this one is for mental recovery, in a hope that I will feel better.",2026-05-21_08-41-02_hk_1779345662.fit,31,2026-05-21T06:41:35.000Z,30.000,80.26,,195,79,2.623,29.92,50.819814,4.403322
2026-05-21,Running,Mental Recovery Run,"After a ten days pause in which I had so many downs including neck muscle spasm and tooth pain, I tried to finish one more run. From past few days my mind is foggy so I am not able to decide anything. I am unsure whether its vitamin deficiency or lack of sport. So this one is for mental recovery, in a hope that I will feel better.",2026-05-21_08-41-02_hk_1779345662.fit,32,2026-05-21T06:41:36.000Z,31.000,82.64,,195,79,2.568,29.93,50.819796,4.403322
2026-05-21,Running,Mental Recovery Run,"After a ten days pause in which I had so many downs including neck muscle spasm and tooth pain, I tried to finish one more run. From past few days my mind is foggy so I am not able to decide anything. I am unsure whether its vitamin deficiency or lack of sport. So this one is for mental recovery, in a hope that I will feel better.",2026-05-21_08-41-02_hk_1779345662.fit,33,2026-05-21T06:41:37.000Z,32.000,85.02,,195,79,2.514,29.93,50.81976,4.403304
2026-05-21,Running,Mental Recovery Run,"After a ten days pause in which I had so many downs including neck muscle spasm and tooth pain, I tried to finish one more run. From past few days my mind is foggy so I am not able to decide anything. I am unsure whether its vitamin deficiency or lack of sport. So this one is for mental recovery, in a hope that I will feel better.",2026-05-21_08-41-02_hk_1779345662.fit,34,2026-05-21T06:41:38.000Z,33.000,87.4,,198,79,2.518,29.93,50.819742,4.403304
2026-05-21,Running,Mental Recovery Run,"After a ten days pause in which I had so many downs including neck muscle spasm and tooth pain, I tried to finish one more run. From past few days my mind is foggy so I am not able to decide anything. I am unsure whether its vitamin deficiency or lack of sport. So this one is for mental recovery, in a hope that I will feel better.",2026-05-21_08-41-02_hk_1779345662.fit,35,2026-05-21T06:41:39.000Z,34.000,90.92,,198,79,2.578,29.93,50.819706,4.403304
2026-05-21,Running,Mental Recovery Run,"After a ten days pause in which I had so many downs including neck muscle spasm and tooth pain, I tried to finish one more run. From past few days my mind is foggy so I am not able to decide anything. I am unsure whether its vitamin deficiency or lack of sport. So this one is for mental recovery, in a hope that I will feel better.",2026-05-21_08-41-02_hk_1779345662.fit,36,2026-05-21T06:41:40.000Z,35.000,94.43,,198,79,2.638,29.93,50.819688,4.403286
2026-05-21,Running,Mental Recovery Run,"After a ten days pause in which I had so many downs including neck muscle spasm and tooth pain, I tried to finish one more run. From past few days my mind is foggy so I am not able to decide anything. I am unsure whether its vitamin deficiency or lack of sport. So this one is for mental recovery, in a hope that I will feel better.",2026-05-21_08-41-02_hk_1779345662.fit,37,2026-05-21T06:41:41.000Z,36.000,96.85,,198,79,2.608,29.93,50.81967,4.403286
2026-05-21,Running,Mental Recovery Run,"After a ten days pause in which I had so many downs including neck muscle spasm and tooth pain, I tried to finish one more run. From past few days my mind is foggy so I am not able to decide anything. I am unsure whether its vitamin deficiency or lack of sport. So this one is for mental recovery, in a hope that I will feel better.",2026-05-21_08-41-02_hk_1779345662.fit,38,2026-05-21T06:41:42.000Z,37.000,99.26,,198,81,2.578,29.93,50.819634,4.403286
2026-05-21,Running,Mental Recovery Run,"After a ten days pause in which I had so many downs including neck muscle spasm and tooth pain, I tried to finish one more run. From past few days my mind is foggy so I am not able to decide anything. I am unsure whether its vitamin deficiency or lack of sport. So this one is for mental recovery, in a hope that I will feel better.",2026-05-21_08-41-02_hk_1779345662.fit,39,2026-05-21T06:41:43.000Z,38.000,101.68,,200,81,2.633,29.93,50.819616,4.403286
2026-05-21,Running,Mental Recovery Run,"After a ten days pause in which I had so many downs including neck muscle spasm and tooth pain, I tried to finish one more run. From past few days my mind is foggy so I am not able to decide anything. I am unsure whether its vitamin deficiency or lack of sport. So this one is for mental recovery, in a hope that I will feel better.",2026-05-21_08-41-02_hk_1779345662.fit,40,2026-05-21T06:41:44.000Z,39.000,104.09,,200,81,2.656,29.93,50.819598,4.403268
2026-05-21,Running,Mental Recovery Run,"After a ten days pause in which I had so many downs including neck muscle spasm and tooth pain, I tried to finish one more run. From past few days my mind is foggy so I am not able to decide anything. I am unsure whether its vitamin deficiency or lack of sport. So this one is for mental recovery, in a hope that I will feel better.",2026-05-21_08-41-02_hk_1779345662.fit,41,2026-05-21T06:41:45.000Z,40.000,106.5,,190,82,2.644,29.93,50.819562,4.403268
2026-05-21,Running,Mental Recovery Run,"After a ten days pause in which I had so many downs including neck muscle spasm and tooth pain, I tried to finish one more run. From past few days my mind is foggy so I am not able to decide anything. I am unsure whether its vitamin deficiency or lack of sport. So this one is for mental recovery, in a hope that I will feel better.",2026-05-21_08-41-02_hk_1779345662.fit,42,2026-05-21T06:41:46.000Z,41.000,108.83,,190,82,2.591,29.93,50.819544,4.403268
2026-05-21,Running,Mental Recovery Run,"After a ten days pause in which I had so many downs including neck muscle spasm and tooth pain, I tried to finish one more run. From past few days my mind is foggy so I am not able to decide anything. I am unsure whether its vitamin deficiency or lack of sport. So this one is for mental recovery, in a hope that I will feel better.",2026-05-21_08-41-02_hk_1779345662.fit,43,2026-05-21T06:41:47.000Z,42.000,111.16,,190,82,2.538,29.93,50.819508,4.40325
2026-05-21,Running,Mental Recovery Run,"After a ten days pause in which I had so many downs including neck muscle spasm and tooth pain, I tried to finish one more run. From past few days my mind is foggy so I am not able to decide anything. I am unsure whether its vitamin deficiency or lack of sport. So this one is for mental recovery, in a hope that I will feel better.",2026-05-21_08-41-02_hk_1779345662.fit,44,2026-05-21T06:41:48.000Z,43.000,113.48,,198,82,2.537,29.93,50.81949,4.40325
2026-05-21,Running,Mental Recovery Run,"After a ten days pause in which I had so many downs including neck muscle spasm and tooth pain, I tried to finish one more run. From past few days my mind is foggy so I am not able to decide anything. I am unsure whether its vitamin deficiency or lack of sport. So this one is for mental recovery, in a hope that I will feel better.",2026-05-21_08-41-02_hk_1779345662.fit,45,2026-05-21T06:41:49.000Z,44.000,116.39,,198,82,2.565,29.93,50.819472,4.40325
2026-05-21,Running,Mental Recovery Run,"After a ten days pause in which I had so many downs including neck muscle spasm and tooth pain, I tried to finish one more run. From past few days my mind is foggy so I am not able to decide anything. I am unsure whether its vitamin deficiency or lack of sport. So this one is for mental recovery, in a hope that I will feel better.",2026-05-21_08-41-02_hk_1779345662.fit,46,2026-05-21T06:41:50.000Z,45.000,119.29,,198,82,2.593,29.93,50.819436,4.40325
2026-05-21,Running,Mental Recovery Run,"After a ten days pause in which I had so many downs including neck muscle spasm and tooth pain, I tried to finish one more run. From past few days my mind is foggy so I am not able to decide anything. I am unsure whether its vitamin deficiency or lack of sport. So this one is for mental recovery, in a hope that I will feel better.",2026-05-21_08-41-02_hk_1779345662.fit,47,2026-05-21T06:41:51.000Z,46.000,121.63,,198,79,2.647,29.93,50.819418,4.403232
2026-05-21,Running,Mental Recovery Run,"After a ten days pause in which I had so many downs including neck muscle spasm and tooth pain, I tried to finish one more run. From past few days my mind is foggy so I am not able to decide anything. I am unsure whether its vitamin deficiency or lack of sport. So this one is for mental recovery, in a hope that I will feel better.",2026-05-21_08-41-02_hk_1779345662.fit,48,2026-05-21T06:41:52.000Z,47.000,123.98,,198,79,2.668,29.93,50.8194,4.403232
2026-05-21,Running,Mental Recovery Run,"After a ten days pause in which I had so many downs including neck muscle spasm and tooth pain, I tried to finish one more run. From past few days my mind is foggy so I am not able to decide anything. I am unsure whether its vitamin deficiency or lack of sport. So this one is for mental recovery, in a hope that I will feel better.",2026-05-21_08-41-02_hk_1779345662.fit,49,2026-05-21T06:41:53.000Z,48.000,126.32,,200,79,2.652,29.93,50.819364,4.403232
2026-05-21,Running,Mental Recovery Run,"After a ten days pause in which I had so many downs including neck muscle spasm and tooth pain, I tried to finish one more run. From past few days my mind is foggy so I am not able to decide anything. I am unsure whether its vitamin deficiency or lack of sport. So this one is for mental recovery, in a hope that I will feel better.",2026-05-21_08-41-02_hk_1779345662.fit,50,2026-05-21T06:41:54.000Z,49.000,128.65,,200,79,2.594,29.93,50.819346,4.403214
2026-05-21,Running,Mental Recovery Run,"After a ten days pause in which I had so many downs including neck muscle spasm and tooth pain, I tried to finish one more run. From past few days my mind is foggy so I am not able to decide anything. I am unsure whether its vitamin deficiency or lack of sport. So this one is for mental recovery, in a hope that I will feel better.",2026-05-21_08-41-02_hk_1779345662.fit,51,2026-05-21T06:41:55.000Z,50.000,130.97,,200,79,2.535,29.93,50.819328,4.403214
2026-05-21,Running,Mental Recovery Run,"After a ten days pause in which I had so many downs including neck muscle spasm and tooth pain, I tried to finish one more run. From past few days my mind is foggy so I am not able to decide anything. I am unsure whether its vitamin deficiency or lack of sport. So this one is for mental recovery, in a hope that I will feel better.",2026-05-21_08-41-02_hk_1779345662.fit,52,2026-05-21T06:41:56.000Z,51.000,133.3,,200,79,2.533,29.92,50.819292,4.403214
2026-05-21,Running,Mental Recovery Run,"After a ten days pause in which I had so many downs including neck muscle spasm and tooth pain, I tried to finish one more run. From past few days my mind is foggy so I am not able to decide anything. I am unsure whether its vitamin deficiency or lack of sport. So this one is for mental recovery, in a hope that I will feel better.",2026-05-21_08-41-02_hk_1779345662.fit,53,2026-05-21T06:41:57.000Z,52.000,136.54,,200,81,2.576,29.92,50.819274,4.403196
2026-05-21,Running,Mental Recovery Run,"After a ten days pause in which I had so many downs including neck muscle spasm and tooth pain, I tried to finish one more run. From past few days my mind is foggy so I am not able to decide anything. I am unsure whether its vitamin deficiency or lack of sport. So this one is for mental recovery, in a hope that I will feel better.",2026-05-21_08-41-02_hk_1779345662.fit,54,2026-05-21T06:41:58.000Z,53.000,139.78,,194,81,2.619,29.92,50.819238,4.403196
2026-05-21,Running,Mental Recovery Run,"After a ten days pause in which I had so many downs including neck muscle spasm and tooth pain, I tried to finish one more run. From past few days my mind is foggy so I am not able to decide anything. I am unsure whether its vitamin deficiency or lack of sport. So this one is for mental recovery, in a hope that I will feel better.",2026-05-21_08-41-02_hk_1779345662.fit,55,2026-05-21T06:41:59.000Z,54.000,141.48,,194,81,2.528,29.92,50.81922,4.403178
2026-05-21,Running,Mental Recovery Run,"After a ten days pause in which I had so many downs including neck muscle spasm and tooth pain, I tried to finish one more run. From past few days my mind is foggy so I am not able to decide anything. I am unsure whether its vitamin deficiency or lack of sport. So this one is for mental recovery, in a hope that I will feel better.",2026-05-21_08-41-02_hk_1779345662.fit,56,2026-05-21T06:42:00.000Z,55.000,143.18,,194,80,2.488,29.92,50.819202,4.403178
2026-05-21,Running,Mental Recovery Run,"After a ten days pause in which I had so many downs including neck muscle spasm and tooth pain, I tried to finish one more run. From past few days my mind is foggy so I am not able to decide anything. I am unsure whether its vitamin deficiency or lack of sport. So this one is for mental recovery, in a hope that I will feel better.",2026-05-21_08-41-02_hk_1779345662.fit,57,2026-05-21T06:42:01.000Z,56.000,144.88,,186,80,2.402,29.92,50.819166,4.40316
2026-05-21,Running,Mental Recovery Run,"After a ten days pause in which I had so many downs including neck muscle spasm and tooth pain, I tried to finish one more run. From past few days my mind is foggy so I am not able to decide anything. I am unsure whether its vitamin deficiency or lack of sport. So this one is for mental recovery, in a hope that I will feel better.",2026-05-21_08-41-02_hk_1779345662.fit,58,2026-05-21T06:42:02.000Z,57.000,147.87,,186,80,2.429,29.92,50.819148,4.403142
2026-05-21,Running,Mental Recovery Run,"After a ten days pause in which I had so many downs including neck muscle spasm and tooth pain, I tried to finish one more run. From past few days my mind is foggy so I am not able to decide anything. I am unsure whether its vitamin deficiency or lack of sport. So this one is for mental recovery, in a hope that I will feel better.",2026-05-21_08-41-02_hk_1779345662.fit,59,2026-05-21T06:42:03.000Z,58.000,150.86,,197,76,2.457,29.91,50.81913,4.403142
2026-05-21,Running,Mental Recovery Run,"After a ten days pause in which I had so many downs including neck muscle spasm and tooth pain, I tried to finish one more run. From past few days my mind is foggy so I am not able to decide anything. I am unsure whether its vitamin deficiency or lack of sport. So this one is for mental recovery, in a hope that I will feel better.",2026-05-21_08-41-02_hk_1779345662.fit,60,2026-05-21T06:42:04.000Z,59.000,153.15,,197,76,2.451,29.91,50.819112,4.403124
2026-05-21,Running,Mental Recovery Run,"After a ten days pause in which I had so many downs including neck muscle spasm and tooth pain, I tried to finish one more run. From past few days my mind is foggy so I am not able to decide anything. I am unsure whether its vitamin deficiency or lack of sport. So this one is for mental recovery, in a hope that I will feel better.",2026-05-21_08-41-02_hk_1779345662.fit,61,2026-05-21T06:42:05.000Z,60.000,155.44,,197,76,2.445,29.91,50.819076,4.403106
2026-05-21,Running,Mental Recovery Run,"After a ten days pause in which I had so many downs including neck muscle spasm and tooth pain, I tried to finish one more run. From past few days my mind is foggy so I am not able to decide anything. I am unsure whether its vitamin deficiency or lack of sport. So this one is for mental recovery, in a hope that I will feel better.",2026-05-21_08-41-02_hk_1779345662.fit,62,2026-05-21T06:42:06.000Z,61.000,157.73,,196,76,2.439,29.91,50.819058,4.403106
2026-05-21,Running,Mental Recovery Run,"After a ten days pause in which I had so many downs including neck muscle spasm and tooth pain, I tried to finish one more run. From past few days my mind is foggy so I am not able to decide anything. I am unsure whether its vitamin deficiency or lack of sport. So this one is for mental recovery, in a hope that I will feel better.",2026-05-21_08-41-02_hk_1779345662.fit,63,2026-05-21T06:42:07.000Z,62.000,161.25,,196,76,2.505,29.91,50.81904,4.403088
2026-05-21,Running,Mental Recovery Run,"After a ten days pause in which I had so many downs including neck muscle spasm and tooth pain, I tried to finish one more run. From past few days my mind is foggy so I am not able to decide anything. I am unsure whether its vitamin deficiency or lack of sport. So this one is for mental recovery, in a hope that I will feel better.",2026-05-21_08-41-02_hk_1779345662.fit,64,2026-05-21T06:42:08.000Z,63.000,164.77,,198,76,2.564,29.91,50.819022,4.403088
2026-05-21,Running,Mental Recovery Run,"After a ten days pause in which I had so many downs including neck muscle spasm and tooth pain, I tried to finish one more run. From past few days my mind is foggy so I am not able to decide anything. I am unsure whether its vitamin deficiency or lack of sport. So this one is for mental recovery, in a hope that I will feel better.",2026-05-21_08-41-02_hk_1779345662.fit,65,2026-05-21T06:42:09.000Z,64.000,167.07,,198,75,2.534,29.91,50.818986,4.40307
2026-05-21,Running,Mental Recovery Run,"After a ten days pause in which I had so many downs including neck muscle spasm and tooth pain, I tried to finish one more run. From past few days my mind is foggy so I am not able to decide anything. I am unsure whether its vitamin deficiency or lack of sport. So this one is for mental recovery, in a hope that I will feel better.",2026-05-21_08-41-02_hk_1779345662.fit,66,2026-05-21T06:42:10.000Z,65.000,169.38,,198,75,2.505,29.9,50.818968,4.40307
2026-05-21,Running,Mental Recovery Run,"After a ten days pause in which I had so many downs including neck muscle spasm and tooth pain, I tried to finish one more run. From past few days my mind is foggy so I am not able to decide anything. I am unsure whether its vitamin deficiency or lack of sport. So this one is for mental recovery, in a hope that I will feel better.",2026-05-21_08-41-02_hk_1779345662.fit,67,2026-05-21T06:42:11.000Z,66.000,171.69,,199,75,2.503,29.9,50.81895,4.40307
2026-05-21,Running,Mental Recovery Run,"After a ten days pause in which I had so many downs including neck muscle spasm and tooth pain, I tried to finish one more run. From past few days my mind is foggy so I am not able to decide anything. I am unsure whether its vitamin deficiency or lack of sport. So this one is for mental recovery, in a hope that I will feel better.",2026-05-21_08-41-02_hk_1779345662.fit,68,2026-05-21T06:42:12.000Z,67.000,173.97,,199,81,2.492,29.9,50.818914,4.40307
2026-05-21,Running,Mental Recovery Run,"After a ten days pause in which I had so many downs including neck muscle spasm and tooth pain, I tried to finish one more run. From past few days my mind is foggy so I am not able to decide anything. I am unsure whether its vitamin deficiency or lack of sport. So this one is for mental recovery, in a hope that I will feel better.",2026-05-21_08-41-02_hk_1779345662.fit,69,2026-05-21T06:42:13.000Z,68.000,176.24,,199,81,2.489,29.9,50.818896,4.403052
2026-05-21,Running,Mental Recovery Run,"After a ten days pause in which I had so many downs including neck muscle spasm and tooth pain, I tried to finish one more run. From past few days my mind is foggy so I am not able to decide anything. I am unsure whether its vitamin deficiency or lack of sport. So this one is for mental recovery, in a hope that I will feel better.",2026-05-21_08-41-02_hk_1779345662.fit,70,2026-05-21T06:42:14.000Z,69.000,178.52,,198,81,2.486,29.9,50.818878,4.403052
2026-05-21,Running,Mental Recovery Run,"After a ten days pause in which I had so many downs including neck muscle spasm and tooth pain, I tried to finish one more run. From past few days my mind is foggy so I am not able to decide anything. I am unsure whether its vitamin deficiency or lack of sport. So this one is for mental recovery, in a hope that I will feel better.",2026-05-21_08-41-02_hk_1779345662.fit,71,2026-05-21T06:42:15.000Z,70.000,181.42,,198,80,2.522,29.89,50.81886,4.403034
2026-05-21,Running,Mental Recovery Run,"After a ten days pause in which I had so many downs including neck muscle spasm and tooth pain, I tried to finish one more run. From past few days my mind is foggy so I am not able to decide anything. I am unsure whether its vitamin deficiency or lack of sport. So this one is for mental recovery, in a hope that I will feel better.",2026-05-21_08-41-02_hk_1779345662.fit,72,2026-05-21T06:42:16.000Z,71.000,184.32,,198,80,2.551,29.89,50.818824,4.403016
2026-05-21,Running,Mental Recovery Run,"After a ten days pause in which I had so many downs including neck muscle spasm and tooth pain, I tried to finish one more run. From past few days my mind is foggy so I am not able to decide anything. I am unsure whether its vitamin deficiency or lack of sport. So this one is for mental recovery, in a hope that I will feel better.",2026-05-21_08-41-02_hk_1779345662.fit,73,2026-05-21T06:42:17.000Z,72.000,186.62,,198,80,2.504,29.89,50.818806,4.402998
2026-05-21,Running,Mental Recovery Run,"After a ten days pause in which I had so many downs including neck muscle spasm and tooth pain, I tried to finish one more run. From past few days my mind is foggy so I am not able to decide anything. I am unsure whether its vitamin deficiency or lack of sport. So this one is for mental recovery, in a hope that I will feel better.",2026-05-21_08-41-02_hk_1779345662.fit,74,2026-05-21T06:42:18.000Z,73.000,188.93,,198,79,2.495,29.88,50.818788,4.40298
2026-05-21,Running,Mental Recovery Run,"After a ten days pause in which I had so many downs including neck muscle spasm and tooth pain, I tried to finish one more run. From past few days my mind is foggy so I am not able to decide anything. I am unsure whether its vitamin deficiency or lack of sport. So this one is for mental recovery, in a hope that I will feel better.",2026-05-21_08-41-02_hk_1779345662.fit,75,2026-05-21T06:42:19.000Z,74.000,191.23,,198,79,2.45,29.88,50.818752,4.40298
2026-05-21,Running,Mental Recovery Run,"After a ten days pause in which I had so many downs including neck muscle spasm and tooth pain, I tried to finish one more run. From past few days my mind is foggy so I am not able to decide anything. I am unsure whether its vitamin deficiency or lack of sport. So this one is for mental recovery, in a hope that I will feel better.",2026-05-21_08-41-02_hk_1779345662.fit,76,2026-05-21T06:42:20.000Z,75.000,194.89,,198,79,2.632,29.88,50.818734,4.402962
2026-05-21,Running,Mental Recovery Run,"After a ten days pause in which I had so many downs including neck muscle spasm and tooth pain, I tried to finish one more run. From past few days my mind is foggy so I am not able to decide anything. I am unsure whether its vitamin deficiency or lack of sport. So this one is for mental recovery, in a hope that I will feel better.",2026-05-21_08-41-02_hk_1779345662.fit,77,2026-05-21T06:42:21.000Z,76.000,198.56,,199,79,2.668,29.87,50.818716,4.402944
2026-05-21,Running,Mental Recovery Run,"After a ten days pause in which I had so many downs including neck muscle spasm and tooth pain, I tried to finish one more run. From past few days my mind is foggy so I am not able to decide anything. I am unsure whether its vitamin deficiency or lack of sport. So this one is for mental recovery, in a hope that I will feel better.",2026-05-21_08-41-02_hk_1779345662.fit,78,2026-05-21T06:42:22.000Z,77.000,200.27,,199,79,2.62,29.87,50.818698,4.402926
2026-05-21,Running,Mental Recovery Run,"After a ten days pause in which I had so many downs including neck muscle spasm and tooth pain, I tried to finish one more run. From past few days my mind is foggy so I am not able to decide anything. I am unsure whether its vitamin deficiency or lack of sport. So this one is for mental recovery, in a hope that I will feel better.",2026-05-21_08-41-02_hk_1779345662.fit,79,2026-05-21T06:42:23.000Z,78.000,201.98,,199,79,2.556,29.87,50.81868,4.402926
2026-05-21,Running,Mental Recovery Run,"After a ten days pause in which I had so many downs including neck muscle spasm and tooth pain, I tried to finish one more run. From past few days my mind is foggy so I am not able to decide anything. I am unsure whether its vitamin deficiency or lack of sport. So this one is for mental recovery, in a hope that I will feel better.",2026-05-21_08-41-02_hk_1779345662.fit,80,2026-05-21T06:42:24.000Z,79.000,203.69,,194,79,2.527,29.87,50.818662,4.402908
2026-05-21,Running,Mental Recovery Run,"After a ten days pause in which I had so many downs including neck muscle spasm and tooth pain, I tried to finish one more run. From past few days my mind is foggy so I am not able to decide anything. I am unsure whether its vitamin deficiency or lack of sport. So this one is for mental recovery, in a hope that I will feel better.",2026-05-21_08-41-02_hk_1779345662.fit,81,2026-05-21T06:42:25.000Z,80.000,206.95,,194,79,2.575,29.86,50.818644,4.40289
2026-05-21,Running,Mental Recovery Run,"After a ten days pause in which I had so many downs including neck muscle spasm and tooth pain, I tried to finish one more run. From past few days my mind is foggy so I am not able to decide anything. I am unsure whether its vitamin deficiency or lack of sport. So this one is for mental recovery, in a hope that I will feel better.",2026-05-21_08-41-02_hk_1779345662.fit,82,2026-05-21T06:42:26.000Z,81.000,210.21,,195,79,2.624,29.86,50.818626,4.402872
2026-05-21,Running,Mental Recovery Run,"After a ten days pause in which I had so many downs including neck muscle spasm and tooth pain, I tried to finish one more run. From past few days my mind is foggy so I am not able to decide anything. I am unsure whether its vitamin deficiency or lack of sport. So this one is for mental recovery, in a hope that I will feel better.",2026-05-21_08-41-02_hk_1779345662.fit,83,2026-05-21T06:42:27.000Z,82.000,213.2,,195,79,2.598,29.86,50.818608,4.402854
2026-05-21,Running,Mental Recovery Run,"After a ten days pause in which I had so many downs including neck muscle spasm and tooth pain, I tried to finish one more run. From past few days my mind is foggy so I am not able to decide anything. I am unsure whether its vitamin deficiency or lack of sport. So this one is for mental recovery, in a hope that I will feel better.",2026-05-21_08-41-02_hk_1779345662.fit,84,2026-05-21T06:42:28.000Z,83.000,216.2,,195,79,2.572,29.86,50.818572,4.402836
2026-05-21,Running,Mental Recovery Run,"After a ten days pause in which I had so many downs including neck muscle spasm and tooth pain, I tried to finish one more run. From past few days my mind is foggy so I am not able to decide anything. I am unsure whether its vitamin deficiency or lack of sport. So this one is for mental recovery, in a hope that I will feel better.",2026-05-21_08-41-02_hk_1779345662.fit,85,2026-05-21T06:42:29.000Z,84.000,219.19,,200,79,2.606,29.85,50.818554,4.402836
2026-05-21,Running,Mental Recovery Run,"After a ten days pause in which I had so many downs including neck muscle spasm and tooth pain, I tried to finish one more run. From past few days my mind is foggy so I am not able to decide anything. I am unsure whether its vitamin deficiency or lack of sport. So this one is for mental recovery, in a hope that I will feel better.",2026-05-21_08-41-02_hk_1779345662.fit,86,2026-05-21T06:42:30.000Z,85.000,223.01,,200,79,2.701,29.85,50.818536,4.402818
2026-05-21,Running,Mental Recovery Run,"After a ten days pause in which I had so many downs including neck muscle spasm and tooth pain, I tried to finish one more run. From past few days my mind is foggy so I am not able to decide anything. I am unsure whether its vitamin deficiency or lack of sport. So this one is for mental recovery, in a hope that I will feel better.",2026-05-21_08-41-02_hk_1779345662.fit,87,2026-05-21T06:42:31.000Z,86.000,226.83,,201,79,2.81,29.85,50.8185,4.4028
2026-05-21,Running,Mental Recovery Run,"After a ten days pause in which I had so many downs including neck muscle spasm and tooth pain, I tried to finish one more run. From past few days my mind is foggy so I am not able to decide anything. I am unsure whether its vitamin deficiency or lack of sport. So this one is for mental recovery, in a hope that I will feel better.",2026-05-21_08-41-02_hk_1779345662.fit,88,2026-05-21T06:42:32.000Z,87.000,229.65,,201,79,2.841,29.85,50.818482,4.402782
2026-05-21,Running,Mental Recovery Run,"After a ten days pause in which I had so many downs including neck muscle spasm and tooth pain, I tried to finish one more run. From past few days my mind is foggy so I am not able to decide anything. I am unsure whether its vitamin deficiency or lack of sport. So this one is for mental recovery, in a hope that I will feel better.",2026-05-21_08-41-02_hk_1779345662.fit,89,2026-05-21T06:42:33.000Z,88.000,232.47,,201,79,2.836,29.84,50.818464,4.402764
2026-05-21,Running,Mental Recovery Run,"After a ten days pause in which I had so many downs including neck muscle spasm and tooth pain, I tried to finish one more run. From past few days my mind is foggy so I am not able to decide anything. I am unsure whether its vitamin deficiency or lack of sport. So this one is for mental recovery, in a hope that I will feel better.",2026-05-21_08-41-02_hk_1779345662.fit,90,2026-05-21T06:42:34.000Z,89.000,235.29,,203,79,2.832,29.84,50.818428,4.402746
2026-05-21,Running,Mental Recovery Run,"After a ten days pause in which I had so many downs including neck muscle spasm and tooth pain, I tried to finish one more run. From past few days my mind is foggy so I am not able to decide anything. I am unsure whether its vitamin deficiency or lack of sport. So this one is for mental recovery, in a hope that I will feel better.",2026-05-21_08-41-02_hk_1779345662.fit,91,2026-05-21T06:42:35.000Z,90.000,238.33,,203,79,2.872,29.84,50.81841,4.402728
2026-05-21,Running,Mental Recovery Run,"After a ten days pause in which I had so many downs including neck muscle spasm and tooth pain, I tried to finish one more run. From past few days my mind is foggy so I am not able to decide anything. I am unsure whether its vitamin deficiency or lack of sport. So this one is for mental recovery, in a hope that I will feel better.",2026-05-21_08-41-02_hk_1779345662.fit,92,2026-05-21T06:42:36.000Z,91.000,241.36,,203,82,2.949,29.84,50.818374,4.40271
2026-05-21,Running,Mental Recovery Run,"After a ten days pause in which I had so many downs including neck muscle spasm and tooth pain, I tried to finish one more run. From past few days my mind is foggy so I am not able to decide anything. I am unsure whether its vitamin deficiency or lack of sport. So this one is for mental recovery, in a hope that I will feel better.",2026-05-21_08-41-02_hk_1779345662.fit,93,2026-05-21T06:42:37.000Z,92.000,244.4,,208,82,2.954,29.83,50.818356,4.402692
2026-05-21,Running,Mental Recovery Run,"After a ten days pause in which I had so many downs including neck muscle spasm and tooth pain, I tried to finish one more run. From past few days my mind is foggy so I am not able to decide anything. I am unsure whether its vitamin deficiency or lack of sport. So this one is for mental recovery, in a hope that I will feel better.",2026-05-21_08-41-02_hk_1779345662.fit,94,2026-05-21T06:42:38.000Z,93.000,246.82,,208,82,2.885,29.83,50.818338,4.402674
2026-05-21,Running,Mental Recovery Run,"After a ten days pause in which I had so many downs including neck muscle spasm and tooth pain, I tried to finish one more run. From past few days my mind is foggy so I am not able to decide anything. I am unsure whether its vitamin deficiency or lack of sport. So this one is for mental recovery, in a hope that I will feel better.",2026-05-21_08-41-02_hk_1779345662.fit,95,2026-05-21T06:42:39.000Z,94.000,249.24,,205,79,2.816,29.83,50.81832,4.402656
2026-05-21,Running,Mental Recovery Run,"After a ten days pause in which I had so many downs including neck muscle spasm and tooth pain, I tried to finish one more run. From past few days my mind is foggy so I am not able to decide anything. I am unsure whether its vitamin deficiency or lack of sport. So this one is for mental recovery, in a hope that I will feel better.",2026-05-21_08-41-02_hk_1779345662.fit,96,2026-05-21T06:42:40.000Z,95.000,251.36,,205,79,2.839,29.82,50.818302,4.402638
2026-05-21,Running,Mental Recovery Run,"After a ten days pause in which I had so many downs including neck muscle spasm and tooth pain, I tried to finish one more run. From past few days my mind is foggy so I am not able to decide anything. I am unsure whether its vitamin deficiency or lack of sport. So this one is for mental recovery, in a hope that I will feel better.",2026-05-21_08-41-02_hk_1779345662.fit,97,2026-05-21T06:42:41.000Z,96.000,253.48,,205,79,2.862,29.82,50.818266,4.40262
2026-05-21,Running,Mental Recovery Run,"After a ten days pause in which I had so many downs including neck muscle spasm and tooth pain, I tried to finish one more run. From past few days my mind is foggy so I am not able to decide anything. I am unsure whether its vitamin deficiency or lack of sport. So this one is for mental recovery, in a hope that I will feel better.",2026-05-21_08-41-02_hk_1779345662.fit,98,2026-05-21T06:42:42.000Z,97.000,255.61,,203,79,2.885,29.82,50.818248,4.402602
2026-05-21,Running,Mental Recovery Run,"After a ten days pause in which I had so many downs including neck muscle spasm and tooth pain, I tried to finish one more run. From past few days my mind is foggy so I am not able to decide anything. I am unsure whether its vitamin deficiency or lack of sport. So this one is for mental recovery, in a hope that I will feel better.",2026-05-21_08-41-02_hk_1779345662.fit,99,2026-05-21T06:42:43.000Z,98.000,260.24,,203,79,2.943,29.81,50.81823,4.402584
2026-05-21,Running,Mental Recovery Run,"After a ten days pause in which I had so many downs including neck muscle spasm and tooth pain, I tried to finish one more run. From past few days my mind is foggy so I am not able to decide anything. I am unsure whether its vitamin deficiency or lack of sport. So this one is for mental recovery, in a hope that I will feel better.",2026-05-21_08-41-02_hk_1779345662.fit,100,2026-05-21T06:42:44.000Z,99.000,264.87,,207,79,3.039,29.81,50.818212,4.402566
2026-05-21,Running,Mental Recovery Run,"After a ten days pause in which I had so many downs including neck muscle spasm and tooth pain, I tried to finish one more run. From past few days my mind is foggy so I am not able to decide anything. I am unsure whether its vitamin deficiency or lack of sport. So this one is for mental recovery, in a hope that I will feel better.",2026-05-21_08-41-02_hk_1779345662.fit,101,2026-05-21T06:42:45.000Z,100.000,267.58,,207,79,3.022,29.81,50.818176,4.402548
2026-05-21,Running,Mental Recovery Run,"After a ten days pause in which I had so many downs including neck muscle spasm and tooth pain, I tried to finish one more run. From past few days my mind is foggy so I am not able to decide anything. I am unsure whether its vitamin deficiency or lack of sport. So this one is for mental recovery, in a hope that I will feel better.",2026-05-21_08-41-02_hk_1779345662.fit,102,2026-05-21T06:42:46.000Z,101.000,270.28,,207,79,3.005,29.8,50.818158,4.40253
2026-05-21,Running,Mental Recovery Run,"After a ten days pause in which I had so many downs including neck muscle spasm and tooth pain, I tried to finish one more run. From past few days my mind is foggy so I am not able to decide anything. I am unsure whether its vitamin deficiency or lack of sport. So this one is for mental recovery, in a hope that I will feel better.",2026-05-21_08-41-02_hk_1779345662.fit,103,2026-05-21T06:42:47.000Z,102.000,272.98,,209,79,2.988,29.8,50.818122,4.402512
2026-05-21,Running,Mental Recovery Run,"After a ten days pause in which I had so many downs including neck muscle spasm and tooth pain, I tried to finish one more run. From past few days my mind is foggy so I am not able to decide anything. I am unsure whether its vitamin deficiency or lack of sport. So this one is for mental recovery, in a hope that I will feel better.",2026-05-21_08-41-02_hk_1779345662.fit,104,2026-05-21T06:42:48.000Z,103.000,275.97,,209,79,2.942,29.8,50.818104,4.402494
2026-05-21,Running,Mental Recovery Run,"After a ten days pause in which I had so many downs including neck muscle spasm and tooth pain, I tried to finish one more run. From past few days my mind is foggy so I am not able to decide anything. I am unsure whether its vitamin deficiency or lack of sport. So this one is for mental recovery, in a hope that I will feel better.",2026-05-21_08-41-02_hk_1779345662.fit,105,2026-05-21T06:42:49.000Z,104.000,278.96,,206,79,2.896,29.79,50.818086,4.402476
2026-05-21,Running,Mental Recovery Run,"After a ten days pause in which I had so many downs including neck muscle spasm and tooth pain, I tried to finish one more run. From past few days my mind is foggy so I am not able to decide anything. I am unsure whether its vitamin deficiency or lack of sport. So this one is for mental recovery, in a hope that I will feel better.",2026-05-21_08-41-02_hk_1779345662.fit,106,2026-05-21T06:42:50.000Z,105.000,280.89,,206,79,2.846,29.79,50.818068,4.402458
2026-05-21,Running,Mental Recovery Run,"After a ten days pause in which I had so many downs including neck muscle spasm and tooth pain, I tried to finish one more run. From past few days my mind is foggy so I am not able to decide anything. I am unsure whether its vitamin deficiency or lack of sport. So this one is for mental recovery, in a hope that I will feel better.",2026-05-21_08-41-02_hk_1779345662.fit,107,2026-05-21T06:42:51.000Z,106.000,282.81,,206,79,2.797,29.78,50.81805,4.40244
2026-05-21,Running,Mental Recovery Run,"After a ten days pause in which I had so many downs including neck muscle spasm and tooth pain, I tried to finish one more run. From past few days my mind is foggy so I am not able to decide anything. I am unsure whether its vitamin deficiency or lack of sport. So this one is for mental recovery, in a hope that I will feel better.",2026-05-21_08-41-02_hk_1779345662.fit,108,2026-05-21T06:42:52.000Z,107.000,284.74,,200,79,2.751,29.78,50.818032,4.402422
2026-05-21,Running,Mental Recovery Run,"After a ten days pause in which I had so many downs including neck muscle spasm and tooth pain, I tried to finish one more run. From past few days my mind is foggy so I am not able to decide anything. I am unsure whether its vitamin deficiency or lack of sport. So this one is for mental recovery, in a hope that I will feel better.",2026-05-21_08-41-02_hk_1779345662.fit,109,2026-05-21T06:42:53.000Z,108.000,287.63,,200,79,2.755,29.78,50.818014,4.402404
2026-05-21,Running,Mental Recovery Run,"After a ten days pause in which I had so many downs including neck muscle spasm and tooth pain, I tried to finish one more run. From past few days my mind is foggy so I am not able to decide anything. I am unsure whether its vitamin deficiency or lack of sport. So this one is for mental recovery, in a hope that I will feel better.",2026-05-21_08-41-02_hk_1779345662.fit,110,2026-05-21T06:42:54.000Z,109.000,290.53,,196,79,2.748,29.77,50.817996,4.402368
2026-05-21,Running,Mental Recovery Run,"After a ten days pause in which I had so many downs including neck muscle spasm and tooth pain, I tried to finish one more run. From past few days my mind is foggy so I am not able to decide anything. I am unsure whether its vitamin deficiency or lack of sport. So this one is for mental recovery, in a hope that I will feel better.",2026-05-21_08-41-02_hk_1779345662.fit,111,2026-05-21T06:42:55.000Z,110.000,292.49,,196,79,2.691,29.77,50.817978,4.40235
2026-05-21,Running,Mental Recovery Run,"After a ten days pause in which I had so many downs including neck muscle spasm and tooth pain, I tried to finish one more run. From past few days my mind is foggy so I am not able to decide anything. I am unsure whether its vitamin deficiency or lack of sport. So this one is for mental recovery, in a hope that I will feel better.",2026-05-21_08-41-02_hk_1779345662.fit,112,2026-05-21T06:42:56.000Z,111.000,294.44,,196,79,2.634,29.76,50.81796,4.402332
2026-05-21,Running,Mental Recovery Run,"After a ten days pause in which I had so many downs including neck muscle spasm and tooth pain, I tried to finish one more run. From past few days my mind is foggy so I am not able to decide anything. I am unsure whether its vitamin deficiency or lack of sport. So this one is for mental recovery, in a hope that I will feel better.",2026-05-21_08-41-02_hk_1779345662.fit,113,2026-05-21T06:42:57.000Z,112.000,296.39,,192,79,2.6,29.76,50.81796,4.402296
2026-05-21,Running,Mental Recovery Run,"After a ten days pause in which I had so many downs including neck muscle spasm and tooth pain, I tried to finish one more run. From past few days my mind is foggy so I am not able to decide anything. I am unsure whether its vitamin deficiency or lack of sport. So this one is for mental recovery, in a hope that I will feel better.",2026-05-21_08-41-02_hk_1779345662.fit,114,2026-05-21T06:42:58.000Z,113.000,298.03,,192,79,2.561,29.76,50.817942,4.402278
2026-05-21,Running,Mental Recovery Run,"After a ten days pause in which I had so many downs including neck muscle spasm and tooth pain, I tried to finish one more run. From past few days my mind is foggy so I am not able to decide anything. I am unsure whether its vitamin deficiency or lack of sport. So this one is for mental recovery, in a hope that I will feel better.",2026-05-21_08-41-02_hk_1779345662.fit,115,2026-05-21T06:42:59.000Z,114.000,299.68,,192,79,2.522,29.75,50.817942,4.40226
2026-05-21,Running,Mental Recovery Run,"After a ten days pause in which I had so many downs including neck muscle spasm and tooth pain, I tried to finish one more run. From past few days my mind is foggy so I am not able to decide anything. I am unsure whether its vitamin deficiency or lack of sport. So this one is for mental recovery, in a hope that I will feel better.",2026-05-21_08-41-02_hk_1779345662.fit,116,2026-05-21T06:43:00.000Z,115.000,301.32,,187,82,2.48,29.75,50.817942,4.402224
2026-05-21,Running,Mental Recovery Run,"After a ten days pause in which I had so many downs including neck muscle spasm and tooth pain, I tried to finish one more run. From past few days my mind is foggy so I am not able to decide anything. I am unsure whether its vitamin deficiency or lack of sport. So this one is for mental recovery, in a hope that I will feel better.",2026-05-21_08-41-02_hk_1779345662.fit,117,2026-05-21T06:43:01.000Z,116.000,303.86,,187,82,2.519,29.75,50.817924,4.402188
2026-05-21,Running,Mental Recovery Run,"After a ten days pause in which I had so many downs including neck muscle spasm and tooth pain, I tried to finish one more run. From past few days my mind is foggy so I am not able to decide anything. I am unsure whether its vitamin deficiency or lack of sport. So this one is for mental recovery, in a hope that I will feel better.",2026-05-21_08-41-02_hk_1779345662.fit,118,2026-05-21T06:43:02.000Z,117.000,306.39,,184,82,2.539,29.74,50.817924,4.40217
2026-05-21,Running,Mental Recovery Run,"After a ten days pause in which I had so many downs including neck muscle spasm and tooth pain, I tried to finish one more run. From past few days my mind is foggy so I am not able to decide anything. I am unsure whether its vitamin deficiency or lack of sport. So this one is for mental recovery, in a hope that I will feel better.",2026-05-21_08-41-02_hk_1779345662.fit,119,2026-05-21T06:43:03.000Z,118.000,307.99,,184,79,2.495,29.74,50.817906,4.402134
2026-05-21,Running,Mental Recovery Run,"After a ten days pause in which I had so many downs including neck muscle spasm and tooth pain, I tried to finish one more run. From past few days my mind is foggy so I am not able to decide anything. I am unsure whether its vitamin deficiency or lack of sport. So this one is for mental recovery, in a hope that I will feel better.",2026-05-21_08-41-02_hk_1779345662.fit,120,2026-05-21T06:43:04.000Z,119.000,309.6,,184,79,2.454,29.73,50.817906,4.402116
2026-05-21,Running,Mental Recovery Run,"After a ten days pause in which I had so many downs including neck muscle spasm and tooth pain, I tried to finish one more run. From past few days my mind is foggy so I am not able to decide anything. I am unsure whether its vitamin deficiency or lack of sport. So this one is for mental recovery, in a hope that I will feel better.",2026-05-21_08-41-02_hk_1779345662.fit,121,2026-05-21T06:43:05.000Z,120.000,311.2,,178,79,2.316,29.73,50.817888,4.40208
2026-05-21,Running,Mental Recovery Run,"After a ten days pause in which I had so many downs including neck muscle spasm and tooth pain, I tried to finish one more run. From past few days my mind is foggy so I am not able to decide anything. I am unsure whether its vitamin deficiency or lack of sport. So this one is for mental recovery, in a hope that I will feel better.",2026-05-21_08-41-02_hk_1779345662.fit,122,2026-05-21T06:43:06.000Z,121.000,315.44,,178,79,2.299,29.73,50.817888,4.402062
2026-05-21,Running,Mental Recovery Run,"After a ten days pause in which I had so many downs including neck muscle spasm and tooth pain, I tried to finish one more run. From past few days my mind is foggy so I am not able to decide anything. I am unsure whether its vitamin deficiency or lack of sport. So this one is for mental recovery, in a hope that I will feel better.",2026-05-21_08-41-02_hk_1779345662.fit,123,2026-05-21T06:43:07.000Z,122.000,319.69,,183,79,2.369,29.72,50.81787,4.402026
2026-05-21,Running,Mental Recovery Run,"After a ten days pause in which I had so many downs including neck muscle spasm and tooth pain, I tried to finish one more run. From past few days my mind is foggy so I am not able to decide anything. I am unsure whether its vitamin deficiency or lack of sport. So this one is for mental recovery, in a hope that I will feel better.",2026-05-21_08-41-02_hk_1779345662.fit,124,2026-05-21T06:43:08.000Z,123.000,321.68,,183,79,2.336,29.72,50.817852,4.402008
2026-05-21,Running,Mental Recovery Run,"After a ten days pause in which I had so many downs including neck muscle spasm and tooth pain, I tried to finish one more run. From past few days my mind is foggy so I am not able to decide anything. I am unsure whether its vitamin deficiency or lack of sport. So this one is for mental recovery, in a hope that I will feel better.",2026-05-21_08-41-02_hk_1779345662.fit,125,2026-05-21T06:43:09.000Z,124.000,323.66,,183,77,2.303,29.72,50.817834,4.401972
2026-05-21,Running,Mental Recovery Run,"After a ten days pause in which I had so many downs including neck muscle spasm and tooth pain, I tried to finish one more run. From past few days my mind is foggy so I am not able to decide anything. I am unsure whether its vitamin deficiency or lack of sport. So this one is for mental recovery, in a hope that I will feel better.",2026-05-21_08-41-02_hk_1779345662.fit,126,2026-05-21T06:43:10.000Z,125.000,325.64,,177,77,2.289,29.71,50.817834,4.401954
2026-05-21,Running,Mental Recovery Run,"After a ten days pause in which I had so many downs including neck muscle spasm and tooth pain, I tried to finish one more run. From past few days my mind is foggy so I am not able to decide anything. I am unsure whether its vitamin deficiency or lack of sport. So this one is for mental recovery, in a hope that I will feel better.",2026-05-21_08-41-02_hk_1779345662.fit,127,2026-05-21T06:43:11.000Z,126.000,328.09,,177,77,2.266,29.71,50.817816,4.401936
2026-05-21,Running,Mental Recovery Run,"After a ten days pause in which I had so many downs including neck muscle spasm and tooth pain, I tried to finish one more run. From past few days my mind is foggy so I am not able to decide anything. I am unsure whether its vitamin deficiency or lack of sport. So this one is for mental recovery, in a hope that I will feel better.",2026-05-21_08-41-02_hk_1779345662.fit,128,2026-05-21T06:43:12.000Z,127.000,330.53,,170,79,2.242,29.7,50.817798,4.401918
2026-05-21,Running,Mental Recovery Run,"After a ten days pause in which I had so many downs including neck muscle spasm and tooth pain, I tried to finish one more run. From past few days my mind is foggy so I am not able to decide anything. I am unsure whether its vitamin deficiency or lack of sport. So this one is for mental recovery, in a hope that I will feel better.",2026-05-21_08-41-02_hk_1779345662.fit,129,2026-05-21T06:43:13.000Z,128.000,332.43,,170,79,2.241,29.7,50.817798,4.4019
2026-05-21,Running,Mental Recovery Run,"After a ten days pause in which I had so many downs including neck muscle spasm and tooth pain, I tried to finish one more run. From past few days my mind is foggy so I am not able to decide anything. I am unsure whether its vitamin deficiency or lack of sport. So this one is for mental recovery, in a hope that I will feel better.",2026-05-21_08-41-02_hk_1779345662.fit,130,2026-05-21T06:43:14.000Z,129.000,334.34,,170,79,2.24,29.7,50.81778,4.401882
2026-05-21,Running,Mental Recovery Run,"After a ten days pause in which I had so many downs including neck muscle spasm and tooth pain, I tried to finish one more run. From past few days my mind is foggy so I am not able to decide anything. I am unsure whether its vitamin deficiency or lack of sport. So this one is for mental recovery, in a hope that I will feel better.",2026-05-21_08-41-02_hk_1779345662.fit,131,2026-05-21T06:43:15.000Z,130.000,336.24,,168,79,2.239,29.7,50.817762,4.401846
2026-05-21,Running,Mental Recovery Run,"After a ten days pause in which I had so many downs including neck muscle spasm and tooth pain, I tried to finish one more run. From past few days my mind is foggy so I am not able to decide anything. I am unsure whether its vitamin deficiency or lack of sport. So this one is for mental recovery, in a hope that I will feel better.",2026-05-21_08-41-02_hk_1779345662.fit,132,2026-05-21T06:43:16.000Z,131.000,339.5,,168,79,2.255,29.69,50.817744,4.40181
2026-05-21,Running,Mental Recovery Run,"After a ten days pause in which I had so many downs including neck muscle spasm and tooth pain, I tried to finish one more run. From past few days my mind is foggy so I am not able to decide anything. I am unsure whether its vitamin deficiency or lack of sport. So this one is for mental recovery, in a hope that I will feel better.",2026-05-21_08-41-02_hk_1779345662.fit,133,2026-05-21T06:43:17.000Z,132.000,342.76,,168,79,2.285,29.69,50.817726,4.401774
2026-05-21,Running,Mental Recovery Run,"After a ten days pause in which I had so many downs including neck muscle spasm and tooth pain, I tried to finish one more run. From past few days my mind is foggy so I am not able to decide anything. I am unsure whether its vitamin deficiency or lack of sport. So this one is for mental recovery, in a hope that I will feel better.",2026-05-21_08-41-02_hk_1779345662.fit,134,2026-05-21T06:43:18.000Z,133.000,346.02,,176,79,2.345,29.69,50.817708,4.401756
2026-05-21,Running,Mental Recovery Run,"After a ten days pause in which I had so many downs including neck muscle spasm and tooth pain, I tried to finish one more run. From past few days my mind is foggy so I am not able to decide anything. I am unsure whether its vitamin deficiency or lack of sport. So this one is for mental recovery, in a hope that I will feel better.",2026-05-21_08-41-02_hk_1779345662.fit,135,2026-05-21T06:43:19.000Z,134.000,349.79,,176,79,2.506,29.69,50.81769,4.40172
2026-05-21,Running,Mental Recovery Run,"After a ten days pause in which I had so many downs including neck muscle spasm and tooth pain, I tried to finish one more run. From past few days my mind is foggy so I am not able to decide anything. I am unsure whether its vitamin deficiency or lack of sport. So this one is for mental recovery, in a hope that I will feel better.",2026-05-21_08-41-02_hk_1779345662.fit,136,2026-05-21T06:43:20.000Z,135.000,353.57,,180,79,2.613,29.69,50.817654,4.401684
2026-05-21,Running,Mental Recovery Run,"After a ten days pause in which I had so many downs including neck muscle spasm and tooth pain, I tried to finish one more run. From past few days my mind is foggy so I am not able to decide anything. I am unsure whether its vitamin deficiency or lack of sport. So this one is for mental recovery, in a hope that I will feel better.",2026-05-21_08-41-02_hk_1779345662.fit,137,2026-05-21T06:43:21.000Z,136.000,356.34,,180,79,2.624,29.68,50.817636,4.401666
2026-05-21,Running,Mental Recovery Run,"After a ten days pause in which I had so many downs including neck muscle spasm and tooth pain, I tried to finish one more run. From past few days my mind is foggy so I am not able to decide anything. I am unsure whether its vitamin deficiency or lack of sport. So this one is for mental recovery, in a hope that I will feel better.",2026-05-21_08-41-02_hk_1779345662.fit,138,2026-05-21T06:43:22.000Z,137.000,359.1,,180,79,2.69,29.68,50.817618,4.40163
2026-05-21,Running,Mental Recovery Run,"After a ten days pause in which I had so many downs including neck muscle spasm and tooth pain, I tried to finish one more run. From past few days my mind is foggy so I am not able to decide anything. I am unsure whether its vitamin deficiency or lack of sport. So this one is for mental recovery, in a hope that I will feel better.",2026-05-21_08-41-02_hk_1779345662.fit,139,2026-05-21T06:43:23.000Z,138.000,361.87,,184,79,2.815,29.68,50.8176,4.401594
2026-05-21,Running,Mental Recovery Run,"After a ten days pause in which I had so many downs including neck muscle spasm and tooth pain, I tried to finish one more run. From past few days my mind is foggy so I am not able to decide anything. I am unsure whether its vitamin deficiency or lack of sport. So this one is for mental recovery, in a hope that I will feel better.",2026-05-21_08-41-02_hk_1779345662.fit,140,2026-05-21T06:43:24.000Z,139.000,364.41,,184,79,2.801,29.68,50.817582,4.401576
2026-05-21,Running,Mental Recovery Run,"After a ten days pause in which I had so many downs including neck muscle spasm and tooth pain, I tried to finish one more run. From past few days my mind is foggy so I am not able to decide anything. I am unsure whether its vitamin deficiency or lack of sport. So this one is for mental recovery, in a hope that I will feel better.",2026-05-21_08-41-02_hk_1779345662.fit,141,2026-05-21T06:43:25.000Z,140.000,366.95,,181,79,2.711,29.68,50.817582,4.40154
2026-05-21,Running,Mental Recovery Run,"After a ten days pause in which I had so many downs including neck muscle spasm and tooth pain, I tried to finish one more run. From past few days my mind is foggy so I am not able to decide anything. I am unsure whether its vitamin deficiency or lack of sport. So this one is for mental recovery, in a hope that I will feel better.",2026-05-21_08-41-02_hk_1779345662.fit,142,2026-05-21T06:43:26.000Z,141.000,368.88,,181,79,2.672,29.68,50.817564,4.401504
2026-05-21,Running,Mental Recovery Run,"After a ten days pause in which I had so many downs including neck muscle spasm and tooth pain, I tried to finish one more run. From past few days my mind is foggy so I am not able to decide anything. I am unsure whether its vitamin deficiency or lack of sport. So this one is for mental recovery, in a hope that I will feel better.",2026-05-21_08-41-02_hk_1779345662.fit,143,2026-05-21T06:43:27.000Z,142.000,370.8,,181,79,2.555,29.68,50.817564,4.401468
2026-05-21,Running,Mental Recovery Run,"After a ten days pause in which I had so many downs including neck muscle spasm and tooth pain, I tried to finish one more run. From past few days my mind is foggy so I am not able to decide anything. I am unsure whether its vitamin deficiency or lack of sport. So this one is for mental recovery, in a hope that I will feel better.",2026-05-21_08-41-02_hk_1779345662.fit,144,2026-05-21T06:43:28.000Z,143.000,372.73,,177,79,2.552,29.67,50.817546,4.401432
2026-05-21,Running,Mental Recovery Run,"After a ten days pause in which I had so many downs including neck muscle spasm and tooth pain, I tried to finish one more run. From past few days my mind is foggy so I am not able to decide anything. I am unsure whether its vitamin deficiency or lack of sport. So this one is for mental recovery, in a hope that I will feel better.",2026-05-21_08-41-02_hk_1779345662.fit,145,2026-05-21T06:43:29.000Z,144.000,376.06,,177,79,2.654,29.67,50.817546,4.401396
2026-05-21,Running,Mental Recovery Run,"After a ten days pause in which I had so many downs including neck muscle spasm and tooth pain, I tried to finish one more run. From past few days my mind is foggy so I am not able to decide anything. I am unsure whether its vitamin deficiency or lack of sport. So this one is for mental recovery, in a hope that I will feel better.",2026-05-21_08-41-02_hk_1779345662.fit,146,2026-05-21T06:43:30.000Z,145.000,379.4,,176,82,2.701,29.67,50.817528,4.40136
2026-05-21,Running,Mental Recovery Run,"After a ten days pause in which I had so many downs including neck muscle spasm and tooth pain, I tried to finish one more run. From past few days my mind is foggy so I am not able to decide anything. I am unsure whether its vitamin deficiency or lack of sport. So this one is for mental recovery, in a hope that I will feel better.",2026-05-21_08-41-02_hk_1779345662.fit,147,2026-05-21T06:43:31.000Z,146.000,381.77,,176,82,2.697,29.67,50.81751,4.401324
2026-05-21,Running,Mental Recovery Run,"After a ten days pause in which I had so many downs including neck muscle spasm and tooth pain, I tried to finish one more run. From past few days my mind is foggy so I am not able to decide anything. I am unsure whether its vitamin deficiency or lack of sport. So this one is for mental recovery, in a hope that I will feel better.",2026-05-21_08-41-02_hk_1779345662.fit,148,2026-05-21T06:43:32.000Z,147.000,384.15,,176,82,2.722,29.67,50.81751,4.401306
2026-05-21,Running,Mental Recovery Run,"After a ten days pause in which I had so many downs including neck muscle spasm and tooth pain, I tried to finish one more run. From past few days my mind is foggy so I am not able to decide anything. I am unsure whether its vitamin deficiency or lack of sport. So this one is for mental recovery, in a hope that I will feel better.",2026-05-21_08-41-02_hk_1779345662.fit,149,2026-05-21T06:43:33.000Z,148.000,386.52,,179,79,2.793,29.67,50.817492,4.40127
2026-05-21,Running,Mental Recovery Run,"After a ten days pause in which I had so many downs including neck muscle spasm and tooth pain, I tried to finish one more run. From past few days my mind is foggy so I am not able to decide anything. I am unsure whether its vitamin deficiency or lack of sport. So this one is for mental recovery, in a hope that I will feel better.",2026-05-21_08-41-02_hk_1779345662.fit,150,2026-05-21T06:43:34.000Z,149.000,390.06,,179,79,2.809,29.67,50.817474,4.401234
2026-05-21,Running,Mental Recovery Run,"After a ten days pause in which I had so many downs including neck muscle spasm and tooth pain, I tried to finish one more run. From past few days my mind is foggy so I am not able to decide anything. I am unsure whether its vitamin deficiency or lack of sport. So this one is for mental recovery, in a hope that I will feel better.",2026-05-21_08-41-02_hk_1779345662.fit,151,2026-05-21T06:43:35.000Z,150.000,393.61,,179,79,2.825,29.67,50.817456,4.401198
2026-05-21,Running,Mental Recovery Run,"After a ten days pause in which I had so many downs including neck muscle spasm and tooth pain, I tried to finish one more run. From past few days my mind is foggy so I am not able to decide anything. I am unsure whether its vitamin deficiency or lack of sport. So this one is for mental recovery, in a hope that I will feel better.",2026-05-21_08-41-02_hk_1779345662.fit,152,2026-05-21T06:43:36.000Z,151.000,396.04,,179,79,2.779,29.66,50.817438,4.40118
2026-05-21,Running,Mental Recovery Run,"After a ten days pause in which I had so many downs including neck muscle spasm and tooth pain, I tried to finish one more run. From past few days my mind is foggy so I am not able to decide anything. I am unsure whether its vitamin deficiency or lack of sport. So this one is for mental recovery, in a hope that I will feel better.",2026-05-21_08-41-02_hk_1779345662.fit,153,2026-05-21T06:43:37.000Z,152.000,398.47,,179,79,2.76,29.66,50.81742,4.401144
2026-05-21,Running,Mental Recovery Run,"After a ten days pause in which I had so many downs including neck muscle spasm and tooth pain, I tried to finish one more run. From past few days my mind is foggy so I am not able to decide anything. I am unsure whether its vitamin deficiency or lack of sport. So this one is for mental recovery, in a hope that I will feel better.",2026-05-21_08-41-02_hk_1779345662.fit,154,2026-05-21T06:43:38.000Z,153.000,400.9,,179,79,2.69,29.66,50.817402,4.401108
2026-05-21,Running,Mental Recovery Run,"After a ten days pause in which I had so many downs including neck muscle spasm and tooth pain, I tried to finish one more run. From past few days my mind is foggy so I am not able to decide anything. I am unsure whether its vitamin deficiency or lack of sport. So this one is for mental recovery, in a hope that I will feel better.",2026-05-21_08-41-02_hk_1779345662.fit,155,2026-05-21T06:43:39.000Z,154.000,403.36,,179,79,2.678,29.66,50.817402,4.401072
2026-05-21,Running,Mental Recovery Run,"After a ten days pause in which I had so many downs including neck muscle spasm and tooth pain, I tried to finish one more run. From past few days my mind is foggy so I am not able to decide anything. I am unsure whether its vitamin deficiency or lack of sport. So this one is for mental recovery, in a hope that I will feel better.",2026-05-21_08-41-02_hk_1779345662.fit,156,2026-05-21T06:43:40.000Z,155.000,405.83,,179,79,2.613,29.66,50.817384,4.401036
2026-05-21,Running,Mental Recovery Run,"After a ten days pause in which I had so many downs including neck muscle spasm and tooth pain, I tried to finish one more run. From past few days my mind is foggy so I am not able to decide anything. I am unsure whether its vitamin deficiency or lack of sport. So this one is for mental recovery, in a hope that I will feel better.",2026-05-21_08-41-02_hk_1779345662.fit,157,2026-05-21T06:43:41.000Z,156.000,408.3,,180,79,2.598,29.66,50.817384,4.401
2026-05-21,Running,Mental Recovery Run,"After a ten days pause in which I had so many downs including neck muscle spasm and tooth pain, I tried to finish one more run. From past few days my mind is foggy so I am not able to decide anything. I am unsure whether its vitamin deficiency or lack of sport. So this one is for mental recovery, in a hope that I will feel better.",2026-05-21_08-41-02_hk_1779345662.fit,158,2026-05-21T06:43:42.000Z,157.000,411.65,,180,81,2.627,29.66,50.817366,4.400964
2026-05-21,Running,Mental Recovery Run,"After a ten days pause in which I had so many downs including neck muscle spasm and tooth pain, I tried to finish one more run. From past few days my mind is foggy so I am not able to decide anything. I am unsure whether its vitamin deficiency or lack of sport. So this one is for mental recovery, in a hope that I will feel better.",2026-05-21_08-41-02_hk_1779345662.fit,159,2026-05-21T06:43:43.000Z,158.000,415.01,,180,81,2.663,29.66,50.817348,4.400928
2026-05-21,Running,Mental Recovery Run,"After a ten days pause in which I had so many downs including neck muscle spasm and tooth pain, I tried to finish one more run. From past few days my mind is foggy so I am not able to decide anything. I am unsure whether its vitamin deficiency or lack of sport. So this one is for mental recovery, in a hope that I will feel better.",2026-05-21_08-41-02_hk_1779345662.fit,160,2026-05-21T06:43:44.000Z,159.000,417.26,,180,81,2.648,29.66,50.81733,4.400892
2026-05-21,Running,Mental Recovery Run,"After a ten days pause in which I had so many downs including neck muscle spasm and tooth pain, I tried to finish one more run. From past few days my mind is foggy so I am not able to decide anything. I am unsure whether its vitamin deficiency or lack of sport. So this one is for mental recovery, in a hope that I will feel better.",2026-05-21_08-41-02_hk_1779345662.fit,161,2026-05-21T06:43:45.000Z,160.000,419.51,,180,82,2.665,29.66,50.817312,4.400856
2026-05-21,Running,Mental Recovery Run,"After a ten days pause in which I had so many downs including neck muscle spasm and tooth pain, I tried to finish one more run. From past few days my mind is foggy so I am not able to decide anything. I am unsure whether its vitamin deficiency or lack of sport. So this one is for mental recovery, in a hope that I will feel better.",2026-05-21_08-41-02_hk_1779345662.fit,162,2026-05-21T06:43:46.000Z,161.000,421.77,,179,82,2.682,29.65,50.817312,4.400838
2026-05-21,Running,Mental Recovery Run,"After a ten days pause in which I had so many downs including neck muscle spasm and tooth pain, I tried to finish one more run. From past few days my mind is foggy so I am not able to decide anything. I am unsure whether its vitamin deficiency or lack of sport. So this one is for mental recovery, in a hope that I will feel better.",2026-05-21_08-41-02_hk_1779345662.fit,163,2026-05-21T06:43:47.000Z,162.000,424.73,,179,82,2.737,29.65,50.817294,4.400802
2026-05-21,Running,Mental Recovery Run,"After a ten days pause in which I had so many downs including neck muscle spasm and tooth pain, I tried to finish one more run. From past few days my mind is foggy so I am not able to decide anything. I am unsure whether its vitamin deficiency or lack of sport. So this one is for mental recovery, in a hope that I will feel better.",2026-05-21_08-41-02_hk_1779345662.fit,164,2026-05-21T06:43:48.000Z,163.000,427.7,,178,79,2.718,29.65,50.817276,4.400766
2026-05-21,Running,Mental Recovery Run,"After a ten days pause in which I had so many downs including neck muscle spasm and tooth pain, I tried to finish one more run. From past few days my mind is foggy so I am not able to decide anything. I am unsure whether its vitamin deficiency or lack of sport. So this one is for mental recovery, in a hope that I will feel better.",2026-05-21_08-41-02_hk_1779345662.fit,165,2026-05-21T06:43:49.000Z,164.000,429.99,,178,79,2.663,29.65,50.817276,4.40073
2026-05-21,Running,Mental Recovery Run,"After a ten days pause in which I had so many downs including neck muscle spasm and tooth pain, I tried to finish one more run. From past few days my mind is foggy so I am not able to decide anything. I am unsure whether its vitamin deficiency or lack of sport. So this one is for mental recovery, in a hope that I will feel better.",2026-05-21_08-41-02_hk_1779345662.fit,166,2026-05-21T06:43:50.000Z,165.000,432.29,,178,79,2.659,29.65,50.817258,4.400694
2026-05-21,Running,Mental Recovery Run,"After a ten days pause in which I had so many downs including neck muscle spasm and tooth pain, I tried to finish one more run. From past few days my mind is foggy so I am not able to decide anything. I am unsure whether its vitamin deficiency or lack of sport. So this one is for mental recovery, in a hope that I will feel better.",2026-05-21_08-41-02_hk_1779345662.fit,167,2026-05-21T06:43:51.000Z,166.000,434.58,,178,79,2.655,29.65,50.817258,4.400658
2026-05-21,Running,Mental Recovery Run,"After a ten days pause in which I had so many downs including neck muscle spasm and tooth pain, I tried to finish one more run. From past few days my mind is foggy so I am not able to decide anything. I am unsure whether its vitamin deficiency or lack of sport. So this one is for mental recovery, in a hope that I will feel better.",2026-05-21_08-41-02_hk_1779345662.fit,168,2026-05-21T06:43:52.000Z,167.000,437.92,,178,79,2.705,29.64,50.81724,4.400622
2026-05-21,Running,Mental Recovery Run,"After a ten days pause in which I had so many downs including neck muscle spasm and tooth pain, I tried to finish one more run. From past few days my mind is foggy so I am not able to decide anything. I am unsure whether its vitamin deficiency or lack of sport. So this one is for mental recovery, in a hope that I will feel better.",2026-05-21_08-41-02_hk_1779345662.fit,169,2026-05-21T06:43:53.000Z,168.000,441.25,,176,79,2.694,29.64,50.81724,4.400586
2026-05-21,Running,Mental Recovery Run,"After a ten days pause in which I had so many downs including neck muscle spasm and tooth pain, I tried to finish one more run. From past few days my mind is foggy so I am not able to decide anything. I am unsure whether its vitamin deficiency or lack of sport. So this one is for mental recovery, in a hope that I will feel better.",2026-05-21_08-41-02_hk_1779345662.fit,170,2026-05-21T06:43:54.000Z,169.000,443.71,,176,79,2.637,29.64,50.817222,4.40055
2026-05-21,Running,Mental Recovery Run,"After a ten days pause in which I had so many downs including neck muscle spasm and tooth pain, I tried to finish one more run. From past few days my mind is foggy so I am not able to decide anything. I am unsure whether its vitamin deficiency or lack of sport. So this one is for mental recovery, in a hope that I will feel better.",2026-05-21_08-41-02_hk_1779345662.fit,171,2026-05-21T06:43:55.000Z,170.000,446.18,,176,79,2.639,29.64,50.817222,4.400514
2026-05-21,Running,Mental Recovery Run,"After a ten days pause in which I had so many downs including neck muscle spasm and tooth pain, I tried to finish one more run. From past few days my mind is foggy so I am not able to decide anything. I am unsure whether its vitamin deficiency or lack of sport. So this one is for mental recovery, in a hope that I will feel better.",2026-05-21_08-41-02_hk_1779345662.fit,172,2026-05-21T06:43:56.000Z,171.000,448.64,,177,79,2.641,29.64,50.817222,4.400478
2026-05-21,Running,Mental Recovery Run,"After a ten days pause in which I had so many downs including neck muscle spasm and tooth pain, I tried to finish one more run. From past few days my mind is foggy so I am not able to decide anything. I am unsure whether its vitamin deficiency or lack of sport. So this one is for mental recovery, in a hope that I will feel better.",2026-05-21_08-41-02_hk_1779345662.fit,173,2026-05-21T06:43:57.000Z,172.000,452.33,,177,79,2.707,29.64,50.817204,4.400442
2026-05-21,Running,Mental Recovery Run,"After a ten days pause in which I had so many downs including neck muscle spasm and tooth pain, I tried to finish one more run. From past few days my mind is foggy so I am not able to decide anything. I am unsure whether its vitamin deficiency or lack of sport. So this one is for mental recovery, in a hope that I will feel better.",2026-05-21_08-41-02_hk_1779345662.fit,174,2026-05-21T06:43:58.000Z,173.000,456.02,,181,79,2.788,29.63,50.817204,4.400406
2026-05-21,Running,Mental Recovery Run,"After a ten days pause in which I had so many downs including neck muscle spasm and tooth pain, I tried to finish one more run. From past few days my mind is foggy so I am not able to decide anything. I am unsure whether its vitamin deficiency or lack of sport. So this one is for mental recovery, in a hope that I will feel better.",2026-05-21_08-41-02_hk_1779345662.fit,175,2026-05-21T06:43:59.000Z,174.000,458.36,,181,79,2.782,29.63,50.817186,4.40037
2026-05-21,Running,Mental Recovery Run,"After a ten days pause in which I had so many downs including neck muscle spasm and tooth pain, I tried to finish one more run. From past few days my mind is foggy so I am not able to decide anything. I am unsure whether its vitamin deficiency or lack of sport. So this one is for mental recovery, in a hope that I will feel better.",2026-05-21_08-41-02_hk_1779345662.fit,176,2026-05-21T06:44:00.000Z,175.000,460.71,,181,79,2.759,29.63,50.817186,4.400334
2026-05-21,Running,Mental Recovery Run,"After a ten days pause in which I had so many downs including neck muscle spasm and tooth pain, I tried to finish one more run. From past few days my mind is foggy so I am not able to decide anything. I am unsure whether its vitamin deficiency or lack of sport. So this one is for mental recovery, in a hope that I will feel better.",2026-05-21_08-41-02_hk_1779345662.fit,177,2026-05-21T06:44:01.000Z,176.000,463.06,,182,79,2.706,29.63,50.817168,4.400298
2026-05-21,Running,Mental Recovery Run,"After a ten days pause in which I had so many downs including neck muscle spasm and tooth pain, I tried to finish one more run. From past few days my mind is foggy so I am not able to decide anything. I am unsure whether its vitamin deficiency or lack of sport. So this one is for mental recovery, in a hope that I will feel better.",2026-05-21_08-41-02_hk_1779345662.fit,178,2026-05-21T06:44:02.000Z,177.000,465.23,,182,79,2.643,29.63,50.817168,4.400262
2026-05-21,Running,Mental Recovery Run,"After a ten days pause in which I had so many downs including neck muscle spasm and tooth pain, I tried to finish one more run. From past few days my mind is foggy so I am not able to decide anything. I am unsure whether its vitamin deficiency or lack of sport. So this one is for mental recovery, in a hope that I will feel better.",2026-05-21_08-41-02_hk_1779345662.fit,179,2026-05-21T06:44:03.000Z,178.000,467.4,,182,79,2.639,29.63,50.81715,4.400226
2026-05-21,Running,Mental Recovery Run,"After a ten days pause in which I had so many downs including neck muscle spasm and tooth pain, I tried to finish one more run. From past few days my mind is foggy so I am not able to decide anything. I am unsure whether its vitamin deficiency or lack of sport. So this one is for mental recovery, in a hope that I will feel better.",2026-05-21_08-41-02_hk_1779345662.fit,180,2026-05-21T06:44:04.000Z,179.000,469.57,,181,79,2.634,29.63,50.81715,4.40019
2026-05-21,Running,Mental Recovery Run,"After a ten days pause in which I had so many downs including neck muscle spasm and tooth pain, I tried to finish one more run. From past few days my mind is foggy so I am not able to decide anything. I am unsure whether its vitamin deficiency or lack of sport. So this one is for mental recovery, in a hope that I will feel better.",2026-05-21_08-41-02_hk_1779345662.fit,181,2026-05-21T06:44:05.000Z,180.000,472.18,,181,79,2.653,29.63,50.81715,4.400172
2026-05-21,Running,Mental Recovery Run,"After a ten days pause in which I had so many downs including neck muscle spasm and tooth pain, I tried to finish one more run. From past few days my mind is foggy so I am not able to decide anything. I am unsure whether its vitamin deficiency or lack of sport. So this one is for mental recovery, in a hope that I will feel better.",2026-05-21_08-41-02_hk_1779345662.fit,182,2026-05-21T06:44:06.000Z,181.000,474.79,,175,79,2.635,29.63,50.81715,4.400136
2026-05-21,Running,Mental Recovery Run,"After a ten days pause in which I had so many downs including neck muscle spasm and tooth pain, I tried to finish one more run. From past few days my mind is foggy so I am not able to decide anything. I am unsure whether its vitamin deficiency or lack of sport. So this one is for mental recovery, in a hope that I will feel better.",2026-05-21_08-41-02_hk_1779345662.fit,183,2026-05-21T06:44:07.000Z,182.000,476.03,,175,79,2.565,29.63,50.817132,4.4001
2026-05-21,Running,Mental Recovery Run,"After a ten days pause in which I had so many downs including neck muscle spasm and tooth pain, I tried to finish one more run. From past few days my mind is foggy so I am not able to decide anything. I am unsure whether its vitamin deficiency or lack of sport. So this one is for mental recovery, in a hope that I will feel better.",2026-05-21_08-41-02_hk_1779345662.fit,184,2026-05-21T06:44:08.000Z,183.000,477.27,,175,79,2.502,29.63,50.817132,4.400064
2026-05-21,Running,Mental Recovery Run,"After a ten days pause in which I had so many downs including neck muscle spasm and tooth pain, I tried to finish one more run. From past few days my mind is foggy so I am not able to decide anything. I am unsure whether its vitamin deficiency or lack of sport. So this one is for mental recovery, in a hope that I will feel better.",2026-05-21_08-41-02_hk_1779345662.fit,185,2026-05-21T06:44:09.000Z,184.000,478.51,,164,82,2.42,29.63,50.817132,4.400046
2026-05-21,Running,Mental Recovery Run,"After a ten days pause in which I had so many downs including neck muscle spasm and tooth pain, I tried to finish one more run. From past few days my mind is foggy so I am not able to decide anything. I am unsure whether its vitamin deficiency or lack of sport. So this one is for mental recovery, in a hope that I will feel better.",2026-05-21_08-41-02_hk_1779345662.fit,186,2026-05-21T06:44:10.000Z,185.000,481.92,,164,82,2.472,29.63,50.817132,4.40001
2026-05-21,Running,Mental Recovery Run,"After a ten days pause in which I had so many downs including neck muscle spasm and tooth pain, I tried to finish one more run. From past few days my mind is foggy so I am not able to decide anything. I am unsure whether its vitamin deficiency or lack of sport. So this one is for mental recovery, in a hope that I will feel better.",2026-05-21_08-41-02_hk_1779345662.fit,187,2026-05-21T06:44:11.000Z,186.000,485.32,,167,82,2.537,29.63,50.817132,4.399992
2026-05-21,Running,Mental Recovery Run,"After a ten days pause in which I had so many downs including neck muscle spasm and tooth pain, I tried to finish one more run. From past few days my mind is foggy so I am not able to decide anything. I am unsure whether its vitamin deficiency or lack of sport. So this one is for mental recovery, in a hope that I will feel better.",2026-05-21_08-41-02_hk_1779345662.fit,188,2026-05-21T06:44:12.000Z,187.000,487.07,,167,81,2.499,29.63,50.817114,4.399974
2026-05-21,Running,Mental Recovery Run,"After a ten days pause in which I had so many downs including neck muscle spasm and tooth pain, I tried to finish one more run. From past few days my mind is foggy so I am not able to decide anything. I am unsure whether its vitamin deficiency or lack of sport. So this one is for mental recovery, in a hope that I will feel better.",2026-05-21_08-41-02_hk_1779345662.fit,189,2026-05-21T06:44:13.000Z,188.000,488.82,,167,81,2.424,29.63,50.817114,4.399938
2026-05-21,Running,Mental Recovery Run,"After a ten days pause in which I had so many downs including neck muscle spasm and tooth pain, I tried to finish one more run. From past few days my mind is foggy so I am not able to decide anything. I am unsure whether its vitamin deficiency or lack of sport. So this one is for mental recovery, in a hope that I will feel better.",2026-05-21_08-41-02_hk_1779345662.fit,190,2026-05-21T06:44:14.000Z,189.000,490.56,,167,81,2.393,29.62,50.817114,4.39992
2026-05-21,Running,Mental Recovery Run,"After a ten days pause in which I had so many downs including neck muscle spasm and tooth pain, I tried to finish one more run. From past few days my mind is foggy so I am not able to decide anything. I am unsure whether its vitamin deficiency or lack of sport. So this one is for mental recovery, in a hope that I will feel better.",2026-05-21_08-41-02_hk_1779345662.fit,191,2026-05-21T06:44:15.000Z,190.000,493.77,,167,79,2.384,29.62,50.817114,4.399884
2026-05-21,Running,Mental Recovery Run,"After a ten days pause in which I had so many downs including neck muscle spasm and tooth pain, I tried to finish one more run. From past few days my mind is foggy so I am not able to decide anything. I am unsure whether its vitamin deficiency or lack of sport. So this one is for mental recovery, in a hope that I will feel better.",2026-05-21_08-41-02_hk_1779345662.fit,192,2026-05-21T06:44:16.000Z,191.000,496.98,,168,79,2.419,29.62,50.817114,4.399848
2026-05-21,Running,Mental Recovery Run,"After a ten days pause in which I had so many downs including neck muscle spasm and tooth pain, I tried to finish one more run. From past few days my mind is foggy so I am not able to decide anything. I am unsure whether its vitamin deficiency or lack of sport. So this one is for mental recovery, in a hope that I will feel better.",2026-05-21_08-41-02_hk_1779345662.fit,193,2026-05-21T06:44:17.000Z,192.000,499.49,,168,79,2.421,29.62,50.817114,4.399812
2026-05-21,Running,Mental Recovery Run,"After a ten days pause in which I had so many downs including neck muscle spasm and tooth pain, I tried to finish one more run. From past few days my mind is foggy so I am not able to decide anything. I am unsure whether its vitamin deficiency or lack of sport. So this one is for mental recovery, in a hope that I will feel better.",2026-05-21_08-41-02_hk_1779345662.fit,194,2026-05-21T06:44:18.000Z,193.000,501.99,,168,79,2.425,29.62,50.817114,4.399776
2026-05-21,Running,Mental Recovery Run,"After a ten days pause in which I had so many downs including neck muscle spasm and tooth pain, I tried to finish one more run. From past few days my mind is foggy so I am not able to decide anything. I am unsure whether its vitamin deficiency or lack of sport. So this one is for mental recovery, in a hope that I will feel better.",2026-05-21_08-41-02_hk_1779345662.fit,195,2026-05-21T06:44:19.000Z,194.000,504.5,,172,79,2.371,29.62,50.817114,4.39974
2026-05-21,Running,Mental Recovery Run,"After a ten days pause in which I had so many downs including neck muscle spasm and tooth pain, I tried to finish one more run. From past few days my mind is foggy so I am not able to decide anything. I am unsure whether its vitamin deficiency or lack of sport. So this one is for mental recovery, in a hope that I will feel better.",2026-05-21_08-41-02_hk_1779345662.fit,196,2026-05-21T06:44:20.000Z,195.000,507.61,,172,79,2.345,29.61,50.817096,4.399704
2026-05-21,Running,Mental Recovery Run,"After a ten days pause in which I had so many downs including neck muscle spasm and tooth pain, I tried to finish one more run. From past few days my mind is foggy so I am not able to decide anything. I am unsure whether its vitamin deficiency or lack of sport. So this one is for mental recovery, in a hope that I will feel better.",2026-05-21_08-41-02_hk_1779345662.fit,197,2026-05-21T06:44:21.000Z,196.000,510.72,,172,79,2.381,29.61,50.817096,4.39965
2026-05-21,Running,Mental Recovery Run,"After a ten days pause in which I had so many downs including neck muscle spasm and tooth pain, I tried to finish one more run. From past few days my mind is foggy so I am not able to decide anything. I am unsure whether its vitamin deficiency or lack of sport. So this one is for mental recovery, in a hope that I will feel better.",2026-05-21_08-41-02_hk_1779345662.fit,198,2026-05-21T06:44:22.000Z,197.000,513.83,,172,79,2.417,29.61,50.817096,4.399614
2026-05-21,Running,Mental Recovery Run,"After a ten days pause in which I had so many downs including neck muscle spasm and tooth pain, I tried to finish one more run. From past few days my mind is foggy so I am not able to decide anything. I am unsure whether its vitamin deficiency or lack of sport. So this one is for mental recovery, in a hope that I will feel better.",2026-05-21_08-41-02_hk_1779345662.fit,199,2026-05-21T06:44:23.000Z,198.000,514.92,,172,79,2.357,29.61,50.817078,4.39956
2026-05-21,Running,Mental Recovery Run,"After a ten days pause in which I had so many downs including neck muscle spasm and tooth pain, I tried to finish one more run. From past few days my mind is foggy so I am not able to decide anything. I am unsure whether its vitamin deficiency or lack of sport. So this one is for mental recovery, in a hope that I will feel better.",2026-05-21_08-41-02_hk_1779345662.fit,200,2026-05-21T06:44:24.000Z,199.000,516.01,,184,82,2.308,29.61,50.817078,4.399524
2026-05-21,Running,Mental Recovery Run,"After a ten days pause in which I had so many downs including neck muscle spasm and tooth pain, I tried to finish one more run. From past few days my mind is foggy so I am not able to decide anything. I am unsure whether its vitamin deficiency or lack of sport. So this one is for mental recovery, in a hope that I will feel better.",2026-05-21_08-41-02_hk_1779345662.fit,201,2026-05-21T06:44:25.000Z,200.000,517.1,,184,82,2.255,29.6,50.817078,4.39947
2026-05-21,Running,Mental Recovery Run,"After a ten days pause in which I had so many downs including neck muscle spasm and tooth pain, I tried to finish one more run. From past few days my mind is foggy so I am not able to decide anything. I am unsure whether its vitamin deficiency or lack of sport. So this one is for mental recovery, in a hope that I will feel better.",2026-05-21_08-41-02_hk_1779345662.fit,202,2026-05-21T06:44:26.000Z,201.000,518.2,,184,82,2.209,29.6,50.81706,4.399434
2026-05-21,Running,Mental Recovery Run,"After a ten days pause in which I had so many downs including neck muscle spasm and tooth pain, I tried to finish one more run. From past few days my mind is foggy so I am not able to decide anything. I am unsure whether its vitamin deficiency or lack of sport. So this one is for mental recovery, in a hope that I will feel better.",2026-05-21_08-41-02_hk_1779345662.fit,203,2026-05-21T06:44:27.000Z,202.000,519.29,,183,82,2.162,29.6,50.81706,4.399398
2026-05-21,Running,Mental Recovery Run,"After a ten days pause in which I had so many downs including neck muscle spasm and tooth pain, I tried to finish one more run. From past few days my mind is foggy so I am not able to decide anything. I am unsure whether its vitamin deficiency or lack of sport. So this one is for mental recovery, in a hope that I will feel better.",2026-05-21_08-41-02_hk_1779345662.fit,204,2026-05-21T06:44:28.000Z,203.000,520.38,,183,82,2.117,29.6,50.81706,4.399362
2026-05-21,Running,Mental Recovery Run,"After a ten days pause in which I had so many downs including neck muscle spasm and tooth pain, I tried to finish one more run. From past few days my mind is foggy so I am not able to decide anything. I am unsure whether its vitamin deficiency or lack of sport. So this one is for mental recovery, in a hope that I will feel better.",2026-05-21_08-41-02_hk_1779345662.fit,205,2026-05-21T06:44:29.000Z,204.000,521.48,,189,82,2.076,29.6,50.817042,4.399308
2026-05-21,Running,Mental Recovery Run,"After a ten days pause in which I had so many downs including neck muscle spasm and tooth pain, I tried to finish one more run. From past few days my mind is foggy so I am not able to decide anything. I am unsure whether its vitamin deficiency or lack of sport. So this one is for mental recovery, in a hope that I will feel better.",2026-05-21_08-41-02_hk_1779345662.fit,206,2026-05-21T06:44:30.000Z,205.000,523.39,,189,79,2.048,29.6,50.817042,4.399272
2026-05-21,Running,Mental Recovery Run,"After a ten days pause in which I had so many downs including neck muscle spasm and tooth pain, I tried to finish one more run. From past few days my mind is foggy so I am not able to decide anything. I am unsure whether its vitamin deficiency or lack of sport. So this one is for mental recovery, in a hope that I will feel better.",2026-05-21_08-41-02_hk_1779345662.fit,207,2026-05-21T06:44:31.000Z,206.000,525.3,,189,79,2.02,29.6,50.817042,4.399236
2026-05-21,Running,Mental Recovery Run,"After a ten days pause in which I had so many downs including neck muscle spasm and tooth pain, I tried to finish one more run. From past few days my mind is foggy so I am not able to decide anything. I am unsure whether its vitamin deficiency or lack of sport. So this one is for mental recovery, in a hope that I will feel better.",2026-05-21_08-41-02_hk_1779345662.fit,208,2026-05-21T06:44:32.000Z,207.000,527.21,,186,79,2.047,29.6,50.817024,4.3992
2026-05-21,Running,Mental Recovery Run,"After a ten days pause in which I had so many downs including neck muscle spasm and tooth pain, I tried to finish one more run. From past few days my mind is foggy so I am not able to decide anything. I am unsure whether its vitamin deficiency or lack of sport. So this one is for mental recovery, in a hope that I will feel better.",2026-05-21_08-41-02_hk_1779345662.fit,209,2026-05-21T06:44:33.000Z,208.000,530.62,,186,79,2.171,29.6,50.817024,4.399164
2026-05-21,Running,Mental Recovery Run,"After a ten days pause in which I had so many downs including neck muscle spasm and tooth pain, I tried to finish one more run. From past few days my mind is foggy so I am not able to decide anything. I am unsure whether its vitamin deficiency or lack of sport. So this one is for mental recovery, in a hope that I will feel better.",2026-05-21_08-41-02_hk_1779345662.fit,210,2026-05-21T06:44:34.000Z,209.000,534.04,,185,79,2.172,29.6,50.817024,4.399146
2026-05-21,Running,Mental Recovery Run,"After a ten days pause in which I had so many downs including neck muscle spasm and tooth pain, I tried to finish one more run. From past few days my mind is foggy so I am not able to decide anything. I am unsure whether its vitamin deficiency or lack of sport. So this one is for mental recovery, in a hope that I will feel better.",2026-05-21_08-41-02_hk_1779345662.fit,211,2026-05-21T06:44:35.000Z,210.000,536.21,,185,79,2.12,29.6,50.817024,4.39911
2026-05-21,Running,Mental Recovery Run,"After a ten days pause in which I had so many downs including neck muscle spasm and tooth pain, I tried to finish one more run. From past few days my mind is foggy so I am not able to decide anything. I am unsure whether its vitamin deficiency or lack of sport. So this one is for mental recovery, in a hope that I will feel better.",2026-05-21_08-41-02_hk_1779345662.fit,212,2026-05-21T06:44:36.000Z,211.000,538.38,,185,79,2.138,29.61,50.817024,4.399074
2026-05-21,Running,Mental Recovery Run,"After a ten days pause in which I had so many downs including neck muscle spasm and tooth pain, I tried to finish one more run. From past few days my mind is foggy so I am not able to decide anything. I am unsure whether its vitamin deficiency or lack of sport. So this one is for mental recovery, in a hope that I will feel better.",2026-05-21_08-41-02_hk_1779345662.fit,213,2026-05-21T06:44:37.000Z,212.000,540.55,,185,79,2.156,29.61,50.817024,4.399038
2026-05-21,Running,Mental Recovery Run,"After a ten days pause in which I had so many downs including neck muscle spasm and tooth pain, I tried to finish one more run. From past few days my mind is foggy so I am not able to decide anything. I am unsure whether its vitamin deficiency or lack of sport. So this one is for mental recovery, in a hope that I will feel better.",2026-05-21_08-41-02_hk_1779345662.fit,214,2026-05-21T06:44:38.000Z,213.000,543.72,,185,79,2.215,29.61,50.817024,4.399002
2026-05-21,Running,Mental Recovery Run,"After a ten days pause in which I had so many downs including neck muscle spasm and tooth pain, I tried to finish one more run. From past few days my mind is foggy so I am not able to decide anything. I am unsure whether its vitamin deficiency or lack of sport. So this one is for mental recovery, in a hope that I will feel better.",2026-05-21_08-41-02_hk_1779345662.fit,215,2026-05-21T06:44:39.000Z,214.000,546.89,,185,82,2.213,29.61,50.817042,4.398984
2026-05-21,Running,Mental Recovery Run,"After a ten days pause in which I had so many downs including neck muscle spasm and tooth pain, I tried to finish one more run. From past few days my mind is foggy so I am not able to decide anything. I am unsure whether its vitamin deficiency or lack of sport. So this one is for mental recovery, in a hope that I will feel better.",2026-05-21_08-41-02_hk_1779345662.fit,216,2026-05-21T06:44:40.000Z,215.000,549,,185,82,2.167,29.61,50.817042,4.398948
2026-05-21,Running,Mental Recovery Run,"After a ten days pause in which I had so many downs including neck muscle spasm and tooth pain, I tried to finish one more run. From past few days my mind is foggy so I am not able to decide anything. I am unsure whether its vitamin deficiency or lack of sport. So this one is for mental recovery, in a hope that I will feel better.",2026-05-21_08-41-02_hk_1779345662.fit,217,2026-05-21T06:44:41.000Z,216.000,551.12,,185,82,2.151,29.62,50.817042,4.398894
2026-05-21,Running,Mental Recovery Run,"After a ten days pause in which I had so many downs including neck muscle spasm and tooth pain, I tried to finish one more run. From past few days my mind is foggy so I am not able to decide anything. I am unsure whether its vitamin deficiency or lack of sport. So this one is for mental recovery, in a hope that I will feel better.",2026-05-21_08-41-02_hk_1779345662.fit,218,2026-05-21T06:44:42.000Z,217.000,553.23,,185,82,2.135,29.62,50.817042,4.398858
2026-05-21,Running,Mental Recovery Run,"After a ten days pause in which I had so many downs including neck muscle spasm and tooth pain, I tried to finish one more run. From past few days my mind is foggy so I am not able to decide anything. I am unsure whether its vitamin deficiency or lack of sport. So this one is for mental recovery, in a hope that I will feel better.",2026-05-21_08-41-02_hk_1779345662.fit,219,2026-05-21T06:44:43.000Z,218.000,555.47,,185,82,2.124,29.62,50.817042,4.398822
2026-05-21,Running,Mental Recovery Run,"After a ten days pause in which I had so many downs including neck muscle spasm and tooth pain, I tried to finish one more run. From past few days my mind is foggy so I am not able to decide anything. I am unsure whether its vitamin deficiency or lack of sport. So this one is for mental recovery, in a hope that I will feel better.",2026-05-21_08-41-02_hk_1779345662.fit,220,2026-05-21T06:44:44.000Z,219.000,557.71,,185,82,2.088,29.62,50.817042,4.398786
2026-05-21,Running,Mental Recovery Run,"After a ten days pause in which I had so many downs including neck muscle spasm and tooth pain, I tried to finish one more run. From past few days my mind is foggy so I am not able to decide anything. I am unsure whether its vitamin deficiency or lack of sport. So this one is for mental recovery, in a hope that I will feel better.",2026-05-21_08-41-02_hk_1779345662.fit,221,2026-05-21T06:44:45.000Z,220.000,559.95,,186,82,2.094,29.63,50.81706,4.39875
2026-05-21,Running,Mental Recovery Run,"After a ten days pause in which I had so many downs including neck muscle spasm and tooth pain, I tried to finish one more run. From past few days my mind is foggy so I am not able to decide anything. I am unsure whether its vitamin deficiency or lack of sport. So this one is for mental recovery, in a hope that I will feel better.",2026-05-21_08-41-02_hk_1779345662.fit,222,2026-05-21T06:44:46.000Z,221.000,563.02,,186,82,2.092,29.63,50.81706,4.398714
2026-05-21,Running,Mental Recovery Run,"After a ten days pause in which I had so many downs including neck muscle spasm and tooth pain, I tried to finish one more run. From past few days my mind is foggy so I am not able to decide anything. I am unsure whether its vitamin deficiency or lack of sport. So this one is for mental recovery, in a hope that I will feel better.",2026-05-21_08-41-02_hk_1779345662.fit,223,2026-05-21T06:44:47.000Z,222.000,566.08,,186,82,2.177,29.64,50.81706,4.398678
2026-05-21,Running,Mental Recovery Run,"After a ten days pause in which I had so many downs including neck muscle spasm and tooth pain, I tried to finish one more run. From past few days my mind is foggy so I am not able to decide anything. I am unsure whether its vitamin deficiency or lack of sport. So this one is for mental recovery, in a hope that I will feel better.",2026-05-21_08-41-02_hk_1779345662.fit,224,2026-05-21T06:44:48.000Z,223.000,568.65,,186,79,2.293,29.64,50.81706,4.398642
2026-05-21,Running,Mental Recovery Run,"After a ten days pause in which I had so many downs including neck muscle spasm and tooth pain, I tried to finish one more run. From past few days my mind is foggy so I am not able to decide anything. I am unsure whether its vitamin deficiency or lack of sport. So this one is for mental recovery, in a hope that I will feel better.",2026-05-21_08-41-02_hk_1779345662.fit,225,2026-05-21T06:44:49.000Z,224.000,571.22,143,186,79,2.421,29.64,50.81706,4.398606
2026-05-21,Running,Mental Recovery Run,"After a ten days pause in which I had so many downs including neck muscle spasm and tooth pain, I tried to finish one more run. From past few days my mind is foggy so I am not able to decide anything. I am unsure whether its vitamin deficiency or lack of sport. So this one is for mental recovery, in a hope that I will feel better.",2026-05-21_08-41-02_hk_1779345662.fit,226,2026-05-21T06:44:50.000Z,225.000,573.79,143,190,79,2.52,29.65,50.81706,4.39857
2026-05-21,Running,Mental Recovery Run,"After a ten days pause in which I had so many downs including neck muscle spasm and tooth pain, I tried to finish one more run. From past few days my mind is foggy so I am not able to decide anything. I am unsure whether its vitamin deficiency or lack of sport. So this one is for mental recovery, in a hope that I will feel better.",2026-05-21_08-41-02_hk_1779345662.fit,227,2026-05-21T06:44:51.000Z,226.000,577.33,143,190,79,2.638,29.65,50.81706,4.398534
2026-05-21,Running,Mental Recovery Run,"After a ten days pause in which I had so many downs including neck muscle spasm and tooth pain, I tried to finish one more run. From past few days my mind is foggy so I am not able to decide anything. I am unsure whether its vitamin deficiency or lack of sport. So this one is for mental recovery, in a hope that I will feel better.",2026-05-21_08-41-02_hk_1779345662.fit,228,2026-05-21T06:44:52.000Z,227.000,580.88,143,199,79,2.645,29.66,50.81706,4.398498
2026-05-21,Running,Mental Recovery Run,"After a ten days pause in which I had so many downs including neck muscle spasm and tooth pain, I tried to finish one more run. From past few days my mind is foggy so I am not able to decide anything. I am unsure whether its vitamin deficiency or lack of sport. So this one is for mental recovery, in a hope that I will feel better.",2026-05-21_08-41-02_hk_1779345662.fit,229,2026-05-21T06:44:53.000Z,228.000,583.04,143,199,79,2.621,29.66,50.81706,4.398444
2026-05-21,Running,Mental Recovery Run,"After a ten days pause in which I had so many downs including neck muscle spasm and tooth pain, I tried to finish one more run. From past few days my mind is foggy so I am not able to decide anything. I am unsure whether its vitamin deficiency or lack of sport. So this one is for mental recovery, in a hope that I will feel better.",2026-05-21_08-41-02_hk_1779345662.fit,230,2026-05-21T06:44:54.000Z,229.000,585.2,143,199,79,2.558,29.67,50.817078,4.398408
2026-05-21,Running,Mental Recovery Run,"After a ten days pause in which I had so many downs including neck muscle spasm and tooth pain, I tried to finish one more run. From past few days my mind is foggy so I am not able to decide anything. I am unsure whether its vitamin deficiency or lack of sport. So this one is for mental recovery, in a hope that I will feel better.",2026-05-21_08-41-02_hk_1779345662.fit,231,2026-05-21T06:44:55.000Z,230.000,587.37,143,198,79,2.558,29.68,50.817078,4.398372
2026-05-21,Running,Mental Recovery Run,"After a ten days pause in which I had so many downs including neck muscle spasm and tooth pain, I tried to finish one more run. From past few days my mind is foggy so I am not able to decide anything. I am unsure whether its vitamin deficiency or lack of sport. So this one is for mental recovery, in a hope that I will feel better.",2026-05-21_08-41-02_hk_1779345662.fit,232,2026-05-21T06:44:56.000Z,231.000,591.24,143,198,79,2.668,29.68,50.817078,4.398336
2026-05-21,Running,Mental Recovery Run,"After a ten days pause in which I had so many downs including neck muscle spasm and tooth pain, I tried to finish one more run. From past few days my mind is foggy so I am not able to decide anything. I am unsure whether its vitamin deficiency or lack of sport. So this one is for mental recovery, in a hope that I will feel better.",2026-05-21_08-41-02_hk_1779345662.fit,233,2026-05-21T06:44:57.000Z,232.000,595.12,143,200,82,2.705,29.69,50.817078,4.3983
2026-05-21,Running,Mental Recovery Run,"After a ten days pause in which I had so many downs including neck muscle spasm and tooth pain, I tried to finish one more run. From past few days my mind is foggy so I am not able to decide anything. I am unsure whether its vitamin deficiency or lack of sport. So this one is for mental recovery, in a hope that I will feel better.",2026-05-21_08-41-02_hk_1779345662.fit,234,2026-05-21T06:44:58.000Z,233.000,597.38,143,200,82,2.657,29.69,50.817078,4.398264
2026-05-21,Running,Mental Recovery Run,"After a ten days pause in which I had so many downs including neck muscle spasm and tooth pain, I tried to finish one more run. From past few days my mind is foggy so I am not able to decide anything. I am unsure whether its vitamin deficiency or lack of sport. So this one is for mental recovery, in a hope that I will feel better.",2026-05-21_08-41-02_hk_1779345662.fit,235,2026-05-21T06:44:59.000Z,234.000,599.63,143,200,82,2.665,29.7,50.817078,4.398228
2026-05-21,Running,Mental Recovery Run,"After a ten days pause in which I had so many downs including neck muscle spasm and tooth pain, I tried to finish one more run. From past few days my mind is foggy so I am not able to decide anything. I am unsure whether its vitamin deficiency or lack of sport. So this one is for mental recovery, in a hope that I will feel better.",2026-05-21_08-41-02_hk_1779345662.fit,236,2026-05-21T06:45:00.000Z,235.000,601.89,143,201,82,2.672,29.7,50.817096,4.398192
2026-05-21,Running,Mental Recovery Run,"After a ten days pause in which I had so many downs including neck muscle spasm and tooth pain, I tried to finish one more run. From past few days my mind is foggy so I am not able to decide anything. I am unsure whether its vitamin deficiency or lack of sport. So this one is for mental recovery, in a hope that I will feel better.",2026-05-21_08-41-02_hk_1779345662.fit,237,2026-05-21T06:45:01.000Z,236.000,605.29,143,201,82,2.74,29.71,50.817096,4.398138
2026-05-21,Running,Mental Recovery Run,"After a ten days pause in which I had so many downs including neck muscle spasm and tooth pain, I tried to finish one more run. From past few days my mind is foggy so I am not able to decide anything. I am unsure whether its vitamin deficiency or lack of sport. So this one is for mental recovery, in a hope that I will feel better.",2026-05-21_08-41-02_hk_1779345662.fit,238,2026-05-21T06:45:02.000Z,237.000,608.68,143,201,82,2.832,29.71,50.817096,4.398102
2026-05-21,Running,Mental Recovery Run,"After a ten days pause in which I had so many downs including neck muscle spasm and tooth pain, I tried to finish one more run. From past few days my mind is foggy so I am not able to decide anything. I am unsure whether its vitamin deficiency or lack of sport. So this one is for mental recovery, in a hope that I will feel better.",2026-05-21_08-41-02_hk_1779345662.fit,239,2026-05-21T06:45:03.000Z,238.000,611.27,143,201,82,2.851,29.72,50.817114,4.398066
2026-05-21,Running,Mental Recovery Run,"After a ten days pause in which I had so many downs including neck muscle spasm and tooth pain, I tried to finish one more run. From past few days my mind is foggy so I am not able to decide anything. I am unsure whether its vitamin deficiency or lack of sport. So this one is for mental recovery, in a hope that I will feel better.",2026-05-21_08-41-02_hk_1779345662.fit,240,2026-05-21T06:45:04.000Z,239.000,613.85,143,201,82,2.824,29.72,50.817114,4.39803
2026-05-21,Running,Mental Recovery Run,"After a ten days pause in which I had so many downs including neck muscle spasm and tooth pain, I tried to finish one more run. From past few days my mind is foggy so I am not able to decide anything. I am unsure whether its vitamin deficiency or lack of sport. So this one is for mental recovery, in a hope that I will feel better.",2026-05-21_08-41-02_hk_1779345662.fit,241,2026-05-21T06:45:05.000Z,240.000,616.44,142,204,82,2.798,29.73,50.817114,4.397994
2026-05-21,Running,Mental Recovery Run,"After a ten days pause in which I had so many downs including neck muscle spasm and tooth pain, I tried to finish one more run. From past few days my mind is foggy so I am not able to decide anything. I am unsure whether its vitamin deficiency or lack of sport. So this one is for mental recovery, in a hope that I will feel better.",2026-05-21_08-41-02_hk_1779345662.fit,242,2026-05-21T06:45:06.000Z,241.000,618.55,142,204,82,2.761,29.74,50.817132,4.397958
2026-05-21,Running,Mental Recovery Run,"After a ten days pause in which I had so many downs including neck muscle spasm and tooth pain, I tried to finish one more run. From past few days my mind is foggy so I am not able to decide anything. I am unsure whether its vitamin deficiency or lack of sport. So this one is for mental recovery, in a hope that I will feel better.",2026-05-21_08-41-02_hk_1779345662.fit,243,2026-05-21T06:45:07.000Z,242.000,620.66,142,204,82,2.737,29.74,50.817132,4.397922
2026-05-21,Running,Mental Recovery Run,"After a ten days pause in which I had so many downs including neck muscle spasm and tooth pain, I tried to finish one more run. From past few days my mind is foggy so I am not able to decide anything. I am unsure whether its vitamin deficiency or lack of sport. So this one is for mental recovery, in a hope that I will feel better.",2026-05-21_08-41-02_hk_1779345662.fit,244,2026-05-21T06:45:08.000Z,243.000,622.77,142,201,82,2.713,29.75,50.81715,4.397886
2026-05-21,Running,Mental Recovery Run,"After a ten days pause in which I had so many downs including neck muscle spasm and tooth pain, I tried to finish one more run. From past few days my mind is foggy so I am not able to decide anything. I am unsure whether its vitamin deficiency or lack of sport. So this one is for mental recovery, in a hope that I will feel better.",2026-05-21_08-41-02_hk_1779345662.fit,245,2026-05-21T06:45:09.000Z,244.000,625.6,142,201,82,2.727,29.75,50.81715,4.39785
2026-05-21,Running,Mental Recovery Run,"After a ten days pause in which I had so many downs including neck muscle spasm and tooth pain, I tried to finish one more run. From past few days my mind is foggy so I am not able to decide anything. I am unsure whether its vitamin deficiency or lack of sport. So this one is for mental recovery, in a hope that I will feel better.",2026-05-21_08-41-02_hk_1779345662.fit,246,2026-05-21T06:45:10.000Z,245.000,628.44,142,247,82,2.69,29.76,50.817168,4.397832
2026-05-21,Running,Mental Recovery Run,"After a ten days pause in which I had so many downs including neck muscle spasm and tooth pain, I tried to finish one more run. From past few days my mind is foggy so I am not able to decide anything. I am unsure whether its vitamin deficiency or lack of sport. So this one is for mental recovery, in a hope that I will feel better.",2026-05-21_08-41-02_hk_1779345662.fit,247,2026-05-21T06:45:11.000Z,246.000,630.74,142,247,82,2.67,29.76,50.817168,4.397796
2026-05-21,Running,Mental Recovery Run,"After a ten days pause in which I had so many downs including neck muscle spasm and tooth pain, I tried to finish one more run. From past few days my mind is foggy so I am not able to decide anything. I am unsure whether its vitamin deficiency or lack of sport. So this one is for mental recovery, in a hope that I will feel better.",2026-05-21_08-41-02_hk_1779345662.fit,248,2026-05-21T06:45:12.000Z,247.000,633.05,142,247,82,2.632,29.77,50.817186,4.39776
2026-05-21,Running,Mental Recovery Run,"After a ten days pause in which I had so many downs including neck muscle spasm and tooth pain, I tried to finish one more run. From past few days my mind is foggy so I am not able to decide anything. I am unsure whether its vitamin deficiency or lack of sport. So this one is for mental recovery, in a hope that I will feel better.",2026-05-21_08-41-02_hk_1779345662.fit,249,2026-05-21T06:45:13.000Z,248.000,635.36,142,247,82,2.64,29.77,50.817186,4.397724
2026-05-21,Running,Mental Recovery Run,"After a ten days pause in which I had so many downs including neck muscle spasm and tooth pain, I tried to finish one more run. From past few days my mind is foggy so I am not able to decide anything. I am unsure whether its vitamin deficiency or lack of sport. So this one is for mental recovery, in a hope that I will feel better.",2026-05-21_08-41-02_hk_1779345662.fit,250,2026-05-21T06:45:14.000Z,249.000,639.28,142,247,82,2.732,29.78,50.817204,4.397688
2026-05-21,Running,Mental Recovery Run,"After a ten days pause in which I had so many downs including neck muscle spasm and tooth pain, I tried to finish one more run. From past few days my mind is foggy so I am not able to decide anything. I am unsure whether its vitamin deficiency or lack of sport. So this one is for mental recovery, in a hope that I will feel better.",2026-05-21_08-41-02_hk_1779345662.fit,251,2026-05-21T06:45:15.000Z,250.000,643.21,142,250,82,2.735,29.78,50.817204,4.397634
2026-05-21,Running,Mental Recovery Run,"After a ten days pause in which I had so many downs including neck muscle spasm and tooth pain, I tried to finish one more run. From past few days my mind is foggy so I am not able to decide anything. I am unsure whether its vitamin deficiency or lack of sport. So this one is for mental recovery, in a hope that I will feel better.",2026-05-21_08-41-02_hk_1779345662.fit,252,2026-05-21T06:45:16.000Z,251.000,645.07,142,250,82,2.691,29.79,50.817222,4.397598
2026-05-21,Running,Mental Recovery Run,"After a ten days pause in which I had so many downs including neck muscle spasm and tooth pain, I tried to finish one more run. From past few days my mind is foggy so I am not able to decide anything. I am unsure whether its vitamin deficiency or lack of sport. So this one is for mental recovery, in a hope that I will feel better.",2026-05-21_08-41-02_hk_1779345662.fit,253,2026-05-21T06:45:17.000Z,252.000,646.93,142,250,82,2.591,29.79,50.81724,4.397562
2026-05-21,Running,Mental Recovery Run,"After a ten days pause in which I had so many downs including neck muscle spasm and tooth pain, I tried to finish one more run. From past few days my mind is foggy so I am not able to decide anything. I am unsure whether its vitamin deficiency or lack of sport. So this one is for mental recovery, in a hope that I will feel better.",2026-05-21_08-41-02_hk_1779345662.fit,254,2026-05-21T06:45:18.000Z,253.000,648.79,142,246,82,2.571,29.8,50.81724,4.397526
2026-05-21,Running,Mental Recovery Run,"After a ten days pause in which I had so many downs including neck muscle spasm and tooth pain, I tried to finish one more run. From past few days my mind is foggy so I am not able to decide anything. I am unsure whether its vitamin deficiency or lack of sport. So this one is for mental recovery, in a hope that I will feel better.",2026-05-21_08-41-02_hk_1779345662.fit,255,2026-05-21T06:45:19.000Z,254.000,653.71,144,246,82,2.727,29.8,50.817258,4.39749
2026-05-21,Running,Mental Recovery Run,"After a ten days pause in which I had so many downs including neck muscle spasm and tooth pain, I tried to finish one more run. From past few days my mind is foggy so I am not able to decide anything. I am unsure whether its vitamin deficiency or lack of sport. So this one is for mental recovery, in a hope that I will feel better.",2026-05-21_08-41-02_hk_1779345662.fit,256,2026-05-21T06:45:20.000Z,255.000,658.62,144,255,82,2.807,29.81,50.817258,4.397436
2026-05-21,Running,Mental Recovery Run,"After a ten days pause in which I had so many downs including neck muscle spasm and tooth pain, I tried to finish one more run. From past few days my mind is foggy so I am not able to decide anything. I am unsure whether its vitamin deficiency or lack of sport. So this one is for mental recovery, in a hope that I will feel better.",2026-05-21_08-41-02_hk_1779345662.fit,257,2026-05-21T06:45:21.000Z,256.000,661.52,144,255,82,2.792,29.81,50.817276,4.3974
2026-05-21,Running,Mental Recovery Run,"After a ten days pause in which I had so many downs including neck muscle spasm and tooth pain, I tried to finish one more run. From past few days my mind is foggy so I am not able to decide anything. I am unsure whether its vitamin deficiency or lack of sport. So this one is for mental recovery, in a hope that I will feel better.",2026-05-21_08-41-02_hk_1779345662.fit,258,2026-05-21T06:45:22.000Z,257.000,664.41,144,255,82,2.809,29.82,50.817276,4.397364
2026-05-21,Running,Mental Recovery Run,"After a ten days pause in which I had so many downs including neck muscle spasm and tooth pain, I tried to finish one more run. From past few days my mind is foggy so I am not able to decide anything. I am unsure whether its vitamin deficiency or lack of sport. So this one is for mental recovery, in a hope that I will feel better.",2026-05-21_08-41-02_hk_1779345662.fit,259,2026-05-21T06:45:23.000Z,258.000,667.3,144,259,82,2.826,29.82,50.817276,4.39731
2026-05-21,Running,Mental Recovery Run,"After a ten days pause in which I had so many downs including neck muscle spasm and tooth pain, I tried to finish one more run. From past few days my mind is foggy so I am not able to decide anything. I am unsure whether its vitamin deficiency or lack of sport. So this one is for mental recovery, in a hope that I will feel better.",2026-05-21_08-41-02_hk_1779345662.fit,260,2026-05-21T06:45:24.000Z,259.000,669.82,144,259,81,2.848,29.83,50.817294,4.397274
2026-05-21,Running,Mental Recovery Run,"After a ten days pause in which I had so many downs including neck muscle spasm and tooth pain, I tried to finish one more run. From past few days my mind is foggy so I am not able to decide anything. I am unsure whether its vitamin deficiency or lack of sport. So this one is for mental recovery, in a hope that I will feel better.",2026-05-21_08-41-02_hk_1779345662.fit,261,2026-05-21T06:45:25.000Z,260.000,672.34,144,259,81,2.871,29.83,50.817294,4.397238
2026-05-21,Running,Mental Recovery Run,"After a ten days pause in which I had so many downs including neck muscle spasm and tooth pain, I tried to finish one more run. From past few days my mind is foggy so I am not able to decide anything. I am unsure whether its vitamin deficiency or lack of sport. So this one is for mental recovery, in a hope that I will feel better.",2026-05-21_08-41-02_hk_1779345662.fit,262,2026-05-21T06:45:26.000Z,261.000,674.85,144,262,81,2.894,29.84,50.817312,4.397202
2026-05-21,Running,Mental Recovery Run,"After a ten days pause in which I had so many downs including neck muscle spasm and tooth pain, I tried to finish one more run. From past few days my mind is foggy so I am not able to decide anything. I am unsure whether its vitamin deficiency or lack of sport. So this one is for mental recovery, in a hope that I will feel better.",2026-05-21_08-41-02_hk_1779345662.fit,263,2026-05-21T06:45:27.000Z,262.000,677.91,144,262,79,2.906,29.84,50.81733,4.397166
2026-05-21,Running,Mental Recovery Run,"After a ten days pause in which I had so many downs including neck muscle spasm and tooth pain, I tried to finish one more run. From past few days my mind is foggy so I am not able to decide anything. I am unsure whether its vitamin deficiency or lack of sport. So this one is for mental recovery, in a hope that I will feel better.",2026-05-21_08-41-02_hk_1779345662.fit,264,2026-05-21T06:45:28.000Z,263.000,680.97,144,259,79,2.955,29.85,50.81733,4.39713
2026-05-21,Running,Mental Recovery Run,"After a ten days pause in which I had so many downs including neck muscle spasm and tooth pain, I tried to finish one more run. From past few days my mind is foggy so I am not able to decide anything. I am unsure whether its vitamin deficiency or lack of sport. So this one is for mental recovery, in a hope that I will feel better.",2026-05-21_08-41-02_hk_1779345662.fit,265,2026-05-21T06:45:29.000Z,264.000,684.92,144,259,79,3.051,29.85,50.817348,4.397094
2026-05-21,Running,Mental Recovery Run,"After a ten days pause in which I had so many downs including neck muscle spasm and tooth pain, I tried to finish one more run. From past few days my mind is foggy so I am not able to decide anything. I am unsure whether its vitamin deficiency or lack of sport. So this one is for mental recovery, in a hope that I will feel better.",2026-05-21_08-41-02_hk_1779345662.fit,266,2026-05-21T06:45:30.000Z,265.000,688.86,144,259,79,3.147,29.86,50.817366,4.397058
2026-05-21,Running,Mental Recovery Run,"After a ten days pause in which I had so many downs including neck muscle spasm and tooth pain, I tried to finish one more run. From past few days my mind is foggy so I am not able to decide anything. I am unsure whether its vitamin deficiency or lack of sport. So this one is for mental recovery, in a hope that I will feel better.",2026-05-21_08-41-02_hk_1779345662.fit,267,2026-05-21T06:45:31.000Z,266.000,692.8,144,271,79,3.148,29.86,50.817384,4.397022
2026-05-21,Running,Mental Recovery Run,"After a ten days pause in which I had so many downs including neck muscle spasm and tooth pain, I tried to finish one more run. From past few days my mind is foggy so I am not able to decide anything. I am unsure whether its vitamin deficiency or lack of sport. So this one is for mental recovery, in a hope that I will feel better.",2026-05-21_08-41-02_hk_1779345662.fit,268,2026-05-21T06:45:32.000Z,267.000,697.42,145,271,79,3.366,29.87,50.817384,4.396968
2026-05-21,Running,Mental Recovery Run,"After a ten days pause in which I had so many downs including neck muscle spasm and tooth pain, I tried to finish one more run. From past few days my mind is foggy so I am not able to decide anything. I am unsure whether its vitamin deficiency or lack of sport. So this one is for mental recovery, in a hope that I will feel better.",2026-05-21_08-41-02_hk_1779345662.fit,269,2026-05-21T06:45:33.000Z,268.000,702.04,145,274,79,3.55,29.87,50.817402,4.396932
2026-05-21,Running,Mental Recovery Run,"After a ten days pause in which I had so many downs including neck muscle spasm and tooth pain, I tried to finish one more run. From past few days my mind is foggy so I am not able to decide anything. I am unsure whether its vitamin deficiency or lack of sport. So this one is for mental recovery, in a hope that I will feel better.",2026-05-21_08-41-02_hk_1779345662.fit,270,2026-05-21T06:45:34.000Z,269.000,704.11,145,274,79,3.36,29.88,50.817402,4.396896
2026-05-21,Running,Mental Recovery Run,"After a ten days pause in which I had so many downs including neck muscle spasm and tooth pain, I tried to finish one more run. From past few days my mind is foggy so I am not able to decide anything. I am unsure whether its vitamin deficiency or lack of sport. So this one is for mental recovery, in a hope that I will feel better.",2026-05-21_08-41-02_hk_1779345662.fit,271,2026-05-21T06:45:35.000Z,270.000,706.18,145,274,79,3.279,29.88,50.81742,4.39686
2026-05-21,Running,Mental Recovery Run,"After a ten days pause in which I had so many downs including neck muscle spasm and tooth pain, I tried to finish one more run. From past few days my mind is foggy so I am not able to decide anything. I am unsure whether its vitamin deficiency or lack of sport. So this one is for mental recovery, in a hope that I will feel better.",2026-05-21_08-41-02_hk_1779345662.fit,272,2026-05-21T06:45:36.000Z,271.000,708.25,145,268,82,3.208,29.89,50.81742,4.396824
2026-05-21,Running,Mental Recovery Run,"After a ten days pause in which I had so many downs including neck muscle spasm and tooth pain, I tried to finish one more run. From past few days my mind is foggy so I am not able to decide anything. I am unsure whether its vitamin deficiency or lack of sport. So this one is for mental recovery, in a hope that I will feel better.",2026-05-21_08-41-02_hk_1779345662.fit,273,2026-05-21T06:45:37.000Z,272.000,711.02,145,268,82,3.082,29.89,50.817438,4.396788
2026-05-21,Running,Mental Recovery Run,"After a ten days pause in which I had so many downs including neck muscle spasm and tooth pain, I tried to finish one more run. From past few days my mind is foggy so I am not able to decide anything. I am unsure whether its vitamin deficiency or lack of sport. So this one is for mental recovery, in a hope that I will feel better.",2026-05-21_08-41-02_hk_1779345662.fit,274,2026-05-21T06:45:38.000Z,273.000,713.8,145,261,82,3.075,29.9,50.817456,4.396752
2026-05-21,Running,Mental Recovery Run,"After a ten days pause in which I had so many downs including neck muscle spasm and tooth pain, I tried to finish one more run. From past few days my mind is foggy so I am not able to decide anything. I am unsure whether its vitamin deficiency or lack of sport. So this one is for mental recovery, in a hope that I will feel better.",2026-05-21_08-41-02_hk_1779345662.fit,275,2026-05-21T06:45:39.000Z,274.000,715.62,145,261,82,3.012,29.91,50.817456,4.396734
2026-05-21,Running,Mental Recovery Run,"After a ten days pause in which I had so many downs including neck muscle spasm and tooth pain, I tried to finish one more run. From past few days my mind is foggy so I am not able to decide anything. I am unsure whether its vitamin deficiency or lack of sport. So this one is for mental recovery, in a hope that I will feel better.",2026-05-21_08-41-02_hk_1779345662.fit,276,2026-05-21T06:45:40.000Z,275.000,717.44,145,261,82,2.949,29.91,50.817474,4.396698
2026-05-21,Running,Mental Recovery Run,"After a ten days pause in which I had so many downs including neck muscle spasm and tooth pain, I tried to finish one more run. From past few days my mind is foggy so I am not able to decide anything. I am unsure whether its vitamin deficiency or lack of sport. So this one is for mental recovery, in a hope that I will feel better.",2026-05-21_08-41-02_hk_1779345662.fit,277,2026-05-21T06:45:41.000Z,276.000,719.25,148,257,82,2.886,29.92,50.817474,4.396662
2026-05-21,Running,Mental Recovery Run,"After a ten days pause in which I had so many downs including neck muscle spasm and tooth pain, I tried to finish one more run. From past few days my mind is foggy so I am not able to decide anything. I am unsure whether its vitamin deficiency or lack of sport. So this one is for mental recovery, in a hope that I will feel better.",2026-05-21_08-41-02_hk_1779345662.fit,278,2026-05-21T06:45:42.000Z,277.000,722.64,148,257,82,2.959,29.92,50.817492,4.396626
2026-05-21,Running,Mental Recovery Run,"After a ten days pause in which I had so many downs including neck muscle spasm and tooth pain, I tried to finish one more run. From past few days my mind is foggy so I am not able to decide anything. I am unsure whether its vitamin deficiency or lack of sport. So this one is for mental recovery, in a hope that I will feel better.",2026-05-21_08-41-02_hk_1779345662.fit,279,2026-05-21T06:45:43.000Z,278.000,726.03,148,256,82,3.01,29.93,50.81751,4.396608
2026-05-21,Running,Mental Recovery Run,"After a ten days pause in which I had so many downs including neck muscle spasm and tooth pain, I tried to finish one more run. From past few days my mind is foggy so I am not able to decide anything. I am unsure whether its vitamin deficiency or lack of sport. So this one is for mental recovery, in a hope that I will feel better.",2026-05-21_08-41-02_hk_1779345662.fit,280,2026-05-21T06:45:44.000Z,279.000,727.33,148,256,82,2.915,29.94,50.81751,4.396572
2026-05-21,Running,Mental Recovery Run,"After a ten days pause in which I had so many downs including neck muscle spasm and tooth pain, I tried to finish one more run. From past few days my mind is foggy so I am not able to decide anything. I am unsure whether its vitamin deficiency or lack of sport. So this one is for mental recovery, in a hope that I will feel better.",2026-05-21_08-41-02_hk_1779345662.fit,281,2026-05-21T06:45:45.000Z,280.000,728.62,148,256,82,2.817,29.94,50.817528,4.396536
2026-05-21,Running,Mental Recovery Run,"After a ten days pause in which I had so many downs including neck muscle spasm and tooth pain, I tried to finish one more run. From past few days my mind is foggy so I am not able to decide anything. I am unsure whether its vitamin deficiency or lack of sport. So this one is for mental recovery, in a hope that I will feel better.",2026-05-21_08-41-02_hk_1779345662.fit,282,2026-05-21T06:45:46.000Z,281.000,729.92,148,248,82,2.737,29.95,50.817528,4.396518
2026-05-21,Running,Mental Recovery Run,"After a ten days pause in which I had so many downs including neck muscle spasm and tooth pain, I tried to finish one more run. From past few days my mind is foggy so I am not able to decide anything. I am unsure whether its vitamin deficiency or lack of sport. So this one is for mental recovery, in a hope that I will feel better.",2026-05-21_08-41-02_hk_1779345662.fit,283,2026-05-21T06:45:47.000Z,282.000,732.34,148,248,82,2.703,29.96,50.817546,4.3965
2026-05-21,Running,Mental Recovery Run,"After a ten days pause in which I had so many downs including neck muscle spasm and tooth pain, I tried to finish one more run. From past few days my mind is foggy so I am not able to decide anything. I am unsure whether its vitamin deficiency or lack of sport. So this one is for mental recovery, in a hope that I will feel better.",2026-05-21_08-41-02_hk_1779345662.fit,284,2026-05-21T06:45:48.000Z,283.000,734.75,148,248,82,2.689,29.96,50.817546,4.396464
2026-05-21,Running,Mental Recovery Run,"After a ten days pause in which I had so many downs including neck muscle spasm and tooth pain, I tried to finish one more run. From past few days my mind is foggy so I am not able to decide anything. I am unsure whether its vitamin deficiency or lack of sport. So this one is for mental recovery, in a hope that I will feel better.",2026-05-21_08-41-02_hk_1779345662.fit,285,2026-05-21T06:45:49.000Z,284.000,737.17,148,251,82,2.613,29.97,50.817564,4.396428
2026-05-21,Running,Mental Recovery Run,"After a ten days pause in which I had so many downs including neck muscle spasm and tooth pain, I tried to finish one more run. From past few days my mind is foggy so I am not able to decide anything. I am unsure whether its vitamin deficiency or lack of sport. So this one is for mental recovery, in a hope that I will feel better.",2026-05-21_08-41-02_hk_1779345662.fit,286,2026-05-21T06:45:50.000Z,285.000,740.02,148,251,82,2.558,29.98,50.817582,4.39641
2026-05-21,Running,Mental Recovery Run,"After a ten days pause in which I had so many downs including neck muscle spasm and tooth pain, I tried to finish one more run. From past few days my mind is foggy so I am not able to decide anything. I am unsure whether its vitamin deficiency or lack of sport. So this one is for mental recovery, in a hope that I will feel better.",2026-05-21_08-41-02_hk_1779345662.fit,287,2026-05-21T06:45:51.000Z,286.000,742.87,148,248,82,2.503,29.98,50.8176,4.396374
2026-05-21,Running,Mental Recovery Run,"After a ten days pause in which I had so many downs including neck muscle spasm and tooth pain, I tried to finish one more run. From past few days my mind is foggy so I am not able to decide anything. I am unsure whether its vitamin deficiency or lack of sport. So this one is for mental recovery, in a hope that I will feel better.",2026-05-21_08-41-02_hk_1779345662.fit,288,2026-05-21T06:45:52.000Z,287.000,744.98,148,248,82,2.484,29.99,50.817618,4.396356
2026-05-21,Running,Mental Recovery Run,"After a ten days pause in which I had so many downs including neck muscle spasm and tooth pain, I tried to finish one more run. From past few days my mind is foggy so I am not able to decide anything. I am unsure whether its vitamin deficiency or lack of sport. So this one is for mental recovery, in a hope that I will feel better.",2026-05-21_08-41-02_hk_1779345662.fit,289,2026-05-21T06:45:53.000Z,288.000,747.08,148,248,82,2.467,30,50.817618,4.39632
2026-05-21,Running,Mental Recovery Run,"After a ten days pause in which I had so many downs including neck muscle spasm and tooth pain, I tried to finish one more run. From past few days my mind is foggy so I am not able to decide anything. I am unsure whether its vitamin deficiency or lack of sport. So this one is for mental recovery, in a hope that I will feel better.",2026-05-21_08-41-02_hk_1779345662.fit,290,2026-05-21T06:45:54.000Z,289.000,749.19,148,248,82,2.353,30,50.817636,4.396302
2026-05-21,Running,Mental Recovery Run,"After a ten days pause in which I had so many downs including neck muscle spasm and tooth pain, I tried to finish one more run. From past few days my mind is foggy so I am not able to decide anything. I am unsure whether its vitamin deficiency or lack of sport. So this one is for mental recovery, in a hope that I will feel better.",2026-05-21_08-41-02_hk_1779345662.fit,291,2026-05-21T06:45:55.000Z,290.000,752.76,148,248,82,2.305,30.01,50.817654,4.396266
2026-05-21,Running,Mental Recovery Run,"After a ten days pause in which I had so many downs including neck muscle spasm and tooth pain, I tried to finish one more run. From past few days my mind is foggy so I am not able to decide anything. I am unsure whether its vitamin deficiency or lack of sport. So this one is for mental recovery, in a hope that I will feel better.",2026-05-21_08-41-02_hk_1779345662.fit,292,2026-05-21T06:45:56.000Z,291.000,756.34,148,253,82,2.388,30.02,50.817672,4.396248
2026-05-21,Running,Mental Recovery Run,"After a ten days pause in which I had so many downs including neck muscle spasm and tooth pain, I tried to finish one more run. From past few days my mind is foggy so I am not able to decide anything. I am unsure whether its vitamin deficiency or lack of sport. So this one is for mental recovery, in a hope that I will feel better.",2026-05-21_08-41-02_hk_1779345662.fit,293,2026-05-21T06:45:57.000Z,292.000,758.89,148,253,79,2.411,30.02,50.81769,4.396212
2026-05-21,Running,Mental Recovery Run,"After a ten days pause in which I had so many downs including neck muscle spasm and tooth pain, I tried to finish one more run. From past few days my mind is foggy so I am not able to decide anything. I am unsure whether its vitamin deficiency or lack of sport. So this one is for mental recovery, in a hope that I will feel better.",2026-05-21_08-41-02_hk_1779345662.fit,294,2026-05-21T06:45:58.000Z,293.000,761.44,148,253,79,2.401,30.03,50.81769,4.396176
2026-05-21,Running,Mental Recovery Run,"After a ten days pause in which I had so many downs including neck muscle spasm and tooth pain, I tried to finish one more run. From past few days my mind is foggy so I am not able to decide anything. I am unsure whether its vitamin deficiency or lack of sport. So this one is for mental recovery, in a hope that I will feel better.",2026-05-21_08-41-02_hk_1779345662.fit,295,2026-05-21T06:45:59.000Z,294.000,763.99,148,255,79,2.39,30.03,50.817708,4.396158
2026-05-21,Running,Mental Recovery Run,"After a ten days pause in which I had so many downs including neck muscle spasm and tooth pain, I tried to finish one more run. From past few days my mind is foggy so I am not able to decide anything. I am unsure whether its vitamin deficiency or lack of sport. So this one is for mental recovery, in a hope that I will feel better.",2026-05-21_08-41-02_hk_1779345662.fit,296,2026-05-21T06:46:00.000Z,295.000,767.55,148,255,79,2.506,30.04,50.817726,4.396122
2026-05-21,Running,Mental Recovery Run,"After a ten days pause in which I had so many downs including neck muscle spasm and tooth pain, I tried to finish one more run. From past few days my mind is foggy so I am not able to decide anything. I am unsure whether its vitamin deficiency or lack of sport. So this one is for mental recovery, in a hope that I will feel better.",2026-05-21_08-41-02_hk_1779345662.fit,297,2026-05-21T06:46:01.000Z,296.000,771.1,148,255,79,2.592,30.04,50.817744,4.396086
2026-05-21,Running,Mental Recovery Run,"After a ten days pause in which I had so many downs including neck muscle spasm and tooth pain, I tried to finish one more run. From past few days my mind is foggy so I am not able to decide anything. I am unsure whether its vitamin deficiency or lack of sport. So this one is for mental recovery, in a hope that I will feel better.",2026-05-21_08-41-02_hk_1779345662.fit,298,2026-05-21T06:46:02.000Z,297.000,773.35,148,255,79,2.535,30.05,50.817744,4.396068
2026-05-21,Running,Mental Recovery Run,"After a ten days pause in which I had so many downs including neck muscle spasm and tooth pain, I tried to finish one more run. From past few days my mind is foggy so I am not able to decide anything. I am unsure whether its vitamin deficiency or lack of sport. So this one is for mental recovery, in a hope that I will feel better.",2026-05-21_08-41-02_hk_1779345662.fit,299,2026-05-21T06:46:03.000Z,298.000,775.6,148,255,79,2.522,30.05,50.817762,4.396032
2026-05-21,Running,Mental Recovery Run,"After a ten days pause in which I had so many downs including neck muscle spasm and tooth pain, I tried to finish one more run. From past few days my mind is foggy so I am not able to decide anything. I am unsure whether its vitamin deficiency or lack of sport. So this one is for mental recovery, in a hope that I will feel better.",2026-05-21_08-41-02_hk_1779345662.fit,300,2026-05-21T06:46:04.000Z,299.000,777.84,148,254,79,2.526,30.05,50.81778,4.396014
2026-05-21,Running,Mental Recovery Run,"After a ten days pause in which I had so many downs including neck muscle spasm and tooth pain, I tried to finish one more run. From past few days my mind is foggy so I am not able to decide anything. I am unsure whether its vitamin deficiency or lack of sport. So this one is for mental recovery, in a hope that I will feel better.",2026-05-21_08-41-02_hk_1779345662.fit,301,2026-05-21T06:46:05.000Z,300.000,781.22,148,254,79,2.7,30.06,50.817798,4.395996
2026-05-21,Running,Mental Recovery Run,"After a ten days pause in which I had so many downs including neck muscle spasm and tooth pain, I tried to finish one more run. From past few days my mind is foggy so I am not able to decide anything. I am unsure whether its vitamin deficiency or lack of sport. So this one is for mental recovery, in a hope that I will feel better.",2026-05-21_08-41-02_hk_1779345662.fit,302,2026-05-21T06:46:06.000Z,301.000,784.6,148,253,82,2.751,30.06,50.817816,4.39596
2026-05-21,Running,Mental Recovery Run,"After a ten days pause in which I had so many downs including neck muscle spasm and tooth pain, I tried to finish one more run. From past few days my mind is foggy so I am not able to decide anything. I am unsure whether its vitamin deficiency or lack of sport. So this one is for mental recovery, in a hope that I will feel better.",2026-05-21_08-41-02_hk_1779345662.fit,303,2026-05-21T06:46:07.000Z,302.000,786.54,148,253,82,2.726,30.06,50.817852,4.395942
2026-05-21,Running,Mental Recovery Run,"After a ten days pause in which I had so many downs including neck muscle spasm and tooth pain, I tried to finish one more run. From past few days my mind is foggy so I am not able to decide anything. I am unsure whether its vitamin deficiency or lack of sport. So this one is for mental recovery, in a hope that I will feel better.",2026-05-21_08-41-02_hk_1779345662.fit,304,2026-05-21T06:46:08.000Z,303.000,788.48,148,253,82,2.7,30.07,50.81787,4.395924
2026-05-21,Running,Mental Recovery Run,"After a ten days pause in which I had so many downs including neck muscle spasm and tooth pain, I tried to finish one more run. From past few days my mind is foggy so I am not able to decide anything. I am unsure whether its vitamin deficiency or lack of sport. So this one is for mental recovery, in a hope that I will feel better.",2026-05-21_08-41-02_hk_1779345662.fit,305,2026-05-21T06:46:09.000Z,304.000,790.41,148,251,79,2.652,30.07,50.817888,4.395906
2026-05-21,Running,Mental Recovery Run,"After a ten days pause in which I had so many downs including neck muscle spasm and tooth pain, I tried to finish one more run. From past few days my mind is foggy so I am not able to decide anything. I am unsure whether its vitamin deficiency or lack of sport. So this one is for mental recovery, in a hope that I will feel better.",2026-05-21_08-41-02_hk_1779345662.fit,306,2026-05-21T06:46:10.000Z,305.000,792.97,148,251,79,2.637,30.07,50.817906,4.395888
2026-05-21,Running,Mental Recovery Run,"After a ten days pause in which I had so many downs including neck muscle spasm and tooth pain, I tried to finish one more run. From past few days my mind is foggy so I am not able to decide anything. I am unsure whether its vitamin deficiency or lack of sport. So this one is for mental recovery, in a hope that I will feel better.",2026-05-21_08-41-02_hk_1779345662.fit,307,2026-05-21T06:46:11.000Z,306.000,795.53,148,251,79,2.661,30.07,50.817924,4.39587
2026-05-21,Running,Mental Recovery Run,"After a ten days pause in which I had so many downs including neck muscle spasm and tooth pain, I tried to finish one more run. From past few days my mind is foggy so I am not able to decide anything. I am unsure whether its vitamin deficiency or lack of sport. So this one is for mental recovery, in a hope that I will feel better.",2026-05-21_08-41-02_hk_1779345662.fit,308,2026-05-21T06:46:12.000Z,307.000,798.09,148,253,79,2.685,30.07,50.817942,4.395852
2026-05-21,Running,Mental Recovery Run,"After a ten days pause in which I had so many downs including neck muscle spasm and tooth pain, I tried to finish one more run. From past few days my mind is foggy so I am not able to decide anything. I am unsure whether its vitamin deficiency or lack of sport. So this one is for mental recovery, in a hope that I will feel better.",2026-05-21_08-41-02_hk_1779345662.fit,309,2026-05-21T06:46:13.000Z,308.000,801.96,148,253,79,2.777,30.08,50.81796,4.395834
2026-05-21,Running,Mental Recovery Run,"After a ten days pause in which I had so many downs including neck muscle spasm and tooth pain, I tried to finish one more run. From past few days my mind is foggy so I am not able to decide anything. I am unsure whether its vitamin deficiency or lack of sport. So this one is for mental recovery, in a hope that I will feel better.",2026-05-21_08-41-02_hk_1779345662.fit,310,2026-05-21T06:46:14.000Z,309.000,805.82,148,253,79,2.793,30.08,50.817996,4.395816
2026-05-21,Running,Mental Recovery Run,"After a ten days pause in which I had so many downs including neck muscle spasm and tooth pain, I tried to finish one more run. From past few days my mind is foggy so I am not able to decide anything. I am unsure whether its vitamin deficiency or lack of sport. So this one is for mental recovery, in a hope that I will feel better.",2026-05-21_08-41-02_hk_1779345662.fit,311,2026-05-21T06:46:15.000Z,310.000,808.3,148,253,79,2.735,30.08,50.818014,4.395798
2026-05-21,Running,Mental Recovery Run,"After a ten days pause in which I had so many downs including neck muscle spasm and tooth pain, I tried to finish one more run. From past few days my mind is foggy so I am not able to decide anything. I am unsure whether its vitamin deficiency or lack of sport. So this one is for mental recovery, in a hope that I will feel better.",2026-05-21_08-41-02_hk_1779345662.fit,312,2026-05-21T06:46:16.000Z,311.000,810.78,148,253,79,2.731,30.08,50.818032,4.39578
2026-05-21,Running,Mental Recovery Run,"After a ten days pause in which I had so many downs including neck muscle spasm and tooth pain, I tried to finish one more run. From past few days my mind is foggy so I am not able to decide anything. I am unsure whether its vitamin deficiency or lack of sport. So this one is for mental recovery, in a hope that I will feel better.",2026-05-21_08-41-02_hk_1779345662.fit,313,2026-05-21T06:46:17.000Z,312.000,813.26,148,254,79,2.727,30.08,50.81805,4.395762
2026-05-21,Running,Mental Recovery Run,"After a ten days pause in which I had so many downs including neck muscle spasm and tooth pain, I tried to finish one more run. From past few days my mind is foggy so I am not able to decide anything. I am unsure whether its vitamin deficiency or lack of sport. So this one is for mental recovery, in a hope that I will feel better.",2026-05-21_08-41-02_hk_1779345662.fit,314,2026-05-21T06:46:18.000Z,313.000,816.03,148,254,79,2.739,30.08,50.818068,4.395744
2026-05-21,Running,Mental Recovery Run,"After a ten days pause in which I had so many downs including neck muscle spasm and tooth pain, I tried to finish one more run. From past few days my mind is foggy so I am not able to decide anything. I am unsure whether its vitamin deficiency or lack of sport. So this one is for mental recovery, in a hope that I will feel better.",2026-05-21_08-41-02_hk_1779345662.fit,315,2026-05-21T06:46:19.000Z,314.000,818.81,148,250,79,2.698,30.08,50.818086,4.395726
2026-05-21,Running,Mental Recovery Run,"After a ten days pause in which I had so many downs including neck muscle spasm and tooth pain, I tried to finish one more run. From past few days my mind is foggy so I am not able to decide anything. I am unsure whether its vitamin deficiency or lack of sport. So this one is for mental recovery, in a hope that I will feel better.",2026-05-21_08-41-02_hk_1779345662.fit,316,2026-05-21T06:46:20.000Z,315.000,821.26,148,250,79,2.64,30.08,50.818122,4.395726
2026-05-21,Running,Mental Recovery Run,"After a ten days pause in which I had so many downs including neck muscle spasm and tooth pain, I tried to finish one more run. From past few days my mind is foggy so I am not able to decide anything. I am unsure whether its vitamin deficiency or lack of sport. So this one is for mental recovery, in a hope that I will feel better.",2026-05-21_08-41-02_hk_1779345662.fit,317,2026-05-21T06:46:21.000Z,316.000,823.72,148,250,79,2.651,30.08,50.81814,4.395708
2026-05-21,Running,Mental Recovery Run,"After a ten days pause in which I had so many downs including neck muscle spasm and tooth pain, I tried to finish one more run. From past few days my mind is foggy so I am not able to decide anything. I am unsure whether its vitamin deficiency or lack of sport. So this one is for mental recovery, in a hope that I will feel better.",2026-05-21_08-41-02_hk_1779345662.fit,318,2026-05-21T06:46:22.000Z,317.000,826.18,148,249,79,2.662,30.08,50.818158,4.39569
2026-05-21,Running,Mental Recovery Run,"After a ten days pause in which I had so many downs including neck muscle spasm and tooth pain, I tried to finish one more run. From past few days my mind is foggy so I am not able to decide anything. I am unsure whether its vitamin deficiency or lack of sport. So this one is for mental recovery, in a hope that I will feel better.",2026-05-21_08-41-02_hk_1779345662.fit,319,2026-05-21T06:46:23.000Z,318.000,829.2,148,249,79,2.703,30.08,50.818176,4.39569
2026-05-21,Running,Mental Recovery Run,"After a ten days pause in which I had so many downs including neck muscle spasm and tooth pain, I tried to finish one more run. From past few days my mind is foggy so I am not able to decide anything. I am unsure whether its vitamin deficiency or lack of sport. So this one is for mental recovery, in a hope that I will feel better.",2026-05-21_08-41-02_hk_1779345662.fit,320,2026-05-21T06:46:24.000Z,319.000,832.23,148,245,79,2.684,30.07,50.818194,4.395672
2026-05-21,Running,Mental Recovery Run,"After a ten days pause in which I had so many downs including neck muscle spasm and tooth pain, I tried to finish one more run. From past few days my mind is foggy so I am not able to decide anything. I am unsure whether its vitamin deficiency or lack of sport. So this one is for mental recovery, in a hope that I will feel better.",2026-05-21_08-41-02_hk_1779345662.fit,321,2026-05-21T06:46:25.000Z,320.000,834.21,148,245,79,2.649,30.07,50.818212,4.395654
2026-05-21,Running,Mental Recovery Run,"After a ten days pause in which I had so many downs including neck muscle spasm and tooth pain, I tried to finish one more run. From past few days my mind is foggy so I am not able to decide anything. I am unsure whether its vitamin deficiency or lack of sport. So this one is for mental recovery, in a hope that I will feel better.",2026-05-21_08-41-02_hk_1779345662.fit,322,2026-05-21T06:46:26.000Z,321.000,836.19,148,245,79,2.579,30.07,50.81823,4.395636
2026-05-21,Running,Mental Recovery Run,"After a ten days pause in which I had so many downs including neck muscle spasm and tooth pain, I tried to finish one more run. From past few days my mind is foggy so I am not able to decide anything. I am unsure whether its vitamin deficiency or lack of sport. So this one is for mental recovery, in a hope that I will feel better.",2026-05-21_08-41-02_hk_1779345662.fit,323,2026-05-21T06:46:27.000Z,322.000,838.17,148,240,79,2.581,30.07,50.818248,4.395636
2026-05-21,Running,Mental Recovery Run,"After a ten days pause in which I had so many downs including neck muscle spasm and tooth pain, I tried to finish one more run. From past few days my mind is foggy so I am not able to decide anything. I am unsure whether its vitamin deficiency or lack of sport. So this one is for mental recovery, in a hope that I will feel better.",2026-05-21_08-41-02_hk_1779345662.fit,324,2026-05-21T06:46:28.000Z,323.000,840.07,148,240,79,2.58,30.06,50.818284,4.395618
2026-05-21,Running,Mental Recovery Run,"After a ten days pause in which I had so many downs including neck muscle spasm and tooth pain, I tried to finish one more run. From past few days my mind is foggy so I am not able to decide anything. I am unsure whether its vitamin deficiency or lack of sport. So this one is for mental recovery, in a hope that I will feel better.",2026-05-21_08-41-02_hk_1779345662.fit,325,2026-05-21T06:46:29.000Z,324.000,841.97,148,240,79,2.578,30.06,50.818302,4.3956
2026-05-21,Running,Mental Recovery Run,"After a ten days pause in which I had so many downs including neck muscle spasm and tooth pain, I tried to finish one more run. From past few days my mind is foggy so I am not able to decide anything. I am unsure whether its vitamin deficiency or lack of sport. So this one is for mental recovery, in a hope that I will feel better.",2026-05-21_08-41-02_hk_1779345662.fit,326,2026-05-21T06:46:30.000Z,325.000,843.87,148,169,79,2.545,30.05,50.81832,4.395582
2026-05-21,Running,Mental Recovery Run,"After a ten days pause in which I had so many downs including neck muscle spasm and tooth pain, I tried to finish one more run. From past few days my mind is foggy so I am not able to decide anything. I am unsure whether its vitamin deficiency or lack of sport. So this one is for mental recovery, in a hope that I will feel better.",2026-05-21_08-41-02_hk_1779345662.fit,327,2026-05-21T06:46:31.000Z,326.000,847.35,148,169,79,2.591,30.05,50.818338,4.395564
2026-05-21,Running,Mental Recovery Run,"After a ten days pause in which I had so many downs including neck muscle spasm and tooth pain, I tried to finish one more run. From past few days my mind is foggy so I am not able to decide anything. I am unsure whether its vitamin deficiency or lack of sport. So this one is for mental recovery, in a hope that I will feel better.",2026-05-21_08-41-02_hk_1779345662.fit,328,2026-05-21T06:46:32.000Z,327.000,850.83,148,163,79,2.637,30.04,50.818356,4.395546
2026-05-21,Running,Mental Recovery Run,"After a ten days pause in which I had so many downs including neck muscle spasm and tooth pain, I tried to finish one more run. From past few days my mind is foggy so I am not able to decide anything. I am unsure whether its vitamin deficiency or lack of sport. So this one is for mental recovery, in a hope that I will feel better.",2026-05-21_08-41-02_hk_1779345662.fit,329,2026-05-21T06:46:33.000Z,328.000,853.22,148,163,79,2.563,30.04,50.818374,4.395528
2026-05-21,Running,Mental Recovery Run,"After a ten days pause in which I had so many downs including neck muscle spasm and tooth pain, I tried to finish one more run. From past few days my mind is foggy so I am not able to decide anything. I am unsure whether its vitamin deficiency or lack of sport. So this one is for mental recovery, in a hope that I will feel better.",2026-05-21_08-41-02_hk_1779345662.fit,330,2026-05-21T06:46:34.000Z,329.000,855.6,148,163,79,2.554,30.03,50.81841,4.39551
2026-05-21,Running,Mental Recovery Run,"After a ten days pause in which I had so many downs including neck muscle spasm and tooth pain, I tried to finish one more run. From past few days my mind is foggy so I am not able to decide anything. I am unsure whether its vitamin deficiency or lack of sport. So this one is for mental recovery, in a hope that I will feel better.",2026-05-21_08-41-02_hk_1779345662.fit,331,2026-05-21T06:46:35.000Z,330.000,857.98,148,159,79,2.484,30.03,50.818428,4.395492
2026-05-21,Running,Mental Recovery Run,"After a ten days pause in which I had so many downs including neck muscle spasm and tooth pain, I tried to finish one more run. From past few days my mind is foggy so I am not able to decide anything. I am unsure whether its vitamin deficiency or lack of sport. So this one is for mental recovery, in a hope that I will feel better.",2026-05-21_08-41-02_hk_1779345662.fit,332,2026-05-21T06:46:36.000Z,331.000,861.55,148,159,79,2.539,30.02,50.818446,4.395456
2026-05-21,Running,Mental Recovery Run,"After a ten days pause in which I had so many downs including neck muscle spasm and tooth pain, I tried to finish one more run. From past few days my mind is foggy so I am not able to decide anything. I am unsure whether its vitamin deficiency or lack of sport. So this one is for mental recovery, in a hope that I will feel better.",2026-05-21_08-41-02_hk_1779345662.fit,333,2026-05-21T06:46:37.000Z,332.000,865.12,148,157,79,2.593,30.01,50.818464,4.395438
2026-05-21,Running,Mental Recovery Run,"After a ten days pause in which I had so many downs including neck muscle spasm and tooth pain, I tried to finish one more run. From past few days my mind is foggy so I am not able to decide anything. I am unsure whether its vitamin deficiency or lack of sport. So this one is for mental recovery, in a hope that I will feel better.",2026-05-21_08-41-02_hk_1779345662.fit,334,2026-05-21T06:46:38.000Z,333.000,867.37,148,157,79,2.567,30.01,50.818482,4.39542
2026-05-21,Running,Mental Recovery Run,"After a ten days pause in which I had so many downs including neck muscle spasm and tooth pain, I tried to finish one more run. From past few days my mind is foggy so I am not able to decide anything. I am unsure whether its vitamin deficiency or lack of sport. So this one is for mental recovery, in a hope that I will feel better.",2026-05-21_08-41-02_hk_1779345662.fit,335,2026-05-21T06:46:39.000Z,334.000,869.62,148,157,81,2.541,30,50.8185,4.395402
2026-05-21,Running,Mental Recovery Run,"After a ten days pause in which I had so many downs including neck muscle spasm and tooth pain, I tried to finish one more run. From past few days my mind is foggy so I am not able to decide anything. I am unsure whether its vitamin deficiency or lack of sport. So this one is for mental recovery, in a hope that I will feel better.",2026-05-21_08-41-02_hk_1779345662.fit,336,2026-05-21T06:46:40.000Z,335.000,871.87,148,157,81,2.53,29.99,50.818518,4.395384
2026-05-21,Running,Mental Recovery Run,"After a ten days pause in which I had so many downs including neck muscle spasm and tooth pain, I tried to finish one more run. From past few days my mind is foggy so I am not able to decide anything. I am unsure whether its vitamin deficiency or lack of sport. So this one is for mental recovery, in a hope that I will feel better.",2026-05-21_08-41-02_hk_1779345662.fit,337,2026-05-21T06:46:41.000Z,336.000,876.06,148,157,81,2.617,29.99,50.818536,4.395348
2026-05-21,Running,Mental Recovery Run,"After a ten days pause in which I had so many downs including neck muscle spasm and tooth pain, I tried to finish one more run. From past few days my mind is foggy so I am not able to decide anything. I am unsure whether its vitamin deficiency or lack of sport. So this one is for mental recovery, in a hope that I will feel better.",2026-05-21_08-41-02_hk_1779345662.fit,338,2026-05-21T06:46:42.000Z,337.000,880.25,148,159,82,2.687,29.98,50.818572,4.39533
2026-05-21,Running,Mental Recovery Run,"After a ten days pause in which I had so many downs including neck muscle spasm and tooth pain, I tried to finish one more run. From past few days my mind is foggy so I am not able to decide anything. I am unsure whether its vitamin deficiency or lack of sport. So this one is for mental recovery, in a hope that I will feel better.",2026-05-21_08-41-02_hk_1779345662.fit,339,2026-05-21T06:46:43.000Z,338.000,882.56,148,159,82,2.649,29.97,50.81859,4.395312
2026-05-21,Running,Mental Recovery Run,"After a ten days pause in which I had so many downs including neck muscle spasm and tooth pain, I tried to finish one more run. From past few days my mind is foggy so I am not able to decide anything. I am unsure whether its vitamin deficiency or lack of sport. So this one is for mental recovery, in a hope that I will feel better.",2026-05-21_08-41-02_hk_1779345662.fit,340,2026-05-21T06:46:44.000Z,339.000,884.86,148,159,82,2.666,29.97,50.818608,4.395294
2026-05-21,Running,Mental Recovery Run,"After a ten days pause in which I had so many downs including neck muscle spasm and tooth pain, I tried to finish one more run. From past few days my mind is foggy so I am not able to decide anything. I am unsure whether its vitamin deficiency or lack of sport. So this one is for mental recovery, in a hope that I will feel better.",2026-05-21_08-41-02_hk_1779345662.fit,341,2026-05-21T06:46:45.000Z,340.000,887.17,148,160,79,2.683,29.96,50.818626,4.395276
2026-05-21,Running,Mental Recovery Run,"After a ten days pause in which I had so many downs including neck muscle spasm and tooth pain, I tried to finish one more run. From past few days my mind is foggy so I am not able to decide anything. I am unsure whether its vitamin deficiency or lack of sport. So this one is for mental recovery, in a hope that I will feel better.",2026-05-21_08-41-02_hk_1779345662.fit,342,2026-05-21T06:46:46.000Z,341.000,890.81,148,160,79,2.819,29.95,50.818644,4.395258
2026-05-21,Running,Mental Recovery Run,"After a ten days pause in which I had so many downs including neck muscle spasm and tooth pain, I tried to finish one more run. From past few days my mind is foggy so I am not able to decide anything. I am unsure whether its vitamin deficiency or lack of sport. So this one is for mental recovery, in a hope that I will feel better.",2026-05-21_08-41-02_hk_1779345662.fit,343,2026-05-21T06:46:47.000Z,342.000,894.45,148,161,79,2.975,29.95,50.818662,4.39524
2026-05-21,Running,Mental Recovery Run,"After a ten days pause in which I had so many downs including neck muscle spasm and tooth pain, I tried to finish one more run. From past few days my mind is foggy so I am not able to decide anything. I am unsure whether its vitamin deficiency or lack of sport. So this one is for mental recovery, in a hope that I will feel better.",2026-05-21_08-41-02_hk_1779345662.fit,344,2026-05-21T06:46:48.000Z,343.000,896.48,148,161,79,2.922,29.94,50.818698,4.395204
2026-05-21,Running,Mental Recovery Run,"After a ten days pause in which I had so many downs including neck muscle spasm and tooth pain, I tried to finish one more run. From past few days my mind is foggy so I am not able to decide anything. I am unsure whether its vitamin deficiency or lack of sport. So this one is for mental recovery, in a hope that I will feel better.",2026-05-21_08-41-02_hk_1779345662.fit,345,2026-05-21T06:46:49.000Z,344.000,898.5,148,161,79,2.842,29.93,50.818716,4.395186
2026-05-21,Running,Mental Recovery Run,"After a ten days pause in which I had so many downs including neck muscle spasm and tooth pain, I tried to finish one more run. From past few days my mind is foggy so I am not able to decide anything. I am unsure whether its vitamin deficiency or lack of sport. So this one is for mental recovery, in a hope that I will feel better.",2026-05-21_08-41-02_hk_1779345662.fit,346,2026-05-21T06:46:50.000Z,345.000,900.53,148,158,79,2.799,29.92,50.818734,4.395168
2026-05-21,Running,Mental Recovery Run,"After a ten days pause in which I had so many downs including neck muscle spasm and tooth pain, I tried to finish one more run. From past few days my mind is foggy so I am not able to decide anything. I am unsure whether its vitamin deficiency or lack of sport. So this one is for mental recovery, in a hope that I will feel better.",2026-05-21_08-41-02_hk_1779345662.fit,347,2026-05-21T06:46:51.000Z,346.000,902.53,148,158,79,2.721,29.91,50.818752,4.39515
2026-05-21,Running,Mental Recovery Run,"After a ten days pause in which I had so many downs including neck muscle spasm and tooth pain, I tried to finish one more run. From past few days my mind is foggy so I am not able to decide anything. I am unsure whether its vitamin deficiency or lack of sport. So this one is for mental recovery, in a hope that I will feel better.",2026-05-21_08-41-02_hk_1779345662.fit,348,2026-05-21T06:46:52.000Z,347.000,904.52,148,158,79,2.7,29.91,50.81877,4.395132
2026-05-21,Running,Mental Recovery Run,"After a ten days pause in which I had so many downs including neck muscle spasm and tooth pain, I tried to finish one more run. From past few days my mind is foggy so I am not able to decide anything. I am unsure whether its vitamin deficiency or lack of sport. So this one is for mental recovery, in a hope that I will feel better.",2026-05-21_08-41-02_hk_1779345662.fit,349,2026-05-21T06:46:53.000Z,348.000,906.52,148,155,79,2.68,29.9,50.818788,4.395114
2026-05-21,Running,Mental Recovery Run,"After a ten days pause in which I had so many downs including neck muscle spasm and tooth pain, I tried to finish one more run. From past few days my mind is foggy so I am not able to decide anything. I am unsure whether its vitamin deficiency or lack of sport. So this one is for mental recovery, in a hope that I will feel better.",2026-05-21_08-41-02_hk_1779345662.fit,350,2026-05-21T06:46:54.000Z,349.000,910.26,148,155,81,2.752,29.89,50.818806,4.395078
2026-05-21,Running,Mental Recovery Run,"After a ten days pause in which I had so many downs including neck muscle spasm and tooth pain, I tried to finish one more run. From past few days my mind is foggy so I am not able to decide anything. I am unsure whether its vitamin deficiency or lack of sport. So this one is for mental recovery, in a hope that I will feel better.",2026-05-21_08-41-02_hk_1779345662.fit,351,2026-05-21T06:46:55.000Z,350.000,914.01,148,156,81,2.761,29.88,50.818824,4.39506
2026-05-21,Running,Mental Recovery Run,"After a ten days pause in which I had so many downs including neck muscle spasm and tooth pain, I tried to finish one more run. From past few days my mind is foggy so I am not able to decide anything. I am unsure whether its vitamin deficiency or lack of sport. So this one is for mental recovery, in a hope that I will feel better.",2026-05-21_08-41-02_hk_1779345662.fit,352,2026-05-21T06:46:56.000Z,351.000,916.08,148,156,81,2.682,29.87,50.818842,4.395042
2026-05-21,Running,Mental Recovery Run,"After a ten days pause in which I had so many downs including neck muscle spasm and tooth pain, I tried to finish one more run. From past few days my mind is foggy so I am not able to decide anything. I am unsure whether its vitamin deficiency or lack of sport. So this one is for mental recovery, in a hope that I will feel better.",2026-05-21_08-41-02_hk_1779345662.fit,353,2026-05-21T06:46:57.000Z,352.000,918.14,148,156,80,2.672,29.87,50.81886,4.395024
2026-05-21,Running,Mental Recovery Run,"After a ten days pause in which I had so many downs including neck muscle spasm and tooth pain, I tried to finish one more run. From past few days my mind is foggy so I am not able to decide anything. I am unsure whether its vitamin deficiency or lack of sport. So this one is for mental recovery, in a hope that I will feel better.",2026-05-21_08-41-02_hk_1779345662.fit,354,2026-05-21T06:46:58.000Z,353.000,920.2,148,155,80,2.662,29.86,50.818878,4.395006
2026-05-21,Running,Mental Recovery Run,"After a ten days pause in which I had so many downs including neck muscle spasm and tooth pain, I tried to finish one more run. From past few days my mind is foggy so I am not able to decide anything. I am unsure whether its vitamin deficiency or lack of sport. So this one is for mental recovery, in a hope that I will feel better.",2026-05-21_08-41-02_hk_1779345662.fit,355,2026-05-21T06:46:59.000Z,354.000,923.67,148,155,80,2.726,29.85,50.818896,4.394988
2026-05-21,Running,Mental Recovery Run,"After a ten days pause in which I had so many downs including neck muscle spasm and tooth pain, I tried to finish one more run. From past few days my mind is foggy so I am not able to decide anything. I am unsure whether its vitamin deficiency or lack of sport. So this one is for mental recovery, in a hope that I will feel better.",2026-05-21_08-41-02_hk_1779345662.fit,356,2026-05-21T06:47:00.000Z,355.000,927.14,148,154,79,2.688,29.84,50.818914,4.394952
2026-05-21,Running,Mental Recovery Run,"After a ten days pause in which I had so many downs including neck muscle spasm and tooth pain, I tried to finish one more run. From past few days my mind is foggy so I am not able to decide anything. I am unsure whether its vitamin deficiency or lack of sport. So this one is for mental recovery, in a hope that I will feel better.",2026-05-21_08-41-02_hk_1779345662.fit,357,2026-05-21T06:47:01.000Z,356.000,930.37,148,154,79,2.638,29.84,50.81895,4.394934
2026-05-21,Running,Mental Recovery Run,"After a ten days pause in which I had so many downs including neck muscle spasm and tooth pain, I tried to finish one more run. From past few days my mind is foggy so I am not able to decide anything. I am unsure whether its vitamin deficiency or lack of sport. So this one is for mental recovery, in a hope that I will feel better.",2026-05-21_08-41-02_hk_1779345662.fit,358,2026-05-21T06:47:02.000Z,357.000,933.6,148,154,79,2.686,29.83,50.818968,4.394898
2026-05-21,Running,Mental Recovery Run,"After a ten days pause in which I had so many downs including neck muscle spasm and tooth pain, I tried to finish one more run. From past few days my mind is foggy so I am not able to decide anything. I am unsure whether its vitamin deficiency or lack of sport. So this one is for mental recovery, in a hope that I will feel better.",2026-05-21_08-41-02_hk_1779345662.fit,359,2026-05-21T06:47:03.000Z,358.000,936.83,148,160,79,2.735,29.82,50.818986,4.39488
2026-05-21,Running,Mental Recovery Run,"After a ten days pause in which I had so many downs including neck muscle spasm and tooth pain, I tried to finish one more run. From past few days my mind is foggy so I am not able to decide anything. I am unsure whether its vitamin deficiency or lack of sport. So this one is for mental recovery, in a hope that I will feel better.",2026-05-21_08-41-02_hk_1779345662.fit,360,2026-05-21T06:47:04.000Z,359.000,940.2,148,160,79,2.791,29.82,50.819004,4.394844
2026-05-21,Running,Mental Recovery Run,"After a ten days pause in which I had so many downs including neck muscle spasm and tooth pain, I tried to finish one more run. From past few days my mind is foggy so I am not able to decide anything. I am unsure whether its vitamin deficiency or lack of sport. So this one is for mental recovery, in a hope that I will feel better.",2026-05-21_08-41-02_hk_1779345662.fit,361,2026-05-21T06:47:05.000Z,360.000,943.57,148,161,79,2.777,29.81,50.819022,4.394808
2026-05-21,Running,Mental Recovery Run,"After a ten days pause in which I had so many downs including neck muscle spasm and tooth pain, I tried to finish one more run. From past few days my mind is foggy so I am not able to decide anything. I am unsure whether its vitamin deficiency or lack of sport. So this one is for mental recovery, in a hope that I will feel better.",2026-05-21_08-41-02_hk_1779345662.fit,362,2026-05-21T06:47:06.000Z,361.000,945.77,148,161,80,2.701,29.8,50.81904,4.394772
2026-05-21,Running,Mental Recovery Run,"After a ten days pause in which I had so many downs including neck muscle spasm and tooth pain, I tried to finish one more run. From past few days my mind is foggy so I am not able to decide anything. I am unsure whether its vitamin deficiency or lack of sport. So this one is for mental recovery, in a hope that I will feel better.",2026-05-21_08-41-02_hk_1779345662.fit,363,2026-05-21T06:47:07.000Z,362.000,947.96,148,161,80,2.71,29.8,50.81904,4.394754
2026-05-21,Running,Mental Recovery Run,"After a ten days pause in which I had so many downs including neck muscle spasm and tooth pain, I tried to finish one more run. From past few days my mind is foggy so I am not able to decide anything. I am unsure whether its vitamin deficiency or lack of sport. So this one is for mental recovery, in a hope that I will feel better.",2026-05-21_08-41-02_hk_1779345662.fit,364,2026-05-21T06:47:08.000Z,363.000,950.15,148,159,80,2.718,29.79,50.819058,4.394718
2026-05-21,Running,Mental Recovery Run,"After a ten days pause in which I had so many downs including neck muscle spasm and tooth pain, I tried to finish one more run. From past few days my mind is foggy so I am not able to decide anything. I am unsure whether its vitamin deficiency or lack of sport. So this one is for mental recovery, in a hope that I will feel better.",2026-05-21_08-41-02_hk_1779345662.fit,365,2026-05-21T06:47:09.000Z,364.000,954.86,148,159,82,2.961,29.78,50.819076,4.394682
2026-05-21,Running,Mental Recovery Run,"After a ten days pause in which I had so many downs including neck muscle spasm and tooth pain, I tried to finish one more run. From past few days my mind is foggy so I am not able to decide anything. I am unsure whether its vitamin deficiency or lack of sport. So this one is for mental recovery, in a hope that I will feel better.",2026-05-21_08-41-02_hk_1779345662.fit,366,2026-05-21T06:47:10.000Z,365.000,959.57,148,164,82,3.121,29.78,50.819094,4.394646
2026-05-21,Running,Mental Recovery Run,"After a ten days pause in which I had so many downs including neck muscle spasm and tooth pain, I tried to finish one more run. From past few days my mind is foggy so I am not able to decide anything. I am unsure whether its vitamin deficiency or lack of sport. So this one is for mental recovery, in a hope that I will feel better.",2026-05-21_08-41-02_hk_1779345662.fit,367,2026-05-21T06:47:11.000Z,366.000,961.77,148,164,82,3.03,29.77,50.819112,4.394628
2026-05-21,Running,Mental Recovery Run,"After a ten days pause in which I had so many downs including neck muscle spasm and tooth pain, I tried to finish one more run. From past few days my mind is foggy so I am not able to decide anything. I am unsure whether its vitamin deficiency or lack of sport. So this one is for mental recovery, in a hope that I will feel better.",2026-05-21_08-41-02_hk_1779345662.fit,368,2026-05-21T06:47:12.000Z,367.000,963.98,148,164,82,2.984,29.76,50.819148,4.394592
2026-05-21,Running,Mental Recovery Run,"After a ten days pause in which I had so many downs including neck muscle spasm and tooth pain, I tried to finish one more run. From past few days my mind is foggy so I am not able to decide anything. I am unsure whether its vitamin deficiency or lack of sport. So this one is for mental recovery, in a hope that I will feel better.",2026-05-21_08-41-02_hk_1779345662.fit,369,2026-05-21T06:47:13.000Z,368.000,966.18,148,162,82,2.947,29.75,50.819166,4.394556
2026-05-21,Running,Mental Recovery Run,"After a ten days pause in which I had so many downs including neck muscle spasm and tooth pain, I tried to finish one more run. From past few days my mind is foggy so I am not able to decide anything. I am unsure whether its vitamin deficiency or lack of sport. So this one is for mental recovery, in a hope that I will feel better.",2026-05-21_08-41-02_hk_1779345662.fit,370,2026-05-21T06:47:14.000Z,369.000,968.8,148,162,82,2.98,29.75,50.819184,4.394538
2026-05-21,Running,Mental Recovery Run,"After a ten days pause in which I had so many downs including neck muscle spasm and tooth pain, I tried to finish one more run. From past few days my mind is foggy so I am not able to decide anything. I am unsure whether its vitamin deficiency or lack of sport. So this one is for mental recovery, in a hope that I will feel better.",2026-05-21_08-41-02_hk_1779345662.fit,371,2026-05-21T06:47:15.000Z,370.000,971.41,148,162,80,3.012,29.74,50.819202,4.394502
2026-05-21,Running,Mental Recovery Run,"After a ten days pause in which I had so many downs including neck muscle spasm and tooth pain, I tried to finish one more run. From past few days my mind is foggy so I am not able to decide anything. I am unsure whether its vitamin deficiency or lack of sport. So this one is for mental recovery, in a hope that I will feel better.",2026-05-21_08-41-02_hk_1779345662.fit,372,2026-05-21T06:47:16.000Z,371.000,974.02,148,165,80,2.962,29.73,50.819202,4.394466
2026-05-21,Running,Mental Recovery Run,"After a ten days pause in which I had so many downs including neck muscle spasm and tooth pain, I tried to finish one more run. From past few days my mind is foggy so I am not able to decide anything. I am unsure whether its vitamin deficiency or lack of sport. So this one is for mental recovery, in a hope that I will feel better.",2026-05-21_08-41-02_hk_1779345662.fit,373,2026-05-21T06:47:17.000Z,372.000,977.46,148,165,80,2.96,29.73,50.81922,4.39443
2026-05-21,Running,Mental Recovery Run,"After a ten days pause in which I had so many downs including neck muscle spasm and tooth pain, I tried to finish one more run. From past few days my mind is foggy so I am not able to decide anything. I am unsure whether its vitamin deficiency or lack of sport. So this one is for mental recovery, in a hope that I will feel better.",2026-05-21_08-41-02_hk_1779345662.fit,374,2026-05-21T06:47:18.000Z,373.000,980.9,148,163,79,2.972,29.72,50.819238,4.394412
2026-05-21,Running,Mental Recovery Run,"After a ten days pause in which I had so many downs including neck muscle spasm and tooth pain, I tried to finish one more run. From past few days my mind is foggy so I am not able to decide anything. I am unsure whether its vitamin deficiency or lack of sport. So this one is for mental recovery, in a hope that I will feel better.",2026-05-21_08-41-02_hk_1779345662.fit,375,2026-05-21T06:47:19.000Z,374.000,983.36,148,163,79,2.944,29.71,50.819256,4.394376
2026-05-21,Running,Mental Recovery Run,"After a ten days pause in which I had so many downs including neck muscle spasm and tooth pain, I tried to finish one more run. From past few days my mind is foggy so I am not able to decide anything. I am unsure whether its vitamin deficiency or lack of sport. So this one is for mental recovery, in a hope that I will feel better.",2026-05-21_08-41-02_hk_1779345662.fit,376,2026-05-21T06:47:20.000Z,375.000,985.81,148,163,79,2.901,29.71,50.819274,4.394358
2026-05-21,Running,Mental Recovery Run,"After a ten days pause in which I had so many downs including neck muscle spasm and tooth pain, I tried to finish one more run. From past few days my mind is foggy so I am not able to decide anything. I am unsure whether its vitamin deficiency or lack of sport. So this one is for mental recovery, in a hope that I will feel better.",2026-05-21_08-41-02_hk_1779345662.fit,377,2026-05-21T06:47:21.000Z,376.000,988.27,148,162,79,2.858,29.7,50.819292,4.39434
2026-05-21,Running,Mental Recovery Run,"After a ten days pause in which I had so many downs including neck muscle spasm and tooth pain, I tried to finish one more run. From past few days my mind is foggy so I am not able to decide anything. I am unsure whether its vitamin deficiency or lack of sport. So this one is for mental recovery, in a hope that I will feel better.",2026-05-21_08-41-02_hk_1779345662.fit,378,2026-05-21T06:47:22.000Z,377.000,993.12,148,162,79,2.94,29.7,50.81931,4.394304
2026-05-21,Running,Mental Recovery Run,"After a ten days pause in which I had so many downs including neck muscle spasm and tooth pain, I tried to finish one more run. From past few days my mind is foggy so I am not able to decide anything. I am unsure whether its vitamin deficiency or lack of sport. So this one is for mental recovery, in a hope that I will feel better.",2026-05-21_08-41-02_hk_1779345662.fit,379,2026-05-21T06:47:23.000Z,378.000,997.97,148,167,79,3.126,29.69,50.819328,4.394286
2026-05-21,Running,Mental Recovery Run,"After a ten days pause in which I had so many downs including neck muscle spasm and tooth pain, I tried to finish one more run. From past few days my mind is foggy so I am not able to decide anything. I am unsure whether its vitamin deficiency or lack of sport. So this one is for mental recovery, in a hope that I will feel better.",2026-05-21_08-41-02_hk_1779345662.fit,380,2026-05-21T06:47:24.000Z,379.000,1000.4,148,167,80,3.141,29.68,50.819346,4.39425
2026-05-21,Running,Mental Recovery Run,"After a ten days pause in which I had so many downs including neck muscle spasm and tooth pain, I tried to finish one more run. From past few days my mind is foggy so I am not able to decide anything. I am unsure whether its vitamin deficiency or lack of sport. So this one is for mental recovery, in a hope that I will feel better.",2026-05-21_08-41-02_hk_1779345662.fit,381,2026-05-21T06:47:25.000Z,380.000,1002.84,148,167,80,3.099,29.68,50.819364,4.394232
2026-05-21,Running,Mental Recovery Run,"After a ten days pause in which I had so many downs including neck muscle spasm and tooth pain, I tried to finish one more run. From past few days my mind is foggy so I am not able to decide anything. I am unsure whether its vitamin deficiency or lack of sport. So this one is for mental recovery, in a hope that I will feel better.",2026-05-21_08-41-02_hk_1779345662.fit,382,2026-05-21T06:47:26.000Z,381.000,1005.27,148,168,80,2.965,29.67,50.819382,4.394214
2026-05-21,Running,Mental Recovery Run,"After a ten days pause in which I had so many downs including neck muscle spasm and tooth pain, I tried to finish one more run. From past few days my mind is foggy so I am not able to decide anything. I am unsure whether its vitamin deficiency or lack of sport. So this one is for mental recovery, in a hope that I will feel better.",2026-05-21_08-41-02_hk_1779345662.fit,383,2026-05-21T06:47:27.000Z,382.000,1007.74,148,168,81,2.938,29.66,50.8194,4.394178
2026-05-21,Running,Mental Recovery Run,"After a ten days pause in which I had so many downs including neck muscle spasm and tooth pain, I tried to finish one more run. From past few days my mind is foggy so I am not able to decide anything. I am unsure whether its vitamin deficiency or lack of sport. So this one is for mental recovery, in a hope that I will feel better.",2026-05-21_08-41-02_hk_1779345662.fit,384,2026-05-21T06:47:28.000Z,383.000,1010.21,148,165,81,2.813,29.66,50.819418,4.39416
2026-05-21,Running,Mental Recovery Run,"After a ten days pause in which I had so many downs including neck muscle spasm and tooth pain, I tried to finish one more run. From past few days my mind is foggy so I am not able to decide anything. I am unsure whether its vitamin deficiency or lack of sport. So this one is for mental recovery, in a hope that I will feel better.",2026-05-21_08-41-02_hk_1779345662.fit,385,2026-05-21T06:47:29.000Z,384.000,1012.71,148,165,81,2.83,29.65,50.819436,4.394142
2026-05-21,Running,Mental Recovery Run,"After a ten days pause in which I had so many downs including neck muscle spasm and tooth pain, I tried to finish one more run. From past few days my mind is foggy so I am not able to decide anything. I am unsure whether its vitamin deficiency or lack of sport. So this one is for mental recovery, in a hope that I will feel better.",2026-05-21_08-41-02_hk_1779345662.fit,386,2026-05-21T06:47:30.000Z,385.000,1015.21,148,165,79,2.847,29.65,50.819472,4.394124
2026-05-21,Running,Mental Recovery Run,"After a ten days pause in which I had so many downs including neck muscle spasm and tooth pain, I tried to finish one more run. From past few days my mind is foggy so I am not able to decide anything. I am unsure whether its vitamin deficiency or lack of sport. So this one is for mental recovery, in a hope that I will feel better.",2026-05-21_08-41-02_hk_1779345662.fit,387,2026-05-21T06:47:31.000Z,386.000,1017.72,148,164,79,2.863,29.64,50.81949,4.394106
2026-05-21,Running,Mental Recovery Run,"After a ten days pause in which I had so many downs including neck muscle spasm and tooth pain, I tried to finish one more run. From past few days my mind is foggy so I am not able to decide anything. I am unsure whether its vitamin deficiency or lack of sport. So this one is for mental recovery, in a hope that I will feel better.",2026-05-21_08-41-02_hk_1779345662.fit,388,2026-05-21T06:47:32.000Z,387.000,1021.18,148,164,79,2.91,29.63,50.819508,4.394088
2026-05-21,Running,Mental Recovery Run,"After a ten days pause in which I had so many downs including neck muscle spasm and tooth pain, I tried to finish one more run. From past few days my mind is foggy so I am not able to decide anything. I am unsure whether its vitamin deficiency or lack of sport. So this one is for mental recovery, in a hope that I will feel better.",2026-05-21_08-41-02_hk_1779345662.fit,389,2026-05-21T06:47:33.000Z,388.000,1024.64,148,163,79,2.978,29.63,50.819526,4.39407
2026-05-21,Running,Mental Recovery Run,"After a ten days pause in which I had so many downs including neck muscle spasm and tooth pain, I tried to finish one more run. From past few days my mind is foggy so I am not able to decide anything. I am unsure whether its vitamin deficiency or lack of sport. So this one is for mental recovery, in a hope that I will feel better.",2026-05-21_08-41-02_hk_1779345662.fit,390,2026-05-21T06:47:34.000Z,389.000,1026.72,148,163,79,2.928,29.62,50.819544,4.394034
2026-05-21,Running,Mental Recovery Run,"After a ten days pause in which I had so many downs including neck muscle spasm and tooth pain, I tried to finish one more run. From past few days my mind is foggy so I am not able to decide anything. I am unsure whether its vitamin deficiency or lack of sport. So this one is for mental recovery, in a hope that I will feel better.",2026-05-21_08-41-02_hk_1779345662.fit,391,2026-05-21T06:47:35.000Z,390.000,1028.8,148,163,79,2.852,29.62,50.819562,4.394016
2026-05-21,Running,Mental Recovery Run,"After a ten days pause in which I had so many downs including neck muscle spasm and tooth pain, I tried to finish one more run. From past few days my mind is foggy so I am not able to decide anything. I am unsure whether its vitamin deficiency or lack of sport. So this one is for mental recovery, in a hope that I will feel better.",2026-05-21_08-41-02_hk_1779345662.fit,392,2026-05-21T06:47:36.000Z,391.000,1030.88,148,163,76,2.811,29.61,50.81958,4.393998
2026-05-21,Running,Mental Recovery Run,"After a ten days pause in which I had so many downs including neck muscle spasm and tooth pain, I tried to finish one more run. From past few days my mind is foggy so I am not able to decide anything. I am unsure whether its vitamin deficiency or lack of sport. So this one is for mental recovery, in a hope that I will feel better.",2026-05-21_08-41-02_hk_1779345662.fit,393,2026-05-21T06:47:37.000Z,392.000,1033.36,148,163,76,2.778,29.6,50.819616,4.39398
2026-05-21,Running,Mental Recovery Run,"After a ten days pause in which I had so many downs including neck muscle spasm and tooth pain, I tried to finish one more run. From past few days my mind is foggy so I am not able to decide anything. I am unsure whether its vitamin deficiency or lack of sport. So this one is for mental recovery, in a hope that I will feel better.",2026-05-21_08-41-02_hk_1779345662.fit,394,2026-05-21T06:47:38.000Z,393.000,1035.85,148,163,76,2.78,29.6,50.819634,4.393962
2026-05-21,Running,Mental Recovery Run,"After a ten days pause in which I had so many downs including neck muscle spasm and tooth pain, I tried to finish one more run. From past few days my mind is foggy so I am not able to decide anything. I am unsure whether its vitamin deficiency or lack of sport. So this one is for mental recovery, in a hope that I will feel better.",2026-05-21_08-41-02_hk_1779345662.fit,395,2026-05-21T06:47:39.000Z,394.000,1038.33,148,163,79,2.781,29.59,50.819652,4.393944
2026-05-21,Running,Mental Recovery Run,"After a ten days pause in which I had so many downs including neck muscle spasm and tooth pain, I tried to finish one more run. From past few days my mind is foggy so I am not able to decide anything. I am unsure whether its vitamin deficiency or lack of sport. So this one is for mental recovery, in a hope that I will feel better.",2026-05-21_08-41-02_hk_1779345662.fit,396,2026-05-21T06:47:40.000Z,395.000,1041.57,148,163,79,2.805,29.59,50.81967,4.393908
2026-05-21,Running,Mental Recovery Run,"After a ten days pause in which I had so many downs including neck muscle spasm and tooth pain, I tried to finish one more run. From past few days my mind is foggy so I am not able to decide anything. I am unsure whether its vitamin deficiency or lack of sport. So this one is for mental recovery, in a hope that I will feel better.",2026-05-21_08-41-02_hk_1779345662.fit,397,2026-05-21T06:47:41.000Z,396.000,1044.8,148,162,79,2.72,29.58,50.819688,4.39389
2026-05-21,Running,Mental Recovery Run,"After a ten days pause in which I had so many downs including neck muscle spasm and tooth pain, I tried to finish one more run. From past few days my mind is foggy so I am not able to decide anything. I am unsure whether its vitamin deficiency or lack of sport. So this one is for mental recovery, in a hope that I will feel better.",2026-05-21_08-41-02_hk_1779345662.fit,398,2026-05-21T06:47:42.000Z,397.000,1047.47,148,162,79,2.717,29.58,50.819706,4.393872
2026-05-21,Running,Mental Recovery Run,"After a ten days pause in which I had so many downs including neck muscle spasm and tooth pain, I tried to finish one more run. From past few days my mind is foggy so I am not able to decide anything. I am unsure whether its vitamin deficiency or lack of sport. So this one is for mental recovery, in a hope that I will feel better.",2026-05-21_08-41-02_hk_1779345662.fit,399,2026-05-21T06:47:43.000Z,398.000,1050.13,148,162,79,2.608,29.57,50.819724,4.393836
2026-05-21,Running,Mental Recovery Run,"After a ten days pause in which I had so many downs including neck muscle spasm and tooth pain, I tried to finish one more run. From past few days my mind is foggy so I am not able to decide anything. I am unsure whether its vitamin deficiency or lack of sport. So this one is for mental recovery, in a hope that I will feel better.",2026-05-21_08-41-02_hk_1779345662.fit,400,2026-05-21T06:47:44.000Z,399.000,1052.79,148,164,79,2.619,29.57,50.819742,4.393818
2026-05-21,Running,Mental Recovery Run,"After a ten days pause in which I had so many downs including neck muscle spasm and tooth pain, I tried to finish one more run. From past few days my mind is foggy so I am not able to decide anything. I am unsure whether its vitamin deficiency or lack of sport. So this one is for mental recovery, in a hope that I will feel better.",2026-05-21_08-41-02_hk_1779345662.fit,401,2026-05-21T06:47:45.000Z,400.000,1055.75,148,164,79,2.657,29.57,50.819778,4.3938
2026-05-21,Running,Mental Recovery Run,"After a ten days pause in which I had so many downs including neck muscle spasm and tooth pain, I tried to finish one more run. From past few days my mind is foggy so I am not able to decide anything. I am unsure whether its vitamin deficiency or lack of sport. So this one is for mental recovery, in a hope that I will feel better.",2026-05-21_08-41-02_hk_1779345662.fit,402,2026-05-21T06:47:46.000Z,401.000,1058.72,148,163,79,2.683,29.56,50.819796,4.393782
2026-05-21,Running,Mental Recovery Run,"After a ten days pause in which I had so many downs including neck muscle spasm and tooth pain, I tried to finish one more run. From past few days my mind is foggy so I am not able to decide anything. I am unsure whether its vitamin deficiency or lack of sport. So this one is for mental recovery, in a hope that I will feel better.",2026-05-21_08-41-02_hk_1779345662.fit,403,2026-05-21T06:47:47.000Z,402.000,1061.62,148,163,79,2.706,29.56,50.819814,4.393764
2026-05-21,Running,Mental Recovery Run,"After a ten days pause in which I had so many downs including neck muscle spasm and tooth pain, I tried to finish one more run. From past few days my mind is foggy so I am not able to decide anything. I am unsure whether its vitamin deficiency or lack of sport. So this one is for mental recovery, in a hope that I will feel better.",2026-05-21_08-41-02_hk_1779345662.fit,404,2026-05-21T06:47:48.000Z,403.000,1064.53,148,163,79,2.727,29.55,50.819832,4.393728
2026-05-21,Running,Mental Recovery Run,"After a ten days pause in which I had so many downs including neck muscle spasm and tooth pain, I tried to finish one more run. From past few days my mind is foggy so I am not able to decide anything. I am unsure whether its vitamin deficiency or lack of sport. So this one is for mental recovery, in a hope that I will feel better.",2026-05-21_08-41-02_hk_1779345662.fit,405,2026-05-21T06:47:49.000Z,404.000,1067.43,148,167,79,2.748,29.55,50.81985,4.39371
2026-05-21,Running,Mental Recovery Run,"After a ten days pause in which I had so many downs including neck muscle spasm and tooth pain, I tried to finish one more run. From past few days my mind is foggy so I am not able to decide anything. I am unsure whether its vitamin deficiency or lack of sport. So this one is for mental recovery, in a hope that I will feel better.",2026-05-21_08-41-02_hk_1779345662.fit,406,2026-05-21T06:47:50.000Z,405.000,1070.26,148,167,79,2.766,29.54,50.819868,4.393692
2026-05-21,Running,Mental Recovery Run,"After a ten days pause in which I had so many downs including neck muscle spasm and tooth pain, I tried to finish one more run. From past few days my mind is foggy so I am not able to decide anything. I am unsure whether its vitamin deficiency or lack of sport. So this one is for mental recovery, in a hope that I will feel better.",2026-05-21_08-41-02_hk_1779345662.fit,407,2026-05-21T06:47:51.000Z,406.000,1073.09,148,164,79,2.732,29.54,50.819886,4.393674
2026-05-21,Running,Mental Recovery Run,"After a ten days pause in which I had so many downs including neck muscle spasm and tooth pain, I tried to finish one more run. From past few days my mind is foggy so I am not able to decide anything. I am unsure whether its vitamin deficiency or lack of sport. So this one is for mental recovery, in a hope that I will feel better.",2026-05-21_08-41-02_hk_1779345662.fit,408,2026-05-21T06:47:52.000Z,407.000,1075.34,148,164,79,2.668,29.54,50.819922,4.393656
2026-05-21,Running,Mental Recovery Run,"After a ten days pause in which I had so many downs including neck muscle spasm and tooth pain, I tried to finish one more run. From past few days my mind is foggy so I am not able to decide anything. I am unsure whether its vitamin deficiency or lack of sport. So this one is for mental recovery, in a hope that I will feel better.",2026-05-21_08-41-02_hk_1779345662.fit,409,2026-05-21T06:47:53.000Z,408.000,1077.58,148,164,79,2.677,29.53,50.81994,4.393638
2026-05-21,Running,Mental Recovery Run,"After a ten days pause in which I had so many downs including neck muscle spasm and tooth pain, I tried to finish one more run. From past few days my mind is foggy so I am not able to decide anything. I am unsure whether its vitamin deficiency or lack of sport. So this one is for mental recovery, in a hope that I will feel better.",2026-05-21_08-41-02_hk_1779345662.fit,410,2026-05-21T06:47:54.000Z,409.000,1079.83,148,164,79,2.686,29.53,50.819958,4.39362
2026-05-21,Running,Mental Recovery Run,"After a ten days pause in which I had so many downs including neck muscle spasm and tooth pain, I tried to finish one more run. From past few days my mind is foggy so I am not able to decide anything. I am unsure whether its vitamin deficiency or lack of sport. So this one is for mental recovery, in a hope that I will feel better.",2026-05-21_08-41-02_hk_1779345662.fit,411,2026-05-21T06:47:55.000Z,410.000,1082.48,148,164,79,2.716,29.52,50.819976,4.393602
2026-05-21,Running,Mental Recovery Run,"After a ten days pause in which I had so many downs including neck muscle spasm and tooth pain, I tried to finish one more run. From past few days my mind is foggy so I am not able to decide anything. I am unsure whether its vitamin deficiency or lack of sport. So this one is for mental recovery, in a hope that I will feel better.",2026-05-21_08-41-02_hk_1779345662.fit,412,2026-05-21T06:47:56.000Z,411.000,1085.14,148,164,79,2.725,29.52,50.819994,4.393584
2026-05-21,Running,Mental Recovery Run,"After a ten days pause in which I had so many downs including neck muscle spasm and tooth pain, I tried to finish one more run. From past few days my mind is foggy so I am not able to decide anything. I am unsure whether its vitamin deficiency or lack of sport. So this one is for mental recovery, in a hope that I will feel better.",2026-05-21_08-41-02_hk_1779345662.fit,413,2026-05-21T06:47:57.000Z,412.000,1087.79,148,170,79,2.734,29.52,50.82003,4.393548
2026-05-21,Running,Mental Recovery Run,"After a ten days pause in which I had so many downs including neck muscle spasm and tooth pain, I tried to finish one more run. From past few days my mind is foggy so I am not able to decide anything. I am unsure whether its vitamin deficiency or lack of sport. So this one is for mental recovery, in a hope that I will feel better.",2026-05-21_08-41-02_hk_1779345662.fit,414,2026-05-21T06:47:58.000Z,413.000,1091.92,148,170,79,2.797,29.51,50.820048,4.39353
2026-05-21,Running,Mental Recovery Run,"After a ten days pause in which I had so many downs including neck muscle spasm and tooth pain, I tried to finish one more run. From past few days my mind is foggy so I am not able to decide anything. I am unsure whether its vitamin deficiency or lack of sport. So this one is for mental recovery, in a hope that I will feel better.",2026-05-21_08-41-02_hk_1779345662.fit,415,2026-05-21T06:47:59.000Z,414.000,1096.05,148,172,79,2.847,29.51,50.820066,4.393512
2026-05-21,Running,Mental Recovery Run,"After a ten days pause in which I had so many downs including neck muscle spasm and tooth pain, I tried to finish one more run. From past few days my mind is foggy so I am not able to decide anything. I am unsure whether its vitamin deficiency or lack of sport. So this one is for mental recovery, in a hope that I will feel better.",2026-05-21_08-41-02_hk_1779345662.fit,416,2026-05-21T06:48:00.000Z,415.000,1098.5,148,172,79,2.835,29.5,50.820102,4.393494
2026-05-21,Running,Mental Recovery Run,"After a ten days pause in which I had so many downs including neck muscle spasm and tooth pain, I tried to finish one more run. From past few days my mind is foggy so I am not able to decide anything. I am unsure whether its vitamin deficiency or lack of sport. So this one is for mental recovery, in a hope that I will feel better.",2026-05-21_08-41-02_hk_1779345662.fit,417,2026-05-21T06:48:01.000Z,416.000,1100.94,148,172,79,2.823,29.5,50.82012,4.393476
2026-05-21,Running,Mental Recovery Run,"After a ten days pause in which I had so many downs including neck muscle spasm and tooth pain, I tried to finish one more run. From past few days my mind is foggy so I am not able to decide anything. I am unsure whether its vitamin deficiency or lack of sport. So this one is for mental recovery, in a hope that I will feel better.",2026-05-21_08-41-02_hk_1779345662.fit,418,2026-05-21T06:48:02.000Z,417.000,1103.39,148,172,79,2.811,29.5,50.820138,4.39344
2026-05-21,Running,Mental Recovery Run,"After a ten days pause in which I had so many downs including neck muscle spasm and tooth pain, I tried to finish one more run. From past few days my mind is foggy so I am not able to decide anything. I am unsure whether its vitamin deficiency or lack of sport. So this one is for mental recovery, in a hope that I will feel better.",2026-05-21_08-41-02_hk_1779345662.fit,419,2026-05-21T06:48:03.000Z,418.000,1106.38,148,172,79,2.813,29.5,50.820156,4.393422
2026-05-21,Running,Mental Recovery Run,"After a ten days pause in which I had so many downs including neck muscle spasm and tooth pain, I tried to finish one more run. From past few days my mind is foggy so I am not able to decide anything. I am unsure whether its vitamin deficiency or lack of sport. So this one is for mental recovery, in a hope that I will feel better.",2026-05-21_08-41-02_hk_1779345662.fit,420,2026-05-21T06:48:04.000Z,419.000,1109.38,148,169,79,2.815,29.49,50.820174,4.393404
2026-05-21,Running,Mental Recovery Run,"After a ten days pause in which I had so many downs including neck muscle spasm and tooth pain, I tried to finish one more run. From past few days my mind is foggy so I am not able to decide anything. I am unsure whether its vitamin deficiency or lack of sport. So this one is for mental recovery, in a hope that I will feel better.",2026-05-21_08-41-02_hk_1779345662.fit,421,2026-05-21T06:48:05.000Z,420.000,1112.41,148,169,79,2.822,29.49,50.820192,4.393368
2026-05-21,Running,Mental Recovery Run,"After a ten days pause in which I had so many downs including neck muscle spasm and tooth pain, I tried to finish one more run. From past few days my mind is foggy so I am not able to decide anything. I am unsure whether its vitamin deficiency or lack of sport. So this one is for mental recovery, in a hope that I will feel better.",2026-05-21_08-41-02_hk_1779345662.fit,422,2026-05-21T06:48:06.000Z,421.000,1115.44,148,169,81,2.829,29.49,50.82021,4.39335
2026-05-21,Running,Mental Recovery Run,"After a ten days pause in which I had so many downs including neck muscle spasm and tooth pain, I tried to finish one more run. From past few days my mind is foggy so I am not able to decide anything. I am unsure whether its vitamin deficiency or lack of sport. So this one is for mental recovery, in a hope that I will feel better.",2026-05-21_08-41-02_hk_1779345662.fit,423,2026-05-21T06:48:07.000Z,422.000,1118.48,148,173,81,2.836,29.49,50.820228,4.393314
2026-05-21,Running,Mental Recovery Run,"After a ten days pause in which I had so many downs including neck muscle spasm and tooth pain, I tried to finish one more run. From past few days my mind is foggy so I am not able to decide anything. I am unsure whether its vitamin deficiency or lack of sport. So this one is for mental recovery, in a hope that I will feel better.",2026-05-21_08-41-02_hk_1779345662.fit,424,2026-05-21T06:48:08.000Z,423.000,1122.96,148,173,81,2.928,29.48,50.820246,4.393296
2026-05-21,Running,Mental Recovery Run,"After a ten days pause in which I had so many downs including neck muscle spasm and tooth pain, I tried to finish one more run. From past few days my mind is foggy so I am not able to decide anything. I am unsure whether its vitamin deficiency or lack of sport. So this one is for mental recovery, in a hope that I will feel better.",2026-05-21_08-41-02_hk_1779345662.fit,425,2026-05-21T06:48:09.000Z,424.000,1127.45,148,178,82,3.066,29.48,50.820264,4.39326
2026-05-21,Running,Mental Recovery Run,"After a ten days pause in which I had so many downs including neck muscle spasm and tooth pain, I tried to finish one more run. From past few days my mind is foggy so I am not able to decide anything. I am unsure whether its vitamin deficiency or lack of sport. So this one is for mental recovery, in a hope that I will feel better.",2026-05-21_08-41-02_hk_1779345662.fit,426,2026-05-21T06:48:10.000Z,425.000,1129.85,148,178,82,3.127,29.48,50.820282,4.393224
2026-05-21,Running,Mental Recovery Run,"After a ten days pause in which I had so many downs including neck muscle spasm and tooth pain, I tried to finish one more run. From past few days my mind is foggy so I am not able to decide anything. I am unsure whether its vitamin deficiency or lack of sport. So this one is for mental recovery, in a hope that I will feel better.",2026-05-21_08-41-02_hk_1779345662.fit,427,2026-05-21T06:48:11.000Z,426.000,1132.25,148,178,82,3.084,29.48,50.8203,4.393188
2026-05-21,Running,Mental Recovery Run,"After a ten days pause in which I had so many downs including neck muscle spasm and tooth pain, I tried to finish one more run. From past few days my mind is foggy so I am not able to decide anything. I am unsure whether its vitamin deficiency or lack of sport. So this one is for mental recovery, in a hope that I will feel better.",2026-05-21_08-41-02_hk_1779345662.fit,428,2026-05-21T06:48:12.000Z,427.000,1134.65,148,180,79,3.069,29.47,50.820318,4.393152
2026-05-21,Running,Mental Recovery Run,"After a ten days pause in which I had so many downs including neck muscle spasm and tooth pain, I tried to finish one more run. From past few days my mind is foggy so I am not able to decide anything. I am unsure whether its vitamin deficiency or lack of sport. So this one is for mental recovery, in a hope that I will feel better.",2026-05-21_08-41-02_hk_1779345662.fit,429,2026-05-21T06:48:13.000Z,428.000,1138.9,148,180,79,3.194,29.47,50.820336,4.393116
2026-05-21,Running,Mental Recovery Run,"After a ten days pause in which I had so many downs including neck muscle spasm and tooth pain, I tried to finish one more run. From past few days my mind is foggy so I am not able to decide anything. I am unsure whether its vitamin deficiency or lack of sport. So this one is for mental recovery, in a hope that I will feel better.",2026-05-21_08-41-02_hk_1779345662.fit,430,2026-05-21T06:48:14.000Z,429.000,1143.16,148,181,79,3.202,29.47,50.820354,4.393098
2026-05-21,Running,Mental Recovery Run,"After a ten days pause in which I had so many downs including neck muscle spasm and tooth pain, I tried to finish one more run. From past few days my mind is foggy so I am not able to decide anything. I am unsure whether its vitamin deficiency or lack of sport. So this one is for mental recovery, in a hope that I will feel better.",2026-05-21_08-41-02_hk_1779345662.fit,431,2026-05-21T06:48:15.000Z,430.000,1146.04,148,181,79,3.183,29.47,50.820372,4.393062
2026-05-21,Running,Mental Recovery Run,"After a ten days pause in which I had so many downs including neck muscle spasm and tooth pain, I tried to finish one more run. From past few days my mind is foggy so I am not able to decide anything. I am unsure whether its vitamin deficiency or lack of sport. So this one is for mental recovery, in a hope that I will feel better.",2026-05-21_08-41-02_hk_1779345662.fit,432,2026-05-21T06:48:16.000Z,431.000,1148.92,148,181,79,3.151,29.46,50.82039,4.393026
2026-05-21,Running,Mental Recovery Run,"After a ten days pause in which I had so many downs including neck muscle spasm and tooth pain, I tried to finish one more run. From past few days my mind is foggy so I am not able to decide anything. I am unsure whether its vitamin deficiency or lack of sport. So this one is for mental recovery, in a hope that I will feel better.",2026-05-21_08-41-02_hk_1779345662.fit,433,2026-05-21T06:48:17.000Z,432.000,1151.8,148,182,79,3.179,29.46,50.820408,4.39299
2026-05-21,Running,Mental Recovery Run,"After a ten days pause in which I had so many downs including neck muscle spasm and tooth pain, I tried to finish one more run. From past few days my mind is foggy so I am not able to decide anything. I am unsure whether its vitamin deficiency or lack of sport. So this one is for mental recovery, in a hope that I will feel better.",2026-05-21_08-41-02_hk_1779345662.fit,434,2026-05-21T06:48:18.000Z,433.000,1154.32,148,182,79,3.183,29.46,50.820426,4.392972
2026-05-21,Running,Mental Recovery Run,"After a ten days pause in which I had so many downs including neck muscle spasm and tooth pain, I tried to finish one more run. From past few days my mind is foggy so I am not able to decide anything. I am unsure whether its vitamin deficiency or lack of sport. So this one is for mental recovery, in a hope that I will feel better.",2026-05-21_08-41-02_hk_1779345662.fit,435,2026-05-21T06:48:19.000Z,434.000,1156.84,148,182,79,3.153,29.46,50.820444,4.392936
2026-05-21,Running,Mental Recovery Run,"After a ten days pause in which I had so many downs including neck muscle spasm and tooth pain, I tried to finish one more run. From past few days my mind is foggy so I am not able to decide anything. I am unsure whether its vitamin deficiency or lack of sport. So this one is for mental recovery, in a hope that I will feel better.",2026-05-21_08-41-02_hk_1779345662.fit,436,2026-05-21T06:48:20.000Z,435.000,1159.35,148,181,79,3.116,29.45,50.820462,4.392918
2026-05-21,Running,Mental Recovery Run,"After a ten days pause in which I had so many downs including neck muscle spasm and tooth pain, I tried to finish one more run. From past few days my mind is foggy so I am not able to decide anything. I am unsure whether its vitamin deficiency or lack of sport. So this one is for mental recovery, in a hope that I will feel better.",2026-05-21_08-41-02_hk_1779345662.fit,437,2026-05-21T06:48:21.000Z,436.000,1163.52,148,181,79,3.195,29.45,50.82048,4.392882
2026-05-21,Running,Mental Recovery Run,"After a ten days pause in which I had so many downs including neck muscle spasm and tooth pain, I tried to finish one more run. From past few days my mind is foggy so I am not able to decide anything. I am unsure whether its vitamin deficiency or lack of sport. So this one is for mental recovery, in a hope that I will feel better.",2026-05-21_08-41-02_hk_1779345662.fit,438,2026-05-21T06:48:22.000Z,437.000,1167.69,148,184,79,3.266,29.45,50.820498,4.392864
2026-05-21,Running,Mental Recovery Run,"After a ten days pause in which I had so many downs including neck muscle spasm and tooth pain, I tried to finish one more run. From past few days my mind is foggy so I am not able to decide anything. I am unsure whether its vitamin deficiency or lack of sport. So this one is for mental recovery, in a hope that I will feel better.",2026-05-21_08-41-02_hk_1779345662.fit,439,2026-05-21T06:48:23.000Z,438.000,1169.79,148,184,79,3.207,29.45,50.820516,4.392828
2026-05-21,Running,Mental Recovery Run,"After a ten days pause in which I had so many downs including neck muscle spasm and tooth pain, I tried to finish one more run. From past few days my mind is foggy so I am not able to decide anything. I am unsure whether its vitamin deficiency or lack of sport. So this one is for mental recovery, in a hope that I will feel better.",2026-05-21_08-41-02_hk_1779345662.fit,440,2026-05-21T06:48:24.000Z,439.000,1171.88,148,184,79,3.141,29.45,50.820534,4.39281
2026-05-21,Running,Mental Recovery Run,"After a ten days pause in which I had so many downs including neck muscle spasm and tooth pain, I tried to finish one more run. From past few days my mind is foggy so I am not able to decide anything. I am unsure whether its vitamin deficiency or lack of sport. So this one is for mental recovery, in a hope that I will feel better.",2026-05-21_08-41-02_hk_1779345662.fit,441,2026-05-21T06:48:25.000Z,440.000,1173.97,148,181,79,3.001,29.45,50.820552,4.392792
2026-05-21,Running,Mental Recovery Run,"After a ten days pause in which I had so many downs including neck muscle spasm and tooth pain, I tried to finish one more run. From past few days my mind is foggy so I am not able to decide anything. I am unsure whether its vitamin deficiency or lack of sport. So this one is for mental recovery, in a hope that I will feel better.",2026-05-21_08-41-02_hk_1779345662.fit,442,2026-05-21T06:48:26.000Z,441.000,1176.58,148,181,79,2.979,29.45,50.82057,4.392774
2026-05-21,Running,Mental Recovery Run,"After a ten days pause in which I had so many downs including neck muscle spasm and tooth pain, I tried to finish one more run. From past few days my mind is foggy so I am not able to decide anything. I am unsure whether its vitamin deficiency or lack of sport. So this one is for mental recovery, in a hope that I will feel better.",2026-05-21_08-41-02_hk_1779345662.fit,443,2026-05-21T06:48:27.000Z,442.000,1179.19,148,212,79,2.875,29.44,50.820588,4.392774
2026-05-21,Running,Mental Recovery Run,"After a ten days pause in which I had so many downs including neck muscle spasm and tooth pain, I tried to finish one more run. From past few days my mind is foggy so I am not able to decide anything. I am unsure whether its vitamin deficiency or lack of sport. So this one is for mental recovery, in a hope that I will feel better.",2026-05-21_08-41-02_hk_1779345662.fit,444,2026-05-21T06:48:28.000Z,443.000,1180.98,148,212,79,2.84,29.44,50.820624,4.392756
2026-05-21,Running,Mental Recovery Run,"After a ten days pause in which I had so many downs including neck muscle spasm and tooth pain, I tried to finish one more run. From past few days my mind is foggy so I am not able to decide anything. I am unsure whether its vitamin deficiency or lack of sport. So this one is for mental recovery, in a hope that I will feel better.",2026-05-21_08-41-02_hk_1779345662.fit,445,2026-05-21T06:48:29.000Z,444.000,1182.76,148,212,79,2.806,29.44,50.820642,4.392756
2026-05-21,Running,Mental Recovery Run,"After a ten days pause in which I had so many downs including neck muscle spasm and tooth pain, I tried to finish one more run. From past few days my mind is foggy so I am not able to decide anything. I am unsure whether its vitamin deficiency or lack of sport. So this one is for mental recovery, in a hope that I will feel better.",2026-05-21_08-41-02_hk_1779345662.fit,446,2026-05-21T06:48:30.000Z,445.000,1184.55,148,202,80,2.752,29.44,50.82066,4.392738
2026-05-21,Running,Mental Recovery Run,"After a ten days pause in which I had so many downs including neck muscle spasm and tooth pain, I tried to finish one more run. From past few days my mind is foggy so I am not able to decide anything. I am unsure whether its vitamin deficiency or lack of sport. So this one is for mental recovery, in a hope that I will feel better.",2026-05-21_08-41-02_hk_1779345662.fit,447,2026-05-21T06:48:31.000Z,446.000,1187.69,148,202,80,2.792,29.44,50.820678,4.39272
2026-05-21,Running,Mental Recovery Run,"After a ten days pause in which I had so many downs including neck muscle spasm and tooth pain, I tried to finish one more run. From past few days my mind is foggy so I am not able to decide anything. I am unsure whether its vitamin deficiency or lack of sport. So this one is for mental recovery, in a hope that I will feel better.",2026-05-21_08-41-02_hk_1779345662.fit,448,2026-05-21T06:48:32.000Z,447.000,1190.84,148,199,80,2.734,29.44,50.820696,4.392702
2026-05-21,Running,Mental Recovery Run,"After a ten days pause in which I had so many downs including neck muscle spasm and tooth pain, I tried to finish one more run. From past few days my mind is foggy so I am not able to decide anything. I am unsure whether its vitamin deficiency or lack of sport. So this one is for mental recovery, in a hope that I will feel better.",2026-05-21_08-41-02_hk_1779345662.fit,449,2026-05-21T06:48:33.000Z,448.000,1192.72,148,199,81,2.691,29.44,50.820714,4.392684
2026-05-21,Running,Mental Recovery Run,"After a ten days pause in which I had so many downs including neck muscle spasm and tooth pain, I tried to finish one more run. From past few days my mind is foggy so I am not able to decide anything. I am unsure whether its vitamin deficiency or lack of sport. So this one is for mental recovery, in a hope that I will feel better.",2026-05-21_08-41-02_hk_1779345662.fit,450,2026-05-21T06:48:34.000Z,449.000,1194.61,148,199,81,2.573,29.44,50.820732,4.392666
2026-05-21,Running,Mental Recovery Run,"After a ten days pause in which I had so many downs including neck muscle spasm and tooth pain, I tried to finish one more run. From past few days my mind is foggy so I am not able to decide anything. I am unsure whether its vitamin deficiency or lack of sport. So this one is for mental recovery, in a hope that I will feel better.",2026-05-21_08-41-02_hk_1779345662.fit,451,2026-05-21T06:48:35.000Z,450.000,1196.49,148,198,81,2.523,29.44,50.82075,4.392648
2026-05-21,Running,Mental Recovery Run,"After a ten days pause in which I had so many downs including neck muscle spasm and tooth pain, I tried to finish one more run. From past few days my mind is foggy so I am not able to decide anything. I am unsure whether its vitamin deficiency or lack of sport. So this one is for mental recovery, in a hope that I will feel better.",2026-05-21_08-41-02_hk_1779345662.fit,452,2026-05-21T06:48:36.000Z,451.000,1199.96,148,198,79,2.552,29.43,50.820768,4.392612
2026-05-21,Running,Mental Recovery Run,"After a ten days pause in which I had so many downs including neck muscle spasm and tooth pain, I tried to finish one more run. From past few days my mind is foggy so I am not able to decide anything. I am unsure whether its vitamin deficiency or lack of sport. So this one is for mental recovery, in a hope that I will feel better.",2026-05-21_08-41-02_hk_1779345662.fit,453,2026-05-21T06:48:37.000Z,452.000,1203.42,148,197,79,2.581,29.43,50.820786,4.392594
2026-05-21,Running,Mental Recovery Run,"After a ten days pause in which I had so many downs including neck muscle spasm and tooth pain, I tried to finish one more run. From past few days my mind is foggy so I am not able to decide anything. I am unsure whether its vitamin deficiency or lack of sport. So this one is for mental recovery, in a hope that I will feel better.",2026-05-21_08-41-02_hk_1779345662.fit,454,2026-05-21T06:48:38.000Z,453.000,1205.53,148,197,79,2.561,29.43,50.820804,4.392576
2026-05-21,Running,Mental Recovery Run,"After a ten days pause in which I had so many downs including neck muscle spasm and tooth pain, I tried to finish one more run. From past few days my mind is foggy so I am not able to decide anything. I am unsure whether its vitamin deficiency or lack of sport. So this one is for mental recovery, in a hope that I will feel better.",2026-05-21_08-41-02_hk_1779345662.fit,455,2026-05-21T06:48:39.000Z,454.000,1207.64,148,197,79,2.54,29.43,50.820822,4.39254
2026-05-21,Running,Mental Recovery Run,"After a ten days pause in which I had so many downs including neck muscle spasm and tooth pain, I tried to finish one more run. From past few days my mind is foggy so I am not able to decide anything. I am unsure whether its vitamin deficiency or lack of sport. So this one is for mental recovery, in a hope that I will feel better.",2026-05-21_08-41-02_hk_1779345662.fit,456,2026-05-21T06:48:40.000Z,455.000,1209.75,148,195,79,2.52,29.43,50.82084,4.392522
2026-05-21,Running,Mental Recovery Run,"After a ten days pause in which I had so many downs including neck muscle spasm and tooth pain, I tried to finish one more run. From past few days my mind is foggy so I am not able to decide anything. I am unsure whether its vitamin deficiency or lack of sport. So this one is for mental recovery, in a hope that I will feel better.",2026-05-21_08-41-02_hk_1779345662.fit,457,2026-05-21T06:48:41.000Z,456.000,1212.33,148,195,79,2.523,29.43,50.820858,4.392504
2026-05-21,Running,Mental Recovery Run,"After a ten days pause in which I had so many downs including neck muscle spasm and tooth pain, I tried to finish one more run. From past few days my mind is foggy so I am not able to decide anything. I am unsure whether its vitamin deficiency or lack of sport. So this one is for mental recovery, in a hope that I will feel better.",2026-05-21_08-41-02_hk_1779345662.fit,458,2026-05-21T06:48:42.000Z,457.000,1214.91,148,195,79,2.447,29.43,50.820876,4.392468
2026-05-21,Running,Mental Recovery Run,"After a ten days pause in which I had so many downs including neck muscle spasm and tooth pain, I tried to finish one more run. From past few days my mind is foggy so I am not able to decide anything. I am unsure whether its vitamin deficiency or lack of sport. So this one is for mental recovery, in a hope that I will feel better.",2026-05-21_08-41-02_hk_1779345662.fit,459,2026-05-21T06:48:43.000Z,458.000,1217.49,148,197,79,2.453,29.43,50.820912,4.39245
2026-05-21,Running,Mental Recovery Run,"After a ten days pause in which I had so many downs including neck muscle spasm and tooth pain, I tried to finish one more run. From past few days my mind is foggy so I am not able to decide anything. I am unsure whether its vitamin deficiency or lack of sport. So this one is for mental recovery, in a hope that I will feel better.",2026-05-21_08-41-02_hk_1779345662.fit,460,2026-05-21T06:48:44.000Z,459.000,1220.88,148,197,79,2.433,29.42,50.82093,4.392432
2026-05-21,Running,Mental Recovery Run,"After a ten days pause in which I had so many downs including neck muscle spasm and tooth pain, I tried to finish one more run. From past few days my mind is foggy so I am not able to decide anything. I am unsure whether its vitamin deficiency or lack of sport. So this one is for mental recovery, in a hope that I will feel better.",2026-05-21_08-41-02_hk_1779345662.fit,461,2026-05-21T06:48:45.000Z,460.000,1224.26,148,199,79,2.514,29.42,50.820948,4.392396
2026-05-21,Running,Mental Recovery Run,"After a ten days pause in which I had so many downs including neck muscle spasm and tooth pain, I tried to finish one more run. From past few days my mind is foggy so I am not able to decide anything. I am unsure whether its vitamin deficiency or lack of sport. So this one is for mental recovery, in a hope that I will feel better.",2026-05-21_08-41-02_hk_1779345662.fit,462,2026-05-21T06:48:46.000Z,461.000,1227.64,148,199,79,2.553,29.42,50.820966,4.392378
2026-05-21,Running,Mental Recovery Run,"After a ten days pause in which I had so many downs including neck muscle spasm and tooth pain, I tried to finish one more run. From past few days my mind is foggy so I am not able to decide anything. I am unsure whether its vitamin deficiency or lack of sport. So this one is for mental recovery, in a hope that I will feel better.",2026-05-21_08-41-02_hk_1779345662.fit,463,2026-05-21T06:48:47.000Z,462.000,1231.01,148,199,79,2.633,29.42,50.820984,4.392342
2026-05-21,Running,Mental Recovery Run,"After a ten days pause in which I had so many downs including neck muscle spasm and tooth pain, I tried to finish one more run. From past few days my mind is foggy so I am not able to decide anything. I am unsure whether its vitamin deficiency or lack of sport. So this one is for mental recovery, in a hope that I will feel better.",2026-05-21_08-41-02_hk_1779345662.fit,464,2026-05-21T06:48:48.000Z,463.000,1234.39,148,206,79,2.717,29.42,50.821002,4.392324
2026-05-21,Running,Mental Recovery Run,"After a ten days pause in which I had so many downs including neck muscle spasm and tooth pain, I tried to finish one more run. From past few days my mind is foggy so I am not able to decide anything. I am unsure whether its vitamin deficiency or lack of sport. So this one is for mental recovery, in a hope that I will feel better.",2026-05-21_08-41-02_hk_1779345662.fit,465,2026-05-21T06:48:49.000Z,464.000,1237.76,148,206,79,2.781,29.41,50.82102,4.392288
2026-05-21,Running,Mental Recovery Run,"After a ten days pause in which I had so many downs including neck muscle spasm and tooth pain, I tried to finish one more run. From past few days my mind is foggy so I am not able to decide anything. I am unsure whether its vitamin deficiency or lack of sport. So this one is for mental recovery, in a hope that I will feel better.",2026-05-21_08-41-02_hk_1779345662.fit,466,2026-05-21T06:48:50.000Z,465.000,1241.13,148,204,79,2.794,29.41,50.821038,4.39227
2026-05-21,Running,Mental Recovery Run,"After a ten days pause in which I had so many downs including neck muscle spasm and tooth pain, I tried to finish one more run. From past few days my mind is foggy so I am not able to decide anything. I am unsure whether its vitamin deficiency or lack of sport. So this one is for mental recovery, in a hope that I will feel better.",2026-05-21_08-41-02_hk_1779345662.fit,467,2026-05-21T06:48:51.000Z,466.000,1243.35,148,204,79,2.812,29.41,50.821056,4.392252
2026-05-21,Running,Mental Recovery Run,"After a ten days pause in which I had so many downs including neck muscle spasm and tooth pain, I tried to finish one more run. From past few days my mind is foggy so I am not able to decide anything. I am unsure whether its vitamin deficiency or lack of sport. So this one is for mental recovery, in a hope that I will feel better.",2026-05-21_08-41-02_hk_1779345662.fit,468,2026-05-21T06:48:52.000Z,467.000,1245.56,148,204,79,2.831,29.41,50.821074,4.392234
2026-05-21,Running,Mental Recovery Run,"After a ten days pause in which I had so many downs including neck muscle spasm and tooth pain, I tried to finish one more run. From past few days my mind is foggy so I am not able to decide anything. I am unsure whether its vitamin deficiency or lack of sport. So this one is for mental recovery, in a hope that I will feel better.",2026-05-21_08-41-02_hk_1779345662.fit,469,2026-05-21T06:48:53.000Z,468.000,1247.78,148,201,79,2.85,29.41,50.821092,4.392216
2026-05-21,Running,Mental Recovery Run,"After a ten days pause in which I had so many downs including neck muscle spasm and tooth pain, I tried to finish one more run. From past few days my mind is foggy so I am not able to decide anything. I am unsure whether its vitamin deficiency or lack of sport. So this one is for mental recovery, in a hope that I will feel better.",2026-05-21_08-41-02_hk_1779345662.fit,470,2026-05-21T06:48:54.000Z,469.000,1251.33,148,201,81,2.854,29.4,50.82111,4.392198
2026-05-21,Running,Mental Recovery Run,"After a ten days pause in which I had so many downs including neck muscle spasm and tooth pain, I tried to finish one more run. From past few days my mind is foggy so I am not able to decide anything. I am unsure whether its vitamin deficiency or lack of sport. So this one is for mental recovery, in a hope that I will feel better.",2026-05-21_08-41-02_hk_1779345662.fit,471,2026-05-21T06:48:55.000Z,470.000,1254.87,148,200,81,2.858,29.4,50.821146,4.392162
2026-05-21,Running,Mental Recovery Run,"After a ten days pause in which I had so many downs including neck muscle spasm and tooth pain, I tried to finish one more run. From past few days my mind is foggy so I am not able to decide anything. I am unsure whether its vitamin deficiency or lack of sport. So this one is for mental recovery, in a hope that I will feel better.",2026-05-21_08-41-02_hk_1779345662.fit,472,2026-05-21T06:48:56.000Z,471.000,1256.6,148,200,81,2.837,29.4,50.821164,4.392144
2026-05-21,Running,Mental Recovery Run,"After a ten days pause in which I had so many downs including neck muscle spasm and tooth pain, I tried to finish one more run. From past few days my mind is foggy so I am not able to decide anything. I am unsure whether its vitamin deficiency or lack of sport. So this one is for mental recovery, in a hope that I will feel better.",2026-05-21_08-41-02_hk_1779345662.fit,473,2026-05-21T06:48:57.000Z,472.000,1258.33,148,200,80,2.816,29.4,50.821182,4.392108
2026-05-21,Running,Mental Recovery Run,"After a ten days pause in which I had so many downs including neck muscle spasm and tooth pain, I tried to finish one more run. From past few days my mind is foggy so I am not able to decide anything. I am unsure whether its vitamin deficiency or lack of sport. So this one is for mental recovery, in a hope that I will feel better.",2026-05-21_08-41-02_hk_1779345662.fit,474,2026-05-21T06:48:58.000Z,473.000,1260.07,148,195,80,2.795,29.4,50.8212,4.39209
2026-05-21,Running,Mental Recovery Run,"After a ten days pause in which I had so many downs including neck muscle spasm and tooth pain, I tried to finish one more run. From past few days my mind is foggy so I am not able to decide anything. I am unsure whether its vitamin deficiency or lack of sport. So this one is for mental recovery, in a hope that I will feel better.",2026-05-21_08-41-02_hk_1779345662.fit,475,2026-05-21T06:48:59.000Z,474.000,1262.57,148,195,80,2.791,29.4,50.821218,4.392072
2026-05-21,Running,Mental Recovery Run,"After a ten days pause in which I had so many downs including neck muscle spasm and tooth pain, I tried to finish one more run. From past few days my mind is foggy so I am not able to decide anything. I am unsure whether its vitamin deficiency or lack of sport. So this one is for mental recovery, in a hope that I will feel better.",2026-05-21_08-41-02_hk_1779345662.fit,476,2026-05-21T06:49:00.000Z,475.000,1265.08,148,195,79,2.787,29.39,50.821236,4.392054
2026-05-21,Running,Mental Recovery Run,"After a ten days pause in which I had so many downs including neck muscle spasm and tooth pain, I tried to finish one more run. From past few days my mind is foggy so I am not able to decide anything. I am unsure whether its vitamin deficiency or lack of sport. So this one is for mental recovery, in a hope that I will feel better.",2026-05-21_08-41-02_hk_1779345662.fit,477,2026-05-21T06:49:01.000Z,476.000,1267.59,148,195,79,2.783,29.39,50.821254,4.392036
2026-05-21,Running,Mental Recovery Run,"After a ten days pause in which I had so many downs including neck muscle spasm and tooth pain, I tried to finish one more run. From past few days my mind is foggy so I am not able to decide anything. I am unsure whether its vitamin deficiency or lack of sport. So this one is for mental recovery, in a hope that I will feel better.",2026-05-21_08-41-02_hk_1779345662.fit,478,2026-05-21T06:49:02.000Z,477.000,1271.41,148,195,79,2.807,29.39,50.821272,4.392018
2026-05-21,Running,Mental Recovery Run,"After a ten days pause in which I had so many downs including neck muscle spasm and tooth pain, I tried to finish one more run. From past few days my mind is foggy so I am not able to decide anything. I am unsure whether its vitamin deficiency or lack of sport. So this one is for mental recovery, in a hope that I will feel better.",2026-05-21_08-41-02_hk_1779345662.fit,479,2026-05-21T06:49:03.000Z,478.000,1275.23,148,196,79,2.832,29.39,50.82129,4.392
2026-05-21,Running,Mental Recovery Run,"After a ten days pause in which I had so many downs including neck muscle spasm and tooth pain, I tried to finish one more run. From past few days my mind is foggy so I am not able to decide anything. I am unsure whether its vitamin deficiency or lack of sport. So this one is for mental recovery, in a hope that I will feel better.",2026-05-21_08-41-02_hk_1779345662.fit,480,2026-05-21T06:49:04.000Z,479.000,1277.91,148,196,79,2.793,29.39,50.821326,4.391982
2026-05-21,Running,Mental Recovery Run,"After a ten days pause in which I had so many downs including neck muscle spasm and tooth pain, I tried to finish one more run. From past few days my mind is foggy so I am not able to decide anything. I am unsure whether its vitamin deficiency or lack of sport. So this one is for mental recovery, in a hope that I will feel better.",2026-05-21_08-41-02_hk_1779345662.fit,481,2026-05-21T06:49:05.000Z,480.000,1280.6,148,196,79,2.788,29.39,50.821344,4.391964
2026-05-21,Running,Mental Recovery Run,"After a ten days pause in which I had so many downs including neck muscle spasm and tooth pain, I tried to finish one more run. From past few days my mind is foggy so I am not able to decide anything. I am unsure whether its vitamin deficiency or lack of sport. So this one is for mental recovery, in a hope that I will feel better.",2026-05-21_08-41-02_hk_1779345662.fit,482,2026-05-21T06:49:06.000Z,481.000,1283.29,148,197,79,2.751,29.39,50.821362,4.391946
2026-05-21,Running,Mental Recovery Run,"After a ten days pause in which I had so many downs including neck muscle spasm and tooth pain, I tried to finish one more run. From past few days my mind is foggy so I am not able to decide anything. I am unsure whether its vitamin deficiency or lack of sport. So this one is for mental recovery, in a hope that I will feel better.",2026-05-21_08-41-02_hk_1779345662.fit,483,2026-05-21T06:49:07.000Z,482.000,1284.89,148,197,79,2.658,29.39,50.82138,4.391928
2026-05-21,Running,Mental Recovery Run,"After a ten days pause in which I had so many downs including neck muscle spasm and tooth pain, I tried to finish one more run. From past few days my mind is foggy so I am not able to decide anything. I am unsure whether its vitamin deficiency or lack of sport. So this one is for mental recovery, in a hope that I will feel better.",2026-05-21_08-41-02_hk_1779345662.fit,484,2026-05-21T06:49:08.000Z,483.000,1286.49,148,188,79,2.605,29.39,50.821398,4.39191
2026-05-21,Running,Mental Recovery Run,"After a ten days pause in which I had so many downs including neck muscle spasm and tooth pain, I tried to finish one more run. From past few days my mind is foggy so I am not able to decide anything. I am unsure whether its vitamin deficiency or lack of sport. So this one is for mental recovery, in a hope that I will feel better.",2026-05-21_08-41-02_hk_1779345662.fit,485,2026-05-21T06:49:09.000Z,484.000,1288.41,148,188,79,2.532,29.38,50.821416,4.391892
2026-05-21,Running,Mental Recovery Run,"After a ten days pause in which I had so many downs including neck muscle spasm and tooth pain, I tried to finish one more run. From past few days my mind is foggy so I am not able to decide anything. I am unsure whether its vitamin deficiency or lack of sport. So this one is for mental recovery, in a hope that I will feel better.",2026-05-21_08-41-02_hk_1779345662.fit,486,2026-05-21T06:49:10.000Z,485.000,1290.33,148,188,79,2.503,29.38,50.821434,4.391874
2026-05-21,Running,Mental Recovery Run,"After a ten days pause in which I had so many downs including neck muscle spasm and tooth pain, I tried to finish one more run. From past few days my mind is foggy so I am not able to decide anything. I am unsure whether its vitamin deficiency or lack of sport. So this one is for mental recovery, in a hope that I will feel better.",2026-05-21_08-41-02_hk_1779345662.fit,487,2026-05-21T06:49:11.000Z,486.000,1292.24,148,185,79,2.434,29.38,50.821452,4.391856
2026-05-21,Running,Mental Recovery Run,"After a ten days pause in which I had so many downs including neck muscle spasm and tooth pain, I tried to finish one more run. From past few days my mind is foggy so I am not able to decide anything. I am unsure whether its vitamin deficiency or lack of sport. So this one is for mental recovery, in a hope that I will feel better.",2026-05-21_08-41-02_hk_1779345662.fit,488,2026-05-21T06:49:12.000Z,487.000,1295.9,148,185,79,2.517,29.38,50.82147,4.391838
2026-05-21,Running,Mental Recovery Run,"After a ten days pause in which I had so many downs including neck muscle spasm and tooth pain, I tried to finish one more run. From past few days my mind is foggy so I am not able to decide anything. I am unsure whether its vitamin deficiency or lack of sport. So this one is for mental recovery, in a hope that I will feel better.",2026-05-21_08-41-02_hk_1779345662.fit,489,2026-05-21T06:49:13.000Z,488.000,1299.56,148,187,79,2.589,29.37,50.821488,4.39182
2026-05-21,Running,Mental Recovery Run,"After a ten days pause in which I had so many downs including neck muscle spasm and tooth pain, I tried to finish one more run. From past few days my mind is foggy so I am not able to decide anything. I am unsure whether its vitamin deficiency or lack of sport. So this one is for mental recovery, in a hope that I will feel better.",2026-05-21_08-41-02_hk_1779345662.fit,490,2026-05-21T06:49:14.000Z,489.000,1302.32,148,187,79,2.549,29.37,50.821506,4.391802
2026-05-21,Running,Mental Recovery Run,"After a ten days pause in which I had so many downs including neck muscle spasm and tooth pain, I tried to finish one more run. From past few days my mind is foggy so I am not able to decide anything. I am unsure whether its vitamin deficiency or lack of sport. So this one is for mental recovery, in a hope that I will feel better.",2026-05-21_08-41-02_hk_1779345662.fit,491,2026-05-21T06:49:15.000Z,490.000,1305.07,148,187,79,2.51,29.37,50.821524,4.391784
2026-05-21,Running,Mental Recovery Run,"After a ten days pause in which I had so many downs including neck muscle spasm and tooth pain, I tried to finish one more run. From past few days my mind is foggy so I am not able to decide anything. I am unsure whether its vitamin deficiency or lack of sport. So this one is for mental recovery, in a hope that I will feel better.",2026-05-21_08-41-02_hk_1779345662.fit,492,2026-05-21T06:49:16.000Z,491.000,1307.82,148,189,79,2.561,29.37,50.82156,4.391766
2026-05-21,Running,Mental Recovery Run,"After a ten days pause in which I had so many downs including neck muscle spasm and tooth pain, I tried to finish one more run. From past few days my mind is foggy so I am not able to decide anything. I am unsure whether its vitamin deficiency or lack of sport. So this one is for mental recovery, in a hope that I will feel better.",2026-05-21_08-41-02_hk_1779345662.fit,493,2026-05-21T06:49:17.000Z,492.000,1311.28,148,189,79,2.696,29.36,50.821578,4.391748
2026-05-21,Running,Mental Recovery Run,"After a ten days pause in which I had so many downs including neck muscle spasm and tooth pain, I tried to finish one more run. From past few days my mind is foggy so I am not able to decide anything. I am unsure whether its vitamin deficiency or lack of sport. So this one is for mental recovery, in a hope that I will feel better.",2026-05-21_08-41-02_hk_1779345662.fit,494,2026-05-21T06:49:18.000Z,493.000,1314.74,148,187,82,2.746,29.36,50.821596,4.391712
2026-05-21,Running,Mental Recovery Run,"After a ten days pause in which I had so many downs including neck muscle spasm and tooth pain, I tried to finish one more run. From past few days my mind is foggy so I am not able to decide anything. I am unsure whether its vitamin deficiency or lack of sport. So this one is for mental recovery, in a hope that I will feel better.",2026-05-21_08-41-02_hk_1779345662.fit,495,2026-05-21T06:49:19.000Z,494.000,1316.43,148,187,82,2.703,29.36,50.821614,4.391694
2026-05-21,Running,Mental Recovery Run,"After a ten days pause in which I had so many downs including neck muscle spasm and tooth pain, I tried to finish one more run. From past few days my mind is foggy so I am not able to decide anything. I am unsure whether its vitamin deficiency or lack of sport. So this one is for mental recovery, in a hope that I will feel better.",2026-05-21_08-41-02_hk_1779345662.fit,496,2026-05-21T06:49:20.000Z,495.000,1318.12,148,187,82,2.659,29.36,50.821632,4.391676
2026-05-21,Running,Mental Recovery Run,"After a ten days pause in which I had so many downs including neck muscle spasm and tooth pain, I tried to finish one more run. From past few days my mind is foggy so I am not able to decide anything. I am unsure whether its vitamin deficiency or lack of sport. So this one is for mental recovery, in a hope that I will feel better.",2026-05-21_08-41-02_hk_1779345662.fit,497,2026-05-21T06:49:21.000Z,496.000,1319.81,148,183,79,2.611,29.36,50.82165,4.391658
2026-05-21,Running,Mental Recovery Run,"After a ten days pause in which I had so many downs including neck muscle spasm and tooth pain, I tried to finish one more run. From past few days my mind is foggy so I am not able to decide anything. I am unsure whether its vitamin deficiency or lack of sport. So this one is for mental recovery, in a hope that I will feel better.",2026-05-21_08-41-02_hk_1779345662.fit,498,2026-05-21T06:49:22.000Z,497.000,1322.26,148,183,79,2.542,29.35,50.821668,4.39164
2026-05-21,Running,Mental Recovery Run,"After a ten days pause in which I had so many downs including neck muscle spasm and tooth pain, I tried to finish one more run. From past few days my mind is foggy so I am not able to decide anything. I am unsure whether its vitamin deficiency or lack of sport. So this one is for mental recovery, in a hope that I will feel better.",2026-05-21_08-41-02_hk_1779345662.fit,499,2026-05-21T06:49:23.000Z,498.000,1324.71,148,183,79,2.538,29.35,50.821686,4.391622
2026-05-21,Running,Mental Recovery Run,"After a ten days pause in which I had so many downs including neck muscle spasm and tooth pain, I tried to finish one more run. From past few days my mind is foggy so I am not able to decide anything. I am unsure whether its vitamin deficiency or lack of sport. So this one is for mental recovery, in a hope that I will feel better.",2026-05-21_08-41-02_hk_1779345662.fit,500,2026-05-21T06:49:24.000Z,499.000,1327.15,148,183,79,2.473,29.35,50.821722,4.391604
2026-05-21,Running,Mental Recovery Run,"After a ten days pause in which I had so many downs including neck muscle spasm and tooth pain, I tried to finish one more run. From past few days my mind is foggy so I am not able to decide anything. I am unsure whether its vitamin deficiency or lack of sport. So this one is for mental recovery, in a hope that I will feel better.",2026-05-21_08-41-02_hk_1779345662.fit,501,2026-05-21T06:49:25.000Z,500.000,1331.42,148,183,79,2.541,29.35,50.82174,4.391586
2026-05-21,Running,Mental Recovery Run,"After a ten days pause in which I had so many downs including neck muscle spasm and tooth pain, I tried to finish one more run. From past few days my mind is foggy so I am not able to decide anything. I am unsure whether its vitamin deficiency or lack of sport. So this one is for mental recovery, in a hope that I will feel better.",2026-05-21_08-41-02_hk_1779345662.fit,502,2026-05-21T06:49:26.000Z,501.000,1335.68,148,184,79,2.673,29.34,50.821758,4.391568
2026-05-21,Running,Mental Recovery Run,"After a ten days pause in which I had so many downs including neck muscle spasm and tooth pain, I tried to finish one more run. From past few days my mind is foggy so I am not able to decide anything. I am unsure whether its vitamin deficiency or lack of sport. So this one is for mental recovery, in a hope that I will feel better.",2026-05-21_08-41-02_hk_1779345662.fit,503,2026-05-21T06:49:27.000Z,502.000,1338.12,148,184,79,2.717,29.34,50.821776,4.39155
2026-05-21,Running,Mental Recovery Run,"After a ten days pause in which I had so many downs including neck muscle spasm and tooth pain, I tried to finish one more run. From past few days my mind is foggy so I am not able to decide anything. I am unsure whether its vitamin deficiency or lack of sport. So this one is for mental recovery, in a hope that I will feel better.",2026-05-21_08-41-02_hk_1779345662.fit,504,2026-05-21T06:49:28.000Z,503.000,1340.56,148,184,79,2.791,29.34,50.821794,4.391532
2026-05-21,Running,Mental Recovery Run,"After a ten days pause in which I had so many downs including neck muscle spasm and tooth pain, I tried to finish one more run. From past few days my mind is foggy so I am not able to decide anything. I am unsure whether its vitamin deficiency or lack of sport. So this one is for mental recovery, in a hope that I will feel better.",2026-05-21_08-41-02_hk_1779345662.fit,505,2026-05-21T06:49:29.000Z,504.000,1343,148,194,79,2.82,29.33,50.821812,4.391514
2026-05-21,Running,Mental Recovery Run,"After a ten days pause in which I had so many downs including neck muscle spasm and tooth pain, I tried to finish one more run. From past few days my mind is foggy so I am not able to decide anything. I am unsure whether its vitamin deficiency or lack of sport. So this one is for mental recovery, in a hope that I will feel better.",2026-05-21_08-41-02_hk_1779345662.fit,506,2026-05-21T06:49:30.000Z,505.000,1345.86,148,194,79,2.822,29.33,50.821848,4.391496
2026-05-21,Running,Mental Recovery Run,"After a ten days pause in which I had so many downs including neck muscle spasm and tooth pain, I tried to finish one more run. From past few days my mind is foggy so I am not able to decide anything. I am unsure whether its vitamin deficiency or lack of sport. So this one is for mental recovery, in a hope that I will feel better.",2026-05-21_08-41-02_hk_1779345662.fit,507,2026-05-21T06:49:31.000Z,506.000,1348.73,148,187,79,2.78,29.33,50.821866,4.391496
2026-05-21,Running,Mental Recovery Run,"After a ten days pause in which I had so many downs including neck muscle spasm and tooth pain, I tried to finish one more run. From past few days my mind is foggy so I am not able to decide anything. I am unsure whether its vitamin deficiency or lack of sport. So this one is for mental recovery, in a hope that I will feel better.",2026-05-21_08-41-02_hk_1779345662.fit,508,2026-05-21T06:49:32.000Z,507.000,1350.96,148,187,79,2.705,29.33,50.821884,4.391496
2026-05-21,Running,Mental Recovery Run,"After a ten days pause in which I had so many downs including neck muscle spasm and tooth pain, I tried to finish one more run. From past few days my mind is foggy so I am not able to decide anything. I am unsure whether its vitamin deficiency or lack of sport. So this one is for mental recovery, in a hope that I will feel better.",2026-05-21_08-41-02_hk_1779345662.fit,509,2026-05-21T06:49:33.000Z,508.000,1353.18,148,187,79,2.677,29.32,50.821902,4.391478
2026-05-21,Running,Mental Recovery Run,"After a ten days pause in which I had so many downs including neck muscle spasm and tooth pain, I tried to finish one more run. From past few days my mind is foggy so I am not able to decide anything. I am unsure whether its vitamin deficiency or lack of sport. So this one is for mental recovery, in a hope that I will feel better.",2026-05-21_08-41-02_hk_1779345662.fit,510,2026-05-21T06:49:34.000Z,509.000,1355.41,148,187,79,2.649,29.32,50.821938,4.391478
2026-05-21,Running,Mental Recovery Run,"After a ten days pause in which I had so many downs including neck muscle spasm and tooth pain, I tried to finish one more run. From past few days my mind is foggy so I am not able to decide anything. I am unsure whether its vitamin deficiency or lack of sport. So this one is for mental recovery, in a hope that I will feel better.",2026-05-21_08-41-02_hk_1779345662.fit,511,2026-05-21T06:49:35.000Z,510.000,1358.44,148,187,79,2.664,29.32,50.821956,4.391478
2026-05-21,Running,Mental Recovery Run,"After a ten days pause in which I had so many downs including neck muscle spasm and tooth pain, I tried to finish one more run. From past few days my mind is foggy so I am not able to decide anything. I am unsure whether its vitamin deficiency or lack of sport. So this one is for mental recovery, in a hope that I will feel better.",2026-05-21_08-41-02_hk_1779345662.fit,512,2026-05-21T06:49:36.000Z,511.000,1361.47,148,184,79,2.641,29.32,50.821974,4.391478
2026-05-21,Running,Mental Recovery Run,"After a ten days pause in which I had so many downs including neck muscle spasm and tooth pain, I tried to finish one more run. From past few days my mind is foggy so I am not able to decide anything. I am unsure whether its vitamin deficiency or lack of sport. So this one is for mental recovery, in a hope that I will feel better.",2026-05-21_08-41-02_hk_1779345662.fit,513,2026-05-21T06:49:37.000Z,512.000,1363.93,148,184,79,2.632,29.32,50.821992,4.391478
2026-05-21,Running,Mental Recovery Run,"After a ten days pause in which I had so many downs including neck muscle spasm and tooth pain, I tried to finish one more run. From past few days my mind is foggy so I am not able to decide anything. I am unsure whether its vitamin deficiency or lack of sport. So this one is for mental recovery, in a hope that I will feel better.",2026-05-21_08-41-02_hk_1779345662.fit,514,2026-05-21T06:49:38.000Z,513.000,1366.39,148,184,79,2.582,29.32,50.822028,4.39146
2026-05-21,Running,Mental Recovery Run,"After a ten days pause in which I had so many downs including neck muscle spasm and tooth pain, I tried to finish one more run. From past few days my mind is foggy so I am not able to decide anything. I am unsure whether its vitamin deficiency or lack of sport. So this one is for mental recovery, in a hope that I will feel better.",2026-05-21_08-41-02_hk_1779345662.fit,515,2026-05-21T06:49:39.000Z,514.000,1368.86,148,185,79,2.67,29.32,50.822046,4.39146
2026-05-21,Running,Mental Recovery Run,"After a ten days pause in which I had so many downs including neck muscle spasm and tooth pain, I tried to finish one more run. From past few days my mind is foggy so I am not able to decide anything. I am unsure whether its vitamin deficiency or lack of sport. So this one is for mental recovery, in a hope that I will feel better.",2026-05-21_08-41-02_hk_1779345662.fit,516,2026-05-21T06:49:40.000Z,515.000,1371.9,148,185,79,2.741,29.32,50.822064,4.391442
2026-05-21,Running,Mental Recovery Run,"After a ten days pause in which I had so many downs including neck muscle spasm and tooth pain, I tried to finish one more run. From past few days my mind is foggy so I am not able to decide anything. I am unsure whether its vitamin deficiency or lack of sport. So this one is for mental recovery, in a hope that I will feel better.",2026-05-21_08-41-02_hk_1779345662.fit,517,2026-05-21T06:49:41.000Z,516.000,1374.94,148,185,79,2.791,29.32,50.822082,4.391442
2026-05-21,Running,Mental Recovery Run,"After a ten days pause in which I had so many downs including neck muscle spasm and tooth pain, I tried to finish one more run. From past few days my mind is foggy so I am not able to decide anything. I am unsure whether its vitamin deficiency or lack of sport. So this one is for mental recovery, in a hope that I will feel better.",2026-05-21_08-41-02_hk_1779345662.fit,518,2026-05-21T06:49:42.000Z,517.000,1377.19,148,185,79,2.78,29.32,50.822118,4.391424
2026-05-21,Running,Mental Recovery Run,"After a ten days pause in which I had so many downs including neck muscle spasm and tooth pain, I tried to finish one more run. From past few days my mind is foggy so I am not able to decide anything. I am unsure whether its vitamin deficiency or lack of sport. So this one is for mental recovery, in a hope that I will feel better.",2026-05-21_08-41-02_hk_1779345662.fit,519,2026-05-21T06:49:43.000Z,518.000,1379.44,148,185,79,2.752,29.32,50.822136,4.391424
2026-05-21,Running,Mental Recovery Run,"After a ten days pause in which I had so many downs including neck muscle spasm and tooth pain, I tried to finish one more run. From past few days my mind is foggy so I am not able to decide anything. I am unsure whether its vitamin deficiency or lack of sport. So this one is for mental recovery, in a hope that I will feel better.",2026-05-21_08-41-02_hk_1779345662.fit,520,2026-05-21T06:49:44.000Z,519.000,1381.69,148,185,79,2.646,29.32,50.822154,4.391424
2026-05-21,Running,Mental Recovery Run,"After a ten days pause in which I had so many downs including neck muscle spasm and tooth pain, I tried to finish one more run. From past few days my mind is foggy so I am not able to decide anything. I am unsure whether its vitamin deficiency or lack of sport. So this one is for mental recovery, in a hope that I will feel better.",2026-05-21_08-41-02_hk_1779345662.fit,521,2026-05-21T06:49:45.000Z,520.000,1383.93,148,185,79,2.625,29.32,50.822172,4.391406
2026-05-21,Running,Mental Recovery Run,"After a ten days pause in which I had so many downs including neck muscle spasm and tooth pain, I tried to finish one more run. From past few days my mind is foggy so I am not able to decide anything. I am unsure whether its vitamin deficiency or lack of sport. So this one is for mental recovery, in a hope that I will feel better.",2026-05-21_08-41-02_hk_1779345662.fit,522,2026-05-21T06:49:46.000Z,521.000,1386.17,148,185,79,2.524,29.32,50.82219,4.391406
2026-05-21,Running,Mental Recovery Run,"After a ten days pause in which I had so many downs including neck muscle spasm and tooth pain, I tried to finish one more run. From past few days my mind is foggy so I am not able to decide anything. I am unsure whether its vitamin deficiency or lack of sport. So this one is for mental recovery, in a hope that I will feel better.",2026-05-21_08-41-02_hk_1779345662.fit,523,2026-05-21T06:49:47.000Z,522.000,1388.4,148,185,79,2.514,29.32,50.822226,4.391388
2026-05-21,Running,Mental Recovery Run,"After a ten days pause in which I had so many downs including neck muscle spasm and tooth pain, I tried to finish one more run. From past few days my mind is foggy so I am not able to decide anything. I am unsure whether its vitamin deficiency or lack of sport. So this one is for mental recovery, in a hope that I will feel better.",2026-05-21_08-41-02_hk_1779345662.fit,524,2026-05-21T06:49:48.000Z,523.000,1392.08,148,185,79,2.576,29.32,50.822244,4.39137
2026-05-21,Running,Mental Recovery Run,"After a ten days pause in which I had so many downs including neck muscle spasm and tooth pain, I tried to finish one more run. From past few days my mind is foggy so I am not able to decide anything. I am unsure whether its vitamin deficiency or lack of sport. So this one is for mental recovery, in a hope that I will feel better.",2026-05-21_08-41-02_hk_1779345662.fit,525,2026-05-21T06:49:49.000Z,524.000,1395.75,148,187,79,2.638,29.31,50.822262,4.391352
2026-05-21,Running,Mental Recovery Run,"After a ten days pause in which I had so many downs including neck muscle spasm and tooth pain, I tried to finish one more run. From past few days my mind is foggy so I am not able to decide anything. I am unsure whether its vitamin deficiency or lack of sport. So this one is for mental recovery, in a hope that I will feel better.",2026-05-21_08-41-02_hk_1779345662.fit,526,2026-05-21T06:49:50.000Z,525.000,1398.05,148,187,79,2.609,29.31,50.82228,4.391334
2026-05-21,Running,Mental Recovery Run,"After a ten days pause in which I had so many downs including neck muscle spasm and tooth pain, I tried to finish one more run. From past few days my mind is foggy so I am not able to decide anything. I am unsure whether its vitamin deficiency or lack of sport. So this one is for mental recovery, in a hope that I will feel better.",2026-05-21_08-41-02_hk_1779345662.fit,527,2026-05-21T06:49:51.000Z,526.000,1400.35,148,187,81,2.581,29.31,50.822298,4.391316
2026-05-21,Running,Mental Recovery Run,"After a ten days pause in which I had so many downs including neck muscle spasm and tooth pain, I tried to finish one more run. From past few days my mind is foggy so I am not able to decide anything. I am unsure whether its vitamin deficiency or lack of sport. So this one is for mental recovery, in a hope that I will feel better.",2026-05-21_08-41-02_hk_1779345662.fit,528,2026-05-21T06:49:52.000Z,527.000,1402.65,148,186,81,2.585,29.31,50.822316,4.391298
2026-05-21,Running,Mental Recovery Run,"After a ten days pause in which I had so many downs including neck muscle spasm and tooth pain, I tried to finish one more run. From past few days my mind is foggy so I am not able to decide anything. I am unsure whether its vitamin deficiency or lack of sport. So this one is for mental recovery, in a hope that I will feel better.",2026-05-21_08-41-02_hk_1779345662.fit,529,2026-05-21T06:49:53.000Z,528.000,1406.53,148,186,81,2.691,29.31,50.822334,4.39128
2026-05-21,Running,Mental Recovery Run,"After a ten days pause in which I had so many downs including neck muscle spasm and tooth pain, I tried to finish one more run. From past few days my mind is foggy so I am not able to decide anything. I am unsure whether its vitamin deficiency or lack of sport. So this one is for mental recovery, in a hope that I will feel better.",2026-05-21_08-41-02_hk_1779345662.fit,530,2026-05-21T06:49:54.000Z,529.000,1410.41,148,189,82,2.735,29.31,50.82237,4.391244
2026-05-21,Running,Mental Recovery Run,"After a ten days pause in which I had so many downs including neck muscle spasm and tooth pain, I tried to finish one more run. From past few days my mind is foggy so I am not able to decide anything. I am unsure whether its vitamin deficiency or lack of sport. So this one is for mental recovery, in a hope that I will feel better.",2026-05-21_08-41-02_hk_1779345662.fit,531,2026-05-21T06:49:55.000Z,530.000,1412.92,148,189,82,2.708,29.3,50.822388,4.391226
2026-05-21,Running,Mental Recovery Run,"After a ten days pause in which I had so many downs including neck muscle spasm and tooth pain, I tried to finish one more run. From past few days my mind is foggy so I am not able to decide anything. I am unsure whether its vitamin deficiency or lack of sport. So this one is for mental recovery, in a hope that I will feel better.",2026-05-21_08-41-02_hk_1779345662.fit,532,2026-05-21T06:49:56.000Z,531.000,1415.43,148,189,82,2.711,29.3,50.822406,4.391208
2026-05-21,Running,Mental Recovery Run,"After a ten days pause in which I had so many downs including neck muscle spasm and tooth pain, I tried to finish one more run. From past few days my mind is foggy so I am not able to decide anything. I am unsure whether its vitamin deficiency or lack of sport. So this one is for mental recovery, in a hope that I will feel better.",2026-05-21_08-41-02_hk_1779345662.fit,533,2026-05-21T06:49:57.000Z,532.000,1417.94,148,195,79,2.713,29.3,50.822424,4.391172
2026-05-21,Running,Mental Recovery Run,"After a ten days pause in which I had so many downs including neck muscle spasm and tooth pain, I tried to finish one more run. From past few days my mind is foggy so I am not able to decide anything. I am unsure whether its vitamin deficiency or lack of sport. So this one is for mental recovery, in a hope that I will feel better.",2026-05-21_08-41-02_hk_1779345662.fit,534,2026-05-21T06:49:58.000Z,533.000,1420.76,148,195,79,2.732,29.3,50.822442,4.391154
2026-05-21,Running,Mental Recovery Run,"After a ten days pause in which I had so many downs including neck muscle spasm and tooth pain, I tried to finish one more run. From past few days my mind is foggy so I am not able to decide anything. I am unsure whether its vitamin deficiency or lack of sport. So this one is for mental recovery, in a hope that I will feel better.",2026-05-21_08-41-02_hk_1779345662.fit,535,2026-05-21T06:49:59.000Z,534.000,1423.58,148,189,79,2.72,29.3,50.82246,4.391136
2026-05-21,Running,Mental Recovery Run,"After a ten days pause in which I had so many downs including neck muscle spasm and tooth pain, I tried to finish one more run. From past few days my mind is foggy so I am not able to decide anything. I am unsure whether its vitamin deficiency or lack of sport. So this one is for mental recovery, in a hope that I will feel better.",2026-05-21_08-41-02_hk_1779345662.fit,536,2026-05-21T06:50:00.000Z,535.000,1425.56,148,189,79,2.664,29.29,50.822478,4.391118
2026-05-21,Running,Mental Recovery Run,"After a ten days pause in which I had so many downs including neck muscle spasm and tooth pain, I tried to finish one more run. From past few days my mind is foggy so I am not able to decide anything. I am unsure whether its vitamin deficiency or lack of sport. So this one is for mental recovery, in a hope that I will feel better.",2026-05-21_08-41-02_hk_1779345662.fit,537,2026-05-21T06:50:01.000Z,536.000,1427.53,148,189,79,2.649,29.29,50.822496,4.3911
2026-05-21,Running,Mental Recovery Run,"After a ten days pause in which I had so many downs including neck muscle spasm and tooth pain, I tried to finish one more run. From past few days my mind is foggy so I am not able to decide anything. I am unsure whether its vitamin deficiency or lack of sport. So this one is for mental recovery, in a hope that I will feel better.",2026-05-21_08-41-02_hk_1779345662.fit,538,2026-05-21T06:50:02.000Z,537.000,1429.5,148,186,79,2.635,29.29,50.822514,4.391082
2026-05-21,Running,Mental Recovery Run,"After a ten days pause in which I had so many downs including neck muscle spasm and tooth pain, I tried to finish one more run. From past few days my mind is foggy so I am not able to decide anything. I am unsure whether its vitamin deficiency or lack of sport. So this one is for mental recovery, in a hope that I will feel better.",2026-05-21_08-41-02_hk_1779345662.fit,539,2026-05-21T06:50:03.000Z,538.000,1431.99,148,186,79,2.648,29.29,50.822532,4.391064
2026-05-21,Running,Mental Recovery Run,"After a ten days pause in which I had so many downs including neck muscle spasm and tooth pain, I tried to finish one more run. From past few days my mind is foggy so I am not able to decide anything. I am unsure whether its vitamin deficiency or lack of sport. So this one is for mental recovery, in a hope that I will feel better.",2026-05-21_08-41-02_hk_1779345662.fit,540,2026-05-21T06:50:04.000Z,539.000,1434.49,148,186,79,2.661,29.29,50.82255,4.391028
2026-05-21,Running,Mental Recovery Run,"After a ten days pause in which I had so many downs including neck muscle spasm and tooth pain, I tried to finish one more run. From past few days my mind is foggy so I am not able to decide anything. I am unsure whether its vitamin deficiency or lack of sport. So this one is for mental recovery, in a hope that I will feel better.",2026-05-21_08-41-02_hk_1779345662.fit,541,2026-05-21T06:50:05.000Z,540.000,1436.98,148,187,79,2.675,29.29,50.822568,4.39101
2026-05-21,Running,Mental Recovery Run,"After a ten days pause in which I had so many downs including neck muscle spasm and tooth pain, I tried to finish one more run. From past few days my mind is foggy so I am not able to decide anything. I am unsure whether its vitamin deficiency or lack of sport. So this one is for mental recovery, in a hope that I will feel better.",2026-05-21_08-41-02_hk_1779345662.fit,542,2026-05-21T06:50:06.000Z,541.000,1440.43,148,187,81,2.738,29.29,50.822586,4.390992
2026-05-21,Running,Mental Recovery Run,"After a ten days pause in which I had so many downs including neck muscle spasm and tooth pain, I tried to finish one more run. From past few days my mind is foggy so I am not able to decide anything. I am unsure whether its vitamin deficiency or lack of sport. So this one is for mental recovery, in a hope that I will feel better.",2026-05-21_08-41-02_hk_1779345662.fit,543,2026-05-21T06:50:07.000Z,542.000,1443.88,148,188,81,2.727,29.28,50.822622,4.390974
2026-05-21,Running,Mental Recovery Run,"After a ten days pause in which I had so many downs including neck muscle spasm and tooth pain, I tried to finish one more run. From past few days my mind is foggy so I am not able to decide anything. I am unsure whether its vitamin deficiency or lack of sport. So this one is for mental recovery, in a hope that I will feel better.",2026-05-21_08-41-02_hk_1779345662.fit,544,2026-05-21T06:50:08.000Z,543.000,1446.06,148,188,81,2.648,29.28,50.82264,4.390938
2026-05-21,Running,Mental Recovery Run,"After a ten days pause in which I had so many downs including neck muscle spasm and tooth pain, I tried to finish one more run. From past few days my mind is foggy so I am not able to decide anything. I am unsure whether its vitamin deficiency or lack of sport. So this one is for mental recovery, in a hope that I will feel better.",2026-05-21_08-41-02_hk_1779345662.fit,545,2026-05-21T06:50:09.000Z,544.000,1448.25,148,188,82,2.642,29.28,50.822658,4.39092
2026-05-21,Running,Mental Recovery Run,"After a ten days pause in which I had so many downs including neck muscle spasm and tooth pain, I tried to finish one more run. From past few days my mind is foggy so I am not able to decide anything. I am unsure whether its vitamin deficiency or lack of sport. So this one is for mental recovery, in a hope that I will feel better.",2026-05-21_08-41-02_hk_1779345662.fit,546,2026-05-21T06:50:10.000Z,545.000,1450.43,148,188,82,2.636,29.28,50.822676,4.390902
2026-05-21,Running,Mental Recovery Run,"After a ten days pause in which I had so many downs including neck muscle spasm and tooth pain, I tried to finish one more run. From past few days my mind is foggy so I am not able to decide anything. I am unsure whether its vitamin deficiency or lack of sport. So this one is for mental recovery, in a hope that I will feel better.",2026-05-21_08-41-02_hk_1779345662.fit,547,2026-05-21T06:50:11.000Z,546.000,1454.12,148,188,82,2.709,29.28,50.822694,4.390884
2026-05-21,Running,Mental Recovery Run,"After a ten days pause in which I had so many downs including neck muscle spasm and tooth pain, I tried to finish one more run. From past few days my mind is foggy so I am not able to decide anything. I am unsure whether its vitamin deficiency or lack of sport. So this one is for mental recovery, in a hope that I will feel better.",2026-05-21_08-41-02_hk_1779345662.fit,548,2026-05-21T06:50:12.000Z,547.000,1457.8,148,191,82,2.699,29.27,50.822712,4.390866
2026-05-21,Running,Mental Recovery Run,"After a ten days pause in which I had so many downs including neck muscle spasm and tooth pain, I tried to finish one more run. From past few days my mind is foggy so I am not able to decide anything. I am unsure whether its vitamin deficiency or lack of sport. So this one is for mental recovery, in a hope that I will feel better.",2026-05-21_08-41-02_hk_1779345662.fit,549,2026-05-21T06:50:13.000Z,548.000,1459.84,148,191,82,2.666,29.27,50.82273,4.390866
2026-05-21,Running,Mental Recovery Run,"After a ten days pause in which I had so many downs including neck muscle spasm and tooth pain, I tried to finish one more run. From past few days my mind is foggy so I am not able to decide anything. I am unsure whether its vitamin deficiency or lack of sport. So this one is for mental recovery, in a hope that I will feel better.",2026-05-21_08-41-02_hk_1779345662.fit,550,2026-05-21T06:50:14.000Z,549.000,1461.87,148,191,82,2.573,29.27,50.822748,4.390848
2026-05-21,Running,Mental Recovery Run,"After a ten days pause in which I had so many downs including neck muscle spasm and tooth pain, I tried to finish one more run. From past few days my mind is foggy so I am not able to decide anything. I am unsure whether its vitamin deficiency or lack of sport. So this one is for mental recovery, in a hope that I will feel better.",2026-05-21_08-41-02_hk_1779345662.fit,551,2026-05-21T06:50:15.000Z,550.000,1463.91,148,192,79,2.55,29.27,50.822784,4.39083
2026-05-21,Running,Mental Recovery Run,"After a ten days pause in which I had so many downs including neck muscle spasm and tooth pain, I tried to finish one more run. From past few days my mind is foggy so I am not able to decide anything. I am unsure whether its vitamin deficiency or lack of sport. So this one is for mental recovery, in a hope that I will feel better.",2026-05-21_08-41-02_hk_1779345662.fit,552,2026-05-21T06:50:16.000Z,551.000,1467.06,148,192,79,2.582,29.26,50.822802,4.39083
2026-05-21,Running,Mental Recovery Run,"After a ten days pause in which I had so many downs including neck muscle spasm and tooth pain, I tried to finish one more run. From past few days my mind is foggy so I am not able to decide anything. I am unsure whether its vitamin deficiency or lack of sport. So this one is for mental recovery, in a hope that I will feel better.",2026-05-21_08-41-02_hk_1779345662.fit,553,2026-05-21T06:50:17.000Z,552.000,1470.21,148,189,79,2.614,29.26,50.82282,4.390812
2026-05-21,Running,Mental Recovery Run,"After a ten days pause in which I had so many downs including neck muscle spasm and tooth pain, I tried to finish one more run. From past few days my mind is foggy so I am not able to decide anything. I am unsure whether its vitamin deficiency or lack of sport. So this one is for mental recovery, in a hope that I will feel better.",2026-05-21_08-41-02_hk_1779345662.fit,554,2026-05-21T06:50:18.000Z,553.000,1472.65,148,189,79,2.595,29.26,50.822838,4.390794
2026-05-21,Running,Mental Recovery Run,"After a ten days pause in which I had so many downs including neck muscle spasm and tooth pain, I tried to finish one more run. From past few days my mind is foggy so I am not able to decide anything. I am unsure whether its vitamin deficiency or lack of sport. So this one is for mental recovery, in a hope that I will feel better.",2026-05-21_08-41-02_hk_1779345662.fit,555,2026-05-21T06:50:19.000Z,554.000,1475.09,148,189,79,2.575,29.26,50.822856,4.390794
2026-05-21,Running,Mental Recovery Run,"After a ten days pause in which I had so many downs including neck muscle spasm and tooth pain, I tried to finish one more run. From past few days my mind is foggy so I am not able to decide anything. I am unsure whether its vitamin deficiency or lack of sport. So this one is for mental recovery, in a hope that I will feel better.",2026-05-21_08-41-02_hk_1779345662.fit,556,2026-05-21T06:50:20.000Z,555.000,1477.54,148,189,79,2.632,29.26,50.822892,4.390794
2026-05-21,Running,Mental Recovery Run,"After a ten days pause in which I had so many downs including neck muscle spasm and tooth pain, I tried to finish one more run. From past few days my mind is foggy so I am not able to decide anything. I am unsure whether its vitamin deficiency or lack of sport. So this one is for mental recovery, in a hope that I will feel better.",2026-05-21_08-41-02_hk_1779345662.fit,557,2026-05-21T06:50:21.000Z,556.000,1481.59,148,189,79,2.741,29.26,50.82291,4.390794
2026-05-21,Running,Mental Recovery Run,"After a ten days pause in which I had so many downs including neck muscle spasm and tooth pain, I tried to finish one more run. From past few days my mind is foggy so I am not able to decide anything. I am unsure whether its vitamin deficiency or lack of sport. So this one is for mental recovery, in a hope that I will feel better.",2026-05-21_08-41-02_hk_1779345662.fit,558,2026-05-21T06:50:22.000Z,557.000,1485.64,148,190,79,2.841,29.26,50.822928,4.390794
2026-05-21,Running,Mental Recovery Run,"After a ten days pause in which I had so many downs including neck muscle spasm and tooth pain, I tried to finish one more run. From past few days my mind is foggy so I am not able to decide anything. I am unsure whether its vitamin deficiency or lack of sport. So this one is for mental recovery, in a hope that I will feel better.",2026-05-21_08-41-02_hk_1779345662.fit,559,2026-05-21T06:50:23.000Z,558.000,1488.56,148,190,79,2.865,29.26,50.822946,4.39083
2026-05-21,Running,Mental Recovery Run,"After a ten days pause in which I had so many downs including neck muscle spasm and tooth pain, I tried to finish one more run. From past few days my mind is foggy so I am not able to decide anything. I am unsure whether its vitamin deficiency or lack of sport. So this one is for mental recovery, in a hope that I will feel better.",2026-05-21_08-41-02_hk_1779345662.fit,560,2026-05-21T06:50:24.000Z,559.000,1491.48,148,190,81,2.836,29.26,50.822964,4.390866
2026-05-21,Running,Mental Recovery Run,"After a ten days pause in which I had so many downs including neck muscle spasm and tooth pain, I tried to finish one more run. From past few days my mind is foggy so I am not able to decide anything. I am unsure whether its vitamin deficiency or lack of sport. So this one is for mental recovery, in a hope that I will feel better.",2026-05-21_08-41-02_hk_1779345662.fit,561,2026-05-21T06:50:25.000Z,560.000,1494.4,148,195,81,2.806,29.26,50.822982,4.390902
2026-05-21,Running,Mental Recovery Run,"After a ten days pause in which I had so many downs including neck muscle spasm and tooth pain, I tried to finish one more run. From past few days my mind is foggy so I am not able to decide anything. I am unsure whether its vitamin deficiency or lack of sport. So this one is for mental recovery, in a hope that I will feel better.",2026-05-21_08-41-02_hk_1779345662.fit,562,2026-05-21T06:50:26.000Z,561.000,1496.45,148,195,81,2.799,29.25,50.823,4.390938
2026-05-21,Running,Mental Recovery Run,"After a ten days pause in which I had so many downs including neck muscle spasm and tooth pain, I tried to finish one more run. From past few days my mind is foggy so I am not able to decide anything. I am unsure whether its vitamin deficiency or lack of sport. So this one is for mental recovery, in a hope that I will feel better.",2026-05-21_08-41-02_hk_1779345662.fit,563,2026-05-21T06:50:27.000Z,562.000,1498.51,148,195,80,2.792,29.25,50.823018,4.390974
2026-05-21,Running,Mental Recovery Run,"After a ten days pause in which I had so many downs including neck muscle spasm and tooth pain, I tried to finish one more run. From past few days my mind is foggy so I am not able to decide anything. I am unsure whether its vitamin deficiency or lack of sport. So this one is for mental recovery, in a hope that I will feel better.",2026-05-21_08-41-02_hk_1779345662.fit,564,2026-05-21T06:50:28.000Z,563.000,1500.56,148,194,80,2.785,29.26,50.823018,4.39101
2026-05-21,Running,Mental Recovery Run,"After a ten days pause in which I had so many downs including neck muscle spasm and tooth pain, I tried to finish one more run. From past few days my mind is foggy so I am not able to decide anything. I am unsure whether its vitamin deficiency or lack of sport. So this one is for mental recovery, in a hope that I will feel better.",2026-05-21_08-41-02_hk_1779345662.fit,565,2026-05-21T06:50:29.000Z,564.000,1504.44,148,194,80,2.796,29.26,50.823036,4.391046
2026-05-21,Running,Mental Recovery Run,"After a ten days pause in which I had so many downs including neck muscle spasm and tooth pain, I tried to finish one more run. From past few days my mind is foggy so I am not able to decide anything. I am unsure whether its vitamin deficiency or lack of sport. So this one is for mental recovery, in a hope that I will feel better.",2026-05-21_08-41-02_hk_1779345662.fit,566,2026-05-21T06:50:30.000Z,565.000,1508.33,148,197,79,2.807,29.26,50.823054,4.391082
2026-05-21,Running,Mental Recovery Run,"After a ten days pause in which I had so many downs including neck muscle spasm and tooth pain, I tried to finish one more run. From past few days my mind is foggy so I am not able to decide anything. I am unsure whether its vitamin deficiency or lack of sport. So this one is for mental recovery, in a hope that I will feel better.",2026-05-21_08-41-02_hk_1779345662.fit,567,2026-05-21T06:50:31.000Z,566.000,1511.15,148,197,79,2.85,29.26,50.823072,4.391118
2026-05-21,Running,Mental Recovery Run,"After a ten days pause in which I had so many downs including neck muscle spasm and tooth pain, I tried to finish one more run. From past few days my mind is foggy so I am not able to decide anything. I am unsure whether its vitamin deficiency or lack of sport. So this one is for mental recovery, in a hope that I will feel better.",2026-05-21_08-41-02_hk_1779345662.fit,568,2026-05-21T06:50:32.000Z,567.000,1513.97,148,197,79,2.945,29.26,50.82309,4.391154
2026-05-21,Running,Mental Recovery Run,"After a ten days pause in which I had so many downs including neck muscle spasm and tooth pain, I tried to finish one more run. From past few days my mind is foggy so I am not able to decide anything. I am unsure whether its vitamin deficiency or lack of sport. So this one is for mental recovery, in a hope that I will feel better.",2026-05-21_08-41-02_hk_1779345662.fit,569,2026-05-21T06:50:33.000Z,568.000,1516.79,148,200,79,2.938,29.26,50.823108,4.39119
2026-05-21,Running,Mental Recovery Run,"After a ten days pause in which I had so many downs including neck muscle spasm and tooth pain, I tried to finish one more run. From past few days my mind is foggy so I am not able to decide anything. I am unsure whether its vitamin deficiency or lack of sport. So this one is for mental recovery, in a hope that I will feel better.",2026-05-21_08-41-02_hk_1779345662.fit,570,2026-05-21T06:50:34.000Z,569.000,1521.24,148,200,79,3.002,29.26,50.823126,4.391226
2026-05-21,Running,Mental Recovery Run,"After a ten days pause in which I had so many downs including neck muscle spasm and tooth pain, I tried to finish one more run. From past few days my mind is foggy so I am not able to decide anything. I am unsure whether its vitamin deficiency or lack of sport. So this one is for mental recovery, in a hope that I will feel better.",2026-05-21_08-41-02_hk_1779345662.fit,571,2026-05-21T06:50:35.000Z,570.000,1525.7,148,204,79,3.163,29.26,50.823144,4.391262
2026-05-21,Running,Mental Recovery Run,"After a ten days pause in which I had so many downs including neck muscle spasm and tooth pain, I tried to finish one more run. From past few days my mind is foggy so I am not able to decide anything. I am unsure whether its vitamin deficiency or lack of sport. So this one is for mental recovery, in a hope that I will feel better.",2026-05-21_08-41-02_hk_1779345662.fit,572,2026-05-21T06:50:36.000Z,571.000,1528.93,148,204,80,3.212,29.26,50.823162,4.391298
2026-05-21,Running,Mental Recovery Run,"After a ten days pause in which I had so many downs including neck muscle spasm and tooth pain, I tried to finish one more run. From past few days my mind is foggy so I am not able to decide anything. I am unsure whether its vitamin deficiency or lack of sport. So this one is for mental recovery, in a hope that I will feel better.",2026-05-21_08-41-02_hk_1779345662.fit,573,2026-05-21T06:50:37.000Z,572.000,1532.16,148,204,80,3.161,29.26,50.82318,4.391334
2026-05-21,Running,Mental Recovery Run,"After a ten days pause in which I had so many downs including neck muscle spasm and tooth pain, I tried to finish one more run. From past few days my mind is foggy so I am not able to decide anything. I am unsure whether its vitamin deficiency or lack of sport. So this one is for mental recovery, in a hope that I will feel better.",2026-05-21_08-41-02_hk_1779345662.fit,574,2026-05-21T06:50:38.000Z,573.000,1535.4,148,210,80,3.165,29.26,50.823198,4.391352
2026-05-21,Running,Mental Recovery Run,"After a ten days pause in which I had so many downs including neck muscle spasm and tooth pain, I tried to finish one more run. From past few days my mind is foggy so I am not able to decide anything. I am unsure whether its vitamin deficiency or lack of sport. So this one is for mental recovery, in a hope that I will feel better.",2026-05-21_08-41-02_hk_1779345662.fit,575,2026-05-21T06:50:39.000Z,574.000,1539.11,148,210,82,3.16,29.26,50.823216,4.391388
2026-05-21,Running,Mental Recovery Run,"After a ten days pause in which I had so many downs including neck muscle spasm and tooth pain, I tried to finish one more run. From past few days my mind is foggy so I am not able to decide anything. I am unsure whether its vitamin deficiency or lack of sport. So this one is for mental recovery, in a hope that I will feel better.",2026-05-21_08-41-02_hk_1779345662.fit,576,2026-05-21T06:50:40.000Z,575.000,1542.82,148,209,82,3.209,29.26,50.823234,4.391424
2026-05-21,Running,Mental Recovery Run,"After a ten days pause in which I had so many downs including neck muscle spasm and tooth pain, I tried to finish one more run. From past few days my mind is foggy so I am not able to decide anything. I am unsure whether its vitamin deficiency or lack of sport. So this one is for mental recovery, in a hope that I will feel better.",2026-05-21_08-41-02_hk_1779345662.fit,577,2026-05-21T06:50:41.000Z,576.000,1545.58,148,209,82,3.199,29.26,50.823252,4.391442
2026-05-21,Running,Mental Recovery Run,"After a ten days pause in which I had so many downs including neck muscle spasm and tooth pain, I tried to finish one more run. From past few days my mind is foggy so I am not able to decide anything. I am unsure whether its vitamin deficiency or lack of sport. So this one is for mental recovery, in a hope that I will feel better.",2026-05-21_08-41-02_hk_1779345662.fit,578,2026-05-21T06:50:42.000Z,577.000,1548.33,148,209,82,3.243,29.26,50.82327,4.391478
2026-05-21,Running,Mental Recovery Run,"After a ten days pause in which I had so many downs including neck muscle spasm and tooth pain, I tried to finish one more run. From past few days my mind is foggy so I am not able to decide anything. I am unsure whether its vitamin deficiency or lack of sport. So this one is for mental recovery, in a hope that I will feel better.",2026-05-21_08-41-02_hk_1779345662.fit,579,2026-05-21T06:50:43.000Z,578.000,1551.09,148,210,82,3.368,29.26,50.823288,4.391514
2026-05-21,Running,Mental Recovery Run,"After a ten days pause in which I had so many downs including neck muscle spasm and tooth pain, I tried to finish one more run. From past few days my mind is foggy so I am not able to decide anything. I am unsure whether its vitamin deficiency or lack of sport. So this one is for mental recovery, in a hope that I will feel better.",2026-05-21_08-41-02_hk_1779345662.fit,580,2026-05-21T06:50:44.000Z,579.000,1554.63,148,210,82,3.346,29.26,50.823306,4.39155
2026-05-21,Running,Mental Recovery Run,"After a ten days pause in which I had so many downs including neck muscle spasm and tooth pain, I tried to finish one more run. From past few days my mind is foggy so I am not able to decide anything. I am unsure whether its vitamin deficiency or lack of sport. So this one is for mental recovery, in a hope that I will feel better.",2026-05-21_08-41-02_hk_1779345662.fit,581,2026-05-21T06:50:45.000Z,580.000,1558.18,148,208,82,3.359,29.26,50.823324,4.391586
2026-05-21,Running,Mental Recovery Run,"After a ten days pause in which I had so many downs including neck muscle spasm and tooth pain, I tried to finish one more run. From past few days my mind is foggy so I am not able to decide anything. I am unsure whether its vitamin deficiency or lack of sport. So this one is for mental recovery, in a hope that I will feel better.",2026-05-21_08-41-02_hk_1779345662.fit,582,2026-05-21T06:50:46.000Z,581.000,1560.32,148,208,82,3.249,29.26,50.823342,4.391604
2026-05-21,Running,Mental Recovery Run,"After a ten days pause in which I had so many downs including neck muscle spasm and tooth pain, I tried to finish one more run. From past few days my mind is foggy so I am not able to decide anything. I am unsure whether its vitamin deficiency or lack of sport. So this one is for mental recovery, in a hope that I will feel better.",2026-05-21_08-41-02_hk_1779345662.fit,583,2026-05-21T06:50:47.000Z,582.000,1562.45,148,208,82,3.206,29.25,50.82336,4.39164
2026-05-21,Running,Mental Recovery Run,"After a ten days pause in which I had so many downs including neck muscle spasm and tooth pain, I tried to finish one more run. From past few days my mind is foggy so I am not able to decide anything. I am unsure whether its vitamin deficiency or lack of sport. So this one is for mental recovery, in a hope that I will feel better.",2026-05-21_08-41-02_hk_1779345662.fit,584,2026-05-21T06:50:48.000Z,583.000,1564.59,148,208,79,3.164,29.25,50.823378,4.391676
2026-05-21,Running,Mental Recovery Run,"After a ten days pause in which I had so many downs including neck muscle spasm and tooth pain, I tried to finish one more run. From past few days my mind is foggy so I am not able to decide anything. I am unsure whether its vitamin deficiency or lack of sport. So this one is for mental recovery, in a hope that I will feel better.",2026-05-21_08-41-02_hk_1779345662.fit,585,2026-05-21T06:50:49.000Z,584.000,1566.73,148,208,79,3.104,29.25,50.823396,4.391712
2026-05-21,Running,Mental Recovery Run,"After a ten days pause in which I had so many downs including neck muscle spasm and tooth pain, I tried to finish one more run. From past few days my mind is foggy so I am not able to decide anything. I am unsure whether its vitamin deficiency or lack of sport. So this one is for mental recovery, in a hope that I will feel better.",2026-05-21_08-41-02_hk_1779345662.fit,586,2026-05-21T06:50:50.000Z,585.000,1568.88,148,208,79,3.064,29.25,50.823414,4.39173
2026-05-21,Running,Mental Recovery Run,"After a ten days pause in which I had so many downs including neck muscle spasm and tooth pain, I tried to finish one more run. From past few days my mind is foggy so I am not able to decide anything. I am unsure whether its vitamin deficiency or lack of sport. So this one is for mental recovery, in a hope that I will feel better.",2026-05-21_08-41-02_hk_1779345662.fit,587,2026-05-21T06:50:51.000Z,586.000,1571.02,148,204,79,3.013,29.25,50.823432,4.391766
2026-05-21,Running,Mental Recovery Run,"After a ten days pause in which I had so many downs including neck muscle spasm and tooth pain, I tried to finish one more run. From past few days my mind is foggy so I am not able to decide anything. I am unsure whether its vitamin deficiency or lack of sport. So this one is for mental recovery, in a hope that I will feel better.",2026-05-21_08-41-02_hk_1779345662.fit,588,2026-05-21T06:50:52.000Z,587.000,1575.33,148,204,79,3.005,29.25,50.82345,4.391802
2026-05-21,Running,Mental Recovery Run,"After a ten days pause in which I had so many downs including neck muscle spasm and tooth pain, I tried to finish one more run. From past few days my mind is foggy so I am not able to decide anything. I am unsure whether its vitamin deficiency or lack of sport. So this one is for mental recovery, in a hope that I will feel better.",2026-05-21_08-41-02_hk_1779345662.fit,589,2026-05-21T06:50:53.000Z,588.000,1579.63,148,208,79,2.982,29.26,50.823468,4.39182
2026-05-21,Running,Mental Recovery Run,"After a ten days pause in which I had so many downs including neck muscle spasm and tooth pain, I tried to finish one more run. From past few days my mind is foggy so I am not able to decide anything. I am unsure whether its vitamin deficiency or lack of sport. So this one is for mental recovery, in a hope that I will feel better.",2026-05-21_08-41-02_hk_1779345662.fit,590,2026-05-21T06:50:54.000Z,589.000,1582.34,148,208,79,2.952,29.26,50.823486,4.391856
2026-05-21,Running,Mental Recovery Run,"After a ten days pause in which I had so many downs including neck muscle spasm and tooth pain, I tried to finish one more run. From past few days my mind is foggy so I am not able to decide anything. I am unsure whether its vitamin deficiency or lack of sport. So this one is for mental recovery, in a hope that I will feel better.",2026-05-21_08-41-02_hk_1779345662.fit,591,2026-05-21T06:50:55.000Z,590.000,1585.05,148,208,79,2.938,29.26,50.823522,4.391892
2026-05-21,Running,Mental Recovery Run,"After a ten days pause in which I had so many downs including neck muscle spasm and tooth pain, I tried to finish one more run. From past few days my mind is foggy so I am not able to decide anything. I am unsure whether its vitamin deficiency or lack of sport. So this one is for mental recovery, in a hope that I will feel better.",2026-05-21_08-41-02_hk_1779345662.fit,592,2026-05-21T06:50:56.000Z,591.000,1587.76,148,210,79,2.909,29.27,50.82354,4.39191
2026-05-21,Running,Mental Recovery Run,"After a ten days pause in which I had so many downs including neck muscle spasm and tooth pain, I tried to finish one more run. From past few days my mind is foggy so I am not able to decide anything. I am unsure whether its vitamin deficiency or lack of sport. So this one is for mental recovery, in a hope that I will feel better.",2026-05-21_08-41-02_hk_1779345662.fit,593,2026-05-21T06:50:57.000Z,592.000,1590.83,148,210,81,2.873,29.27,50.823558,4.391946
2026-05-21,Running,Mental Recovery Run,"After a ten days pause in which I had so many downs including neck muscle spasm and tooth pain, I tried to finish one more run. From past few days my mind is foggy so I am not able to decide anything. I am unsure whether its vitamin deficiency or lack of sport. So this one is for mental recovery, in a hope that I will feel better.",2026-05-21_08-41-02_hk_1779345662.fit,594,2026-05-21T06:50:58.000Z,593.000,1593.9,148,207,81,2.837,29.27,50.823576,4.391964
2026-05-21,Running,Mental Recovery Run,"After a ten days pause in which I had so many downs including neck muscle spasm and tooth pain, I tried to finish one more run. From past few days my mind is foggy so I am not able to decide anything. I am unsure whether its vitamin deficiency or lack of sport. So this one is for mental recovery, in a hope that I will feel better.",2026-05-21_08-41-02_hk_1779345662.fit,595,2026-05-21T06:50:59.000Z,594.000,1596.67,148,207,81,2.839,29.27,50.823594,4.392
2026-05-21,Running,Mental Recovery Run,"After a ten days pause in which I had so many downs including neck muscle spasm and tooth pain, I tried to finish one more run. From past few days my mind is foggy so I am not able to decide anything. I am unsure whether its vitamin deficiency or lack of sport. So this one is for mental recovery, in a hope that I will feel better.",2026-05-21_08-41-02_hk_1779345662.fit,596,2026-05-21T06:51:00.000Z,595.000,1599.45,148,207,82,2.84,29.27,50.823612,4.392018
2026-05-21,Running,Mental Recovery Run,"After a ten days pause in which I had so many downs including neck muscle spasm and tooth pain, I tried to finish one more run. From past few days my mind is foggy so I am not able to decide anything. I am unsure whether its vitamin deficiency or lack of sport. So this one is for mental recovery, in a hope that I will feel better.",2026-05-21_08-41-02_hk_1779345662.fit,597,2026-05-21T06:51:01.000Z,596.000,1602.22,148,211,82,2.841,29.27,50.823612,4.392054
2026-05-21,Running,Mental Recovery Run,"After a ten days pause in which I had so many downs including neck muscle spasm and tooth pain, I tried to finish one more run. From past few days my mind is foggy so I am not able to decide anything. I am unsure whether its vitamin deficiency or lack of sport. So this one is for mental recovery, in a hope that I will feel better.",2026-05-21_08-41-02_hk_1779345662.fit,598,2026-05-21T06:51:02.000Z,597.000,1605.83,148,211,82,2.844,29.27,50.82363,4.392072
2026-05-21,Running,Mental Recovery Run,"After a ten days pause in which I had so many downs including neck muscle spasm and tooth pain, I tried to finish one more run. From past few days my mind is foggy so I am not able to decide anything. I am unsure whether its vitamin deficiency or lack of sport. So this one is for mental recovery, in a hope that I will feel better.",2026-05-21_08-41-02_hk_1779345662.fit,599,2026-05-21T06:51:03.000Z,598.000,1609.43,148,213,82,2.847,29.27,50.823648,4.392108
2026-05-21,Running,Mental Recovery Run,"After a ten days pause in which I had so many downs including neck muscle spasm and tooth pain, I tried to finish one more run. From past few days my mind is foggy so I am not able to decide anything. I am unsure whether its vitamin deficiency or lack of sport. So this one is for mental recovery, in a hope that I will feel better.",2026-05-21_08-41-02_hk_1779345662.fit,600,2026-05-21T06:51:04.000Z,599.000,1611.86,148,213,82,2.864,29.27,50.823666,4.392144
2026-05-21,Running,Mental Recovery Run,"After a ten days pause in which I had so many downs including neck muscle spasm and tooth pain, I tried to finish one more run. From past few days my mind is foggy so I am not able to decide anything. I am unsure whether its vitamin deficiency or lack of sport. So this one is for mental recovery, in a hope that I will feel better.",2026-05-21_08-41-02_hk_1779345662.fit,601,2026-05-21T06:51:05.000Z,600.000,1614.29,148,213,82,2.88,29.27,50.823666,4.392162
2026-05-21,Running,Mental Recovery Run,"After a ten days pause in which I had so many downs including neck muscle spasm and tooth pain, I tried to finish one more run. From past few days my mind is foggy so I am not able to decide anything. I am unsure whether its vitamin deficiency or lack of sport. So this one is for mental recovery, in a hope that I will feel better.",2026-05-21_08-41-02_hk_1779345662.fit,602,2026-05-21T06:51:06.000Z,601.000,1616.71,148,213,82,2.896,29.27,50.823684,4.392198
2026-05-21,Running,Mental Recovery Run,"After a ten days pause in which I had so many downs including neck muscle spasm and tooth pain, I tried to finish one more run. From past few days my mind is foggy so I am not able to decide anything. I am unsure whether its vitamin deficiency or lack of sport. So this one is for mental recovery, in a hope that I will feel better.",2026-05-21_08-41-02_hk_1779345662.fit,603,2026-05-21T06:51:07.000Z,602.000,1619.35,148,213,82,2.969,29.27,50.823702,4.392234
2026-05-21,Running,Mental Recovery Run,"After a ten days pause in which I had so many downs including neck muscle spasm and tooth pain, I tried to finish one more run. From past few days my mind is foggy so I am not able to decide anything. I am unsure whether its vitamin deficiency or lack of sport. So this one is for mental recovery, in a hope that I will feel better.",2026-05-21_08-41-02_hk_1779345662.fit,604,2026-05-21T06:51:08.000Z,603.000,1621.99,148,210,82,2.998,29.27,50.82372,4.39227
2026-05-21,Running,Mental Recovery Run,"After a ten days pause in which I had so many downs including neck muscle spasm and tooth pain, I tried to finish one more run. From past few days my mind is foggy so I am not able to decide anything. I am unsure whether its vitamin deficiency or lack of sport. So this one is for mental recovery, in a hope that I will feel better.",2026-05-21_08-41-02_hk_1779345662.fit,605,2026-05-21T06:51:09.000Z,604.000,1623.88,148,210,81,2.936,29.27,50.82372,4.392306
2026-05-21,Running,Mental Recovery Run,"After a ten days pause in which I had so many downs including neck muscle spasm and tooth pain, I tried to finish one more run. From past few days my mind is foggy so I am not able to decide anything. I am unsure whether its vitamin deficiency or lack of sport. So this one is for mental recovery, in a hope that I will feel better.",2026-05-21_08-41-02_hk_1779345662.fit,606,2026-05-21T06:51:10.000Z,605.000,1625.76,148,210,81,2.802,29.27,50.823738,4.392324
2026-05-21,Running,Mental Recovery Run,"After a ten days pause in which I had so many downs including neck muscle spasm and tooth pain, I tried to finish one more run. From past few days my mind is foggy so I am not able to decide anything. I am unsure whether its vitamin deficiency or lack of sport. So this one is for mental recovery, in a hope that I will feel better.",2026-05-21_08-41-02_hk_1779345662.fit,607,2026-05-21T06:51:11.000Z,606.000,1627.64,148,208,81,2.754,29.27,50.823756,4.39236
2026-05-21,Running,Mental Recovery Run,"After a ten days pause in which I had so many downs including neck muscle spasm and tooth pain, I tried to finish one more run. From past few days my mind is foggy so I am not able to decide anything. I am unsure whether its vitamin deficiency or lack of sport. So this one is for mental recovery, in a hope that I will feel better.",2026-05-21_08-41-02_hk_1779345662.fit,608,2026-05-21T06:51:12.000Z,607.000,1630.1,148,208,79,2.656,29.27,50.823774,4.392378
2026-05-21,Running,Mental Recovery Run,"After a ten days pause in which I had so many downs including neck muscle spasm and tooth pain, I tried to finish one more run. From past few days my mind is foggy so I am not able to decide anything. I am unsure whether its vitamin deficiency or lack of sport. So this one is for mental recovery, in a hope that I will feel better.",2026-05-21_08-41-02_hk_1779345662.fit,609,2026-05-21T06:51:13.000Z,608.000,1632.56,148,208,79,2.643,29.27,50.823792,4.392414
2026-05-21,Running,Mental Recovery Run,"After a ten days pause in which I had so many downs including neck muscle spasm and tooth pain, I tried to finish one more run. From past few days my mind is foggy so I am not able to decide anything. I am unsure whether its vitamin deficiency or lack of sport. So this one is for mental recovery, in a hope that I will feel better.",2026-05-21_08-41-02_hk_1779345662.fit,610,2026-05-21T06:51:14.000Z,609.000,1635.02,148,209,79,2.634,29.27,50.82381,4.39245
2026-05-21,Running,Mental Recovery Run,"After a ten days pause in which I had so many downs including neck muscle spasm and tooth pain, I tried to finish one more run. From past few days my mind is foggy so I am not able to decide anything. I am unsure whether its vitamin deficiency or lack of sport. So this one is for mental recovery, in a hope that I will feel better.",2026-05-21_08-41-02_hk_1779345662.fit,611,2026-05-21T06:51:15.000Z,610.000,1638.62,148,209,79,2.677,29.27,50.82381,4.392468
2026-05-21,Running,Mental Recovery Run,"After a ten days pause in which I had so many downs including neck muscle spasm and tooth pain, I tried to finish one more run. From past few days my mind is foggy so I am not able to decide anything. I am unsure whether its vitamin deficiency or lack of sport. So this one is for mental recovery, in a hope that I will feel better.",2026-05-21_08-41-02_hk_1779345662.fit,612,2026-05-21T06:51:16.000Z,611.000,1642.22,148,209,79,2.705,29.27,50.823828,4.392504
2026-05-21,Running,Mental Recovery Run,"After a ten days pause in which I had so many downs including neck muscle spasm and tooth pain, I tried to finish one more run. From past few days my mind is foggy so I am not able to decide anything. I am unsure whether its vitamin deficiency or lack of sport. So this one is for mental recovery, in a hope that I will feel better.",2026-05-21_08-41-02_hk_1779345662.fit,613,2026-05-21T06:51:17.000Z,612.000,1644.5,148,209,79,2.664,29.27,50.823846,4.39254
2026-05-21,Running,Mental Recovery Run,"After a ten days pause in which I had so many downs including neck muscle spasm and tooth pain, I tried to finish one more run. From past few days my mind is foggy so I am not able to decide anything. I am unsure whether its vitamin deficiency or lack of sport. So this one is for mental recovery, in a hope that I will feel better.",2026-05-21_08-41-02_hk_1779345662.fit,614,2026-05-21T06:51:18.000Z,613.000,1646.79,148,209,79,2.638,29.27,50.823864,4.392558
2026-05-21,Running,Mental Recovery Run,"After a ten days pause in which I had so many downs including neck muscle spasm and tooth pain, I tried to finish one more run. From past few days my mind is foggy so I am not able to decide anything. I am unsure whether its vitamin deficiency or lack of sport. So this one is for mental recovery, in a hope that I will feel better.",2026-05-21_08-41-02_hk_1779345662.fit,615,2026-05-21T06:51:19.000Z,614.000,1649.08,148,208,79,2.62,29.27,50.823882,4.392594
2026-05-21,Running,Mental Recovery Run,"After a ten days pause in which I had so many downs including neck muscle spasm and tooth pain, I tried to finish one more run. From past few days my mind is foggy so I am not able to decide anything. I am unsure whether its vitamin deficiency or lack of sport. So this one is for mental recovery, in a hope that I will feel better.",2026-05-21_08-41-02_hk_1779345662.fit,616,2026-05-21T06:51:20.000Z,615.000,1652.49,148,208,79,2.645,29.27,50.8239,4.392612
2026-05-21,Running,Mental Recovery Run,"After a ten days pause in which I had so many downs including neck muscle spasm and tooth pain, I tried to finish one more run. From past few days my mind is foggy so I am not able to decide anything. I am unsure whether its vitamin deficiency or lack of sport. So this one is for mental recovery, in a hope that I will feel better.",2026-05-21_08-41-02_hk_1779345662.fit,617,2026-05-21T06:51:21.000Z,616.000,1655.9,148,207,82,2.635,29.27,50.823918,4.392648
2026-05-21,Running,Mental Recovery Run,"After a ten days pause in which I had so many downs including neck muscle spasm and tooth pain, I tried to finish one more run. From past few days my mind is foggy so I am not able to decide anything. I am unsure whether its vitamin deficiency or lack of sport. So this one is for mental recovery, in a hope that I will feel better.",2026-05-21_08-41-02_hk_1779345662.fit,618,2026-05-21T06:51:22.000Z,617.000,1658.84,148,207,82,2.65,29.27,50.823936,4.392684
2026-05-21,Running,Mental Recovery Run,"After a ten days pause in which I had so many downs including neck muscle spasm and tooth pain, I tried to finish one more run. From past few days my mind is foggy so I am not able to decide anything. I am unsure whether its vitamin deficiency or lack of sport. So this one is for mental recovery, in a hope that I will feel better.",2026-05-21_08-41-02_hk_1779345662.fit,619,2026-05-21T06:51:23.000Z,618.000,1661.78,148,207,82,2.617,29.27,50.823954,4.392702
2026-05-21,Running,Mental Recovery Run,"After a ten days pause in which I had so many downs including neck muscle spasm and tooth pain, I tried to finish one more run. From past few days my mind is foggy so I am not able to decide anything. I am unsure whether its vitamin deficiency or lack of sport. So this one is for mental recovery, in a hope that I will feel better.",2026-05-21_08-41-02_hk_1779345662.fit,620,2026-05-21T06:51:24.000Z,619.000,1664.72,148,212,82,2.654,29.27,50.823972,4.392738
2026-05-21,Running,Mental Recovery Run,"After a ten days pause in which I had so many downs including neck muscle spasm and tooth pain, I tried to finish one more run. From past few days my mind is foggy so I am not able to decide anything. I am unsure whether its vitamin deficiency or lack of sport. So this one is for mental recovery, in a hope that I will feel better.",2026-05-21_08-41-02_hk_1779345662.fit,621,2026-05-21T06:51:25.000Z,620.000,1667.95,148,212,82,2.697,29.27,50.82399,4.392774
2026-05-21,Running,Mental Recovery Run,"After a ten days pause in which I had so many downs including neck muscle spasm and tooth pain, I tried to finish one more run. From past few days my mind is foggy so I am not able to decide anything. I am unsure whether its vitamin deficiency or lack of sport. So this one is for mental recovery, in a hope that I will feel better.",2026-05-21_08-41-02_hk_1779345662.fit,622,2026-05-21T06:51:26.000Z,621.000,1671.18,148,211,82,2.727,29.27,50.824008,4.392792
2026-05-21,Running,Mental Recovery Run,"After a ten days pause in which I had so many downs including neck muscle spasm and tooth pain, I tried to finish one more run. From past few days my mind is foggy so I am not able to decide anything. I am unsure whether its vitamin deficiency or lack of sport. So this one is for mental recovery, in a hope that I will feel better.",2026-05-21_08-41-02_hk_1779345662.fit,623,2026-05-21T06:51:27.000Z,622.000,1673.61,148,211,82,2.717,29.27,50.824026,4.392828
2026-05-21,Running,Mental Recovery Run,"After a ten days pause in which I had so many downs including neck muscle spasm and tooth pain, I tried to finish one more run. From past few days my mind is foggy so I am not able to decide anything. I am unsure whether its vitamin deficiency or lack of sport. So this one is for mental recovery, in a hope that I will feel better.",2026-05-21_08-41-02_hk_1779345662.fit,624,2026-05-21T06:51:28.000Z,623.000,1676.05,148,211,82,2.794,29.27,50.824044,4.392864
2026-05-21,Running,Mental Recovery Run,"After a ten days pause in which I had so many downs including neck muscle spasm and tooth pain, I tried to finish one more run. From past few days my mind is foggy so I am not able to decide anything. I am unsure whether its vitamin deficiency or lack of sport. So this one is for mental recovery, in a hope that I will feel better.",2026-05-21_08-41-02_hk_1779345662.fit,625,2026-05-21T06:51:29.000Z,624.000,1678.49,148,212,82,2.825,29.27,50.824044,4.3929
2026-05-21,Running,Mental Recovery Run,"After a ten days pause in which I had so many downs including neck muscle spasm and tooth pain, I tried to finish one more run. From past few days my mind is foggy so I am not able to decide anything. I am unsure whether its vitamin deficiency or lack of sport. So this one is for mental recovery, in a hope that I will feel better.",2026-05-21_08-41-02_hk_1779345662.fit,626,2026-05-21T06:51:30.000Z,625.000,1681.12,148,212,82,2.834,29.27,50.824062,4.392918
2026-05-21,Running,Mental Recovery Run,"After a ten days pause in which I had so many downs including neck muscle spasm and tooth pain, I tried to finish one more run. From past few days my mind is foggy so I am not able to decide anything. I am unsure whether its vitamin deficiency or lack of sport. So this one is for mental recovery, in a hope that I will feel better.",2026-05-21_08-41-02_hk_1779345662.fit,627,2026-05-21T06:51:31.000Z,626.000,1683.75,148,212,82,2.844,29.27,50.82408,4.392954
2026-05-21,Running,Mental Recovery Run,"After a ten days pause in which I had so many downs including neck muscle spasm and tooth pain, I tried to finish one more run. From past few days my mind is foggy so I am not able to decide anything. I am unsure whether its vitamin deficiency or lack of sport. So this one is for mental recovery, in a hope that I will feel better.",2026-05-21_08-41-02_hk_1779345662.fit,628,2026-05-21T06:51:32.000Z,627.000,1686.38,148,213,82,2.854,29.27,50.824098,4.39299
2026-05-21,Running,Mental Recovery Run,"After a ten days pause in which I had so many downs including neck muscle spasm and tooth pain, I tried to finish one more run. From past few days my mind is foggy so I am not able to decide anything. I am unsure whether its vitamin deficiency or lack of sport. So this one is for mental recovery, in a hope that I will feel better.",2026-05-21_08-41-02_hk_1779345662.fit,629,2026-05-21T06:51:33.000Z,628.000,1690.32,148,213,82,2.872,29.27,50.824116,4.393008
2026-05-21,Running,Mental Recovery Run,"After a ten days pause in which I had so many downs including neck muscle spasm and tooth pain, I tried to finish one more run. From past few days my mind is foggy so I am not able to decide anything. I am unsure whether its vitamin deficiency or lack of sport. So this one is for mental recovery, in a hope that I will feel better.",2026-05-21_08-41-02_hk_1779345662.fit,630,2026-05-21T06:51:34.000Z,629.000,1694.25,148,214,82,2.891,29.27,50.824134,4.393044
2026-05-21,Running,Mental Recovery Run,"After a ten days pause in which I had so many downs including neck muscle spasm and tooth pain, I tried to finish one more run. From past few days my mind is foggy so I am not able to decide anything. I am unsure whether its vitamin deficiency or lack of sport. So this one is for mental recovery, in a hope that I will feel better.",2026-05-21_08-41-02_hk_1779345662.fit,631,2026-05-21T06:51:35.000Z,630.000,1696.51,148,214,82,2.889,29.27,50.824152,4.393062
2026-05-21,Running,Mental Recovery Run,"After a ten days pause in which I had so many downs including neck muscle spasm and tooth pain, I tried to finish one more run. From past few days my mind is foggy so I am not able to decide anything. I am unsure whether its vitamin deficiency or lack of sport. So this one is for mental recovery, in a hope that I will feel better.",2026-05-21_08-41-02_hk_1779345662.fit,632,2026-05-21T06:51:36.000Z,631.000,1698.76,148,214,82,2.887,29.27,50.82417,4.393098
2026-05-21,Running,Mental Recovery Run,"After a ten days pause in which I had so many downs including neck muscle spasm and tooth pain, I tried to finish one more run. From past few days my mind is foggy so I am not able to decide anything. I am unsure whether its vitamin deficiency or lack of sport. So this one is for mental recovery, in a hope that I will feel better.",2026-05-21_08-41-02_hk_1779345662.fit,633,2026-05-21T06:51:37.000Z,632.000,1701.02,148,212,82,2.886,29.27,50.82417,4.393134
2026-05-21,Running,Mental Recovery Run,"After a ten days pause in which I had so many downs including neck muscle spasm and tooth pain, I tried to finish one more run. From past few days my mind is foggy so I am not able to decide anything. I am unsure whether its vitamin deficiency or lack of sport. So this one is for mental recovery, in a hope that I will feel better.",2026-05-21_08-41-02_hk_1779345662.fit,634,2026-05-21T06:51:38.000Z,633.000,1704.13,148,212,82,2.869,29.27,50.824188,4.393152
2026-05-21,Running,Mental Recovery Run,"After a ten days pause in which I had so many downs including neck muscle spasm and tooth pain, I tried to finish one more run. From past few days my mind is foggy so I am not able to decide anything. I am unsure whether its vitamin deficiency or lack of sport. So this one is for mental recovery, in a hope that I will feel better.",2026-05-21_08-41-02_hk_1779345662.fit,635,2026-05-21T06:51:39.000Z,634.000,1707.25,148,212,79,2.853,29.27,50.824206,4.393188
2026-05-21,Running,Mental Recovery Run,"After a ten days pause in which I had so many downs including neck muscle spasm and tooth pain, I tried to finish one more run. From past few days my mind is foggy so I am not able to decide anything. I am unsure whether its vitamin deficiency or lack of sport. So this one is for mental recovery, in a hope that I will feel better.",2026-05-21_08-41-02_hk_1779345662.fit,636,2026-05-21T06:51:40.000Z,635.000,1709.63,148,212,79,2.822,29.27,50.824206,4.393224
2026-05-21,Running,Mental Recovery Run,"After a ten days pause in which I had so many downs including neck muscle spasm and tooth pain, I tried to finish one more run. From past few days my mind is foggy so I am not able to decide anything. I am unsure whether its vitamin deficiency or lack of sport. So this one is for mental recovery, in a hope that I will feel better.",2026-05-21_08-41-02_hk_1779345662.fit,637,2026-05-21T06:51:41.000Z,636.000,1712.02,148,212,79,2.792,29.27,50.824224,4.39326
2026-05-21,Running,Mental Recovery Run,"After a ten days pause in which I had so many downs including neck muscle spasm and tooth pain, I tried to finish one more run. From past few days my mind is foggy so I am not able to decide anything. I am unsure whether its vitamin deficiency or lack of sport. So this one is for mental recovery, in a hope that I will feel better.",2026-05-21_08-41-02_hk_1779345662.fit,638,2026-05-21T06:51:42.000Z,637.000,1714.41,148,212,79,2.77,29.27,50.824224,4.393296
2026-05-21,Running,Mental Recovery Run,"After a ten days pause in which I had so many downs including neck muscle spasm and tooth pain, I tried to finish one more run. From past few days my mind is foggy so I am not able to decide anything. I am unsure whether its vitamin deficiency or lack of sport. So this one is for mental recovery, in a hope that I will feel better.",2026-05-21_08-41-02_hk_1779345662.fit,639,2026-05-21T06:51:43.000Z,638.000,1716.62,148,212,79,2.732,29.27,50.824242,4.393314
2026-05-21,Running,Mental Recovery Run,"After a ten days pause in which I had so many downs including neck muscle spasm and tooth pain, I tried to finish one more run. From past few days my mind is foggy so I am not able to decide anything. I am unsure whether its vitamin deficiency or lack of sport. So this one is for mental recovery, in a hope that I will feel better.",2026-05-21_08-41-02_hk_1779345662.fit,640,2026-05-21T06:51:44.000Z,639.000,1718.84,148,204,79,2.678,29.27,50.824242,4.39335
2026-05-21,Running,Mental Recovery Run,"After a ten days pause in which I had so many downs including neck muscle spasm and tooth pain, I tried to finish one more run. From past few days my mind is foggy so I am not able to decide anything. I am unsure whether its vitamin deficiency or lack of sport. So this one is for mental recovery, in a hope that I will feel better.",2026-05-21_08-41-02_hk_1779345662.fit,641,2026-05-21T06:51:45.000Z,640.000,1721.09,148,204,79,2.657,29.27,50.82426,4.393386
2026-05-21,Running,Mental Recovery Run,"After a ten days pause in which I had so many downs including neck muscle spasm and tooth pain, I tried to finish one more run. From past few days my mind is foggy so I am not able to decide anything. I am unsure whether its vitamin deficiency or lack of sport. So this one is for mental recovery, in a hope that I will feel better.",2026-05-21_08-41-02_hk_1779345662.fit,642,2026-05-21T06:51:46.000Z,641.000,1723.35,148,204,79,2.609,29.27,50.824278,4.393422
2026-05-21,Running,Mental Recovery Run,"After a ten days pause in which I had so many downs including neck muscle spasm and tooth pain, I tried to finish one more run. From past few days my mind is foggy so I am not able to decide anything. I am unsure whether its vitamin deficiency or lack of sport. So this one is for mental recovery, in a hope that I will feel better.",2026-05-21_08-41-02_hk_1779345662.fit,643,2026-05-21T06:51:47.000Z,642.000,1725.61,148,205,79,2.6,29.27,50.824278,4.39344
2026-05-21,Running,Mental Recovery Run,"After a ten days pause in which I had so many downs including neck muscle spasm and tooth pain, I tried to finish one more run. From past few days my mind is foggy so I am not able to decide anything. I am unsure whether its vitamin deficiency or lack of sport. So this one is for mental recovery, in a hope that I will feel better.",2026-05-21_08-41-02_hk_1779345662.fit,644,2026-05-21T06:51:48.000Z,643.000,1729.71,148,205,81,2.696,29.27,50.824296,4.393476
2026-05-21,Running,Mental Recovery Run,"After a ten days pause in which I had so many downs including neck muscle spasm and tooth pain, I tried to finish one more run. From past few days my mind is foggy so I am not able to decide anything. I am unsure whether its vitamin deficiency or lack of sport. So this one is for mental recovery, in a hope that I will feel better.",2026-05-21_08-41-02_hk_1779345662.fit,645,2026-05-21T06:51:49.000Z,644.000,1733.81,148,209,81,2.781,29.27,50.824314,4.393512
2026-05-21,Running,Mental Recovery Run,"After a ten days pause in which I had so many downs including neck muscle spasm and tooth pain, I tried to finish one more run. From past few days my mind is foggy so I am not able to decide anything. I am unsure whether its vitamin deficiency or lack of sport. So this one is for mental recovery, in a hope that I will feel better.",2026-05-21_08-41-02_hk_1779345662.fit,646,2026-05-21T06:51:50.000Z,645.000,1736.45,148,209,81,2.781,29.27,50.824332,4.393548
2026-05-21,Running,Mental Recovery Run,"After a ten days pause in which I had so many downs including neck muscle spasm and tooth pain, I tried to finish one more run. From past few days my mind is foggy so I am not able to decide anything. I am unsure whether its vitamin deficiency or lack of sport. So this one is for mental recovery, in a hope that I will feel better.",2026-05-21_08-41-02_hk_1779345662.fit,647,2026-05-21T06:51:51.000Z,646.000,1739.09,148,209,82,2.774,29.27,50.82435,4.393566
2026-05-21,Running,Mental Recovery Run,"After a ten days pause in which I had so many downs including neck muscle spasm and tooth pain, I tried to finish one more run. From past few days my mind is foggy so I am not able to decide anything. I am unsure whether its vitamin deficiency or lack of sport. So this one is for mental recovery, in a hope that I will feel better.",2026-05-21_08-41-02_hk_1779345662.fit,648,2026-05-21T06:51:52.000Z,647.000,1741.73,148,211,82,2.706,29.27,50.824368,4.393602
2026-05-21,Running,Mental Recovery Run,"After a ten days pause in which I had so many downs including neck muscle spasm and tooth pain, I tried to finish one more run. From past few days my mind is foggy so I am not able to decide anything. I am unsure whether its vitamin deficiency or lack of sport. So this one is for mental recovery, in a hope that I will feel better.",2026-05-21_08-41-02_hk_1779345662.fit,649,2026-05-21T06:51:53.000Z,648.000,1744.07,148,211,82,2.688,29.27,50.824386,4.39362
2026-05-21,Running,Mental Recovery Run,"After a ten days pause in which I had so many downs including neck muscle spasm and tooth pain, I tried to finish one more run. From past few days my mind is foggy so I am not able to decide anything. I am unsure whether its vitamin deficiency or lack of sport. So this one is for mental recovery, in a hope that I will feel better.",2026-05-21_08-41-02_hk_1779345662.fit,650,2026-05-21T06:51:54.000Z,649.000,1746.41,148,211,82,2.608,29.27,50.824404,4.393656
2026-05-21,Running,Mental Recovery Run,"After a ten days pause in which I had so many downs including neck muscle spasm and tooth pain, I tried to finish one more run. From past few days my mind is foggy so I am not able to decide anything. I am unsure whether its vitamin deficiency or lack of sport. So this one is for mental recovery, in a hope that I will feel better.",2026-05-21_08-41-02_hk_1779345662.fit,651,2026-05-21T06:51:55.000Z,650.000,1748.76,148,212,82,2.613,29.27,50.824404,4.393692
2026-05-21,Running,Mental Recovery Run,"After a ten days pause in which I had so many downs including neck muscle spasm and tooth pain, I tried to finish one more run. From past few days my mind is foggy so I am not able to decide anything. I am unsure whether its vitamin deficiency or lack of sport. So this one is for mental recovery, in a hope that I will feel better.",2026-05-21_08-41-02_hk_1779345662.fit,652,2026-05-21T06:51:56.000Z,651.000,1752.27,148,212,82,2.697,29.27,50.824422,4.39371
2026-05-21,Running,Mental Recovery Run,"After a ten days pause in which I had so many downs including neck muscle spasm and tooth pain, I tried to finish one more run. From past few days my mind is foggy so I am not able to decide anything. I am unsure whether its vitamin deficiency or lack of sport. So this one is for mental recovery, in a hope that I will feel better.",2026-05-21_08-41-02_hk_1779345662.fit,653,2026-05-21T06:51:57.000Z,652.000,1755.78,148,210,82,2.718,29.27,50.82444,4.393746
2026-05-21,Running,Mental Recovery Run,"After a ten days pause in which I had so many downs including neck muscle spasm and tooth pain, I tried to finish one more run. From past few days my mind is foggy so I am not able to decide anything. I am unsure whether its vitamin deficiency or lack of sport. So this one is for mental recovery, in a hope that I will feel better.",2026-05-21_08-41-02_hk_1779345662.fit,654,2026-05-21T06:51:58.000Z,653.000,1757.88,148,210,82,2.665,29.27,50.824458,4.393782
2026-05-21,Running,Mental Recovery Run,"After a ten days pause in which I had so many downs including neck muscle spasm and tooth pain, I tried to finish one more run. From past few days my mind is foggy so I am not able to decide anything. I am unsure whether its vitamin deficiency or lack of sport. So this one is for mental recovery, in a hope that I will feel better.",2026-05-21_08-41-02_hk_1779345662.fit,655,2026-05-21T06:51:59.000Z,654.000,1759.98,148,210,82,2.65,29.27,50.824476,4.3938
2026-05-21,Running,Mental Recovery Run,"After a ten days pause in which I had so many downs including neck muscle spasm and tooth pain, I tried to finish one more run. From past few days my mind is foggy so I am not able to decide anything. I am unsure whether its vitamin deficiency or lack of sport. So this one is for mental recovery, in a hope that I will feel better.",2026-05-21_08-41-02_hk_1779345662.fit,656,2026-05-21T06:52:00.000Z,655.000,1762.08,148,206,82,2.634,29.27,50.824494,4.393836
2026-05-21,Running,Mental Recovery Run,"After a ten days pause in which I had so many downs including neck muscle spasm and tooth pain, I tried to finish one more run. From past few days my mind is foggy so I am not able to decide anything. I am unsure whether its vitamin deficiency or lack of sport. So this one is for mental recovery, in a hope that I will feel better.",2026-05-21_08-41-02_hk_1779345662.fit,657,2026-05-21T06:52:01.000Z,656.000,1765.94,148,206,82,2.712,29.27,50.824512,4.393872
2026-05-21,Running,Mental Recovery Run,"After a ten days pause in which I had so many downs including neck muscle spasm and tooth pain, I tried to finish one more run. From past few days my mind is foggy so I am not able to decide anything. I am unsure whether its vitamin deficiency or lack of sport. So this one is for mental recovery, in a hope that I will feel better.",2026-05-21_08-41-02_hk_1779345662.fit,658,2026-05-21T06:52:02.000Z,657.000,1769.8,148,206,82,2.831,29.28,50.82453,4.39389
2026-05-21,Running,Mental Recovery Run,"After a ten days pause in which I had so many downs including neck muscle spasm and tooth pain, I tried to finish one more run. From past few days my mind is foggy so I am not able to decide anything. I am unsure whether its vitamin deficiency or lack of sport. So this one is for mental recovery, in a hope that I will feel better.",2026-05-21_08-41-02_hk_1779345662.fit,659,2026-05-21T06:52:03.000Z,658.000,1771.98,148,206,82,2.827,29.28,50.824548,4.393926
2026-05-21,Running,Mental Recovery Run,"After a ten days pause in which I had so many downs including neck muscle spasm and tooth pain, I tried to finish one more run. From past few days my mind is foggy so I am not able to decide anything. I am unsure whether its vitamin deficiency or lack of sport. So this one is for mental recovery, in a hope that I will feel better.",2026-05-21_08-41-02_hk_1779345662.fit,660,2026-05-21T06:52:04.000Z,659.000,1774.17,148,206,82,2.823,29.28,50.824566,4.393944
2026-05-21,Running,Mental Recovery Run,"After a ten days pause in which I had so many downs including neck muscle spasm and tooth pain, I tried to finish one more run. From past few days my mind is foggy so I am not able to decide anything. I am unsure whether its vitamin deficiency or lack of sport. So this one is for mental recovery, in a hope that I will feel better.",2026-05-21_08-41-02_hk_1779345662.fit,661,2026-05-21T06:52:05.000Z,660.000,1776.35,148,202,82,2.819,29.28,50.824584,4.39398
2026-05-21,Running,Mental Recovery Run,"After a ten days pause in which I had so many downs including neck muscle spasm and tooth pain, I tried to finish one more run. From past few days my mind is foggy so I am not able to decide anything. I am unsure whether its vitamin deficiency or lack of sport. So this one is for mental recovery, in a hope that I will feel better.",2026-05-21_08-41-02_hk_1779345662.fit,662,2026-05-21T06:52:06.000Z,661.000,1779.65,148,202,81,2.845,29.28,50.824602,4.393998
2026-05-21,Running,Mental Recovery Run,"After a ten days pause in which I had so many downs including neck muscle spasm and tooth pain, I tried to finish one more run. From past few days my mind is foggy so I am not able to decide anything. I am unsure whether its vitamin deficiency or lack of sport. So this one is for mental recovery, in a hope that I will feel better.",2026-05-21_08-41-02_hk_1779345662.fit,663,2026-05-21T06:52:07.000Z,662.000,1782.96,148,204,81,2.803,29.28,50.824602,4.394034
2026-05-21,Running,Mental Recovery Run,"After a ten days pause in which I had so many downs including neck muscle spasm and tooth pain, I tried to finish one more run. From past few days my mind is foggy so I am not able to decide anything. I am unsure whether its vitamin deficiency or lack of sport. So this one is for mental recovery, in a hope that I will feel better.",2026-05-21_08-41-02_hk_1779345662.fit,664,2026-05-21T06:52:08.000Z,663.000,1785.59,148,204,81,2.725,29.28,50.82462,4.39407
2026-05-21,Running,Mental Recovery Run,"After a ten days pause in which I had so many downs including neck muscle spasm and tooth pain, I tried to finish one more run. From past few days my mind is foggy so I am not able to decide anything. I am unsure whether its vitamin deficiency or lack of sport. So this one is for mental recovery, in a hope that I will feel better.",2026-05-21_08-41-02_hk_1779345662.fit,665,2026-05-21T06:52:09.000Z,664.000,1788.21,148,204,79,2.724,29.28,50.824638,4.394088
2026-05-21,Running,Mental Recovery Run,"After a ten days pause in which I had so many downs including neck muscle spasm and tooth pain, I tried to finish one more run. From past few days my mind is foggy so I am not able to decide anything. I am unsure whether its vitamin deficiency or lack of sport. So this one is for mental recovery, in a hope that I will feel better.",2026-05-21_08-41-02_hk_1779345662.fit,666,2026-05-21T06:52:10.000Z,665.000,1790.84,148,205,79,2.724,29.28,50.824656,4.394124
2026-05-21,Running,Mental Recovery Run,"After a ten days pause in which I had so many downs including neck muscle spasm and tooth pain, I tried to finish one more run. From past few days my mind is foggy so I am not able to decide anything. I am unsure whether its vitamin deficiency or lack of sport. So this one is for mental recovery, in a hope that I will feel better.",2026-05-21_08-41-02_hk_1779345662.fit,667,2026-05-21T06:52:11.000Z,666.000,1794.09,148,205,79,2.779,29.28,50.824674,4.39416
2026-05-21,Running,Mental Recovery Run,"After a ten days pause in which I had so many downs including neck muscle spasm and tooth pain, I tried to finish one more run. From past few days my mind is foggy so I am not able to decide anything. I am unsure whether its vitamin deficiency or lack of sport. So this one is for mental recovery, in a hope that I will feel better.",2026-05-21_08-41-02_hk_1779345662.fit,668,2026-05-21T06:52:12.000Z,667.000,1797.35,148,204,79,2.83,29.28,50.824674,4.394196
2026-05-21,Running,Mental Recovery Run,"After a ten days pause in which I had so many downs including neck muscle spasm and tooth pain, I tried to finish one more run. From past few days my mind is foggy so I am not able to decide anything. I am unsure whether its vitamin deficiency or lack of sport. So this one is for mental recovery, in a hope that I will feel better.",2026-05-21_08-41-02_hk_1779345662.fit,669,2026-05-21T06:52:13.000Z,668.000,1800.05,148,204,79,2.85,29.28,50.824692,4.394214
2026-05-21,Running,Mental Recovery Run,"After a ten days pause in which I had so many downs including neck muscle spasm and tooth pain, I tried to finish one more run. From past few days my mind is foggy so I am not able to decide anything. I am unsure whether its vitamin deficiency or lack of sport. So this one is for mental recovery, in a hope that I will feel better.",2026-05-21_08-41-02_hk_1779345662.fit,670,2026-05-21T06:52:14.000Z,669.000,1802.76,148,204,79,2.805,29.28,50.82471,4.39425
2026-05-21,Running,Mental Recovery Run,"After a ten days pause in which I had so many downs including neck muscle spasm and tooth pain, I tried to finish one more run. From past few days my mind is foggy so I am not able to decide anything. I am unsure whether its vitamin deficiency or lack of sport. So this one is for mental recovery, in a hope that I will feel better.",2026-05-21_08-41-02_hk_1779345662.fit,671,2026-05-21T06:52:15.000Z,670.000,1805.46,148,207,79,2.799,29.28,50.824728,4.394286
2026-05-21,Running,Mental Recovery Run,"After a ten days pause in which I had so many downs including neck muscle spasm and tooth pain, I tried to finish one more run. From past few days my mind is foggy so I am not able to decide anything. I am unsure whether its vitamin deficiency or lack of sport. So this one is for mental recovery, in a hope that I will feel better.",2026-05-21_08-41-02_hk_1779345662.fit,672,2026-05-21T06:52:16.000Z,671.000,1807.52,148,207,79,2.723,29.28,50.824746,4.394304
2026-05-21,Running,Mental Recovery Run,"After a ten days pause in which I had so many downs including neck muscle spasm and tooth pain, I tried to finish one more run. From past few days my mind is foggy so I am not able to decide anything. I am unsure whether its vitamin deficiency or lack of sport. So this one is for mental recovery, in a hope that I will feel better.",2026-05-21_08-41-02_hk_1779345662.fit,673,2026-05-21T06:52:17.000Z,672.000,1809.58,148,207,79,2.721,29.28,50.824746,4.39434
2026-05-21,Running,Mental Recovery Run,"After a ten days pause in which I had so many downs including neck muscle spasm and tooth pain, I tried to finish one more run. From past few days my mind is foggy so I am not able to decide anything. I am unsure whether its vitamin deficiency or lack of sport. So this one is for mental recovery, in a hope that I will feel better.",2026-05-21_08-41-02_hk_1779345662.fit,674,2026-05-21T06:52:18.000Z,673.000,1811.64,148,204,82,2.719,29.28,50.824764,4.394376
2026-05-21,Running,Mental Recovery Run,"After a ten days pause in which I had so many downs including neck muscle spasm and tooth pain, I tried to finish one more run. From past few days my mind is foggy so I am not able to decide anything. I am unsure whether its vitamin deficiency or lack of sport. So this one is for mental recovery, in a hope that I will feel better.",2026-05-21_08-41-02_hk_1779345662.fit,675,2026-05-21T06:52:19.000Z,674.000,1814.93,148,204,82,2.782,29.28,50.824782,4.394412
2026-05-21,Running,Mental Recovery Run,"After a ten days pause in which I had so many downs including neck muscle spasm and tooth pain, I tried to finish one more run. From past few days my mind is foggy so I am not able to decide anything. I am unsure whether its vitamin deficiency or lack of sport. So this one is for mental recovery, in a hope that I will feel better.",2026-05-21_08-41-02_hk_1779345662.fit,676,2026-05-21T06:52:20.000Z,675.000,1818.23,148,204,82,2.752,29.28,50.824782,4.39443
2026-05-21,Running,Mental Recovery Run,"After a ten days pause in which I had so many downs including neck muscle spasm and tooth pain, I tried to finish one more run. From past few days my mind is foggy so I am not able to decide anything. I am unsure whether its vitamin deficiency or lack of sport. So this one is for mental recovery, in a hope that I will feel better.",2026-05-21_08-41-02_hk_1779345662.fit,677,2026-05-21T06:52:21.000Z,676.000,1820.51,148,204,82,2.669,29.28,50.8248,4.394466
2026-05-21,Running,Mental Recovery Run,"After a ten days pause in which I had so many downs including neck muscle spasm and tooth pain, I tried to finish one more run. From past few days my mind is foggy so I am not able to decide anything. I am unsure whether its vitamin deficiency or lack of sport. So this one is for mental recovery, in a hope that I will feel better.",2026-05-21_08-41-02_hk_1779345662.fit,678,2026-05-21T06:52:22.000Z,677.000,1822.8,148,204,82,2.675,29.28,50.824818,4.394502
2026-05-21,Running,Mental Recovery Run,"After a ten days pause in which I had so many downs including neck muscle spasm and tooth pain, I tried to finish one more run. From past few days my mind is foggy so I am not able to decide anything. I am unsure whether its vitamin deficiency or lack of sport. So this one is for mental recovery, in a hope that I will feel better.",2026-05-21_08-41-02_hk_1779345662.fit,679,2026-05-21T06:52:23.000Z,678.000,1825.09,148,203,82,2.68,29.28,50.824818,4.394538
2026-05-21,Running,Mental Recovery Run,"After a ten days pause in which I had so many downs including neck muscle spasm and tooth pain, I tried to finish one more run. From past few days my mind is foggy so I am not able to decide anything. I am unsure whether its vitamin deficiency or lack of sport. So this one is for mental recovery, in a hope that I will feel better.",2026-05-21_08-41-02_hk_1779345662.fit,680,2026-05-21T06:52:24.000Z,679.000,1828,148,203,81,2.718,29.29,50.824836,4.394556
2026-05-21,Running,Mental Recovery Run,"After a ten days pause in which I had so many downs including neck muscle spasm and tooth pain, I tried to finish one more run. From past few days my mind is foggy so I am not able to decide anything. I am unsure whether its vitamin deficiency or lack of sport. So this one is for mental recovery, in a hope that I will feel better.",2026-05-21_08-41-02_hk_1779345662.fit,681,2026-05-21T06:52:25.000Z,680.000,1830.91,148,202,81,2.698,29.29,50.824854,4.394592
2026-05-21,Running,Mental Recovery Run,"After a ten days pause in which I had so many downs including neck muscle spasm and tooth pain, I tried to finish one more run. From past few days my mind is foggy so I am not able to decide anything. I am unsure whether its vitamin deficiency or lack of sport. So this one is for mental recovery, in a hope that I will feel better.",2026-05-21_08-41-02_hk_1779345662.fit,682,2026-05-21T06:52:26.000Z,681.000,1832.96,148,202,81,2.665,29.29,50.824854,4.394628
2026-05-21,Running,Mental Recovery Run,"After a ten days pause in which I had so many downs including neck muscle spasm and tooth pain, I tried to finish one more run. From past few days my mind is foggy so I am not able to decide anything. I am unsure whether its vitamin deficiency or lack of sport. So this one is for mental recovery, in a hope that I will feel better.",2026-05-21_08-41-02_hk_1779345662.fit,683,2026-05-21T06:52:27.000Z,682.000,1835,148,202,79,2.602,29.29,50.824872,4.394646
2026-05-21,Running,Mental Recovery Run,"After a ten days pause in which I had so many downs including neck muscle spasm and tooth pain, I tried to finish one more run. From past few days my mind is foggy so I am not able to decide anything. I am unsure whether its vitamin deficiency or lack of sport. So this one is for mental recovery, in a hope that I will feel better.",2026-05-21_08-41-02_hk_1779345662.fit,684,2026-05-21T06:52:28.000Z,683.000,1837.05,148,200,79,2.573,29.29,50.82489,4.394682
2026-05-21,Running,Mental Recovery Run,"After a ten days pause in which I had so many downs including neck muscle spasm and tooth pain, I tried to finish one more run. From past few days my mind is foggy so I am not able to decide anything. I am unsure whether its vitamin deficiency or lack of sport. So this one is for mental recovery, in a hope that I will feel better.",2026-05-21_08-41-02_hk_1779345662.fit,685,2026-05-21T06:52:29.000Z,684.000,1840.33,148,200,79,2.606,29.29,50.824908,4.3947
2026-05-21,Running,Mental Recovery Run,"After a ten days pause in which I had so many downs including neck muscle spasm and tooth pain, I tried to finish one more run. From past few days my mind is foggy so I am not able to decide anything. I am unsure whether its vitamin deficiency or lack of sport. So this one is for mental recovery, in a hope that I will feel better.",2026-05-21_08-41-02_hk_1779345662.fit,686,2026-05-21T06:52:30.000Z,685.000,1843.62,148,199,79,2.639,29.29,50.824926,4.394736
2026-05-21,Running,Mental Recovery Run,"After a ten days pause in which I had so many downs including neck muscle spasm and tooth pain, I tried to finish one more run. From past few days my mind is foggy so I am not able to decide anything. I am unsure whether its vitamin deficiency or lack of sport. So this one is for mental recovery, in a hope that I will feel better.",2026-05-21_08-41-02_hk_1779345662.fit,687,2026-05-21T06:52:31.000Z,686.000,1846.4,148,199,79,2.615,29.29,50.824944,4.394754
2026-05-21,Running,Mental Recovery Run,"After a ten days pause in which I had so many downs including neck muscle spasm and tooth pain, I tried to finish one more run. From past few days my mind is foggy so I am not able to decide anything. I am unsure whether its vitamin deficiency or lack of sport. So this one is for mental recovery, in a hope that I will feel better.",2026-05-21_08-41-02_hk_1779345662.fit,688,2026-05-21T06:52:32.000Z,687.000,1849.17,148,199,79,2.591,29.29,50.824944,4.39479
2026-05-21,Running,Mental Recovery Run,"After a ten days pause in which I had so many downs including neck muscle spasm and tooth pain, I tried to finish one more run. From past few days my mind is foggy so I am not able to decide anything. I am unsure whether its vitamin deficiency or lack of sport. So this one is for mental recovery, in a hope that I will feel better.",2026-05-21_08-41-02_hk_1779345662.fit,689,2026-05-21T06:52:33.000Z,688.000,1851.95,148,205,79,2.595,29.29,50.824962,4.394808
2026-05-21,Running,Mental Recovery Run,"After a ten days pause in which I had so many downs including neck muscle spasm and tooth pain, I tried to finish one more run. From past few days my mind is foggy so I am not able to decide anything. I am unsure whether its vitamin deficiency or lack of sport. So this one is for mental recovery, in a hope that I will feel better.",2026-05-21_08-41-02_hk_1779345662.fit,690,2026-05-21T06:52:34.000Z,689.000,1854.37,148,205,79,2.581,29.29,50.82498,4.394844
2026-05-21,Running,Mental Recovery Run,"After a ten days pause in which I had so many downs including neck muscle spasm and tooth pain, I tried to finish one more run. From past few days my mind is foggy so I am not able to decide anything. I am unsure whether its vitamin deficiency or lack of sport. So this one is for mental recovery, in a hope that I will feel better.",2026-05-21_08-41-02_hk_1779345662.fit,691,2026-05-21T06:52:35.000Z,690.000,1856.8,148,205,79,2.567,29.29,50.824998,4.39488
2026-05-21,Running,Mental Recovery Run,"After a ten days pause in which I had so many downs including neck muscle spasm and tooth pain, I tried to finish one more run. From past few days my mind is foggy so I am not able to decide anything. I am unsure whether its vitamin deficiency or lack of sport. So this one is for mental recovery, in a hope that I will feel better.",2026-05-21_08-41-02_hk_1779345662.fit,692,2026-05-21T06:52:36.000Z,691.000,1859.23,148,206,81,2.585,29.29,50.824998,4.394916
2026-05-21,Running,Mental Recovery Run,"After a ten days pause in which I had so many downs including neck muscle spasm and tooth pain, I tried to finish one more run. From past few days my mind is foggy so I am not able to decide anything. I am unsure whether its vitamin deficiency or lack of sport. So this one is for mental recovery, in a hope that I will feel better.",2026-05-21_08-41-02_hk_1779345662.fit,693,2026-05-21T06:52:37.000Z,692.000,1862.43,148,206,81,2.673,29.29,50.825016,4.394952
2026-05-21,Running,Mental Recovery Run,"After a ten days pause in which I had so many downs including neck muscle spasm and tooth pain, I tried to finish one more run. From past few days my mind is foggy so I am not able to decide anything. I am unsure whether its vitamin deficiency or lack of sport. So this one is for mental recovery, in a hope that I will feel better.",2026-05-21_08-41-02_hk_1779345662.fit,694,2026-05-21T06:52:38.000Z,693.000,1865.62,148,197,81,2.668,29.29,50.825034,4.39497
2026-05-21,Running,Mental Recovery Run,"After a ten days pause in which I had so many downs including neck muscle spasm and tooth pain, I tried to finish one more run. From past few days my mind is foggy so I am not able to decide anything. I am unsure whether its vitamin deficiency or lack of sport. So this one is for mental recovery, in a hope that I will feel better.",2026-05-21_08-41-02_hk_1779345662.fit,695,2026-05-21T06:52:39.000Z,694.000,1867.88,148,197,76,2.647,29.29,50.825052,4.395006
2026-05-21,Running,Mental Recovery Run,"After a ten days pause in which I had so many downs including neck muscle spasm and tooth pain, I tried to finish one more run. From past few days my mind is foggy so I am not able to decide anything. I am unsure whether its vitamin deficiency or lack of sport. So this one is for mental recovery, in a hope that I will feel better.",2026-05-21_08-41-02_hk_1779345662.fit,696,2026-05-21T06:52:40.000Z,695.000,1870.14,148,197,76,2.595,29.29,50.825052,4.395042
2026-05-21,Running,Mental Recovery Run,"After a ten days pause in which I had so many downs including neck muscle spasm and tooth pain, I tried to finish one more run. From past few days my mind is foggy so I am not able to decide anything. I am unsure whether its vitamin deficiency or lack of sport. So this one is for mental recovery, in a hope that I will feel better.",2026-05-21_08-41-02_hk_1779345662.fit,697,2026-05-21T06:52:41.000Z,696.000,1872.39,148,197,76,2.594,29.29,50.82507,4.39506
2026-05-21,Running,Mental Recovery Run,"After a ten days pause in which I had so many downs including neck muscle spasm and tooth pain, I tried to finish one more run. From past few days my mind is foggy so I am not able to decide anything. I am unsure whether its vitamin deficiency or lack of sport. So this one is for mental recovery, in a hope that I will feel better.",2026-05-21_08-41-02_hk_1779345662.fit,698,2026-05-21T06:52:42.000Z,697.000,1875.8,148,197,76,2.669,29.29,50.825088,4.395096
2026-05-21,Running,Mental Recovery Run,"After a ten days pause in which I had so many downs including neck muscle spasm and tooth pain, I tried to finish one more run. From past few days my mind is foggy so I am not able to decide anything. I am unsure whether its vitamin deficiency or lack of sport. So this one is for mental recovery, in a hope that I will feel better.",2026-05-21_08-41-02_hk_1779345662.fit,699,2026-05-21T06:52:43.000Z,698.000,1879.22,148,197,76,2.696,29.29,50.825088,4.395132
2026-05-21,Running,Mental Recovery Run,"After a ten days pause in which I had so many downs including neck muscle spasm and tooth pain, I tried to finish one more run. From past few days my mind is foggy so I am not able to decide anything. I am unsure whether its vitamin deficiency or lack of sport. So this one is for mental recovery, in a hope that I will feel better.",2026-05-21_08-41-02_hk_1779345662.fit,700,2026-05-21T06:52:44.000Z,699.000,1880.91,148,197,76,2.632,29.29,50.825106,4.39515
2026-05-21,Running,Mental Recovery Run,"After a ten days pause in which I had so many downs including neck muscle spasm and tooth pain, I tried to finish one more run. From past few days my mind is foggy so I am not able to decide anything. I am unsure whether its vitamin deficiency or lack of sport. So this one is for mental recovery, in a hope that I will feel better.",2026-05-21_08-41-02_hk_1779345662.fit,701,2026-05-21T06:52:45.000Z,700.000,1882.6,148,197,74,2.585,29.29,50.825124,4.395186
2026-05-21,Running,Mental Recovery Run,"After a ten days pause in which I had so many downs including neck muscle spasm and tooth pain, I tried to finish one more run. From past few days my mind is foggy so I am not able to decide anything. I am unsure whether its vitamin deficiency or lack of sport. So this one is for mental recovery, in a hope that I will feel better.",2026-05-21_08-41-02_hk_1779345662.fit,702,2026-05-21T06:52:46.000Z,701.000,1884.3,148,195,74,2.567,29.29,50.825142,4.395222
2026-05-21,Running,Mental Recovery Run,"After a ten days pause in which I had so many downs including neck muscle spasm and tooth pain, I tried to finish one more run. From past few days my mind is foggy so I am not able to decide anything. I am unsure whether its vitamin deficiency or lack of sport. So this one is for mental recovery, in a hope that I will feel better.",2026-05-21_08-41-02_hk_1779345662.fit,703,2026-05-21T06:52:47.000Z,702.000,1887.42,148,195,74,2.651,29.29,50.82516,4.39524
2026-05-21,Running,Mental Recovery Run,"After a ten days pause in which I had so many downs including neck muscle spasm and tooth pain, I tried to finish one more run. From past few days my mind is foggy so I am not able to decide anything. I am unsure whether its vitamin deficiency or lack of sport. So this one is for mental recovery, in a hope that I will feel better.",2026-05-21_08-41-02_hk_1779345662.fit,704,2026-05-21T06:52:48.000Z,703.000,1890.54,148,196,79,2.642,29.29,50.825178,4.395276
2026-05-21,Running,Mental Recovery Run,"After a ten days pause in which I had so many downs including neck muscle spasm and tooth pain, I tried to finish one more run. From past few days my mind is foggy so I am not able to decide anything. I am unsure whether its vitamin deficiency or lack of sport. So this one is for mental recovery, in a hope that I will feel better.",2026-05-21_08-41-02_hk_1779345662.fit,705,2026-05-21T06:52:49.000Z,704.000,1893.01,148,196,79,2.634,29.29,50.825178,4.395294
2026-05-21,Running,Mental Recovery Run,"After a ten days pause in which I had so many downs including neck muscle spasm and tooth pain, I tried to finish one more run. From past few days my mind is foggy so I am not able to decide anything. I am unsure whether its vitamin deficiency or lack of sport. So this one is for mental recovery, in a hope that I will feel better.",2026-05-21_08-41-02_hk_1779345662.fit,706,2026-05-21T06:52:50.000Z,705.000,1895.48,148,196,79,2.593,29.29,50.825196,4.39533
2026-05-21,Running,Mental Recovery Run,"After a ten days pause in which I had so many downs including neck muscle spasm and tooth pain, I tried to finish one more run. From past few days my mind is foggy so I am not able to decide anything. I am unsure whether its vitamin deficiency or lack of sport. So this one is for mental recovery, in a hope that I will feel better.",2026-05-21_08-41-02_hk_1779345662.fit,707,2026-05-21T06:52:51.000Z,706.000,1897.94,148,198,79,2.577,29.29,50.825214,4.395366
2026-05-21,Running,Mental Recovery Run,"After a ten days pause in which I had so many downs including neck muscle spasm and tooth pain, I tried to finish one more run. From past few days my mind is foggy so I am not able to decide anything. I am unsure whether its vitamin deficiency or lack of sport. So this one is for mental recovery, in a hope that I will feel better.",2026-05-21_08-41-02_hk_1779345662.fit,708,2026-05-21T06:52:52.000Z,707.000,1901.69,148,198,79,2.626,29.29,50.825232,4.395384
2026-05-21,Running,Mental Recovery Run,"After a ten days pause in which I had so many downs including neck muscle spasm and tooth pain, I tried to finish one more run. From past few days my mind is foggy so I am not able to decide anything. I am unsure whether its vitamin deficiency or lack of sport. So this one is for mental recovery, in a hope that I will feel better.",2026-05-21_08-41-02_hk_1779345662.fit,709,2026-05-21T06:52:53.000Z,708.000,1905.44,148,201,79,2.687,29.29,50.825232,4.39542
2026-05-21,Running,Mental Recovery Run,"After a ten days pause in which I had so many downs including neck muscle spasm and tooth pain, I tried to finish one more run. From past few days my mind is foggy so I am not able to decide anything. I am unsure whether its vitamin deficiency or lack of sport. So this one is for mental recovery, in a hope that I will feel better.",2026-05-21_08-41-02_hk_1779345662.fit,710,2026-05-21T06:52:54.000Z,709.000,1907.56,148,201,80,2.671,29.29,50.82525,4.395456
2026-05-21,Running,Mental Recovery Run,"After a ten days pause in which I had so many downs including neck muscle spasm and tooth pain, I tried to finish one more run. From past few days my mind is foggy so I am not able to decide anything. I am unsure whether its vitamin deficiency or lack of sport. So this one is for mental recovery, in a hope that I will feel better.",2026-05-21_08-41-02_hk_1779345662.fit,711,2026-05-21T06:52:55.000Z,710.000,1909.68,148,201,80,2.655,29.29,50.825268,4.395474
2026-05-21,Running,Mental Recovery Run,"After a ten days pause in which I had so many downs including neck muscle spasm and tooth pain, I tried to finish one more run. From past few days my mind is foggy so I am not able to decide anything. I am unsure whether its vitamin deficiency or lack of sport. So this one is for mental recovery, in a hope that I will feel better.",2026-05-21_08-41-02_hk_1779345662.fit,712,2026-05-21T06:52:56.000Z,711.000,1911.8,148,201,80,2.629,29.29,50.825286,4.39551
2026-05-21,Running,Mental Recovery Run,"After a ten days pause in which I had so many downs including neck muscle spasm and tooth pain, I tried to finish one more run. From past few days my mind is foggy so I am not able to decide anything. I am unsure whether its vitamin deficiency or lack of sport. So this one is for mental recovery, in a hope that I will feel better.",2026-05-21_08-41-02_hk_1779345662.fit,713,2026-05-21T06:52:57.000Z,712.000,1914.33,148,201,82,2.595,29.29,50.825304,4.395528
2026-05-21,Running,Mental Recovery Run,"After a ten days pause in which I had so many downs including neck muscle spasm and tooth pain, I tried to finish one more run. From past few days my mind is foggy so I am not able to decide anything. I am unsure whether its vitamin deficiency or lack of sport. So this one is for mental recovery, in a hope that I will feel better.",2026-05-21_08-41-02_hk_1779345662.fit,714,2026-05-21T06:52:58.000Z,713.000,1916.86,148,201,82,2.562,29.29,50.825304,4.395564
2026-05-21,Running,Mental Recovery Run,"After a ten days pause in which I had so many downs including neck muscle spasm and tooth pain, I tried to finish one more run. From past few days my mind is foggy so I am not able to decide anything. I am unsure whether its vitamin deficiency or lack of sport. So this one is for mental recovery, in a hope that I will feel better.",2026-05-21_08-41-02_hk_1779345662.fit,715,2026-05-21T06:52:59.000Z,714.000,1919.39,148,204,82,2.575,29.29,50.825322,4.3956
2026-05-21,Running,Mental Recovery Run,"After a ten days pause in which I had so many downs including neck muscle spasm and tooth pain, I tried to finish one more run. From past few days my mind is foggy so I am not able to decide anything. I am unsure whether its vitamin deficiency or lack of sport. So this one is for mental recovery, in a hope that I will feel better.",2026-05-21_08-41-02_hk_1779345662.fit,716,2026-05-21T06:53:00.000Z,715.000,1922.45,148,204,80,2.634,29.29,50.82534,4.395636
2026-05-21,Running,Mental Recovery Run,"After a ten days pause in which I had so many downs including neck muscle spasm and tooth pain, I tried to finish one more run. From past few days my mind is foggy so I am not able to decide anything. I am unsure whether its vitamin deficiency or lack of sport. So this one is for mental recovery, in a hope that I will feel better.",2026-05-21_08-41-02_hk_1779345662.fit,717,2026-05-21T06:53:01.000Z,716.000,1925.51,148,205,80,2.656,29.29,50.825358,4.395654
2026-05-21,Running,Mental Recovery Run,"After a ten days pause in which I had so many downs including neck muscle spasm and tooth pain, I tried to finish one more run. From past few days my mind is foggy so I am not able to decide anything. I am unsure whether its vitamin deficiency or lack of sport. So this one is for mental recovery, in a hope that I will feel better.",2026-05-21_08-41-02_hk_1779345662.fit,718,2026-05-21T06:53:02.000Z,717.000,1927.62,148,205,80,2.591,29.29,50.825376,4.39569
2026-05-21,Running,Mental Recovery Run,"After a ten days pause in which I had so many downs including neck muscle spasm and tooth pain, I tried to finish one more run. From past few days my mind is foggy so I am not able to decide anything. I am unsure whether its vitamin deficiency or lack of sport. So this one is for mental recovery, in a hope that I will feel better.",2026-05-21_08-41-02_hk_1779345662.fit,719,2026-05-21T06:53:03.000Z,718.000,1929.74,148,205,79,2.526,29.29,50.825376,4.395708
2026-05-21,Running,Mental Recovery Run,"After a ten days pause in which I had so many downs including neck muscle spasm and tooth pain, I tried to finish one more run. From past few days my mind is foggy so I am not able to decide anything. I am unsure whether its vitamin deficiency or lack of sport. So this one is for mental recovery, in a hope that I will feel better.",2026-05-21_08-41-02_hk_1779345662.fit,720,2026-05-21T06:53:04.000Z,719.000,1931.86,148,202,79,2.547,29.29,50.825394,4.395744
2026-05-21,Running,Mental Recovery Run,"After a ten days pause in which I had so many downs including neck muscle spasm and tooth pain, I tried to finish one more run. From past few days my mind is foggy so I am not able to decide anything. I am unsure whether its vitamin deficiency or lack of sport. So this one is for mental recovery, in a hope that I will feel better.",2026-05-21_08-41-02_hk_1779345662.fit,721,2026-05-21T06:53:05.000Z,720.000,1935.4,148,202,79,2.689,29.29,50.825412,4.39578
2026-05-21,Running,Mental Recovery Run,"After a ten days pause in which I had so many downs including neck muscle spasm and tooth pain, I tried to finish one more run. From past few days my mind is foggy so I am not able to decide anything. I am unsure whether its vitamin deficiency or lack of sport. So this one is for mental recovery, in a hope that I will feel better.",2026-05-21_08-41-02_hk_1779345662.fit,722,2026-05-21T06:53:06.000Z,721.000,1938.93,148,203,79,2.711,29.29,50.82543,4.395798
2026-05-21,Running,Mental Recovery Run,"After a ten days pause in which I had so many downs including neck muscle spasm and tooth pain, I tried to finish one more run. From past few days my mind is foggy so I am not able to decide anything. I am unsure whether its vitamin deficiency or lack of sport. So this one is for mental recovery, in a hope that I will feel better.",2026-05-21_08-41-02_hk_1779345662.fit,723,2026-05-21T06:53:07.000Z,722.000,1941.15,148,203,79,2.664,29.29,50.825448,4.395834
2026-05-21,Running,Mental Recovery Run,"After a ten days pause in which I had so many downs including neck muscle spasm and tooth pain, I tried to finish one more run. From past few days my mind is foggy so I am not able to decide anything. I am unsure whether its vitamin deficiency or lack of sport. So this one is for mental recovery, in a hope that I will feel better.",2026-05-21_08-41-02_hk_1779345662.fit,724,2026-05-21T06:53:08.000Z,723.000,1943.37,148,203,79,2.651,29.29,50.825448,4.395852
2026-05-21,Running,Mental Recovery Run,"After a ten days pause in which I had so many downs including neck muscle spasm and tooth pain, I tried to finish one more run. From past few days my mind is foggy so I am not able to decide anything. I am unsure whether its vitamin deficiency or lack of sport. So this one is for mental recovery, in a hope that I will feel better.",2026-05-21_08-41-02_hk_1779345662.fit,725,2026-05-21T06:53:09.000Z,724.000,1945.59,148,201,80,2.638,29.29,50.825466,4.395888
2026-05-21,Running,Mental Recovery Run,"After a ten days pause in which I had so many downs including neck muscle spasm and tooth pain, I tried to finish one more run. From past few days my mind is foggy so I am not able to decide anything. I am unsure whether its vitamin deficiency or lack of sport. So this one is for mental recovery, in a hope that I will feel better.",2026-05-21_08-41-02_hk_1779345662.fit,726,2026-05-21T06:53:10.000Z,725.000,1949.27,148,201,80,2.701,29.28,50.825484,4.395924
2026-05-21,Running,Mental Recovery Run,"After a ten days pause in which I had so many downs including neck muscle spasm and tooth pain, I tried to finish one more run. From past few days my mind is foggy so I am not able to decide anything. I am unsure whether its vitamin deficiency or lack of sport. So this one is for mental recovery, in a hope that I will feel better.",2026-05-21_08-41-02_hk_1779345662.fit,727,2026-05-21T06:53:11.000Z,726.000,1952.95,148,203,80,2.698,29.28,50.825484,4.395942
2026-05-21,Running,Mental Recovery Run,"After a ten days pause in which I had so many downs including neck muscle spasm and tooth pain, I tried to finish one more run. From past few days my mind is foggy so I am not able to decide anything. I am unsure whether its vitamin deficiency or lack of sport. So this one is for mental recovery, in a hope that I will feel better.",2026-05-21_08-41-02_hk_1779345662.fit,728,2026-05-21T06:53:12.000Z,727.000,1955.43,148,203,82,2.687,29.28,50.825502,4.395978
2026-05-21,Running,Mental Recovery Run,"After a ten days pause in which I had so many downs including neck muscle spasm and tooth pain, I tried to finish one more run. From past few days my mind is foggy so I am not able to decide anything. I am unsure whether its vitamin deficiency or lack of sport. So this one is for mental recovery, in a hope that I will feel better.",2026-05-21_08-41-02_hk_1779345662.fit,729,2026-05-21T06:53:13.000Z,728.000,1957.9,148,203,82,2.65,29.28,50.825502,4.396014
2026-05-21,Running,Mental Recovery Run,"After a ten days pause in which I had so many downs including neck muscle spasm and tooth pain, I tried to finish one more run. From past few days my mind is foggy so I am not able to decide anything. I am unsure whether its vitamin deficiency or lack of sport. So this one is for mental recovery, in a hope that I will feel better.",2026-05-21_08-41-02_hk_1779345662.fit,730,2026-05-21T06:53:14.000Z,729.000,1960.38,148,204,82,2.668,29.28,50.82552,4.39605
2026-05-21,Running,Mental Recovery Run,"After a ten days pause in which I had so many downs including neck muscle spasm and tooth pain, I tried to finish one more run. From past few days my mind is foggy so I am not able to decide anything. I am unsure whether its vitamin deficiency or lack of sport. So this one is for mental recovery, in a hope that I will feel better.",2026-05-21_08-41-02_hk_1779345662.fit,731,2026-05-21T06:53:15.000Z,730.000,1962.02,148,204,82,2.643,29.28,50.82552,4.396068
2026-05-21,Running,Mental Recovery Run,"After a ten days pause in which I had so many downs including neck muscle spasm and tooth pain, I tried to finish one more run. From past few days my mind is foggy so I am not able to decide anything. I am unsure whether its vitamin deficiency or lack of sport. So this one is for mental recovery, in a hope that I will feel better.",2026-05-21_08-41-02_hk_1779345662.fit,732,2026-05-21T06:53:16.000Z,731.000,1963.66,148,193,82,2.593,29.28,50.82552,4.396104
2026-05-21,Running,Mental Recovery Run,"After a ten days pause in which I had so many downs including neck muscle spasm and tooth pain, I tried to finish one more run. From past few days my mind is foggy so I am not able to decide anything. I am unsure whether its vitamin deficiency or lack of sport. So this one is for mental recovery, in a hope that I will feel better.",2026-05-21_08-41-02_hk_1779345662.fit,733,2026-05-21T06:53:17.000Z,732.000,1964.7,148,193,82,2.519,29.28,50.825502,4.396122
2026-05-21,Running,Mental Recovery Run,"After a ten days pause in which I had so many downs including neck muscle spasm and tooth pain, I tried to finish one more run. From past few days my mind is foggy so I am not able to decide anything. I am unsure whether its vitamin deficiency or lack of sport. So this one is for mental recovery, in a hope that I will feel better.",2026-05-21_08-41-02_hk_1779345662.fit,734,2026-05-21T06:53:18.000Z,733.000,1965.74,148,193,80,2.448,29.28,50.825502,4.396122
2026-05-21,Running,Mental Recovery Run,"After a ten days pause in which I had so many downs including neck muscle spasm and tooth pain, I tried to finish one more run. From past few days my mind is foggy so I am not able to decide anything. I am unsure whether its vitamin deficiency or lack of sport. So this one is for mental recovery, in a hope that I will feel better.",2026-05-21_08-41-02_hk_1779345662.fit,735,2026-05-21T06:53:19.000Z,734.000,1966.77,148,186,80,2.384,29.28,50.825484,4.396122
2026-05-21,Running,Mental Recovery Run,"After a ten days pause in which I had so many downs including neck muscle spasm and tooth pain, I tried to finish one more run. From past few days my mind is foggy so I am not able to decide anything. I am unsure whether its vitamin deficiency or lack of sport. So this one is for mental recovery, in a hope that I will feel better.",2026-05-21_08-41-02_hk_1779345662.fit,736,2026-05-21T06:53:20.000Z,735.000,1969.12,148,186,80,2.375,29.28,50.825466,4.396122
2026-05-21,Running,Mental Recovery Run,"After a ten days pause in which I had so many downs including neck muscle spasm and tooth pain, I tried to finish one more run. From past few days my mind is foggy so I am not able to decide anything. I am unsure whether its vitamin deficiency or lack of sport. So this one is for mental recovery, in a hope that I will feel better.",2026-05-21_08-41-02_hk_1779345662.fit,737,2026-05-21T06:53:21.000Z,736.000,1971.46,148,186,79,2.367,29.28,50.82543,4.39614
2026-05-21,Running,Mental Recovery Run,"After a ten days pause in which I had so many downs including neck muscle spasm and tooth pain, I tried to finish one more run. From past few days my mind is foggy so I am not able to decide anything. I am unsure whether its vitamin deficiency or lack of sport. So this one is for mental recovery, in a hope that I will feel better.",2026-05-21_08-41-02_hk_1779345662.fit,738,2026-05-21T06:53:22.000Z,737.000,1973.8,148,188,79,2.334,29.28,50.825412,4.396158
2026-05-21,Running,Mental Recovery Run,"After a ten days pause in which I had so many downs including neck muscle spasm and tooth pain, I tried to finish one more run. From past few days my mind is foggy so I am not able to decide anything. I am unsure whether its vitamin deficiency or lack of sport. So this one is for mental recovery, in a hope that I will feel better.",2026-05-21_08-41-02_hk_1779345662.fit,739,2026-05-21T06:53:23.000Z,738.000,1977.4,148,188,79,2.359,29.28,50.825394,4.396194
2026-05-21,Running,Mental Recovery Run,"After a ten days pause in which I had so many downs including neck muscle spasm and tooth pain, I tried to finish one more run. From past few days my mind is foggy so I am not able to decide anything. I am unsure whether its vitamin deficiency or lack of sport. So this one is for mental recovery, in a hope that I will feel better.",2026-05-21_08-41-02_hk_1779345662.fit,740,2026-05-21T06:53:24.000Z,739.000,1981.01,148,191,79,2.441,29.28,50.825376,4.396212
2026-05-21,Running,Mental Recovery Run,"After a ten days pause in which I had so many downs including neck muscle spasm and tooth pain, I tried to finish one more run. From past few days my mind is foggy so I am not able to decide anything. I am unsure whether its vitamin deficiency or lack of sport. So this one is for mental recovery, in a hope that I will feel better.",2026-05-21_08-41-02_hk_1779345662.fit,741,2026-05-21T06:53:25.000Z,740.000,1983.41,148,191,79,2.455,29.28,50.825358,4.396248
2026-05-21,Running,Mental Recovery Run,"After a ten days pause in which I had so many downs including neck muscle spasm and tooth pain, I tried to finish one more run. From past few days my mind is foggy so I am not able to decide anything. I am unsure whether its vitamin deficiency or lack of sport. So this one is for mental recovery, in a hope that I will feel better.",2026-05-21_08-41-02_hk_1779345662.fit,742,2026-05-21T06:53:26.000Z,741.000,1985.82,148,191,79,2.401,29.28,50.82534,4.396284
2026-05-21,Running,Mental Recovery Run,"After a ten days pause in which I had so many downs including neck muscle spasm and tooth pain, I tried to finish one more run. From past few days my mind is foggy so I am not able to decide anything. I am unsure whether its vitamin deficiency or lack of sport. So this one is for mental recovery, in a hope that I will feel better.",2026-05-21_08-41-02_hk_1779345662.fit,743,2026-05-21T06:53:27.000Z,742.000,1988.23,148,193,80,2.402,29.28,50.825322,4.39632
2026-05-21,Running,Mental Recovery Run,"After a ten days pause in which I had so many downs including neck muscle spasm and tooth pain, I tried to finish one more run. From past few days my mind is foggy so I am not able to decide anything. I am unsure whether its vitamin deficiency or lack of sport. So this one is for mental recovery, in a hope that I will feel better.",2026-05-21_08-41-02_hk_1779345662.fit,744,2026-05-21T06:53:28.000Z,743.000,1991.94,148,193,80,2.418,29.28,50.825304,4.396338
2026-05-21,Running,Mental Recovery Run,"After a ten days pause in which I had so many downs including neck muscle spasm and tooth pain, I tried to finish one more run. From past few days my mind is foggy so I am not able to decide anything. I am unsure whether its vitamin deficiency or lack of sport. So this one is for mental recovery, in a hope that I will feel better.",2026-05-21_08-41-02_hk_1779345662.fit,745,2026-05-21T06:53:29.000Z,744.000,1995.65,148,195,80,2.503,29.28,50.825286,4.396374
2026-05-21,Running,Mental Recovery Run,"After a ten days pause in which I had so many downs including neck muscle spasm and tooth pain, I tried to finish one more run. From past few days my mind is foggy so I am not able to decide anything. I am unsure whether its vitamin deficiency or lack of sport. So this one is for mental recovery, in a hope that I will feel better.",2026-05-21_08-41-02_hk_1779345662.fit,746,2026-05-21T06:53:30.000Z,745.000,1998.35,148,195,82,2.512,29.28,50.825268,4.39641
2026-05-21,Running,Mental Recovery Run,"After a ten days pause in which I had so many downs including neck muscle spasm and tooth pain, I tried to finish one more run. From past few days my mind is foggy so I am not able to decide anything. I am unsure whether its vitamin deficiency or lack of sport. So this one is for mental recovery, in a hope that I will feel better.",2026-05-21_08-41-02_hk_1779345662.fit,747,2026-05-21T06:53:31.000Z,746.000,2001.04,148,195,82,2.465,29.28,50.82525,4.396428
2026-05-21,Running,Mental Recovery Run,"After a ten days pause in which I had so many downs including neck muscle spasm and tooth pain, I tried to finish one more run. From past few days my mind is foggy so I am not able to decide anything. I am unsure whether its vitamin deficiency or lack of sport. So this one is for mental recovery, in a hope that I will feel better.",2026-05-21_08-41-02_hk_1779345662.fit,748,2026-05-21T06:53:32.000Z,747.000,2003.74,148,199,82,2.419,29.28,50.825232,4.396464
2026-05-21,Running,Mental Recovery Run,"After a ten days pause in which I had so many downs including neck muscle spasm and tooth pain, I tried to finish one more run. From past few days my mind is foggy so I am not able to decide anything. I am unsure whether its vitamin deficiency or lack of sport. So this one is for mental recovery, in a hope that I will feel better.",2026-05-21_08-41-02_hk_1779345662.fit,749,2026-05-21T06:53:33.000Z,748.000,2006.59,148,199,81,2.437,29.28,50.825214,4.3965
2026-05-21,Running,Mental Recovery Run,"After a ten days pause in which I had so many downs including neck muscle spasm and tooth pain, I tried to finish one more run. From past few days my mind is foggy so I am not able to decide anything. I am unsure whether its vitamin deficiency or lack of sport. So this one is for mental recovery, in a hope that I will feel better.",2026-05-21_08-41-02_hk_1779345662.fit,750,2026-05-21T06:53:34.000Z,749.000,2009.44,148,198,81,2.454,29.28,50.825196,4.396518
2026-05-21,Running,Mental Recovery Run,"After a ten days pause in which I had so many downs including neck muscle spasm and tooth pain, I tried to finish one more run. From past few days my mind is foggy so I am not able to decide anything. I am unsure whether its vitamin deficiency or lack of sport. So this one is for mental recovery, in a hope that I will feel better.",2026-05-21_08-41-02_hk_1779345662.fit,751,2026-05-21T06:53:35.000Z,750.000,2012.14,148,198,81,2.506,29.28,50.825178,4.396554
2026-05-21,Running,Mental Recovery Run,"After a ten days pause in which I had so many downs including neck muscle spasm and tooth pain, I tried to finish one more run. From past few days my mind is foggy so I am not able to decide anything. I am unsure whether its vitamin deficiency or lack of sport. So this one is for mental recovery, in a hope that I will feel better.",2026-05-21_08-41-02_hk_1779345662.fit,752,2026-05-21T06:53:36.000Z,751.000,2014.84,148,198,79,2.639,29.28,50.82516,4.396572
2026-05-21,Running,Mental Recovery Run,"After a ten days pause in which I had so many downs including neck muscle spasm and tooth pain, I tried to finish one more run. From past few days my mind is foggy so I am not able to decide anything. I am unsure whether its vitamin deficiency or lack of sport. So this one is for mental recovery, in a hope that I will feel better.",2026-05-21_08-41-02_hk_1779345662.fit,753,2026-05-21T06:53:37.000Z,752.000,2017.53,148,200,79,2.82,29.28,50.825142,4.396608
2026-05-21,Running,Mental Recovery Run,"After a ten days pause in which I had so many downs including neck muscle spasm and tooth pain, I tried to finish one more run. From past few days my mind is foggy so I am not able to decide anything. I am unsure whether its vitamin deficiency or lack of sport. So this one is for mental recovery, in a hope that I will feel better.",2026-05-21_08-41-02_hk_1779345662.fit,754,2026-05-21T06:53:38.000Z,753.000,2020.36,148,200,79,2.847,29.28,50.825124,4.396644
2026-05-21,Running,Mental Recovery Run,"After a ten days pause in which I had so many downs including neck muscle spasm and tooth pain, I tried to finish one more run. From past few days my mind is foggy so I am not able to decide anything. I am unsure whether its vitamin deficiency or lack of sport. So this one is for mental recovery, in a hope that I will feel better.",2026-05-21_08-41-02_hk_1779345662.fit,755,2026-05-21T06:53:39.000Z,754.000,2023.19,148,200,79,2.874,29.28,50.825088,4.396662
2026-05-21,Running,Mental Recovery Run,"After a ten days pause in which I had so many downs including neck muscle spasm and tooth pain, I tried to finish one more run. From past few days my mind is foggy so I am not able to decide anything. I am unsure whether its vitamin deficiency or lack of sport. So this one is for mental recovery, in a hope that I will feel better.",2026-05-21_08-41-02_hk_1779345662.fit,756,2026-05-21T06:53:40.000Z,755.000,2026.03,148,205,79,2.901,29.28,50.82507,4.396698
2026-05-21,Running,Mental Recovery Run,"After a ten days pause in which I had so many downs including neck muscle spasm and tooth pain, I tried to finish one more run. From past few days my mind is foggy so I am not able to decide anything. I am unsure whether its vitamin deficiency or lack of sport. So this one is for mental recovery, in a hope that I will feel better.",2026-05-21_08-41-02_hk_1779345662.fit,757,2026-05-21T06:53:41.000Z,756.000,2029.59,148,205,79,2.899,29.29,50.825052,4.396734
2026-05-21,Running,Mental Recovery Run,"After a ten days pause in which I had so many downs including neck muscle spasm and tooth pain, I tried to finish one more run. From past few days my mind is foggy so I am not able to decide anything. I am unsure whether its vitamin deficiency or lack of sport. So this one is for mental recovery, in a hope that I will feel better.",2026-05-21_08-41-02_hk_1779345662.fit,758,2026-05-21T06:53:42.000Z,757.000,2033.16,148,205,79,2.897,29.29,50.825034,4.39677
2026-05-21,Running,Mental Recovery Run,"After a ten days pause in which I had so many downs including neck muscle spasm and tooth pain, I tried to finish one more run. From past few days my mind is foggy so I am not able to decide anything. I am unsure whether its vitamin deficiency or lack of sport. So this one is for mental recovery, in a hope that I will feel better.",2026-05-21_08-41-02_hk_1779345662.fit,759,2026-05-21T06:53:43.000Z,758.000,2035.91,148,205,79,2.946,29.29,50.825016,4.396788
2026-05-21,Running,Mental Recovery Run,"After a ten days pause in which I had so many downs including neck muscle spasm and tooth pain, I tried to finish one more run. From past few days my mind is foggy so I am not able to decide anything. I am unsure whether its vitamin deficiency or lack of sport. So this one is for mental recovery, in a hope that I will feel better.",2026-05-21_08-41-02_hk_1779345662.fit,760,2026-05-21T06:53:44.000Z,759.000,2038.65,148,205,79,2.966,29.29,50.824998,4.396824
2026-05-21,Running,Mental Recovery Run,"After a ten days pause in which I had so many downs including neck muscle spasm and tooth pain, I tried to finish one more run. From past few days my mind is foggy so I am not able to decide anything. I am unsure whether its vitamin deficiency or lack of sport. So this one is for mental recovery, in a hope that I will feel better.",2026-05-21_08-41-02_hk_1779345662.fit,761,2026-05-21T06:53:45.000Z,760.000,2041.4,148,210,82,2.954,29.29,50.82498,4.396842
2026-05-21,Running,Mental Recovery Run,"After a ten days pause in which I had so many downs including neck muscle spasm and tooth pain, I tried to finish one more run. From past few days my mind is foggy so I am not able to decide anything. I am unsure whether its vitamin deficiency or lack of sport. So this one is for mental recovery, in a hope that I will feel better.",2026-05-21_08-41-02_hk_1779345662.fit,762,2026-05-21T06:53:46.000Z,761.000,2046.48,148,210,82,2.99,29.29,50.824962,4.396878
2026-05-21,Running,Mental Recovery Run,"After a ten days pause in which I had so many downs including neck muscle spasm and tooth pain, I tried to finish one more run. From past few days my mind is foggy so I am not able to decide anything. I am unsure whether its vitamin deficiency or lack of sport. So this one is for mental recovery, in a hope that I will feel better.",2026-05-21_08-41-02_hk_1779345662.fit,763,2026-05-21T06:53:47.000Z,762.000,2051.56,148,217,82,3.157,29.29,50.824944,4.396896
2026-05-21,Running,Mental Recovery Run,"After a ten days pause in which I had so many downs including neck muscle spasm and tooth pain, I tried to finish one more run. From past few days my mind is foggy so I am not able to decide anything. I am unsure whether its vitamin deficiency or lack of sport. So this one is for mental recovery, in a hope that I will feel better.",2026-05-21_08-41-02_hk_1779345662.fit,764,2026-05-21T06:53:48.000Z,763.000,2053.2,148,217,82,3.068,29.29,50.824926,4.396932
2026-05-21,Running,Mental Recovery Run,"After a ten days pause in which I had so many downs including neck muscle spasm and tooth pain, I tried to finish one more run. From past few days my mind is foggy so I am not able to decide anything. I am unsure whether its vitamin deficiency or lack of sport. So this one is for mental recovery, in a hope that I will feel better.",2026-05-21_08-41-02_hk_1779345662.fit,765,2026-05-21T06:53:49.000Z,764.000,2054.85,148,217,82,3.006,29.29,50.824908,4.39695
2026-05-21,Running,Mental Recovery Run,"After a ten days pause in which I had so many downs including neck muscle spasm and tooth pain, I tried to finish one more run. From past few days my mind is foggy so I am not able to decide anything. I am unsure whether its vitamin deficiency or lack of sport. So this one is for mental recovery, in a hope that I will feel better.",2026-05-21_08-41-02_hk_1779345662.fit,766,2026-05-21T06:53:50.000Z,765.000,2056.49,148,209,82,2.93,29.29,50.82489,4.396968
2026-05-21,Running,Mental Recovery Run,"After a ten days pause in which I had so many downs including neck muscle spasm and tooth pain, I tried to finish one more run. From past few days my mind is foggy so I am not able to decide anything. I am unsure whether its vitamin deficiency or lack of sport. So this one is for mental recovery, in a hope that I will feel better.",2026-05-21_08-41-02_hk_1779345662.fit,767,2026-05-21T06:53:51.000Z,766.000,2058.98,148,209,82,2.91,29.29,50.82489,4.397004
2026-05-21,Running,Mental Recovery Run,"After a ten days pause in which I had so many downs including neck muscle spasm and tooth pain, I tried to finish one more run. From past few days my mind is foggy so I am not able to decide anything. I am unsure whether its vitamin deficiency or lack of sport. So this one is for mental recovery, in a hope that I will feel better.",2026-05-21_08-41-02_hk_1779345662.fit,768,2026-05-21T06:53:52.000Z,767.000,2061.47,148,203,82,2.89,29.29,50.824872,4.397022
2026-05-21,Running,Mental Recovery Run,"After a ten days pause in which I had so many downs including neck muscle spasm and tooth pain, I tried to finish one more run. From past few days my mind is foggy so I am not able to decide anything. I am unsure whether its vitamin deficiency or lack of sport. So this one is for mental recovery, in a hope that I will feel better.",2026-05-21_08-41-02_hk_1779345662.fit,769,2026-05-21T06:53:53.000Z,768.000,2062.81,148,203,82,2.815,29.3,50.824854,4.397058
2026-05-21,Running,Mental Recovery Run,"After a ten days pause in which I had so many downs including neck muscle spasm and tooth pain, I tried to finish one more run. From past few days my mind is foggy so I am not able to decide anything. I am unsure whether its vitamin deficiency or lack of sport. So this one is for mental recovery, in a hope that I will feel better.",2026-05-21_08-41-02_hk_1779345662.fit,770,2026-05-21T06:53:54.000Z,769.000,2064.15,148,203,80,2.737,29.3,50.824836,4.397076
2026-05-21,Running,Mental Recovery Run,"After a ten days pause in which I had so many downs including neck muscle spasm and tooth pain, I tried to finish one more run. From past few days my mind is foggy so I am not able to decide anything. I am unsure whether its vitamin deficiency or lack of sport. So this one is for mental recovery, in a hope that I will feel better.",2026-05-21_08-41-02_hk_1779345662.fit,771,2026-05-21T06:53:55.000Z,770.000,2065.48,148,197,80,2.666,29.3,50.824818,4.397112
2026-05-21,Running,Mental Recovery Run,"After a ten days pause in which I had so many downs including neck muscle spasm and tooth pain, I tried to finish one more run. From past few days my mind is foggy so I am not able to decide anything. I am unsure whether its vitamin deficiency or lack of sport. So this one is for mental recovery, in a hope that I will feel better.",2026-05-21_08-41-02_hk_1779345662.fit,772,2026-05-21T06:53:56.000Z,771.000,2069.02,148,197,80,2.71,29.3,50.8248,4.39713
2026-05-21,Running,Mental Recovery Run,"After a ten days pause in which I had so many downs including neck muscle spasm and tooth pain, I tried to finish one more run. From past few days my mind is foggy so I am not able to decide anything. I am unsure whether its vitamin deficiency or lack of sport. So this one is for mental recovery, in a hope that I will feel better.",2026-05-21_08-41-02_hk_1779345662.fit,773,2026-05-21T06:53:57.000Z,772.000,2072.55,148,198,79,2.747,29.3,50.824782,4.397166
2026-05-21,Running,Mental Recovery Run,"After a ten days pause in which I had so many downs including neck muscle spasm and tooth pain, I tried to finish one more run. From past few days my mind is foggy so I am not able to decide anything. I am unsure whether its vitamin deficiency or lack of sport. So this one is for mental recovery, in a hope that I will feel better.",2026-05-21_08-41-02_hk_1779345662.fit,774,2026-05-21T06:53:58.000Z,773.000,2074.84,148,198,79,2.718,29.3,50.824764,4.397184
2026-05-21,Running,Mental Recovery Run,"After a ten days pause in which I had so many downs including neck muscle spasm and tooth pain, I tried to finish one more run. From past few days my mind is foggy so I am not able to decide anything. I am unsure whether its vitamin deficiency or lack of sport. So this one is for mental recovery, in a hope that I will feel better.",2026-05-21_08-41-02_hk_1779345662.fit,775,2026-05-21T06:53:59.000Z,774.000,2077.13,148,198,79,2.69,29.3,50.824746,4.39722
2026-05-21,Running,Mental Recovery Run,"After a ten days pause in which I had so many downs including neck muscle spasm and tooth pain, I tried to finish one more run. From past few days my mind is foggy so I am not able to decide anything. I am unsure whether its vitamin deficiency or lack of sport. So this one is for mental recovery, in a hope that I will feel better.",2026-05-21_08-41-02_hk_1779345662.fit,776,2026-05-21T06:54:00.000Z,775.000,2079.42,148,198,79,2.669,29.3,50.824728,4.397238
2026-05-21,Running,Mental Recovery Run,"After a ten days pause in which I had so many downs including neck muscle spasm and tooth pain, I tried to finish one more run. From past few days my mind is foggy so I am not able to decide anything. I am unsure whether its vitamin deficiency or lack of sport. So this one is for mental recovery, in a hope that I will feel better.",2026-05-21_08-41-02_hk_1779345662.fit,777,2026-05-21T06:54:01.000Z,776.000,2081.71,148,198,79,2.606,29.3,50.82471,4.397274
2026-05-21,Running,Mental Recovery Run,"After a ten days pause in which I had so many downs including neck muscle spasm and tooth pain, I tried to finish one more run. From past few days my mind is foggy so I am not able to decide anything. I am unsure whether its vitamin deficiency or lack of sport. So this one is for mental recovery, in a hope that I will feel better.",2026-05-21_08-41-02_hk_1779345662.fit,778,2026-05-21T06:54:02.000Z,777.000,2084.01,148,198,79,2.542,29.3,50.824692,4.397292
2026-05-21,Running,Mental Recovery Run,"After a ten days pause in which I had so many downs including neck muscle spasm and tooth pain, I tried to finish one more run. From past few days my mind is foggy so I am not able to decide anything. I am unsure whether its vitamin deficiency or lack of sport. So this one is for mental recovery, in a hope that I will feel better.",2026-05-21_08-41-02_hk_1779345662.fit,779,2026-05-21T06:54:03.000Z,778.000,2086.3,148,198,80,2.52,29.3,50.824674,4.397328
2026-05-21,Running,Mental Recovery Run,"After a ten days pause in which I had so many downs including neck muscle spasm and tooth pain, I tried to finish one more run. From past few days my mind is foggy so I am not able to decide anything. I am unsure whether its vitamin deficiency or lack of sport. So this one is for mental recovery, in a hope that I will feel better.",2026-05-21_08-41-02_hk_1779345662.fit,780,2026-05-21T06:54:04.000Z,779.000,2089.85,148,198,80,2.56,29.3,50.824656,4.397346
2026-05-21,Running,Mental Recovery Run,"After a ten days pause in which I had so many downs including neck muscle spasm and tooth pain, I tried to finish one more run. From past few days my mind is foggy so I am not able to decide anything. I am unsure whether its vitamin deficiency or lack of sport. So this one is for mental recovery, in a hope that I will feel better.",2026-05-21_08-41-02_hk_1779345662.fit,781,2026-05-21T06:54:05.000Z,780.000,2093.39,148,199,80,2.599,29.3,50.824638,4.397382
2026-05-21,Running,Mental Recovery Run,"After a ten days pause in which I had so many downs including neck muscle spasm and tooth pain, I tried to finish one more run. From past few days my mind is foggy so I am not able to decide anything. I am unsure whether its vitamin deficiency or lack of sport. So this one is for mental recovery, in a hope that I will feel better.",2026-05-21_08-41-02_hk_1779345662.fit,782,2026-05-21T06:54:06.000Z,781.000,2095.71,148,199,82,2.586,29.3,50.82462,4.3974
2026-05-21,Running,Mental Recovery Run,"After a ten days pause in which I had so many downs including neck muscle spasm and tooth pain, I tried to finish one more run. From past few days my mind is foggy so I am not able to decide anything. I am unsure whether its vitamin deficiency or lack of sport. So this one is for mental recovery, in a hope that I will feel better.",2026-05-21_08-41-02_hk_1779345662.fit,783,2026-05-21T06:54:07.000Z,782.000,2098.03,148,199,82,2.455,29.3,50.824602,4.397436
2026-05-21,Running,Mental Recovery Run,"After a ten days pause in which I had so many downs including neck muscle spasm and tooth pain, I tried to finish one more run. From past few days my mind is foggy so I am not able to decide anything. I am unsure whether its vitamin deficiency or lack of sport. So this one is for mental recovery, in a hope that I will feel better.",2026-05-21_08-41-02_hk_1779345662.fit,784,2026-05-21T06:54:08.000Z,783.000,2100.35,148,199,82,2.449,29.3,50.824584,4.397472
2026-05-21,Running,Mental Recovery Run,"After a ten days pause in which I had so many downs including neck muscle spasm and tooth pain, I tried to finish one more run. From past few days my mind is foggy so I am not able to decide anything. I am unsure whether its vitamin deficiency or lack of sport. So this one is for mental recovery, in a hope that I will feel better.",2026-05-21_08-41-02_hk_1779345662.fit,785,2026-05-21T06:54:09.000Z,784.000,2103.8,148,199,82,2.41,29.3,50.824566,4.39749
2026-05-21,Running,Mental Recovery Run,"After a ten days pause in which I had so many downs including neck muscle spasm and tooth pain, I tried to finish one more run. From past few days my mind is foggy so I am not able to decide anything. I am unsure whether its vitamin deficiency or lack of sport. So this one is for mental recovery, in a hope that I will feel better.",2026-05-21_08-41-02_hk_1779345662.fit,786,2026-05-21T06:54:10.000Z,785.000,2107.26,148,199,82,2.538,29.3,50.824548,4.397526
2026-05-21,Running,Mental Recovery Run,"After a ten days pause in which I had so many downs including neck muscle spasm and tooth pain, I tried to finish one more run. From past few days my mind is foggy so I am not able to decide anything. I am unsure whether its vitamin deficiency or lack of sport. So this one is for mental recovery, in a hope that I will feel better.",2026-05-21_08-41-02_hk_1779345662.fit,787,2026-05-21T06:54:11.000Z,786.000,2109.57,148,199,82,2.529,29.3,50.82453,4.397544
2026-05-21,Running,Mental Recovery Run,"After a ten days pause in which I had so many downs including neck muscle spasm and tooth pain, I tried to finish one more run. From past few days my mind is foggy so I am not able to decide anything. I am unsure whether its vitamin deficiency or lack of sport. So this one is for mental recovery, in a hope that I will feel better.",2026-05-21_08-41-02_hk_1779345662.fit,788,2026-05-21T06:54:12.000Z,787.000,2111.88,148,199,82,2.521,29.3,50.824512,4.39758
2026-05-21,Running,Mental Recovery Run,"After a ten days pause in which I had so many downs including neck muscle spasm and tooth pain, I tried to finish one more run. From past few days my mind is foggy so I am not able to decide anything. I am unsure whether its vitamin deficiency or lack of sport. So this one is for mental recovery, in a hope that I will feel better.",2026-05-21_08-41-02_hk_1779345662.fit,789,2026-05-21T06:54:13.000Z,788.000,2114.19,148,199,82,2.634,29.3,50.824494,4.397598
2026-05-21,Running,Mental Recovery Run,"After a ten days pause in which I had so many downs including neck muscle spasm and tooth pain, I tried to finish one more run. From past few days my mind is foggy so I am not able to decide anything. I am unsure whether its vitamin deficiency or lack of sport. So this one is for mental recovery, in a hope that I will feel better.",2026-05-21_08-41-02_hk_1779345662.fit,790,2026-05-21T06:54:14.000Z,789.000,2117.65,148,199,82,2.746,29.3,50.824476,4.397634
2026-05-21,Running,Mental Recovery Run,"After a ten days pause in which I had so many downs including neck muscle spasm and tooth pain, I tried to finish one more run. From past few days my mind is foggy so I am not able to decide anything. I am unsure whether its vitamin deficiency or lack of sport. So this one is for mental recovery, in a hope that I will feel better.",2026-05-21_08-41-02_hk_1779345662.fit,791,2026-05-21T06:54:15.000Z,790.000,2121.11,148,200,82,2.742,29.31,50.824458,4.397652
2026-05-21,Running,Mental Recovery Run,"After a ten days pause in which I had so many downs including neck muscle spasm and tooth pain, I tried to finish one more run. From past few days my mind is foggy so I am not able to decide anything. I am unsure whether its vitamin deficiency or lack of sport. So this one is for mental recovery, in a hope that I will feel better.",2026-05-21_08-41-02_hk_1779345662.fit,792,2026-05-21T06:54:16.000Z,791.000,2123.14,148,200,82,2.663,29.31,50.82444,4.397688
2026-05-21,Running,Mental Recovery Run,"After a ten days pause in which I had so many downs including neck muscle spasm and tooth pain, I tried to finish one more run. From past few days my mind is foggy so I am not able to decide anything. I am unsure whether its vitamin deficiency or lack of sport. So this one is for mental recovery, in a hope that I will feel better.",2026-05-21_08-41-02_hk_1779345662.fit,793,2026-05-21T06:54:17.000Z,792.000,2125.17,148,200,82,2.649,29.31,50.824422,4.397706
2026-05-21,Running,Mental Recovery Run,"After a ten days pause in which I had so many downs including neck muscle spasm and tooth pain, I tried to finish one more run. From past few days my mind is foggy so I am not able to decide anything. I am unsure whether its vitamin deficiency or lack of sport. So this one is for mental recovery, in a hope that I will feel better.",2026-05-21_08-41-02_hk_1779345662.fit,794,2026-05-21T06:54:18.000Z,793.000,2127.19,148,199,79,2.635,29.31,50.824404,4.397742
2026-05-21,Running,Mental Recovery Run,"After a ten days pause in which I had so many downs including neck muscle spasm and tooth pain, I tried to finish one more run. From past few days my mind is foggy so I am not able to decide anything. I am unsure whether its vitamin deficiency or lack of sport. So this one is for mental recovery, in a hope that I will feel better.",2026-05-21_08-41-02_hk_1779345662.fit,795,2026-05-21T06:54:19.000Z,794.000,2130.77,148,199,79,2.703,29.31,50.824386,4.39776
2026-05-21,Running,Mental Recovery Run,"After a ten days pause in which I had so many downs including neck muscle spasm and tooth pain, I tried to finish one more run. From past few days my mind is foggy so I am not able to decide anything. I am unsure whether its vitamin deficiency or lack of sport. So this one is for mental recovery, in a hope that I will feel better.",2026-05-21_08-41-02_hk_1779345662.fit,796,2026-05-21T06:54:20.000Z,795.000,2134.35,148,201,79,2.797,29.31,50.824368,4.397778
2026-05-21,Running,Mental Recovery Run,"After a ten days pause in which I had so many downs including neck muscle spasm and tooth pain, I tried to finish one more run. From past few days my mind is foggy so I am not able to decide anything. I am unsure whether its vitamin deficiency or lack of sport. So this one is for mental recovery, in a hope that I will feel better.",2026-05-21_08-41-02_hk_1779345662.fit,797,2026-05-21T06:54:21.000Z,796.000,2136.67,148,201,79,2.798,29.31,50.82435,4.397814
2026-05-21,Running,Mental Recovery Run,"After a ten days pause in which I had so many downs including neck muscle spasm and tooth pain, I tried to finish one more run. From past few days my mind is foggy so I am not able to decide anything. I am unsure whether its vitamin deficiency or lack of sport. So this one is for mental recovery, in a hope that I will feel better.",2026-05-21_08-41-02_hk_1779345662.fit,798,2026-05-21T06:54:22.000Z,797.000,2138.98,148,201,79,2.773,29.31,50.824332,4.397832
2026-05-21,Running,Mental Recovery Run,"After a ten days pause in which I had so many downs including neck muscle spasm and tooth pain, I tried to finish one more run. From past few days my mind is foggy so I am not able to decide anything. I am unsure whether its vitamin deficiency or lack of sport. So this one is for mental recovery, in a hope that I will feel better.",2026-05-21_08-41-02_hk_1779345662.fit,799,2026-05-21T06:54:23.000Z,798.000,2141.3,148,201,79,2.708,29.32,50.824314,4.39785
2026-05-21,Running,Mental Recovery Run,"After a ten days pause in which I had so many downs including neck muscle spasm and tooth pain, I tried to finish one more run. From past few days my mind is foggy so I am not able to decide anything. I am unsure whether its vitamin deficiency or lack of sport. So this one is for mental recovery, in a hope that I will feel better.",2026-05-21_08-41-02_hk_1779345662.fit,800,2026-05-21T06:54:24.000Z,799.000,2143.65,148,201,79,2.645,29.32,50.824296,4.397886
2026-05-21,Running,Mental Recovery Run,"After a ten days pause in which I had so many downs including neck muscle spasm and tooth pain, I tried to finish one more run. From past few days my mind is foggy so I am not able to decide anything. I am unsure whether its vitamin deficiency or lack of sport. So this one is for mental recovery, in a hope that I will feel better.",2026-05-21_08-41-02_hk_1779345662.fit,801,2026-05-21T06:54:25.000Z,800.000,2146,148,201,79,2.647,29.32,50.824278,4.397904
2026-05-21,Running,Mental Recovery Run,"After a ten days pause in which I had so many downs including neck muscle spasm and tooth pain, I tried to finish one more run. From past few days my mind is foggy so I am not able to decide anything. I am unsure whether its vitamin deficiency or lack of sport. So this one is for mental recovery, in a hope that I will feel better.",2026-05-21_08-41-02_hk_1779345662.fit,802,2026-05-21T06:54:26.000Z,801.000,2148.35,148,202,79,2.648,29.32,50.82426,4.39794
2026-05-21,Running,Mental Recovery Run,"After a ten days pause in which I had so many downs including neck muscle spasm and tooth pain, I tried to finish one more run. From past few days my mind is foggy so I am not able to decide anything. I am unsure whether its vitamin deficiency or lack of sport. So this one is for mental recovery, in a hope that I will feel better.",2026-05-21_08-41-02_hk_1779345662.fit,803,2026-05-21T06:54:27.000Z,802.000,2151.65,148,202,81,2.7,29.32,50.824242,4.397958
2026-05-21,Running,Mental Recovery Run,"After a ten days pause in which I had so many downs including neck muscle spasm and tooth pain, I tried to finish one more run. From past few days my mind is foggy so I am not able to decide anything. I am unsure whether its vitamin deficiency or lack of sport. So this one is for mental recovery, in a hope that I will feel better.",2026-05-21_08-41-02_hk_1779345662.fit,804,2026-05-21T06:54:28.000Z,803.000,2154.95,148,201,81,2.692,29.32,50.824224,4.397976
2026-05-21,Running,Mental Recovery Run,"After a ten days pause in which I had so many downs including neck muscle spasm and tooth pain, I tried to finish one more run. From past few days my mind is foggy so I am not able to decide anything. I am unsure whether its vitamin deficiency or lack of sport. So this one is for mental recovery, in a hope that I will feel better.",2026-05-21_08-41-02_hk_1779345662.fit,805,2026-05-21T06:54:29.000Z,804.000,2157.22,148,201,81,2.671,29.32,50.824224,4.398012
2026-05-21,Running,Mental Recovery Run,"After a ten days pause in which I had so many downs including neck muscle spasm and tooth pain, I tried to finish one more run. From past few days my mind is foggy so I am not able to decide anything. I am unsure whether its vitamin deficiency or lack of sport. So this one is for mental recovery, in a hope that I will feel better.",2026-05-21_08-41-02_hk_1779345662.fit,806,2026-05-21T06:54:30.000Z,805.000,2159.5,148,201,82,2.612,29.32,50.824188,4.39803
2026-05-21,Running,Mental Recovery Run,"After a ten days pause in which I had so many downs including neck muscle spasm and tooth pain, I tried to finish one more run. From past few days my mind is foggy so I am not able to decide anything. I am unsure whether its vitamin deficiency or lack of sport. So this one is for mental recovery, in a hope that I will feel better.",2026-05-21_08-41-02_hk_1779345662.fit,807,2026-05-21T06:54:31.000Z,806.000,2161.78,148,200,82,2.611,29.32,50.82417,4.398048
2026-05-21,Running,Mental Recovery Run,"After a ten days pause in which I had so many downs including neck muscle spasm and tooth pain, I tried to finish one more run. From past few days my mind is foggy so I am not able to decide anything. I am unsure whether its vitamin deficiency or lack of sport. So this one is for mental recovery, in a hope that I will feel better.",2026-05-21_08-41-02_hk_1779345662.fit,808,2026-05-21T06:54:32.000Z,807.000,2165.21,148,200,82,2.685,29.32,50.824152,4.398084
2026-05-21,Running,Mental Recovery Run,"After a ten days pause in which I had so many downs including neck muscle spasm and tooth pain, I tried to finish one more run. From past few days my mind is foggy so I am not able to decide anything. I am unsure whether its vitamin deficiency or lack of sport. So this one is for mental recovery, in a hope that I will feel better.",2026-05-21_08-41-02_hk_1779345662.fit,809,2026-05-21T06:54:33.000Z,808.000,2168.63,148,200,82,2.683,29.32,50.824134,4.398102
2026-05-21,Running,Mental Recovery Run,"After a ten days pause in which I had so many downs including neck muscle spasm and tooth pain, I tried to finish one more run. From past few days my mind is foggy so I am not able to decide anything. I am unsure whether its vitamin deficiency or lack of sport. So this one is for mental recovery, in a hope that I will feel better.",2026-05-21_08-41-02_hk_1779345662.fit,810,2026-05-21T06:54:34.000Z,809.000,2170.6,148,200,82,2.647,29.32,50.824116,4.39812
2026-05-21,Running,Mental Recovery Run,"After a ten days pause in which I had so many downs including neck muscle spasm and tooth pain, I tried to finish one more run. From past few days my mind is foggy so I am not able to decide anything. I am unsure whether its vitamin deficiency or lack of sport. So this one is for mental recovery, in a hope that I will feel better.",2026-05-21_08-41-02_hk_1779345662.fit,811,2026-05-21T06:54:35.000Z,810.000,2172.56,148,200,82,2.573,29.32,50.824098,4.398156
2026-05-21,Running,Mental Recovery Run,"After a ten days pause in which I had so many downs including neck muscle spasm and tooth pain, I tried to finish one more run. From past few days my mind is foggy so I am not able to decide anything. I am unsure whether its vitamin deficiency or lack of sport. So this one is for mental recovery, in a hope that I will feel better.",2026-05-21_08-41-02_hk_1779345662.fit,812,2026-05-21T06:54:36.000Z,811.000,2174.53,148,200,79,2.569,29.32,50.82408,4.398174
2026-05-21,Running,Mental Recovery Run,"After a ten days pause in which I had so many downs including neck muscle spasm and tooth pain, I tried to finish one more run. From past few days my mind is foggy so I am not able to decide anything. I am unsure whether its vitamin deficiency or lack of sport. So this one is for mental recovery, in a hope that I will feel better.",2026-05-21_08-41-02_hk_1779345662.fit,813,2026-05-21T06:54:37.000Z,812.000,2178.06,148,200,79,2.677,29.32,50.824062,4.398192
2026-05-21,Running,Mental Recovery Run,"After a ten days pause in which I had so many downs including neck muscle spasm and tooth pain, I tried to finish one more run. From past few days my mind is foggy so I am not able to decide anything. I am unsure whether its vitamin deficiency or lack of sport. So this one is for mental recovery, in a hope that I will feel better.",2026-05-21_08-41-02_hk_1779345662.fit,814,2026-05-21T06:54:38.000Z,813.000,2181.59,148,201,79,2.675,29.32,50.824044,4.39821
2026-05-21,Running,Mental Recovery Run,"After a ten days pause in which I had so many downs including neck muscle spasm and tooth pain, I tried to finish one more run. From past few days my mind is foggy so I am not able to decide anything. I am unsure whether its vitamin deficiency or lack of sport. So this one is for mental recovery, in a hope that I will feel better.",2026-05-21_08-41-02_hk_1779345662.fit,815,2026-05-21T06:54:39.000Z,814.000,2183.94,148,201,79,2.659,29.32,50.824026,4.398246
2026-05-21,Running,Mental Recovery Run,"After a ten days pause in which I had so many downs including neck muscle spasm and tooth pain, I tried to finish one more run. From past few days my mind is foggy so I am not able to decide anything. I am unsure whether its vitamin deficiency or lack of sport. So this one is for mental recovery, in a hope that I will feel better.",2026-05-21_08-41-02_hk_1779345662.fit,816,2026-05-21T06:54:40.000Z,815.000,2186.29,148,201,79,2.597,29.32,50.824008,4.398264
2026-05-21,Running,Mental Recovery Run,"After a ten days pause in which I had so many downs including neck muscle spasm and tooth pain, I tried to finish one more run. From past few days my mind is foggy so I am not able to decide anything. I am unsure whether its vitamin deficiency or lack of sport. So this one is for mental recovery, in a hope that I will feel better.",2026-05-21_08-41-02_hk_1779345662.fit,817,2026-05-21T06:54:41.000Z,816.000,2188.64,148,200,79,2.599,29.32,50.82399,4.3983
2026-05-21,Running,Mental Recovery Run,"After a ten days pause in which I had so many downs including neck muscle spasm and tooth pain, I tried to finish one more run. From past few days my mind is foggy so I am not able to decide anything. I am unsure whether its vitamin deficiency or lack of sport. So this one is for mental recovery, in a hope that I will feel better.",2026-05-21_08-41-02_hk_1779345662.fit,818,2026-05-21T06:54:42.000Z,817.000,2192.11,148,200,79,2.674,29.32,50.823972,4.398318
2026-05-21,Running,Mental Recovery Run,"After a ten days pause in which I had so many downs including neck muscle spasm and tooth pain, I tried to finish one more run. From past few days my mind is foggy so I am not able to decide anything. I am unsure whether its vitamin deficiency or lack of sport. So this one is for mental recovery, in a hope that I will feel better.",2026-05-21_08-41-02_hk_1779345662.fit,819,2026-05-21T06:54:43.000Z,818.000,2195.57,148,200,79,2.733,29.32,50.823954,4.398336
2026-05-21,Running,Mental Recovery Run,"After a ten days pause in which I had so many downs including neck muscle spasm and tooth pain, I tried to finish one more run. From past few days my mind is foggy so I am not able to decide anything. I am unsure whether its vitamin deficiency or lack of sport. So this one is for mental recovery, in a hope that I will feel better.",2026-05-21_08-41-02_hk_1779345662.fit,820,2026-05-21T06:54:44.000Z,819.000,2197.93,148,200,79,2.733,29.32,50.823936,4.398372
2026-05-21,Running,Mental Recovery Run,"After a ten days pause in which I had so many downs including neck muscle spasm and tooth pain, I tried to finish one more run. From past few days my mind is foggy so I am not able to decide anything. I am unsure whether its vitamin deficiency or lack of sport. So this one is for mental recovery, in a hope that I will feel better.",2026-05-21_08-41-02_hk_1779345662.fit,821,2026-05-21T06:54:45.000Z,820.000,2200.29,148,200,81,2.734,29.32,50.823918,4.39839
2026-05-21,Running,Mental Recovery Run,"After a ten days pause in which I had so many downs including neck muscle spasm and tooth pain, I tried to finish one more run. From past few days my mind is foggy so I am not able to decide anything. I am unsure whether its vitamin deficiency or lack of sport. So this one is for mental recovery, in a hope that I will feel better.",2026-05-21_08-41-02_hk_1779345662.fit,822,2026-05-21T06:54:46.000Z,821.000,2202.66,148,198,81,2.685,29.33,50.8239,4.398426
2026-05-21,Running,Mental Recovery Run,"After a ten days pause in which I had so many downs including neck muscle spasm and tooth pain, I tried to finish one more run. From past few days my mind is foggy so I am not able to decide anything. I am unsure whether its vitamin deficiency or lack of sport. So this one is for mental recovery, in a hope that I will feel better.",2026-05-21_08-41-02_hk_1779345662.fit,823,2026-05-21T06:54:47.000Z,822.000,2205.18,148,198,81,2.644,29.33,50.823882,4.398444
2026-05-21,Running,Mental Recovery Run,"After a ten days pause in which I had so many downs including neck muscle spasm and tooth pain, I tried to finish one more run. From past few days my mind is foggy so I am not able to decide anything. I am unsure whether its vitamin deficiency or lack of sport. So this one is for mental recovery, in a hope that I will feel better.",2026-05-21_08-41-02_hk_1779345662.fit,824,2026-05-21T06:54:48.000Z,823.000,2207.7,148,198,82,2.657,29.33,50.823864,4.398462
2026-05-21,Running,Mental Recovery Run,"After a ten days pause in which I had so many downs including neck muscle spasm and tooth pain, I tried to finish one more run. From past few days my mind is foggy so I am not able to decide anything. I am unsure whether its vitamin deficiency or lack of sport. So this one is for mental recovery, in a hope that I will feel better.",2026-05-21_08-41-02_hk_1779345662.fit,825,2026-05-21T06:54:49.000Z,824.000,2210.22,148,200,82,2.669,29.33,50.823846,4.398498
2026-05-21,Running,Mental Recovery Run,"After a ten days pause in which I had so many downs including neck muscle spasm and tooth pain, I tried to finish one more run. From past few days my mind is foggy so I am not able to decide anything. I am unsure whether its vitamin deficiency or lack of sport. So this one is for mental recovery, in a hope that I will feel better.",2026-05-21_08-41-02_hk_1779345662.fit,826,2026-05-21T06:54:50.000Z,825.000,2213.31,148,200,82,2.712,29.33,50.823828,4.398516
2026-05-21,Running,Mental Recovery Run,"After a ten days pause in which I had so many downs including neck muscle spasm and tooth pain, I tried to finish one more run. From past few days my mind is foggy so I am not able to decide anything. I am unsure whether its vitamin deficiency or lack of sport. So this one is for mental recovery, in a hope that I will feel better.",2026-05-21_08-41-02_hk_1779345662.fit,827,2026-05-21T06:54:51.000Z,826.000,2216.4,148,197,82,2.694,29.33,50.82381,4.398534
2026-05-21,Running,Mental Recovery Run,"After a ten days pause in which I had so many downs including neck muscle spasm and tooth pain, I tried to finish one more run. From past few days my mind is foggy so I am not able to decide anything. I am unsure whether its vitamin deficiency or lack of sport. So this one is for mental recovery, in a hope that I will feel better.",2026-05-21_08-41-02_hk_1779345662.fit,828,2026-05-21T06:54:52.000Z,827.000,2218.5,148,197,82,2.665,29.34,50.823792,4.39857
2026-05-21,Running,Mental Recovery Run,"After a ten days pause in which I had so many downs including neck muscle spasm and tooth pain, I tried to finish one more run. From past few days my mind is foggy so I am not able to decide anything. I am unsure whether its vitamin deficiency or lack of sport. So this one is for mental recovery, in a hope that I will feel better.",2026-05-21_08-41-02_hk_1779345662.fit,829,2026-05-21T06:54:53.000Z,828.000,2220.6,148,197,82,2.598,29.34,50.823774,4.398588
2026-05-21,Running,Mental Recovery Run,"After a ten days pause in which I had so many downs including neck muscle spasm and tooth pain, I tried to finish one more run. From past few days my mind is foggy so I am not able to decide anything. I am unsure whether its vitamin deficiency or lack of sport. So this one is for mental recovery, in a hope that I will feel better.",2026-05-21_08-41-02_hk_1779345662.fit,830,2026-05-21T06:54:54.000Z,829.000,2222.7,148,200,79,2.639,29.34,50.823756,4.398606
2026-05-21,Running,Mental Recovery Run,"After a ten days pause in which I had so many downs including neck muscle spasm and tooth pain, I tried to finish one more run. From past few days my mind is foggy so I am not able to decide anything. I am unsure whether its vitamin deficiency or lack of sport. So this one is for mental recovery, in a hope that I will feel better.",2026-05-21_08-41-02_hk_1779345662.fit,831,2026-05-21T06:54:55.000Z,830.000,2226.35,148,200,79,2.728,29.34,50.823738,4.398642
2026-05-21,Running,Mental Recovery Run,"After a ten days pause in which I had so many downs including neck muscle spasm and tooth pain, I tried to finish one more run. From past few days my mind is foggy so I am not able to decide anything. I am unsure whether its vitamin deficiency or lack of sport. So this one is for mental recovery, in a hope that I will feel better.",2026-05-21_08-41-02_hk_1779345662.fit,832,2026-05-21T06:54:56.000Z,831.000,2230.01,148,201,79,2.734,29.34,50.82372,4.39866
2026-05-21,Running,Mental Recovery Run,"After a ten days pause in which I had so many downs including neck muscle spasm and tooth pain, I tried to finish one more run. From past few days my mind is foggy so I am not able to decide anything. I am unsure whether its vitamin deficiency or lack of sport. So this one is for mental recovery, in a hope that I will feel better.",2026-05-21_08-41-02_hk_1779345662.fit,833,2026-05-21T06:54:57.000Z,832.000,2232.48,148,201,79,2.678,29.34,50.823702,4.398696
2026-05-21,Running,Mental Recovery Run,"After a ten days pause in which I had so many downs including neck muscle spasm and tooth pain, I tried to finish one more run. From past few days my mind is foggy so I am not able to decide anything. I am unsure whether its vitamin deficiency or lack of sport. So this one is for mental recovery, in a hope that I will feel better.",2026-05-21_08-41-02_hk_1779345662.fit,834,2026-05-21T06:54:58.000Z,833.000,2234.94,148,201,79,2.684,29.34,50.823666,4.398714
2026-05-21,Running,Mental Recovery Run,"After a ten days pause in which I had so many downs including neck muscle spasm and tooth pain, I tried to finish one more run. From past few days my mind is foggy so I am not able to decide anything. I am unsure whether its vitamin deficiency or lack of sport. So this one is for mental recovery, in a hope that I will feel better.",2026-05-21_08-41-02_hk_1779345662.fit,835,2026-05-21T06:54:59.000Z,834.000,2237.4,148,203,79,2.69,29.34,50.823648,4.39875
2026-05-21,Running,Mental Recovery Run,"After a ten days pause in which I had so many downs including neck muscle spasm and tooth pain, I tried to finish one more run. From past few days my mind is foggy so I am not able to decide anything. I am unsure whether its vitamin deficiency or lack of sport. So this one is for mental recovery, in a hope that I will feel better.",2026-05-21_08-41-02_hk_1779345662.fit,836,2026-05-21T06:55:00.000Z,835.000,2241.11,148,203,79,2.762,29.35,50.82363,4.398768
2026-05-21,Running,Mental Recovery Run,"After a ten days pause in which I had so many downs including neck muscle spasm and tooth pain, I tried to finish one more run. From past few days my mind is foggy so I am not able to decide anything. I am unsure whether its vitamin deficiency or lack of sport. So this one is for mental recovery, in a hope that I will feel better.",2026-05-21_08-41-02_hk_1779345662.fit,837,2026-05-21T06:55:01.000Z,836.000,2244.82,148,203,79,2.774,29.35,50.823612,4.398804
2026-05-21,Running,Mental Recovery Run,"After a ten days pause in which I had so many downs including neck muscle spasm and tooth pain, I tried to finish one more run. From past few days my mind is foggy so I am not able to decide anything. I am unsure whether its vitamin deficiency or lack of sport. So this one is for mental recovery, in a hope that I will feel better.",2026-05-21_08-41-02_hk_1779345662.fit,838,2026-05-21T06:55:02.000Z,837.000,2247.11,148,203,79,2.713,29.35,50.823594,4.398822
2026-05-21,Running,Mental Recovery Run,"After a ten days pause in which I had so many downs including neck muscle spasm and tooth pain, I tried to finish one more run. From past few days my mind is foggy so I am not able to decide anything. I am unsure whether its vitamin deficiency or lack of sport. So this one is for mental recovery, in a hope that I will feel better.",2026-05-21_08-41-02_hk_1779345662.fit,839,2026-05-21T06:55:03.000Z,838.000,2249.4,148,203,81,2.709,29.35,50.823576,4.39884
2026-05-21,Running,Mental Recovery Run,"After a ten days pause in which I had so many downs including neck muscle spasm and tooth pain, I tried to finish one more run. From past few days my mind is foggy so I am not able to decide anything. I am unsure whether its vitamin deficiency or lack of sport. So this one is for mental recovery, in a hope that I will feel better.",2026-05-21_08-41-02_hk_1779345662.fit,840,2026-05-21T06:55:04.000Z,839.000,2251.69,148,203,81,2.705,29.35,50.823558,4.398858
2026-05-21,Running,Mental Recovery Run,"After a ten days pause in which I had so many downs including neck muscle spasm and tooth pain, I tried to finish one more run. From past few days my mind is foggy so I am not able to decide anything. I am unsure whether its vitamin deficiency or lack of sport. So this one is for mental recovery, in a hope that I will feel better.",2026-05-21_08-41-02_hk_1779345662.fit,841,2026-05-21T06:55:05.000Z,840.000,2254.38,148,203,81,2.722,29.35,50.82354,4.398894
2026-05-21,Running,Mental Recovery Run,"After a ten days pause in which I had so many downs including neck muscle spasm and tooth pain, I tried to finish one more run. From past few days my mind is foggy so I am not able to decide anything. I am unsure whether its vitamin deficiency or lack of sport. So this one is for mental recovery, in a hope that I will feel better.",2026-05-21_08-41-02_hk_1779345662.fit,842,2026-05-21T06:55:06.000Z,841.000,2257.06,148,203,82,2.731,29.35,50.823522,4.398912
2026-05-21,Running,Mental Recovery Run,"After a ten days pause in which I had so many downs including neck muscle spasm and tooth pain, I tried to finish one more run. From past few days my mind is foggy so I am not able to decide anything. I am unsure whether its vitamin deficiency or lack of sport. So this one is for mental recovery, in a hope that I will feel better.",2026-05-21_08-41-02_hk_1779345662.fit,843,2026-05-21T06:55:07.000Z,842.000,2259.75,148,206,82,2.74,29.36,50.823504,4.398948
2026-05-21,Running,Mental Recovery Run,"After a ten days pause in which I had so many downs including neck muscle spasm and tooth pain, I tried to finish one more run. From past few days my mind is foggy so I am not able to decide anything. I am unsure whether its vitamin deficiency or lack of sport. So this one is for mental recovery, in a hope that I will feel better.",2026-05-21_08-41-02_hk_1779345662.fit,844,2026-05-21T06:55:08.000Z,843.000,2263.43,148,206,82,2.785,29.36,50.823486,4.398984
2026-05-21,Running,Mental Recovery Run,"After a ten days pause in which I had so many downs including neck muscle spasm and tooth pain, I tried to finish one more run. From past few days my mind is foggy so I am not able to decide anything. I am unsure whether its vitamin deficiency or lack of sport. So this one is for mental recovery, in a hope that I will feel better.",2026-05-21_08-41-02_hk_1779345662.fit,845,2026-05-21T06:55:09.000Z,844.000,2267.11,148,208,82,2.817,29.36,50.823486,4.399002
2026-05-21,Running,Mental Recovery Run,"After a ten days pause in which I had so many downs including neck muscle spasm and tooth pain, I tried to finish one more run. From past few days my mind is foggy so I am not able to decide anything. I am unsure whether its vitamin deficiency or lack of sport. So this one is for mental recovery, in a hope that I will feel better.",2026-05-21_08-41-02_hk_1779345662.fit,846,2026-05-21T06:55:10.000Z,845.000,2269,148,208,82,2.806,29.36,50.823468,4.399038
2026-05-21,Running,Mental Recovery Run,"After a ten days pause in which I had so many downs including neck muscle spasm and tooth pain, I tried to finish one more run. From past few days my mind is foggy so I am not able to decide anything. I am unsure whether its vitamin deficiency or lack of sport. So this one is for mental recovery, in a hope that I will feel better.",2026-05-21_08-41-02_hk_1779345662.fit,847,2026-05-21T06:55:11.000Z,846.000,2270.89,148,208,82,2.794,29.36,50.82345,4.399056
2026-05-21,Running,Mental Recovery Run,"After a ten days pause in which I had so many downs including neck muscle spasm and tooth pain, I tried to finish one more run. From past few days my mind is foggy so I am not able to decide anything. I am unsure whether its vitamin deficiency or lack of sport. So this one is for mental recovery, in a hope that I will feel better.",2026-05-21_08-41-02_hk_1779345662.fit,848,2026-05-21T06:55:12.000Z,847.000,2272.78,148,206,79,2.782,29.36,50.823432,4.399092
2026-05-21,Running,Mental Recovery Run,"After a ten days pause in which I had so many downs including neck muscle spasm and tooth pain, I tried to finish one more run. From past few days my mind is foggy so I am not able to decide anything. I am unsure whether its vitamin deficiency or lack of sport. So this one is for mental recovery, in a hope that I will feel better.",2026-05-21_08-41-02_hk_1779345662.fit,849,2026-05-21T06:55:13.000Z,848.000,2275.97,148,206,79,2.804,29.36,50.823414,4.39911
2026-05-21,Running,Mental Recovery Run,"After a ten days pause in which I had so many downs including neck muscle spasm and tooth pain, I tried to finish one more run. From past few days my mind is foggy so I am not able to decide anything. I am unsure whether its vitamin deficiency or lack of sport. So this one is for mental recovery, in a hope that I will feel better.",2026-05-21_08-41-02_hk_1779345662.fit,850,2026-05-21T06:55:14.000Z,849.000,2279.17,148,204,79,2.78,29.36,50.823396,4.399128
2026-05-21,Running,Mental Recovery Run,"After a ten days pause in which I had so many downs including neck muscle spasm and tooth pain, I tried to finish one more run. From past few days my mind is foggy so I am not able to decide anything. I am unsure whether its vitamin deficiency or lack of sport. So this one is for mental recovery, in a hope that I will feel better.",2026-05-21_08-41-02_hk_1779345662.fit,851,2026-05-21T06:55:15.000Z,850.000,2281.03,148,204,79,2.685,29.36,50.823378,4.399146
2026-05-21,Running,Mental Recovery Run,"After a ten days pause in which I had so many downs including neck muscle spasm and tooth pain, I tried to finish one more run. From past few days my mind is foggy so I am not able to decide anything. I am unsure whether its vitamin deficiency or lack of sport. So this one is for mental recovery, in a hope that I will feel better.",2026-05-21_08-41-02_hk_1779345662.fit,852,2026-05-21T06:55:16.000Z,851.000,2282.88,148,204,79,2.653,29.36,50.82336,4.399182
2026-05-21,Running,Mental Recovery Run,"After a ten days pause in which I had so many downs including neck muscle spasm and tooth pain, I tried to finish one more run. From past few days my mind is foggy so I am not able to decide anything. I am unsure whether its vitamin deficiency or lack of sport. So this one is for mental recovery, in a hope that I will feel better.",2026-05-21_08-41-02_hk_1779345662.fit,853,2026-05-21T06:55:17.000Z,852.000,2284.74,148,200,79,2.613,29.35,50.823342,4.3992
2026-05-21,Running,Mental Recovery Run,"After a ten days pause in which I had so many downs including neck muscle spasm and tooth pain, I tried to finish one more run. From past few days my mind is foggy so I am not able to decide anything. I am unsure whether its vitamin deficiency or lack of sport. So this one is for mental recovery, in a hope that I will feel better.",2026-05-21_08-41-02_hk_1779345662.fit,854,2026-05-21T06:55:18.000Z,853.000,2288.53,148,200,79,2.691,29.34,50.823324,4.399218
2026-05-21,Running,Mental Recovery Run,"After a ten days pause in which I had so many downs including neck muscle spasm and tooth pain, I tried to finish one more run. From past few days my mind is foggy so I am not able to decide anything. I am unsure whether its vitamin deficiency or lack of sport. So this one is for mental recovery, in a hope that I will feel better.",2026-05-21_08-41-02_hk_1779345662.fit,855,2026-05-21T06:55:19.000Z,854.000,2292.33,148,201,79,2.696,29.33,50.823306,4.399236
2026-05-21,Running,Mental Recovery Run,"After a ten days pause in which I had so many downs including neck muscle spasm and tooth pain, I tried to finish one more run. From past few days my mind is foggy so I am not able to decide anything. I am unsure whether its vitamin deficiency or lack of sport. So this one is for mental recovery, in a hope that I will feel better.",2026-05-21_08-41-02_hk_1779345662.fit,856,2026-05-21T06:55:20.000Z,855.000,2294.31,148,201,79,2.66,29.31,50.823288,4.399272
2026-05-21,Running,Mental Recovery Run,"After a ten days pause in which I had so many downs including neck muscle spasm and tooth pain, I tried to finish one more run. From past few days my mind is foggy so I am not able to decide anything. I am unsure whether its vitamin deficiency or lack of sport. So this one is for mental recovery, in a hope that I will feel better.",2026-05-21_08-41-02_hk_1779345662.fit,857,2026-05-21T06:55:21.000Z,856.000,2296.29,148,201,79,2.573,29.29,50.82327,4.39929
2026-05-21,Running,Mental Recovery Run,"After a ten days pause in which I had so many downs including neck muscle spasm and tooth pain, I tried to finish one more run. From past few days my mind is foggy so I am not able to decide anything. I am unsure whether its vitamin deficiency or lack of sport. So this one is for mental recovery, in a hope that I will feel better.",2026-05-21_08-41-02_hk_1779345662.fit,858,2026-05-21T06:55:22.000Z,857.000,2298.27,148,199,79,2.558,29.26,50.82327,4.399308
2026-05-21,Running,Mental Recovery Run,"After a ten days pause in which I had so many downs including neck muscle spasm and tooth pain, I tried to finish one more run. From past few days my mind is foggy so I am not able to decide anything. I am unsure whether its vitamin deficiency or lack of sport. So this one is for mental recovery, in a hope that I will feel better.",2026-05-21_08-41-02_hk_1779345662.fit,859,2026-05-21T06:55:23.000Z,858.000,2299.2,148,199,79,2.481,29.23,50.823252,4.399326
2026-05-21,Running,Mental Recovery Run,"After a ten days pause in which I had so many downs including neck muscle spasm and tooth pain, I tried to finish one more run. From past few days my mind is foggy so I am not able to decide anything. I am unsure whether its vitamin deficiency or lack of sport. So this one is for mental recovery, in a hope that I will feel better.",2026-05-21_08-41-02_hk_1779345662.fit,860,2026-05-21T06:55:24.000Z,859.000,2300.13,148,181,74,2.416,29.19,50.823252,4.399344
2026-05-21,Running,Mental Recovery Run,"After a ten days pause in which I had so many downs including neck muscle spasm and tooth pain, I tried to finish one more run. From past few days my mind is foggy so I am not able to decide anything. I am unsure whether its vitamin deficiency or lack of sport. So this one is for mental recovery, in a hope that I will feel better.",2026-05-21_08-41-02_hk_1779345662.fit,861,2026-05-21T06:55:25.000Z,860.000,42949672.95,148,181,74,65.535,29.16,50.823234,4.399362
2026-05-21,Running,Mental Recovery Run,"After a ten days pause in which I had so many downs including neck muscle spasm and tooth pain, I tried to finish one more run. From past few days my mind is foggy so I am not able to decide anything. I am unsure whether its vitamin deficiency or lack of sport. So this one is for mental recovery, in a hope that I will feel better.",2026-05-21_08-41-02_hk_1779345662.fit,862,2026-05-21T06:55:26.000Z,861.000,42949672.95,148,181,74,65.535,29.12,50.823234,4.399362