workout_date,workout_type,title,notes,source_file,record_index,timestamp,elapsed_seconds,distance_m,heart_rate,power,cadence,speed,altitude,latitude,longitude
2026-04-25,Running,Morning Jog,Morning jog on Saturday as I could not manage it during weekdays. I am still in two weeks timeline to practice short runs. My plan is to ramp up the distance gradually. Overall feel good after the run but also bit sleepy and more hungry.,2026-04-25_09-17-53_hk_1777101473.fit,1,2026-04-25T07:17:54.000Z,0.000,1,,,,,29.71,50.820444,4.403088
2026-04-25,Running,Morning Jog,Morning jog on Saturday as I could not manage it during weekdays. I am still in two weeks timeline to practice short runs. My plan is to ramp up the distance gradually. Overall feel good after the run but also bit sleepy and more hungry.,2026-04-25_09-17-53_hk_1777101473.fit,2,2026-04-25T07:17:55.000Z,1.000,2.14,,,,,29.71,50.820426,4.403106
2026-04-25,Running,Morning Jog,Morning jog on Saturday as I could not manage it during weekdays. I am still in two weeks timeline to practice short runs. My plan is to ramp up the distance gradually. Overall feel good after the run but also bit sleepy and more hungry.,2026-04-25_09-17-53_hk_1777101473.fit,3,2026-04-25T07:17:56.000Z,2.000,3.29,,,,,29.71,50.820426,4.403106
2026-04-25,Running,Morning Jog,Morning jog on Saturday as I could not manage it during weekdays. I am still in two weeks timeline to practice short runs. My plan is to ramp up the distance gradually. Overall feel good after the run but also bit sleepy and more hungry.,2026-04-25_09-17-53_hk_1777101473.fit,4,2026-04-25T07:17:57.000Z,3.000,4.43,,,,,29.72,50.820426,4.403106
2026-04-25,Running,Morning Jog,Morning jog on Saturday as I could not manage it during weekdays. I am still in two weeks timeline to practice short runs. My plan is to ramp up the distance gradually. Overall feel good after the run but also bit sleepy and more hungry.,2026-04-25_09-17-53_hk_1777101473.fit,5,2026-04-25T07:17:58.000Z,4.000,5.58,,,,,29.74,50.820426,4.403106
2026-04-25,Running,Morning Jog,Morning jog on Saturday as I could not manage it during weekdays. I am still in two weeks timeline to practice short runs. My plan is to ramp up the distance gradually. Overall feel good after the run but also bit sleepy and more hungry.,2026-04-25_09-17-53_hk_1777101473.fit,6,2026-04-25T07:17:59.000Z,5.000,6.72,,,,,29.76,50.820408,4.403124
2026-04-25,Running,Morning Jog,Morning jog on Saturday as I could not manage it during weekdays. I am still in two weeks timeline to practice short runs. My plan is to ramp up the distance gradually. Overall feel good after the run but also bit sleepy and more hungry.,2026-04-25_09-17-53_hk_1777101473.fit,7,2026-04-25T07:18:00.000Z,6.000,7.87,,,,,29.78,50.82039,4.403124
2026-04-25,Running,Morning Jog,Morning jog on Saturday as I could not manage it during weekdays. I am still in two weeks timeline to practice short runs. My plan is to ramp up the distance gradually. Overall feel good after the run but also bit sleepy and more hungry.,2026-04-25_09-17-53_hk_1777101473.fit,8,2026-04-25T07:18:01.000Z,7.000,9.01,,85,,,29.79,50.82039,4.403142
2026-04-25,Running,Morning Jog,Morning jog on Saturday as I could not manage it during weekdays. I am still in two weeks timeline to practice short runs. My plan is to ramp up the distance gradually. Overall feel good after the run but also bit sleepy and more hungry.,2026-04-25_09-17-53_hk_1777101473.fit,9,2026-04-25T07:18:02.000Z,8.000,12.03,,85,105,,29.81,50.820372,4.403142
2026-04-25,Running,Morning Jog,Morning jog on Saturday as I could not manage it during weekdays. I am still in two weeks timeline to practice short runs. My plan is to ramp up the distance gradually. Overall feel good after the run but also bit sleepy and more hungry.,2026-04-25_09-17-53_hk_1777101473.fit,10,2026-04-25T07:18:03.000Z,9.000,15.04,,107,105,,29.82,50.820354,4.403142
2026-04-25,Running,Morning Jog,Morning jog on Saturday as I could not manage it during weekdays. I am still in two weeks timeline to practice short runs. My plan is to ramp up the distance gradually. Overall feel good after the run but also bit sleepy and more hungry.,2026-04-25_09-17-53_hk_1777101473.fit,11,2026-04-25T07:18:04.000Z,10.000,16.89,,107,105,,29.83,50.820336,4.40316
2026-04-25,Running,Morning Jog,Morning jog on Saturday as I could not manage it during weekdays. I am still in two weeks timeline to practice short runs. My plan is to ramp up the distance gradually. Overall feel good after the run but also bit sleepy and more hungry.,2026-04-25_09-17-53_hk_1777101473.fit,12,2026-04-25T07:18:05.000Z,11.000,18.74,,107,92,,29.83,50.8203,4.40316
2026-04-25,Running,Morning Jog,Morning jog on Saturday as I could not manage it during weekdays. I am still in two weeks timeline to practice short runs. My plan is to ramp up the distance gradually. Overall feel good after the run but also bit sleepy and more hungry.,2026-04-25_09-17-53_hk_1777101473.fit,13,2026-04-25T07:18:06.000Z,12.000,20.59,,167,92,,29.84,50.820282,4.403178
2026-04-25,Running,Morning Jog,Morning jog on Saturday as I could not manage it during weekdays. I am still in two weeks timeline to practice short runs. My plan is to ramp up the distance gradually. Overall feel good after the run but also bit sleepy and more hungry.,2026-04-25_09-17-53_hk_1777101473.fit,14,2026-04-25T07:18:07.000Z,13.000,23.41,,167,92,,29.84,50.820264,4.403196
2026-04-25,Running,Morning Jog,Morning jog on Saturday as I could not manage it during weekdays. I am still in two weeks timeline to practice short runs. My plan is to ramp up the distance gradually. Overall feel good after the run but also bit sleepy and more hungry.,2026-04-25_09-17-53_hk_1777101473.fit,15,2026-04-25T07:18:08.000Z,14.000,26.24,,146,88,,29.85,50.820228,4.403214
2026-04-25,Running,Morning Jog,Morning jog on Saturday as I could not manage it during weekdays. I am still in two weeks timeline to practice short runs. My plan is to ramp up the distance gradually. Overall feel good after the run but also bit sleepy and more hungry.,2026-04-25_09-17-53_hk_1777101473.fit,16,2026-04-25T07:18:09.000Z,15.000,28.12,,146,88,,29.85,50.82021,4.403232
2026-04-25,Running,Morning Jog,Morning jog on Saturday as I could not manage it during weekdays. I am still in two weeks timeline to practice short runs. My plan is to ramp up the distance gradually. Overall feel good after the run but also bit sleepy and more hungry.,2026-04-25_09-17-53_hk_1777101473.fit,17,2026-04-25T07:18:10.000Z,16.000,30,,146,88,,29.85,50.820192,4.40325
2026-04-25,Running,Morning Jog,Morning jog on Saturday as I could not manage it during weekdays. I am still in two weeks timeline to practice short runs. My plan is to ramp up the distance gradually. Overall feel good after the run but also bit sleepy and more hungry.,2026-04-25_09-17-53_hk_1777101473.fit,18,2026-04-25T07:18:11.000Z,17.000,31.88,,147,79,,29.86,50.820174,4.40325
2026-04-25,Running,Morning Jog,Morning jog on Saturday as I could not manage it during weekdays. I am still in two weeks timeline to practice short runs. My plan is to ramp up the distance gradually. Overall feel good after the run but also bit sleepy and more hungry.,2026-04-25_09-17-53_hk_1777101473.fit,19,2026-04-25T07:18:12.000Z,18.000,33.71,,147,79,,29.86,50.820156,4.403268
2026-04-25,Running,Morning Jog,Morning jog on Saturday as I could not manage it during weekdays. I am still in two weeks timeline to practice short runs. My plan is to ramp up the distance gradually. Overall feel good after the run but also bit sleepy and more hungry.,2026-04-25_09-17-53_hk_1777101473.fit,20,2026-04-25T07:18:13.000Z,19.000,35.53,,147,79,,29.86,50.82012,4.403268
2026-04-25,Running,Morning Jog,Morning jog on Saturday as I could not manage it during weekdays. I am still in two weeks timeline to practice short runs. My plan is to ramp up the distance gradually. Overall feel good after the run but also bit sleepy and more hungry.,2026-04-25_09-17-53_hk_1777101473.fit,21,2026-04-25T07:18:14.000Z,20.000,37.36,,153,77,,29.87,50.820102,4.403286
2026-04-25,Running,Morning Jog,Morning jog on Saturday as I could not manage it during weekdays. I am still in two weeks timeline to practice short runs. My plan is to ramp up the distance gradually. Overall feel good after the run but also bit sleepy and more hungry.,2026-04-25_09-17-53_hk_1777101473.fit,22,2026-04-25T07:18:15.000Z,21.000,40.88,,153,77,,29.87,50.820084,4.403304
2026-04-25,Running,Morning Jog,Morning jog on Saturday as I could not manage it during weekdays. I am still in two weeks timeline to practice short runs. My plan is to ramp up the distance gradually. Overall feel good after the run but also bit sleepy and more hungry.,2026-04-25_09-17-53_hk_1777101473.fit,23,2026-04-25T07:18:16.000Z,22.000,44.4,,160,77,,29.87,50.820048,4.403322
2026-04-25,Running,Morning Jog,Morning jog on Saturday as I could not manage it during weekdays. I am still in two weeks timeline to practice short runs. My plan is to ramp up the distance gradually. Overall feel good after the run but also bit sleepy and more hungry.,2026-04-25_09-17-53_hk_1777101473.fit,24,2026-04-25T07:18:17.000Z,23.000,46.35,,160,78,,29.88,50.82003,4.403358
2026-04-25,Running,Morning Jog,Morning jog on Saturday as I could not manage it during weekdays. I am still in two weeks timeline to practice short runs. My plan is to ramp up the distance gradually. Overall feel good after the run but also bit sleepy and more hungry.,2026-04-25_09-17-53_hk_1777101473.fit,25,2026-04-25T07:18:18.000Z,24.000,48.3,,160,78,,29.88,50.819994,4.403376
2026-04-25,Running,Morning Jog,Morning jog on Saturday as I could not manage it during weekdays. I am still in two weeks timeline to practice short runs. My plan is to ramp up the distance gradually. Overall feel good after the run but also bit sleepy and more hungry.,2026-04-25_09-17-53_hk_1777101473.fit,26,2026-04-25T07:18:19.000Z,25.000,50.25,,180,78,,29.88,50.819976,4.403394
2026-04-25,Running,Morning Jog,Morning jog on Saturday as I could not manage it during weekdays. I am still in two weeks timeline to practice short runs. My plan is to ramp up the distance gradually. Overall feel good after the run but also bit sleepy and more hungry.,2026-04-25_09-17-53_hk_1777101473.fit,27,2026-04-25T07:18:20.000Z,26.000,53.34,,180,76,2.086,29.88,50.819958,4.403412
2026-04-25,Running,Morning Jog,Morning jog on Saturday as I could not manage it during weekdays. I am still in two weeks timeline to practice short runs. My plan is to ramp up the distance gradually. Overall feel good after the run but also bit sleepy and more hungry.,2026-04-25_09-17-53_hk_1777101473.fit,28,2026-04-25T07:18:21.000Z,27.000,56.44,,178,76,2.211,29.89,50.819922,4.403412
2026-04-25,Running,Morning Jog,Morning jog on Saturday as I could not manage it during weekdays. I am still in two weeks timeline to practice short runs. My plan is to ramp up the distance gradually. Overall feel good after the run but also bit sleepy and more hungry.,2026-04-25_09-17-53_hk_1777101473.fit,29,2026-04-25T07:18:22.000Z,28.000,58.13,,178,76,2.285,29.89,50.819904,4.40343
2026-04-25,Running,Morning Jog,Morning jog on Saturday as I could not manage it during weekdays. I am still in two weeks timeline to practice short runs. My plan is to ramp up the distance gradually. Overall feel good after the run but also bit sleepy and more hungry.,2026-04-25_09-17-53_hk_1777101473.fit,30,2026-04-25T07:18:23.000Z,29.000,59.82,,178,76,2.31,29.89,50.819886,4.40343
2026-04-25,Running,Morning Jog,Morning jog on Saturday as I could not manage it during weekdays. I am still in two weeks timeline to practice short runs. My plan is to ramp up the distance gradually. Overall feel good after the run but also bit sleepy and more hungry.,2026-04-25_09-17-53_hk_1777101473.fit,31,2026-04-25T07:18:24.000Z,30.000,61.52,,175,76,2.283,29.89,50.819868,4.40343
2026-04-25,Running,Morning Jog,Morning jog on Saturday as I could not manage it during weekdays. I am still in two weeks timeline to practice short runs. My plan is to ramp up the distance gradually. Overall feel good after the run but also bit sleepy and more hungry.,2026-04-25_09-17-53_hk_1777101473.fit,32,2026-04-25T07:18:25.000Z,31.000,64.99,,175,76,2.303,29.9,50.819832,4.40343
2026-04-25,Running,Morning Jog,Morning jog on Saturday as I could not manage it during weekdays. I am still in two weeks timeline to practice short runs. My plan is to ramp up the distance gradually. Overall feel good after the run but also bit sleepy and more hungry.,2026-04-25_09-17-53_hk_1777101473.fit,33,2026-04-25T07:18:26.000Z,32.000,68.47,,174,76,2.344,29.9,50.819814,4.40343
2026-04-25,Running,Morning Jog,Morning jog on Saturday as I could not manage it during weekdays. I am still in two weeks timeline to practice short runs. My plan is to ramp up the distance gradually. Overall feel good after the run but also bit sleepy and more hungry.,2026-04-25_09-17-53_hk_1777101473.fit,34,2026-04-25T07:18:27.000Z,33.000,70.48,,174,76,2.351,29.9,50.819796,4.40343
2026-04-25,Running,Morning Jog,Morning jog on Saturday as I could not manage it during weekdays. I am still in two weeks timeline to practice short runs. My plan is to ramp up the distance gradually. Overall feel good after the run but also bit sleepy and more hungry.,2026-04-25_09-17-53_hk_1777101473.fit,35,2026-04-25T07:18:28.000Z,34.000,72.48,,174,76,2.359,29.9,50.819778,4.40343
2026-04-25,Running,Morning Jog,Morning jog on Saturday as I could not manage it during weekdays. I am still in two weeks timeline to practice short runs. My plan is to ramp up the distance gradually. Overall feel good after the run but also bit sleepy and more hungry.,2026-04-25_09-17-53_hk_1777101473.fit,36,2026-04-25T07:18:29.000Z,35.000,74.49,,171,76,2.322,29.9,50.81976,4.403412
2026-04-25,Running,Morning Jog,Morning jog on Saturday as I could not manage it during weekdays. I am still in two weeks timeline to practice short runs. My plan is to ramp up the distance gradually. Overall feel good after the run but also bit sleepy and more hungry.,2026-04-25_09-17-53_hk_1777101473.fit,37,2026-04-25T07:18:30.000Z,36.000,78.3,,171,76,2.39,29.91,50.819724,4.403412
2026-04-25,Running,Morning Jog,Morning jog on Saturday as I could not manage it during weekdays. I am still in two weeks timeline to practice short runs. My plan is to ramp up the distance gradually. Overall feel good after the run but also bit sleepy and more hungry.,2026-04-25_09-17-53_hk_1777101473.fit,38,2026-04-25T07:18:31.000Z,37.000,82.1,,173,76,2.511,29.91,50.819706,4.403412
2026-04-25,Running,Morning Jog,Morning jog on Saturday as I could not manage it during weekdays. I am still in two weeks timeline to practice short runs. My plan is to ramp up the distance gradually. Overall feel good after the run but also bit sleepy and more hungry.,2026-04-25_09-17-53_hk_1777101473.fit,39,2026-04-25T07:18:32.000Z,38.000,84.07,,173,77,2.518,29.91,50.819688,4.403412
2026-04-25,Running,Morning Jog,Morning jog on Saturday as I could not manage it during weekdays. I am still in two weeks timeline to practice short runs. My plan is to ramp up the distance gradually. Overall feel good after the run but also bit sleepy and more hungry.,2026-04-25_09-17-53_hk_1777101473.fit,40,2026-04-25T07:18:33.000Z,39.000,86.03,,173,77,2.525,29.91,50.819652,4.403412
2026-04-25,Running,Morning Jog,Morning jog on Saturday as I could not manage it during weekdays. I am still in two weeks timeline to practice short runs. My plan is to ramp up the distance gradually. Overall feel good after the run but also bit sleepy and more hungry.,2026-04-25_09-17-53_hk_1777101473.fit,41,2026-04-25T07:18:34.000Z,40.000,88,,170,77,2.532,29.91,50.819634,4.403412
2026-04-25,Running,Morning Jog,Morning jog on Saturday as I could not manage it during weekdays. I am still in two weeks timeline to practice short runs. My plan is to ramp up the distance gradually. Overall feel good after the run but also bit sleepy and more hungry.,2026-04-25_09-17-53_hk_1777101473.fit,42,2026-04-25T07:18:35.000Z,41.000,89.93,,170,78,2.504,29.91,50.819616,4.403412
2026-04-25,Running,Morning Jog,Morning jog on Saturday as I could not manage it during weekdays. I am still in two weeks timeline to practice short runs. My plan is to ramp up the distance gradually. Overall feel good after the run but also bit sleepy and more hungry.,2026-04-25_09-17-53_hk_1777101473.fit,43,2026-04-25T07:18:36.000Z,42.000,91.87,,170,78,2.428,29.91,50.819598,4.403394
2026-04-25,Running,Morning Jog,Morning jog on Saturday as I could not manage it during weekdays. I am still in two weeks timeline to practice short runs. My plan is to ramp up the distance gradually. Overall feel good after the run but also bit sleepy and more hungry.,2026-04-25_09-17-53_hk_1777101473.fit,44,2026-04-25T07:18:37.000Z,43.000,93.81,,170,78,2.406,29.91,50.81958,4.403394
2026-04-25,Running,Morning Jog,Morning jog on Saturday as I could not manage it during weekdays. I am still in two weeks timeline to practice short runs. My plan is to ramp up the distance gradually. Overall feel good after the run but also bit sleepy and more hungry.,2026-04-25_09-17-53_hk_1777101473.fit,45,2026-04-25T07:18:38.000Z,44.000,97.71,,170,78,2.446,29.91,50.819544,4.403394
2026-04-25,Running,Morning Jog,Morning jog on Saturday as I could not manage it during weekdays. I am still in two weeks timeline to practice short runs. My plan is to ramp up the distance gradually. Overall feel good after the run but also bit sleepy and more hungry.,2026-04-25_09-17-53_hk_1777101473.fit,46,2026-04-25T07:18:39.000Z,45.000,101.61,,175,78,2.568,29.91,50.819526,4.403394
2026-04-25,Running,Morning Jog,Morning jog on Saturday as I could not manage it during weekdays. I am still in two weeks timeline to practice short runs. My plan is to ramp up the distance gradually. Overall feel good after the run but also bit sleepy and more hungry.,2026-04-25_09-17-53_hk_1777101473.fit,47,2026-04-25T07:18:40.000Z,46.000,103.75,,175,78,2.52,29.91,50.819508,4.403394
2026-04-25,Running,Morning Jog,Morning jog on Saturday as I could not manage it during weekdays. I am still in two weeks timeline to practice short runs. My plan is to ramp up the distance gradually. Overall feel good after the run but also bit sleepy and more hungry.,2026-04-25_09-17-53_hk_1777101473.fit,48,2026-04-25T07:18:41.000Z,47.000,105.88,,175,79,2.502,29.91,50.819472,4.403394
2026-04-25,Running,Morning Jog,Morning jog on Saturday as I could not manage it during weekdays. I am still in two weeks timeline to practice short runs. My plan is to ramp up the distance gradually. Overall feel good after the run but also bit sleepy and more hungry.,2026-04-25_09-17-53_hk_1777101473.fit,49,2026-04-25T07:18:42.000Z,48.000,108.01,,175,79,2.456,29.91,50.819454,4.403394
2026-04-25,Running,Morning Jog,Morning jog on Saturday as I could not manage it during weekdays. I am still in two weeks timeline to practice short runs. My plan is to ramp up the distance gradually. Overall feel good after the run but also bit sleepy and more hungry.,2026-04-25_09-17-53_hk_1777101473.fit,50,2026-04-25T07:18:43.000Z,49.000,110.55,,175,79,2.536,29.91,50.819436,4.403376
2026-04-25,Running,Morning Jog,Morning jog on Saturday as I could not manage it during weekdays. I am still in two weeks timeline to practice short runs. My plan is to ramp up the distance gradually. Overall feel good after the run but also bit sleepy and more hungry.,2026-04-25_09-17-53_hk_1777101473.fit,51,2026-04-25T07:18:44.000Z,50.000,113.08,,174,76,2.578,29.91,50.819418,4.403376
2026-04-25,Running,Morning Jog,Morning jog on Saturday as I could not manage it during weekdays. I am still in two weeks timeline to practice short runs. My plan is to ramp up the distance gradually. Overall feel good after the run but also bit sleepy and more hungry.,2026-04-25_09-17-53_hk_1777101473.fit,52,2026-04-25T07:18:45.000Z,51.000,115.41,,174,76,2.521,29.9,50.8194,4.403376
2026-04-25,Running,Morning Jog,Morning jog on Saturday as I could not manage it during weekdays. I am still in two weeks timeline to practice short runs. My plan is to ramp up the distance gradually. Overall feel good after the run but also bit sleepy and more hungry.,2026-04-25_09-17-53_hk_1777101473.fit,53,2026-04-25T07:18:46.000Z,52.000,117.73,,174,76,2.512,29.9,50.819364,4.403376
2026-04-25,Running,Morning Jog,Morning jog on Saturday as I could not manage it during weekdays. I am still in two weeks timeline to practice short runs. My plan is to ramp up the distance gradually. Overall feel good after the run but also bit sleepy and more hungry.,2026-04-25_09-17-53_hk_1777101473.fit,54,2026-04-25T07:18:47.000Z,53.000,120.06,,175,79,2.457,29.9,50.819346,4.403376
2026-04-25,Running,Morning Jog,Morning jog on Saturday as I could not manage it during weekdays. I am still in two weeks timeline to practice short runs. My plan is to ramp up the distance gradually. Overall feel good after the run but also bit sleepy and more hungry.,2026-04-25_09-17-53_hk_1777101473.fit,55,2026-04-25T07:18:48.000Z,54.000,123.28,,175,79,2.54,29.9,50.819328,4.403358
2026-04-25,Running,Morning Jog,Morning jog on Saturday as I could not manage it during weekdays. I am still in two weeks timeline to practice short runs. My plan is to ramp up the distance gradually. Overall feel good after the run but also bit sleepy and more hungry.,2026-04-25_09-17-53_hk_1777101473.fit,56,2026-04-25T07:18:49.000Z,55.000,126.5,,175,79,2.6,29.9,50.81931,4.403358
2026-04-25,Running,Morning Jog,Morning jog on Saturday as I could not manage it during weekdays. I am still in two weeks timeline to practice short runs. My plan is to ramp up the distance gradually. Overall feel good after the run but also bit sleepy and more hungry.,2026-04-25_09-17-53_hk_1777101473.fit,57,2026-04-25T07:18:50.000Z,56.000,128.8,,175,78,2.525,29.9,50.819274,4.40334
2026-04-25,Running,Morning Jog,Morning jog on Saturday as I could not manage it during weekdays. I am still in two weeks timeline to practice short runs. My plan is to ramp up the distance gradually. Overall feel good after the run but also bit sleepy and more hungry.,2026-04-25_09-17-53_hk_1777101473.fit,58,2026-04-25T07:18:51.000Z,57.000,131.1,,175,78,2.514,29.9,50.819256,4.40334
2026-04-25,Running,Morning Jog,Morning jog on Saturday as I could not manage it during weekdays. I am still in two weeks timeline to practice short runs. My plan is to ramp up the distance gradually. Overall feel good after the run but also bit sleepy and more hungry.,2026-04-25_09-17-53_hk_1777101473.fit,59,2026-04-25T07:18:52.000Z,58.000,133.4,,177,78,2.443,29.9,50.819238,4.403322
2026-04-25,Running,Morning Jog,Morning jog on Saturday as I could not manage it during weekdays. I am still in two weeks timeline to practice short runs. My plan is to ramp up the distance gradually. Overall feel good after the run but also bit sleepy and more hungry.,2026-04-25_09-17-53_hk_1777101473.fit,60,2026-04-25T07:18:53.000Z,59.000,136.27,,177,78,2.512,29.9,50.81922,4.403304
2026-04-25,Running,Morning Jog,Morning jog on Saturday as I could not manage it during weekdays. I am still in two weeks timeline to practice short runs. My plan is to ramp up the distance gradually. Overall feel good after the run but also bit sleepy and more hungry.,2026-04-25_09-17-53_hk_1777101473.fit,61,2026-04-25T07:18:54.000Z,60.000,139.14,,173,78,2.557,29.9,50.819202,4.403304
2026-04-25,Running,Morning Jog,Morning jog on Saturday as I could not manage it during weekdays. I am still in two weeks timeline to practice short runs. My plan is to ramp up the distance gradually. Overall feel good after the run but also bit sleepy and more hungry.,2026-04-25_09-17-53_hk_1777101473.fit,62,2026-04-25T07:18:55.000Z,61.000,141.2,,173,78,2.563,29.9,50.819184,4.403286
2026-04-25,Running,Morning Jog,Morning jog on Saturday as I could not manage it during weekdays. I am still in two weeks timeline to practice short runs. My plan is to ramp up the distance gradually. Overall feel good after the run but also bit sleepy and more hungry.,2026-04-25_09-17-53_hk_1777101473.fit,63,2026-04-25T07:18:56.000Z,62.000,143.25,,173,77,2.569,29.9,50.819166,4.403268
2026-04-25,Running,Morning Jog,Morning jog on Saturday as I could not manage it during weekdays. I am still in two weeks timeline to practice short runs. My plan is to ramp up the distance gradually. Overall feel good after the run but also bit sleepy and more hungry.,2026-04-25_09-17-53_hk_1777101473.fit,64,2026-04-25T07:18:57.000Z,63.000,145.31,,176,77,2.575,29.89,50.81913,4.403268
2026-04-25,Running,Morning Jog,Morning jog on Saturday as I could not manage it during weekdays. I am still in two weeks timeline to practice short runs. My plan is to ramp up the distance gradually. Overall feel good after the run but also bit sleepy and more hungry.,2026-04-25_09-17-53_hk_1777101473.fit,65,2026-04-25T07:18:58.000Z,64.000,147.87,,176,77,2.508,29.89,50.819112,4.40325
2026-04-25,Running,Morning Jog,Morning jog on Saturday as I could not manage it during weekdays. I am still in two weeks timeline to practice short runs. My plan is to ramp up the distance gradually. Overall feel good after the run but also bit sleepy and more hungry.,2026-04-25_09-17-53_hk_1777101473.fit,66,2026-04-25T07:18:59.000Z,65.000,150.44,,176,76,2.511,29.89,50.819094,4.40325
2026-04-25,Running,Morning Jog,Morning jog on Saturday as I could not manage it during weekdays. I am still in two weeks timeline to practice short runs. My plan is to ramp up the distance gradually. Overall feel good after the run but also bit sleepy and more hungry.,2026-04-25_09-17-53_hk_1777101473.fit,67,2026-04-25T07:19:00.000Z,66.000,153,,176,76,2.447,29.89,50.819076,4.403232
2026-04-25,Running,Morning Jog,Morning jog on Saturday as I could not manage it during weekdays. I am still in two weeks timeline to practice short runs. My plan is to ramp up the distance gradually. Overall feel good after the run but also bit sleepy and more hungry.,2026-04-25_09-17-53_hk_1777101473.fit,68,2026-04-25T07:19:01.000Z,67.000,156.37,,176,76,2.525,29.89,50.819058,4.403232
2026-04-25,Running,Morning Jog,Morning jog on Saturday as I could not manage it during weekdays. I am still in two weeks timeline to practice short runs. My plan is to ramp up the distance gradually. Overall feel good after the run but also bit sleepy and more hungry.,2026-04-25_09-17-53_hk_1777101473.fit,69,2026-04-25T07:19:02.000Z,68.000,159.74,,176,79,2.586,29.89,50.819022,4.403214
2026-04-25,Running,Morning Jog,Morning jog on Saturday as I could not manage it during weekdays. I am still in two weeks timeline to practice short runs. My plan is to ramp up the distance gradually. Overall feel good after the run but also bit sleepy and more hungry.,2026-04-25_09-17-53_hk_1777101473.fit,70,2026-04-25T07:19:03.000Z,69.000,161.33,,176,79,2.539,29.89,50.819004,4.403196
2026-04-25,Running,Morning Jog,Morning jog on Saturday as I could not manage it during weekdays. I am still in two weeks timeline to practice short runs. My plan is to ramp up the distance gradually. Overall feel good after the run but also bit sleepy and more hungry.,2026-04-25_09-17-53_hk_1777101473.fit,71,2026-04-25T07:19:04.000Z,70.000,162.92,,176,79,2.494,29.89,50.818986,4.403196
2026-04-25,Running,Morning Jog,Morning jog on Saturday as I could not manage it during weekdays. I am still in two weeks timeline to practice short runs. My plan is to ramp up the distance gradually. Overall feel good after the run but also bit sleepy and more hungry.,2026-04-25_09-17-53_hk_1777101473.fit,72,2026-04-25T07:19:05.000Z,71.000,164.51,,173,77,2.449,29.89,50.818968,4.403178
2026-04-25,Running,Morning Jog,Morning jog on Saturday as I could not manage it during weekdays. I am still in two weeks timeline to practice short runs. My plan is to ramp up the distance gradually. Overall feel good after the run but also bit sleepy and more hungry.,2026-04-25_09-17-53_hk_1777101473.fit,73,2026-04-25T07:19:06.000Z,72.000,167.46,,173,77,2.479,29.89,50.81895,4.40316
2026-04-25,Running,Morning Jog,Morning jog on Saturday as I could not manage it during weekdays. I am still in two weeks timeline to practice short runs. My plan is to ramp up the distance gradually. Overall feel good after the run but also bit sleepy and more hungry.,2026-04-25_09-17-53_hk_1777101473.fit,74,2026-04-25T07:19:07.000Z,73.000,170.41,,172,77,2.518,29.88,50.818932,4.403142
2026-04-25,Running,Morning Jog,Morning jog on Saturday as I could not manage it during weekdays. I am still in two weeks timeline to practice short runs. My plan is to ramp up the distance gradually. Overall feel good after the run but also bit sleepy and more hungry.,2026-04-25_09-17-53_hk_1777101473.fit,75,2026-04-25T07:19:08.000Z,74.000,172.71,,172,79,2.507,29.88,50.818914,4.403142
2026-04-25,Running,Morning Jog,Morning jog on Saturday as I could not manage it during weekdays. I am still in two weeks timeline to practice short runs. My plan is to ramp up the distance gradually. Overall feel good after the run but also bit sleepy and more hungry.,2026-04-25_09-17-53_hk_1777101473.fit,76,2026-04-25T07:19:09.000Z,75.000,175.02,,172,79,2.464,29.88,50.818896,4.403124
2026-04-25,Running,Morning Jog,Morning jog on Saturday as I could not manage it during weekdays. I am still in two weeks timeline to practice short runs. My plan is to ramp up the distance gradually. Overall feel good after the run but also bit sleepy and more hungry.,2026-04-25_09-17-53_hk_1777101473.fit,77,2026-04-25T07:19:10.000Z,76.000,177.32,,175,79,2.42,29.88,50.818878,4.403106
2026-04-25,Running,Morning Jog,Morning jog on Saturday as I could not manage it during weekdays. I am still in two weeks timeline to practice short runs. My plan is to ramp up the distance gradually. Overall feel good after the run but also bit sleepy and more hungry.,2026-04-25_09-17-53_hk_1777101473.fit,78,2026-04-25T07:19:11.000Z,77.000,180.9,,175,79,2.481,29.88,50.818842,4.403106
2026-04-25,Running,Morning Jog,Morning jog on Saturday as I could not manage it during weekdays. I am still in two weeks timeline to practice short runs. My plan is to ramp up the distance gradually. Overall feel good after the run but also bit sleepy and more hungry.,2026-04-25_09-17-53_hk_1777101473.fit,79,2026-04-25T07:19:12.000Z,78.000,184.48,,176,79,2.554,29.87,50.818824,4.403088
2026-04-25,Running,Morning Jog,Morning jog on Saturday as I could not manage it during weekdays. I am still in two weeks timeline to practice short runs. My plan is to ramp up the distance gradually. Overall feel good after the run but also bit sleepy and more hungry.,2026-04-25_09-17-53_hk_1777101473.fit,80,2026-04-25T07:19:13.000Z,79.000,186.5,,176,79,2.512,29.87,50.818806,4.40307
2026-04-25,Running,Morning Jog,Morning jog on Saturday as I could not manage it during weekdays. I am still in two weeks timeline to practice short runs. My plan is to ramp up the distance gradually. Overall feel good after the run but also bit sleepy and more hungry.,2026-04-25_09-17-53_hk_1777101473.fit,81,2026-04-25T07:19:14.000Z,80.000,188.53,,176,81,2.488,29.87,50.818788,4.40307
2026-04-25,Running,Morning Jog,Morning jog on Saturday as I could not manage it during weekdays. I am still in two weeks timeline to practice short runs. My plan is to ramp up the distance gradually. Overall feel good after the run but also bit sleepy and more hungry.,2026-04-25_09-17-53_hk_1777101473.fit,82,2026-04-25T07:19:15.000Z,81.000,190.55,,174,81,2.448,29.87,50.81877,4.403052
2026-04-25,Running,Morning Jog,Morning jog on Saturday as I could not manage it during weekdays. I am still in two weeks timeline to practice short runs. My plan is to ramp up the distance gradually. Overall feel good after the run but also bit sleepy and more hungry.,2026-04-25_09-17-53_hk_1777101473.fit,83,2026-04-25T07:19:16.000Z,82.000,192.7,,174,81,2.452,29.86,50.818734,4.403034
2026-04-25,Running,Morning Jog,Morning jog on Saturday as I could not manage it during weekdays. I am still in two weeks timeline to practice short runs. My plan is to ramp up the distance gradually. Overall feel good after the run but also bit sleepy and more hungry.,2026-04-25_09-17-53_hk_1777101473.fit,84,2026-04-25T07:19:17.000Z,83.000,194.85,,174,80,2.457,29.86,50.818716,4.403034
2026-04-25,Running,Morning Jog,Morning jog on Saturday as I could not manage it during weekdays. I am still in two weeks timeline to practice short runs. My plan is to ramp up the distance gradually. Overall feel good after the run but also bit sleepy and more hungry.,2026-04-25_09-17-53_hk_1777101473.fit,85,2026-04-25T07:19:18.000Z,84.000,197,,175,80,2.461,29.86,50.818698,4.403016
2026-04-25,Running,Morning Jog,Morning jog on Saturday as I could not manage it during weekdays. I am still in two weeks timeline to practice short runs. My plan is to ramp up the distance gradually. Overall feel good after the run but also bit sleepy and more hungry.,2026-04-25_09-17-53_hk_1777101473.fit,86,2026-04-25T07:19:19.000Z,85.000,200.98,,175,80,2.527,29.86,50.81868,4.402998
2026-04-25,Running,Morning Jog,Morning jog on Saturday as I could not manage it during weekdays. I am still in two weeks timeline to practice short runs. My plan is to ramp up the distance gradually. Overall feel good after the run but also bit sleepy and more hungry.,2026-04-25_09-17-53_hk_1777101473.fit,87,2026-04-25T07:19:20.000Z,86.000,204.96,,176,79,2.598,29.85,50.818662,4.40298
2026-04-25,Running,Morning Jog,Morning jog on Saturday as I could not manage it during weekdays. I am still in two weeks timeline to practice short runs. My plan is to ramp up the distance gradually. Overall feel good after the run but also bit sleepy and more hungry.,2026-04-25_09-17-53_hk_1777101473.fit,88,2026-04-25T07:19:21.000Z,87.000,206.68,,176,79,2.515,29.85,50.818644,4.402962
2026-04-25,Running,Morning Jog,Morning jog on Saturday as I could not manage it during weekdays. I am still in two weeks timeline to practice short runs. My plan is to ramp up the distance gradually. Overall feel good after the run but also bit sleepy and more hungry.,2026-04-25_09-17-53_hk_1777101473.fit,89,2026-04-25T07:19:22.000Z,88.000,208.4,,176,79,2.478,29.85,50.818626,4.402944
2026-04-25,Running,Morning Jog,Morning jog on Saturday as I could not manage it during weekdays. I am still in two weeks timeline to practice short runs. My plan is to ramp up the distance gradually. Overall feel good after the run but also bit sleepy and more hungry.,2026-04-25_09-17-53_hk_1777101473.fit,90,2026-04-25T07:19:23.000Z,89.000,210.12,,174,76,2.399,29.84,50.81859,4.402944
2026-04-25,Running,Morning Jog,Morning jog on Saturday as I could not manage it during weekdays. I am still in two weeks timeline to practice short runs. My plan is to ramp up the distance gradually. Overall feel good after the run but also bit sleepy and more hungry.,2026-04-25_09-17-53_hk_1777101473.fit,91,2026-04-25T07:19:24.000Z,90.000,213.63,,174,76,2.536,29.84,50.818572,4.402926
2026-04-25,Running,Morning Jog,Morning jog on Saturday as I could not manage it during weekdays. I am still in two weeks timeline to practice short runs. My plan is to ramp up the distance gradually. Overall feel good after the run but also bit sleepy and more hungry.,2026-04-25_09-17-53_hk_1777101473.fit,92,2026-04-25T07:19:25.000Z,91.000,217.14,,176,76,2.631,29.84,50.818554,4.402908
2026-04-25,Running,Morning Jog,Morning jog on Saturday as I could not manage it during weekdays. I am still in two weeks timeline to practice short runs. My plan is to ramp up the distance gradually. Overall feel good after the run but also bit sleepy and more hungry.,2026-04-25_09-17-53_hk_1777101473.fit,93,2026-04-25T07:19:26.000Z,92.000,219.46,,176,77,2.6,29.83,50.818536,4.402908
2026-04-25,Running,Morning Jog,Morning jog on Saturday as I could not manage it during weekdays. I am still in two weeks timeline to practice short runs. My plan is to ramp up the distance gradually. Overall feel good after the run but also bit sleepy and more hungry.,2026-04-25_09-17-53_hk_1777101473.fit,94,2026-04-25T07:19:27.000Z,93.000,221.78,,176,77,2.569,29.83,50.818518,4.40289
2026-04-25,Running,Morning Jog,Morning jog on Saturday as I could not manage it during weekdays. I am still in two weeks timeline to practice short runs. My plan is to ramp up the distance gradually. Overall feel good after the run but also bit sleepy and more hungry.,2026-04-25_09-17-53_hk_1777101473.fit,95,2026-04-25T07:19:28.000Z,94.000,224.1,,176,77,2.57,29.83,50.818482,4.402872
2026-04-25,Running,Morning Jog,Morning jog on Saturday as I could not manage it during weekdays. I am still in two weeks timeline to practice short runs. My plan is to ramp up the distance gradually. Overall feel good after the run but also bit sleepy and more hungry.,2026-04-25_09-17-53_hk_1777101473.fit,96,2026-04-25T07:19:29.000Z,95.000,228.47,,176,79,2.692,29.82,50.818464,4.402872
2026-04-25,Running,Morning Jog,Morning jog on Saturday as I could not manage it during weekdays. I am still in two weeks timeline to practice short runs. My plan is to ramp up the distance gradually. Overall feel good after the run but also bit sleepy and more hungry.,2026-04-25_09-17-53_hk_1777101473.fit,97,2026-04-25T07:19:30.000Z,96.000,232.84,,178,79,2.734,29.82,50.818446,4.402854
2026-04-25,Running,Morning Jog,Morning jog on Saturday as I could not manage it during weekdays. I am still in two weeks timeline to practice short runs. My plan is to ramp up the distance gradually. Overall feel good after the run but also bit sleepy and more hungry.,2026-04-25_09-17-53_hk_1777101473.fit,98,2026-04-25T07:19:31.000Z,97.000,235.11,,178,79,2.665,29.82,50.818428,4.402836
2026-04-25,Running,Morning Jog,Morning jog on Saturday as I could not manage it during weekdays. I am still in two weeks timeline to practice short runs. My plan is to ramp up the distance gradually. Overall feel good after the run but also bit sleepy and more hungry.,2026-04-25_09-17-53_hk_1777101473.fit,99,2026-04-25T07:19:32.000Z,98.000,237.38,,178,79,2.677,29.82,50.818392,4.402818
2026-04-25,Running,Morning Jog,Morning jog on Saturday as I could not manage it during weekdays. I am still in two weeks timeline to practice short runs. My plan is to ramp up the distance gradually. Overall feel good after the run but also bit sleepy and more hungry.,2026-04-25_09-17-53_hk_1777101473.fit,100,2026-04-25T07:19:33.000Z,99.000,239.64,,180,79,2.69,29.81,50.818374,4.4028
2026-04-25,Running,Morning Jog,Morning jog on Saturday as I could not manage it during weekdays. I am still in two weeks timeline to practice short runs. My plan is to ramp up the distance gradually. Overall feel good after the run but also bit sleepy and more hungry.,2026-04-25_09-17-53_hk_1777101473.fit,101,2026-04-25T07:19:34.000Z,100.000,242.83,,180,79,2.785,29.81,50.818356,4.402782
2026-04-25,Running,Morning Jog,Morning jog on Saturday as I could not manage it during weekdays. I am still in two weeks timeline to practice short runs. My plan is to ramp up the distance gradually. Overall feel good after the run but also bit sleepy and more hungry.,2026-04-25_09-17-53_hk_1777101473.fit,102,2026-04-25T07:19:35.000Z,101.000,246.01,,178,79,2.842,29.81,50.818338,4.402764
2026-04-25,Running,Morning Jog,Morning jog on Saturday as I could not manage it during weekdays. I am still in two weeks timeline to practice short runs. My plan is to ramp up the distance gradually. Overall feel good after the run but also bit sleepy and more hungry.,2026-04-25_09-17-53_hk_1777101473.fit,103,2026-04-25T07:19:36.000Z,102.000,248.7,,178,79,2.872,29.8,50.81832,4.402746
2026-04-25,Running,Morning Jog,Morning jog on Saturday as I could not manage it during weekdays. I am still in two weeks timeline to practice short runs. My plan is to ramp up the distance gradually. Overall feel good after the run but also bit sleepy and more hungry.,2026-04-25_09-17-53_hk_1777101473.fit,104,2026-04-25T07:19:37.000Z,103.000,251.4,,178,79,2.801,29.8,50.818302,4.402728
2026-04-25,Running,Morning Jog,Morning jog on Saturday as I could not manage it during weekdays. I am still in two weeks timeline to practice short runs. My plan is to ramp up the distance gradually. Overall feel good after the run but also bit sleepy and more hungry.,2026-04-25_09-17-53_hk_1777101473.fit,105,2026-04-25T07:19:38.000Z,104.000,254.09,,179,79,2.795,29.8,50.818266,4.40271
2026-04-25,Running,Morning Jog,Morning jog on Saturday as I could not manage it during weekdays. I am still in two weeks timeline to practice short runs. My plan is to ramp up the distance gradually. Overall feel good after the run but also bit sleepy and more hungry.,2026-04-25_09-17-53_hk_1777101473.fit,106,2026-04-25T07:19:39.000Z,105.000,256.46,,179,79,2.711,29.79,50.818248,4.402692
2026-04-25,Running,Morning Jog,Morning jog on Saturday as I could not manage it during weekdays. I am still in two weeks timeline to practice short runs. My plan is to ramp up the distance gradually. Overall feel good after the run but also bit sleepy and more hungry.,2026-04-25_09-17-53_hk_1777101473.fit,107,2026-04-25T07:19:40.000Z,106.000,258.84,,179,79,2.802,29.79,50.81823,4.402674
2026-04-25,Running,Morning Jog,Morning jog on Saturday as I could not manage it during weekdays. I am still in two weeks timeline to practice short runs. My plan is to ramp up the distance gradually. Overall feel good after the run but also bit sleepy and more hungry.,2026-04-25_09-17-53_hk_1777101473.fit,108,2026-04-25T07:19:41.000Z,107.000,261.21,,181,77,2.838,29.79,50.818212,4.402656
2026-04-25,Running,Morning Jog,Morning jog on Saturday as I could not manage it during weekdays. I am still in two weeks timeline to practice short runs. My plan is to ramp up the distance gradually. Overall feel good after the run but also bit sleepy and more hungry.,2026-04-25_09-17-53_hk_1777101473.fit,109,2026-04-25T07:19:42.000Z,108.000,264.49,,181,77,2.826,29.78,50.818194,4.40262
2026-04-25,Running,Morning Jog,Morning jog on Saturday as I could not manage it during weekdays. I am still in two weeks timeline to practice short runs. My plan is to ramp up the distance gradually. Overall feel good after the run but also bit sleepy and more hungry.,2026-04-25_09-17-53_hk_1777101473.fit,110,2026-04-25T07:19:43.000Z,109.000,267.77,,178,77,2.813,29.78,50.818176,4.402602
2026-04-25,Running,Morning Jog,Morning jog on Saturday as I could not manage it during weekdays. I am still in two weeks timeline to practice short runs. My plan is to ramp up the distance gradually. Overall feel good after the run but also bit sleepy and more hungry.,2026-04-25_09-17-53_hk_1777101473.fit,111,2026-04-25T07:19:44.000Z,110.000,270.31,,178,79,2.825,29.78,50.818158,4.402584
2026-04-25,Running,Morning Jog,Morning jog on Saturday as I could not manage it during weekdays. I am still in two weeks timeline to practice short runs. My plan is to ramp up the distance gradually. Overall feel good after the run but also bit sleepy and more hungry.,2026-04-25_09-17-53_hk_1777101473.fit,112,2026-04-25T07:19:45.000Z,111.000,272.84,,178,79,2.837,29.77,50.81814,4.402566
2026-04-25,Running,Morning Jog,Morning jog on Saturday as I could not manage it during weekdays. I am still in two weeks timeline to practice short runs. My plan is to ramp up the distance gradually. Overall feel good after the run but also bit sleepy and more hungry.,2026-04-25_09-17-53_hk_1777101473.fit,113,2026-04-25T07:19:46.000Z,112.000,275.37,,178,79,2.848,29.77,50.818122,4.402548
2026-04-25,Running,Morning Jog,Morning jog on Saturday as I could not manage it during weekdays. I am still in two weeks timeline to practice short runs. My plan is to ramp up the distance gradually. Overall feel good after the run but also bit sleepy and more hungry.,2026-04-25_09-17-53_hk_1777101473.fit,114,2026-04-25T07:19:47.000Z,113.000,278.48,,178,77,2.778,29.77,50.818104,4.40253
2026-04-25,Running,Morning Jog,Morning jog on Saturday as I could not manage it during weekdays. I am still in two weeks timeline to practice short runs. My plan is to ramp up the distance gradually. Overall feel good after the run but also bit sleepy and more hungry.,2026-04-25_09-17-53_hk_1777101473.fit,115,2026-04-25T07:19:48.000Z,114.000,281.58,,176,77,2.795,29.76,50.818086,4.402494
2026-04-25,Running,Morning Jog,Morning jog on Saturday as I could not manage it during weekdays. I am still in two weeks timeline to practice short runs. My plan is to ramp up the distance gradually. Overall feel good after the run but also bit sleepy and more hungry.,2026-04-25_09-17-53_hk_1777101473.fit,116,2026-04-25T07:19:49.000Z,115.000,283.67,,176,77,2.676,29.76,50.818068,4.402476
2026-04-25,Running,Morning Jog,Morning jog on Saturday as I could not manage it during weekdays. I am still in two weeks timeline to practice short runs. My plan is to ramp up the distance gradually. Overall feel good after the run but also bit sleepy and more hungry.,2026-04-25_09-17-53_hk_1777101473.fit,117,2026-04-25T07:19:50.000Z,116.000,285.77,,176,79,2.666,29.76,50.81805,4.402458
2026-04-25,Running,Morning Jog,Morning jog on Saturday as I could not manage it during weekdays. I am still in two weeks timeline to practice short runs. My plan is to ramp up the distance gradually. Overall feel good after the run but also bit sleepy and more hungry.,2026-04-25_09-17-53_hk_1777101473.fit,118,2026-04-25T07:19:51.000Z,117.000,287.86,,173,79,2.657,29.75,50.818032,4.40244
2026-04-25,Running,Morning Jog,Morning jog on Saturday as I could not manage it during weekdays. I am still in two weeks timeline to practice short runs. My plan is to ramp up the distance gradually. Overall feel good after the run but also bit sleepy and more hungry.,2026-04-25_09-17-53_hk_1777101473.fit,119,2026-04-25T07:19:52.000Z,118.000,291.46,,173,79,2.727,29.75,50.818014,4.402422
2026-04-25,Running,Morning Jog,Morning jog on Saturday as I could not manage it during weekdays. I am still in two weeks timeline to practice short runs. My plan is to ramp up the distance gradually. Overall feel good after the run but also bit sleepy and more hungry.,2026-04-25_09-17-53_hk_1777101473.fit,120,2026-04-25T07:19:53.000Z,119.000,295.07,,173,79,2.749,29.75,50.817996,4.402386
2026-04-25,Running,Morning Jog,Morning jog on Saturday as I could not manage it during weekdays. I am still in two weeks timeline to practice short runs. My plan is to ramp up the distance gradually. Overall feel good after the run but also bit sleepy and more hungry.,2026-04-25_09-17-53_hk_1777101473.fit,121,2026-04-25T07:19:54.000Z,120.000,297.68,,173,79,2.72,29.74,50.817978,4.402368
2026-04-25,Running,Morning Jog,Morning jog on Saturday as I could not manage it during weekdays. I am still in two weeks timeline to practice short runs. My plan is to ramp up the distance gradually. Overall feel good after the run but also bit sleepy and more hungry.,2026-04-25_09-17-53_hk_1777101473.fit,122,2026-04-25T07:19:55.000Z,121.000,300.3,,173,79,2.716,29.74,50.81796,4.402332
2026-04-25,Running,Morning Jog,Morning jog on Saturday as I could not manage it during weekdays. I am still in two weeks timeline to practice short runs. My plan is to ramp up the distance gradually. Overall feel good after the run but also bit sleepy and more hungry.,2026-04-25_09-17-53_hk_1777101473.fit,123,2026-04-25T07:19:56.000Z,122.000,302.92,,172,79,2.712,29.73,50.817942,4.402314
2026-04-25,Running,Morning Jog,Morning jog on Saturday as I could not manage it during weekdays. I am still in two weeks timeline to practice short runs. My plan is to ramp up the distance gradually. Overall feel good after the run but also bit sleepy and more hungry.,2026-04-25_09-17-53_hk_1777101473.fit,124,2026-04-25T07:19:57.000Z,123.000,305.47,,172,79,2.704,29.73,50.817924,4.402278
2026-04-25,Running,Morning Jog,Morning jog on Saturday as I could not manage it during weekdays. I am still in two weeks timeline to practice short runs. My plan is to ramp up the distance gradually. Overall feel good after the run but also bit sleepy and more hungry.,2026-04-25_09-17-53_hk_1777101473.fit,125,2026-04-25T07:19:58.000Z,124.000,308.02,,168,79,2.714,29.73,50.817924,4.40226
2026-04-25,Running,Morning Jog,Morning jog on Saturday as I could not manage it during weekdays. I am still in two weeks timeline to practice short runs. My plan is to ramp up the distance gradually. Overall feel good after the run but also bit sleepy and more hungry.,2026-04-25_09-17-53_hk_1777101473.fit,126,2026-04-25T07:19:59.000Z,125.000,310.6,,168,79,2.724,29.72,50.817906,4.402224
2026-04-25,Running,Morning Jog,Morning jog on Saturday as I could not manage it during weekdays. I am still in two weeks timeline to practice short runs. My plan is to ramp up the distance gradually. Overall feel good after the run but also bit sleepy and more hungry.,2026-04-25_09-17-53_hk_1777101473.fit,127,2026-04-25T07:20:00.000Z,126.000,313.17,,168,79,2.735,29.72,50.817888,4.402206
2026-04-25,Running,Morning Jog,Morning jog on Saturday as I could not manage it during weekdays. I am still in two weeks timeline to practice short runs. My plan is to ramp up the distance gradually. Overall feel good after the run but also bit sleepy and more hungry.,2026-04-25_09-17-53_hk_1777101473.fit,128,2026-04-25T07:20:01.000Z,127.000,315.75,,170,79,2.698,29.71,50.81787,4.40217
2026-04-25,Running,Morning Jog,Morning jog on Saturday as I could not manage it during weekdays. I am still in two weeks timeline to practice short runs. My plan is to ramp up the distance gradually. Overall feel good after the run but also bit sleepy and more hungry.,2026-04-25_09-17-53_hk_1777101473.fit,129,2026-04-25T07:20:02.000Z,128.000,317.76,,170,79,2.663,29.71,50.817852,4.402152
2026-04-25,Running,Morning Jog,Morning jog on Saturday as I could not manage it during weekdays. I am still in two weeks timeline to practice short runs. My plan is to ramp up the distance gradually. Overall feel good after the run but also bit sleepy and more hungry.,2026-04-25_09-17-53_hk_1777101473.fit,130,2026-04-25T07:20:03.000Z,129.000,319.77,,170,79,2.6,29.71,50.817852,4.402116
2026-04-25,Running,Morning Jog,Morning jog on Saturday as I could not manage it during weekdays. I am still in two weeks timeline to practice short runs. My plan is to ramp up the distance gradually. Overall feel good after the run but also bit sleepy and more hungry.,2026-04-25_09-17-53_hk_1777101473.fit,131,2026-04-25T07:20:04.000Z,130.000,321.78,,167,79,2.574,29.7,50.817834,4.402098
2026-04-25,Running,Morning Jog,Morning jog on Saturday as I could not manage it during weekdays. I am still in two weeks timeline to practice short runs. My plan is to ramp up the distance gradually. Overall feel good after the run but also bit sleepy and more hungry.,2026-04-25_09-17-53_hk_1777101473.fit,132,2026-04-25T07:20:05.000Z,131.000,324.65,,167,77,2.59,29.7,50.817816,4.402062
2026-04-25,Running,Morning Jog,Morning jog on Saturday as I could not manage it during weekdays. I am still in two weeks timeline to practice short runs. My plan is to ramp up the distance gradually. Overall feel good after the run but also bit sleepy and more hungry.,2026-04-25_09-17-53_hk_1777101473.fit,133,2026-04-25T07:20:06.000Z,132.000,327.51,,166,77,2.607,29.7,50.817816,4.402044
2026-04-25,Running,Morning Jog,Morning jog on Saturday as I could not manage it during weekdays. I am still in two weeks timeline to practice short runs. My plan is to ramp up the distance gradually. Overall feel good after the run but also bit sleepy and more hungry.,2026-04-25_09-17-53_hk_1777101473.fit,134,2026-04-25T07:20:07.000Z,133.000,328.82,,166,77,2.517,29.69,50.817798,4.402026
2026-04-25,Running,Morning Jog,Morning jog on Saturday as I could not manage it during weekdays. I am still in two weeks timeline to practice short runs. My plan is to ramp up the distance gradually. Overall feel good after the run but also bit sleepy and more hungry.,2026-04-25_09-17-53_hk_1777101473.fit,135,2026-04-25T07:20:08.000Z,134.000,330.14,,166,79,2.46,29.69,50.817798,4.40199
2026-04-25,Running,Morning Jog,Morning jog on Saturday as I could not manage it during weekdays. I am still in two weeks timeline to practice short runs. My plan is to ramp up the distance gradually. Overall feel good after the run but also bit sleepy and more hungry.,2026-04-25_09-17-53_hk_1777101473.fit,136,2026-04-25T07:20:09.000Z,135.000,331.45,,159,79,2.408,29.69,50.81778,4.401972
2026-04-25,Running,Morning Jog,Morning jog on Saturday as I could not manage it during weekdays. I am still in two weeks timeline to practice short runs. My plan is to ramp up the distance gradually. Overall feel good after the run but also bit sleepy and more hungry.,2026-04-25_09-17-53_hk_1777101473.fit,137,2026-04-25T07:20:10.000Z,136.000,335.99,,159,79,2.511,29.68,50.817762,4.401936
2026-04-25,Running,Morning Jog,Morning jog on Saturday as I could not manage it during weekdays. I am still in two weeks timeline to practice short runs. My plan is to ramp up the distance gradually. Overall feel good after the run but also bit sleepy and more hungry.,2026-04-25_09-17-53_hk_1777101473.fit,138,2026-04-25T07:20:11.000Z,137.000,340.53,,165,79,2.634,29.68,50.817744,4.401918
2026-04-25,Running,Morning Jog,Morning jog on Saturday as I could not manage it during weekdays. I am still in two weeks timeline to practice short runs. My plan is to ramp up the distance gradually. Overall feel good after the run but also bit sleepy and more hungry.,2026-04-25_09-17-53_hk_1777101473.fit,139,2026-04-25T07:20:12.000Z,138.000,342.44,,165,79,2.549,29.68,50.817726,4.401882
2026-04-25,Running,Morning Jog,Morning jog on Saturday as I could not manage it during weekdays. I am still in two weeks timeline to practice short runs. My plan is to ramp up the distance gradually. Overall feel good after the run but also bit sleepy and more hungry.,2026-04-25_09-17-53_hk_1777101473.fit,140,2026-04-25T07:20:13.000Z,139.000,344.35,,165,79,2.518,29.67,50.817708,4.401864
2026-04-25,Running,Morning Jog,Morning jog on Saturday as I could not manage it during weekdays. I am still in two weeks timeline to practice short runs. My plan is to ramp up the distance gradually. Overall feel good after the run but also bit sleepy and more hungry.,2026-04-25_09-17-53_hk_1777101473.fit,141,2026-04-25T07:20:14.000Z,140.000,346.25,,164,77,2.438,29.67,50.81769,4.401846
2026-04-25,Running,Morning Jog,Morning jog on Saturday as I could not manage it during weekdays. I am still in two weeks timeline to practice short runs. My plan is to ramp up the distance gradually. Overall feel good after the run but also bit sleepy and more hungry.,2026-04-25_09-17-53_hk_1777101473.fit,142,2026-04-25T07:20:15.000Z,141.000,350.34,,164,77,2.502,29.67,50.817672,4.40181
2026-04-25,Running,Morning Jog,Morning jog on Saturday as I could not manage it during weekdays. I am still in two weeks timeline to practice short runs. My plan is to ramp up the distance gradually. Overall feel good after the run but also bit sleepy and more hungry.,2026-04-25_09-17-53_hk_1777101473.fit,143,2026-04-25T07:20:16.000Z,142.000,354.43,,166,77,2.575,29.67,50.817654,4.401774
2026-04-25,Running,Morning Jog,Morning jog on Saturday as I could not manage it during weekdays. I am still in two weeks timeline to practice short runs. My plan is to ramp up the distance gradually. Overall feel good after the run but also bit sleepy and more hungry.,2026-04-25_09-17-53_hk_1777101473.fit,144,2026-04-25T07:20:17.000Z,143.000,357.16,,166,79,2.585,29.66,50.817636,4.401756
2026-04-25,Running,Morning Jog,Morning jog on Saturday as I could not manage it during weekdays. I am still in two weeks timeline to practice short runs. My plan is to ramp up the distance gradually. Overall feel good after the run but also bit sleepy and more hungry.,2026-04-25_09-17-53_hk_1777101473.fit,145,2026-04-25T07:20:18.000Z,144.000,359.9,,166,79,2.594,29.66,50.817618,4.40172
2026-04-25,Running,Morning Jog,Morning jog on Saturday as I could not manage it during weekdays. I am still in two weeks timeline to practice short runs. My plan is to ramp up the distance gradually. Overall feel good after the run but also bit sleepy and more hungry.,2026-04-25_09-17-53_hk_1777101473.fit,146,2026-04-25T07:20:19.000Z,145.000,362.64,,168,79,2.602,29.66,50.8176,4.401702
2026-04-25,Running,Morning Jog,Morning jog on Saturday as I could not manage it during weekdays. I am still in two weeks timeline to practice short runs. My plan is to ramp up the distance gradually. Overall feel good after the run but also bit sleepy and more hungry.,2026-04-25_09-17-53_hk_1777101473.fit,147,2026-04-25T07:20:20.000Z,146.000,364.63,,168,78,2.573,29.66,50.817582,4.401666
2026-04-25,Running,Morning Jog,Morning jog on Saturday as I could not manage it during weekdays. I am still in two weeks timeline to practice short runs. My plan is to ramp up the distance gradually. Overall feel good after the run but also bit sleepy and more hungry.,2026-04-25_09-17-53_hk_1777101473.fit,148,2026-04-25T07:20:21.000Z,147.000,366.61,,168,78,2.543,29.66,50.817564,4.401648
2026-04-25,Running,Morning Jog,Morning jog on Saturday as I could not manage it during weekdays. I am still in two weeks timeline to practice short runs. My plan is to ramp up the distance gradually. Overall feel good after the run but also bit sleepy and more hungry.,2026-04-25_09-17-53_hk_1777101473.fit,149,2026-04-25T07:20:22.000Z,148.000,368.59,,167,78,2.542,29.65,50.817546,4.401612
2026-04-25,Running,Morning Jog,Morning jog on Saturday as I could not manage it during weekdays. I am still in two weeks timeline to practice short runs. My plan is to ramp up the distance gradually. Overall feel good after the run but also bit sleepy and more hungry.,2026-04-25_09-17-53_hk_1777101473.fit,150,2026-04-25T07:20:23.000Z,149.000,372.7,,167,78,2.68,29.65,50.817528,4.401576
2026-04-25,Running,Morning Jog,Morning jog on Saturday as I could not manage it during weekdays. I am still in two weeks timeline to practice short runs. My plan is to ramp up the distance gradually. Overall feel good after the run but also bit sleepy and more hungry.,2026-04-25_09-17-53_hk_1777101473.fit,151,2026-04-25T07:20:24.000Z,150.000,376.81,,171,78,2.745,29.65,50.81751,4.40154
2026-04-25,Running,Morning Jog,Morning jog on Saturday as I could not manage it during weekdays. I am still in two weeks timeline to practice short runs. My plan is to ramp up the distance gradually. Overall feel good after the run but also bit sleepy and more hungry.,2026-04-25_09-17-53_hk_1777101473.fit,152,2026-04-25T07:20:25.000Z,151.000,379.07,,171,78,2.791,29.65,50.817492,4.401522
2026-04-25,Running,Morning Jog,Morning jog on Saturday as I could not manage it during weekdays. I am still in two weeks timeline to practice short runs. My plan is to ramp up the distance gradually. Overall feel good after the run but also bit sleepy and more hungry.,2026-04-25_09-17-53_hk_1777101473.fit,153,2026-04-25T07:20:26.000Z,152.000,381.33,,171,79,2.844,29.65,50.817474,4.401486
2026-04-25,Running,Morning Jog,Morning jog on Saturday as I could not manage it during weekdays. I am still in two weeks timeline to practice short runs. My plan is to ramp up the distance gradually. Overall feel good after the run but also bit sleepy and more hungry.,2026-04-25_09-17-53_hk_1777101473.fit,154,2026-04-25T07:20:27.000Z,153.000,383.59,,171,79,2.897,29.64,50.817456,4.40145
2026-04-25,Running,Morning Jog,Morning jog on Saturday as I could not manage it during weekdays. I am still in two weeks timeline to practice short runs. My plan is to ramp up the distance gradually. Overall feel good after the run but also bit sleepy and more hungry.,2026-04-25_09-17-53_hk_1777101473.fit,155,2026-04-25T07:20:28.000Z,154.000,386.13,,171,79,2.786,29.64,50.817456,4.401432
2026-04-25,Running,Morning Jog,Morning jog on Saturday as I could not manage it during weekdays. I am still in two weeks timeline to practice short runs. My plan is to ramp up the distance gradually. Overall feel good after the run but also bit sleepy and more hungry.,2026-04-25_09-17-53_hk_1777101473.fit,156,2026-04-25T07:20:29.000Z,155.000,388.68,,163,76,2.773,29.64,50.817438,4.401396
2026-04-25,Running,Morning Jog,Morning jog on Saturday as I could not manage it during weekdays. I am still in two weeks timeline to practice short runs. My plan is to ramp up the distance gradually. Overall feel good after the run but also bit sleepy and more hungry.,2026-04-25_09-17-53_hk_1777101473.fit,157,2026-04-25T07:20:30.000Z,156.000,390.12,,163,76,2.707,29.64,50.817438,4.40136
2026-04-25,Running,Morning Jog,Morning jog on Saturday as I could not manage it during weekdays. I am still in two weeks timeline to practice short runs. My plan is to ramp up the distance gradually. Overall feel good after the run but also bit sleepy and more hungry.,2026-04-25_09-17-53_hk_1777101473.fit,158,2026-04-25T07:20:31.000Z,157.000,391.57,,163,76,2.552,29.64,50.81742,4.401324
2026-04-25,Running,Morning Jog,Morning jog on Saturday as I could not manage it during weekdays. I am still in two weeks timeline to practice short runs. My plan is to ramp up the distance gradually. Overall feel good after the run but also bit sleepy and more hungry.,2026-04-25_09-17-53_hk_1777101473.fit,159,2026-04-25T07:20:32.000Z,158.000,393.01,,163,79,2.529,29.64,50.81742,4.401306
2026-04-25,Running,Morning Jog,Morning jog on Saturday as I could not manage it during weekdays. I am still in two weeks timeline to practice short runs. My plan is to ramp up the distance gradually. Overall feel good after the run but also bit sleepy and more hungry.,2026-04-25_09-17-53_hk_1777101473.fit,160,2026-04-25T07:20:33.000Z,159.000,394.46,,163,79,2.506,29.63,50.817402,4.40127
2026-04-25,Running,Morning Jog,Morning jog on Saturday as I could not manage it during weekdays. I am still in two weeks timeline to practice short runs. My plan is to ramp up the distance gradually. Overall feel good after the run but also bit sleepy and more hungry.,2026-04-25_09-17-53_hk_1777101473.fit,161,2026-04-25T07:20:34.000Z,160.000,395.9,,163,79,2.455,29.63,50.817384,4.401234
2026-04-25,Running,Morning Jog,Morning jog on Saturday as I could not manage it during weekdays. I am still in two weeks timeline to practice short runs. My plan is to ramp up the distance gradually. Overall feel good after the run but also bit sleepy and more hungry.,2026-04-25_09-17-53_hk_1777101473.fit,162,2026-04-25T07:20:35.000Z,161.000,397.5,,163,78,2.44,29.63,50.817384,4.401198
2026-04-25,Running,Morning Jog,Morning jog on Saturday as I could not manage it during weekdays. I am still in two weeks timeline to practice short runs. My plan is to ramp up the distance gradually. Overall feel good after the run but also bit sleepy and more hungry.,2026-04-25_09-17-53_hk_1777101473.fit,163,2026-04-25T07:20:36.000Z,162.000,399.09,,163,78,2.402,29.63,50.817384,4.401162
2026-04-25,Running,Morning Jog,Morning jog on Saturday as I could not manage it during weekdays. I am still in two weeks timeline to practice short runs. My plan is to ramp up the distance gradually. Overall feel good after the run but also bit sleepy and more hungry.,2026-04-25_09-17-53_hk_1777101473.fit,164,2026-04-25T07:20:37.000Z,163.000,400.69,,159,78,2.288,29.63,50.817384,4.401126
2026-04-25,Running,Morning Jog,Morning jog on Saturday as I could not manage it during weekdays. I am still in two weeks timeline to practice short runs. My plan is to ramp up the distance gradually. Overall feel good after the run but also bit sleepy and more hungry.,2026-04-25_09-17-53_hk_1777101473.fit,165,2026-04-25T07:20:38.000Z,164.000,404.22,,159,78,2.343,29.63,50.817384,4.401108
2026-04-25,Running,Morning Jog,Morning jog on Saturday as I could not manage it during weekdays. I am still in two weeks timeline to practice short runs. My plan is to ramp up the distance gradually. Overall feel good after the run but also bit sleepy and more hungry.,2026-04-25_09-17-53_hk_1777101473.fit,166,2026-04-25T07:20:39.000Z,165.000,407.76,,159,78,2.3,29.63,50.817366,4.401072
2026-04-25,Running,Morning Jog,Morning jog on Saturday as I could not manage it during weekdays. I am still in two weeks timeline to practice short runs. My plan is to ramp up the distance gradually. Overall feel good after the run but also bit sleepy and more hungry.,2026-04-25_09-17-53_hk_1777101473.fit,167,2026-04-25T07:20:40.000Z,166.000,409.67,,159,78,2.283,29.63,50.817366,4.401036
2026-04-25,Running,Morning Jog,Morning jog on Saturday as I could not manage it during weekdays. I am still in two weeks timeline to practice short runs. My plan is to ramp up the distance gradually. Overall feel good after the run but also bit sleepy and more hungry.,2026-04-25_09-17-53_hk_1777101473.fit,168,2026-04-25T07:20:41.000Z,167.000,411.57,,159,77,2.247,29.62,50.817348,4.401
2026-04-25,Running,Morning Jog,Morning jog on Saturday as I could not manage it during weekdays. I am still in two weeks timeline to practice short runs. My plan is to ramp up the distance gradually. Overall feel good after the run but also bit sleepy and more hungry.,2026-04-25_09-17-53_hk_1777101473.fit,169,2026-04-25T07:20:42.000Z,168.000,413.48,,157,77,2.21,29.62,50.817348,4.400964
2026-04-25,Running,Morning Jog,Morning jog on Saturday as I could not manage it during weekdays. I am still in two weeks timeline to practice short runs. My plan is to ramp up the distance gradually. Overall feel good after the run but also bit sleepy and more hungry.,2026-04-25_09-17-53_hk_1777101473.fit,170,2026-04-25T07:20:43.000Z,169.000,416.1,,157,77,2.238,29.62,50.81733,4.400928
2026-04-25,Running,Morning Jog,Morning jog on Saturday as I could not manage it during weekdays. I am still in two weeks timeline to practice short runs. My plan is to ramp up the distance gradually. Overall feel good after the run but also bit sleepy and more hungry.,2026-04-25_09-17-53_hk_1777101473.fit,171,2026-04-25T07:20:44.000Z,170.000,418.72,,157,76,2.279,29.62,50.81733,4.40091
2026-04-25,Running,Morning Jog,Morning jog on Saturday as I could not manage it during weekdays. I am still in two weeks timeline to practice short runs. My plan is to ramp up the distance gradually. Overall feel good after the run but also bit sleepy and more hungry.,2026-04-25_09-17-53_hk_1777101473.fit,172,2026-04-25T07:20:45.000Z,171.000,421.34,,157,76,2.293,29.62,50.817312,4.400874
2026-04-25,Running,Morning Jog,Morning jog on Saturday as I could not manage it during weekdays. I am still in two weeks timeline to practice short runs. My plan is to ramp up the distance gradually. Overall feel good after the run but also bit sleepy and more hungry.,2026-04-25_09-17-53_hk_1777101473.fit,173,2026-04-25T07:20:46.000Z,172.000,424.59,,157,76,2.256,29.62,50.817312,4.400838
2026-04-25,Running,Morning Jog,Morning jog on Saturday as I could not manage it during weekdays. I am still in two weeks timeline to practice short runs. My plan is to ramp up the distance gradually. Overall feel good after the run but also bit sleepy and more hungry.,2026-04-25_09-17-53_hk_1777101473.fit,174,2026-04-25T07:20:47.000Z,173.000,427.84,,158,79,2.219,29.62,50.817294,4.400802
2026-04-25,Running,Morning Jog,Morning jog on Saturday as I could not manage it during weekdays. I am still in two weeks timeline to practice short runs. My plan is to ramp up the distance gradually. Overall feel good after the run but also bit sleepy and more hungry.,2026-04-25_09-17-53_hk_1777101473.fit,175,2026-04-25T07:20:48.000Z,174.000,430.05,,158,79,2.217,29.62,50.817276,4.400766
2026-04-25,Running,Morning Jog,Morning jog on Saturday as I could not manage it during weekdays. I am still in two weeks timeline to practice short runs. My plan is to ramp up the distance gradually. Overall feel good after the run but also bit sleepy and more hungry.,2026-04-25_09-17-53_hk_1777101473.fit,176,2026-04-25T07:20:49.000Z,175.000,432.26,,158,79,2.214,29.62,50.817276,4.400748
2026-04-25,Running,Morning Jog,Morning jog on Saturday as I could not manage it during weekdays. I am still in two weeks timeline to practice short runs. My plan is to ramp up the distance gradually. Overall feel good after the run but also bit sleepy and more hungry.,2026-04-25_09-17-53_hk_1777101473.fit,177,2026-04-25T07:20:50.000Z,176.000,434.47,,160,77,2.212,29.62,50.817258,4.400712
2026-04-25,Running,Morning Jog,Morning jog on Saturday as I could not manage it during weekdays. I am still in two weeks timeline to practice short runs. My plan is to ramp up the distance gradually. Overall feel good after the run but also bit sleepy and more hungry.,2026-04-25_09-17-53_hk_1777101473.fit,178,2026-04-25T07:20:51.000Z,177.000,437.84,,160,77,2.248,29.61,50.817258,4.400676
2026-04-25,Running,Morning Jog,Morning jog on Saturday as I could not manage it during weekdays. I am still in two weeks timeline to practice short runs. My plan is to ramp up the distance gradually. Overall feel good after the run but also bit sleepy and more hungry.,2026-04-25_09-17-53_hk_1777101473.fit,179,2026-04-25T07:20:52.000Z,178.000,441.2,,160,77,2.322,29.61,50.81724,4.40064
2026-04-25,Running,Morning Jog,Morning jog on Saturday as I could not manage it during weekdays. I am still in two weeks timeline to practice short runs. My plan is to ramp up the distance gradually. Overall feel good after the run but also bit sleepy and more hungry.,2026-04-25_09-17-53_hk_1777101473.fit,180,2026-04-25T07:20:53.000Z,179.000,442.93,,160,79,2.335,29.61,50.81724,4.400604
2026-04-25,Running,Morning Jog,Morning jog on Saturday as I could not manage it during weekdays. I am still in two weeks timeline to practice short runs. My plan is to ramp up the distance gradually. Overall feel good after the run but also bit sleepy and more hungry.,2026-04-25_09-17-53_hk_1777101473.fit,181,2026-04-25T07:20:54.000Z,180.000,444.67,,160,79,2.391,29.61,50.81724,4.400586
2026-04-25,Running,Morning Jog,Morning jog on Saturday as I could not manage it during weekdays. I am still in two weeks timeline to practice short runs. My plan is to ramp up the distance gradually. Overall feel good after the run but also bit sleepy and more hungry.,2026-04-25_09-17-53_hk_1777101473.fit,182,2026-04-25T07:20:55.000Z,181.000,446.41,,157,79,2.405,29.61,50.817222,4.40055
2026-04-25,Running,Morning Jog,Morning jog on Saturday as I could not manage it during weekdays. I am still in two weeks timeline to practice short runs. My plan is to ramp up the distance gradually. Overall feel good after the run but also bit sleepy and more hungry.,2026-04-25_09-17-53_hk_1777101473.fit,183,2026-04-25T07:20:56.000Z,182.000,448.92,,157,77,2.449,29.61,50.817222,4.400532
2026-04-25,Running,Morning Jog,Morning jog on Saturday as I could not manage it during weekdays. I am still in two weeks timeline to practice short runs. My plan is to ramp up the distance gradually. Overall feel good after the run but also bit sleepy and more hungry.,2026-04-25_09-17-53_hk_1777101473.fit,184,2026-04-25T07:20:57.000Z,183.000,451.42,,155,77,2.537,29.61,50.817222,4.400496
2026-04-25,Running,Morning Jog,Morning jog on Saturday as I could not manage it during weekdays. I am still in two weeks timeline to practice short runs. My plan is to ramp up the distance gradually. Overall feel good after the run but also bit sleepy and more hungry.,2026-04-25_09-17-53_hk_1777101473.fit,185,2026-04-25T07:20:58.000Z,184.000,453.55,,155,77,2.517,29.61,50.817222,4.40046
2026-04-25,Running,Morning Jog,Morning jog on Saturday as I could not manage it during weekdays. I am still in two weeks timeline to practice short runs. My plan is to ramp up the distance gradually. Overall feel good after the run but also bit sleepy and more hungry.,2026-04-25_09-17-53_hk_1777101473.fit,186,2026-04-25T07:20:59.000Z,185.000,455.68,,155,78,2.45,29.61,50.817222,4.400442
2026-04-25,Running,Morning Jog,Morning jog on Saturday as I could not manage it during weekdays. I am still in two weeks timeline to practice short runs. My plan is to ramp up the distance gradually. Overall feel good after the run but also bit sleepy and more hungry.,2026-04-25_09-17-53_hk_1777101473.fit,187,2026-04-25T07:21:00.000Z,186.000,457.8,,154,78,2.383,29.6,50.817204,4.400406
2026-04-25,Running,Morning Jog,Morning jog on Saturday as I could not manage it during weekdays. I am still in two weeks timeline to practice short runs. My plan is to ramp up the distance gradually. Overall feel good after the run but also bit sleepy and more hungry.,2026-04-25_09-17-53_hk_1777101473.fit,188,2026-04-25T07:21:01.000Z,187.000,459.32,,154,78,2.344,29.6,50.817204,4.40037
2026-04-25,Running,Morning Jog,Morning jog on Saturday as I could not manage it during weekdays. I am still in two weeks timeline to practice short runs. My plan is to ramp up the distance gradually. Overall feel good after the run but also bit sleepy and more hungry.,2026-04-25_09-17-53_hk_1777101473.fit,189,2026-04-25T07:21:02.000Z,188.000,460.84,,147,76,2.326,29.6,50.817204,4.400334
2026-04-25,Running,Morning Jog,Morning jog on Saturday as I could not manage it during weekdays. I am still in two weeks timeline to practice short runs. My plan is to ramp up the distance gradually. Overall feel good after the run but also bit sleepy and more hungry.,2026-04-25_09-17-53_hk_1777101473.fit,190,2026-04-25T07:21:03.000Z,189.000,462.94,,147,76,2.335,29.6,50.817186,4.400298
2026-04-25,Running,Morning Jog,Morning jog on Saturday as I could not manage it during weekdays. I am still in two weeks timeline to practice short runs. My plan is to ramp up the distance gradually. Overall feel good after the run but also bit sleepy and more hungry.,2026-04-25_09-17-53_hk_1777101473.fit,191,2026-04-25T07:21:04.000Z,190.000,465.04,,147,76,2.343,29.6,50.817186,4.40028
2026-04-25,Running,Morning Jog,Morning jog on Saturday as I could not manage it during weekdays. I am still in two weeks timeline to practice short runs. My plan is to ramp up the distance gradually. Overall feel good after the run but also bit sleepy and more hungry.,2026-04-25_09-17-53_hk_1777101473.fit,192,2026-04-25T07:21:05.000Z,191.000,467.14,,148,76,2.32,29.6,50.817186,4.400244
2026-04-25,Running,Morning Jog,Morning jog on Saturday as I could not manage it during weekdays. I am still in two weeks timeline to practice short runs. My plan is to ramp up the distance gradually. Overall feel good after the run but also bit sleepy and more hungry.,2026-04-25_09-17-53_hk_1777101473.fit,193,2026-04-25T07:21:06.000Z,192.000,469.28,,148,76,2.298,29.6,50.817168,4.400208
2026-04-25,Running,Morning Jog,Morning jog on Saturday as I could not manage it during weekdays. I am still in two weeks timeline to practice short runs. My plan is to ramp up the distance gradually. Overall feel good after the run but also bit sleepy and more hungry.,2026-04-25_09-17-53_hk_1777101473.fit,194,2026-04-25T07:21:07.000Z,193.000,471.43,,148,76,2.277,29.6,50.817168,4.400172
2026-04-25,Running,Morning Jog,Morning jog on Saturday as I could not manage it during weekdays. I am still in two weeks timeline to practice short runs. My plan is to ramp up the distance gradually. Overall feel good after the run but also bit sleepy and more hungry.,2026-04-25_09-17-53_hk_1777101473.fit,195,2026-04-25T07:21:08.000Z,194.000,473.57,,148,78,2.271,29.6,50.817168,4.400136
2026-04-25,Running,Morning Jog,Morning jog on Saturday as I could not manage it during weekdays. I am still in two weeks timeline to practice short runs. My plan is to ramp up the distance gradually. Overall feel good after the run but also bit sleepy and more hungry.,2026-04-25_09-17-53_hk_1777101473.fit,196,2026-04-25T07:21:09.000Z,195.000,476.34,,148,78,2.25,29.6,50.81715,4.4001
2026-04-25,Running,Morning Jog,Morning jog on Saturday as I could not manage it during weekdays. I am still in two weeks timeline to practice short runs. My plan is to ramp up the distance gradually. Overall feel good after the run but also bit sleepy and more hungry.,2026-04-25_09-17-53_hk_1777101473.fit,197,2026-04-25T07:21:10.000Z,196.000,479.1,,148,78,2.229,29.6,50.81715,4.400064
2026-04-25,Running,Morning Jog,Morning jog on Saturday as I could not manage it during weekdays. I am still in two weeks timeline to practice short runs. My plan is to ramp up the distance gradually. Overall feel good after the run but also bit sleepy and more hungry.,2026-04-25_09-17-53_hk_1777101473.fit,198,2026-04-25T07:21:11.000Z,197.000,481.35,,148,77,2.231,29.6,50.817132,4.400028
2026-04-25,Running,Morning Jog,Morning jog on Saturday as I could not manage it during weekdays. I am still in two weeks timeline to practice short runs. My plan is to ramp up the distance gradually. Overall feel good after the run but also bit sleepy and more hungry.,2026-04-25_09-17-53_hk_1777101473.fit,199,2026-04-25T07:21:12.000Z,198.000,483.61,,148,77,2.232,29.6,50.817132,4.399992
2026-04-25,Running,Morning Jog,Morning jog on Saturday as I could not manage it during weekdays. I am still in two weeks timeline to practice short runs. My plan is to ramp up the distance gradually. Overall feel good after the run but also bit sleepy and more hungry.,2026-04-25_09-17-53_hk_1777101473.fit,200,2026-04-25T07:21:13.000Z,199.000,485.86,,152,77,2.234,29.6,50.817114,4.399956
2026-04-25,Running,Morning Jog,Morning jog on Saturday as I could not manage it during weekdays. I am still in two weeks timeline to practice short runs. My plan is to ramp up the distance gradually. Overall feel good after the run but also bit sleepy and more hungry.,2026-04-25_09-17-53_hk_1777101473.fit,201,2026-04-25T07:21:14.000Z,200.000,490.24,,152,79,2.278,29.6,50.817114,4.39992
2026-04-25,Running,Morning Jog,Morning jog on Saturday as I could not manage it during weekdays. I am still in two weeks timeline to practice short runs. My plan is to ramp up the distance gradually. Overall feel good after the run but also bit sleepy and more hungry.,2026-04-25_09-17-53_hk_1777101473.fit,202,2026-04-25T07:21:15.000Z,201.000,494.61,,155,79,2.349,29.6,50.817114,4.399884
2026-04-25,Running,Morning Jog,Morning jog on Saturday as I could not manage it during weekdays. I am still in two weeks timeline to practice short runs. My plan is to ramp up the distance gradually. Overall feel good after the run but also bit sleepy and more hungry.,2026-04-25_09-17-53_hk_1777101473.fit,203,2026-04-25T07:21:16.000Z,202.000,496.73,,155,79,2.396,29.59,50.817096,4.399848
2026-04-25,Running,Morning Jog,Morning jog on Saturday as I could not manage it during weekdays. I am still in two weeks timeline to practice short runs. My plan is to ramp up the distance gradually. Overall feel good after the run but also bit sleepy and more hungry.,2026-04-25_09-17-53_hk_1777101473.fit,204,2026-04-25T07:21:17.000Z,203.000,498.84,,155,77,2.383,29.59,50.817096,4.399812
2026-04-25,Running,Morning Jog,Morning jog on Saturday as I could not manage it during weekdays. I am still in two weeks timeline to practice short runs. My plan is to ramp up the distance gradually. Overall feel good after the run but also bit sleepy and more hungry.,2026-04-25_09-17-53_hk_1777101473.fit,205,2026-04-25T07:21:18.000Z,204.000,500.96,,157,77,2.366,29.59,50.817096,4.399776
2026-04-25,Running,Morning Jog,Morning jog on Saturday as I could not manage it during weekdays. I am still in two weeks timeline to practice short runs. My plan is to ramp up the distance gradually. Overall feel good after the run but also bit sleepy and more hungry.,2026-04-25_09-17-53_hk_1777101473.fit,206,2026-04-25T07:21:19.000Z,205.000,504.71,,157,77,2.436,29.59,50.817096,4.39974
2026-04-25,Running,Morning Jog,Morning jog on Saturday as I could not manage it during weekdays. I am still in two weeks timeline to practice short runs. My plan is to ramp up the distance gradually. Overall feel good after the run but also bit sleepy and more hungry.,2026-04-25_09-17-53_hk_1777101473.fit,207,2026-04-25T07:21:20.000Z,206.000,508.47,,161,79,2.533,29.59,50.817096,4.399704
2026-04-25,Running,Morning Jog,Morning jog on Saturday as I could not manage it during weekdays. I am still in two weeks timeline to practice short runs. My plan is to ramp up the distance gradually. Overall feel good after the run but also bit sleepy and more hungry.,2026-04-25_09-17-53_hk_1777101473.fit,208,2026-04-25T07:21:21.000Z,207.000,510.93,,161,79,2.636,29.59,50.817096,4.399668
2026-04-25,Running,Morning Jog,Morning jog on Saturday as I could not manage it during weekdays. I am still in two weeks timeline to practice short runs. My plan is to ramp up the distance gradually. Overall feel good after the run but also bit sleepy and more hungry.,2026-04-25_09-17-53_hk_1777101473.fit,209,2026-04-25T07:21:22.000Z,208.000,513.39,,161,79,2.655,29.58,50.817096,4.399614
2026-04-25,Running,Morning Jog,Morning jog on Saturday as I could not manage it during weekdays. I am still in two weeks timeline to practice short runs. My plan is to ramp up the distance gradually. Overall feel good after the run but also bit sleepy and more hungry.,2026-04-25_09-17-53_hk_1777101473.fit,210,2026-04-25T07:21:23.000Z,209.000,515.85,,162,79,2.675,29.58,50.817096,4.399578
2026-04-25,Running,Morning Jog,Morning jog on Saturday as I could not manage it during weekdays. I am still in two weeks timeline to practice short runs. My plan is to ramp up the distance gradually. Overall feel good after the run but also bit sleepy and more hungry.,2026-04-25_09-17-53_hk_1777101473.fit,211,2026-04-25T07:21:24.000Z,210.000,518.08,,162,79,2.681,29.58,50.817096,4.399542
2026-04-25,Running,Morning Jog,Morning jog on Saturday as I could not manage it during weekdays. I am still in two weeks timeline to practice short runs. My plan is to ramp up the distance gradually. Overall feel good after the run but also bit sleepy and more hungry.,2026-04-25_09-17-53_hk_1777101473.fit,212,2026-04-25T07:21:25.000Z,211.000,520.31,,162,79,2.685,29.58,50.817078,4.399506
2026-04-25,Running,Morning Jog,Morning jog on Saturday as I could not manage it during weekdays. I am still in two weeks timeline to practice short runs. My plan is to ramp up the distance gradually. Overall feel good after the run but also bit sleepy and more hungry.,2026-04-25_09-17-53_hk_1777101473.fit,213,2026-04-25T07:21:26.000Z,212.000,522.53,,165,77,2.69,29.58,50.817078,4.39947
2026-04-25,Running,Morning Jog,Morning jog on Saturday as I could not manage it during weekdays. I am still in two weeks timeline to practice short runs. My plan is to ramp up the distance gradually. Overall feel good after the run but also bit sleepy and more hungry.,2026-04-25_09-17-53_hk_1777101473.fit,214,2026-04-25T07:21:27.000Z,213.000,525.42,,165,77,2.729,29.58,50.817078,4.399434
2026-04-25,Running,Morning Jog,Morning jog on Saturday as I could not manage it during weekdays. I am still in two weeks timeline to practice short runs. My plan is to ramp up the distance gradually. Overall feel good after the run but also bit sleepy and more hungry.,2026-04-25_09-17-53_hk_1777101473.fit,215,2026-04-25T07:21:28.000Z,214.000,528.3,,163,77,2.735,29.58,50.817078,4.399398
2026-04-25,Running,Morning Jog,Morning jog on Saturday as I could not manage it during weekdays. I am still in two weeks timeline to practice short runs. My plan is to ramp up the distance gradually. Overall feel good after the run but also bit sleepy and more hungry.,2026-04-25_09-17-53_hk_1777101473.fit,216,2026-04-25T07:21:29.000Z,215.000,531.3,,163,79,2.747,29.58,50.817078,4.399362
2026-04-25,Running,Morning Jog,Morning jog on Saturday as I could not manage it during weekdays. I am still in two weeks timeline to practice short runs. My plan is to ramp up the distance gradually. Overall feel good after the run but also bit sleepy and more hungry.,2026-04-25_09-17-53_hk_1777101473.fit,217,2026-04-25T07:21:30.000Z,216.000,534.29,,163,79,2.816,29.57,50.817078,4.399326
2026-04-25,Running,Morning Jog,Morning jog on Saturday as I could not manage it during weekdays. I am still in two weeks timeline to practice short runs. My plan is to ramp up the distance gradually. Overall feel good after the run but also bit sleepy and more hungry.,2026-04-25_09-17-53_hk_1777101473.fit,218,2026-04-25T07:21:31.000Z,217.000,537.29,,166,79,2.857,29.57,50.817078,4.399272
2026-04-25,Running,Morning Jog,Morning jog on Saturday as I could not manage it during weekdays. I am still in two weeks timeline to practice short runs. My plan is to ramp up the distance gradually. Overall feel good after the run but also bit sleepy and more hungry.,2026-04-25_09-17-53_hk_1777101473.fit,219,2026-04-25T07:21:32.000Z,218.000,540.18,,166,79,2.859,29.57,50.817078,4.399236
2026-04-25,Running,Morning Jog,Morning jog on Saturday as I could not manage it during weekdays. I am still in two weeks timeline to practice short runs. My plan is to ramp up the distance gradually. Overall feel good after the run but also bit sleepy and more hungry.,2026-04-25_09-17-53_hk_1777101473.fit,220,2026-04-25T07:21:33.000Z,219.000,543.08,,164,79,2.781,29.57,50.817078,4.3992
2026-04-25,Running,Morning Jog,Morning jog on Saturday as I could not manage it during weekdays. I am still in two weeks timeline to practice short runs. My plan is to ramp up the distance gradually. Overall feel good after the run but also bit sleepy and more hungry.,2026-04-25_09-17-53_hk_1777101473.fit,221,2026-04-25T07:21:34.000Z,220.000,544.63,,164,79,2.633,29.57,50.817078,4.399164
2026-04-25,Running,Morning Jog,Morning jog on Saturday as I could not manage it during weekdays. I am still in two weeks timeline to practice short runs. My plan is to ramp up the distance gradually. Overall feel good after the run but also bit sleepy and more hungry.,2026-04-25_09-17-53_hk_1777101473.fit,222,2026-04-25T07:21:35.000Z,221.000,546.18,,164,79,2.579,29.57,50.817078,4.399146
2026-04-25,Running,Morning Jog,Morning jog on Saturday as I could not manage it during weekdays. I am still in two weeks timeline to practice short runs. My plan is to ramp up the distance gradually. Overall feel good after the run but also bit sleepy and more hungry.,2026-04-25_09-17-53_hk_1777101473.fit,223,2026-04-25T07:21:36.000Z,222.000,547.74,,161,79,2.551,29.57,50.817078,4.39911
2026-04-25,Running,Morning Jog,Morning jog on Saturday as I could not manage it during weekdays. I am still in two weeks timeline to practice short runs. My plan is to ramp up the distance gradually. Overall feel good after the run but also bit sleepy and more hungry.,2026-04-25_09-17-53_hk_1777101473.fit,224,2026-04-25T07:21:37.000Z,223.000,550.68,,161,79,2.592,29.57,50.817078,4.399074
2026-04-25,Running,Morning Jog,Morning jog on Saturday as I could not manage it during weekdays. I am still in two weeks timeline to practice short runs. My plan is to ramp up the distance gradually. Overall feel good after the run but also bit sleepy and more hungry.,2026-04-25_09-17-53_hk_1777101473.fit,225,2026-04-25T07:21:38.000Z,224.000,553.61,,159,79,2.633,29.57,50.817078,4.399056
2026-04-25,Running,Morning Jog,Morning jog on Saturday as I could not manage it during weekdays. I am still in two weeks timeline to practice short runs. My plan is to ramp up the distance gradually. Overall feel good after the run but also bit sleepy and more hungry.,2026-04-25_09-17-53_hk_1777101473.fit,226,2026-04-25T07:21:39.000Z,225.000,555.66,,159,79,2.547,29.57,50.817078,4.39902
2026-04-25,Running,Morning Jog,Morning jog on Saturday as I could not manage it during weekdays. I am still in two weeks timeline to practice short runs. My plan is to ramp up the distance gradually. Overall feel good after the run but also bit sleepy and more hungry.,2026-04-25_09-17-53_hk_1777101473.fit,227,2026-04-25T07:21:40.000Z,226.000,557.7,,159,79,2.523,29.57,50.817078,4.398984
2026-04-25,Running,Morning Jog,Morning jog on Saturday as I could not manage it during weekdays. I am still in two weeks timeline to practice short runs. My plan is to ramp up the distance gradually. Overall feel good after the run but also bit sleepy and more hungry.,2026-04-25_09-17-53_hk_1777101473.fit,228,2026-04-25T07:21:41.000Z,227.000,559.75,,159,79,2.442,29.58,50.817078,4.398966
2026-04-25,Running,Morning Jog,Morning jog on Saturday as I could not manage it during weekdays. I am still in two weeks timeline to practice short runs. My plan is to ramp up the distance gradually. Overall feel good after the run but also bit sleepy and more hungry.,2026-04-25_09-17-53_hk_1777101473.fit,229,2026-04-25T07:21:42.000Z,228.000,562.97,,159,79,2.478,29.58,50.817078,4.39893
2026-04-25,Running,Morning Jog,Morning jog on Saturday as I could not manage it during weekdays. I am still in two weeks timeline to practice short runs. My plan is to ramp up the distance gradually. Overall feel good after the run but also bit sleepy and more hungry.,2026-04-25_09-17-53_hk_1777101473.fit,230,2026-04-25T07:21:43.000Z,229.000,566.19,,161,79,2.517,29.58,50.817078,4.398894
2026-04-25,Running,Morning Jog,Morning jog on Saturday as I could not manage it during weekdays. I am still in two weeks timeline to practice short runs. My plan is to ramp up the distance gradually. Overall feel good after the run but also bit sleepy and more hungry.,2026-04-25_09-17-53_hk_1777101473.fit,231,2026-04-25T07:21:44.000Z,230.000,568.48,,161,77,2.52,29.58,50.817078,4.398858
2026-04-25,Running,Morning Jog,Morning jog on Saturday as I could not manage it during weekdays. I am still in two weeks timeline to practice short runs. My plan is to ramp up the distance gradually. Overall feel good after the run but also bit sleepy and more hungry.,2026-04-25_09-17-53_hk_1777101473.fit,232,2026-04-25T07:21:45.000Z,231.000,570.76,,161,77,2.523,29.59,50.817078,4.398822
2026-04-25,Running,Morning Jog,Morning jog on Saturday as I could not manage it during weekdays. I am still in two weeks timeline to practice short runs. My plan is to ramp up the distance gradually. Overall feel good after the run but also bit sleepy and more hungry.,2026-04-25_09-17-53_hk_1777101473.fit,233,2026-04-25T07:21:46.000Z,232.000,573.05,,162,77,2.526,29.59,50.817078,4.398786
2026-04-25,Running,Morning Jog,Morning jog on Saturday as I could not manage it during weekdays. I am still in two weeks timeline to practice short runs. My plan is to ramp up the distance gradually. Overall feel good after the run but also bit sleepy and more hungry.,2026-04-25_09-17-53_hk_1777101473.fit,234,2026-04-25T07:21:47.000Z,233.000,575.67,,162,79,2.513,29.59,50.817078,4.39875
2026-04-25,Running,Morning Jog,Morning jog on Saturday as I could not manage it during weekdays. I am still in two weeks timeline to practice short runs. My plan is to ramp up the distance gradually. Overall feel good after the run but also bit sleepy and more hungry.,2026-04-25_09-17-53_hk_1777101473.fit,235,2026-04-25T07:21:48.000Z,234.000,578.29,,162,79,2.518,29.6,50.817078,4.398714
2026-04-25,Running,Morning Jog,Morning jog on Saturday as I could not manage it during weekdays. I am still in two weeks timeline to practice short runs. My plan is to ramp up the distance gradually. Overall feel good after the run but also bit sleepy and more hungry.,2026-04-25_09-17-53_hk_1777101473.fit,236,2026-04-25T07:21:49.000Z,235.000,580.91,,164,79,2.505,29.6,50.817078,4.39866
2026-04-25,Running,Morning Jog,Morning jog on Saturday as I could not manage it during weekdays. I am still in two weeks timeline to practice short runs. My plan is to ramp up the distance gradually. Overall feel good after the run but also bit sleepy and more hungry.,2026-04-25_09-17-53_hk_1777101473.fit,237,2026-04-25T07:21:50.000Z,236.000,584.13,,164,77,2.516,29.6,50.81706,4.398624
2026-04-25,Running,Morning Jog,Morning jog on Saturday as I could not manage it during weekdays. I am still in two weeks timeline to practice short runs. My plan is to ramp up the distance gradually. Overall feel good after the run but also bit sleepy and more hungry.,2026-04-25_09-17-53_hk_1777101473.fit,238,2026-04-25T07:21:51.000Z,237.000,587.34,,166,77,2.502,29.61,50.81706,4.398588
2026-04-25,Running,Morning Jog,Morning jog on Saturday as I could not manage it during weekdays. I am still in two weeks timeline to practice short runs. My plan is to ramp up the distance gradually. Overall feel good after the run but also bit sleepy and more hungry.,2026-04-25_09-17-53_hk_1777101473.fit,239,2026-04-25T07:21:52.000Z,238.000,589.87,,166,77,2.504,29.61,50.81706,4.398552
2026-04-25,Running,Morning Jog,Morning jog on Saturday as I could not manage it during weekdays. I am still in two weeks timeline to practice short runs. My plan is to ramp up the distance gradually. Overall feel good after the run but also bit sleepy and more hungry.,2026-04-25_09-17-53_hk_1777101473.fit,240,2026-04-25T07:21:53.000Z,239.000,592.39,,166,79,2.486,29.62,50.81706,4.398516
2026-04-25,Running,Morning Jog,Morning jog on Saturday as I could not manage it during weekdays. I am still in two weeks timeline to practice short runs. My plan is to ramp up the distance gradually. Overall feel good after the run but also bit sleepy and more hungry.,2026-04-25_09-17-53_hk_1777101473.fit,241,2026-04-25T07:21:54.000Z,240.000,594.92,,168,79,2.514,29.62,50.81706,4.39848
2026-04-25,Running,Morning Jog,Morning jog on Saturday as I could not manage it during weekdays. I am still in two weeks timeline to practice short runs. My plan is to ramp up the distance gradually. Overall feel good after the run but also bit sleepy and more hungry.,2026-04-25_09-17-53_hk_1777101473.fit,242,2026-04-25T07:21:55.000Z,241.000,597.75,,168,79,2.632,29.63,50.817078,4.398444
2026-04-25,Running,Morning Jog,Morning jog on Saturday as I could not manage it during weekdays. I am still in two weeks timeline to practice short runs. My plan is to ramp up the distance gradually. Overall feel good after the run but also bit sleepy and more hungry.,2026-04-25_09-17-53_hk_1777101473.fit,243,2026-04-25T07:21:56.000Z,242.000,600.58,,174,79,2.642,29.63,50.817078,4.398408
2026-04-25,Running,Morning Jog,Morning jog on Saturday as I could not manage it during weekdays. I am still in two weeks timeline to practice short runs. My plan is to ramp up the distance gradually. Overall feel good after the run but also bit sleepy and more hungry.,2026-04-25_09-17-53_hk_1777101473.fit,244,2026-04-25T07:21:57.000Z,243.000,602.27,,174,79,2.58,29.64,50.817078,4.398372
2026-04-25,Running,Morning Jog,Morning jog on Saturday as I could not manage it during weekdays. I am still in two weeks timeline to practice short runs. My plan is to ramp up the distance gradually. Overall feel good after the run but also bit sleepy and more hungry.,2026-04-25_09-17-53_hk_1777101473.fit,245,2026-04-25T07:21:58.000Z,244.000,603.97,,174,79,2.518,29.64,50.817078,4.398354
2026-04-25,Running,Morning Jog,Morning jog on Saturday as I could not manage it during weekdays. I am still in two weeks timeline to practice short runs. My plan is to ramp up the distance gradually. Overall feel good after the run but also bit sleepy and more hungry.,2026-04-25_09-17-53_hk_1777101473.fit,246,2026-04-25T07:21:59.000Z,245.000,605.66,,219,77,2.5,29.65,50.817096,4.398318
2026-04-25,Running,Morning Jog,Morning jog on Saturday as I could not manage it during weekdays. I am still in two weeks timeline to practice short runs. My plan is to ramp up the distance gradually. Overall feel good after the run but also bit sleepy and more hungry.,2026-04-25_09-17-53_hk_1777101473.fit,247,2026-04-25T07:22:00.000Z,246.000,609.62,,219,77,2.596,29.65,50.817096,4.398282
2026-04-25,Running,Morning Jog,Morning jog on Saturday as I could not manage it during weekdays. I am still in two weeks timeline to practice short runs. My plan is to ramp up the distance gradually. Overall feel good after the run but also bit sleepy and more hungry.,2026-04-25_09-17-53_hk_1777101473.fit,248,2026-04-25T07:22:01.000Z,247.000,613.58,,217,77,2.664,29.66,50.817114,4.398246
2026-04-25,Running,Morning Jog,Morning jog on Saturday as I could not manage it during weekdays. I am still in two weeks timeline to practice short runs. My plan is to ramp up the distance gradually. Overall feel good after the run but also bit sleepy and more hungry.,2026-04-25_09-17-53_hk_1777101473.fit,249,2026-04-25T07:22:02.000Z,248.000,615.71,,217,78,2.637,29.66,50.817114,4.39821
2026-04-25,Running,Morning Jog,Morning jog on Saturday as I could not manage it during weekdays. I am still in two weeks timeline to practice short runs. My plan is to ramp up the distance gradually. Overall feel good after the run but also bit sleepy and more hungry.,2026-04-25_09-17-53_hk_1777101473.fit,250,2026-04-25T07:22:03.000Z,249.000,617.84,,217,78,2.582,29.67,50.817132,4.398174
2026-04-25,Running,Morning Jog,Morning jog on Saturday as I could not manage it during weekdays. I am still in two weeks timeline to practice short runs. My plan is to ramp up the distance gradually. Overall feel good after the run but also bit sleepy and more hungry.,2026-04-25_09-17-53_hk_1777101473.fit,251,2026-04-25T07:22:04.000Z,250.000,619.97,,217,78,2.575,29.67,50.817132,4.39812
2026-04-25,Running,Morning Jog,Morning jog on Saturday as I could not manage it during weekdays. I am still in two weeks timeline to practice short runs. My plan is to ramp up the distance gradually. Overall feel good after the run but also bit sleepy and more hungry.,2026-04-25_09-17-53_hk_1777101473.fit,252,2026-04-25T07:22:05.000Z,251.000,623.48,,217,76,2.654,29.68,50.81715,4.398084
2026-04-25,Running,Morning Jog,Morning jog on Saturday as I could not manage it during weekdays. I am still in two weeks timeline to practice short runs. My plan is to ramp up the distance gradually. Overall feel good after the run but also bit sleepy and more hungry.,2026-04-25_09-17-53_hk_1777101473.fit,253,2026-04-25T07:22:06.000Z,252.000,626.99,,216,76,2.701,29.68,50.81715,4.398048
2026-04-25,Running,Morning Jog,Morning jog on Saturday as I could not manage it during weekdays. I am still in two weeks timeline to practice short runs. My plan is to ramp up the distance gradually. Overall feel good after the run but also bit sleepy and more hungry.,2026-04-25_09-17-53_hk_1777101473.fit,254,2026-04-25T07:22:07.000Z,253.000,629.63,,216,76,2.702,29.69,50.81715,4.398012
2026-04-25,Running,Morning Jog,Morning jog on Saturday as I could not manage it during weekdays. I am still in two weeks timeline to practice short runs. My plan is to ramp up the distance gradually. Overall feel good after the run but also bit sleepy and more hungry.,2026-04-25_09-17-53_hk_1777101473.fit,255,2026-04-25T07:22:08.000Z,254.000,632.27,,216,78,2.703,29.69,50.817168,4.397976
2026-04-25,Running,Morning Jog,Morning jog on Saturday as I could not manage it during weekdays. I am still in two weeks timeline to practice short runs. My plan is to ramp up the distance gradually. Overall feel good after the run but also bit sleepy and more hungry.,2026-04-25_09-17-53_hk_1777101473.fit,256,2026-04-25T07:22:09.000Z,255.000,634.91,,219,78,2.673,29.7,50.817168,4.39794
2026-04-25,Running,Morning Jog,Morning jog on Saturday as I could not manage it during weekdays. I am still in two weeks timeline to practice short runs. My plan is to ramp up the distance gradually. Overall feel good after the run but also bit sleepy and more hungry.,2026-04-25_09-17-53_hk_1777101473.fit,257,2026-04-25T07:22:10.000Z,256.000,636.91,,219,78,2.639,29.71,50.817186,4.397904
2026-04-25,Running,Morning Jog,Morning jog on Saturday as I could not manage it during weekdays. I am still in two weeks timeline to practice short runs. My plan is to ramp up the distance gradually. Overall feel good after the run but also bit sleepy and more hungry.,2026-04-25_09-17-53_hk_1777101473.fit,258,2026-04-25T07:22:11.000Z,257.000,638.92,,219,77,2.579,29.71,50.817186,4.397868
2026-04-25,Running,Morning Jog,Morning jog on Saturday as I could not manage it during weekdays. I am still in two weeks timeline to practice short runs. My plan is to ramp up the distance gradually. Overall feel good after the run but also bit sleepy and more hungry.,2026-04-25_09-17-53_hk_1777101473.fit,259,2026-04-25T07:22:12.000Z,258.000,640.92,,222,77,2.553,29.72,50.817186,4.397832
2026-04-25,Running,Morning Jog,Morning jog on Saturday as I could not manage it during weekdays. I am still in two weeks timeline to practice short runs. My plan is to ramp up the distance gradually. Overall feel good after the run but also bit sleepy and more hungry.,2026-04-25_09-17-53_hk_1777101473.fit,260,2026-04-25T07:22:13.000Z,259.000,644.69,,222,77,2.615,29.72,50.817204,4.397796
2026-04-25,Running,Morning Jog,Morning jog on Saturday as I could not manage it during weekdays. I am still in two weeks timeline to practice short runs. My plan is to ramp up the distance gradually. Overall feel good after the run but also bit sleepy and more hungry.,2026-04-25_09-17-53_hk_1777101473.fit,261,2026-04-25T07:22:14.000Z,260.000,648.46,,226,79,2.669,29.73,50.817222,4.39776
2026-04-25,Running,Morning Jog,Morning jog on Saturday as I could not manage it during weekdays. I am still in two weeks timeline to practice short runs. My plan is to ramp up the distance gradually. Overall feel good after the run but also bit sleepy and more hungry.,2026-04-25_09-17-53_hk_1777101473.fit,262,2026-04-25T07:22:15.000Z,261.000,650.75,162,226,79,2.641,29.73,50.817222,4.397724
2026-04-25,Running,Morning Jog,Morning jog on Saturday as I could not manage it during weekdays. I am still in two weeks timeline to practice short runs. My plan is to ramp up the distance gradually. Overall feel good after the run but also bit sleepy and more hungry.,2026-04-25_09-17-53_hk_1777101473.fit,263,2026-04-25T07:22:16.000Z,262.000,653.05,162,226,79,2.672,29.74,50.81724,4.397706
2026-04-25,Running,Morning Jog,Morning jog on Saturday as I could not manage it during weekdays. I am still in two weeks timeline to practice short runs. My plan is to ramp up the distance gradually. Overall feel good after the run but also bit sleepy and more hungry.,2026-04-25_09-17-53_hk_1777101473.fit,264,2026-04-25T07:22:17.000Z,263.000,655.34,162,225,79,2.704,29.74,50.81724,4.39767
2026-04-25,Running,Morning Jog,Morning jog on Saturday as I could not manage it during weekdays. I am still in two weeks timeline to practice short runs. My plan is to ramp up the distance gradually. Overall feel good after the run but also bit sleepy and more hungry.,2026-04-25_09-17-53_hk_1777101473.fit,265,2026-04-25T07:22:18.000Z,264.000,658.27,162,225,79,2.769,29.75,50.817258,4.397634
2026-04-25,Running,Morning Jog,Morning jog on Saturday as I could not manage it during weekdays. I am still in two weeks timeline to practice short runs. My plan is to ramp up the distance gradually. Overall feel good after the run but also bit sleepy and more hungry.,2026-04-25_09-17-53_hk_1777101473.fit,266,2026-04-25T07:22:19.000Z,265.000,661.2,162,225,79,2.714,29.75,50.817258,4.397616
2026-04-25,Running,Morning Jog,Morning jog on Saturday as I could not manage it during weekdays. I am still in two weeks timeline to practice short runs. My plan is to ramp up the distance gradually. Overall feel good after the run but also bit sleepy and more hungry.,2026-04-25_09-17-53_hk_1777101473.fit,267,2026-04-25T07:22:20.000Z,266.000,663.27,162,225,77,2.682,29.76,50.817276,4.39758
2026-04-25,Running,Morning Jog,Morning jog on Saturday as I could not manage it during weekdays. I am still in two weeks timeline to practice short runs. My plan is to ramp up the distance gradually. Overall feel good after the run but also bit sleepy and more hungry.,2026-04-25_09-17-53_hk_1777101473.fit,268,2026-04-25T07:22:21.000Z,267.000,665.34,162,225,77,2.588,29.76,50.817276,4.397544
2026-04-25,Running,Morning Jog,Morning jog on Saturday as I could not manage it during weekdays. I am still in two weeks timeline to practice short runs. My plan is to ramp up the distance gradually. Overall feel good after the run but also bit sleepy and more hungry.,2026-04-25_09-17-53_hk_1777101473.fit,269,2026-04-25T07:22:22.000Z,268.000,667.41,162,222,77,2.585,29.77,50.817294,4.397508
2026-04-25,Running,Morning Jog,Morning jog on Saturday as I could not manage it during weekdays. I am still in two weeks timeline to practice short runs. My plan is to ramp up the distance gradually. Overall feel good after the run but also bit sleepy and more hungry.,2026-04-25_09-17-53_hk_1777101473.fit,270,2026-04-25T07:22:23.000Z,269.000,670.24,162,222,78,2.646,29.77,50.817294,4.39749
2026-04-25,Running,Morning Jog,Morning jog on Saturday as I could not manage it during weekdays. I am still in two weeks timeline to practice short runs. My plan is to ramp up the distance gradually. Overall feel good after the run but also bit sleepy and more hungry.,2026-04-25_09-17-53_hk_1777101473.fit,271,2026-04-25T07:22:24.000Z,270.000,673.08,162,222,78,2.656,29.78,50.817312,4.397454
2026-04-25,Running,Morning Jog,Morning jog on Saturday as I could not manage it during weekdays. I am still in two weeks timeline to practice short runs. My plan is to ramp up the distance gradually. Overall feel good after the run but also bit sleepy and more hungry.,2026-04-25_09-17-53_hk_1777101473.fit,272,2026-04-25T07:22:25.000Z,271.000,675.14,162,222,78,2.583,29.78,50.817312,4.397418
2026-04-25,Running,Morning Jog,Morning jog on Saturday as I could not manage it during weekdays. I am still in two weeks timeline to practice short runs. My plan is to ramp up the distance gradually. Overall feel good after the run but also bit sleepy and more hungry.,2026-04-25_09-17-53_hk_1777101473.fit,273,2026-04-25T07:22:26.000Z,272.000,677.21,162,222,76,2.511,29.79,50.81733,4.397382
2026-04-25,Running,Morning Jog,Morning jog on Saturday as I could not manage it during weekdays. I am still in two weeks timeline to practice short runs. My plan is to ramp up the distance gradually. Overall feel good after the run but also bit sleepy and more hungry.,2026-04-25_09-17-53_hk_1777101473.fit,274,2026-04-25T07:22:27.000Z,273.000,679.27,162,222,76,2.49,29.79,50.81733,4.397364
2026-04-25,Running,Morning Jog,Morning jog on Saturday as I could not manage it during weekdays. I am still in two weeks timeline to practice short runs. My plan is to ramp up the distance gradually. Overall feel good after the run but also bit sleepy and more hungry.,2026-04-25_09-17-53_hk_1777101473.fit,275,2026-04-25T07:22:28.000Z,274.000,680.45,162,222,76,2.42,29.8,50.817348,4.397328
2026-04-25,Running,Morning Jog,Morning jog on Saturday as I could not manage it during weekdays. I am still in two weeks timeline to practice short runs. My plan is to ramp up the distance gradually. Overall feel good after the run but also bit sleepy and more hungry.,2026-04-25_09-17-53_hk_1777101473.fit,276,2026-04-25T07:22:29.000Z,275.000,681.63,162,222,79,2.364,29.8,50.817366,4.39731
2026-04-25,Running,Morning Jog,Morning jog on Saturday as I could not manage it during weekdays. I am still in two weeks timeline to practice short runs. My plan is to ramp up the distance gradually. Overall feel good after the run but also bit sleepy and more hungry.,2026-04-25_09-17-53_hk_1777101473.fit,277,2026-04-25T07:22:30.000Z,276.000,682.81,162,215,79,2.297,29.81,50.817366,4.39731
2026-04-25,Running,Morning Jog,Morning jog on Saturday as I could not manage it during weekdays. I am still in two weeks timeline to practice short runs. My plan is to ramp up the distance gradually. Overall feel good after the run but also bit sleepy and more hungry.,2026-04-25_09-17-53_hk_1777101473.fit,278,2026-04-25T07:22:31.000Z,277.000,685.19,162,215,79,2.285,29.81,50.817384,4.397292
2026-04-25,Running,Morning Jog,Morning jog on Saturday as I could not manage it during weekdays. I am still in two weeks timeline to practice short runs. My plan is to ramp up the distance gradually. Overall feel good after the run but also bit sleepy and more hungry.,2026-04-25_09-17-53_hk_1777101473.fit,279,2026-04-25T07:22:32.000Z,278.000,687.57,162,212,76,2.303,29.82,50.817402,4.397274
2026-04-25,Running,Morning Jog,Morning jog on Saturday as I could not manage it during weekdays. I am still in two weeks timeline to practice short runs. My plan is to ramp up the distance gradually. Overall feel good after the run but also bit sleepy and more hungry.,2026-04-25_09-17-53_hk_1777101473.fit,280,2026-04-25T07:22:33.000Z,279.000,690.13,162,212,76,2.328,29.82,50.81742,4.397256
2026-04-25,Running,Morning Jog,Morning jog on Saturday as I could not manage it during weekdays. I am still in two weeks timeline to practice short runs. My plan is to ramp up the distance gradually. Overall feel good after the run but also bit sleepy and more hungry.,2026-04-25_09-17-53_hk_1777101473.fit,281,2026-04-25T07:22:34.000Z,280.000,692.69,162,212,76,2.353,29.83,50.817438,4.397238
2026-04-25,Running,Morning Jog,Morning jog on Saturday as I could not manage it during weekdays. I am still in two weeks timeline to practice short runs. My plan is to ramp up the distance gradually. Overall feel good after the run but also bit sleepy and more hungry.,2026-04-25_09-17-53_hk_1777101473.fit,282,2026-04-25T07:22:35.000Z,281.000,695.25,162,215,78,2.298,29.83,50.817438,4.397202
2026-04-25,Running,Morning Jog,Morning jog on Saturday as I could not manage it during weekdays. I am still in two weeks timeline to practice short runs. My plan is to ramp up the distance gradually. Overall feel good after the run but also bit sleepy and more hungry.,2026-04-25_09-17-53_hk_1777101473.fit,283,2026-04-25T07:22:36.000Z,282.000,697.47,162,215,78,2.295,29.84,50.817456,4.397184
2026-04-25,Running,Morning Jog,Morning jog on Saturday as I could not manage it during weekdays. I am still in two weeks timeline to practice short runs. My plan is to ramp up the distance gradually. Overall feel good after the run but also bit sleepy and more hungry.,2026-04-25_09-17-53_hk_1777101473.fit,284,2026-04-25T07:22:37.000Z,283.000,699.68,162,211,78,2.227,29.84,50.817474,4.397166
2026-04-25,Running,Morning Jog,Morning jog on Saturday as I could not manage it during weekdays. I am still in two weeks timeline to practice short runs. My plan is to ramp up the distance gradually. Overall feel good after the run but also bit sleepy and more hungry.,2026-04-25_09-17-53_hk_1777101473.fit,285,2026-04-25T07:22:38.000Z,284.000,701.93,162,211,76,2.225,29.85,50.817492,4.397148
2026-04-25,Running,Morning Jog,Morning jog on Saturday as I could not manage it during weekdays. I am still in two weeks timeline to practice short runs. My plan is to ramp up the distance gradually. Overall feel good after the run but also bit sleepy and more hungry.,2026-04-25_09-17-53_hk_1777101473.fit,286,2026-04-25T07:22:39.000Z,285.000,704.19,162,211,76,2.223,29.85,50.81751,4.39713
2026-04-25,Running,Morning Jog,Morning jog on Saturday as I could not manage it during weekdays. I am still in two weeks timeline to practice short runs. My plan is to ramp up the distance gradually. Overall feel good after the run but also bit sleepy and more hungry.,2026-04-25_09-17-53_hk_1777101473.fit,287,2026-04-25T07:22:40.000Z,286.000,706.44,162,211,76,2.222,29.86,50.81751,4.397112
2026-04-25,Running,Morning Jog,Morning jog on Saturday as I could not manage it during weekdays. I am still in two weeks timeline to practice short runs. My plan is to ramp up the distance gradually. Overall feel good after the run but also bit sleepy and more hungry.,2026-04-25_09-17-53_hk_1777101473.fit,288,2026-04-25T07:22:41.000Z,287.000,709.27,162,211,76,2.217,29.86,50.817528,4.397076
2026-04-25,Running,Morning Jog,Morning jog on Saturday as I could not manage it during weekdays. I am still in two weeks timeline to practice short runs. My plan is to ramp up the distance gradually. Overall feel good after the run but also bit sleepy and more hungry.,2026-04-25_09-17-53_hk_1777101473.fit,289,2026-04-25T07:22:42.000Z,288.000,712.1,162,211,76,2.213,29.87,50.817546,4.39704
2026-04-25,Running,Morning Jog,Morning jog on Saturday as I could not manage it during weekdays. I am still in two weeks timeline to practice short runs. My plan is to ramp up the distance gradually. Overall feel good after the run but also bit sleepy and more hungry.,2026-04-25_09-17-53_hk_1777101473.fit,290,2026-04-25T07:22:43.000Z,289.000,714.07,162,211,76,2.209,29.87,50.817546,4.397022
2026-04-25,Running,Morning Jog,Morning jog on Saturday as I could not manage it during weekdays. I am still in two weeks timeline to practice short runs. My plan is to ramp up the distance gradually. Overall feel good after the run but also bit sleepy and more hungry.,2026-04-25_09-17-53_hk_1777101473.fit,291,2026-04-25T07:22:44.000Z,290.000,716.04,162,211,76,2.205,29.88,50.817564,4.397004
2026-04-25,Running,Morning Jog,Morning jog on Saturday as I could not manage it during weekdays. I am still in two weeks timeline to practice short runs. My plan is to ramp up the distance gradually. Overall feel good after the run but also bit sleepy and more hungry.,2026-04-25_09-17-53_hk_1777101473.fit,292,2026-04-25T07:22:45.000Z,291.000,718.02,162,209,76,2.201,29.88,50.817582,4.396968
2026-04-25,Running,Morning Jog,Morning jog on Saturday as I could not manage it during weekdays. I am still in two weeks timeline to practice short runs. My plan is to ramp up the distance gradually. Overall feel good after the run but also bit sleepy and more hungry.,2026-04-25_09-17-53_hk_1777101473.fit,293,2026-04-25T07:22:46.000Z,292.000,721.25,162,209,76,2.218,29.89,50.817582,4.39695
2026-04-25,Running,Morning Jog,Morning jog on Saturday as I could not manage it during weekdays. I am still in two weeks timeline to practice short runs. My plan is to ramp up the distance gradually. Overall feel good after the run but also bit sleepy and more hungry.,2026-04-25_09-17-53_hk_1777101473.fit,294,2026-04-25T07:22:47.000Z,293.000,724.48,162,212,76,2.235,29.9,50.8176,4.396914
2026-04-25,Running,Morning Jog,Morning jog on Saturday as I could not manage it during weekdays. I am still in two weeks timeline to practice short runs. My plan is to ramp up the distance gradually. Overall feel good after the run but also bit sleepy and more hungry.,2026-04-25_09-17-53_hk_1777101473.fit,295,2026-04-25T07:22:48.000Z,294.000,726.49,162,212,76,2.233,29.9,50.817618,4.396896
2026-04-25,Running,Morning Jog,Morning jog on Saturday as I could not manage it during weekdays. I am still in two weeks timeline to practice short runs. My plan is to ramp up the distance gradually. Overall feel good after the run but also bit sleepy and more hungry.,2026-04-25_09-17-53_hk_1777101473.fit,296,2026-04-25T07:22:49.000Z,295.000,728.51,162,212,76,2.23,29.91,50.817636,4.39686
2026-04-25,Running,Morning Jog,Morning jog on Saturday as I could not manage it during weekdays. I am still in two weeks timeline to practice short runs. My plan is to ramp up the distance gradually. Overall feel good after the run but also bit sleepy and more hungry.,2026-04-25_09-17-53_hk_1777101473.fit,297,2026-04-25T07:22:50.000Z,296.000,730.52,162,211,76,2.276,29.92,50.817636,4.396842
2026-04-25,Running,Morning Jog,Morning jog on Saturday as I could not manage it during weekdays. I am still in two weeks timeline to practice short runs. My plan is to ramp up the distance gradually. Overall feel good after the run but also bit sleepy and more hungry.,2026-04-25_09-17-53_hk_1777101473.fit,298,2026-04-25T07:22:51.000Z,297.000,732.68,162,211,76,2.32,29.92,50.817654,4.396806
2026-04-25,Running,Morning Jog,Morning jog on Saturday as I could not manage it during weekdays. I am still in two weeks timeline to practice short runs. My plan is to ramp up the distance gradually. Overall feel good after the run but also bit sleepy and more hungry.,2026-04-25_09-17-53_hk_1777101473.fit,299,2026-04-25T07:22:52.000Z,298.000,734.84,162,211,76,2.365,29.93,50.817672,4.396788
2026-04-25,Running,Morning Jog,Morning jog on Saturday as I could not manage it during weekdays. I am still in two weeks timeline to practice short runs. My plan is to ramp up the distance gradually. Overall feel good after the run but also bit sleepy and more hungry.,2026-04-25_09-17-53_hk_1777101473.fit,300,2026-04-25T07:22:53.000Z,299.000,736.99,163,211,78,2.355,29.94,50.81769,4.396752
2026-04-25,Running,Morning Jog,Morning jog on Saturday as I could not manage it during weekdays. I am still in two weeks timeline to practice short runs. My plan is to ramp up the distance gradually. Overall feel good after the run but also bit sleepy and more hungry.,2026-04-25_09-17-53_hk_1777101473.fit,301,2026-04-25T07:22:54.000Z,300.000,740.78,163,211,78,2.412,29.94,50.81769,4.396734
2026-04-25,Running,Morning Jog,Morning jog on Saturday as I could not manage it during weekdays. I am still in two weeks timeline to practice short runs. My plan is to ramp up the distance gradually. Overall feel good after the run but also bit sleepy and more hungry.,2026-04-25_09-17-53_hk_1777101473.fit,302,2026-04-25T07:22:55.000Z,301.000,744.56,163,214,78,2.47,29.95,50.817708,4.396698
2026-04-25,Running,Morning Jog,Morning jog on Saturday as I could not manage it during weekdays. I am still in two weeks timeline to practice short runs. My plan is to ramp up the distance gradually. Overall feel good after the run but also bit sleepy and more hungry.,2026-04-25_09-17-53_hk_1777101473.fit,303,2026-04-25T07:22:56.000Z,302.000,747.06,163,214,77,2.467,29.95,50.817726,4.396662
2026-04-25,Running,Morning Jog,Morning jog on Saturday as I could not manage it during weekdays. I am still in two weeks timeline to practice short runs. My plan is to ramp up the distance gradually. Overall feel good after the run but also bit sleepy and more hungry.,2026-04-25_09-17-53_hk_1777101473.fit,304,2026-04-25T07:22:57.000Z,303.000,749.56,163,214,77,2.481,29.96,50.817744,4.396626
2026-04-25,Running,Morning Jog,Morning jog on Saturday as I could not manage it during weekdays. I am still in two weeks timeline to practice short runs. My plan is to ramp up the distance gradually. Overall feel good after the run but also bit sleepy and more hungry.,2026-04-25_09-17-53_hk_1777101473.fit,305,2026-04-25T07:22:58.000Z,304.000,752.06,163,215,77,2.506,29.97,50.817762,4.396608
2026-04-25,Running,Morning Jog,Morning jog on Saturday as I could not manage it during weekdays. I am still in two weeks timeline to practice short runs. My plan is to ramp up the distance gradually. Overall feel good after the run but also bit sleepy and more hungry.,2026-04-25_09-17-53_hk_1777101473.fit,306,2026-04-25T07:22:59.000Z,305.000,755.34,163,215,77,2.558,29.97,50.81778,4.396572
2026-04-25,Running,Morning Jog,Morning jog on Saturday as I could not manage it during weekdays. I am still in two weeks timeline to practice short runs. My plan is to ramp up the distance gradually. Overall feel good after the run but also bit sleepy and more hungry.,2026-04-25_09-17-53_hk_1777101473.fit,307,2026-04-25T07:23:00.000Z,306.000,758.62,163,216,77,2.609,29.98,50.81778,4.396536
2026-04-25,Running,Morning Jog,Morning jog on Saturday as I could not manage it during weekdays. I am still in two weeks timeline to practice short runs. My plan is to ramp up the distance gradually. Overall feel good after the run but also bit sleepy and more hungry.,2026-04-25_09-17-53_hk_1777101473.fit,308,2026-04-25T07:23:01.000Z,307.000,760.59,163,216,77,2.566,29.99,50.817798,4.3965
2026-04-25,Running,Morning Jog,Morning jog on Saturday as I could not manage it during weekdays. I am still in two weeks timeline to practice short runs. My plan is to ramp up the distance gradually. Overall feel good after the run but also bit sleepy and more hungry.,2026-04-25_09-17-53_hk_1777101473.fit,309,2026-04-25T07:23:02.000Z,308.000,762.55,163,216,74,2.523,29.99,50.817816,4.396482
2026-04-25,Running,Morning Jog,Morning jog on Saturday as I could not manage it during weekdays. I am still in two weeks timeline to practice short runs. My plan is to ramp up the distance gradually. Overall feel good after the run but also bit sleepy and more hungry.,2026-04-25_09-17-53_hk_1777101473.fit,310,2026-04-25T07:23:03.000Z,309.000,764.51,163,217,74,2.522,30,50.817834,4.396446
2026-04-25,Running,Morning Jog,Morning jog on Saturday as I could not manage it during weekdays. I am still in two weeks timeline to practice short runs. My plan is to ramp up the distance gradually. Overall feel good after the run but also bit sleepy and more hungry.,2026-04-25_09-17-53_hk_1777101473.fit,311,2026-04-25T07:23:04.000Z,310.000,768.33,163,217,74,2.648,30,50.817834,4.39641
2026-04-25,Running,Morning Jog,Morning jog on Saturday as I could not manage it during weekdays. I am still in two weeks timeline to practice short runs. My plan is to ramp up the distance gradually. Overall feel good after the run but also bit sleepy and more hungry.,2026-04-25_09-17-53_hk_1777101473.fit,312,2026-04-25T07:23:05.000Z,311.000,772.14,163,219,76,2.679,30.01,50.817852,4.396374
2026-04-25,Running,Morning Jog,Morning jog on Saturday as I could not manage it during weekdays. I am still in two weeks timeline to practice short runs. My plan is to ramp up the distance gradually. Overall feel good after the run but also bit sleepy and more hungry.,2026-04-25_09-17-53_hk_1777101473.fit,313,2026-04-25T07:23:06.000Z,312.000,774.53,163,219,76,2.634,30.02,50.817852,4.396338
2026-04-25,Running,Morning Jog,Morning jog on Saturday as I could not manage it during weekdays. I am still in two weeks timeline to practice short runs. My plan is to ramp up the distance gradually. Overall feel good after the run but also bit sleepy and more hungry.,2026-04-25_09-17-53_hk_1777101473.fit,314,2026-04-25T07:23:07.000Z,313.000,776.92,163,219,76,2.654,30.02,50.81787,4.396302
2026-04-25,Running,Morning Jog,Morning jog on Saturday as I could not manage it during weekdays. I am still in two weeks timeline to practice short runs. My plan is to ramp up the distance gradually. Overall feel good after the run but also bit sleepy and more hungry.,2026-04-25_09-17-53_hk_1777101473.fit,315,2026-04-25T07:23:08.000Z,314.000,779.31,163,221,74,2.674,30.03,50.81787,4.396266
2026-04-25,Running,Morning Jog,Morning jog on Saturday as I could not manage it during weekdays. I am still in two weeks timeline to practice short runs. My plan is to ramp up the distance gradually. Overall feel good after the run but also bit sleepy and more hungry.,2026-04-25_09-17-53_hk_1777101473.fit,316,2026-04-25T07:23:09.000Z,315.000,782.65,163,221,74,2.744,30.03,50.817888,4.39623
2026-04-25,Running,Morning Jog,Morning jog on Saturday as I could not manage it during weekdays. I am still in two weeks timeline to practice short runs. My plan is to ramp up the distance gradually. Overall feel good after the run but also bit sleepy and more hungry.,2026-04-25_09-17-53_hk_1777101473.fit,317,2026-04-25T07:23:10.000Z,316.000,785.99,163,221,74,2.842,30.04,50.817906,4.396194
2026-04-25,Running,Morning Jog,Morning jog on Saturday as I could not manage it during weekdays. I am still in two weeks timeline to practice short runs. My plan is to ramp up the distance gradually. Overall feel good after the run but also bit sleepy and more hungry.,2026-04-25_09-17-53_hk_1777101473.fit,318,2026-04-25T07:23:11.000Z,317.000,788.26,163,221,76,2.848,30.04,50.817924,4.396158
2026-04-25,Running,Morning Jog,Morning jog on Saturday as I could not manage it during weekdays. I am still in two weeks timeline to practice short runs. My plan is to ramp up the distance gradually. Overall feel good after the run but also bit sleepy and more hungry.,2026-04-25_09-17-53_hk_1777101473.fit,319,2026-04-25T07:23:12.000Z,318.000,790.52,163,221,76,2.817,30.04,50.817924,4.396122
2026-04-25,Running,Morning Jog,Morning jog on Saturday as I could not manage it during weekdays. I am still in two weeks timeline to practice short runs. My plan is to ramp up the distance gradually. Overall feel good after the run but also bit sleepy and more hungry.,2026-04-25_09-17-53_hk_1777101473.fit,320,2026-04-25T07:23:13.000Z,319.000,792.79,163,222,76,2.738,30.05,50.817942,4.396086
2026-04-25,Running,Morning Jog,Morning jog on Saturday as I could not manage it during weekdays. I am still in two weeks timeline to practice short runs. My plan is to ramp up the distance gradually. Overall feel good after the run but also bit sleepy and more hungry.,2026-04-25_09-17-53_hk_1777101473.fit,321,2026-04-25T07:23:14.000Z,320.000,795.47,163,222,76,2.68,30.05,50.81796,4.396068
2026-04-25,Running,Morning Jog,Morning jog on Saturday as I could not manage it during weekdays. I am still in two weeks timeline to practice short runs. My plan is to ramp up the distance gradually. Overall feel good after the run but also bit sleepy and more hungry.,2026-04-25_09-17-53_hk_1777101473.fit,322,2026-04-25T07:23:15.000Z,321.000,798.16,163,222,76,2.689,30.06,50.81796,4.396032
2026-04-25,Running,Morning Jog,Morning jog on Saturday as I could not manage it during weekdays. I am still in two weeks timeline to practice short runs. My plan is to ramp up the distance gradually. Overall feel good after the run but also bit sleepy and more hungry.,2026-04-25_09-17-53_hk_1777101473.fit,323,2026-04-25T07:23:16.000Z,322.000,800.84,163,224,76,2.699,30.06,50.817978,4.395996
2026-04-25,Running,Morning Jog,Morning jog on Saturday as I could not manage it during weekdays. I am still in two weeks timeline to practice short runs. My plan is to ramp up the distance gradually. Overall feel good after the run but also bit sleepy and more hungry.,2026-04-25_09-17-53_hk_1777101473.fit,324,2026-04-25T07:23:17.000Z,323.000,803.54,163,224,76,2.71,30.06,50.817996,4.395978
2026-04-25,Running,Morning Jog,Morning jog on Saturday as I could not manage it during weekdays. I am still in two weeks timeline to practice short runs. My plan is to ramp up the distance gradually. Overall feel good after the run but also bit sleepy and more hungry.,2026-04-25_09-17-53_hk_1777101473.fit,325,2026-04-25T07:23:18.000Z,324.000,806.24,163,222,76,2.679,30.06,50.818014,4.395942
2026-04-25,Running,Morning Jog,Morning jog on Saturday as I could not manage it during weekdays. I am still in two weeks timeline to practice short runs. My plan is to ramp up the distance gradually. Overall feel good after the run but also bit sleepy and more hungry.,2026-04-25_09-17-53_hk_1777101473.fit,326,2026-04-25T07:23:19.000Z,325.000,809.02,163,222,76,2.653,30.07,50.818032,4.395924
2026-04-25,Running,Morning Jog,Morning jog on Saturday as I could not manage it during weekdays. I am still in two weeks timeline to practice short runs. My plan is to ramp up the distance gradually. Overall feel good after the run but also bit sleepy and more hungry.,2026-04-25_09-17-53_hk_1777101473.fit,327,2026-04-25T07:23:20.000Z,326.000,811.81,164,222,76,2.696,30.07,50.81805,4.395906
2026-04-25,Running,Morning Jog,Morning jog on Saturday as I could not manage it during weekdays. I am still in two weeks timeline to practice short runs. My plan is to ramp up the distance gradually. Overall feel good after the run but also bit sleepy and more hungry.,2026-04-25_09-17-53_hk_1777101473.fit,328,2026-04-25T07:23:21.000Z,327.000,814.59,164,225,76,2.782,30.07,50.818068,4.39587
2026-04-25,Running,Morning Jog,Morning jog on Saturday as I could not manage it during weekdays. I am still in two weeks timeline to practice short runs. My plan is to ramp up the distance gradually. Overall feel good after the run but also bit sleepy and more hungry.,2026-04-25_09-17-53_hk_1777101473.fit,329,2026-04-25T07:23:22.000Z,328.000,817.08,164,225,76,2.767,30.07,50.818086,4.395852
2026-04-25,Running,Morning Jog,Morning jog on Saturday as I could not manage it during weekdays. I am still in two weeks timeline to practice short runs. My plan is to ramp up the distance gradually. Overall feel good after the run but also bit sleepy and more hungry.,2026-04-25_09-17-53_hk_1777101473.fit,330,2026-04-25T07:23:23.000Z,329.000,819.58,164,221,76,2.698,30.07,50.818104,4.395834
2026-04-25,Running,Morning Jog,Morning jog on Saturday as I could not manage it during weekdays. I am still in two weeks timeline to practice short runs. My plan is to ramp up the distance gradually. Overall feel good after the run but also bit sleepy and more hungry.,2026-04-25_09-17-53_hk_1777101473.fit,331,2026-04-25T07:23:24.000Z,330.000,822.08,164,221,76,2.688,30.07,50.818122,4.395816
2026-04-25,Running,Morning Jog,Morning jog on Saturday as I could not manage it during weekdays. I am still in two weeks timeline to practice short runs. My plan is to ramp up the distance gradually. Overall feel good after the run but also bit sleepy and more hungry.,2026-04-25_09-17-53_hk_1777101473.fit,332,2026-04-25T07:23:25.000Z,331.000,824.58,164,221,76,2.634,30.07,50.81814,4.395798
2026-04-25,Running,Morning Jog,Morning jog on Saturday as I could not manage it during weekdays. I am still in two weeks timeline to practice short runs. My plan is to ramp up the distance gradually. Overall feel good after the run but also bit sleepy and more hungry.,2026-04-25_09-17-53_hk_1777101473.fit,333,2026-04-25T07:23:26.000Z,332.000,827.08,164,221,77,2.64,30.07,50.818158,4.39578
2026-04-25,Running,Morning Jog,Morning jog on Saturday as I could not manage it during weekdays. I am still in two weeks timeline to practice short runs. My plan is to ramp up the distance gradually. Overall feel good after the run but also bit sleepy and more hungry.,2026-04-25_09-17-53_hk_1777101473.fit,334,2026-04-25T07:23:27.000Z,333.000,830.3,164,221,77,2.684,30.07,50.818176,4.395762
2026-04-25,Running,Morning Jog,Morning jog on Saturday as I could not manage it during weekdays. I am still in two weeks timeline to practice short runs. My plan is to ramp up the distance gradually. Overall feel good after the run but also bit sleepy and more hungry.,2026-04-25_09-17-53_hk_1777101473.fit,335,2026-04-25T07:23:28.000Z,334.000,833.53,164,218,77,2.678,30.07,50.818194,4.395744
2026-04-25,Running,Morning Jog,Morning jog on Saturday as I could not manage it during weekdays. I am still in two weeks timeline to practice short runs. My plan is to ramp up the distance gradually. Overall feel good after the run but also bit sleepy and more hungry.,2026-04-25_09-17-53_hk_1777101473.fit,336,2026-04-25T07:23:29.000Z,335.000,835.46,164,218,78,2.641,30.07,50.818212,4.395726
2026-04-25,Running,Morning Jog,Morning jog on Saturday as I could not manage it during weekdays. I am still in two weeks timeline to practice short runs. My plan is to ramp up the distance gradually. Overall feel good after the run but also bit sleepy and more hungry.,2026-04-25_09-17-53_hk_1777101473.fit,337,2026-04-25T07:23:30.000Z,336.000,837.4,164,218,78,2.571,30.06,50.81823,4.395708
2026-04-25,Running,Morning Jog,Morning jog on Saturday as I could not manage it during weekdays. I am still in two weeks timeline to practice short runs. My plan is to ramp up the distance gradually. Overall feel good after the run but also bit sleepy and more hungry.,2026-04-25_09-17-53_hk_1777101473.fit,338,2026-04-25T07:23:31.000Z,337.000,839.34,164,217,78,2.554,30.06,50.818248,4.39569
2026-04-25,Running,Morning Jog,Morning jog on Saturday as I could not manage it during weekdays. I am still in two weeks timeline to practice short runs. My plan is to ramp up the distance gradually. Overall feel good after the run but also bit sleepy and more hungry.,2026-04-25_09-17-53_hk_1777101473.fit,339,2026-04-25T07:23:32.000Z,338.000,842.13,164,217,78,2.58,30.06,50.818266,4.395672
2026-04-25,Running,Morning Jog,Morning jog on Saturday as I could not manage it during weekdays. I am still in two weeks timeline to practice short runs. My plan is to ramp up the distance gradually. Overall feel good after the run but also bit sleepy and more hungry.,2026-04-25_09-17-53_hk_1777101473.fit,340,2026-04-25T07:23:33.000Z,339.000,844.92,164,217,78,2.606,30.05,50.818302,4.395654
2026-04-25,Running,Morning Jog,Morning jog on Saturday as I could not manage it during weekdays. I am still in two weeks timeline to practice short runs. My plan is to ramp up the distance gradually. Overall feel good after the run but also bit sleepy and more hungry.,2026-04-25_09-17-53_hk_1777101473.fit,341,2026-04-25T07:23:34.000Z,340.000,847.71,164,160,78,2.612,30.05,50.81832,4.395636
2026-04-25,Running,Morning Jog,Morning jog on Saturday as I could not manage it during weekdays. I am still in two weeks timeline to practice short runs. My plan is to ramp up the distance gradually. Overall feel good after the run but also bit sleepy and more hungry.,2026-04-25_09-17-53_hk_1777101473.fit,342,2026-04-25T07:23:35.000Z,341.000,850.6,165,160,77,2.622,30.04,50.818338,4.3956
2026-04-25,Running,Morning Jog,Morning jog on Saturday as I could not manage it during weekdays. I am still in two weeks timeline to practice short runs. My plan is to ramp up the distance gradually. Overall feel good after the run but also bit sleepy and more hungry.,2026-04-25_09-17-53_hk_1777101473.fit,343,2026-04-25T07:23:36.000Z,342.000,853.49,165,153,77,2.632,30.04,50.818356,4.395582
2026-04-25,Running,Morning Jog,Morning jog on Saturday as I could not manage it during weekdays. I am still in two weeks timeline to practice short runs. My plan is to ramp up the distance gradually. Overall feel good after the run but also bit sleepy and more hungry.,2026-04-25_09-17-53_hk_1777101473.fit,344,2026-04-25T07:23:37.000Z,343.000,856.07,165,153,77,2.626,30.03,50.818374,4.395546
2026-04-25,Running,Morning Jog,Morning jog on Saturday as I could not manage it during weekdays. I am still in two weeks timeline to practice short runs. My plan is to ramp up the distance gradually. Overall feel good after the run but also bit sleepy and more hungry.,2026-04-25_09-17-53_hk_1777101473.fit,345,2026-04-25T07:23:38.000Z,344.000,858.65,165,153,76,2.62,30.03,50.818392,4.395528
2026-04-25,Running,Morning Jog,Morning jog on Saturday as I could not manage it during weekdays. I am still in two weeks timeline to practice short runs. My plan is to ramp up the distance gradually. Overall feel good after the run but also bit sleepy and more hungry.,2026-04-25_09-17-53_hk_1777101473.fit,346,2026-04-25T07:23:39.000Z,345.000,861.23,165,153,76,2.61,30.02,50.81841,4.395492
2026-04-25,Running,Morning Jog,Morning jog on Saturday as I could not manage it during weekdays. I am still in two weeks timeline to practice short runs. My plan is to ramp up the distance gradually. Overall feel good after the run but also bit sleepy and more hungry.,2026-04-25_09-17-53_hk_1777101473.fit,347,2026-04-25T07:23:40.000Z,346.000,864.57,165,153,76,2.638,30.02,50.818428,4.395474
2026-04-25,Running,Morning Jog,Morning jog on Saturday as I could not manage it during weekdays. I am still in two weeks timeline to practice short runs. My plan is to ramp up the distance gradually. Overall feel good after the run but also bit sleepy and more hungry.,2026-04-25_09-17-53_hk_1777101473.fit,348,2026-04-25T07:23:41.000Z,347.000,867.91,165,151,76,2.675,30.01,50.818446,4.395456
2026-04-25,Running,Morning Jog,Morning jog on Saturday as I could not manage it during weekdays. I am still in two weeks timeline to practice short runs. My plan is to ramp up the distance gradually. Overall feel good after the run but also bit sleepy and more hungry.,2026-04-25_09-17-53_hk_1777101473.fit,349,2026-04-25T07:23:42.000Z,348.000,870.36,165,151,76,2.672,30,50.818464,4.39542
2026-04-25,Running,Morning Jog,Morning jog on Saturday as I could not manage it during weekdays. I am still in two weeks timeline to practice short runs. My plan is to ramp up the distance gradually. Overall feel good after the run but also bit sleepy and more hungry.,2026-04-25_09-17-53_hk_1777101473.fit,350,2026-04-25T07:23:43.000Z,349.000,872.8,165,151,76,2.67,30,50.8185,4.395402
2026-04-25,Running,Morning Jog,Morning jog on Saturday as I could not manage it during weekdays. I am still in two weeks timeline to practice short runs. My plan is to ramp up the distance gradually. Overall feel good after the run but also bit sleepy and more hungry.,2026-04-25_09-17-53_hk_1777101473.fit,351,2026-04-25T07:23:44.000Z,350.000,875.25,165,150,76,2.667,29.99,50.818518,4.395384
2026-04-25,Running,Morning Jog,Morning jog on Saturday as I could not manage it during weekdays. I am still in two weeks timeline to practice short runs. My plan is to ramp up the distance gradually. Overall feel good after the run but also bit sleepy and more hungry.,2026-04-25_09-17-53_hk_1777101473.fit,352,2026-04-25T07:23:45.000Z,351.000,878.96,166,150,76,2.731,29.98,50.818536,4.395366
2026-04-25,Running,Morning Jog,Morning jog on Saturday as I could not manage it during weekdays. I am still in two weeks timeline to practice short runs. My plan is to ramp up the distance gradually. Overall feel good after the run but also bit sleepy and more hungry.,2026-04-25_09-17-53_hk_1777101473.fit,353,2026-04-25T07:23:46.000Z,352.000,882.67,166,153,76,2.756,29.98,50.818554,4.395348
2026-04-25,Running,Morning Jog,Morning jog on Saturday as I could not manage it during weekdays. I am still in two weeks timeline to practice short runs. My plan is to ramp up the distance gradually. Overall feel good after the run but also bit sleepy and more hungry.,2026-04-25_09-17-53_hk_1777101473.fit,354,2026-04-25T07:23:47.000Z,353.000,885.17,166,153,76,2.718,29.97,50.81859,4.39533
2026-04-25,Running,Morning Jog,Morning jog on Saturday as I could not manage it during weekdays. I am still in two weeks timeline to practice short runs. My plan is to ramp up the distance gradually. Overall feel good after the run but also bit sleepy and more hungry.,2026-04-25_09-17-53_hk_1777101473.fit,355,2026-04-25T07:23:48.000Z,354.000,887.67,166,153,76,2.793,29.96,50.818608,4.395312
2026-04-25,Running,Morning Jog,Morning jog on Saturday as I could not manage it during weekdays. I am still in two weeks timeline to practice short runs. My plan is to ramp up the distance gradually. Overall feel good after the run but also bit sleepy and more hungry.,2026-04-25_09-17-53_hk_1777101473.fit,356,2026-04-25T07:23:49.000Z,355.000,890.17,165,154,76,2.824,29.96,50.818626,4.395294
2026-04-25,Running,Morning Jog,Morning jog on Saturday as I could not manage it during weekdays. I am still in two weeks timeline to practice short runs. My plan is to ramp up the distance gradually. Overall feel good after the run but also bit sleepy and more hungry.,2026-04-25_09-17-53_hk_1777101473.fit,357,2026-04-25T07:23:50.000Z,356.000,894.14,165,154,78,2.889,29.95,50.818644,4.395276
2026-04-25,Running,Morning Jog,Morning jog on Saturday as I could not manage it during weekdays. I am still in two weeks timeline to practice short runs. My plan is to ramp up the distance gradually. Overall feel good after the run but also bit sleepy and more hungry.,2026-04-25_09-17-53_hk_1777101473.fit,358,2026-04-25T07:23:51.000Z,357.000,898.1,165,154,78,2.964,29.94,50.81868,4.395258
2026-04-25,Running,Morning Jog,Morning jog on Saturday as I could not manage it during weekdays. I am still in two weeks timeline to practice short runs. My plan is to ramp up the distance gradually. Overall feel good after the run but also bit sleepy and more hungry.,2026-04-25_09-17-53_hk_1777101473.fit,359,2026-04-25T07:23:52.000Z,358.000,900.2,165,154,78,2.916,29.93,50.818698,4.395222
2026-04-25,Running,Morning Jog,Morning jog on Saturday as I could not manage it during weekdays. I am still in two weeks timeline to practice short runs. My plan is to ramp up the distance gradually. Overall feel good after the run but also bit sleepy and more hungry.,2026-04-25_09-17-53_hk_1777101473.fit,360,2026-04-25T07:23:53.000Z,359.000,902.3,165,154,77,2.872,29.93,50.818716,4.395204
2026-04-25,Running,Morning Jog,Morning jog on Saturday as I could not manage it during weekdays. I am still in two weeks timeline to practice short runs. My plan is to ramp up the distance gradually. Overall feel good after the run but also bit sleepy and more hungry.,2026-04-25_09-17-53_hk_1777101473.fit,361,2026-04-25T07:23:54.000Z,360.000,904.4,165,152,77,2.828,29.92,50.818734,4.395186
2026-04-25,Running,Morning Jog,Morning jog on Saturday as I could not manage it during weekdays. I am still in two weeks timeline to practice short runs. My plan is to ramp up the distance gradually. Overall feel good after the run but also bit sleepy and more hungry.,2026-04-25_09-17-53_hk_1777101473.fit,362,2026-04-25T07:23:55.000Z,361.000,906.76,165,152,77,2.816,29.91,50.81877,4.395168
2026-04-25,Running,Morning Jog,Morning jog on Saturday as I could not manage it during weekdays. I am still in two weeks timeline to practice short runs. My plan is to ramp up the distance gradually. Overall feel good after the run but also bit sleepy and more hungry.,2026-04-25_09-17-53_hk_1777101473.fit,363,2026-04-25T07:23:56.000Z,362.000,909.12,165,152,79,2.804,29.9,50.818788,4.39515
2026-04-25,Running,Morning Jog,Morning jog on Saturday as I could not manage it during weekdays. I am still in two weeks timeline to practice short runs. My plan is to ramp up the distance gradually. Overall feel good after the run but also bit sleepy and more hungry.,2026-04-25_09-17-53_hk_1777101473.fit,364,2026-04-25T07:23:57.000Z,363.000,911.48,165,152,79,2.791,29.89,50.818806,4.395132
2026-04-25,Running,Morning Jog,Morning jog on Saturday as I could not manage it during weekdays. I am still in two weeks timeline to practice short runs. My plan is to ramp up the distance gradually. Overall feel good after the run but also bit sleepy and more hungry.,2026-04-25_09-17-53_hk_1777101473.fit,365,2026-04-25T07:23:58.000Z,364.000,915.38,165,152,79,2.823,29.88,50.818824,4.395132
2026-04-25,Running,Morning Jog,Morning jog on Saturday as I could not manage it during weekdays. I am still in two weeks timeline to practice short runs. My plan is to ramp up the distance gradually. Overall feel good after the run but also bit sleepy and more hungry.,2026-04-25_09-17-53_hk_1777101473.fit,366,2026-04-25T07:23:59.000Z,365.000,919.29,165,152,79,2.854,29.87,50.81886,4.395114
2026-04-25,Running,Morning Jog,Morning jog on Saturday as I could not manage it during weekdays. I am still in two weeks timeline to practice short runs. My plan is to ramp up the distance gradually. Overall feel good after the run but also bit sleepy and more hungry.,2026-04-25_09-17-53_hk_1777101473.fit,367,2026-04-25T07:24:00.000Z,366.000,921.34,165,152,79,2.832,29.86,50.818878,4.395114
2026-04-25,Running,Morning Jog,Morning jog on Saturday as I could not manage it during weekdays. I am still in two weeks timeline to practice short runs. My plan is to ramp up the distance gradually. Overall feel good after the run but also bit sleepy and more hungry.,2026-04-25_09-17-53_hk_1777101473.fit,368,2026-04-25T07:24:01.000Z,367.000,923.4,165,152,79,2.811,29.86,50.818914,4.395114
2026-04-25,Running,Morning Jog,Morning jog on Saturday as I could not manage it during weekdays. I am still in two weeks timeline to practice short runs. My plan is to ramp up the distance gradually. Overall feel good after the run but also bit sleepy and more hungry.,2026-04-25_09-17-53_hk_1777101473.fit,369,2026-04-25T07:24:02.000Z,368.000,925.45,165,150,77,2.789,29.85,50.818932,4.395096
2026-04-25,Running,Morning Jog,Morning jog on Saturday as I could not manage it during weekdays. I am still in two weeks timeline to practice short runs. My plan is to ramp up the distance gradually. Overall feel good after the run but also bit sleepy and more hungry.,2026-04-25_09-17-53_hk_1777101473.fit,370,2026-04-25T07:24:03.000Z,369.000,929.54,165,150,77,2.81,29.84,50.81895,4.395078
2026-04-25,Running,Morning Jog,Morning jog on Saturday as I could not manage it during weekdays. I am still in two weeks timeline to practice short runs. My plan is to ramp up the distance gradually. Overall feel good after the run but also bit sleepy and more hungry.,2026-04-25_09-17-53_hk_1777101473.fit,371,2026-04-25T07:24:04.000Z,370.000,933.63,165,153,77,2.831,29.83,50.818968,4.395042
2026-04-25,Running,Morning Jog,Morning jog on Saturday as I could not manage it during weekdays. I am still in two weeks timeline to practice short runs. My plan is to ramp up the distance gradually. Overall feel good after the run but also bit sleepy and more hungry.,2026-04-25_09-17-53_hk_1777101473.fit,372,2026-04-25T07:24:05.000Z,371.000,935.96,165,153,78,2.822,29.82,50.819004,4.395024
2026-04-25,Running,Morning Jog,Morning jog on Saturday as I could not manage it during weekdays. I am still in two weeks timeline to practice short runs. My plan is to ramp up the distance gradually. Overall feel good after the run but also bit sleepy and more hungry.,2026-04-25_09-17-53_hk_1777101473.fit,373,2026-04-25T07:24:06.000Z,372.000,938.29,165,153,78,2.812,29.81,50.819022,4.394988
2026-04-25,Running,Morning Jog,Morning jog on Saturday as I could not manage it during weekdays. I am still in two weeks timeline to practice short runs. My plan is to ramp up the distance gradually. Overall feel good after the run but also bit sleepy and more hungry.,2026-04-25_09-17-53_hk_1777101473.fit,374,2026-04-25T07:24:07.000Z,373.000,940.62,165,154,78,2.803,29.81,50.81904,4.39497
2026-04-25,Running,Morning Jog,Morning jog on Saturday as I could not manage it during weekdays. I am still in two weeks timeline to practice short runs. My plan is to ramp up the distance gradually. Overall feel good after the run but also bit sleepy and more hungry.,2026-04-25_09-17-53_hk_1777101473.fit,375,2026-04-25T07:24:08.000Z,374.000,944.53,165,154,76,2.8,29.8,50.819058,4.394952
2026-04-25,Running,Morning Jog,Morning jog on Saturday as I could not manage it during weekdays. I am still in two weeks timeline to practice short runs. My plan is to ramp up the distance gradually. Overall feel good after the run but also bit sleepy and more hungry.,2026-04-25_09-17-53_hk_1777101473.fit,376,2026-04-25T07:24:09.000Z,375.000,948.44,165,153,76,2.796,29.79,50.819076,4.394934
2026-04-25,Running,Morning Jog,Morning jog on Saturday as I could not manage it during weekdays. I am still in two weeks timeline to practice short runs. My plan is to ramp up the distance gradually. Overall feel good after the run but also bit sleepy and more hungry.,2026-04-25_09-17-53_hk_1777101473.fit,377,2026-04-25T07:24:10.000Z,376.000,950.27,165,153,76,2.781,29.78,50.819094,4.394916
2026-04-25,Running,Morning Jog,Morning jog on Saturday as I could not manage it during weekdays. I am still in two weeks timeline to practice short runs. My plan is to ramp up the distance gradually. Overall feel good after the run but also bit sleepy and more hungry.,2026-04-25_09-17-53_hk_1777101473.fit,378,2026-04-25T07:24:11.000Z,377.000,952.1,165,153,76,2.731,29.78,50.81913,4.394898
2026-04-25,Running,Morning Jog,Morning jog on Saturday as I could not manage it during weekdays. I am still in two weeks timeline to practice short runs. My plan is to ramp up the distance gradually. Overall feel good after the run but also bit sleepy and more hungry.,2026-04-25_09-17-53_hk_1777101473.fit,379,2026-04-25T07:24:12.000Z,378.000,953.93,165,149,76,2.717,29.77,50.819148,4.39488
2026-04-25,Running,Morning Jog,Morning jog on Saturday as I could not manage it during weekdays. I am still in two weeks timeline to practice short runs. My plan is to ramp up the distance gradually. Overall feel good after the run but also bit sleepy and more hungry.,2026-04-25_09-17-53_hk_1777101473.fit,380,2026-04-25T07:24:13.000Z,379.000,958.03,165,149,76,2.848,29.76,50.819166,4.394862
2026-04-25,Running,Morning Jog,Morning jog on Saturday as I could not manage it during weekdays. I am still in two weeks timeline to practice short runs. My plan is to ramp up the distance gradually. Overall feel good after the run but also bit sleepy and more hungry.,2026-04-25_09-17-53_hk_1777101473.fit,381,2026-04-25T07:24:14.000Z,380.000,962.13,165,149,76,2.98,29.75,50.819184,4.394844
2026-04-25,Running,Morning Jog,Morning jog on Saturday as I could not manage it during weekdays. I am still in two weeks timeline to practice short runs. My plan is to ramp up the distance gradually. Overall feel good after the run but also bit sleepy and more hungry.,2026-04-25_09-17-53_hk_1777101473.fit,382,2026-04-25T07:24:15.000Z,381.000,964.77,165,149,76,2.961,29.75,50.81922,4.394826
2026-04-25,Running,Morning Jog,Morning jog on Saturday as I could not manage it during weekdays. I am still in two weeks timeline to practice short runs. My plan is to ramp up the distance gradually. Overall feel good after the run but also bit sleepy and more hungry.,2026-04-25_09-17-53_hk_1777101473.fit,383,2026-04-25T07:24:16.000Z,382.000,967.4,165,149,76,2.89,29.74,50.819238,4.39479
2026-04-25,Running,Morning Jog,Morning jog on Saturday as I could not manage it during weekdays. I am still in two weeks timeline to practice short runs. My plan is to ramp up the distance gradually. Overall feel good after the run but also bit sleepy and more hungry.,2026-04-25_09-17-53_hk_1777101473.fit,384,2026-04-25T07:24:17.000Z,383.000,970.04,165,150,79,2.819,29.73,50.819256,4.394754
2026-04-25,Running,Morning Jog,Morning jog on Saturday as I could not manage it during weekdays. I am still in two weeks timeline to practice short runs. My plan is to ramp up the distance gradually. Overall feel good after the run but also bit sleepy and more hungry.,2026-04-25_09-17-53_hk_1777101473.fit,385,2026-04-25T07:24:18.000Z,384.000,972.21,165,150,79,2.826,29.72,50.819274,4.394718
2026-04-25,Running,Morning Jog,Morning jog on Saturday as I could not manage it during weekdays. I am still in two weeks timeline to practice short runs. My plan is to ramp up the distance gradually. Overall feel good after the run but also bit sleepy and more hungry.,2026-04-25_09-17-53_hk_1777101473.fit,386,2026-04-25T07:24:19.000Z,385.000,974.39,165,150,79,2.833,29.72,50.819292,4.3947
2026-04-25,Running,Morning Jog,Morning jog on Saturday as I could not manage it during weekdays. I am still in two weeks timeline to practice short runs. My plan is to ramp up the distance gradually. Overall feel good after the run but also bit sleepy and more hungry.,2026-04-25_09-17-53_hk_1777101473.fit,387,2026-04-25T07:24:20.000Z,386.000,976.56,165,153,77,2.84,29.71,50.81931,4.394664
2026-04-25,Running,Morning Jog,Morning jog on Saturday as I could not manage it during weekdays. I am still in two weeks timeline to practice short runs. My plan is to ramp up the distance gradually. Overall feel good after the run but also bit sleepy and more hungry.,2026-04-25_09-17-53_hk_1777101473.fit,388,2026-04-25T07:24:21.000Z,387.000,980.51,165,153,77,2.832,29.7,50.819328,4.394628
2026-04-25,Running,Morning Jog,Morning jog on Saturday as I could not manage it during weekdays. I am still in two weeks timeline to practice short runs. My plan is to ramp up the distance gradually. Overall feel good after the run but also bit sleepy and more hungry.,2026-04-25_09-17-53_hk_1777101473.fit,389,2026-04-25T07:24:22.000Z,388.000,984.46,165,152,77,2.824,29.7,50.819346,4.394592
2026-04-25,Running,Morning Jog,Morning jog on Saturday as I could not manage it during weekdays. I am still in two weeks timeline to practice short runs. My plan is to ramp up the distance gradually. Overall feel good after the run but also bit sleepy and more hungry.,2026-04-25_09-17-53_hk_1777101473.fit,390,2026-04-25T07:24:23.000Z,389.000,986.98,165,152,78,2.834,29.69,50.819364,4.394556
2026-04-25,Running,Morning Jog,Morning jog on Saturday as I could not manage it during weekdays. I am still in two weeks timeline to practice short runs. My plan is to ramp up the distance gradually. Overall feel good after the run but also bit sleepy and more hungry.,2026-04-25_09-17-53_hk_1777101473.fit,391,2026-04-25T07:24:24.000Z,390.000,989.5,165,152,78,2.845,29.68,50.819382,4.394538
2026-04-25,Running,Morning Jog,Morning jog on Saturday as I could not manage it during weekdays. I am still in two weeks timeline to practice short runs. My plan is to ramp up the distance gradually. Overall feel good after the run but also bit sleepy and more hungry.,2026-04-25_09-17-53_hk_1777101473.fit,392,2026-04-25T07:24:25.000Z,391.000,992.02,165,154,78,2.856,29.68,50.8194,4.394502
2026-04-25,Running,Morning Jog,Morning jog on Saturday as I could not manage it during weekdays. I am still in two weeks timeline to practice short runs. My plan is to ramp up the distance gradually. Overall feel good after the run but also bit sleepy and more hungry.,2026-04-25_09-17-53_hk_1777101473.fit,393,2026-04-25T07:24:26.000Z,392.000,996.55,165,154,76,2.89,29.67,50.819418,4.394466
2026-04-25,Running,Morning Jog,Morning jog on Saturday as I could not manage it during weekdays. I am still in two weeks timeline to practice short runs. My plan is to ramp up the distance gradually. Overall feel good after the run but also bit sleepy and more hungry.,2026-04-25_09-17-53_hk_1777101473.fit,394,2026-04-25T07:24:27.000Z,393.000,1001.08,165,157,76,2.989,29.67,50.819436,4.394448
2026-04-25,Running,Morning Jog,Morning jog on Saturday as I could not manage it during weekdays. I am still in two weeks timeline to practice short runs. My plan is to ramp up the distance gradually. Overall feel good after the run but also bit sleepy and more hungry.,2026-04-25_09-17-53_hk_1777101473.fit,395,2026-04-25T07:24:28.000Z,394.000,1003.4,165,157,76,3.017,29.66,50.819454,4.394412
2026-04-25,Running,Morning Jog,Morning jog on Saturday as I could not manage it during weekdays. I am still in two weeks timeline to practice short runs. My plan is to ramp up the distance gradually. Overall feel good after the run but also bit sleepy and more hungry.,2026-04-25_09-17-53_hk_1777101473.fit,396,2026-04-25T07:24:29.000Z,395.000,1005.71,166,157,76,3.046,29.65,50.81949,4.394376
2026-04-25,Running,Morning Jog,Morning jog on Saturday as I could not manage it during weekdays. I am still in two weeks timeline to practice short runs. My plan is to ramp up the distance gradually. Overall feel good after the run but also bit sleepy and more hungry.,2026-04-25_09-17-53_hk_1777101473.fit,397,2026-04-25T07:24:30.000Z,396.000,1008.03,166,157,76,3.005,29.65,50.819508,4.394358
2026-04-25,Running,Morning Jog,Morning jog on Saturday as I could not manage it during weekdays. I am still in two weeks timeline to practice short runs. My plan is to ramp up the distance gradually. Overall feel good after the run but also bit sleepy and more hungry.,2026-04-25_09-17-53_hk_1777101473.fit,398,2026-04-25T07:24:31.000Z,397.000,1011.95,166,157,76,2.996,29.64,50.819526,4.39434
2026-04-25,Running,Morning Jog,Morning jog on Saturday as I could not manage it during weekdays. I am still in two weeks timeline to practice short runs. My plan is to ramp up the distance gradually. Overall feel good after the run but also bit sleepy and more hungry.,2026-04-25_09-17-53_hk_1777101473.fit,399,2026-04-25T07:24:32.000Z,398.000,1015.88,166,158,76,3.007,29.63,50.819544,4.394304
2026-04-25,Running,Morning Jog,Morning jog on Saturday as I could not manage it during weekdays. I am still in two weeks timeline to practice short runs. My plan is to ramp up the distance gradually. Overall feel good after the run but also bit sleepy and more hungry.,2026-04-25_09-17-53_hk_1777101473.fit,400,2026-04-25T07:24:33.000Z,399.000,1017.78,166,158,76,2.964,29.63,50.819562,4.394286
2026-04-25,Running,Morning Jog,Morning jog on Saturday as I could not manage it during weekdays. I am still in two weeks timeline to practice short runs. My plan is to ramp up the distance gradually. Overall feel good after the run but also bit sleepy and more hungry.,2026-04-25_09-17-53_hk_1777101473.fit,401,2026-04-25T07:24:34.000Z,400.000,1019.69,166,158,76,2.905,29.62,50.81958,4.39425
2026-04-25,Running,Morning Jog,Morning jog on Saturday as I could not manage it during weekdays. I am still in two weeks timeline to practice short runs. My plan is to ramp up the distance gradually. Overall feel good after the run but also bit sleepy and more hungry.,2026-04-25_09-17-53_hk_1777101473.fit,402,2026-04-25T07:24:35.000Z,401.000,1021.59,166,156,76,2.864,29.62,50.819598,4.394232
2026-04-25,Running,Morning Jog,Morning jog on Saturday as I could not manage it during weekdays. I am still in two weeks timeline to practice short runs. My plan is to ramp up the distance gradually. Overall feel good after the run but also bit sleepy and more hungry.,2026-04-25_09-17-53_hk_1777101473.fit,403,2026-04-25T07:24:36.000Z,402.000,1024.09,166,156,76,2.882,29.61,50.819616,4.394214
2026-04-25,Running,Morning Jog,Morning jog on Saturday as I could not manage it during weekdays. I am still in two weeks timeline to practice short runs. My plan is to ramp up the distance gradually. Overall feel good after the run but also bit sleepy and more hungry.,2026-04-25_09-17-53_hk_1777101473.fit,404,2026-04-25T07:24:37.000Z,403.000,1026.6,166,156,76,2.943,29.6,50.819634,4.394178
2026-04-25,Running,Morning Jog,Morning jog on Saturday as I could not manage it during weekdays. I am still in two weeks timeline to practice short runs. My plan is to ramp up the distance gradually. Overall feel good after the run but also bit sleepy and more hungry.,2026-04-25_09-17-53_hk_1777101473.fit,405,2026-04-25T07:24:38.000Z,404.000,1029.1,166,156,77,2.919,29.6,50.819652,4.39416
2026-04-25,Running,Morning Jog,Morning jog on Saturday as I could not manage it during weekdays. I am still in two weeks timeline to practice short runs. My plan is to ramp up the distance gradually. Overall feel good after the run but also bit sleepy and more hungry.,2026-04-25_09-17-53_hk_1777101473.fit,406,2026-04-25T07:24:39.000Z,405.000,1033.34,166,156,77,2.935,29.59,50.81967,4.394124
2026-04-25,Running,Morning Jog,Morning jog on Saturday as I could not manage it during weekdays. I am still in two weeks timeline to practice short runs. My plan is to ramp up the distance gradually. Overall feel good after the run but also bit sleepy and more hungry.,2026-04-25_09-17-53_hk_1777101473.fit,407,2026-04-25T07:24:40.000Z,406.000,1037.57,166,158,77,2.976,29.59,50.819688,4.394106
2026-04-25,Running,Morning Jog,Morning jog on Saturday as I could not manage it during weekdays. I am still in two weeks timeline to practice short runs. My plan is to ramp up the distance gradually. Overall feel good after the run but also bit sleepy and more hungry.,2026-04-25_09-17-53_hk_1777101473.fit,408,2026-04-25T07:24:41.000Z,407.000,1039.52,166,158,78,2.942,29.58,50.819706,4.394088
2026-04-25,Running,Morning Jog,Morning jog on Saturday as I could not manage it during weekdays. I am still in two weeks timeline to practice short runs. My plan is to ramp up the distance gradually. Overall feel good after the run but also bit sleepy and more hungry.,2026-04-25_09-17-53_hk_1777101473.fit,409,2026-04-25T07:24:42.000Z,408.000,1041.47,166,158,78,2.887,29.58,50.819742,4.394052
2026-04-25,Running,Morning Jog,Morning jog on Saturday as I could not manage it during weekdays. I am still in two weeks timeline to practice short runs. My plan is to ramp up the distance gradually. Overall feel good after the run but also bit sleepy and more hungry.,2026-04-25_09-17-53_hk_1777101473.fit,410,2026-04-25T07:24:43.000Z,409.000,1043.43,166,155,78,2.856,29.57,50.81976,4.394034
2026-04-25,Running,Morning Jog,Morning jog on Saturday as I could not manage it during weekdays. I am still in two weeks timeline to practice short runs. My plan is to ramp up the distance gradually. Overall feel good after the run but also bit sleepy and more hungry.,2026-04-25_09-17-53_hk_1777101473.fit,411,2026-04-25T07:24:44.000Z,410.000,1047.37,166,155,78,2.823,29.57,50.819778,4.394016
2026-04-25,Running,Morning Jog,Morning jog on Saturday as I could not manage it during weekdays. I am still in two weeks timeline to practice short runs. My plan is to ramp up the distance gradually. Overall feel good after the run but also bit sleepy and more hungry.,2026-04-25_09-17-53_hk_1777101473.fit,412,2026-04-25T07:24:45.000Z,411.000,1051.31,166,156,78,2.791,29.56,50.819796,4.393998
2026-04-25,Running,Morning Jog,Morning jog on Saturday as I could not manage it during weekdays. I am still in two weeks timeline to practice short runs. My plan is to ramp up the distance gradually. Overall feel good after the run but also bit sleepy and more hungry.,2026-04-25_09-17-53_hk_1777101473.fit,413,2026-04-25T07:24:46.000Z,412.000,1053.23,166,156,78,2.745,29.56,50.819814,4.39398
2026-04-25,Running,Morning Jog,Morning jog on Saturday as I could not manage it during weekdays. I am still in two weeks timeline to practice short runs. My plan is to ramp up the distance gradually. Overall feel good after the run but also bit sleepy and more hungry.,2026-04-25_09-17-53_hk_1777101473.fit,414,2026-04-25T07:24:47.000Z,413.000,1055.14,166,156,77,2.723,29.55,50.819832,4.393944
2026-04-25,Running,Morning Jog,Morning jog on Saturday as I could not manage it during weekdays. I am still in two weeks timeline to practice short runs. My plan is to ramp up the distance gradually. Overall feel good after the run but also bit sleepy and more hungry.,2026-04-25_09-17-53_hk_1777101473.fit,415,2026-04-25T07:24:48.000Z,414.000,1057.05,166,153,77,2.702,29.55,50.81985,4.393926
2026-04-25,Running,Morning Jog,Morning jog on Saturday as I could not manage it during weekdays. I am still in two weeks timeline to practice short runs. My plan is to ramp up the distance gradually. Overall feel good after the run but also bit sleepy and more hungry.,2026-04-25_09-17-53_hk_1777101473.fit,416,2026-04-25T07:24:49.000Z,415.000,1060.93,166,153,77,2.784,29.54,50.819868,4.393908
2026-04-25,Running,Morning Jog,Morning jog on Saturday as I could not manage it during weekdays. I am still in two weeks timeline to practice short runs. My plan is to ramp up the distance gradually. Overall feel good after the run but also bit sleepy and more hungry.,2026-04-25_09-17-53_hk_1777101473.fit,417,2026-04-25T07:24:50.000Z,416.000,1064.81,168,154,76,2.782,29.54,50.819904,4.39389
2026-04-25,Running,Morning Jog,Morning jog on Saturday as I could not manage it during weekdays. I am still in two weeks timeline to practice short runs. My plan is to ramp up the distance gradually. Overall feel good after the run but also bit sleepy and more hungry.,2026-04-25_09-17-53_hk_1777101473.fit,418,2026-04-25T07:24:51.000Z,417.000,1066.83,168,154,76,2.681,29.53,50.819922,4.393872
2026-04-25,Running,Morning Jog,Morning jog on Saturday as I could not manage it during weekdays. I am still in two weeks timeline to practice short runs. My plan is to ramp up the distance gradually. Overall feel good after the run but also bit sleepy and more hungry.,2026-04-25_09-17-53_hk_1777101473.fit,419,2026-04-25T07:24:52.000Z,418.000,1068.85,168,154,76,2.688,29.53,50.81994,4.393854
2026-04-25,Running,Morning Jog,Morning jog on Saturday as I could not manage it during weekdays. I am still in two weeks timeline to practice short runs. My plan is to ramp up the distance gradually. Overall feel good after the run but also bit sleepy and more hungry.,2026-04-25_09-17-53_hk_1777101473.fit,420,2026-04-25T07:24:53.000Z,419.000,1070.87,168,153,76,2.694,29.52,50.819958,4.393836
2026-04-25,Running,Morning Jog,Morning jog on Saturday as I could not manage it during weekdays. I am still in two weeks timeline to practice short runs. My plan is to ramp up the distance gradually. Overall feel good after the run but also bit sleepy and more hungry.,2026-04-25_09-17-53_hk_1777101473.fit,421,2026-04-25T07:24:54.000Z,420.000,1074.62,168,153,76,2.807,29.52,50.819976,4.393818
2026-04-25,Running,Morning Jog,Morning jog on Saturday as I could not manage it during weekdays. I am still in two weeks timeline to practice short runs. My plan is to ramp up the distance gradually. Overall feel good after the run but also bit sleepy and more hungry.,2026-04-25_09-17-53_hk_1777101473.fit,422,2026-04-25T07:24:55.000Z,421.000,1078.36,167,153,76,2.876,29.52,50.820012,4.3938
2026-04-25,Running,Morning Jog,Morning jog on Saturday as I could not manage it during weekdays. I am still in two weeks timeline to practice short runs. My plan is to ramp up the distance gradually. Overall feel good after the run but also bit sleepy and more hungry.,2026-04-25_09-17-53_hk_1777101473.fit,423,2026-04-25T07:24:56.000Z,422.000,1080.45,167,153,77,2.853,29.51,50.82003,4.3938
2026-04-25,Running,Morning Jog,Morning jog on Saturday as I could not manage it during weekdays. I am still in two weeks timeline to practice short runs. My plan is to ramp up the distance gradually. Overall feel good after the run but also bit sleepy and more hungry.,2026-04-25_09-17-53_hk_1777101473.fit,424,2026-04-25T07:24:57.000Z,423.000,1082.55,167,153,77,2.813,29.51,50.820048,4.393782
2026-04-25,Running,Morning Jog,Morning jog on Saturday as I could not manage it during weekdays. I am still in two weeks timeline to practice short runs. My plan is to ramp up the distance gradually. Overall feel good after the run but also bit sleepy and more hungry.,2026-04-25_09-17-53_hk_1777101473.fit,425,2026-04-25T07:24:58.000Z,424.000,1084.64,167,151,77,2.7,29.5,50.820066,4.393764
2026-04-25,Running,Morning Jog,Morning jog on Saturday as I could not manage it during weekdays. I am still in two weeks timeline to practice short runs. My plan is to ramp up the distance gradually. Overall feel good after the run but also bit sleepy and more hungry.,2026-04-25_09-17-53_hk_1777101473.fit,426,2026-04-25T07:24:59.000Z,425.000,1087.32,167,151,78,2.699,29.5,50.820084,4.393746
2026-04-25,Running,Morning Jog,Morning jog on Saturday as I could not manage it during weekdays. I am still in two weeks timeline to practice short runs. My plan is to ramp up the distance gradually. Overall feel good after the run but also bit sleepy and more hungry.,2026-04-25_09-17-53_hk_1777101473.fit,427,2026-04-25T07:25:00.000Z,426.000,1090.01,167,151,78,2.657,29.5,50.82012,4.393728
2026-04-25,Running,Morning Jog,Morning jog on Saturday as I could not manage it during weekdays. I am still in two weeks timeline to practice short runs. My plan is to ramp up the distance gradually. Overall feel good after the run but also bit sleepy and more hungry.,2026-04-25_09-17-53_hk_1777101473.fit,428,2026-04-25T07:25:01.000Z,427.000,1092.69,167,155,78,2.696,29.49,50.820138,4.39371
2026-04-25,Running,Morning Jog,Morning jog on Saturday as I could not manage it during weekdays. I am still in two weeks timeline to practice short runs. My plan is to ramp up the distance gradually. Overall feel good after the run but also bit sleepy and more hungry.,2026-04-25_09-17-53_hk_1777101473.fit,429,2026-04-25T07:25:02.000Z,428.000,1096.29,167,155,78,2.782,29.49,50.820156,4.393692
2026-04-25,Running,Morning Jog,Morning jog on Saturday as I could not manage it during weekdays. I am still in two weeks timeline to practice short runs. My plan is to ramp up the distance gradually. Overall feel good after the run but also bit sleepy and more hungry.,2026-04-25_09-17-53_hk_1777101473.fit,430,2026-04-25T07:25:03.000Z,429.000,1099.88,167,154,78,2.764,29.49,50.820174,4.393656
2026-04-25,Running,Morning Jog,Morning jog on Saturday as I could not manage it during weekdays. I am still in two weeks timeline to practice short runs. My plan is to ramp up the distance gradually. Overall feel good after the run but also bit sleepy and more hungry.,2026-04-25_09-17-53_hk_1777101473.fit,431,2026-04-25T07:25:04.000Z,430.000,1101.96,167,154,78,2.666,29.48,50.820192,4.393638
2026-04-25,Running,Morning Jog,Morning jog on Saturday as I could not manage it during weekdays. I am still in two weeks timeline to practice short runs. My plan is to ramp up the distance gradually. Overall feel good after the run but also bit sleepy and more hungry.,2026-04-25_09-17-53_hk_1777101473.fit,432,2026-04-25T07:25:05.000Z,431.000,1104.05,167,154,77,2.675,29.48,50.82021,4.39362
2026-04-25,Running,Morning Jog,Morning jog on Saturday as I could not manage it during weekdays. I am still in two weeks timeline to practice short runs. My plan is to ramp up the distance gradually. Overall feel good after the run but also bit sleepy and more hungry.,2026-04-25_09-17-53_hk_1777101473.fit,433,2026-04-25T07:25:06.000Z,432.000,1106.13,167,153,77,2.684,29.48,50.820228,4.393584
2026-04-25,Running,Morning Jog,Morning jog on Saturday as I could not manage it during weekdays. I am still in two weeks timeline to practice short runs. My plan is to ramp up the distance gradually. Overall feel good after the run but also bit sleepy and more hungry.,2026-04-25_09-17-53_hk_1777101473.fit,434,2026-04-25T07:25:07.000Z,433.000,1110.18,167,153,77,2.796,29.47,50.820246,4.393566
2026-04-25,Running,Morning Jog,Morning jog on Saturday as I could not manage it during weekdays. I am still in two weeks timeline to practice short runs. My plan is to ramp up the distance gradually. Overall feel good after the run but also bit sleepy and more hungry.,2026-04-25_09-17-53_hk_1777101473.fit,435,2026-04-25T07:25:08.000Z,434.000,1114.24,167,156,76,2.806,29.47,50.820264,4.39353
2026-04-25,Running,Morning Jog,Morning jog on Saturday as I could not manage it during weekdays. I am still in two weeks timeline to practice short runs. My plan is to ramp up the distance gradually. Overall feel good after the run but also bit sleepy and more hungry.,2026-04-25_09-17-53_hk_1777101473.fit,436,2026-04-25T07:25:09.000Z,435.000,1116.06,167,156,76,2.698,29.47,50.820282,4.393512
2026-04-25,Running,Morning Jog,Morning jog on Saturday as I could not manage it during weekdays. I am still in two weeks timeline to practice short runs. My plan is to ramp up the distance gradually. Overall feel good after the run but also bit sleepy and more hungry.,2026-04-25_09-17-53_hk_1777101473.fit,437,2026-04-25T07:25:10.000Z,436.000,1117.89,168,156,76,2.688,29.47,50.8203,4.393476
2026-04-25,Running,Morning Jog,Morning jog on Saturday as I could not manage it during weekdays. I am still in two weeks timeline to practice short runs. My plan is to ramp up the distance gradually. Overall feel good after the run but also bit sleepy and more hungry.,2026-04-25_09-17-53_hk_1777101473.fit,438,2026-04-25T07:25:11.000Z,437.000,1119.72,168,153,76,2.678,29.46,50.820318,4.393458
2026-04-25,Running,Morning Jog,Morning jog on Saturday as I could not manage it during weekdays. I am still in two weeks timeline to practice short runs. My plan is to ramp up the distance gradually. Overall feel good after the run but also bit sleepy and more hungry.,2026-04-25_09-17-53_hk_1777101473.fit,439,2026-04-25T07:25:12.000Z,438.000,1123.85,170,153,76,2.788,29.46,50.820336,4.39344
2026-04-25,Running,Morning Jog,Morning jog on Saturday as I could not manage it during weekdays. I am still in two weeks timeline to practice short runs. My plan is to ramp up the distance gradually. Overall feel good after the run but also bit sleepy and more hungry.,2026-04-25_09-17-53_hk_1777101473.fit,440,2026-04-25T07:25:13.000Z,439.000,1127.97,170,154,76,2.808,29.46,50.820354,4.393404
2026-04-25,Running,Morning Jog,Morning jog on Saturday as I could not manage it during weekdays. I am still in two weeks timeline to practice short runs. My plan is to ramp up the distance gradually. Overall feel good after the run but also bit sleepy and more hungry.,2026-04-25_09-17-53_hk_1777101473.fit,441,2026-04-25T07:25:14.000Z,440.000,1129.76,170,154,76,2.705,29.46,50.820372,4.393386
2026-04-25,Running,Morning Jog,Morning jog on Saturday as I could not manage it during weekdays. I am still in two weeks timeline to practice short runs. My plan is to ramp up the distance gradually. Overall feel good after the run but also bit sleepy and more hungry.,2026-04-25_09-17-53_hk_1777101473.fit,442,2026-04-25T07:25:15.000Z,441.000,1131.55,170,154,76,2.689,29.45,50.82039,4.393368
2026-04-25,Running,Morning Jog,Morning jog on Saturday as I could not manage it during weekdays. I am still in two weeks timeline to practice short runs. My plan is to ramp up the distance gradually. Overall feel good after the run but also bit sleepy and more hungry.,2026-04-25_09-17-53_hk_1777101473.fit,443,2026-04-25T07:25:16.000Z,442.000,1133.34,170,153,76,2.674,29.45,50.820408,4.39335
2026-04-25,Running,Morning Jog,Morning jog on Saturday as I could not manage it during weekdays. I am still in two weeks timeline to practice short runs. My plan is to ramp up the distance gradually. Overall feel good after the run but also bit sleepy and more hungry.,2026-04-25_09-17-53_hk_1777101473.fit,444,2026-04-25T07:25:17.000Z,443.000,1137.52,170,153,76,2.789,29.45,50.820426,4.393314
2026-04-25,Running,Morning Jog,Morning jog on Saturday as I could not manage it during weekdays. I am still in two weeks timeline to practice short runs. My plan is to ramp up the distance gradually. Overall feel good after the run but also bit sleepy and more hungry.,2026-04-25_09-17-53_hk_1777101473.fit,445,2026-04-25T07:25:18.000Z,444.000,1141.69,170,154,76,2.871,29.45,50.820462,4.393296
2026-04-25,Running,Morning Jog,Morning jog on Saturday as I could not manage it during weekdays. I am still in two weeks timeline to practice short runs. My plan is to ramp up the distance gradually. Overall feel good after the run but also bit sleepy and more hungry.,2026-04-25_09-17-53_hk_1777101473.fit,446,2026-04-25T07:25:19.000Z,445.000,1144.06,170,154,76,2.854,29.44,50.82048,4.393278
2026-04-25,Running,Morning Jog,Morning jog on Saturday as I could not manage it during weekdays. I am still in two weeks timeline to practice short runs. My plan is to ramp up the distance gradually. Overall feel good after the run but also bit sleepy and more hungry.,2026-04-25_09-17-53_hk_1777101473.fit,447,2026-04-25T07:25:20.000Z,446.000,1146.43,170,154,78,2.786,29.44,50.820498,4.39326
2026-04-25,Running,Morning Jog,Morning jog on Saturday as I could not manage it during weekdays. I am still in two weeks timeline to practice short runs. My plan is to ramp up the distance gradually. Overall feel good after the run but also bit sleepy and more hungry.,2026-04-25_09-17-53_hk_1777101473.fit,448,2026-04-25T07:25:21.000Z,447.000,1148.8,170,152,78,2.764,29.44,50.820516,4.393224
2026-04-25,Running,Morning Jog,Morning jog on Saturday as I could not manage it during weekdays. I am still in two weeks timeline to practice short runs. My plan is to ramp up the distance gradually. Overall feel good after the run but also bit sleepy and more hungry.,2026-04-25_09-17-53_hk_1777101473.fit,449,2026-04-25T07:25:22.000Z,448.000,1150.84,170,152,78,2.682,29.44,50.820534,4.393206
2026-04-25,Running,Morning Jog,Morning jog on Saturday as I could not manage it during weekdays. I am still in two weeks timeline to practice short runs. My plan is to ramp up the distance gradually. Overall feel good after the run but also bit sleepy and more hungry.,2026-04-25_09-17-53_hk_1777101473.fit,450,2026-04-25T07:25:23.000Z,449.000,1152.89,170,152,77,2.68,29.43,50.820552,4.393188
2026-04-25,Running,Morning Jog,Morning jog on Saturday as I could not manage it during weekdays. I am still in two weeks timeline to practice short runs. My plan is to ramp up the distance gradually. Overall feel good after the run but also bit sleepy and more hungry.,2026-04-25_09-17-53_hk_1777101473.fit,451,2026-04-25T07:25:24.000Z,450.000,1154.94,170,179,77,2.678,29.43,50.82057,4.39317
2026-04-25,Running,Morning Jog,Morning jog on Saturday as I could not manage it during weekdays. I am still in two weeks timeline to practice short runs. My plan is to ramp up the distance gradually. Overall feel good after the run but also bit sleepy and more hungry.,2026-04-25_09-17-53_hk_1777101473.fit,452,2026-04-25T07:25:25.000Z,451.000,1157.64,170,179,77,2.711,29.43,50.820588,4.393152
2026-04-25,Running,Morning Jog,Morning jog on Saturday as I could not manage it during weekdays. I am still in two weeks timeline to practice short runs. My plan is to ramp up the distance gradually. Overall feel good after the run but also bit sleepy and more hungry.,2026-04-25_09-17-53_hk_1777101473.fit,453,2026-04-25T07:25:26.000Z,452.000,1160.35,167,172,76,2.64,29.43,50.820606,4.393134
2026-04-25,Running,Morning Jog,Morning jog on Saturday as I could not manage it during weekdays. I am still in two weeks timeline to practice short runs. My plan is to ramp up the distance gradually. Overall feel good after the run but also bit sleepy and more hungry.,2026-04-25_09-17-53_hk_1777101473.fit,454,2026-04-25T07:25:27.000Z,453.000,1162.83,167,172,76,2.633,29.43,50.820624,4.393116
2026-04-25,Running,Morning Jog,Morning jog on Saturday as I could not manage it during weekdays. I am still in two weeks timeline to practice short runs. My plan is to ramp up the distance gradually. Overall feel good after the run but also bit sleepy and more hungry.,2026-04-25_09-17-53_hk_1777101473.fit,455,2026-04-25T07:25:28.000Z,454.000,1165.32,167,172,76,2.554,29.43,50.820642,4.393116
2026-04-25,Running,Morning Jog,Morning jog on Saturday as I could not manage it during weekdays. I am still in two weeks timeline to practice short runs. My plan is to ramp up the distance gradually. Overall feel good after the run but also bit sleepy and more hungry.,2026-04-25_09-17-53_hk_1777101473.fit,456,2026-04-25T07:25:29.000Z,455.000,1167.8,167,170,76,2.587,29.42,50.82066,4.393098
2026-04-25,Running,Morning Jog,Morning jog on Saturday as I could not manage it during weekdays. I am still in two weeks timeline to practice short runs. My plan is to ramp up the distance gradually. Overall feel good after the run but also bit sleepy and more hungry.,2026-04-25_09-17-53_hk_1777101473.fit,457,2026-04-25T07:25:30.000Z,456.000,1170.61,167,170,76,2.679,29.42,50.820678,4.39308
2026-04-25,Running,Morning Jog,Morning jog on Saturday as I could not manage it during weekdays. I am still in two weeks timeline to practice short runs. My plan is to ramp up the distance gradually. Overall feel good after the run but also bit sleepy and more hungry.,2026-04-25_09-17-53_hk_1777101473.fit,458,2026-04-25T07:25:31.000Z,457.000,1173.43,167,167,76,2.685,29.42,50.820696,4.393044
2026-04-25,Running,Morning Jog,Morning jog on Saturday as I could not manage it during weekdays. I am still in two weeks timeline to practice short runs. My plan is to ramp up the distance gradually. Overall feel good after the run but also bit sleepy and more hungry.,2026-04-25_09-17-53_hk_1777101473.fit,459,2026-04-25T07:25:32.000Z,458.000,1175.72,167,167,74,2.594,29.42,50.820714,4.393026
2026-04-25,Running,Morning Jog,Morning jog on Saturday as I could not manage it during weekdays. I am still in two weeks timeline to practice short runs. My plan is to ramp up the distance gradually. Overall feel good after the run but also bit sleepy and more hungry.,2026-04-25_09-17-53_hk_1777101473.fit,460,2026-04-25T07:25:33.000Z,459.000,1178.01,167,167,74,2.502,29.42,50.820732,4.393008
2026-04-25,Running,Morning Jog,Morning jog on Saturday as I could not manage it during weekdays. I am still in two weeks timeline to practice short runs. My plan is to ramp up the distance gradually. Overall feel good after the run but also bit sleepy and more hungry.,2026-04-25_09-17-53_hk_1777101473.fit,461,2026-04-25T07:25:34.000Z,460.000,1180.31,167,166,74,2.527,29.41,50.82075,4.39299
2026-04-25,Running,Morning Jog,Morning jog on Saturday as I could not manage it during weekdays. I am still in two weeks timeline to practice short runs. My plan is to ramp up the distance gradually. Overall feel good after the run but also bit sleepy and more hungry.,2026-04-25_09-17-53_hk_1777101473.fit,462,2026-04-25T07:25:35.000Z,461.000,1183.86,167,166,76,2.659,29.41,50.820768,4.392954
2026-04-25,Running,Morning Jog,Morning jog on Saturday as I could not manage it during weekdays. I am still in two weeks timeline to practice short runs. My plan is to ramp up the distance gradually. Overall feel good after the run but also bit sleepy and more hungry.,2026-04-25_09-17-53_hk_1777101473.fit,463,2026-04-25T07:25:36.000Z,462.000,1187.42,167,167,76,2.704,29.41,50.820786,4.392936
2026-04-25,Running,Morning Jog,Morning jog on Saturday as I could not manage it during weekdays. I am still in two weeks timeline to practice short runs. My plan is to ramp up the distance gradually. Overall feel good after the run but also bit sleepy and more hungry.,2026-04-25_09-17-53_hk_1777101473.fit,464,2026-04-25T07:25:37.000Z,463.000,1189.75,167,167,76,2.612,29.41,50.820804,4.3929
2026-04-25,Running,Morning Jog,Morning jog on Saturday as I could not manage it during weekdays. I am still in two weeks timeline to practice short runs. My plan is to ramp up the distance gradually. Overall feel good after the run but also bit sleepy and more hungry.,2026-04-25_09-17-53_hk_1777101473.fit,465,2026-04-25T07:25:38.000Z,464.000,1192.08,167,167,76,2.519,29.4,50.820822,4.392864
2026-04-25,Running,Morning Jog,Morning jog on Saturday as I could not manage it during weekdays. I am still in two weeks timeline to practice short runs. My plan is to ramp up the distance gradually. Overall feel good after the run but also bit sleepy and more hungry.,2026-04-25_09-17-53_hk_1777101473.fit,466,2026-04-25T07:25:39.000Z,465.000,1194.41,167,168,76,2.518,29.4,50.82084,4.392846
2026-04-25,Running,Morning Jog,Morning jog on Saturday as I could not manage it during weekdays. I am still in two weeks timeline to practice short runs. My plan is to ramp up the distance gradually. Overall feel good after the run but also bit sleepy and more hungry.,2026-04-25_09-17-53_hk_1777101473.fit,467,2026-04-25T07:25:40.000Z,466.000,1196.88,167,168,76,2.522,29.4,50.820858,4.39281
2026-04-25,Running,Morning Jog,Morning jog on Saturday as I could not manage it during weekdays. I am still in two weeks timeline to practice short runs. My plan is to ramp up the distance gradually. Overall feel good after the run but also bit sleepy and more hungry.,2026-04-25_09-17-53_hk_1777101473.fit,468,2026-04-25T07:25:41.000Z,467.000,1199.34,167,168,76,2.527,29.4,50.820876,4.392774
2026-04-25,Running,Morning Jog,Morning jog on Saturday as I could not manage it during weekdays. I am still in two weeks timeline to practice short runs. My plan is to ramp up the distance gradually. Overall feel good after the run but also bit sleepy and more hungry.,2026-04-25_09-17-53_hk_1777101473.fit,469,2026-04-25T07:25:42.000Z,468.000,1201.81,167,170,76,2.548,29.4,50.820894,4.392756
2026-04-25,Running,Morning Jog,Morning jog on Saturday as I could not manage it during weekdays. I am still in two weeks timeline to practice short runs. My plan is to ramp up the distance gradually. Overall feel good after the run but also bit sleepy and more hungry.,2026-04-25_09-17-53_hk_1777101473.fit,470,2026-04-25T07:25:43.000Z,469.000,1205.31,167,170,76,2.651,29.39,50.820912,4.39272
2026-04-25,Running,Morning Jog,Morning jog on Saturday as I could not manage it during weekdays. I am still in two weeks timeline to practice short runs. My plan is to ramp up the distance gradually. Overall feel good after the run but also bit sleepy and more hungry.,2026-04-25_09-17-53_hk_1777101473.fit,471,2026-04-25T07:25:44.000Z,470.000,1208.8,167,168,76,2.693,29.39,50.82093,4.392702
2026-04-25,Running,Morning Jog,Morning jog on Saturday as I could not manage it during weekdays. I am still in two weeks timeline to practice short runs. My plan is to ramp up the distance gradually. Overall feel good after the run but also bit sleepy and more hungry.,2026-04-25_09-17-53_hk_1777101473.fit,472,2026-04-25T07:25:45.000Z,471.000,1210.98,167,168,76,2.665,29.39,50.82093,4.392666
2026-04-25,Running,Morning Jog,Morning jog on Saturday as I could not manage it during weekdays. I am still in two weeks timeline to practice short runs. My plan is to ramp up the distance gradually. Overall feel good after the run but also bit sleepy and more hungry.,2026-04-25_09-17-53_hk_1777101473.fit,473,2026-04-25T07:25:46.000Z,472.000,1213.16,167,168,76,2.649,29.39,50.820948,4.392648
2026-04-25,Running,Morning Jog,Morning jog on Saturday as I could not manage it during weekdays. I am still in two weeks timeline to practice short runs. My plan is to ramp up the distance gradually. Overall feel good after the run but also bit sleepy and more hungry.,2026-04-25_09-17-53_hk_1777101473.fit,474,2026-04-25T07:25:47.000Z,473.000,1215.35,167,170,78,2.633,29.39,50.820966,4.39263
2026-04-25,Running,Morning Jog,Morning jog on Saturday as I could not manage it during weekdays. I am still in two weeks timeline to practice short runs. My plan is to ramp up the distance gradually. Overall feel good after the run but also bit sleepy and more hungry.,2026-04-25_09-17-53_hk_1777101473.fit,475,2026-04-25T07:25:48.000Z,474.000,1218.47,167,170,78,2.667,29.39,50.821002,4.392612
2026-04-25,Running,Morning Jog,Morning jog on Saturday as I could not manage it during weekdays. I am still in two weeks timeline to practice short runs. My plan is to ramp up the distance gradually. Overall feel good after the run but also bit sleepy and more hungry.,2026-04-25_09-17-53_hk_1777101473.fit,476,2026-04-25T07:25:49.000Z,475.000,1221.6,167,170,78,2.683,29.38,50.82102,4.392594
2026-04-25,Running,Morning Jog,Morning jog on Saturday as I could not manage it during weekdays. I am still in two weeks timeline to practice short runs. My plan is to ramp up the distance gradually. Overall feel good after the run but also bit sleepy and more hungry.,2026-04-25_09-17-53_hk_1777101473.fit,477,2026-04-25T07:25:50.000Z,476.000,1224.56,167,170,77,2.691,29.38,50.821038,4.392594
2026-04-25,Running,Morning Jog,Morning jog on Saturday as I could not manage it during weekdays. I am still in two weeks timeline to practice short runs. My plan is to ramp up the distance gradually. Overall feel good after the run but also bit sleepy and more hungry.,2026-04-25_09-17-53_hk_1777101473.fit,478,2026-04-25T07:25:51.000Z,477.000,1227.53,167,170,77,2.727,29.38,50.821074,4.392594
2026-04-25,Running,Morning Jog,Morning jog on Saturday as I could not manage it during weekdays. I am still in two weeks timeline to practice short runs. My plan is to ramp up the distance gradually. Overall feel good after the run but also bit sleepy and more hungry.,2026-04-25_09-17-53_hk_1777101473.fit,479,2026-04-25T07:25:52.000Z,478.000,1230.49,167,175,77,2.788,29.38,50.821092,4.392594
2026-04-25,Running,Morning Jog,Morning jog on Saturday as I could not manage it during weekdays. I am still in two weeks timeline to practice short runs. My plan is to ramp up the distance gradually. Overall feel good after the run but also bit sleepy and more hungry.,2026-04-25_09-17-53_hk_1777101473.fit,480,2026-04-25T07:25:53.000Z,479.000,1233.13,167,175,77,2.78,29.38,50.821128,4.392594
2026-04-25,Running,Morning Jog,Morning jog on Saturday as I could not manage it during weekdays. I am still in two weeks timeline to practice short runs. My plan is to ramp up the distance gradually. Overall feel good after the run but also bit sleepy and more hungry.,2026-04-25_09-17-53_hk_1777101473.fit,481,2026-04-25T07:25:54.000Z,480.000,1235.76,167,174,77,2.731,29.38,50.821146,4.392594
2026-04-25,Running,Morning Jog,Morning jog on Saturday as I could not manage it during weekdays. I am still in two weeks timeline to practice short runs. My plan is to ramp up the distance gradually. Overall feel good after the run but also bit sleepy and more hungry.,2026-04-25_09-17-53_hk_1777101473.fit,482,2026-04-25T07:25:55.000Z,481.000,1238.3,167,174,77,2.678,29.38,50.821164,4.392576
2026-04-25,Running,Morning Jog,Morning jog on Saturday as I could not manage it during weekdays. I am still in two weeks timeline to practice short runs. My plan is to ramp up the distance gradually. Overall feel good after the run but also bit sleepy and more hungry.,2026-04-25_09-17-53_hk_1777101473.fit,483,2026-04-25T07:25:56.000Z,482.000,1240.84,167,174,76,2.689,29.37,50.821182,4.392558
2026-04-25,Running,Morning Jog,Morning jog on Saturday as I could not manage it during weekdays. I am still in two weeks timeline to practice short runs. My plan is to ramp up the distance gradually. Overall feel good after the run but also bit sleepy and more hungry.,2026-04-25_09-17-53_hk_1777101473.fit,484,2026-04-25T07:25:57.000Z,483.000,1243.37,167,174,76,2.7,29.37,50.821218,4.392522
2026-04-25,Running,Morning Jog,Morning jog on Saturday as I could not manage it during weekdays. I am still in two weeks timeline to practice short runs. My plan is to ramp up the distance gradually. Overall feel good after the run but also bit sleepy and more hungry.,2026-04-25_09-17-53_hk_1777101473.fit,485,2026-04-25T07:25:58.000Z,484.000,1246.99,167,174,76,2.784,29.37,50.821236,4.392504
2026-04-25,Running,Morning Jog,Morning jog on Saturday as I could not manage it during weekdays. I am still in two weeks timeline to practice short runs. My plan is to ramp up the distance gradually. Overall feel good after the run but also bit sleepy and more hungry.,2026-04-25_09-17-53_hk_1777101473.fit,486,2026-04-25T07:25:59.000Z,485.000,1250.61,167,175,76,2.848,29.37,50.821254,4.392486
2026-04-25,Running,Morning Jog,Morning jog on Saturday as I could not manage it during weekdays. I am still in two weeks timeline to practice short runs. My plan is to ramp up the distance gradually. Overall feel good after the run but also bit sleepy and more hungry.,2026-04-25_09-17-53_hk_1777101473.fit,487,2026-04-25T07:26:00.000Z,486.000,1252.9,167,175,76,2.839,29.37,50.821272,4.392468
2026-04-25,Running,Morning Jog,Morning jog on Saturday as I could not manage it during weekdays. I am still in two weeks timeline to practice short runs. My plan is to ramp up the distance gradually. Overall feel good after the run but also bit sleepy and more hungry.,2026-04-25_09-17-53_hk_1777101473.fit,488,2026-04-25T07:26:01.000Z,487.000,1255.2,167,175,76,2.81,29.37,50.82129,4.39245
2026-04-25,Running,Morning Jog,Morning jog on Saturday as I could not manage it during weekdays. I am still in two weeks timeline to practice short runs. My plan is to ramp up the distance gradually. Overall feel good after the run but also bit sleepy and more hungry.,2026-04-25_09-17-53_hk_1777101473.fit,489,2026-04-25T07:26:02.000Z,488.000,1257.49,167,177,76,2.746,29.36,50.821326,4.392414
2026-04-25,Running,Morning Jog,Morning jog on Saturday as I could not manage it during weekdays. I am still in two weeks timeline to practice short runs. My plan is to ramp up the distance gradually. Overall feel good after the run but also bit sleepy and more hungry.,2026-04-25_09-17-53_hk_1777101473.fit,490,2026-04-25T07:26:03.000Z,489.000,1259.52,167,177,76,2.67,29.36,50.821344,4.392396
2026-04-25,Running,Morning Jog,Morning jog on Saturday as I could not manage it during weekdays. I am still in two weeks timeline to practice short runs. My plan is to ramp up the distance gradually. Overall feel good after the run but also bit sleepy and more hungry.,2026-04-25_09-17-53_hk_1777101473.fit,491,2026-04-25T07:26:04.000Z,490.000,1261.56,167,177,76,2.662,29.36,50.821362,4.392378
2026-04-25,Running,Morning Jog,Morning jog on Saturday as I could not manage it during weekdays. I am still in two weeks timeline to practice short runs. My plan is to ramp up the distance gradually. Overall feel good after the run but also bit sleepy and more hungry.,2026-04-25_09-17-53_hk_1777101473.fit,492,2026-04-25T07:26:05.000Z,491.000,1263.6,167,176,76,2.655,29.36,50.82138,4.39236
2026-04-25,Running,Morning Jog,Morning jog on Saturday as I could not manage it during weekdays. I am still in two weeks timeline to practice short runs. My plan is to ramp up the distance gradually. Overall feel good after the run but also bit sleepy and more hungry.,2026-04-25_09-17-53_hk_1777101473.fit,493,2026-04-25T07:26:06.000Z,492.000,1266.96,167,176,76,2.716,29.36,50.821398,4.392342
2026-04-25,Running,Morning Jog,Morning jog on Saturday as I could not manage it during weekdays. I am still in two weeks timeline to practice short runs. My plan is to ramp up the distance gradually. Overall feel good after the run but also bit sleepy and more hungry.,2026-04-25_09-17-53_hk_1777101473.fit,494,2026-04-25T07:26:07.000Z,493.000,1270.31,167,176,76,2.728,29.35,50.821416,4.392324
2026-04-25,Running,Morning Jog,Morning jog on Saturday as I could not manage it during weekdays. I am still in two weeks timeline to practice short runs. My plan is to ramp up the distance gradually. Overall feel good after the run but also bit sleepy and more hungry.,2026-04-25_09-17-53_hk_1777101473.fit,495,2026-04-25T07:26:08.000Z,494.000,1272.51,167,176,76,2.68,29.35,50.821434,4.392288
2026-04-25,Running,Morning Jog,Morning jog on Saturday as I could not manage it during weekdays. I am still in two weeks timeline to practice short runs. My plan is to ramp up the distance gradually. Overall feel good after the run but also bit sleepy and more hungry.,2026-04-25_09-17-53_hk_1777101473.fit,496,2026-04-25T07:26:09.000Z,495.000,1274.71,167,176,76,2.639,29.35,50.821452,4.39227
2026-04-25,Running,Morning Jog,Morning jog on Saturday as I could not manage it during weekdays. I am still in two weeks timeline to practice short runs. My plan is to ramp up the distance gradually. Overall feel good after the run but also bit sleepy and more hungry.,2026-04-25_09-17-53_hk_1777101473.fit,497,2026-04-25T07:26:10.000Z,496.000,1276.91,167,177,76,2.618,29.35,50.82147,4.392252
2026-04-25,Running,Morning Jog,Morning jog on Saturday as I could not manage it during weekdays. I am still in two weeks timeline to practice short runs. My plan is to ramp up the distance gradually. Overall feel good after the run but also bit sleepy and more hungry.,2026-04-25_09-17-53_hk_1777101473.fit,498,2026-04-25T07:26:11.000Z,497.000,1280.9,167,177,76,2.653,29.35,50.821488,4.392216
2026-04-25,Running,Morning Jog,Morning jog on Saturday as I could not manage it during weekdays. I am still in two weeks timeline to practice short runs. My plan is to ramp up the distance gradually. Overall feel good after the run but also bit sleepy and more hungry.,2026-04-25_09-17-53_hk_1777101473.fit,499,2026-04-25T07:26:12.000Z,498.000,1284.9,167,177,76,2.725,29.35,50.821506,4.392198
2026-04-25,Running,Morning Jog,Morning jog on Saturday as I could not manage it during weekdays. I am still in two weeks timeline to practice short runs. My plan is to ramp up the distance gradually. Overall feel good after the run but also bit sleepy and more hungry.,2026-04-25_09-17-53_hk_1777101473.fit,500,2026-04-25T07:26:13.000Z,499.000,1286.85,167,177,76,2.689,29.34,50.821524,4.392162
2026-04-25,Running,Morning Jog,Morning jog on Saturday as I could not manage it during weekdays. I am still in two weeks timeline to practice short runs. My plan is to ramp up the distance gradually. Overall feel good after the run but also bit sleepy and more hungry.,2026-04-25_09-17-53_hk_1777101473.fit,501,2026-04-25T07:26:14.000Z,500.000,1288.8,167,177,76,2.658,29.34,50.821542,4.392144
2026-04-25,Running,Morning Jog,Morning jog on Saturday as I could not manage it during weekdays. I am still in two weeks timeline to practice short runs. My plan is to ramp up the distance gradually. Overall feel good after the run but also bit sleepy and more hungry.,2026-04-25_09-17-53_hk_1777101473.fit,502,2026-04-25T07:26:15.000Z,501.000,1290.75,167,175,76,2.622,29.34,50.82156,4.392108
2026-04-25,Running,Morning Jog,Morning jog on Saturday as I could not manage it during weekdays. I am still in two weeks timeline to practice short runs. My plan is to ramp up the distance gradually. Overall feel good after the run but also bit sleepy and more hungry.,2026-04-25_09-17-53_hk_1777101473.fit,503,2026-04-25T07:26:16.000Z,502.000,1294.09,167,175,76,2.669,29.34,50.821578,4.39209
2026-04-25,Running,Morning Jog,Morning jog on Saturday as I could not manage it during weekdays. I am still in two weeks timeline to practice short runs. My plan is to ramp up the distance gradually. Overall feel good after the run but also bit sleepy and more hungry.,2026-04-25_09-17-53_hk_1777101473.fit,504,2026-04-25T07:26:17.000Z,503.000,1297.42,167,173,76,2.654,29.34,50.821596,4.392072
2026-04-25,Running,Morning Jog,Morning jog on Saturday as I could not manage it during weekdays. I am still in two weeks timeline to practice short runs. My plan is to ramp up the distance gradually. Overall feel good after the run but also bit sleepy and more hungry.,2026-04-25_09-17-53_hk_1777101473.fit,505,2026-04-25T07:26:18.000Z,504.000,1299.47,167,173,76,2.624,29.34,50.821614,4.392054
2026-04-25,Running,Morning Jog,Morning jog on Saturday as I could not manage it during weekdays. I am still in two weeks timeline to practice short runs. My plan is to ramp up the distance gradually. Overall feel good after the run but also bit sleepy and more hungry.,2026-04-25_09-17-53_hk_1777101473.fit,506,2026-04-25T07:26:19.000Z,505.000,1301.52,167,173,76,2.545,29.33,50.821632,4.392036
2026-04-25,Running,Morning Jog,Morning jog on Saturday as I could not manage it during weekdays. I am still in two weeks timeline to practice short runs. My plan is to ramp up the distance gradually. Overall feel good after the run but also bit sleepy and more hungry.,2026-04-25_09-17-53_hk_1777101473.fit,507,2026-04-25T07:26:20.000Z,506.000,1303.56,167,169,79,2.533,29.33,50.82165,4.392018
2026-04-25,Running,Morning Jog,Morning jog on Saturday as I could not manage it during weekdays. I am still in two weeks timeline to practice short runs. My plan is to ramp up the distance gradually. Overall feel good after the run but also bit sleepy and more hungry.,2026-04-25_09-17-53_hk_1777101473.fit,508,2026-04-25T07:26:21.000Z,507.000,1307.05,167,169,79,2.593,29.33,50.821668,4.392
2026-04-25,Running,Morning Jog,Morning jog on Saturday as I could not manage it during weekdays. I am still in two weeks timeline to practice short runs. My plan is to ramp up the distance gradually. Overall feel good after the run but also bit sleepy and more hungry.,2026-04-25_09-17-53_hk_1777101473.fit,509,2026-04-25T07:26:22.000Z,508.000,1310.53,167,171,79,2.685,29.33,50.821686,4.391982
2026-04-25,Running,Morning Jog,Morning jog on Saturday as I could not manage it during weekdays. I am still in two weeks timeline to practice short runs. My plan is to ramp up the distance gradually. Overall feel good after the run but also bit sleepy and more hungry.,2026-04-25_09-17-53_hk_1777101473.fit,510,2026-04-25T07:26:23.000Z,509.000,1312.93,167,171,77,2.704,29.33,50.821704,4.391964
2026-04-25,Running,Morning Jog,Morning jog on Saturday as I could not manage it during weekdays. I am still in two weeks timeline to practice short runs. My plan is to ramp up the distance gradually. Overall feel good after the run but also bit sleepy and more hungry.,2026-04-25_09-17-53_hk_1777101473.fit,511,2026-04-25T07:26:24.000Z,510.000,1315.33,167,171,77,2.723,29.33,50.821722,4.391946
2026-04-25,Running,Morning Jog,Morning jog on Saturday as I could not manage it during weekdays. I am still in two weeks timeline to practice short runs. My plan is to ramp up the distance gradually. Overall feel good after the run but also bit sleepy and more hungry.,2026-04-25_09-17-53_hk_1777101473.fit,512,2026-04-25T07:26:25.000Z,511.000,1317.74,167,172,77,2.673,29.33,50.82174,4.391928
2026-04-25,Running,Morning Jog,Morning jog on Saturday as I could not manage it during weekdays. I am still in two weeks timeline to practice short runs. My plan is to ramp up the distance gradually. Overall feel good after the run but also bit sleepy and more hungry.,2026-04-25_09-17-53_hk_1777101473.fit,513,2026-04-25T07:26:26.000Z,512.000,1319.68,167,172,78,2.636,29.32,50.821758,4.391892
2026-04-25,Running,Morning Jog,Morning jog on Saturday as I could not manage it during weekdays. I am still in two weeks timeline to practice short runs. My plan is to ramp up the distance gradually. Overall feel good after the run but also bit sleepy and more hungry.,2026-04-25_09-17-53_hk_1777101473.fit,514,2026-04-25T07:26:27.000Z,513.000,1321.62,167,172,78,2.565,29.32,50.821776,4.391874
2026-04-25,Running,Morning Jog,Morning jog on Saturday as I could not manage it during weekdays. I am still in two weeks timeline to practice short runs. My plan is to ramp up the distance gradually. Overall feel good after the run but also bit sleepy and more hungry.,2026-04-25_09-17-53_hk_1777101473.fit,515,2026-04-25T07:26:28.000Z,514.000,1323.56,167,170,78,2.552,29.32,50.821812,4.391856
2026-04-25,Running,Morning Jog,Morning jog on Saturday as I could not manage it during weekdays. I am still in two weeks timeline to practice short runs. My plan is to ramp up the distance gradually. Overall feel good after the run but also bit sleepy and more hungry.,2026-04-25_09-17-53_hk_1777101473.fit,516,2026-04-25T07:26:29.000Z,515.000,1327.45,167,170,76,2.66,29.32,50.82183,4.391838
2026-04-25,Running,Morning Jog,Morning jog on Saturday as I could not manage it during weekdays. I am still in two weeks timeline to practice short runs. My plan is to ramp up the distance gradually. Overall feel good after the run but also bit sleepy and more hungry.,2026-04-25_09-17-53_hk_1777101473.fit,517,2026-04-25T07:26:30.000Z,516.000,1331.35,167,173,76,2.655,29.32,50.821848,4.39182
2026-04-25,Running,Morning Jog,Morning jog on Saturday as I could not manage it during weekdays. I am still in two weeks timeline to practice short runs. My plan is to ramp up the distance gradually. Overall feel good after the run but also bit sleepy and more hungry.,2026-04-25_09-17-53_hk_1777101473.fit,518,2026-04-25T07:26:31.000Z,517.000,1333.2,167,173,76,2.615,29.32,50.821866,4.391802
2026-04-25,Running,Morning Jog,Morning jog on Saturday as I could not manage it during weekdays. I am still in two weeks timeline to practice short runs. My plan is to ramp up the distance gradually. Overall feel good after the run but also bit sleepy and more hungry.,2026-04-25_09-17-53_hk_1777101473.fit,519,2026-04-25T07:26:32.000Z,518.000,1335.05,167,173,76,2.508,29.31,50.821902,4.391784
2026-04-25,Running,Morning Jog,Morning jog on Saturday as I could not manage it during weekdays. I am still in two weeks timeline to practice short runs. My plan is to ramp up the distance gradually. Overall feel good after the run but also bit sleepy and more hungry.,2026-04-25_09-17-53_hk_1777101473.fit,520,2026-04-25T07:26:33.000Z,519.000,1336.89,167,171,76,2.502,29.31,50.82192,4.391766
2026-04-25,Running,Morning Jog,Morning jog on Saturday as I could not manage it during weekdays. I am still in two weeks timeline to practice short runs. My plan is to ramp up the distance gradually. Overall feel good after the run but also bit sleepy and more hungry.,2026-04-25_09-17-53_hk_1777101473.fit,521,2026-04-25T07:26:34.000Z,520.000,1340.9,167,171,76,2.64,29.31,50.821938,4.391766
2026-04-25,Running,Morning Jog,Morning jog on Saturday as I could not manage it during weekdays. I am still in two weeks timeline to practice short runs. My plan is to ramp up the distance gradually. Overall feel good after the run but also bit sleepy and more hungry.,2026-04-25_09-17-53_hk_1777101473.fit,522,2026-04-25T07:26:35.000Z,521.000,1344.91,167,174,76,2.675,29.31,50.821956,4.391748
2026-04-25,Running,Morning Jog,Morning jog on Saturday as I could not manage it during weekdays. I am still in two weeks timeline to practice short runs. My plan is to ramp up the distance gradually. Overall feel good after the run but also bit sleepy and more hungry.,2026-04-25_09-17-53_hk_1777101473.fit,523,2026-04-25T07:26:36.000Z,522.000,1346.92,167,174,76,2.642,29.31,50.821992,4.39173
2026-04-25,Running,Morning Jog,Morning jog on Saturday as I could not manage it during weekdays. I am still in two weeks timeline to practice short runs. My plan is to ramp up the distance gradually. Overall feel good after the run but also bit sleepy and more hungry.,2026-04-25_09-17-53_hk_1777101473.fit,524,2026-04-25T07:26:37.000Z,523.000,1348.93,167,174,76,2.575,29.3,50.82201,4.391694
2026-04-25,Running,Morning Jog,Morning jog on Saturday as I could not manage it during weekdays. I am still in two weeks timeline to practice short runs. My plan is to ramp up the distance gradually. Overall feel good after the run but also bit sleepy and more hungry.,2026-04-25_09-17-53_hk_1777101473.fit,525,2026-04-25T07:26:38.000Z,524.000,1350.94,167,172,76,2.574,29.3,50.822028,4.391676
2026-04-25,Running,Morning Jog,Morning jog on Saturday as I could not manage it during weekdays. I am still in two weeks timeline to practice short runs. My plan is to ramp up the distance gradually. Overall feel good after the run but also bit sleepy and more hungry.,2026-04-25_09-17-53_hk_1777101473.fit,526,2026-04-25T07:26:39.000Z,525.000,1353.88,167,172,76,2.649,29.3,50.822046,4.391658
2026-04-25,Running,Morning Jog,Morning jog on Saturday as I could not manage it during weekdays. I am still in two weeks timeline to practice short runs. My plan is to ramp up the distance gradually. Overall feel good after the run but also bit sleepy and more hungry.,2026-04-25_09-17-53_hk_1777101473.fit,527,2026-04-25T07:26:40.000Z,526.000,1356.82,167,167,76,2.663,29.3,50.822064,4.39164
2026-04-25,Running,Morning Jog,Morning jog on Saturday as I could not manage it during weekdays. I am still in two weeks timeline to practice short runs. My plan is to ramp up the distance gradually. Overall feel good after the run but also bit sleepy and more hungry.,2026-04-25_09-17-53_hk_1777101473.fit,528,2026-04-25T07:26:41.000Z,527.000,1358.7,167,167,76,2.582,29.3,50.822082,4.391622
2026-04-25,Running,Morning Jog,Morning jog on Saturday as I could not manage it during weekdays. I am still in two weeks timeline to practice short runs. My plan is to ramp up the distance gradually. Overall feel good after the run but also bit sleepy and more hungry.,2026-04-25_09-17-53_hk_1777101473.fit,529,2026-04-25T07:26:42.000Z,528.000,1360.57,167,167,76,2.502,29.29,50.8221,4.391604
2026-04-25,Running,Morning Jog,Morning jog on Saturday as I could not manage it during weekdays. I am still in two weeks timeline to practice short runs. My plan is to ramp up the distance gradually. Overall feel good after the run but also bit sleepy and more hungry.,2026-04-25_09-17-53_hk_1777101473.fit,530,2026-04-25T07:26:43.000Z,529.000,1362.44,167,165,76,2.472,29.29,50.822118,4.391586
2026-04-25,Running,Morning Jog,Morning jog on Saturday as I could not manage it during weekdays. I am still in two weeks timeline to practice short runs. My plan is to ramp up the distance gradually. Overall feel good after the run but also bit sleepy and more hungry.,2026-04-25_09-17-53_hk_1777101473.fit,531,2026-04-25T07:26:44.000Z,530.000,1364.83,167,165,76,2.471,29.29,50.822136,4.391568
2026-04-25,Running,Morning Jog,Morning jog on Saturday as I could not manage it during weekdays. I am still in two weeks timeline to practice short runs. My plan is to ramp up the distance gradually. Overall feel good after the run but also bit sleepy and more hungry.,2026-04-25_09-17-53_hk_1777101473.fit,532,2026-04-25T07:26:45.000Z,531.000,1367.23,167,165,76,2.471,29.29,50.822154,4.39155
2026-04-25,Running,Morning Jog,Morning jog on Saturday as I could not manage it during weekdays. I am still in two weeks timeline to practice short runs. My plan is to ramp up the distance gradually. Overall feel good after the run but also bit sleepy and more hungry.,2026-04-25_09-17-53_hk_1777101473.fit,533,2026-04-25T07:26:46.000Z,532.000,1369.62,167,163,76,2.471,29.29,50.822172,4.391514
2026-04-25,Running,Morning Jog,Morning jog on Saturday as I could not manage it during weekdays. I am still in two weeks timeline to practice short runs. My plan is to ramp up the distance gradually. Overall feel good after the run but also bit sleepy and more hungry.,2026-04-25_09-17-53_hk_1777101473.fit,534,2026-04-25T07:26:47.000Z,533.000,1372.54,167,163,76,2.546,29.29,50.82219,4.391496
2026-04-25,Running,Morning Jog,Morning jog on Saturday as I could not manage it during weekdays. I am still in two weeks timeline to practice short runs. My plan is to ramp up the distance gradually. Overall feel good after the run but also bit sleepy and more hungry.,2026-04-25_09-17-53_hk_1777101473.fit,535,2026-04-25T07:26:48.000Z,534.000,1375.45,167,166,76,2.594,29.28,50.822208,4.391478
2026-04-25,Running,Morning Jog,Morning jog on Saturday as I could not manage it during weekdays. I am still in two weeks timeline to practice short runs. My plan is to ramp up the distance gradually. Overall feel good after the run but also bit sleepy and more hungry.,2026-04-25_09-17-53_hk_1777101473.fit,536,2026-04-25T07:26:49.000Z,535.000,1377.8,167,166,76,2.518,29.28,50.822226,4.391442
2026-04-25,Running,Morning Jog,Morning jog on Saturday as I could not manage it during weekdays. I am still in two weeks timeline to practice short runs. My plan is to ramp up the distance gradually. Overall feel good after the run but also bit sleepy and more hungry.,2026-04-25_09-17-53_hk_1777101473.fit,537,2026-04-25T07:26:50.000Z,536.000,1380.16,167,166,76,2.51,29.28,50.822244,4.391424
2026-04-25,Running,Morning Jog,Morning jog on Saturday as I could not manage it during weekdays. I am still in two weeks timeline to practice short runs. My plan is to ramp up the distance gradually. Overall feel good after the run but also bit sleepy and more hungry.,2026-04-25_09-17-53_hk_1777101473.fit,538,2026-04-25T07:26:51.000Z,537.000,1382.52,167,168,76,2.437,29.28,50.822262,4.391406
2026-04-25,Running,Morning Jog,Morning jog on Saturday as I could not manage it during weekdays. I am still in two weeks timeline to practice short runs. My plan is to ramp up the distance gradually. Overall feel good after the run but also bit sleepy and more hungry.,2026-04-25_09-17-53_hk_1777101473.fit,539,2026-04-25T07:26:52.000Z,538.000,1387.06,167,168,76,2.64,29.27,50.822298,4.39137
2026-04-25,Running,Morning Jog,Morning jog on Saturday as I could not manage it during weekdays. I am still in two weeks timeline to practice short runs. My plan is to ramp up the distance gradually. Overall feel good after the run but also bit sleepy and more hungry.,2026-04-25_09-17-53_hk_1777101473.fit,540,2026-04-25T07:26:53.000Z,539.000,1391.6,167,177,76,2.668,29.27,50.822316,4.391352
2026-04-25,Running,Morning Jog,Morning jog on Saturday as I could not manage it during weekdays. I am still in two weeks timeline to practice short runs. My plan is to ramp up the distance gradually. Overall feel good after the run but also bit sleepy and more hungry.,2026-04-25_09-17-53_hk_1777101473.fit,541,2026-04-25T07:26:54.000Z,540.000,1394.08,167,177,76,2.659,29.27,50.822334,4.391316
2026-04-25,Running,Morning Jog,Morning jog on Saturday as I could not manage it during weekdays. I am still in two weeks timeline to practice short runs. My plan is to ramp up the distance gradually. Overall feel good after the run but also bit sleepy and more hungry.,2026-04-25_09-17-53_hk_1777101473.fit,542,2026-04-25T07:26:55.000Z,541.000,1396.56,167,177,76,2.583,29.27,50.822352,4.39128
2026-04-25,Running,Morning Jog,Morning jog on Saturday as I could not manage it during weekdays. I am still in two weeks timeline to practice short runs. My plan is to ramp up the distance gradually. Overall feel good after the run but also bit sleepy and more hungry.,2026-04-25_09-17-53_hk_1777101473.fit,543,2026-04-25T07:26:56.000Z,542.000,1399.04,167,180,76,2.637,29.26,50.82237,4.391262
2026-04-25,Running,Morning Jog,Morning jog on Saturday as I could not manage it during weekdays. I am still in two weeks timeline to practice short runs. My plan is to ramp up the distance gradually. Overall feel good after the run but also bit sleepy and more hungry.,2026-04-25_09-17-53_hk_1777101473.fit,544,2026-04-25T07:26:57.000Z,543.000,1401.53,167,180,76,2.663,29.26,50.822388,4.391226
2026-04-25,Running,Morning Jog,Morning jog on Saturday as I could not manage it during weekdays. I am still in two weeks timeline to practice short runs. My plan is to ramp up the distance gradually. Overall feel good after the run but also bit sleepy and more hungry.,2026-04-25_09-17-53_hk_1777101473.fit,545,2026-04-25T07:26:58.000Z,544.000,1404.03,167,178,76,2.639,29.26,50.822406,4.391208
2026-04-25,Running,Morning Jog,Morning jog on Saturday as I could not manage it during weekdays. I am still in two weeks timeline to practice short runs. My plan is to ramp up the distance gradually. Overall feel good after the run but also bit sleepy and more hungry.,2026-04-25_09-17-53_hk_1777101473.fit,546,2026-04-25T07:26:59.000Z,545.000,1406.52,167,178,76,2.632,29.25,50.822424,4.391172
2026-04-25,Running,Morning Jog,Morning jog on Saturday as I could not manage it during weekdays. I am still in two weeks timeline to practice short runs. My plan is to ramp up the distance gradually. Overall feel good after the run but also bit sleepy and more hungry.,2026-04-25_09-17-53_hk_1777101473.fit,547,2026-04-25T07:27:00.000Z,546.000,1409.02,167,178,76,2.649,29.25,50.822442,4.391154
2026-04-25,Running,Morning Jog,Morning jog on Saturday as I could not manage it during weekdays. I am still in two weeks timeline to practice short runs. My plan is to ramp up the distance gradually. Overall feel good after the run but also bit sleepy and more hungry.,2026-04-25_09-17-53_hk_1777101473.fit,548,2026-04-25T07:27:01.000Z,547.000,1411.52,167,178,76,2.682,29.25,50.82246,4.391136
2026-04-25,Running,Morning Jog,Morning jog on Saturday as I could not manage it during weekdays. I am still in two weeks timeline to practice short runs. My plan is to ramp up the distance gradually. Overall feel good after the run but also bit sleepy and more hungry.,2026-04-25_09-17-53_hk_1777101473.fit,549,2026-04-25T07:27:02.000Z,548.000,1414.91,167,178,78,2.782,29.25,50.822478,4.391118
2026-04-25,Running,Morning Jog,Morning jog on Saturday as I could not manage it during weekdays. I am still in two weeks timeline to practice short runs. My plan is to ramp up the distance gradually. Overall feel good after the run but also bit sleepy and more hungry.,2026-04-25_09-17-53_hk_1777101473.fit,550,2026-04-25T07:27:03.000Z,549.000,1418.31,167,176,78,2.838,29.25,50.822496,4.3911
2026-04-25,Running,Morning Jog,Morning jog on Saturday as I could not manage it during weekdays. I am still in two weeks timeline to practice short runs. My plan is to ramp up the distance gradually. Overall feel good after the run but also bit sleepy and more hungry.,2026-04-25_09-17-53_hk_1777101473.fit,551,2026-04-25T07:27:04.000Z,550.000,1420.41,167,176,78,2.822,29.25,50.822514,4.391082
2026-04-25,Running,Morning Jog,Morning jog on Saturday as I could not manage it during weekdays. I am still in two weeks timeline to practice short runs. My plan is to ramp up the distance gradually. Overall feel good after the run but also bit sleepy and more hungry.,2026-04-25_09-17-53_hk_1777101473.fit,552,2026-04-25T07:27:05.000Z,551.000,1422.52,167,176,77,2.784,29.25,50.822532,4.391064
2026-04-25,Running,Morning Jog,Morning jog on Saturday as I could not manage it during weekdays. I am still in two weeks timeline to practice short runs. My plan is to ramp up the distance gradually. Overall feel good after the run but also bit sleepy and more hungry.,2026-04-25_09-17-53_hk_1777101473.fit,553,2026-04-25T07:27:06.000Z,552.000,1424.63,167,177,77,2.742,29.24,50.82255,4.391028
2026-04-25,Running,Morning Jog,Morning jog on Saturday as I could not manage it during weekdays. I am still in two weeks timeline to practice short runs. My plan is to ramp up the distance gradually. Overall feel good after the run but also bit sleepy and more hungry.,2026-04-25_09-17-53_hk_1777101473.fit,554,2026-04-25T07:27:07.000Z,553.000,1426.95,167,177,77,2.711,29.24,50.822568,4.39101
2026-04-25,Running,Morning Jog,Morning jog on Saturday as I could not manage it during weekdays. I am still in two weeks timeline to practice short runs. My plan is to ramp up the distance gradually. Overall feel good after the run but also bit sleepy and more hungry.,2026-04-25_09-17-53_hk_1777101473.fit,555,2026-04-25T07:27:08.000Z,554.000,1429.27,167,177,79,2.709,29.24,50.822586,4.390992
2026-04-25,Running,Morning Jog,Morning jog on Saturday as I could not manage it during weekdays. I am still in two weeks timeline to practice short runs. My plan is to ramp up the distance gradually. Overall feel good after the run but also bit sleepy and more hungry.,2026-04-25_09-17-53_hk_1777101473.fit,556,2026-04-25T07:27:09.000Z,555.000,1431.59,167,177,79,2.707,29.24,50.822604,4.390974
2026-04-25,Running,Morning Jog,Morning jog on Saturday as I could not manage it during weekdays. I am still in two weeks timeline to practice short runs. My plan is to ramp up the distance gradually. Overall feel good after the run but also bit sleepy and more hungry.,2026-04-25_09-17-53_hk_1777101473.fit,557,2026-04-25T07:27:10.000Z,556.000,1434.41,167,177,79,2.731,29.24,50.82264,4.390956
2026-04-25,Running,Morning Jog,Morning jog on Saturday as I could not manage it during weekdays. I am still in two weeks timeline to practice short runs. My plan is to ramp up the distance gradually. Overall feel good after the run but also bit sleepy and more hungry.,2026-04-25_09-17-53_hk_1777101473.fit,558,2026-04-25T07:27:11.000Z,557.000,1437.23,167,175,76,2.641,29.24,50.822658,4.390938
2026-04-25,Running,Morning Jog,Morning jog on Saturday as I could not manage it during weekdays. I am still in two weeks timeline to practice short runs. My plan is to ramp up the distance gradually. Overall feel good after the run but also bit sleepy and more hungry.,2026-04-25_09-17-53_hk_1777101473.fit,559,2026-04-25T07:27:12.000Z,558.000,1439.97,167,175,76,2.645,29.23,50.822676,4.39092
2026-04-25,Running,Morning Jog,Morning jog on Saturday as I could not manage it during weekdays. I am still in two weeks timeline to practice short runs. My plan is to ramp up the distance gradually. Overall feel good after the run but also bit sleepy and more hungry.,2026-04-25_09-17-53_hk_1777101473.fit,560,2026-04-25T07:27:13.000Z,559.000,1442.7,167,175,76,2.555,29.23,50.822694,4.390902
2026-04-25,Running,Morning Jog,Morning jog on Saturday as I could not manage it during weekdays. I am still in two weeks timeline to practice short runs. My plan is to ramp up the distance gradually. Overall feel good after the run but also bit sleepy and more hungry.,2026-04-25_09-17-53_hk_1777101473.fit,561,2026-04-25T07:27:14.000Z,560.000,1445.44,167,176,76,2.568,29.23,50.822712,4.390884
2026-04-25,Running,Morning Jog,Morning jog on Saturday as I could not manage it during weekdays. I am still in two weeks timeline to practice short runs. My plan is to ramp up the distance gradually. Overall feel good after the run but also bit sleepy and more hungry.,2026-04-25_09-17-53_hk_1777101473.fit,562,2026-04-25T07:27:15.000Z,561.000,1448.74,167,176,76,2.609,29.23,50.82273,4.390866
2026-04-25,Running,Morning Jog,Morning jog on Saturday as I could not manage it during weekdays. I am still in two weeks timeline to practice short runs. My plan is to ramp up the distance gradually. Overall feel good after the run but also bit sleepy and more hungry.,2026-04-25_09-17-53_hk_1777101473.fit,563,2026-04-25T07:27:16.000Z,562.000,1452.04,167,178,76,2.658,29.23,50.822766,4.390848
2026-04-25,Running,Morning Jog,Morning jog on Saturday as I could not manage it during weekdays. I am still in two weeks timeline to practice short runs. My plan is to ramp up the distance gradually. Overall feel good after the run but also bit sleepy and more hungry.,2026-04-25_09-17-53_hk_1777101473.fit,564,2026-04-25T07:27:17.000Z,563.000,1454.48,167,178,76,2.655,29.22,50.822784,4.39083
2026-04-25,Running,Morning Jog,Morning jog on Saturday as I could not manage it during weekdays. I am still in two weeks timeline to practice short runs. My plan is to ramp up the distance gradually. Overall feel good after the run but also bit sleepy and more hungry.,2026-04-25_09-17-53_hk_1777101473.fit,565,2026-04-25T07:27:18.000Z,564.000,1456.92,167,178,76,2.652,29.22,50.822802,4.39083
2026-04-25,Running,Morning Jog,Morning jog on Saturday as I could not manage it during weekdays. I am still in two weeks timeline to practice short runs. My plan is to ramp up the distance gradually. Overall feel good after the run but also bit sleepy and more hungry.,2026-04-25_09-17-53_hk_1777101473.fit,566,2026-04-25T07:27:19.000Z,565.000,1459.36,167,177,76,2.649,29.22,50.82282,4.390812
2026-04-25,Running,Morning Jog,Morning jog on Saturday as I could not manage it during weekdays. I am still in two weeks timeline to practice short runs. My plan is to ramp up the distance gradually. Overall feel good after the run but also bit sleepy and more hungry.,2026-04-25_09-17-53_hk_1777101473.fit,567,2026-04-25T07:27:20.000Z,566.000,1462.47,167,177,76,2.682,29.22,50.822856,4.390812
2026-04-25,Running,Morning Jog,Morning jog on Saturday as I could not manage it during weekdays. I am still in two weeks timeline to practice short runs. My plan is to ramp up the distance gradually. Overall feel good after the run but also bit sleepy and more hungry.,2026-04-25_09-17-53_hk_1777101473.fit,568,2026-04-25T07:27:21.000Z,567.000,1465.58,167,178,76,2.667,29.21,50.822874,4.390794
2026-04-25,Running,Morning Jog,Morning jog on Saturday as I could not manage it during weekdays. I am still in two weeks timeline to practice short runs. My plan is to ramp up the distance gradually. Overall feel good after the run but also bit sleepy and more hungry.,2026-04-25_09-17-53_hk_1777101473.fit,569,2026-04-25T07:27:22.000Z,568.000,1467.85,167,178,76,2.647,29.21,50.822892,4.390794
2026-04-25,Running,Morning Jog,Morning jog on Saturday as I could not manage it during weekdays. I am still in two weeks timeline to practice short runs. My plan is to ramp up the distance gradually. Overall feel good after the run but also bit sleepy and more hungry.,2026-04-25_09-17-53_hk_1777101473.fit,570,2026-04-25T07:27:23.000Z,569.000,1470.12,167,178,76,2.591,29.21,50.82291,4.390812
2026-04-25,Running,Morning Jog,Morning jog on Saturday as I could not manage it during weekdays. I am still in two weeks timeline to practice short runs. My plan is to ramp up the distance gradually. Overall feel good after the run but also bit sleepy and more hungry.,2026-04-25_09-17-53_hk_1777101473.fit,571,2026-04-25T07:27:24.000Z,570.000,1472.4,167,177,76,2.599,29.21,50.822928,4.39083
2026-04-25,Running,Morning Jog,Morning jog on Saturday as I could not manage it during weekdays. I am still in two weeks timeline to practice short runs. My plan is to ramp up the distance gradually. Overall feel good after the run but also bit sleepy and more hungry.,2026-04-25_09-17-53_hk_1777101473.fit,572,2026-04-25T07:27:25.000Z,571.000,1475.39,167,177,76,2.671,29.21,50.822964,4.390866
2026-04-25,Running,Morning Jog,Morning jog on Saturday as I could not manage it during weekdays. I am still in two weeks timeline to practice short runs. My plan is to ramp up the distance gradually. Overall feel good after the run but also bit sleepy and more hungry.,2026-04-25_09-17-53_hk_1777101473.fit,573,2026-04-25T07:27:26.000Z,572.000,1478.37,167,175,76,2.707,29.21,50.822964,4.390902
2026-04-25,Running,Morning Jog,Morning jog on Saturday as I could not manage it during weekdays. I am still in two weeks timeline to practice short runs. My plan is to ramp up the distance gradually. Overall feel good after the run but also bit sleepy and more hungry.,2026-04-25_09-17-53_hk_1777101473.fit,574,2026-04-25T07:27:27.000Z,573.000,1481.06,167,175,76,2.726,29.21,50.822982,4.390938
2026-04-25,Running,Morning Jog,Morning jog on Saturday as I could not manage it during weekdays. I am still in two weeks timeline to practice short runs. My plan is to ramp up the distance gradually. Overall feel good after the run but also bit sleepy and more hungry.,2026-04-25_09-17-53_hk_1777101473.fit,575,2026-04-25T07:27:28.000Z,574.000,1483.75,167,175,76,2.745,29.21,50.823,4.390974
2026-04-25,Running,Morning Jog,Morning jog on Saturday as I could not manage it during weekdays. I am still in two weeks timeline to practice short runs. My plan is to ramp up the distance gradually. Overall feel good after the run but also bit sleepy and more hungry.,2026-04-25_09-17-53_hk_1777101473.fit,576,2026-04-25T07:27:29.000Z,575.000,1486.44,166,178,76,2.738,29.21,50.823018,4.390992
2026-04-25,Running,Morning Jog,Morning jog on Saturday as I could not manage it during weekdays. I am still in two weeks timeline to practice short runs. My plan is to ramp up the distance gradually. Overall feel good after the run but also bit sleepy and more hungry.,2026-04-25_09-17-53_hk_1777101473.fit,577,2026-04-25T07:27:30.000Z,576.000,1489.02,166,178,76,2.726,29.21,50.823018,4.391028
2026-04-25,Running,Morning Jog,Morning jog on Saturday as I could not manage it during weekdays. I am still in two weeks timeline to practice short runs. My plan is to ramp up the distance gradually. Overall feel good after the run but also bit sleepy and more hungry.,2026-04-25_09-17-53_hk_1777101473.fit,578,2026-04-25T07:27:31.000Z,577.000,1491.59,165,178,76,2.717,29.21,50.823036,4.391064
2026-04-25,Running,Morning Jog,Morning jog on Saturday as I could not manage it during weekdays. I am still in two weeks timeline to practice short runs. My plan is to ramp up the distance gradually. Overall feel good after the run but also bit sleepy and more hungry.,2026-04-25_09-17-53_hk_1777101473.fit,579,2026-04-25T07:27:32.000Z,578.000,1494.17,165,179,78,2.709,29.21,50.823054,4.3911
2026-04-25,Running,Morning Jog,Morning jog on Saturday as I could not manage it during weekdays. I am still in two weeks timeline to practice short runs. My plan is to ramp up the distance gradually. Overall feel good after the run but also bit sleepy and more hungry.,2026-04-25_09-17-53_hk_1777101473.fit,580,2026-04-25T07:27:33.000Z,579.000,1497.39,165,179,78,2.734,29.21,50.823072,4.391136
2026-04-25,Running,Morning Jog,Morning jog on Saturday as I could not manage it during weekdays. I am still in two weeks timeline to practice short runs. My plan is to ramp up the distance gradually. Overall feel good after the run but also bit sleepy and more hungry.,2026-04-25_09-17-53_hk_1777101473.fit,581,2026-04-25T07:27:34.000Z,580.000,1500.61,165,179,78,2.73,29.22,50.823072,4.391172
2026-04-25,Running,Morning Jog,Morning jog on Saturday as I could not manage it during weekdays. I am still in two weeks timeline to practice short runs. My plan is to ramp up the distance gradually. Overall feel good after the run but also bit sleepy and more hungry.,2026-04-25_09-17-53_hk_1777101473.fit,582,2026-04-25T07:27:35.000Z,581.000,1503.2,165,179,77,2.693,29.22,50.82309,4.391208
2026-04-25,Running,Morning Jog,Morning jog on Saturday as I could not manage it during weekdays. I am still in two weeks timeline to practice short runs. My plan is to ramp up the distance gradually. Overall feel good after the run but also bit sleepy and more hungry.,2026-04-25_09-17-53_hk_1777101473.fit,583,2026-04-25T07:27:36.000Z,582.000,1505.79,165,179,77,2.701,29.22,50.823108,4.391244
2026-04-25,Running,Morning Jog,Morning jog on Saturday as I could not manage it during weekdays. I am still in two weeks timeline to practice short runs. My plan is to ramp up the distance gradually. Overall feel good after the run but also bit sleepy and more hungry.,2026-04-25_09-17-53_hk_1777101473.fit,584,2026-04-25T07:27:37.000Z,583.000,1508.38,165,181,77,2.709,29.22,50.823126,4.391262
2026-04-25,Running,Morning Jog,Morning jog on Saturday as I could not manage it during weekdays. I am still in two weeks timeline to practice short runs. My plan is to ramp up the distance gradually. Overall feel good after the run but also bit sleepy and more hungry.,2026-04-25_09-17-53_hk_1777101473.fit,585,2026-04-25T07:27:38.000Z,584.000,1511.66,165,181,77,2.753,29.22,50.823144,4.391298
2026-04-25,Running,Morning Jog,Morning jog on Saturday as I could not manage it during weekdays. I am still in two weeks timeline to practice short runs. My plan is to ramp up the distance gradually. Overall feel good after the run but also bit sleepy and more hungry.,2026-04-25_09-17-53_hk_1777101473.fit,586,2026-04-25T07:27:39.000Z,585.000,1514.95,165,182,77,2.762,29.22,50.823162,4.391334
2026-04-25,Running,Morning Jog,Morning jog on Saturday as I could not manage it during weekdays. I am still in two weeks timeline to practice short runs. My plan is to ramp up the distance gradually. Overall feel good after the run but also bit sleepy and more hungry.,2026-04-25_09-17-53_hk_1777101473.fit,587,2026-04-25T07:27:40.000Z,586.000,1517.27,165,182,77,2.72,29.22,50.823162,4.39137
2026-04-25,Running,Morning Jog,Morning jog on Saturday as I could not manage it during weekdays. I am still in two weeks timeline to practice short runs. My plan is to ramp up the distance gradually. Overall feel good after the run but also bit sleepy and more hungry.,2026-04-25_09-17-53_hk_1777101473.fit,588,2026-04-25T07:27:41.000Z,587.000,1519.58,165,182,76,2.723,29.22,50.82318,4.391406
2026-04-25,Running,Morning Jog,Morning jog on Saturday as I could not manage it during weekdays. I am still in two weeks timeline to practice short runs. My plan is to ramp up the distance gradually. Overall feel good after the run but also bit sleepy and more hungry.,2026-04-25_09-17-53_hk_1777101473.fit,589,2026-04-25T07:27:42.000Z,588.000,1521.9,165,181,76,2.725,29.22,50.823198,4.391424
2026-04-25,Running,Morning Jog,Morning jog on Saturday as I could not manage it during weekdays. I am still in two weeks timeline to practice short runs. My plan is to ramp up the distance gradually. Overall feel good after the run but also bit sleepy and more hungry.,2026-04-25_09-17-53_hk_1777101473.fit,590,2026-04-25T07:27:43.000Z,589.000,1525.01,165,181,76,2.769,29.22,50.823216,4.39146
2026-04-25,Running,Morning Jog,Morning jog on Saturday as I could not manage it during weekdays. I am still in two weeks timeline to practice short runs. My plan is to ramp up the distance gradually. Overall feel good after the run but also bit sleepy and more hungry.,2026-04-25_09-17-53_hk_1777101473.fit,591,2026-04-25T07:27:44.000Z,590.000,1528.13,165,182,76,2.776,29.22,50.823234,4.391478
2026-04-25,Running,Morning Jog,Morning jog on Saturday as I could not manage it during weekdays. I am still in two weeks timeline to practice short runs. My plan is to ramp up the distance gradually. Overall feel good after the run but also bit sleepy and more hungry.,2026-04-25_09-17-53_hk_1777101473.fit,592,2026-04-25T07:27:45.000Z,591.000,1530.96,165,182,76,2.767,29.22,50.823252,4.391514
2026-04-25,Running,Morning Jog,Morning jog on Saturday as I could not manage it during weekdays. I am still in two weeks timeline to practice short runs. My plan is to ramp up the distance gradually. Overall feel good after the run but also bit sleepy and more hungry.,2026-04-25_09-17-53_hk_1777101473.fit,593,2026-04-25T07:27:46.000Z,592.000,1533.78,165,182,76,2.78,29.22,50.82327,4.39155
2026-04-25,Running,Morning Jog,Morning jog on Saturday as I could not manage it during weekdays. I am still in two weeks timeline to practice short runs. My plan is to ramp up the distance gradually. Overall feel good after the run but also bit sleepy and more hungry.,2026-04-25_09-17-53_hk_1777101473.fit,594,2026-04-25T07:27:47.000Z,593.000,1536.61,165,183,76,2.787,29.22,50.823288,4.391586
2026-04-25,Running,Morning Jog,Morning jog on Saturday as I could not manage it during weekdays. I am still in two weeks timeline to practice short runs. My plan is to ramp up the distance gradually. Overall feel good after the run but also bit sleepy and more hungry.,2026-04-25_09-17-53_hk_1777101473.fit,595,2026-04-25T07:27:48.000Z,594.000,1539.87,165,183,76,2.825,29.22,50.823306,4.391604
2026-04-25,Running,Morning Jog,Morning jog on Saturday as I could not manage it during weekdays. I am still in two weeks timeline to practice short runs. My plan is to ramp up the distance gradually. Overall feel good after the run but also bit sleepy and more hungry.,2026-04-25_09-17-53_hk_1777101473.fit,596,2026-04-25T07:27:49.000Z,595.000,1543.13,165,182,76,2.863,29.21,50.823306,4.39164
2026-04-25,Running,Morning Jog,Morning jog on Saturday as I could not manage it during weekdays. I am still in two weeks timeline to practice short runs. My plan is to ramp up the distance gradually. Overall feel good after the run but also bit sleepy and more hungry.,2026-04-25_09-17-53_hk_1777101473.fit,597,2026-04-25T07:27:50.000Z,596.000,1545.36,167,182,76,2.844,29.21,50.823324,4.391658
2026-04-25,Running,Morning Jog,Morning jog on Saturday as I could not manage it during weekdays. I am still in two weeks timeline to practice short runs. My plan is to ramp up the distance gradually. Overall feel good after the run but also bit sleepy and more hungry.,2026-04-25_09-17-53_hk_1777101473.fit,598,2026-04-25T07:27:51.000Z,597.000,1547.6,167,182,76,2.789,29.21,50.823342,4.391694
2026-04-25,Running,Morning Jog,Morning jog on Saturday as I could not manage it during weekdays. I am still in two weeks timeline to practice short runs. My plan is to ramp up the distance gradually. Overall feel good after the run but also bit sleepy and more hungry.,2026-04-25_09-17-53_hk_1777101473.fit,599,2026-04-25T07:27:52.000Z,598.000,1549.83,167,181,76,2.76,29.21,50.82336,4.39173
2026-04-25,Running,Morning Jog,Morning jog on Saturday as I could not manage it during weekdays. I am still in two weeks timeline to practice short runs. My plan is to ramp up the distance gradually. Overall feel good after the run but also bit sleepy and more hungry.,2026-04-25_09-17-53_hk_1777101473.fit,600,2026-04-25T07:27:53.000Z,599.000,1552.4,167,181,78,2.726,29.21,50.823378,4.391748
2026-04-25,Running,Morning Jog,Morning jog on Saturday as I could not manage it during weekdays. I am still in two weeks timeline to practice short runs. My plan is to ramp up the distance gradually. Overall feel good after the run but also bit sleepy and more hungry.,2026-04-25_09-17-53_hk_1777101473.fit,601,2026-04-25T07:27:54.000Z,600.000,1554.97,167,181,78,2.724,29.21,50.823378,4.391784
2026-04-25,Running,Morning Jog,Morning jog on Saturday as I could not manage it during weekdays. I am still in two weeks timeline to practice short runs. My plan is to ramp up the distance gradually. Overall feel good after the run but also bit sleepy and more hungry.,2026-04-25_09-17-53_hk_1777101473.fit,602,2026-04-25T07:27:55.000Z,601.000,1557.53,173,181,78,2.723,29.21,50.823396,4.39182
2026-04-25,Running,Morning Jog,Morning jog on Saturday as I could not manage it during weekdays. I am still in two weeks timeline to practice short runs. My plan is to ramp up the distance gradually. Overall feel good after the run but also bit sleepy and more hungry.,2026-04-25_09-17-53_hk_1777101473.fit,603,2026-04-25T07:27:56.000Z,602.000,1561.16,171,181,77,2.778,29.22,50.823414,4.391838
2026-04-25,Running,Morning Jog,Morning jog on Saturday as I could not manage it during weekdays. I am still in two weeks timeline to practice short runs. My plan is to ramp up the distance gradually. Overall feel good after the run but also bit sleepy and more hungry.,2026-04-25_09-17-53_hk_1777101473.fit,604,2026-04-25T07:27:57.000Z,603.000,1564.78,171,183,77,2.796,29.22,50.823432,4.391874
2026-04-25,Running,Morning Jog,Morning jog on Saturday as I could not manage it during weekdays. I am still in two weeks timeline to practice short runs. My plan is to ramp up the distance gradually. Overall feel good after the run but also bit sleepy and more hungry.,2026-04-25_09-17-53_hk_1777101473.fit,605,2026-04-25T07:27:58.000Z,604.000,1567.49,171,183,77,2.79,29.22,50.82345,4.39191
2026-04-25,Running,Morning Jog,Morning jog on Saturday as I could not manage it during weekdays. I am still in two weeks timeline to practice short runs. My plan is to ramp up the distance gradually. Overall feel good after the run but also bit sleepy and more hungry.,2026-04-25_09-17-53_hk_1777101473.fit,606,2026-04-25T07:27:59.000Z,605.000,1570.2,171,183,79,2.812,29.22,50.823468,4.391946
2026-04-25,Running,Morning Jog,Morning jog on Saturday as I could not manage it during weekdays. I am still in two weeks timeline to practice short runs. My plan is to ramp up the distance gradually. Overall feel good after the run but also bit sleepy and more hungry.,2026-04-25_09-17-53_hk_1777101473.fit,607,2026-04-25T07:28:00.000Z,606.000,1572.91,171,186,79,2.834,29.22,50.823486,4.391964
2026-04-25,Running,Morning Jog,Morning jog on Saturday as I could not manage it during weekdays. I am still in two weeks timeline to practice short runs. My plan is to ramp up the distance gradually. Overall feel good after the run but also bit sleepy and more hungry.,2026-04-25_09-17-53_hk_1777101473.fit,608,2026-04-25T07:28:01.000Z,607.000,1575.7,171,186,79,2.816,29.22,50.823504,4.392
2026-04-25,Running,Morning Jog,Morning jog on Saturday as I could not manage it during weekdays. I am still in two weeks timeline to practice short runs. My plan is to ramp up the distance gradually. Overall feel good after the run but also bit sleepy and more hungry.,2026-04-25_09-17-53_hk_1777101473.fit,609,2026-04-25T07:28:02.000Z,608.000,1578.49,171,184,76,2.798,29.22,50.823522,4.392018
2026-04-25,Running,Morning Jog,Morning jog on Saturday as I could not manage it during weekdays. I am still in two weeks timeline to practice short runs. My plan is to ramp up the distance gradually. Overall feel good after the run but also bit sleepy and more hungry.,2026-04-25_09-17-53_hk_1777101473.fit,610,2026-04-25T07:28:03.000Z,609.000,1580.91,171,184,76,2.778,29.22,50.82354,4.392054
2026-04-25,Running,Morning Jog,Morning jog on Saturday as I could not manage it during weekdays. I am still in two weeks timeline to practice short runs. My plan is to ramp up the distance gradually. Overall feel good after the run but also bit sleepy and more hungry.,2026-04-25_09-17-53_hk_1777101473.fit,611,2026-04-25T07:28:04.000Z,610.000,1583.32,171,184,76,2.756,29.22,50.82354,4.39209
2026-04-25,Running,Morning Jog,Morning jog on Saturday as I could not manage it during weekdays. I am still in two weeks timeline to practice short runs. My plan is to ramp up the distance gradually. Overall feel good after the run but also bit sleepy and more hungry.,2026-04-25_09-17-53_hk_1777101473.fit,612,2026-04-25T07:28:05.000Z,611.000,1585.73,171,183,76,2.734,29.22,50.823558,4.392126
2026-04-25,Running,Morning Jog,Morning jog on Saturday as I could not manage it during weekdays. I am still in two weeks timeline to practice short runs. My plan is to ramp up the distance gradually. Overall feel good after the run but also bit sleepy and more hungry.,2026-04-25_09-17-53_hk_1777101473.fit,613,2026-04-25T07:28:06.000Z,612.000,1588.78,171,183,76,2.746,29.22,50.823576,4.392144
2026-04-25,Running,Morning Jog,Morning jog on Saturday as I could not manage it during weekdays. I am still in two weeks timeline to practice short runs. My plan is to ramp up the distance gradually. Overall feel good after the run but also bit sleepy and more hungry.,2026-04-25_09-17-53_hk_1777101473.fit,614,2026-04-25T07:28:07.000Z,613.000,1591.83,168,183,76,2.735,29.22,50.823594,4.39218
2026-04-25,Running,Morning Jog,Morning jog on Saturday as I could not manage it during weekdays. I am still in two weeks timeline to practice short runs. My plan is to ramp up the distance gradually. Overall feel good after the run but also bit sleepy and more hungry.,2026-04-25_09-17-53_hk_1777101473.fit,615,2026-04-25T07:28:08.000Z,614.000,1594.52,168,183,76,2.705,29.22,50.823612,4.392198
2026-04-25,Running,Morning Jog,Morning jog on Saturday as I could not manage it during weekdays. I am still in two weeks timeline to practice short runs. My plan is to ramp up the distance gradually. Overall feel good after the run but also bit sleepy and more hungry.,2026-04-25_09-17-53_hk_1777101473.fit,616,2026-04-25T07:28:09.000Z,615.000,1597.21,168,183,76,2.729,29.22,50.82363,4.392234
2026-04-25,Running,Morning Jog,Morning jog on Saturday as I could not manage it during weekdays. I am still in two weeks timeline to practice short runs. My plan is to ramp up the distance gradually. Overall feel good after the run but also bit sleepy and more hungry.,2026-04-25_09-17-53_hk_1777101473.fit,617,2026-04-25T07:28:10.000Z,616.000,1599.91,168,186,76,2.782,29.22,50.823648,4.39227
2026-04-25,Running,Morning Jog,Morning jog on Saturday as I could not manage it during weekdays. I am still in two weeks timeline to practice short runs. My plan is to ramp up the distance gradually. Overall feel good after the run but also bit sleepy and more hungry.,2026-04-25_09-17-53_hk_1777101473.fit,618,2026-04-25T07:28:11.000Z,617.000,1602.01,168,186,76,2.746,29.22,50.823666,4.392288
2026-04-25,Running,Morning Jog,Morning jog on Saturday as I could not manage it during weekdays. I am still in two weeks timeline to practice short runs. My plan is to ramp up the distance gradually. Overall feel good after the run but also bit sleepy and more hungry.,2026-04-25_09-17-53_hk_1777101473.fit,619,2026-04-25T07:28:12.000Z,618.000,1604.11,170,186,76,2.722,29.22,50.823684,4.392324
2026-04-25,Running,Morning Jog,Morning jog on Saturday as I could not manage it during weekdays. I am still in two weeks timeline to practice short runs. My plan is to ramp up the distance gradually. Overall feel good after the run but also bit sleepy and more hungry.,2026-04-25_09-17-53_hk_1777101473.fit,620,2026-04-25T07:28:13.000Z,619.000,1606.22,170,185,76,2.697,29.22,50.823684,4.392342
2026-04-25,Running,Morning Jog,Morning jog on Saturday as I could not manage it during weekdays. I am still in two weeks timeline to practice short runs. My plan is to ramp up the distance gradually. Overall feel good after the run but also bit sleepy and more hungry.,2026-04-25_09-17-53_hk_1777101473.fit,621,2026-04-25T07:28:14.000Z,620.000,1609.43,170,185,76,2.731,29.22,50.823702,4.392378
2026-04-25,Running,Morning Jog,Morning jog on Saturday as I could not manage it during weekdays. I am still in two weeks timeline to practice short runs. My plan is to ramp up the distance gradually. Overall feel good after the run but also bit sleepy and more hungry.,2026-04-25_09-17-53_hk_1777101473.fit,622,2026-04-25T07:28:15.000Z,621.000,1612.64,170,184,76,2.71,29.22,50.82372,4.392396
2026-04-25,Running,Morning Jog,Morning jog on Saturday as I could not manage it during weekdays. I am still in two weeks timeline to practice short runs. My plan is to ramp up the distance gradually. Overall feel good after the run but also bit sleepy and more hungry.,2026-04-25_09-17-53_hk_1777101473.fit,623,2026-04-25T07:28:16.000Z,622.000,1615,168,184,76,2.643,29.22,50.823738,4.392432
2026-04-25,Running,Morning Jog,Morning jog on Saturday as I could not manage it during weekdays. I am still in two weeks timeline to practice short runs. My plan is to ramp up the distance gradually. Overall feel good after the run but also bit sleepy and more hungry.,2026-04-25_09-17-53_hk_1777101473.fit,624,2026-04-25T07:28:17.000Z,623.000,1617.35,168,184,79,2.629,29.22,50.823756,4.392468
2026-04-25,Running,Morning Jog,Morning jog on Saturday as I could not manage it during weekdays. I am still in two weeks timeline to practice short runs. My plan is to ramp up the distance gradually. Overall feel good after the run but also bit sleepy and more hungry.,2026-04-25_09-17-53_hk_1777101473.fit,625,2026-04-25T07:28:18.000Z,624.000,1619.71,168,183,79,2.611,29.22,50.823756,4.392486
2026-04-25,Running,Morning Jog,Morning jog on Saturday as I could not manage it during weekdays. I am still in two weeks timeline to practice short runs. My plan is to ramp up the distance gradually. Overall feel good after the run but also bit sleepy and more hungry.,2026-04-25_09-17-53_hk_1777101473.fit,626,2026-04-25T07:28:19.000Z,625.000,1623.12,168,183,79,2.643,29.22,50.823774,4.392522
2026-04-25,Running,Morning Jog,Morning jog on Saturday as I could not manage it during weekdays. I am still in two weeks timeline to practice short runs. My plan is to ramp up the distance gradually. Overall feel good after the run but also bit sleepy and more hungry.,2026-04-25_09-17-53_hk_1777101473.fit,627,2026-04-25T07:28:20.000Z,626.000,1626.52,168,182,76,2.675,29.22,50.823792,4.392558
2026-04-25,Running,Morning Jog,Morning jog on Saturday as I could not manage it during weekdays. I am still in two weeks timeline to practice short runs. My plan is to ramp up the distance gradually. Overall feel good after the run but also bit sleepy and more hungry.,2026-04-25_09-17-53_hk_1777101473.fit,628,2026-04-25T07:28:21.000Z,627.000,1629.4,168,182,76,2.679,29.22,50.82381,4.392576
2026-04-25,Running,Morning Jog,Morning jog on Saturday as I could not manage it during weekdays. I am still in two weeks timeline to practice short runs. My plan is to ramp up the distance gradually. Overall feel good after the run but also bit sleepy and more hungry.,2026-04-25_09-17-53_hk_1777101473.fit,629,2026-04-25T07:28:22.000Z,628.000,1632.27,168,182,76,2.703,29.22,50.823828,4.392612
2026-04-25,Running,Morning Jog,Morning jog on Saturday as I could not manage it during weekdays. I am still in two weeks timeline to practice short runs. My plan is to ramp up the distance gradually. Overall feel good after the run but also bit sleepy and more hungry.,2026-04-25_09-17-53_hk_1777101473.fit,630,2026-04-25T07:28:23.000Z,629.000,1635.15,168,187,79,2.728,29.22,50.823846,4.392648
2026-04-25,Running,Morning Jog,Morning jog on Saturday as I could not manage it during weekdays. I am still in two weeks timeline to practice short runs. My plan is to ramp up the distance gradually. Overall feel good after the run but also bit sleepy and more hungry.,2026-04-25_09-17-53_hk_1777101473.fit,631,2026-04-25T07:28:24.000Z,630.000,1637.43,168,187,79,2.721,29.22,50.823864,4.392666
2026-04-25,Running,Morning Jog,Morning jog on Saturday as I could not manage it during weekdays. I am still in two weeks timeline to practice short runs. My plan is to ramp up the distance gradually. Overall feel good after the run but also bit sleepy and more hungry.,2026-04-25_09-17-53_hk_1777101473.fit,632,2026-04-25T07:28:25.000Z,631.000,1639.72,169,182,79,2.681,29.22,50.823864,4.392702
2026-04-25,Running,Morning Jog,Morning jog on Saturday as I could not manage it during weekdays. I am still in two weeks timeline to practice short runs. My plan is to ramp up the distance gradually. Overall feel good after the run but also bit sleepy and more hungry.,2026-04-25_09-17-53_hk_1777101473.fit,633,2026-04-25T07:28:26.000Z,632.000,1642.57,169,182,76,2.671,29.22,50.823882,4.392738
2026-04-25,Running,Morning Jog,Morning jog on Saturday as I could not manage it during weekdays. I am still in two weeks timeline to practice short runs. My plan is to ramp up the distance gradually. Overall feel good after the run but also bit sleepy and more hungry.,2026-04-25_09-17-53_hk_1777101473.fit,634,2026-04-25T07:28:27.000Z,633.000,1645.43,169,182,76,2.679,29.22,50.8239,4.392756
2026-04-25,Running,Morning Jog,Morning jog on Saturday as I could not manage it during weekdays. I am still in two weeks timeline to practice short runs. My plan is to ramp up the distance gradually. Overall feel good after the run but also bit sleepy and more hungry.,2026-04-25_09-17-53_hk_1777101473.fit,635,2026-04-25T07:28:28.000Z,634.000,1648.29,169,186,76,2.688,29.22,50.823918,4.392792
2026-04-25,Running,Morning Jog,Morning jog on Saturday as I could not manage it during weekdays. I am still in two weeks timeline to practice short runs. My plan is to ramp up the distance gradually. Overall feel good after the run but also bit sleepy and more hungry.,2026-04-25_09-17-53_hk_1777101473.fit,636,2026-04-25T07:28:29.000Z,635.000,1651.98,169,186,78,2.741,29.22,50.823936,4.392828
2026-04-25,Running,Morning Jog,Morning jog on Saturday as I could not manage it during weekdays. I am still in two weeks timeline to practice short runs. My plan is to ramp up the distance gradually. Overall feel good after the run but also bit sleepy and more hungry.,2026-04-25_09-17-53_hk_1777101473.fit,637,2026-04-25T07:28:30.000Z,636.000,1655.67,169,189,78,2.864,29.22,50.823954,4.392864
2026-04-25,Running,Morning Jog,Morning jog on Saturday as I could not manage it during weekdays. I am still in two weeks timeline to practice short runs. My plan is to ramp up the distance gradually. Overall feel good after the run but also bit sleepy and more hungry.,2026-04-25_09-17-53_hk_1777101473.fit,638,2026-04-25T07:28:31.000Z,637.000,1657.93,169,189,78,2.873,29.22,50.823972,4.392882
2026-04-25,Running,Morning Jog,Morning jog on Saturday as I could not manage it during weekdays. I am still in two weeks timeline to practice short runs. My plan is to ramp up the distance gradually. Overall feel good after the run but also bit sleepy and more hungry.,2026-04-25_09-17-53_hk_1777101473.fit,639,2026-04-25T07:28:32.000Z,638.000,1660.2,169,189,77,2.821,29.22,50.823972,4.392918
2026-04-25,Running,Morning Jog,Morning jog on Saturday as I could not manage it during weekdays. I am still in two weeks timeline to practice short runs. My plan is to ramp up the distance gradually. Overall feel good after the run but also bit sleepy and more hungry.,2026-04-25_09-17-53_hk_1777101473.fit,640,2026-04-25T07:28:33.000Z,639.000,1662.47,169,187,77,2.791,29.22,50.82399,4.392954
2026-04-25,Running,Morning Jog,Morning jog on Saturday as I could not manage it during weekdays. I am still in two weeks timeline to practice short runs. My plan is to ramp up the distance gradually. Overall feel good after the run but also bit sleepy and more hungry.,2026-04-25_09-17-53_hk_1777101473.fit,641,2026-04-25T07:28:34.000Z,640.000,1664.98,170,187,77,2.755,29.22,50.824008,4.39299
2026-04-25,Running,Morning Jog,Morning jog on Saturday as I could not manage it during weekdays. I am still in two weeks timeline to practice short runs. My plan is to ramp up the distance gradually. Overall feel good after the run but also bit sleepy and more hungry.,2026-04-25_09-17-53_hk_1777101473.fit,642,2026-04-25T07:28:35.000Z,641.000,1667.5,170,187,79,2.786,29.22,50.824026,4.393026
2026-04-25,Running,Morning Jog,Morning jog on Saturday as I could not manage it during weekdays. I am still in two weeks timeline to practice short runs. My plan is to ramp up the distance gradually. Overall feel good after the run but also bit sleepy and more hungry.,2026-04-25_09-17-53_hk_1777101473.fit,643,2026-04-25T07:28:36.000Z,642.000,1670.02,170,189,79,2.795,29.22,50.824044,4.393044
2026-04-25,Running,Morning Jog,Morning jog on Saturday as I could not manage it during weekdays. I am still in two weeks timeline to practice short runs. My plan is to ramp up the distance gradually. Overall feel good after the run but also bit sleepy and more hungry.,2026-04-25_09-17-53_hk_1777101473.fit,644,2026-04-25T07:28:37.000Z,643.000,1673.38,170,189,79,2.792,29.22,50.824044,4.39308
2026-04-25,Running,Morning Jog,Morning jog on Saturday as I could not manage it during weekdays. I am still in two weeks timeline to practice short runs. My plan is to ramp up the distance gradually. Overall feel good after the run but also bit sleepy and more hungry.,2026-04-25_09-17-53_hk_1777101473.fit,645,2026-04-25T07:28:38.000Z,644.000,1676.73,170,190,76,2.79,29.22,50.824062,4.393116
2026-04-25,Running,Morning Jog,Morning jog on Saturday as I could not manage it during weekdays. I am still in two weeks timeline to practice short runs. My plan is to ramp up the distance gradually. Overall feel good after the run but also bit sleepy and more hungry.,2026-04-25_09-17-53_hk_1777101473.fit,646,2026-04-25T07:28:39.000Z,645.000,1679.04,170,190,76,2.764,29.22,50.82408,4.393152
2026-04-25,Running,Morning Jog,Morning jog on Saturday as I could not manage it during weekdays. I am still in two weeks timeline to practice short runs. My plan is to ramp up the distance gradually. Overall feel good after the run but also bit sleepy and more hungry.,2026-04-25_09-17-53_hk_1777101473.fit,647,2026-04-25T07:28:40.000Z,646.000,1681.34,170,190,76,2.734,29.22,50.824098,4.393188
2026-04-25,Running,Morning Jog,Morning jog on Saturday as I could not manage it during weekdays. I am still in two weeks timeline to practice short runs. My plan is to ramp up the distance gradually. Overall feel good after the run but also bit sleepy and more hungry.,2026-04-25_09-17-53_hk_1777101473.fit,648,2026-04-25T07:28:41.000Z,647.000,1683.64,170,189,77,2.704,29.22,50.824116,4.393206
2026-04-25,Running,Morning Jog,Morning jog on Saturday as I could not manage it during weekdays. I am still in two weeks timeline to practice short runs. My plan is to ramp up the distance gradually. Overall feel good after the run but also bit sleepy and more hungry.,2026-04-25_09-17-53_hk_1777101473.fit,649,2026-04-25T07:28:42.000Z,648.000,1687.79,170,189,77,2.798,29.22,50.824134,4.393242
2026-04-25,Running,Morning Jog,Morning jog on Saturday as I could not manage it during weekdays. I am still in two weeks timeline to practice short runs. My plan is to ramp up the distance gradually. Overall feel good after the run but also bit sleepy and more hungry.,2026-04-25_09-17-53_hk_1777101473.fit,650,2026-04-25T07:28:43.000Z,649.000,1691.94,170,193,77,2.901,29.22,50.824134,4.393278
2026-04-25,Running,Morning Jog,Morning jog on Saturday as I could not manage it during weekdays. I am still in two weeks timeline to practice short runs. My plan is to ramp up the distance gradually. Overall feel good after the run but also bit sleepy and more hungry.,2026-04-25_09-17-53_hk_1777101473.fit,651,2026-04-25T07:28:44.000Z,650.000,1694.06,170,193,78,2.86,29.21,50.824152,4.393296
2026-04-25,Running,Morning Jog,Morning jog on Saturday as I could not manage it during weekdays. I am still in two weeks timeline to practice short runs. My plan is to ramp up the distance gradually. Overall feel good after the run but also bit sleepy and more hungry.,2026-04-25_09-17-53_hk_1777101473.fit,652,2026-04-25T07:28:45.000Z,651.000,1696.18,170,193,78,2.819,29.21,50.82417,4.393332
2026-04-25,Running,Morning Jog,Morning jog on Saturday as I could not manage it during weekdays. I am still in two weeks timeline to practice short runs. My plan is to ramp up the distance gradually. Overall feel good after the run but also bit sleepy and more hungry.,2026-04-25_09-17-53_hk_1777101473.fit,653,2026-04-25T07:28:46.000Z,652.000,1698.3,169,194,78,2.778,29.21,50.824188,4.393368
2026-04-25,Running,Morning Jog,Morning jog on Saturday as I could not manage it during weekdays. I am still in two weeks timeline to practice short runs. My plan is to ramp up the distance gradually. Overall feel good after the run but also bit sleepy and more hungry.,2026-04-25_09-17-53_hk_1777101473.fit,654,2026-04-25T07:28:47.000Z,653.000,1702.44,169,194,78,2.804,29.21,50.824206,4.393386
2026-04-25,Running,Morning Jog,Morning jog on Saturday as I could not manage it during weekdays. I am still in two weeks timeline to practice short runs. My plan is to ramp up the distance gradually. Overall feel good after the run but also bit sleepy and more hungry.,2026-04-25_09-17-53_hk_1777101473.fit,655,2026-04-25T07:28:48.000Z,654.000,1706.59,169,196,78,2.829,29.21,50.824224,4.393422
2026-04-25,Running,Morning Jog,Morning jog on Saturday as I could not manage it during weekdays. I am still in two weeks timeline to practice short runs. My plan is to ramp up the distance gradually. Overall feel good after the run but also bit sleepy and more hungry.,2026-04-25_09-17-53_hk_1777101473.fit,656,2026-04-25T07:28:49.000Z,655.000,1708.75,169,196,78,2.823,29.21,50.824242,4.393458
2026-04-25,Running,Morning Jog,Morning jog on Saturday as I could not manage it during weekdays. I am still in two weeks timeline to practice short runs. My plan is to ramp up the distance gradually. Overall feel good after the run but also bit sleepy and more hungry.,2026-04-25_09-17-53_hk_1777101473.fit,657,2026-04-25T07:28:50.000Z,656.000,1710.92,169,196,77,2.818,29.21,50.82426,4.393494
2026-04-25,Running,Morning Jog,Morning jog on Saturday as I could not manage it during weekdays. I am still in two weeks timeline to practice short runs. My plan is to ramp up the distance gradually. Overall feel good after the run but also bit sleepy and more hungry.,2026-04-25_09-17-53_hk_1777101473.fit,658,2026-04-25T07:28:51.000Z,657.000,1713.08,168,196,77,2.812,29.21,50.824278,4.393512
2026-04-25,Running,Morning Jog,Morning jog on Saturday as I could not manage it during weekdays. I am still in two weeks timeline to practice short runs. My plan is to ramp up the distance gradually. Overall feel good after the run but also bit sleepy and more hungry.,2026-04-25_09-17-53_hk_1777101473.fit,659,2026-04-25T07:28:52.000Z,658.000,1716.64,168,196,77,2.87,29.21,50.824278,4.393548
2026-04-25,Running,Morning Jog,Morning jog on Saturday as I could not manage it during weekdays. I am still in two weeks timeline to practice short runs. My plan is to ramp up the distance gradually. Overall feel good after the run but also bit sleepy and more hungry.,2026-04-25_09-17-53_hk_1777101473.fit,660,2026-04-25T07:28:53.000Z,659.000,1720.2,168,196,76,2.951,29.21,50.824296,4.393584
2026-04-25,Running,Morning Jog,Morning jog on Saturday as I could not manage it during weekdays. I am still in two weeks timeline to practice short runs. My plan is to ramp up the distance gradually. Overall feel good after the run but also bit sleepy and more hungry.,2026-04-25_09-17-53_hk_1777101473.fit,661,2026-04-25T07:28:54.000Z,660.000,1722.32,168,196,76,2.905,29.21,50.824314,4.39362
2026-04-25,Running,Morning Jog,Morning jog on Saturday as I could not manage it during weekdays. I am still in two weeks timeline to practice short runs. My plan is to ramp up the distance gradually. Overall feel good after the run but also bit sleepy and more hungry.,2026-04-25_09-17-53_hk_1777101473.fit,662,2026-04-25T07:28:55.000Z,661.000,1724.43,168,196,76,2.836,29.21,50.824314,4.393638
2026-04-25,Running,Morning Jog,Morning jog on Saturday as I could not manage it during weekdays. I am still in two weeks timeline to practice short runs. My plan is to ramp up the distance gradually. Overall feel good after the run but also bit sleepy and more hungry.,2026-04-25_09-17-53_hk_1777101473.fit,663,2026-04-25T07:28:56.000Z,662.000,1726.55,168,192,79,2.799,29.21,50.824332,4.393674
2026-04-25,Running,Morning Jog,Morning jog on Saturday as I could not manage it during weekdays. I am still in two weeks timeline to practice short runs. My plan is to ramp up the distance gradually. Overall feel good after the run but also bit sleepy and more hungry.,2026-04-25_09-17-53_hk_1777101473.fit,664,2026-04-25T07:28:57.000Z,663.000,1729.31,168,192,79,2.793,29.21,50.82435,4.39371
2026-04-25,Running,Morning Jog,Morning jog on Saturday as I could not manage it during weekdays. I am still in two weeks timeline to practice short runs. My plan is to ramp up the distance gradually. Overall feel good after the run but also bit sleepy and more hungry.,2026-04-25_09-17-53_hk_1777101473.fit,665,2026-04-25T07:28:58.000Z,664.000,1732.06,169,192,79,2.818,29.21,50.824368,4.393746
2026-04-25,Running,Morning Jog,Morning jog on Saturday as I could not manage it during weekdays. I am still in two weeks timeline to practice short runs. My plan is to ramp up the distance gradually. Overall feel good after the run but also bit sleepy and more hungry.,2026-04-25_09-17-53_hk_1777101473.fit,666,2026-04-25T07:28:59.000Z,665.000,1734.81,169,197,77,2.843,29.21,50.824386,4.393764
2026-04-25,Running,Morning Jog,Morning jog on Saturday as I could not manage it during weekdays. I am still in two weeks timeline to practice short runs. My plan is to ramp up the distance gradually. Overall feel good after the run but also bit sleepy and more hungry.,2026-04-25_09-17-53_hk_1777101473.fit,667,2026-04-25T07:29:00.000Z,666.000,1739.03,169,197,77,2.847,29.21,50.824404,4.3938
2026-04-25,Running,Morning Jog,Morning jog on Saturday as I could not manage it during weekdays. I am still in two weeks timeline to practice short runs. My plan is to ramp up the distance gradually. Overall feel good after the run but also bit sleepy and more hungry.,2026-04-25_09-17-53_hk_1777101473.fit,668,2026-04-25T07:29:01.000Z,667.000,1743.25,168,199,77,2.851,29.22,50.824422,4.393818
2026-04-25,Running,Morning Jog,Morning jog on Saturday as I could not manage it during weekdays. I am still in two weeks timeline to practice short runs. My plan is to ramp up the distance gradually. Overall feel good after the run but also bit sleepy and more hungry.,2026-04-25_09-17-53_hk_1777101473.fit,669,2026-04-25T07:29:02.000Z,668.000,1745.52,168,199,78,2.859,29.22,50.82444,4.393854
2026-04-25,Running,Morning Jog,Morning jog on Saturday as I could not manage it during weekdays. I am still in two weeks timeline to practice short runs. My plan is to ramp up the distance gradually. Overall feel good after the run but also bit sleepy and more hungry.,2026-04-25_09-17-53_hk_1777101473.fit,670,2026-04-25T07:29:03.000Z,669.000,1747.78,168,199,78,2.867,29.22,50.824458,4.39389
2026-04-25,Running,Morning Jog,Morning jog on Saturday as I could not manage it during weekdays. I am still in two weeks timeline to practice short runs. My plan is to ramp up the distance gradually. Overall feel good after the run but also bit sleepy and more hungry.,2026-04-25_09-17-53_hk_1777101473.fit,671,2026-04-25T07:29:04.000Z,670.000,1750.05,168,197,78,2.875,29.22,50.824476,4.393926
2026-04-25,Running,Morning Jog,Morning jog on Saturday as I could not manage it during weekdays. I am still in two weeks timeline to practice short runs. My plan is to ramp up the distance gradually. Overall feel good after the run but also bit sleepy and more hungry.,2026-04-25_09-17-53_hk_1777101473.fit,672,2026-04-25T07:29:05.000Z,671.000,1753.45,168,197,76,2.834,29.22,50.824494,4.393962
2026-04-25,Running,Morning Jog,Morning jog on Saturday as I could not manage it during weekdays. I am still in two weeks timeline to practice short runs. My plan is to ramp up the distance gradually. Overall feel good after the run but also bit sleepy and more hungry.,2026-04-25_09-17-53_hk_1777101473.fit,673,2026-04-25T07:29:06.000Z,672.000,1756.86,168,196,76,2.793,29.22,50.824494,4.39398
2026-04-25,Running,Morning Jog,Morning jog on Saturday as I could not manage it during weekdays. I am still in two weeks timeline to practice short runs. My plan is to ramp up the distance gradually. Overall feel good after the run but also bit sleepy and more hungry.,2026-04-25_09-17-53_hk_1777101473.fit,674,2026-04-25T07:29:07.000Z,673.000,1759.29,168,196,76,2.808,29.22,50.824512,4.394016
2026-04-25,Running,Morning Jog,Morning jog on Saturday as I could not manage it during weekdays. I am still in two weeks timeline to practice short runs. My plan is to ramp up the distance gradually. Overall feel good after the run but also bit sleepy and more hungry.,2026-04-25_09-17-53_hk_1777101473.fit,675,2026-04-25T07:29:08.000Z,674.000,1761.72,168,196,78,2.823,29.22,50.82453,4.394052
2026-04-25,Running,Morning Jog,Morning jog on Saturday as I could not manage it during weekdays. I am still in two weeks timeline to practice short runs. My plan is to ramp up the distance gradually. Overall feel good after the run but also bit sleepy and more hungry.,2026-04-25_09-17-53_hk_1777101473.fit,676,2026-04-25T07:29:09.000Z,675.000,1764.15,169,195,78,2.837,29.22,50.824548,4.394088
2026-04-25,Running,Morning Jog,Morning jog on Saturday as I could not manage it during weekdays. I am still in two weeks timeline to practice short runs. My plan is to ramp up the distance gradually. Overall feel good after the run but also bit sleepy and more hungry.,2026-04-25_09-17-53_hk_1777101473.fit,677,2026-04-25T07:29:10.000Z,676.000,1767.66,169,195,78,2.835,29.23,50.824566,4.394106
2026-04-25,Running,Morning Jog,Morning jog on Saturday as I could not manage it during weekdays. I am still in two weeks timeline to practice short runs. My plan is to ramp up the distance gradually. Overall feel good after the run but also bit sleepy and more hungry.,2026-04-25_09-17-53_hk_1777101473.fit,678,2026-04-25T07:29:11.000Z,677.000,1771.17,169,197,76,2.832,29.23,50.824584,4.394142
2026-04-25,Running,Morning Jog,Morning jog on Saturday as I could not manage it during weekdays. I am still in two weeks timeline to practice short runs. My plan is to ramp up the distance gradually. Overall feel good after the run but also bit sleepy and more hungry.,2026-04-25_09-17-53_hk_1777101473.fit,679,2026-04-25T07:29:12.000Z,678.000,1773.68,169,197,76,2.854,29.23,50.824602,4.394178
2026-04-25,Running,Morning Jog,Morning jog on Saturday as I could not manage it during weekdays. I am still in two weeks timeline to practice short runs. My plan is to ramp up the distance gradually. Overall feel good after the run but also bit sleepy and more hungry.,2026-04-25_09-17-53_hk_1777101473.fit,680,2026-04-25T07:29:13.000Z,679.000,1776.19,169,197,76,2.875,29.23,50.82462,4.394196
2026-04-25,Running,Morning Jog,Morning jog on Saturday as I could not manage it during weekdays. I am still in two weeks timeline to practice short runs. My plan is to ramp up the distance gradually. Overall feel good after the run but also bit sleepy and more hungry.,2026-04-25_09-17-53_hk_1777101473.fit,681,2026-04-25T07:29:14.000Z,680.000,1778.7,169,197,79,2.897,29.23,50.824638,4.394232
2026-04-25,Running,Morning Jog,Morning jog on Saturday as I could not manage it during weekdays. I am still in two weeks timeline to practice short runs. My plan is to ramp up the distance gradually. Overall feel good after the run but also bit sleepy and more hungry.,2026-04-25_09-17-53_hk_1777101473.fit,682,2026-04-25T07:29:15.000Z,681.000,1780.71,169,197,79,2.856,29.23,50.824656,4.394268
2026-04-25,Running,Morning Jog,Morning jog on Saturday as I could not manage it during weekdays. I am still in two weeks timeline to practice short runs. My plan is to ramp up the distance gradually. Overall feel good after the run but also bit sleepy and more hungry.,2026-04-25_09-17-53_hk_1777101473.fit,683,2026-04-25T07:29:16.000Z,682.000,1782.72,169,197,79,2.814,29.23,50.824674,4.394286
2026-04-25,Running,Morning Jog,Morning jog on Saturday as I could not manage it during weekdays. I am still in two weeks timeline to practice short runs. My plan is to ramp up the distance gradually. Overall feel good after the run but also bit sleepy and more hungry.,2026-04-25_09-17-53_hk_1777101473.fit,684,2026-04-25T07:29:17.000Z,683.000,1784.72,169,195,76,2.772,29.23,50.824692,4.394322
2026-04-25,Running,Morning Jog,Morning jog on Saturday as I could not manage it during weekdays. I am still in two weeks timeline to practice short runs. My plan is to ramp up the distance gradually. Overall feel good after the run but also bit sleepy and more hungry.,2026-04-25_09-17-53_hk_1777101473.fit,685,2026-04-25T07:29:18.000Z,684.000,1788.86,169,195,76,2.845,29.23,50.82471,4.39434
2026-04-25,Running,Morning Jog,Morning jog on Saturday as I could not manage it during weekdays. I am still in two weeks timeline to practice short runs. My plan is to ramp up the distance gradually. Overall feel good after the run but also bit sleepy and more hungry.,2026-04-25_09-17-53_hk_1777101473.fit,686,2026-04-25T07:29:19.000Z,685.000,1792.99,169,195,76,2.84,29.23,50.824728,4.394376
2026-04-25,Running,Morning Jog,Morning jog on Saturday as I could not manage it during weekdays. I am still in two weeks timeline to practice short runs. My plan is to ramp up the distance gradually. Overall feel good after the run but also bit sleepy and more hungry.,2026-04-25_09-17-53_hk_1777101473.fit,687,2026-04-25T07:29:20.000Z,686.000,1795.29,169,195,78,2.739,29.23,50.824728,4.394412
2026-04-25,Running,Morning Jog,Morning jog on Saturday as I could not manage it during weekdays. I am still in two weeks timeline to practice short runs. My plan is to ramp up the distance gradually. Overall feel good after the run but also bit sleepy and more hungry.,2026-04-25_09-17-53_hk_1777101473.fit,688,2026-04-25T07:29:21.000Z,687.000,1797.58,169,195,78,2.74,29.23,50.824746,4.39443
2026-04-25,Running,Morning Jog,Morning jog on Saturday as I could not manage it during weekdays. I am still in two weeks timeline to practice short runs. My plan is to ramp up the distance gradually. Overall feel good after the run but also bit sleepy and more hungry.,2026-04-25_09-17-53_hk_1777101473.fit,689,2026-04-25T07:29:22.000Z,688.000,1799.88,169,194,78,2.742,29.23,50.824764,4.394466
2026-04-25,Running,Morning Jog,Morning jog on Saturday as I could not manage it during weekdays. I am still in two weeks timeline to practice short runs. My plan is to ramp up the distance gradually. Overall feel good after the run but also bit sleepy and more hungry.,2026-04-25_09-17-53_hk_1777101473.fit,690,2026-04-25T07:29:23.000Z,689.000,1802.58,169,194,77,2.765,29.23,50.824782,4.394502
2026-04-25,Running,Morning Jog,Morning jog on Saturday as I could not manage it during weekdays. I am still in two weeks timeline to practice short runs. My plan is to ramp up the distance gradually. Overall feel good after the run but also bit sleepy and more hungry.,2026-04-25_09-17-53_hk_1777101473.fit,691,2026-04-25T07:29:24.000Z,690.000,1805.29,169,190,77,2.728,29.23,50.8248,4.39452
2026-04-25,Running,Morning Jog,Morning jog on Saturday as I could not manage it during weekdays. I am still in two weeks timeline to practice short runs. My plan is to ramp up the distance gradually. Overall feel good after the run but also bit sleepy and more hungry.,2026-04-25_09-17-53_hk_1777101473.fit,692,2026-04-25T07:29:25.000Z,691.000,1807.97,169,190,77,2.69,29.23,50.8248,4.394556
2026-04-25,Running,Morning Jog,Morning jog on Saturday as I could not manage it during weekdays. I am still in two weeks timeline to practice short runs. My plan is to ramp up the distance gradually. Overall feel good after the run but also bit sleepy and more hungry.,2026-04-25_09-17-53_hk_1777101473.fit,693,2026-04-25T07:29:26.000Z,692.000,1810.65,169,190,79,2.703,29.23,50.824818,4.394592
2026-04-25,Running,Morning Jog,Morning jog on Saturday as I could not manage it during weekdays. I am still in two weeks timeline to practice short runs. My plan is to ramp up the distance gradually. Overall feel good after the run but also bit sleepy and more hungry.,2026-04-25_09-17-53_hk_1777101473.fit,694,2026-04-25T07:29:27.000Z,693.000,1813.33,169,194,79,2.716,29.23,50.824836,4.394628
2026-04-25,Running,Morning Jog,Morning jog on Saturday as I could not manage it during weekdays. I am still in two weeks timeline to practice short runs. My plan is to ramp up the distance gradually. Overall feel good after the run but also bit sleepy and more hungry.,2026-04-25_09-17-53_hk_1777101473.fit,695,2026-04-25T07:29:28.000Z,694.000,1816.19,169,194,79,2.739,29.23,50.824854,4.394664
2026-04-25,Running,Morning Jog,Morning jog on Saturday as I could not manage it during weekdays. I am still in two weeks timeline to practice short runs. My plan is to ramp up the distance gradually. Overall feel good after the run but also bit sleepy and more hungry.,2026-04-25_09-17-53_hk_1777101473.fit,696,2026-04-25T07:29:29.000Z,695.000,1819.05,169,193,73,2.705,29.23,50.824872,4.3947
2026-04-25,Running,Morning Jog,Morning jog on Saturday as I could not manage it during weekdays. I am still in two weeks timeline to practice short runs. My plan is to ramp up the distance gradually. Overall feel good after the run but also bit sleepy and more hungry.,2026-04-25_09-17-53_hk_1777101473.fit,697,2026-04-25T07:29:30.000Z,696.000,1821.74,169,193,73,2.661,29.23,50.824872,4.394718
2026-04-25,Running,Morning Jog,Morning jog on Saturday as I could not manage it during weekdays. I am still in two weeks timeline to practice short runs. My plan is to ramp up the distance gradually. Overall feel good after the run but also bit sleepy and more hungry.,2026-04-25_09-17-53_hk_1777101473.fit,698,2026-04-25T07:29:31.000Z,697.000,1824.42,169,193,73,2.671,29.23,50.82489,4.394754
2026-04-25,Running,Morning Jog,Morning jog on Saturday as I could not manage it during weekdays. I am still in two weeks timeline to practice short runs. My plan is to ramp up the distance gradually. Overall feel good after the run but also bit sleepy and more hungry.,2026-04-25_09-17-53_hk_1777101473.fit,699,2026-04-25T07:29:32.000Z,698.000,1827.1,169,193,77,2.68,29.23,50.824908,4.39479
2026-04-25,Running,Morning Jog,Morning jog on Saturday as I could not manage it during weekdays. I am still in two weeks timeline to practice short runs. My plan is to ramp up the distance gradually. Overall feel good after the run but also bit sleepy and more hungry.,2026-04-25_09-17-53_hk_1777101473.fit,700,2026-04-25T07:29:33.000Z,699.000,1830.9,169,193,77,2.789,29.23,50.824926,4.394808
2026-04-25,Running,Morning Jog,Morning jog on Saturday as I could not manage it during weekdays. I am still in two weeks timeline to practice short runs. My plan is to ramp up the distance gradually. Overall feel good after the run but also bit sleepy and more hungry.,2026-04-25_09-17-53_hk_1777101473.fit,701,2026-04-25T07:29:34.000Z,700.000,1834.71,169,193,77,2.888,29.23,50.824944,4.394844
2026-04-25,Running,Morning Jog,Morning jog on Saturday as I could not manage it during weekdays. I am still in two weeks timeline to practice short runs. My plan is to ramp up the distance gradually. Overall feel good after the run but also bit sleepy and more hungry.,2026-04-25_09-17-53_hk_1777101473.fit,702,2026-04-25T07:29:35.000Z,701.000,1836.97,169,193,79,2.903,29.23,50.824962,4.39488
2026-04-25,Running,Morning Jog,Morning jog on Saturday as I could not manage it during weekdays. I am still in two weeks timeline to practice short runs. My plan is to ramp up the distance gradually. Overall feel good after the run but also bit sleepy and more hungry.,2026-04-25_09-17-53_hk_1777101473.fit,703,2026-04-25T07:29:36.000Z,702.000,1839.23,169,193,79,2.799,29.23,50.824962,4.394916
2026-04-25,Running,Morning Jog,Morning jog on Saturday as I could not manage it during weekdays. I am still in two weeks timeline to practice short runs. My plan is to ramp up the distance gradually. Overall feel good after the run but also bit sleepy and more hungry.,2026-04-25_09-17-53_hk_1777101473.fit,704,2026-04-25T07:29:37.000Z,703.000,1841.5,169,193,79,2.771,29.23,50.82498,4.394934
2026-04-25,Running,Morning Jog,Morning jog on Saturday as I could not manage it during weekdays. I am still in two weeks timeline to practice short runs. My plan is to ramp up the distance gradually. Overall feel good after the run but also bit sleepy and more hungry.,2026-04-25_09-17-53_hk_1777101473.fit,705,2026-04-25T07:29:38.000Z,704.000,1843.85,169,193,81,2.677,29.23,50.824998,4.39497
2026-04-25,Running,Morning Jog,Morning jog on Saturday as I could not manage it during weekdays. I am still in two weeks timeline to practice short runs. My plan is to ramp up the distance gradually. Overall feel good after the run but also bit sleepy and more hungry.,2026-04-25_09-17-53_hk_1777101473.fit,706,2026-04-25T07:29:39.000Z,705.000,1846.2,169,193,81,2.68,29.23,50.825016,4.395006
2026-04-25,Running,Morning Jog,Morning jog on Saturday as I could not manage it during weekdays. I am still in two weeks timeline to practice short runs. My plan is to ramp up the distance gradually. Overall feel good after the run but also bit sleepy and more hungry.,2026-04-25_09-17-53_hk_1777101473.fit,707,2026-04-25T07:29:40.000Z,706.000,1848.55,171,196,81,2.683,29.23,50.825034,4.395024
2026-04-25,Running,Morning Jog,Morning jog on Saturday as I could not manage it during weekdays. I am still in two weeks timeline to practice short runs. My plan is to ramp up the distance gradually. Overall feel good after the run but also bit sleepy and more hungry.,2026-04-25_09-17-53_hk_1777101473.fit,708,2026-04-25T07:29:41.000Z,707.000,1851.89,171,196,80,2.738,29.23,50.825052,4.39506
2026-04-25,Running,Morning Jog,Morning jog on Saturday as I could not manage it during weekdays. I am still in two weeks timeline to practice short runs. My plan is to ramp up the distance gradually. Overall feel good after the run but also bit sleepy and more hungry.,2026-04-25_09-17-53_hk_1777101473.fit,709,2026-04-25T07:29:42.000Z,708.000,1855.23,171,195,80,2.771,29.23,50.82507,4.395096
2026-04-25,Running,Morning Jog,Morning jog on Saturday as I could not manage it during weekdays. I am still in two weeks timeline to practice short runs. My plan is to ramp up the distance gradually. Overall feel good after the run but also bit sleepy and more hungry.,2026-04-25_09-17-53_hk_1777101473.fit,710,2026-04-25T07:29:43.000Z,709.000,1858.19,171,195,80,2.79,29.23,50.825088,4.395114
2026-04-25,Running,Morning Jog,Morning jog on Saturday as I could not manage it during weekdays. I am still in two weeks timeline to practice short runs. My plan is to ramp up the distance gradually. Overall feel good after the run but also bit sleepy and more hungry.,2026-04-25_09-17-53_hk_1777101473.fit,711,2026-04-25T07:29:44.000Z,710.000,1861.15,171,195,79,2.806,29.23,50.825106,4.39515
2026-04-25,Running,Morning Jog,Morning jog on Saturday as I could not manage it during weekdays. I am still in two weeks timeline to practice short runs. My plan is to ramp up the distance gradually. Overall feel good after the run but also bit sleepy and more hungry.,2026-04-25_09-17-53_hk_1777101473.fit,712,2026-04-25T07:29:45.000Z,711.000,1864.11,171,200,79,2.821,29.23,50.825106,4.395186
2026-04-25,Running,Morning Jog,Morning jog on Saturday as I could not manage it during weekdays. I am still in two weeks timeline to practice short runs. My plan is to ramp up the distance gradually. Overall feel good after the run but also bit sleepy and more hungry.,2026-04-25_09-17-53_hk_1777101473.fit,713,2026-04-25T07:29:46.000Z,712.000,1867.44,171,200,79,2.847,29.23,50.825124,4.395222
2026-04-25,Running,Morning Jog,Morning jog on Saturday as I could not manage it during weekdays. I am still in two weeks timeline to practice short runs. My plan is to ramp up the distance gradually. Overall feel good after the run but also bit sleepy and more hungry.,2026-04-25_09-17-53_hk_1777101473.fit,714,2026-04-25T07:29:47.000Z,713.000,1870.77,171,200,76,2.873,29.23,50.825142,4.395258
2026-04-25,Running,Morning Jog,Morning jog on Saturday as I could not manage it during weekdays. I am still in two weeks timeline to practice short runs. My plan is to ramp up the distance gradually. Overall feel good after the run but also bit sleepy and more hungry.,2026-04-25_09-17-53_hk_1777101473.fit,715,2026-04-25T07:29:48.000Z,714.000,1873.29,171,200,76,2.864,29.23,50.82516,4.395294
2026-04-25,Running,Morning Jog,Morning jog on Saturday as I could not manage it during weekdays. I am still in two weeks timeline to practice short runs. My plan is to ramp up the distance gradually. Overall feel good after the run but also bit sleepy and more hungry.,2026-04-25_09-17-53_hk_1777101473.fit,716,2026-04-25T07:29:49.000Z,715.000,1875.81,171,200,76,2.855,29.23,50.825178,4.395312
2026-04-25,Running,Morning Jog,Morning jog on Saturday as I could not manage it during weekdays. I am still in two weeks timeline to practice short runs. My plan is to ramp up the distance gradually. Overall feel good after the run but also bit sleepy and more hungry.,2026-04-25_09-17-53_hk_1777101473.fit,717,2026-04-25T07:29:50.000Z,716.000,1878.32,171,200,79,2.846,29.22,50.825196,4.395348
2026-04-25,Running,Morning Jog,Morning jog on Saturday as I could not manage it during weekdays. I am still in two weeks timeline to practice short runs. My plan is to ramp up the distance gradually. Overall feel good after the run but also bit sleepy and more hungry.,2026-04-25_09-17-53_hk_1777101473.fit,718,2026-04-25T07:29:51.000Z,717.000,1882.56,171,200,79,2.87,29.22,50.825214,4.395384
2026-04-25,Running,Morning Jog,Morning jog on Saturday as I could not manage it during weekdays. I am still in two weeks timeline to practice short runs. My plan is to ramp up the distance gradually. Overall feel good after the run but also bit sleepy and more hungry.,2026-04-25_09-17-53_hk_1777101473.fit,719,2026-04-25T07:29:52.000Z,718.000,1886.79,171,202,79,2.894,29.22,50.825232,4.395402
2026-04-25,Running,Morning Jog,Morning jog on Saturday as I could not manage it during weekdays. I am still in two weeks timeline to practice short runs. My plan is to ramp up the distance gradually. Overall feel good after the run but also bit sleepy and more hungry.,2026-04-25_09-17-53_hk_1777101473.fit,720,2026-04-25T07:29:53.000Z,719.000,1888.58,170,202,78,2.867,29.22,50.82525,4.395438
2026-04-25,Running,Morning Jog,Morning jog on Saturday as I could not manage it during weekdays. I am still in two weeks timeline to practice short runs. My plan is to ramp up the distance gradually. Overall feel good after the run but also bit sleepy and more hungry.,2026-04-25_09-17-53_hk_1777101473.fit,721,2026-04-25T07:29:54.000Z,720.000,1890.38,170,202,78,2.841,29.22,50.82525,4.395474
2026-04-25,Running,Morning Jog,Morning jog on Saturday as I could not manage it during weekdays. I am still in two weeks timeline to practice short runs. My plan is to ramp up the distance gradually. Overall feel good after the run but also bit sleepy and more hungry.,2026-04-25_09-17-53_hk_1777101473.fit,722,2026-04-25T07:29:55.000Z,721.000,1892.17,170,197,78,2.815,29.22,50.825268,4.395492
2026-04-25,Running,Morning Jog,Morning jog on Saturday as I could not manage it during weekdays. I am still in two weeks timeline to practice short runs. My plan is to ramp up the distance gradually. Overall feel good after the run but also bit sleepy and more hungry.,2026-04-25_09-17-53_hk_1777101473.fit,723,2026-04-25T07:29:56.000Z,722.000,1895.93,170,197,78,2.893,29.22,50.825286,4.395528
2026-04-25,Running,Morning Jog,Morning jog on Saturday as I could not manage it during weekdays. I am still in two weeks timeline to practice short runs. My plan is to ramp up the distance gradually. Overall feel good after the run but also bit sleepy and more hungry.,2026-04-25_09-17-53_hk_1777101473.fit,724,2026-04-25T07:29:57.000Z,723.000,1899.7,170,196,78,3.009,29.22,50.825304,4.395564
2026-04-25,Running,Morning Jog,Morning jog on Saturday as I could not manage it during weekdays. I am still in two weeks timeline to practice short runs. My plan is to ramp up the distance gradually. Overall feel good after the run but also bit sleepy and more hungry.,2026-04-25_09-17-53_hk_1777101473.fit,725,2026-04-25T07:29:58.000Z,724.000,1902,170,196,78,2.947,29.22,50.825322,4.3956
2026-04-25,Running,Morning Jog,Morning jog on Saturday as I could not manage it during weekdays. I am still in two weeks timeline to practice short runs. My plan is to ramp up the distance gradually. Overall feel good after the run but also bit sleepy and more hungry.,2026-04-25_09-17-53_hk_1777101473.fit,726,2026-04-25T07:29:59.000Z,725.000,1904.29,170,196,79,2.911,29.22,50.825322,4.395618
2026-04-25,Running,Morning Jog,Morning jog on Saturday as I could not manage it during weekdays. I am still in two weeks timeline to practice short runs. My plan is to ramp up the distance gradually. Overall feel good after the run but also bit sleepy and more hungry.,2026-04-25_09-17-53_hk_1777101473.fit,727,2026-04-25T07:30:00.000Z,726.000,1906.59,170,193,79,2.853,29.22,50.82534,4.395654
2026-04-25,Running,Morning Jog,Morning jog on Saturday as I could not manage it during weekdays. I am still in two weeks timeline to practice short runs. My plan is to ramp up the distance gradually. Overall feel good after the run but also bit sleepy and more hungry.,2026-04-25_09-17-53_hk_1777101473.fit,728,2026-04-25T07:30:01.000Z,727.000,1908.57,170,193,79,2.799,29.22,50.825358,4.39569
2026-04-25,Running,Morning Jog,Morning jog on Saturday as I could not manage it during weekdays. I am still in two weeks timeline to practice short runs. My plan is to ramp up the distance gradually. Overall feel good after the run but also bit sleepy and more hungry.,2026-04-25_09-17-53_hk_1777101473.fit,729,2026-04-25T07:30:02.000Z,728.000,1910.55,170,193,77,2.756,29.22,50.825376,4.395708
2026-04-25,Running,Morning Jog,Morning jog on Saturday as I could not manage it during weekdays. I am still in two weeks timeline to practice short runs. My plan is to ramp up the distance gradually. Overall feel good after the run but also bit sleepy and more hungry.,2026-04-25_09-17-53_hk_1777101473.fit,730,2026-04-25T07:30:03.000Z,729.000,1912.53,170,192,77,2.704,29.22,50.825394,4.395744
2026-04-25,Running,Morning Jog,Morning jog on Saturday as I could not manage it during weekdays. I am still in two weeks timeline to practice short runs. My plan is to ramp up the distance gradually. Overall feel good after the run but also bit sleepy and more hungry.,2026-04-25_09-17-53_hk_1777101473.fit,731,2026-04-25T07:30:04.000Z,730.000,1916.33,171,192,77,2.748,29.22,50.825412,4.395762
2026-04-25,Running,Morning Jog,Morning jog on Saturday as I could not manage it during weekdays. I am still in two weeks timeline to practice short runs. My plan is to ramp up the distance gradually. Overall feel good after the run but also bit sleepy and more hungry.,2026-04-25_09-17-53_hk_1777101473.fit,732,2026-04-25T07:30:05.000Z,731.000,1920.13,171,193,79,2.773,29.21,50.825412,4.395798
2026-04-25,Running,Morning Jog,Morning jog on Saturday as I could not manage it during weekdays. I am still in two weeks timeline to practice short runs. My plan is to ramp up the distance gradually. Overall feel good after the run but also bit sleepy and more hungry.,2026-04-25_09-17-53_hk_1777101473.fit,733,2026-04-25T07:30:06.000Z,732.000,1922.56,171,193,79,2.726,29.21,50.82543,4.395834
2026-04-25,Running,Morning Jog,Morning jog on Saturday as I could not manage it during weekdays. I am still in two weeks timeline to practice short runs. My plan is to ramp up the distance gradually. Overall feel good after the run but also bit sleepy and more hungry.,2026-04-25_09-17-53_hk_1777101473.fit,734,2026-04-25T07:30:07.000Z,733.000,1924.98,171,193,79,2.72,29.2,50.825448,4.39587
2026-04-25,Running,Morning Jog,Morning jog on Saturday as I could not manage it during weekdays. I am still in two weeks timeline to practice short runs. My plan is to ramp up the distance gradually. Overall feel good after the run but also bit sleepy and more hungry.,2026-04-25_09-17-53_hk_1777101473.fit,735,2026-04-25T07:30:08.000Z,734.000,1927.4,171,192,79,2.715,29.2,50.825448,4.395906
2026-04-25,Running,Morning Jog,Morning jog on Saturday as I could not manage it during weekdays. I am still in two weeks timeline to practice short runs. My plan is to ramp up the distance gradually. Overall feel good after the run but also bit sleepy and more hungry.,2026-04-25_09-17-53_hk_1777101473.fit,736,2026-04-25T07:30:09.000Z,735.000,1929.66,171,192,79,2.702,29.19,50.825466,4.395924
2026-04-25,Running,Morning Jog,Morning jog on Saturday as I could not manage it during weekdays. I am still in two weeks timeline to practice short runs. My plan is to ramp up the distance gradually. Overall feel good after the run but also bit sleepy and more hungry.,2026-04-25_09-17-53_hk_1777101473.fit,737,2026-04-25T07:30:10.000Z,736.000,1931.93,171,188,79,2.68,29.19,50.825466,4.39596
2026-04-25,Running,Morning Jog,Morning jog on Saturday as I could not manage it during weekdays. I am still in two weeks timeline to practice short runs. My plan is to ramp up the distance gradually. Overall feel good after the run but also bit sleepy and more hungry.,2026-04-25_09-17-53_hk_1777101473.fit,738,2026-04-25T07:30:11.000Z,737.000,1934.87,171,188,77,2.615,29.18,50.825466,4.395996
2026-04-25,Running,Morning Jog,Morning jog on Saturday as I could not manage it during weekdays. I am still in two weeks timeline to practice short runs. My plan is to ramp up the distance gradually. Overall feel good after the run but also bit sleepy and more hungry.,2026-04-25_09-17-53_hk_1777101473.fit,739,2026-04-25T07:30:12.000Z,738.000,1937.8,171,188,77,2.551,29.18,50.825466,4.396032
2026-04-25,Running,Morning Jog,Morning jog on Saturday as I could not manage it during weekdays. I am still in two weeks timeline to practice short runs. My plan is to ramp up the distance gradually. Overall feel good after the run but also bit sleepy and more hungry.,2026-04-25_09-17-53_hk_1777101473.fit,740,2026-04-25T07:30:13.000Z,739.000,1940.74,171,191,77,2.651,29.17,50.825466,4.39605
2026-04-25,Running,Morning Jog,Morning jog on Saturday as I could not manage it during weekdays. I am still in two weeks timeline to practice short runs. My plan is to ramp up the distance gradually. Overall feel good after the run but also bit sleepy and more hungry.,2026-04-25_09-17-53_hk_1777101473.fit,741,2026-04-25T07:30:14.000Z,740.000,1943.42,171,191,79,2.698,29.17,50.825466,4.396086
2026-04-25,Running,Morning Jog,Morning jog on Saturday as I could not manage it during weekdays. I am still in two weeks timeline to practice short runs. My plan is to ramp up the distance gradually. Overall feel good after the run but also bit sleepy and more hungry.,2026-04-25_09-17-53_hk_1777101473.fit,742,2026-04-25T07:30:15.000Z,741.000,1946.11,171,187,79,2.641,29.17,50.825448,4.396122
2026-04-25,Running,Morning Jog,Morning jog on Saturday as I could not manage it during weekdays. I am still in two weeks timeline to practice short runs. My plan is to ramp up the distance gradually. Overall feel good after the run but also bit sleepy and more hungry.,2026-04-25_09-17-53_hk_1777101473.fit,743,2026-04-25T07:30:16.000Z,742.000,1948.61,171,187,79,2.634,29.17,50.82543,4.396158
2026-04-25,Running,Morning Jog,Morning jog on Saturday as I could not manage it during weekdays. I am still in two weeks timeline to practice short runs. My plan is to ramp up the distance gradually. Overall feel good after the run but also bit sleepy and more hungry.,2026-04-25_09-17-53_hk_1777101473.fit,744,2026-04-25T07:30:17.000Z,743.000,1951.1,171,187,77,2.57,29.18,50.825412,4.396176
2026-04-25,Running,Morning Jog,Morning jog on Saturday as I could not manage it during weekdays. I am still in two weeks timeline to practice short runs. My plan is to ramp up the distance gradually. Overall feel good after the run but also bit sleepy and more hungry.,2026-04-25_09-17-53_hk_1777101473.fit,745,2026-04-25T07:30:18.000Z,744.000,1953.59,170,190,77,2.58,29.18,50.825394,4.396212
2026-04-25,Running,Morning Jog,Morning jog on Saturday as I could not manage it during weekdays. I am still in two weeks timeline to practice short runs. My plan is to ramp up the distance gradually. Overall feel good after the run but also bit sleepy and more hungry.,2026-04-25_09-17-53_hk_1777101473.fit,746,2026-04-25T07:30:19.000Z,745.000,1956.27,170,190,77,2.599,29.18,50.825376,4.396248
2026-04-25,Running,Morning Jog,Morning jog on Saturday as I could not manage it during weekdays. I am still in two weeks timeline to practice short runs. My plan is to ramp up the distance gradually. Overall feel good after the run but also bit sleepy and more hungry.,2026-04-25_09-17-53_hk_1777101473.fit,747,2026-04-25T07:30:20.000Z,746.000,1958.95,170,190,79,2.652,29.19,50.825358,4.396266
2026-04-25,Running,Morning Jog,Morning jog on Saturday as I could not manage it during weekdays. I am still in two weeks timeline to practice short runs. My plan is to ramp up the distance gradually. Overall feel good after the run but also bit sleepy and more hungry.,2026-04-25_09-17-53_hk_1777101473.fit,748,2026-04-25T07:30:21.000Z,747.000,1961.63,170,190,79,2.688,29.2,50.82534,4.396302
2026-04-25,Running,Morning Jog,Morning jog on Saturday as I could not manage it during weekdays. I am still in two weeks timeline to practice short runs. My plan is to ramp up the distance gradually. Overall feel good after the run but also bit sleepy and more hungry.,2026-04-25_09-17-53_hk_1777101473.fit,749,2026-04-25T07:30:22.000Z,748.000,1965.62,170,190,79,2.794,29.2,50.825322,4.396338
2026-04-25,Running,Morning Jog,Morning jog on Saturday as I could not manage it during weekdays. I am still in two weeks timeline to practice short runs. My plan is to ramp up the distance gradually. Overall feel good after the run but also bit sleepy and more hungry.,2026-04-25_09-17-53_hk_1777101473.fit,750,2026-04-25T07:30:23.000Z,749.000,1969.61,170,192,79,2.804,29.21,50.825304,4.396374
2026-04-25,Running,Morning Jog,Morning jog on Saturday as I could not manage it during weekdays. I am still in two weeks timeline to practice short runs. My plan is to ramp up the distance gradually. Overall feel good after the run but also bit sleepy and more hungry.,2026-04-25_09-17-53_hk_1777101473.fit,751,2026-04-25T07:30:24.000Z,750.000,1971.89,170,192,79,2.724,29.21,50.825286,4.396392
2026-04-25,Running,Morning Jog,Morning jog on Saturday as I could not manage it during weekdays. I am still in two weeks timeline to practice short runs. My plan is to ramp up the distance gradually. Overall feel good after the run but also bit sleepy and more hungry.,2026-04-25_09-17-53_hk_1777101473.fit,752,2026-04-25T07:30:25.000Z,751.000,1974.17,170,192,79,2.716,29.21,50.825268,4.396428
2026-04-25,Running,Morning Jog,Morning jog on Saturday as I could not manage it during weekdays. I am still in two weeks timeline to practice short runs. My plan is to ramp up the distance gradually. Overall feel good after the run but also bit sleepy and more hungry.,2026-04-25_09-17-53_hk_1777101473.fit,753,2026-04-25T07:30:26.000Z,752.000,1976.45,170,193,77,2.709,29.22,50.82525,4.396464
2026-04-25,Running,Morning Jog,Morning jog on Saturday as I could not manage it during weekdays. I am still in two weeks timeline to practice short runs. My plan is to ramp up the distance gradually. Overall feel good after the run but also bit sleepy and more hungry.,2026-04-25_09-17-53_hk_1777101473.fit,754,2026-04-25T07:30:27.000Z,753.000,1979.82,170,193,77,2.786,29.22,50.825232,4.396482
2026-04-25,Running,Morning Jog,Morning jog on Saturday as I could not manage it during weekdays. I am still in two weeks timeline to practice short runs. My plan is to ramp up the distance gradually. Overall feel good after the run but also bit sleepy and more hungry.,2026-04-25_09-17-53_hk_1777101473.fit,755,2026-04-25T07:30:28.000Z,754.000,1983.18,172,191,77,2.848,29.22,50.825214,4.396518
2026-04-25,Running,Morning Jog,Morning jog on Saturday as I could not manage it during weekdays. I am still in two weeks timeline to practice short runs. My plan is to ramp up the distance gradually. Overall feel good after the run but also bit sleepy and more hungry.,2026-04-25_09-17-53_hk_1777101473.fit,756,2026-04-25T07:30:29.000Z,755.000,1985.84,172,191,79,2.832,29.23,50.825196,4.396536
2026-04-25,Running,Morning Jog,Morning jog on Saturday as I could not manage it during weekdays. I am still in two weeks timeline to practice short runs. My plan is to ramp up the distance gradually. Overall feel good after the run but also bit sleepy and more hungry.,2026-04-25_09-17-53_hk_1777101473.fit,757,2026-04-25T07:30:30.000Z,756.000,1988.5,172,191,79,2.816,29.23,50.825178,4.396572
2026-04-25,Running,Morning Jog,Morning jog on Saturday as I could not manage it during weekdays. I am still in two weeks timeline to practice short runs. My plan is to ramp up the distance gradually. Overall feel good after the run but also bit sleepy and more hungry.,2026-04-25_09-17-53_hk_1777101473.fit,758,2026-04-25T07:30:31.000Z,757.000,1991.15,171,192,79,2.801,29.23,50.82516,4.39659
2026-04-25,Running,Morning Jog,Morning jog on Saturday as I could not manage it during weekdays. I am still in two weeks timeline to practice short runs. My plan is to ramp up the distance gradually. Overall feel good after the run but also bit sleepy and more hungry.,2026-04-25_09-17-53_hk_1777101473.fit,759,2026-04-25T07:30:32.000Z,758.000,1994.26,171,192,77,2.824,29.23,50.825142,4.396626
2026-04-25,Running,Morning Jog,Morning jog on Saturday as I could not manage it during weekdays. I am still in two weeks timeline to practice short runs. My plan is to ramp up the distance gradually. Overall feel good after the run but also bit sleepy and more hungry.,2026-04-25_09-17-53_hk_1777101473.fit,760,2026-04-25T07:30:33.000Z,759.000,1997.36,171,192,77,2.847,29.23,50.825124,4.396644
2026-04-25,Running,Morning Jog,Morning jog on Saturday as I could not manage it during weekdays. I am still in two weeks timeline to practice short runs. My plan is to ramp up the distance gradually. Overall feel good after the run but also bit sleepy and more hungry.,2026-04-25_09-17-53_hk_1777101473.fit,761,2026-04-25T07:30:34.000Z,760.000,1999.76,171,192,77,2.842,29.23,50.825106,4.39668
2026-04-25,Running,Morning Jog,Morning jog on Saturday as I could not manage it during weekdays. I am still in two weeks timeline to practice short runs. My plan is to ramp up the distance gradually. Overall feel good after the run but also bit sleepy and more hungry.,2026-04-25_09-17-53_hk_1777101473.fit,762,2026-04-25T07:30:35.000Z,761.000,2002.15,171,192,78,2.836,29.23,50.825088,4.396698
2026-04-25,Running,Morning Jog,Morning jog on Saturday as I could not manage it during weekdays. I am still in two weeks timeline to practice short runs. My plan is to ramp up the distance gradually. Overall feel good after the run but also bit sleepy and more hungry.,2026-04-25_09-17-53_hk_1777101473.fit,763,2026-04-25T07:30:36.000Z,762.000,2004.55,171,191,78,2.831,29.23,50.82507,4.396734
2026-04-25,Running,Morning Jog,Morning jog on Saturday as I could not manage it during weekdays. I am still in two weeks timeline to practice short runs. My plan is to ramp up the distance gradually. Overall feel good after the run but also bit sleepy and more hungry.,2026-04-25_09-17-53_hk_1777101473.fit,764,2026-04-25T07:30:37.000Z,763.000,2008.07,171,191,78,2.878,29.23,50.825052,4.396752
2026-04-25,Running,Morning Jog,Morning jog on Saturday as I could not manage it during weekdays. I am still in two weeks timeline to practice short runs. My plan is to ramp up the distance gradually. Overall feel good after the run but also bit sleepy and more hungry.,2026-04-25_09-17-53_hk_1777101473.fit,765,2026-04-25T07:30:38.000Z,764.000,2011.59,171,192,76,2.925,29.23,50.825034,4.396788
2026-04-25,Running,Morning Jog,Morning jog on Saturday as I could not manage it during weekdays. I am still in two weeks timeline to practice short runs. My plan is to ramp up the distance gradually. Overall feel good after the run but also bit sleepy and more hungry.,2026-04-25_09-17-53_hk_1777101473.fit,766,2026-04-25T07:30:39.000Z,765.000,2013.62,171,192,76,2.888,29.23,50.825016,4.396806
2026-04-25,Running,Morning Jog,Morning jog on Saturday as I could not manage it during weekdays. I am still in two weeks timeline to practice short runs. My plan is to ramp up the distance gradually. Overall feel good after the run but also bit sleepy and more hungry.,2026-04-25_09-17-53_hk_1777101473.fit,767,2026-04-25T07:30:40.000Z,766.000,2015.65,171,192,76,2.78,29.22,50.824998,4.396824
2026-04-25,Running,Morning Jog,Morning jog on Saturday as I could not manage it during weekdays. I am still in two weeks timeline to practice short runs. My plan is to ramp up the distance gradually. Overall feel good after the run but also bit sleepy and more hungry.,2026-04-25_09-17-53_hk_1777101473.fit,768,2026-04-25T07:30:41.000Z,767.000,2017.68,171,189,76,2.74,29.22,50.824998,4.39686
2026-04-25,Running,Morning Jog,Morning jog on Saturday as I could not manage it during weekdays. I am still in two weeks timeline to practice short runs. My plan is to ramp up the distance gradually. Overall feel good after the run but also bit sleepy and more hungry.,2026-04-25_09-17-53_hk_1777101473.fit,769,2026-04-25T07:30:42.000Z,768.000,2019.33,170,189,76,2.686,29.21,50.82498,4.396878
2026-04-25,Running,Morning Jog,Morning jog on Saturday as I could not manage it during weekdays. I am still in two weeks timeline to practice short runs. My plan is to ramp up the distance gradually. Overall feel good after the run but also bit sleepy and more hungry.,2026-04-25_09-17-53_hk_1777101473.fit,770,2026-04-25T07:30:43.000Z,769.000,2020.98,170,189,76,2.569,29.2,50.824962,4.396896
2026-04-25,Running,Morning Jog,Morning jog on Saturday as I could not manage it during weekdays. I am still in two weeks timeline to practice short runs. My plan is to ramp up the distance gradually. Overall feel good after the run but also bit sleepy and more hungry.,2026-04-25_09-17-53_hk_1777101473.fit,771,2026-04-25T07:30:44.000Z,770.000,2022.63,170,183,77,2.537,29.19,50.824944,4.396932
2026-04-25,Running,Morning Jog,Morning jog on Saturday as I could not manage it during weekdays. I am still in two weeks timeline to practice short runs. My plan is to ramp up the distance gradually. Overall feel good after the run but also bit sleepy and more hungry.,2026-04-25_09-17-53_hk_1777101473.fit,772,2026-04-25T07:30:45.000Z,771.000,2025.31,170,183,77,2.557,29.18,50.824926,4.39695
2026-04-25,Running,Morning Jog,Morning jog on Saturday as I could not manage it during weekdays. I am still in two weeks timeline to practice short runs. My plan is to ramp up the distance gradually. Overall feel good after the run but also bit sleepy and more hungry.,2026-04-25_09-17-53_hk_1777101473.fit,773,2026-04-25T07:30:46.000Z,772.000,2028,169,175,77,2.577,29.16,50.824908,4.396968
2026-04-25,Running,Morning Jog,Morning jog on Saturday as I could not manage it during weekdays. I am still in two weeks timeline to practice short runs. My plan is to ramp up the distance gradually. Overall feel good after the run but also bit sleepy and more hungry.,2026-04-25_09-17-53_hk_1777101473.fit,774,2026-04-25T07:30:47.000Z,773.000,42949672.95,169,175,67,65.535,29.14,50.824908,4.396968
2026-04-25,Running,Morning Jog,Morning jog on Saturday as I could not manage it during weekdays. I am still in two weeks timeline to practice short runs. My plan is to ramp up the distance gradually. Overall feel good after the run but also bit sleepy and more hungry.,2026-04-25_09-17-53_hk_1777101473.fit,775,2026-04-25T07:30:48.000Z,774.000,42949672.95,169,175,67,65.535,29.12,50.82489,4.396986
2026-04-25,Running,Morning Jog,Morning jog on Saturday as I could not manage it during weekdays. I am still in two weeks timeline to practice short runs. My plan is to ramp up the distance gradually. Overall feel good after the run but also bit sleepy and more hungry.,2026-04-25_09-17-53_hk_1777101473.fit,776,2026-04-25T07:30:49.000Z,775.000,42949672.95,169,175,67,65.535,29.09,50.82489,4.396986
2026-04-25,Running,Morning Jog,Morning jog on Saturday as I could not manage it during weekdays. I am still in two weeks timeline to practice short runs. My plan is to ramp up the distance gradually. Overall feel good after the run but also bit sleepy and more hungry.,2026-04-25_09-17-53_hk_1777101473.fit,777,2026-04-25T07:30:50.000Z,776.000,42949672.95,169,175,67,65.535,655.35,179.999982,179.999982