workout_date,workout_type,title,notes,source_file,record_index,timestamp,elapsed_seconds,distance_m,heart_rate,power,cadence,speed,altitude,latitude,longitude
2026-07-03,Running,Late afternoon Run,A better day and a better performance.  Felt happy after finishing it.,2026-07-03_18-36-46_hk_1783084006.fit,1,2026-07-03T13:06:47.000Z,0.000,0,,,,,37.43,29.46987,77.718798
2026-07-03,Running,Late afternoon Run,A better day and a better performance.  Felt happy after finishing it.,2026-07-03_18-36-46_hk_1783084006.fit,2,2026-07-03T13:06:48.000Z,1.000,1.23,,,,,37.42,29.469888,77.718798
2026-07-03,Running,Late afternoon Run,A better day and a better performance.  Felt happy after finishing it.,2026-07-03_18-36-46_hk_1783084006.fit,3,2026-07-03T13:06:49.000Z,2.000,2.43,,,35,,37.41,29.469888,77.718816
2026-07-03,Running,Late afternoon Run,A better day and a better performance.  Felt happy after finishing it.,2026-07-03_18-36-46_hk_1783084006.fit,4,2026-07-03T13:06:50.000Z,3.000,3.6,,,35,,37.41,29.469906,77.718816
2026-07-03,Running,Late afternoon Run,A better day and a better performance.  Felt happy after finishing it.,2026-07-03_18-36-46_hk_1783084006.fit,5,2026-07-03T13:06:51.000Z,4.000,4.88,,,35,,37.41,29.469906,77.718834
2026-07-03,Running,Late afternoon Run,A better day and a better performance.  Felt happy after finishing it.,2026-07-03_18-36-46_hk_1783084006.fit,6,2026-07-03T13:06:52.000Z,5.000,6.6,,,76,,37.41,29.469924,77.718834
2026-07-03,Running,Late afternoon Run,A better day and a better performance.  Felt happy after finishing it.,2026-07-03_18-36-46_hk_1783084006.fit,7,2026-07-03T13:06:53.000Z,6.000,8.8,,,76,,37.42,29.469942,77.718852
2026-07-03,Running,Late afternoon Run,A better day and a better performance.  Felt happy after finishing it.,2026-07-03_18-36-46_hk_1783084006.fit,8,2026-07-03T13:06:54.000Z,7.000,11.18,,,76,,37.42,29.46996,77.71887
2026-07-03,Running,Late afternoon Run,A better day and a better performance.  Felt happy after finishing it.,2026-07-03_18-36-46_hk_1783084006.fit,9,2026-07-03T13:06:55.000Z,8.000,13.59,,,79,,37.42,29.469978,77.718888
2026-07-03,Running,Late afternoon Run,A better day and a better performance.  Felt happy after finishing it.,2026-07-03_18-36-46_hk_1783084006.fit,10,2026-07-03T13:06:56.000Z,9.000,16,,,79,,37.43,29.469996,77.718888
2026-07-03,Running,Late afternoon Run,A better day and a better performance.  Felt happy after finishing it.,2026-07-03_18-36-46_hk_1783084006.fit,11,2026-07-03T13:06:57.000Z,10.000,18.41,,,79,,37.43,29.470014,77.718906
2026-07-03,Running,Late afternoon Run,A better day and a better performance.  Felt happy after finishing it.,2026-07-03_18-36-46_hk_1783084006.fit,12,2026-07-03T13:06:58.000Z,11.000,20.88,,,90,,37.43,29.470032,77.718906
2026-07-03,Running,Late afternoon Run,A better day and a better performance.  Felt happy after finishing it.,2026-07-03_18-36-46_hk_1783084006.fit,13,2026-07-03T13:06:59.000Z,12.000,23.39,,,90,,37.43,29.47005,77.718924
2026-07-03,Running,Late afternoon Run,A better day and a better performance.  Felt happy after finishing it.,2026-07-03_18-36-46_hk_1783084006.fit,14,2026-07-03T13:07:00.000Z,13.000,25.84,,,90,,37.43,29.470068,77.718924
2026-07-03,Running,Late afternoon Run,A better day and a better performance.  Felt happy after finishing it.,2026-07-03_18-36-46_hk_1783084006.fit,15,2026-07-03T13:07:01.000Z,14.000,28.25,,,85,,37.43,29.470086,77.718924
2026-07-03,Running,Late afternoon Run,A better day and a better performance.  Felt happy after finishing it.,2026-07-03_18-36-46_hk_1783084006.fit,16,2026-07-03T13:07:02.000Z,15.000,30.64,,,85,,37.43,29.470122,77.718942
2026-07-03,Running,Late afternoon Run,A better day and a better performance.  Felt happy after finishing it.,2026-07-03_18-36-46_hk_1783084006.fit,17,2026-07-03T13:07:03.000Z,16.000,33.09,,,85,,37.43,29.47014,77.718942
2026-07-03,Running,Late afternoon Run,A better day and a better performance.  Felt happy after finishing it.,2026-07-03_18-36-46_hk_1783084006.fit,18,2026-07-03T13:07:04.000Z,17.000,35.78,,,77,,37.43,29.470158,77.718942
2026-07-03,Running,Late afternoon Run,A better day and a better performance.  Felt happy after finishing it.,2026-07-03_18-36-46_hk_1783084006.fit,19,2026-07-03T13:07:05.000Z,18.000,38.54,,,77,,37.43,29.470194,77.718942
2026-07-03,Running,Late afternoon Run,A better day and a better performance.  Felt happy after finishing it.,2026-07-03_18-36-46_hk_1783084006.fit,20,2026-07-03T13:07:06.000Z,19.000,40.97,,,77,,37.43,29.470212,77.71896
2026-07-03,Running,Late afternoon Run,A better day and a better performance.  Felt happy after finishing it.,2026-07-03_18-36-46_hk_1783084006.fit,21,2026-07-03T13:07:07.000Z,20.000,43.36,,,79,,37.43,29.47023,77.71896
2026-07-03,Running,Late afternoon Run,A better day and a better performance.  Felt happy after finishing it.,2026-07-03_18-36-46_hk_1783084006.fit,22,2026-07-03T13:07:08.000Z,21.000,45.61,,,79,,37.43,29.470248,77.71896
2026-07-03,Running,Late afternoon Run,A better day and a better performance.  Felt happy after finishing it.,2026-07-03_18-36-46_hk_1783084006.fit,23,2026-07-03T13:07:09.000Z,22.000,47.77,,,79,,37.43,29.470266,77.71896
2026-07-03,Running,Late afternoon Run,A better day and a better performance.  Felt happy after finishing it.,2026-07-03_18-36-46_hk_1783084006.fit,24,2026-07-03T13:07:10.000Z,23.000,49.9,,,77,,37.43,29.470284,77.71896
2026-07-03,Running,Late afternoon Run,A better day and a better performance.  Felt happy after finishing it.,2026-07-03_18-36-46_hk_1783084006.fit,25,2026-07-03T13:07:11.000Z,24.000,51.98,,,77,2.207,37.43,29.470302,77.71896
2026-07-03,Running,Late afternoon Run,A better day and a better performance.  Felt happy after finishing it.,2026-07-03_18-36-46_hk_1783084006.fit,26,2026-07-03T13:07:12.000Z,25.000,54.06,,,77,2.293,37.43,29.47032,77.71896
2026-07-03,Running,Late afternoon Run,A better day and a better performance.  Felt happy after finishing it.,2026-07-03_18-36-46_hk_1783084006.fit,27,2026-07-03T13:07:13.000Z,26.000,56.17,,,79,2.331,37.43,29.470338,77.71896
2026-07-03,Running,Late afternoon Run,A better day and a better performance.  Felt happy after finishing it.,2026-07-03_18-36-46_hk_1783084006.fit,28,2026-07-03T13:07:14.000Z,27.000,58.4,,,79,2.355,37.43,29.470356,77.718978
2026-07-03,Running,Late afternoon Run,A better day and a better performance.  Felt happy after finishing it.,2026-07-03_18-36-46_hk_1783084006.fit,29,2026-07-03T13:07:15.000Z,28.000,60.64,,,79,2.356,37.43,29.470392,77.718978
2026-07-03,Running,Late afternoon Run,A better day and a better performance.  Felt happy after finishing it.,2026-07-03_18-36-46_hk_1783084006.fit,30,2026-07-03T13:07:16.000Z,29.000,62.53,,,76,2.334,37.43,29.470392,77.718978
2026-07-03,Running,Late afternoon Run,A better day and a better performance.  Felt happy after finishing it.,2026-07-03_18-36-46_hk_1783084006.fit,31,2026-07-03T13:07:17.000Z,30.000,64.31,,,76,2.305,37.43,29.47041,77.718978
2026-07-03,Running,Late afternoon Run,A better day and a better performance.  Felt happy after finishing it.,2026-07-03_18-36-46_hk_1783084006.fit,32,2026-07-03T13:07:18.000Z,31.000,66.24,,,76,2.284,37.43,29.470428,77.718996
2026-07-03,Running,Late afternoon Run,A better day and a better performance.  Felt happy after finishing it.,2026-07-03_18-36-46_hk_1783084006.fit,33,2026-07-03T13:07:19.000Z,32.000,68.36,,,76,2.277,37.43,29.470446,77.718996
2026-07-03,Running,Late afternoon Run,A better day and a better performance.  Felt happy after finishing it.,2026-07-03_18-36-46_hk_1783084006.fit,34,2026-07-03T13:07:20.000Z,33.000,70.63,,,76,2.27,37.43,29.470464,77.718996
2026-07-03,Running,Late afternoon Run,A better day and a better performance.  Felt happy after finishing it.,2026-07-03_18-36-46_hk_1783084006.fit,35,2026-07-03T13:07:21.000Z,34.000,72.96,,,76,2.264,37.43,29.470482,77.718996
2026-07-03,Running,Late afternoon Run,A better day and a better performance.  Felt happy after finishing it.,2026-07-03_18-36-46_hk_1783084006.fit,36,2026-07-03T13:07:22.000Z,35.000,75.31,,,76,2.258,37.43,29.470518,77.719014
2026-07-03,Running,Late afternoon Run,A better day and a better performance.  Felt happy after finishing it.,2026-07-03_18-36-46_hk_1783084006.fit,37,2026-07-03T13:07:23.000Z,36.000,77.68,,,76,2.254,37.43,29.470536,77.719014
2026-07-03,Running,Late afternoon Run,A better day and a better performance.  Felt happy after finishing it.,2026-07-03_18-36-46_hk_1783084006.fit,38,2026-07-03T13:07:24.000Z,37.000,80.06,,,76,2.253,37.43,29.470554,77.719014
2026-07-03,Running,Late afternoon Run,A better day and a better performance.  Felt happy after finishing it.,2026-07-03_18-36-46_hk_1783084006.fit,39,2026-07-03T13:07:25.000Z,38.000,82.49,,,78,2.254,37.43,29.470572,77.719032
2026-07-03,Running,Late afternoon Run,A better day and a better performance.  Felt happy after finishing it.,2026-07-03_18-36-46_hk_1783084006.fit,40,2026-07-03T13:07:26.000Z,39.000,85.01,,,78,2.258,37.43,29.47059,77.719032
2026-07-03,Running,Late afternoon Run,A better day and a better performance.  Felt happy after finishing it.,2026-07-03_18-36-46_hk_1783084006.fit,41,2026-07-03T13:07:27.000Z,40.000,87.53,,,78,2.25,37.43,29.470626,77.719032
2026-07-03,Running,Late afternoon Run,A better day and a better performance.  Felt happy after finishing it.,2026-07-03_18-36-46_hk_1783084006.fit,42,2026-07-03T13:07:28.000Z,41.000,89.98,,,77,2.237,37.43,29.470644,77.71905
2026-07-03,Running,Late afternoon Run,A better day and a better performance.  Felt happy after finishing it.,2026-07-03_18-36-46_hk_1783084006.fit,43,2026-07-03T13:07:29.000Z,42.000,92.4,,,77,2.236,37.43,29.470662,77.71905
2026-07-03,Running,Late afternoon Run,A better day and a better performance.  Felt happy after finishing it.,2026-07-03_18-36-46_hk_1783084006.fit,44,2026-07-03T13:07:30.000Z,43.000,94.83,,,77,2.238,37.43,29.47068,77.71905
2026-07-03,Running,Late afternoon Run,A better day and a better performance.  Felt happy after finishing it.,2026-07-03_18-36-46_hk_1783084006.fit,45,2026-07-03T13:07:31.000Z,44.000,97.27,,,79,2.246,37.43,29.470698,77.71905
2026-07-03,Running,Late afternoon Run,A better day and a better performance.  Felt happy after finishing it.,2026-07-03_18-36-46_hk_1783084006.fit,46,2026-07-03T13:07:32.000Z,45.000,99.72,,,79,2.258,37.43,29.470734,77.71905
2026-07-03,Running,Late afternoon Run,A better day and a better performance.  Felt happy after finishing it.,2026-07-03_18-36-46_hk_1783084006.fit,47,2026-07-03T13:07:33.000Z,46.000,102.24,,,79,2.285,37.43,29.470752,77.719032
2026-07-03,Running,Late afternoon Run,A better day and a better performance.  Felt happy after finishing it.,2026-07-03_18-36-46_hk_1783084006.fit,48,2026-07-03T13:07:34.000Z,47.000,104.79,,,76,2.306,37.43,29.47077,77.719032
2026-07-03,Running,Late afternoon Run,A better day and a better performance.  Felt happy after finishing it.,2026-07-03_18-36-46_hk_1783084006.fit,49,2026-07-03T13:07:35.000Z,48.000,107.25,,,76,2.322,37.43,29.470788,77.719032
2026-07-03,Running,Late afternoon Run,A better day and a better performance.  Felt happy after finishing it.,2026-07-03_18-36-46_hk_1783084006.fit,50,2026-07-03T13:07:36.000Z,49.000,109.58,,,76,2.327,37.43,29.470806,77.719014
2026-07-03,Running,Late afternoon Run,A better day and a better performance.  Felt happy after finishing it.,2026-07-03_18-36-46_hk_1783084006.fit,51,2026-07-03T13:07:37.000Z,50.000,111.88,,,76,2.329,37.43,29.470824,77.719014
2026-07-03,Running,Late afternoon Run,A better day and a better performance.  Felt happy after finishing it.,2026-07-03_18-36-46_hk_1783084006.fit,52,2026-07-03T13:07:38.000Z,51.000,114.19,,,76,2.348,37.43,29.47086,77.718996
2026-07-03,Running,Late afternoon Run,A better day and a better performance.  Felt happy after finishing it.,2026-07-03_18-36-46_hk_1783084006.fit,53,2026-07-03T13:07:39.000Z,52.000,116.43,,,76,2.39,37.43,29.470878,77.718996
2026-07-03,Running,Late afternoon Run,A better day and a better performance.  Felt happy after finishing it.,2026-07-03_18-36-46_hk_1783084006.fit,54,2026-07-03T13:07:40.000Z,53.000,118.59,,,76,2.392,37.43,29.470896,77.718978
2026-07-03,Running,Late afternoon Run,A better day and a better performance.  Felt happy after finishing it.,2026-07-03_18-36-46_hk_1783084006.fit,55,2026-07-03T13:07:41.000Z,54.000,120.71,,,76,2.384,37.43,29.470896,77.718978
2026-07-03,Running,Late afternoon Run,A better day and a better performance.  Felt happy after finishing it.,2026-07-03_18-36-46_hk_1783084006.fit,56,2026-07-03T13:07:42.000Z,55.000,122.85,,,76,2.373,37.43,29.470914,77.71896
2026-07-03,Running,Late afternoon Run,A better day and a better performance.  Felt happy after finishing it.,2026-07-03_18-36-46_hk_1783084006.fit,57,2026-07-03T13:07:43.000Z,56.000,125.03,,,76,2.367,37.43,29.470932,77.718942
2026-07-03,Running,Late afternoon Run,A better day and a better performance.  Felt happy after finishing it.,2026-07-03_18-36-46_hk_1783084006.fit,58,2026-07-03T13:07:44.000Z,57.000,127.3,,,76,2.363,37.43,29.47095,77.718942
2026-07-03,Running,Late afternoon Run,A better day and a better performance.  Felt happy after finishing it.,2026-07-03_18-36-46_hk_1783084006.fit,59,2026-07-03T13:07:45.000Z,58.000,129.65,,,76,2.362,37.43,29.470968,77.718924
2026-07-03,Running,Late afternoon Run,A better day and a better performance.  Felt happy after finishing it.,2026-07-03_18-36-46_hk_1783084006.fit,60,2026-07-03T13:07:46.000Z,59.000,132.01,,,76,2.362,37.43,29.470986,77.718906
2026-07-03,Running,Late afternoon Run,A better day and a better performance.  Felt happy after finishing it.,2026-07-03_18-36-46_hk_1783084006.fit,61,2026-07-03T13:07:47.000Z,60.000,134.36,,,76,2.358,37.43,29.471004,77.718888
2026-07-03,Running,Late afternoon Run,A better day and a better performance.  Felt happy after finishing it.,2026-07-03_18-36-46_hk_1783084006.fit,62,2026-07-03T13:07:48.000Z,61.000,136.68,,,76,2.348,37.43,29.471022,77.71887
2026-07-03,Running,Late afternoon Run,A better day and a better performance.  Felt happy after finishing it.,2026-07-03_18-36-46_hk_1783084006.fit,63,2026-07-03T13:07:49.000Z,62.000,138.98,,,76,2.338,37.43,29.471022,77.718852
2026-07-03,Running,Late afternoon Run,A better day and a better performance.  Felt happy after finishing it.,2026-07-03_18-36-46_hk_1783084006.fit,64,2026-07-03T13:07:50.000Z,63.000,141.24,,,76,2.33,37.43,29.47104,77.718834
2026-07-03,Running,Late afternoon Run,A better day and a better performance.  Felt happy after finishing it.,2026-07-03_18-36-46_hk_1783084006.fit,65,2026-07-03T13:07:51.000Z,64.000,143.47,,,76,2.321,37.43,29.471058,77.718816
2026-07-03,Running,Late afternoon Run,A better day and a better performance.  Felt happy after finishing it.,2026-07-03_18-36-46_hk_1783084006.fit,66,2026-07-03T13:07:52.000Z,65.000,145.73,,,76,2.314,37.43,29.471058,77.718798
2026-07-03,Running,Late afternoon Run,A better day and a better performance.  Felt happy after finishing it.,2026-07-03_18-36-46_hk_1783084006.fit,67,2026-07-03T13:07:53.000Z,66.000,148.04,,,76,2.308,37.43,29.471058,77.718762
2026-07-03,Running,Late afternoon Run,A better day and a better performance.  Felt happy after finishing it.,2026-07-03_18-36-46_hk_1783084006.fit,68,2026-07-03T13:07:54.000Z,67.000,150.38,,,76,2.303,37.43,29.471076,77.718744
2026-07-03,Running,Late afternoon Run,A better day and a better performance.  Felt happy after finishing it.,2026-07-03_18-36-46_hk_1783084006.fit,69,2026-07-03T13:07:55.000Z,68.000,152.76,,,76,2.296,37.43,29.471076,77.718726
2026-07-03,Running,Late afternoon Run,A better day and a better performance.  Felt happy after finishing it.,2026-07-03_18-36-46_hk_1783084006.fit,70,2026-07-03T13:07:56.000Z,69.000,155.2,,,76,2.291,37.43,29.471094,77.71869
2026-07-03,Running,Late afternoon Run,A better day and a better performance.  Felt happy after finishing it.,2026-07-03_18-36-46_hk_1783084006.fit,71,2026-07-03T13:07:57.000Z,70.000,157.63,,,76,2.29,37.43,29.471094,77.718672
2026-07-03,Running,Late afternoon Run,A better day and a better performance.  Felt happy after finishing it.,2026-07-03_18-36-46_hk_1783084006.fit,72,2026-07-03T13:07:58.000Z,71.000,160.03,,,76,2.293,37.43,29.471094,77.718654
2026-07-03,Running,Late afternoon Run,A better day and a better performance.  Felt happy after finishing it.,2026-07-03_18-36-46_hk_1783084006.fit,73,2026-07-03T13:07:59.000Z,72.000,162.45,,,76,2.299,37.43,29.471094,77.718618
2026-07-03,Running,Late afternoon Run,A better day and a better performance.  Felt happy after finishing it.,2026-07-03_18-36-46_hk_1783084006.fit,74,2026-07-03T13:08:00.000Z,73.000,164.88,,,76,2.304,37.43,29.471094,77.7186
2026-07-03,Running,Late afternoon Run,A better day and a better performance.  Felt happy after finishing it.,2026-07-03_18-36-46_hk_1783084006.fit,75,2026-07-03T13:08:01.000Z,74.000,167.24,,,76,2.31,37.43,29.471094,77.718582
2026-07-03,Running,Late afternoon Run,A better day and a better performance.  Felt happy after finishing it.,2026-07-03_18-36-46_hk_1783084006.fit,76,2026-07-03T13:08:02.000Z,75.000,169.57,,,76,2.317,37.43,29.471094,77.718546
2026-07-03,Running,Late afternoon Run,A better day and a better performance.  Felt happy after finishing it.,2026-07-03_18-36-46_hk_1783084006.fit,77,2026-07-03T13:08:03.000Z,76.000,171.9,,,76,2.327,37.43,29.471094,77.718528
2026-07-03,Running,Late afternoon Run,A better day and a better performance.  Felt happy after finishing it.,2026-07-03_18-36-46_hk_1783084006.fit,78,2026-07-03T13:08:04.000Z,77.000,174.21,,,79,2.334,37.43,29.471094,77.71851
2026-07-03,Running,Late afternoon Run,A better day and a better performance.  Felt happy after finishing it.,2026-07-03_18-36-46_hk_1783084006.fit,79,2026-07-03T13:08:05.000Z,78.000,176.49,,,79,2.339,37.43,29.471094,77.718474
2026-07-03,Running,Late afternoon Run,A better day and a better performance.  Felt happy after finishing it.,2026-07-03_18-36-46_hk_1783084006.fit,80,2026-07-03T13:08:06.000Z,79.000,178.76,,,79,2.339,37.43,29.471094,77.718456
2026-07-03,Running,Late afternoon Run,A better day and a better performance.  Felt happy after finishing it.,2026-07-03_18-36-46_hk_1783084006.fit,81,2026-07-03T13:08:07.000Z,80.000,181.03,,,76,2.335,37.43,29.471094,77.718438
2026-07-03,Running,Late afternoon Run,A better day and a better performance.  Felt happy after finishing it.,2026-07-03_18-36-46_hk_1783084006.fit,82,2026-07-03T13:08:08.000Z,81.000,183.28,,,76,2.33,37.43,29.471076,77.71842
2026-07-03,Running,Late afternoon Run,A better day and a better performance.  Felt happy after finishing it.,2026-07-03_18-36-46_hk_1783084006.fit,83,2026-07-03T13:08:09.000Z,82.000,185.55,,,76,2.327,37.43,29.471076,77.718384
2026-07-03,Running,Late afternoon Run,A better day and a better performance.  Felt happy after finishing it.,2026-07-03_18-36-46_hk_1783084006.fit,84,2026-07-03T13:08:10.000Z,83.000,187.81,,,76,2.324,37.43,29.471058,77.718366
2026-07-03,Running,Late afternoon Run,A better day and a better performance.  Felt happy after finishing it.,2026-07-03_18-36-46_hk_1783084006.fit,85,2026-07-03T13:08:11.000Z,84.000,189.96,,,76,2.317,37.43,29.47104,77.718348
2026-07-03,Running,Late afternoon Run,A better day and a better performance.  Felt happy after finishing it.,2026-07-03_18-36-46_hk_1783084006.fit,86,2026-07-03T13:08:12.000Z,85.000,191.99,,,76,2.307,37.43,29.47104,77.71833
2026-07-03,Running,Late afternoon Run,A better day and a better performance.  Felt happy after finishing it.,2026-07-03_18-36-46_hk_1783084006.fit,87,2026-07-03T13:08:13.000Z,86.000,193.99,,,76,2.297,37.43,29.471022,77.718312
2026-07-03,Running,Late afternoon Run,A better day and a better performance.  Felt happy after finishing it.,2026-07-03_18-36-46_hk_1783084006.fit,88,2026-07-03T13:08:14.000Z,87.000,196.05,,,76,2.287,37.43,29.471022,77.718294
2026-07-03,Running,Late afternoon Run,A better day and a better performance.  Felt happy after finishing it.,2026-07-03_18-36-46_hk_1783084006.fit,89,2026-07-03T13:08:15.000Z,88.000,198.24,,,76,2.282,37.43,29.471004,77.718276
2026-07-03,Running,Late afternoon Run,A better day and a better performance.  Felt happy after finishing it.,2026-07-03_18-36-46_hk_1783084006.fit,90,2026-07-03T13:08:16.000Z,89.000,200.57,,,76,2.281,37.43,29.470986,77.718258
2026-07-03,Running,Late afternoon Run,A better day and a better performance.  Felt happy after finishing it.,2026-07-03_18-36-46_hk_1783084006.fit,91,2026-07-03T13:08:17.000Z,90.000,203,,,76,2.283,37.43,29.470986,77.71824
2026-07-03,Running,Late afternoon Run,A better day and a better performance.  Felt happy after finishing it.,2026-07-03_18-36-46_hk_1783084006.fit,92,2026-07-03T13:08:18.000Z,91.000,205.38,,,76,2.281,37.43,29.470968,77.718222
2026-07-03,Running,Late afternoon Run,A better day and a better performance.  Felt happy after finishing it.,2026-07-03_18-36-46_hk_1783084006.fit,93,2026-07-03T13:08:19.000Z,92.000,207.67,,,76,2.275,37.43,29.47095,77.718204
2026-07-03,Running,Late afternoon Run,A better day and a better performance.  Felt happy after finishing it.,2026-07-03_18-36-46_hk_1783084006.fit,94,2026-07-03T13:08:20.000Z,93.000,209.91,,,76,2.273,37.43,29.470932,77.718204
2026-07-03,Running,Late afternoon Run,A better day and a better performance.  Felt happy after finishing it.,2026-07-03_18-36-46_hk_1783084006.fit,95,2026-07-03T13:08:21.000Z,94.000,212.12,,,76,2.265,37.43,29.470914,77.718186
2026-07-03,Running,Late afternoon Run,A better day and a better performance.  Felt happy after finishing it.,2026-07-03_18-36-46_hk_1783084006.fit,96,2026-07-03T13:08:22.000Z,95.000,214.35,,,76,2.256,37.43,29.470896,77.718168
2026-07-03,Running,Late afternoon Run,A better day and a better performance.  Felt happy after finishing it.,2026-07-03_18-36-46_hk_1783084006.fit,97,2026-07-03T13:08:23.000Z,96.000,216.57,,,76,2.248,37.43,29.470878,77.71815
2026-07-03,Running,Late afternoon Run,A better day and a better performance.  Felt happy after finishing it.,2026-07-03_18-36-46_hk_1783084006.fit,98,2026-07-03T13:08:24.000Z,97.000,218.82,,,76,2.242,37.43,29.47086,77.71815
2026-07-03,Running,Late afternoon Run,A better day and a better performance.  Felt happy after finishing it.,2026-07-03_18-36-46_hk_1783084006.fit,99,2026-07-03T13:08:25.000Z,98.000,221.12,,,74,2.241,37.43,29.470842,77.718132
2026-07-03,Running,Late afternoon Run,A better day and a better performance.  Felt happy after finishing it.,2026-07-03_18-36-46_hk_1783084006.fit,100,2026-07-03T13:08:26.000Z,99.000,223.51,,,74,2.244,37.43,29.470824,77.718114
2026-07-03,Running,Late afternoon Run,A better day and a better performance.  Felt happy after finishing it.,2026-07-03_18-36-46_hk_1783084006.fit,101,2026-07-03T13:08:27.000Z,100.000,225.99,,,74,2.251,37.43,29.470806,77.718114
2026-07-03,Running,Late afternoon Run,A better day and a better performance.  Felt happy after finishing it.,2026-07-03_18-36-46_hk_1783084006.fit,102,2026-07-03T13:08:28.000Z,101.000,228.55,,,76,2.263,37.43,29.470788,77.718096
2026-07-03,Running,Late afternoon Run,A better day and a better performance.  Felt happy after finishing it.,2026-07-03_18-36-46_hk_1783084006.fit,103,2026-07-03T13:08:29.000Z,102.000,231.07,,,76,2.275,37.43,29.47077,77.718096
2026-07-03,Running,Late afternoon Run,A better day and a better performance.  Felt happy after finishing it.,2026-07-03_18-36-46_hk_1783084006.fit,104,2026-07-03T13:08:30.000Z,103.000,233.5,,,76,2.283,37.43,29.470752,77.718096
2026-07-03,Running,Late afternoon Run,A better day and a better performance.  Felt happy after finishing it.,2026-07-03_18-36-46_hk_1783084006.fit,105,2026-07-03T13:08:31.000Z,104.000,235.81,,,76,2.285,37.43,29.470734,77.718078
2026-07-03,Running,Late afternoon Run,A better day and a better performance.  Felt happy after finishing it.,2026-07-03_18-36-46_hk_1783084006.fit,106,2026-07-03T13:08:32.000Z,105.000,238.08,,,76,2.285,37.43,29.470698,77.718078
2026-07-03,Running,Late afternoon Run,A better day and a better performance.  Felt happy after finishing it.,2026-07-03_18-36-46_hk_1783084006.fit,107,2026-07-03T13:08:33.000Z,106.000,240.35,,,76,2.291,37.43,29.47068,77.718078
2026-07-03,Running,Late afternoon Run,A better day and a better performance.  Felt happy after finishing it.,2026-07-03_18-36-46_hk_1783084006.fit,108,2026-07-03T13:08:34.000Z,107.000,242.64,,,78,2.302,37.43,29.470662,77.718078
2026-07-03,Running,Late afternoon Run,A better day and a better performance.  Felt happy after finishing it.,2026-07-03_18-36-46_hk_1783084006.fit,109,2026-07-03T13:08:35.000Z,108.000,244.99,,,78,2.318,37.43,29.470644,77.718078
2026-07-03,Running,Late afternoon Run,A better day and a better performance.  Felt happy after finishing it.,2026-07-03_18-36-46_hk_1783084006.fit,110,2026-07-03T13:08:36.000Z,109.000,247.38,,,78,2.333,37.42,29.470626,77.718078
2026-07-03,Running,Late afternoon Run,A better day and a better performance.  Felt happy after finishing it.,2026-07-03_18-36-46_hk_1783084006.fit,111,2026-07-03T13:08:37.000Z,110.000,249.8,,,77,2.344,37.42,29.470608,77.718078
2026-07-03,Running,Late afternoon Run,A better day and a better performance.  Felt happy after finishing it.,2026-07-03_18-36-46_hk_1783084006.fit,112,2026-07-03T13:08:38.000Z,111.000,252.24,,,77,2.348,37.43,29.470572,77.718078
2026-07-03,Running,Late afternoon Run,A better day and a better performance.  Felt happy after finishing it.,2026-07-03_18-36-46_hk_1783084006.fit,113,2026-07-03T13:08:39.000Z,112.000,254.66,,,77,2.348,37.43,29.470554,77.718078
2026-07-03,Running,Late afternoon Run,A better day and a better performance.  Felt happy after finishing it.,2026-07-03_18-36-46_hk_1783084006.fit,114,2026-07-03T13:08:40.000Z,113.000,257,,,76,2.346,37.43,29.470536,77.718078
2026-07-03,Running,Late afternoon Run,A better day and a better performance.  Felt happy after finishing it.,2026-07-03_18-36-46_hk_1783084006.fit,115,2026-07-03T13:08:41.000Z,114.000,259.24,,,76,2.344,37.43,29.470518,77.718078
2026-07-03,Running,Late afternoon Run,A better day and a better performance.  Felt happy after finishing it.,2026-07-03_18-36-46_hk_1783084006.fit,116,2026-07-03T13:08:42.000Z,115.000,261.4,,,76,2.34,37.43,29.4705,77.718078
2026-07-03,Running,Late afternoon Run,A better day and a better performance.  Felt happy after finishing it.,2026-07-03_18-36-46_hk_1783084006.fit,117,2026-07-03T13:08:43.000Z,116.000,263.54,,,76,2.337,37.43,29.470482,77.71806
2026-07-03,Running,Late afternoon Run,A better day and a better performance.  Felt happy after finishing it.,2026-07-03_18-36-46_hk_1783084006.fit,118,2026-07-03T13:08:44.000Z,117.000,265.72,,,76,2.335,37.43,29.470464,77.71806
2026-07-03,Running,Late afternoon Run,A better day and a better performance.  Felt happy after finishing it.,2026-07-03_18-36-46_hk_1783084006.fit,119,2026-07-03T13:08:45.000Z,118.000,267.99,,,76,2.337,37.43,29.470428,77.71806
2026-07-03,Running,Late afternoon Run,A better day and a better performance.  Felt happy after finishing it.,2026-07-03_18-36-46_hk_1783084006.fit,120,2026-07-03T13:08:46.000Z,119.000,270.32,,,76,2.341,37.43,29.47041,77.71806
2026-07-03,Running,Late afternoon Run,A better day and a better performance.  Felt happy after finishing it.,2026-07-03_18-36-46_hk_1783084006.fit,121,2026-07-03T13:08:47.000Z,120.000,272.66,,,76,2.343,37.43,29.470392,77.71806
2026-07-03,Running,Late afternoon Run,A better day and a better performance.  Felt happy after finishing it.,2026-07-03_18-36-46_hk_1783084006.fit,122,2026-07-03T13:08:48.000Z,121.000,274.99,,,76,2.34,37.43,29.470374,77.71806
2026-07-03,Running,Late afternoon Run,A better day and a better performance.  Felt happy after finishing it.,2026-07-03_18-36-46_hk_1783084006.fit,123,2026-07-03T13:08:49.000Z,122.000,277.24,,,76,2.329,37.43,29.470356,77.718042
2026-07-03,Running,Late afternoon Run,A better day and a better performance.  Felt happy after finishing it.,2026-07-03_18-36-46_hk_1783084006.fit,124,2026-07-03T13:08:50.000Z,123.000,279.43,,,76,2.312,37.43,29.470338,77.718042
2026-07-03,Running,Late afternoon Run,A better day and a better performance.  Felt happy after finishing it.,2026-07-03_18-36-46_hk_1783084006.fit,125,2026-07-03T13:08:51.000Z,124.000,281.62,,,76,2.298,37.43,29.47032,77.718042
2026-07-03,Running,Late afternoon Run,A better day and a better performance.  Felt happy after finishing it.,2026-07-03_18-36-46_hk_1783084006.fit,126,2026-07-03T13:08:52.000Z,125.000,283.82,,,76,2.287,37.43,29.470302,77.718042
2026-07-03,Running,Late afternoon Run,A better day and a better performance.  Felt happy after finishing it.,2026-07-03_18-36-46_hk_1783084006.fit,127,2026-07-03T13:08:53.000Z,126.000,286.04,,,76,2.283,37.43,29.470284,77.718042
2026-07-03,Running,Late afternoon Run,A better day and a better performance.  Felt happy after finishing it.,2026-07-03_18-36-46_hk_1783084006.fit,128,2026-07-03T13:08:54.000Z,127.000,288.33,,,76,2.284,37.43,29.470248,77.718024
2026-07-03,Running,Late afternoon Run,A better day and a better performance.  Felt happy after finishing it.,2026-07-03_18-36-46_hk_1783084006.fit,129,2026-07-03T13:08:55.000Z,128.000,290.65,,,76,2.286,37.43,29.47023,77.718024
2026-07-03,Running,Late afternoon Run,A better day and a better performance.  Felt happy after finishing it.,2026-07-03_18-36-46_hk_1783084006.fit,130,2026-07-03T13:08:56.000Z,129.000,293,,,76,2.289,37.43,29.470212,77.718024
2026-07-03,Running,Late afternoon Run,A better day and a better performance.  Felt happy after finishing it.,2026-07-03_18-36-46_hk_1783084006.fit,131,2026-07-03T13:08:57.000Z,130.000,295.39,,,76,2.291,37.43,29.470194,77.718024
2026-07-03,Running,Late afternoon Run,A better day and a better performance.  Felt happy after finishing it.,2026-07-03_18-36-46_hk_1783084006.fit,132,2026-07-03T13:08:58.000Z,131.000,297.83,,,76,2.293,37.43,29.470176,77.718024
2026-07-03,Running,Late afternoon Run,A better day and a better performance.  Felt happy after finishing it.,2026-07-03_18-36-46_hk_1783084006.fit,133,2026-07-03T13:08:59.000Z,132.000,300.29,,,76,2.295,37.43,29.470158,77.718024
2026-07-03,Running,Late afternoon Run,A better day and a better performance.  Felt happy after finishing it.,2026-07-03_18-36-46_hk_1783084006.fit,134,2026-07-03T13:09:00.000Z,133.000,302.71,,,76,2.294,37.43,29.470122,77.718024
2026-07-03,Running,Late afternoon Run,A better day and a better performance.  Felt happy after finishing it.,2026-07-03_18-36-46_hk_1783084006.fit,135,2026-07-03T13:09:01.000Z,134.000,305.07,,,79,2.291,37.43,29.470104,77.718024
2026-07-03,Running,Late afternoon Run,A better day and a better performance.  Felt happy after finishing it.,2026-07-03_18-36-46_hk_1783084006.fit,136,2026-07-03T13:09:02.000Z,135.000,307.38,,,79,2.29,37.43,29.470086,77.718024
2026-07-03,Running,Late afternoon Run,A better day and a better performance.  Felt happy after finishing it.,2026-07-03_18-36-46_hk_1783084006.fit,137,2026-07-03T13:09:03.000Z,136.000,309.71,,,79,2.294,37.43,29.470068,77.718024
2026-07-03,Running,Late afternoon Run,A better day and a better performance.  Felt happy after finishing it.,2026-07-03_18-36-46_hk_1783084006.fit,138,2026-07-03T13:09:04.000Z,137.000,312.07,,,78,2.304,37.43,29.47005,77.718024
2026-07-03,Running,Late afternoon Run,A better day and a better performance.  Felt happy after finishing it.,2026-07-03_18-36-46_hk_1783084006.fit,139,2026-07-03T13:09:05.000Z,138.000,314.42,,,78,2.313,37.43,29.470032,77.718024
2026-07-03,Running,Late afternoon Run,A better day and a better performance.  Felt happy after finishing it.,2026-07-03_18-36-46_hk_1783084006.fit,140,2026-07-03T13:09:06.000Z,139.000,316.76,,,78,2.32,37.43,29.469996,77.718024
2026-07-03,Running,Late afternoon Run,A better day and a better performance.  Felt happy after finishing it.,2026-07-03_18-36-46_hk_1783084006.fit,141,2026-07-03T13:09:07.000Z,140.000,319.15,,,78,2.326,37.43,29.469978,77.718042
2026-07-03,Running,Late afternoon Run,A better day and a better performance.  Felt happy after finishing it.,2026-07-03_18-36-46_hk_1783084006.fit,142,2026-07-03T13:09:08.000Z,141.000,321.54,,,78,2.328,37.43,29.46996,77.718042
2026-07-03,Running,Late afternoon Run,A better day and a better performance.  Felt happy after finishing it.,2026-07-03_18-36-46_hk_1783084006.fit,143,2026-07-03T13:09:09.000Z,142.000,323.9,,,78,2.329,37.43,29.469942,77.718042
2026-07-03,Running,Late afternoon Run,A better day and a better performance.  Felt happy after finishing it.,2026-07-03_18-36-46_hk_1783084006.fit,144,2026-07-03T13:09:10.000Z,143.000,326.25,,,77,2.33,37.43,29.469924,77.718042
2026-07-03,Running,Late afternoon Run,A better day and a better performance.  Felt happy after finishing it.,2026-07-03_18-36-46_hk_1783084006.fit,145,2026-07-03T13:09:11.000Z,144.000,328.64,,,77,2.336,37.43,29.469906,77.71806
2026-07-03,Running,Late afternoon Run,A better day and a better performance.  Felt happy after finishing it.,2026-07-03_18-36-46_hk_1783084006.fit,146,2026-07-03T13:09:12.000Z,145.000,330.99,,,77,2.344,37.43,29.469888,77.718078
2026-07-03,Running,Late afternoon Run,A better day and a better performance.  Felt happy after finishing it.,2026-07-03_18-36-46_hk_1783084006.fit,147,2026-07-03T13:09:13.000Z,146.000,333.3,,,76,2.349,37.43,29.46987,77.718078
2026-07-03,Running,Late afternoon Run,A better day and a better performance.  Felt happy after finishing it.,2026-07-03_18-36-46_hk_1783084006.fit,148,2026-07-03T13:09:14.000Z,147.000,335.62,,,76,2.355,37.43,29.469852,77.718096
2026-07-03,Running,Late afternoon Run,A better day and a better performance.  Felt happy after finishing it.,2026-07-03_18-36-46_hk_1783084006.fit,149,2026-07-03T13:09:15.000Z,148.000,337.88,,,76,2.357,37.43,29.469834,77.718114
2026-07-03,Running,Late afternoon Run,A better day and a better performance.  Felt happy after finishing it.,2026-07-03_18-36-46_hk_1783084006.fit,150,2026-07-03T13:09:16.000Z,149.000,340,,,76,2.349,37.43,29.469816,77.718132
2026-07-03,Running,Late afternoon Run,A better day and a better performance.  Felt happy after finishing it.,2026-07-03_18-36-46_hk_1783084006.fit,151,2026-07-03T13:09:17.000Z,150.000,342.05,,,76,2.336,37.43,29.469798,77.718132
2026-07-03,Running,Late afternoon Run,A better day and a better performance.  Felt happy after finishing it.,2026-07-03_18-36-46_hk_1783084006.fit,152,2026-07-03T13:09:18.000Z,151.000,344.11,,,76,2.323,37.43,29.46978,77.71815
2026-07-03,Running,Late afternoon Run,A better day and a better performance.  Felt happy after finishing it.,2026-07-03_18-36-46_hk_1783084006.fit,153,2026-07-03T13:09:19.000Z,152.000,346.18,,,77,2.308,37.43,29.46978,77.718168
2026-07-03,Running,Late afternoon Run,A better day and a better performance.  Felt happy after finishing it.,2026-07-03_18-36-46_hk_1783084006.fit,154,2026-07-03T13:09:20.000Z,153.000,348.24,,,77,2.291,37.43,29.469762,77.718186
2026-07-03,Running,Late afternoon Run,A better day and a better performance.  Felt happy after finishing it.,2026-07-03_18-36-46_hk_1783084006.fit,155,2026-07-03T13:09:21.000Z,154.000,350.31,,,77,2.274,37.43,29.469762,77.718204
2026-07-03,Running,Late afternoon Run,A better day and a better performance.  Felt happy after finishing it.,2026-07-03_18-36-46_hk_1783084006.fit,156,2026-07-03T13:09:22.000Z,155.000,352.44,,,78,2.267,37.43,29.469744,77.718222
2026-07-03,Running,Late afternoon Run,A better day and a better performance.  Felt happy after finishing it.,2026-07-03_18-36-46_hk_1783084006.fit,157,2026-07-03T13:09:23.000Z,156.000,354.58,,,78,2.255,37.43,29.469744,77.71824
2026-07-03,Running,Late afternoon Run,A better day and a better performance.  Felt happy after finishing it.,2026-07-03_18-36-46_hk_1783084006.fit,158,2026-07-03T13:09:24.000Z,157.000,356.67,,,78,2.243,37.43,29.469726,77.718258
2026-07-03,Running,Late afternoon Run,A better day and a better performance.  Felt happy after finishing it.,2026-07-03_18-36-46_hk_1783084006.fit,159,2026-07-03T13:09:25.000Z,158.000,358.72,,,78,2.232,37.43,29.469726,77.718276
2026-07-03,Running,Late afternoon Run,A better day and a better performance.  Felt happy after finishing it.,2026-07-03_18-36-46_hk_1783084006.fit,160,2026-07-03T13:09:26.000Z,159.000,360.73,,,78,2.218,37.43,29.469726,77.718312
2026-07-03,Running,Late afternoon Run,A better day and a better performance.  Felt happy after finishing it.,2026-07-03_18-36-46_hk_1783084006.fit,161,2026-07-03T13:09:27.000Z,160.000,362.72,,,78,2.202,37.43,29.469708,77.71833
2026-07-03,Running,Late afternoon Run,A better day and a better performance.  Felt happy after finishing it.,2026-07-03_18-36-46_hk_1783084006.fit,162,2026-07-03T13:09:28.000Z,161.000,364.79,,,77,2.19,37.43,29.469708,77.718348
2026-07-03,Running,Late afternoon Run,A better day and a better performance.  Felt happy after finishing it.,2026-07-03_18-36-46_hk_1783084006.fit,163,2026-07-03T13:09:29.000Z,162.000,366.89,,,77,2.18,37.43,29.469708,77.718366
2026-07-03,Running,Late afternoon Run,A better day and a better performance.  Felt happy after finishing it.,2026-07-03_18-36-46_hk_1783084006.fit,164,2026-07-03T13:09:30.000Z,163.000,369.02,,,77,2.177,37.43,29.469708,77.718384
2026-07-03,Running,Late afternoon Run,A better day and a better performance.  Felt happy after finishing it.,2026-07-03_18-36-46_hk_1783084006.fit,165,2026-07-03T13:09:31.000Z,164.000,371.2,,,76,2.169,37.43,29.469708,77.718402
2026-07-03,Running,Late afternoon Run,A better day and a better performance.  Felt happy after finishing it.,2026-07-03_18-36-46_hk_1783084006.fit,166,2026-07-03T13:09:32.000Z,165.000,373.49,,,76,2.164,37.43,29.469708,77.718438
2026-07-03,Running,Late afternoon Run,A better day and a better performance.  Felt happy after finishing it.,2026-07-03_18-36-46_hk_1783084006.fit,167,2026-07-03T13:09:33.000Z,166.000,375.85,,,76,2.165,37.43,29.469708,77.718456
2026-07-03,Running,Late afternoon Run,A better day and a better performance.  Felt happy after finishing it.,2026-07-03_18-36-46_hk_1783084006.fit,168,2026-07-03T13:09:34.000Z,167.000,378.17,,,76,2.163,37.43,29.46969,77.718474
2026-07-03,Running,Late afternoon Run,A better day and a better performance.  Felt happy after finishing it.,2026-07-03_18-36-46_hk_1783084006.fit,169,2026-07-03T13:09:35.000Z,168.000,380.48,,,76,2.16,37.43,29.46969,77.71851
2026-07-03,Running,Late afternoon Run,A better day and a better performance.  Felt happy after finishing it.,2026-07-03_18-36-46_hk_1783084006.fit,170,2026-07-03T13:09:36.000Z,169.000,382.83,,,76,2.16,37.43,29.469708,77.718528
2026-07-03,Running,Late afternoon Run,A better day and a better performance.  Felt happy after finishing it.,2026-07-03_18-36-46_hk_1783084006.fit,171,2026-07-03T13:09:37.000Z,170.000,385.19,,,76,2.162,37.43,29.469708,77.718546
2026-07-03,Running,Late afternoon Run,A better day and a better performance.  Felt happy after finishing it.,2026-07-03_18-36-46_hk_1783084006.fit,172,2026-07-03T13:09:38.000Z,171.000,387.61,,,76,2.166,37.43,29.469708,77.718582
2026-07-03,Running,Late afternoon Run,A better day and a better performance.  Felt happy after finishing it.,2026-07-03_18-36-46_hk_1783084006.fit,173,2026-07-03T13:09:39.000Z,172.000,390.09,,,76,2.178,37.43,29.469708,77.7186
2026-07-03,Running,Late afternoon Run,A better day and a better performance.  Felt happy after finishing it.,2026-07-03_18-36-46_hk_1783084006.fit,174,2026-07-03T13:09:40.000Z,173.000,392.58,,,76,2.197,37.43,29.469726,77.718618
2026-07-03,Running,Late afternoon Run,A better day and a better performance.  Felt happy after finishing it.,2026-07-03_18-36-46_hk_1783084006.fit,175,2026-07-03T13:09:41.000Z,174.000,394.97,,,76,2.211,37.43,29.469744,77.718654
2026-07-03,Running,Late afternoon Run,A better day and a better performance.  Felt happy after finishing it.,2026-07-03_18-36-46_hk_1783084006.fit,176,2026-07-03T13:09:42.000Z,175.000,397.31,,,76,2.223,37.43,29.469744,77.718672
2026-07-03,Running,Late afternoon Run,A better day and a better performance.  Felt happy after finishing it.,2026-07-03_18-36-46_hk_1783084006.fit,177,2026-07-03T13:09:43.000Z,176.000,399.62,,,76,2.234,37.43,29.469762,77.71869
2026-07-03,Running,Late afternoon Run,A better day and a better performance.  Felt happy after finishing it.,2026-07-03_18-36-46_hk_1783084006.fit,178,2026-07-03T13:09:44.000Z,177.000,401.83,,,76,2.24,37.43,29.46978,77.718708
2026-07-03,Running,Late afternoon Run,A better day and a better performance.  Felt happy after finishing it.,2026-07-03_18-36-46_hk_1783084006.fit,179,2026-07-03T13:09:45.000Z,178.000,403.98,,,76,2.241,37.43,29.46978,77.718726
2026-07-03,Running,Late afternoon Run,A better day and a better performance.  Felt happy after finishing it.,2026-07-03_18-36-46_hk_1783084006.fit,180,2026-07-03T13:09:46.000Z,179.000,406.15,,,76,2.242,37.43,29.469798,77.718744
2026-07-03,Running,Late afternoon Run,A better day and a better performance.  Felt happy after finishing it.,2026-07-03_18-36-46_hk_1783084006.fit,181,2026-07-03T13:09:47.000Z,180.000,408.37,,,76,2.248,37.43,29.469798,77.718762
2026-07-03,Running,Late afternoon Run,A better day and a better performance.  Felt happy after finishing it.,2026-07-03_18-36-46_hk_1783084006.fit,182,2026-07-03T13:09:48.000Z,181.000,410.58,,,76,2.255,37.43,29.469816,77.71878
2026-07-03,Running,Late afternoon Run,A better day and a better performance.  Felt happy after finishing it.,2026-07-03_18-36-46_hk_1783084006.fit,183,2026-07-03T13:09:49.000Z,182.000,412.86,,,76,2.279,37.43,29.469834,77.718798
2026-07-03,Running,Late afternoon Run,A better day and a better performance.  Felt happy after finishing it.,2026-07-03_18-36-46_hk_1783084006.fit,184,2026-07-03T13:09:50.000Z,183.000,415.23,,,76,2.293,37.43,29.469852,77.718816
2026-07-03,Running,Late afternoon Run,A better day and a better performance.  Felt happy after finishing it.,2026-07-03_18-36-46_hk_1783084006.fit,185,2026-07-03T13:09:51.000Z,184.000,417.6,,,76,2.305,37.43,29.469852,77.718834
2026-07-03,Running,Late afternoon Run,A better day and a better performance.  Felt happy after finishing it.,2026-07-03_18-36-46_hk_1783084006.fit,186,2026-07-03T13:09:52.000Z,185.000,419.88,,,76,2.312,37.43,29.46987,77.718852
2026-07-03,Running,Late afternoon Run,A better day and a better performance.  Felt happy after finishing it.,2026-07-03_18-36-46_hk_1783084006.fit,187,2026-07-03T13:09:53.000Z,186.000,422.13,,,76,2.315,37.43,29.469888,77.718852
2026-07-03,Running,Late afternoon Run,A better day and a better performance.  Felt happy after finishing it.,2026-07-03_18-36-46_hk_1783084006.fit,188,2026-07-03T13:09:54.000Z,187.000,424.36,,,76,2.312,37.43,29.469906,77.71887
2026-07-03,Running,Late afternoon Run,A better day and a better performance.  Felt happy after finishing it.,2026-07-03_18-36-46_hk_1783084006.fit,189,2026-07-03T13:09:55.000Z,188.000,426.53,,,76,2.303,37.43,29.469924,77.718888
2026-07-03,Running,Late afternoon Run,A better day and a better performance.  Felt happy after finishing it.,2026-07-03_18-36-46_hk_1783084006.fit,190,2026-07-03T13:09:56.000Z,189.000,428.66,,,76,2.295,37.43,29.469942,77.718888
2026-07-03,Running,Late afternoon Run,A better day and a better performance.  Felt happy after finishing it.,2026-07-03_18-36-46_hk_1783084006.fit,191,2026-07-03T13:09:57.000Z,190.000,430.81,,,76,2.288,37.43,29.46996,77.718906
2026-07-03,Running,Late afternoon Run,A better day and a better performance.  Felt happy after finishing it.,2026-07-03_18-36-46_hk_1783084006.fit,192,2026-07-03T13:09:58.000Z,191.000,432.99,,,76,2.28,37.43,29.469978,77.718924
2026-07-03,Running,Late afternoon Run,A better day and a better performance.  Felt happy after finishing it.,2026-07-03_18-36-46_hk_1783084006.fit,193,2026-07-03T13:09:59.000Z,192.000,435.18,,,76,2.277,37.43,29.469996,77.718924
2026-07-03,Running,Late afternoon Run,A better day and a better performance.  Felt happy after finishing it.,2026-07-03_18-36-46_hk_1783084006.fit,194,2026-07-03T13:10:00.000Z,193.000,437.45,,,76,2.272,37.43,29.470014,77.718924
2026-07-03,Running,Late afternoon Run,A better day and a better performance.  Felt happy after finishing it.,2026-07-03_18-36-46_hk_1783084006.fit,195,2026-07-03T13:10:01.000Z,194.000,439.84,,,76,2.271,37.43,29.470032,77.718942
2026-07-03,Running,Late afternoon Run,A better day and a better performance.  Felt happy after finishing it.,2026-07-03_18-36-46_hk_1783084006.fit,196,2026-07-03T13:10:02.000Z,195.000,442.32,,,76,2.271,37.43,29.47005,77.718942
2026-07-03,Running,Late afternoon Run,A better day and a better performance.  Felt happy after finishing it.,2026-07-03_18-36-46_hk_1783084006.fit,197,2026-07-03T13:10:03.000Z,196.000,444.82,,,76,2.271,37.43,29.470086,77.718942
2026-07-03,Running,Late afternoon Run,A better day and a better performance.  Felt happy after finishing it.,2026-07-03_18-36-46_hk_1783084006.fit,198,2026-07-03T13:10:04.000Z,197.000,447.35,,,76,2.274,37.43,29.470104,77.718942
2026-07-03,Running,Late afternoon Run,A better day and a better performance.  Felt happy after finishing it.,2026-07-03_18-36-46_hk_1783084006.fit,199,2026-07-03T13:10:05.000Z,198.000,449.88,,,76,2.285,37.43,29.470122,77.71896
2026-07-03,Running,Late afternoon Run,A better day and a better performance.  Felt happy after finishing it.,2026-07-03_18-36-46_hk_1783084006.fit,200,2026-07-03T13:10:06.000Z,199.000,452.38,,,76,2.298,37.43,29.47014,77.71896
2026-07-03,Running,Late afternoon Run,A better day and a better performance.  Felt happy after finishing it.,2026-07-03_18-36-46_hk_1783084006.fit,201,2026-07-03T13:10:07.000Z,200.000,454.84,,,76,2.312,37.43,29.470176,77.71896
2026-07-03,Running,Late afternoon Run,A better day and a better performance.  Felt happy after finishing it.,2026-07-03_18-36-46_hk_1783084006.fit,202,2026-07-03T13:10:08.000Z,201.000,457.28,,,76,2.324,37.43,29.470194,77.71896
2026-07-03,Running,Late afternoon Run,A better day and a better performance.  Felt happy after finishing it.,2026-07-03_18-36-46_hk_1783084006.fit,203,2026-07-03T13:10:09.000Z,202.000,459.73,,,76,2.335,37.43,29.470212,77.71896
2026-07-03,Running,Late afternoon Run,A better day and a better performance.  Felt happy after finishing it.,2026-07-03_18-36-46_hk_1783084006.fit,204,2026-07-03T13:10:10.000Z,203.000,462.14,,,76,2.343,37.43,29.47023,77.71896
2026-07-03,Running,Late afternoon Run,A better day and a better performance.  Felt happy after finishing it.,2026-07-03_18-36-46_hk_1783084006.fit,205,2026-07-03T13:10:11.000Z,204.000,464.52,,,76,2.348,37.43,29.470248,77.71896
2026-07-03,Running,Late afternoon Run,A better day and a better performance.  Felt happy after finishing it.,2026-07-03_18-36-46_hk_1783084006.fit,206,2026-07-03T13:10:12.000Z,205.000,466.93,,,76,2.35,37.43,29.470284,77.71896
2026-07-03,Running,Late afternoon Run,A better day and a better performance.  Felt happy after finishing it.,2026-07-03_18-36-46_hk_1783084006.fit,207,2026-07-03T13:10:13.000Z,206.000,469.36,,,76,2.353,37.43,29.470302,77.718978
2026-07-03,Running,Late afternoon Run,A better day and a better performance.  Felt happy after finishing it.,2026-07-03_18-36-46_hk_1783084006.fit,208,2026-07-03T13:10:14.000Z,207.000,471.78,,,76,2.359,37.43,29.47032,77.718978
2026-07-03,Running,Late afternoon Run,A better day and a better performance.  Felt happy after finishing it.,2026-07-03_18-36-46_hk_1783084006.fit,209,2026-07-03T13:10:15.000Z,208.000,474.17,,,76,2.365,37.43,29.470338,77.718978
2026-07-03,Running,Late afternoon Run,A better day and a better performance.  Felt happy after finishing it.,2026-07-03_18-36-46_hk_1783084006.fit,210,2026-07-03T13:10:16.000Z,209.000,476.54,,,76,2.381,37.43,29.470356,77.718978
2026-07-03,Running,Late afternoon Run,A better day and a better performance.  Felt happy after finishing it.,2026-07-03_18-36-46_hk_1783084006.fit,211,2026-07-03T13:10:17.000Z,210.000,478.89,,,76,2.392,37.43,29.470374,77.718978
2026-07-03,Running,Late afternoon Run,A better day and a better performance.  Felt happy after finishing it.,2026-07-03_18-36-46_hk_1783084006.fit,212,2026-07-03T13:10:18.000Z,211.000,481.25,,,76,2.402,37.43,29.47041,77.718978
2026-07-03,Running,Late afternoon Run,A better day and a better performance.  Felt happy after finishing it.,2026-07-03_18-36-46_hk_1783084006.fit,213,2026-07-03T13:10:19.000Z,212.000,483.61,,,79,2.41,37.43,29.470428,77.718996
2026-07-03,Running,Late afternoon Run,A better day and a better performance.  Felt happy after finishing it.,2026-07-03_18-36-46_hk_1783084006.fit,214,2026-07-03T13:10:20.000Z,213.000,485.91,,,79,2.416,37.43,29.470446,77.718996
2026-07-03,Running,Late afternoon Run,A better day and a better performance.  Felt happy after finishing it.,2026-07-03_18-36-46_hk_1783084006.fit,215,2026-07-03T13:10:21.000Z,214.000,488.2,,,79,2.417,37.43,29.470464,77.718996
2026-07-03,Running,Late afternoon Run,A better day and a better performance.  Felt happy after finishing it.,2026-07-03_18-36-46_hk_1783084006.fit,216,2026-07-03T13:10:22.000Z,215.000,490.5,,,76,2.413,37.43,29.470482,77.718996
2026-07-03,Running,Late afternoon Run,A better day and a better performance.  Felt happy after finishing it.,2026-07-03_18-36-46_hk_1783084006.fit,217,2026-07-03T13:10:23.000Z,216.000,492.81,,,76,2.404,37.43,29.4705,77.718996
2026-07-03,Running,Late afternoon Run,A better day and a better performance.  Felt happy after finishing it.,2026-07-03_18-36-46_hk_1783084006.fit,218,2026-07-03T13:10:24.000Z,217.000,495.16,,,76,2.397,37.43,29.470518,77.719014
2026-07-03,Running,Late afternoon Run,A better day and a better performance.  Felt happy after finishing it.,2026-07-03_18-36-46_hk_1783084006.fit,219,2026-07-03T13:10:25.000Z,218.000,497.56,,,79,2.391,37.42,29.470554,77.719014
2026-07-03,Running,Late afternoon Run,A better day and a better performance.  Felt happy after finishing it.,2026-07-03_18-36-46_hk_1783084006.fit,220,2026-07-03T13:10:26.000Z,219.000,500.03,,,79,2.388,37.42,29.470572,77.719014
2026-07-03,Running,Late afternoon Run,A better day and a better performance.  Felt happy after finishing it.,2026-07-03_18-36-46_hk_1783084006.fit,221,2026-07-03T13:10:27.000Z,220.000,502.55,,,79,2.389,37.42,29.47059,77.719014
2026-07-03,Running,Late afternoon Run,A better day and a better performance.  Felt happy after finishing it.,2026-07-03_18-36-46_hk_1783084006.fit,222,2026-07-03T13:10:28.000Z,221.000,505.12,,,78,2.395,37.42,29.470608,77.719032
2026-07-03,Running,Late afternoon Run,A better day and a better performance.  Felt happy after finishing it.,2026-07-03_18-36-46_hk_1783084006.fit,223,2026-07-03T13:10:29.000Z,222.000,507.68,,,78,2.4,37.42,29.470644,77.719032
2026-07-03,Running,Late afternoon Run,A better day and a better performance.  Felt happy after finishing it.,2026-07-03_18-36-46_hk_1783084006.fit,224,2026-07-03T13:10:30.000Z,223.000,510.12,,,78,2.4,37.42,29.470662,77.719032
2026-07-03,Running,Late afternoon Run,A better day and a better performance.  Felt happy after finishing it.,2026-07-03_18-36-46_hk_1783084006.fit,225,2026-07-03T13:10:31.000Z,224.000,512.49,,,78,2.398,37.42,29.47068,77.719032
2026-07-03,Running,Late afternoon Run,A better day and a better performance.  Felt happy after finishing it.,2026-07-03_18-36-46_hk_1783084006.fit,226,2026-07-03T13:10:32.000Z,225.000,514.85,,,78,2.397,37.42,29.470698,77.719032
2026-07-03,Running,Late afternoon Run,A better day and a better performance.  Felt happy after finishing it.,2026-07-03_18-36-46_hk_1783084006.fit,227,2026-07-03T13:10:33.000Z,226.000,517.21,,,78,2.395,37.42,29.470716,77.719032
2026-07-03,Running,Late afternoon Run,A better day and a better performance.  Felt happy after finishing it.,2026-07-03_18-36-46_hk_1783084006.fit,228,2026-07-03T13:10:34.000Z,227.000,519.53,,,77,2.389,37.42,29.470752,77.719032
2026-07-03,Running,Late afternoon Run,A better day and a better performance.  Felt happy after finishing it.,2026-07-03_18-36-46_hk_1783084006.fit,229,2026-07-03T13:10:35.000Z,228.000,521.83,,,77,2.383,37.42,29.47077,77.719032
2026-07-03,Running,Late afternoon Run,A better day and a better performance.  Felt happy after finishing it.,2026-07-03_18-36-46_hk_1783084006.fit,230,2026-07-03T13:10:36.000Z,229.000,524.14,,,77,2.38,37.42,29.470788,77.719032
2026-07-03,Running,Late afternoon Run,A better day and a better performance.  Felt happy after finishing it.,2026-07-03_18-36-46_hk_1783084006.fit,231,2026-07-03T13:10:37.000Z,230.000,526.42,,,76,2.375,37.42,29.470806,77.719032
2026-07-03,Running,Late afternoon Run,A better day and a better performance.  Felt happy after finishing it.,2026-07-03_18-36-46_hk_1783084006.fit,232,2026-07-03T13:10:38.000Z,231.000,528.61,,,76,2.367,37.42,29.470824,77.719014
2026-07-03,Running,Late afternoon Run,A better day and a better performance.  Felt happy after finishing it.,2026-07-03_18-36-46_hk_1783084006.fit,233,2026-07-03T13:10:39.000Z,232.000,530.76,,,76,2.358,37.42,29.470842,77.719014
2026-07-03,Running,Late afternoon Run,A better day and a better performance.  Felt happy after finishing it.,2026-07-03_18-36-46_hk_1783084006.fit,234,2026-07-03T13:10:40.000Z,233.000,532.96,,,76,2.35,37.42,29.47086,77.718996
2026-07-03,Running,Late afternoon Run,A better day and a better performance.  Felt happy after finishing it.,2026-07-03_18-36-46_hk_1783084006.fit,235,2026-07-03T13:10:41.000Z,234.000,535.19,,,76,2.345,37.43,29.470878,77.718996
2026-07-03,Running,Late afternoon Run,A better day and a better performance.  Felt happy after finishing it.,2026-07-03_18-36-46_hk_1783084006.fit,236,2026-07-03T13:10:42.000Z,235.000,537.39,,,76,2.34,37.43,29.470896,77.718978
2026-07-03,Running,Late afternoon Run,A better day and a better performance.  Felt happy after finishing it.,2026-07-03_18-36-46_hk_1783084006.fit,237,2026-07-03T13:10:43.000Z,236.000,539.62,,,77,2.337,37.43,29.470914,77.71896
2026-07-03,Running,Late afternoon Run,A better day and a better performance.  Felt happy after finishing it.,2026-07-03_18-36-46_hk_1783084006.fit,238,2026-07-03T13:10:44.000Z,237.000,541.91,,,77,2.336,37.43,29.470932,77.71896
2026-07-03,Running,Late afternoon Run,A better day and a better performance.  Felt happy after finishing it.,2026-07-03_18-36-46_hk_1783084006.fit,239,2026-07-03T13:10:45.000Z,238.000,544.27,,,77,2.339,37.43,29.47095,77.718942
2026-07-03,Running,Late afternoon Run,A better day and a better performance.  Felt happy after finishing it.,2026-07-03_18-36-46_hk_1783084006.fit,240,2026-07-03T13:10:46.000Z,239.000,546.69,,,78,2.342,37.43,29.470968,77.718924
2026-07-03,Running,Late afternoon Run,A better day and a better performance.  Felt happy after finishing it.,2026-07-03_18-36-46_hk_1783084006.fit,241,2026-07-03T13:10:47.000Z,240.000,549.06,,,78,2.341,37.43,29.470968,77.718906
2026-07-03,Running,Late afternoon Run,A better day and a better performance.  Felt happy after finishing it.,2026-07-03_18-36-46_hk_1783084006.fit,242,2026-07-03T13:10:48.000Z,241.000,551.32,,,78,2.332,37.43,29.470986,77.718888
2026-07-03,Running,Late afternoon Run,A better day and a better performance.  Felt happy after finishing it.,2026-07-03_18-36-46_hk_1783084006.fit,243,2026-07-03T13:10:49.000Z,242.000,553.49,,,78,2.315,37.43,29.471004,77.71887
2026-07-03,Running,Late afternoon Run,A better day and a better performance.  Felt happy after finishing it.,2026-07-03_18-36-46_hk_1783084006.fit,244,2026-07-03T13:10:50.000Z,243.000,555.61,,,78,2.295,37.43,29.471004,77.718852
2026-07-03,Running,Late afternoon Run,A better day and a better performance.  Felt happy after finishing it.,2026-07-03_18-36-46_hk_1783084006.fit,245,2026-07-03T13:10:51.000Z,244.000,557.8,,,78,2.278,37.43,29.471022,77.718834
2026-07-03,Running,Late afternoon Run,A better day and a better performance.  Felt happy after finishing it.,2026-07-03_18-36-46_hk_1783084006.fit,246,2026-07-03T13:10:52.000Z,245.000,560.14,,,79,2.274,37.43,29.471022,77.718798
2026-07-03,Running,Late afternoon Run,A better day and a better performance.  Felt happy after finishing it.,2026-07-03_18-36-46_hk_1783084006.fit,247,2026-07-03T13:10:53.000Z,246.000,562.57,,,79,2.276,37.43,29.47104,77.71878
2026-07-03,Running,Late afternoon Run,A better day and a better performance.  Felt happy after finishing it.,2026-07-03_18-36-46_hk_1783084006.fit,248,2026-07-03T13:10:54.000Z,247.000,564.96,,,79,2.277,37.43,29.47104,77.718762
2026-07-03,Running,Late afternoon Run,A better day and a better performance.  Felt happy after finishing it.,2026-07-03_18-36-46_hk_1783084006.fit,249,2026-07-03T13:10:55.000Z,248.000,567.29,,,76,2.276,37.43,29.471058,77.718744
2026-07-03,Running,Late afternoon Run,A better day and a better performance.  Felt happy after finishing it.,2026-07-03_18-36-46_hk_1783084006.fit,250,2026-07-03T13:10:56.000Z,249.000,569.62,,,76,2.277,37.43,29.471058,77.718726
2026-07-03,Running,Late afternoon Run,A better day and a better performance.  Felt happy after finishing it.,2026-07-03_18-36-46_hk_1783084006.fit,251,2026-07-03T13:10:57.000Z,250.000,571.89,,,76,2.276,37.43,29.471076,77.71869
2026-07-03,Running,Late afternoon Run,A better day and a better performance.  Felt happy after finishing it.,2026-07-03_18-36-46_hk_1783084006.fit,252,2026-07-03T13:10:58.000Z,251.000,574.08,,,79,2.272,37.43,29.471076,77.718672
2026-07-03,Running,Late afternoon Run,A better day and a better performance.  Felt happy after finishing it.,2026-07-03_18-36-46_hk_1783084006.fit,253,2026-07-03T13:10:59.000Z,252.000,576.25,,,79,2.266,37.43,29.471076,77.718654
2026-07-03,Running,Late afternoon Run,A better day and a better performance.  Felt happy after finishing it.,2026-07-03_18-36-46_hk_1783084006.fit,254,2026-07-03T13:11:00.000Z,253.000,578.47,,,79,2.263,37.43,29.471094,77.718636
2026-07-03,Running,Late afternoon Run,A better day and a better performance.  Felt happy after finishing it.,2026-07-03_18-36-46_hk_1783084006.fit,255,2026-07-03T13:11:01.000Z,254.000,580.73,,,76,2.266,37.43,29.471094,77.7186
2026-07-03,Running,Late afternoon Run,A better day and a better performance.  Felt happy after finishing it.,2026-07-03_18-36-46_hk_1783084006.fit,256,2026-07-03T13:11:02.000Z,255.000,583,,,76,2.274,37.43,29.471094,77.718582
2026-07-03,Running,Late afternoon Run,A better day and a better performance.  Felt happy after finishing it.,2026-07-03_18-36-46_hk_1783084006.fit,257,2026-07-03T13:11:03.000Z,256.000,585.33,,,76,2.279,37.42,29.471094,77.718564
2026-07-03,Running,Late afternoon Run,A better day and a better performance.  Felt happy after finishing it.,2026-07-03_18-36-46_hk_1783084006.fit,258,2026-07-03T13:11:04.000Z,257.000,587.67,,,76,2.285,37.42,29.471094,77.718546
2026-07-03,Running,Late afternoon Run,A better day and a better performance.  Felt happy after finishing it.,2026-07-03_18-36-46_hk_1783084006.fit,259,2026-07-03T13:11:05.000Z,258.000,589.92,,,76,2.286,37.42,29.471094,77.71851
2026-07-03,Running,Late afternoon Run,A better day and a better performance.  Felt happy after finishing it.,2026-07-03_18-36-46_hk_1783084006.fit,260,2026-07-03T13:11:06.000Z,259.000,592.15,,,76,2.284,37.42,29.471094,77.718492
2026-07-03,Running,Late afternoon Run,A better day and a better performance.  Felt happy after finishing it.,2026-07-03_18-36-46_hk_1783084006.fit,261,2026-07-03T13:11:07.000Z,260.000,594.45,,,76,2.281,37.42,29.471094,77.718474
2026-07-03,Running,Late afternoon Run,A better day and a better performance.  Felt happy after finishing it.,2026-07-03_18-36-46_hk_1783084006.fit,262,2026-07-03T13:11:08.000Z,261.000,596.75,,,76,2.276,37.42,29.471076,77.718438
2026-07-03,Running,Late afternoon Run,A better day and a better performance.  Felt happy after finishing it.,2026-07-03_18-36-46_hk_1783084006.fit,263,2026-07-03T13:11:09.000Z,262.000,599.06,,,76,2.273,37.42,29.471076,77.71842
2026-07-03,Running,Late afternoon Run,A better day and a better performance.  Felt happy after finishing it.,2026-07-03_18-36-46_hk_1783084006.fit,264,2026-07-03T13:11:10.000Z,263.000,601.42,,,79,2.277,37.42,29.471076,77.718402
2026-07-03,Running,Late afternoon Run,A better day and a better performance.  Felt happy after finishing it.,2026-07-03_18-36-46_hk_1783084006.fit,265,2026-07-03T13:11:11.000Z,264.000,603.82,,,79,2.288,37.42,29.471058,77.718384
2026-07-03,Running,Late afternoon Run,A better day and a better performance.  Felt happy after finishing it.,2026-07-03_18-36-46_hk_1783084006.fit,266,2026-07-03T13:11:12.000Z,265.000,606.2,,,79,2.3,37.42,29.471058,77.718348
2026-07-03,Running,Late afternoon Run,A better day and a better performance.  Felt happy after finishing it.,2026-07-03_18-36-46_hk_1783084006.fit,267,2026-07-03T13:11:13.000Z,266.000,608.57,,,76,2.307,37.42,29.47104,77.71833
2026-07-03,Running,Late afternoon Run,A better day and a better performance.  Felt happy after finishing it.,2026-07-03_18-36-46_hk_1783084006.fit,268,2026-07-03T13:11:14.000Z,267.000,610.96,,,76,2.31,37.42,29.47104,77.718312
2026-07-03,Running,Late afternoon Run,A better day and a better performance.  Felt happy after finishing it.,2026-07-03_18-36-46_hk_1783084006.fit,269,2026-07-03T13:11:15.000Z,268.000,613.35,,,76,2.308,37.42,29.471022,77.718294
2026-07-03,Running,Late afternoon Run,A better day and a better performance.  Felt happy after finishing it.,2026-07-03_18-36-46_hk_1783084006.fit,270,2026-07-03T13:11:16.000Z,269.000,615.69,,,79,2.306,37.42,29.471004,77.718276
2026-07-03,Running,Late afternoon Run,A better day and a better performance.  Felt happy after finishing it.,2026-07-03_18-36-46_hk_1783084006.fit,271,2026-07-03T13:11:17.000Z,270.000,617.93,,,79,2.302,37.42,29.471004,77.718258
2026-07-03,Running,Late afternoon Run,A better day and a better performance.  Felt happy after finishing it.,2026-07-03_18-36-46_hk_1783084006.fit,272,2026-07-03T13:11:18.000Z,271.000,620.1,,,79,2.295,37.42,29.470986,77.71824
2026-07-03,Running,Late afternoon Run,A better day and a better performance.  Felt happy after finishing it.,2026-07-03_18-36-46_hk_1783084006.fit,273,2026-07-03T13:11:19.000Z,272.000,622.3,,,76,2.291,37.42,29.470968,77.718222
2026-07-03,Running,Late afternoon Run,A better day and a better performance.  Felt happy after finishing it.,2026-07-03_18-36-46_hk_1783084006.fit,274,2026-07-03T13:11:20.000Z,273.000,624.57,,,76,2.295,37.42,29.47095,77.718204
2026-07-03,Running,Late afternoon Run,A better day and a better performance.  Felt happy after finishing it.,2026-07-03_18-36-46_hk_1783084006.fit,275,2026-07-03T13:11:21.000Z,274.000,626.85,,,76,2.3,37.42,29.470932,77.718186
2026-07-03,Running,Late afternoon Run,A better day and a better performance.  Felt happy after finishing it.,2026-07-03_18-36-46_hk_1783084006.fit,276,2026-07-03T13:11:22.000Z,275.000,629.17,,,78,2.305,37.42,29.470914,77.718168
2026-07-03,Running,Late afternoon Run,A better day and a better performance.  Felt happy after finishing it.,2026-07-03_18-36-46_hk_1783084006.fit,277,2026-07-03T13:11:23.000Z,276.000,631.57,,,78,2.311,37.42,29.470896,77.718168
2026-07-03,Running,Late afternoon Run,A better day and a better performance.  Felt happy after finishing it.,2026-07-03_18-36-46_hk_1783084006.fit,278,2026-07-03T13:11:24.000Z,277.000,634.01,,,78,2.319,37.42,29.470878,77.71815
2026-07-03,Running,Late afternoon Run,A better day and a better performance.  Felt happy after finishing it.,2026-07-03_18-36-46_hk_1783084006.fit,279,2026-07-03T13:11:25.000Z,278.000,636.39,,,77,2.321,37.42,29.47086,77.718132
2026-07-03,Running,Late afternoon Run,A better day and a better performance.  Felt happy after finishing it.,2026-07-03_18-36-46_hk_1783084006.fit,280,2026-07-03T13:11:26.000Z,279.000,638.65,,,77,2.317,37.42,29.470842,77.718132
2026-07-03,Running,Late afternoon Run,A better day and a better performance.  Felt happy after finishing it.,2026-07-03_18-36-46_hk_1783084006.fit,281,2026-07-03T13:11:27.000Z,280.000,640.82,,,77,2.314,37.42,29.470824,77.718114
2026-07-03,Running,Late afternoon Run,A better day and a better performance.  Felt happy after finishing it.,2026-07-03_18-36-46_hk_1783084006.fit,282,2026-07-03T13:11:28.000Z,281.000,643.05,,,79,2.314,37.42,29.470806,77.718114
2026-07-03,Running,Late afternoon Run,A better day and a better performance.  Felt happy after finishing it.,2026-07-03_18-36-46_hk_1783084006.fit,283,2026-07-03T13:11:29.000Z,282.000,645.42,,,79,2.317,37.42,29.470788,77.718114
2026-07-03,Running,Late afternoon Run,A better day and a better performance.  Felt happy after finishing it.,2026-07-03_18-36-46_hk_1783084006.fit,284,2026-07-03T13:11:30.000Z,283.000,647.91,,,79,2.325,37.42,29.47077,77.718114
2026-07-03,Running,Late afternoon Run,A better day and a better performance.  Felt happy after finishing it.,2026-07-03_18-36-46_hk_1783084006.fit,285,2026-07-03T13:11:31.000Z,284.000,650.44,,,79,2.335,37.42,29.470752,77.718096
2026-07-03,Running,Late afternoon Run,A better day and a better performance.  Felt happy after finishing it.,2026-07-03_18-36-46_hk_1783084006.fit,286,2026-07-03T13:11:32.000Z,285.000,652.95,,,79,2.342,37.42,29.470716,77.718096
2026-07-03,Running,Late afternoon Run,A better day and a better performance.  Felt happy after finishing it.,2026-07-03_18-36-46_hk_1783084006.fit,287,2026-07-03T13:11:33.000Z,286.000,655.46,,,79,2.347,37.42,29.470698,77.718096
2026-07-03,Running,Late afternoon Run,A better day and a better performance.  Felt happy after finishing it.,2026-07-03_18-36-46_hk_1783084006.fit,288,2026-07-03T13:11:34.000Z,287.000,657.92,,,77,2.351,37.42,29.47068,77.718096
2026-07-03,Running,Late afternoon Run,A better day and a better performance.  Felt happy after finishing it.,2026-07-03_18-36-46_hk_1783084006.fit,289,2026-07-03T13:11:35.000Z,288.000,660.33,,,77,2.353,37.42,29.470662,77.718078
2026-07-03,Running,Late afternoon Run,A better day and a better performance.  Felt happy after finishing it.,2026-07-03_18-36-46_hk_1783084006.fit,290,2026-07-03T13:11:36.000Z,289.000,662.66,,,77,2.35,37.42,29.470644,77.718078
2026-07-03,Running,Late afternoon Run,A better day and a better performance.  Felt happy after finishing it.,2026-07-03_18-36-46_hk_1783084006.fit,291,2026-07-03T13:11:37.000Z,290.000,664.89,,,79,2.342,37.42,29.470626,77.718078
2026-07-03,Running,Late afternoon Run,A better day and a better performance.  Felt happy after finishing it.,2026-07-03_18-36-46_hk_1783084006.fit,292,2026-07-03T13:11:38.000Z,291.000,667.09,,,79,2.336,37.42,29.47059,77.718078
2026-07-03,Running,Late afternoon Run,A better day and a better performance.  Felt happy after finishing it.,2026-07-03_18-36-46_hk_1783084006.fit,293,2026-07-03T13:11:39.000Z,292.000,669.4,,,79,2.339,37.42,29.470572,77.71806
2026-07-03,Running,Late afternoon Run,A better day and a better performance.  Felt happy after finishing it.,2026-07-03_18-36-46_hk_1783084006.fit,294,2026-07-03T13:11:40.000Z,293.000,671.83,,,79,2.351,37.42,29.470554,77.71806
2026-07-03,Running,Late afternoon Run,A better day and a better performance.  Felt happy after finishing it.,2026-07-03_18-36-46_hk_1783084006.fit,295,2026-07-03T13:11:41.000Z,294.000,674.33,,,79,2.365,37.42,29.470536,77.71806
2026-07-03,Running,Late afternoon Run,A better day and a better performance.  Felt happy after finishing it.,2026-07-03_18-36-46_hk_1783084006.fit,296,2026-07-03T13:11:42.000Z,295.000,676.87,,,79,2.382,37.42,29.470518,77.71806
2026-07-03,Running,Late afternoon Run,A better day and a better performance.  Felt happy after finishing it.,2026-07-03_18-36-46_hk_1783084006.fit,297,2026-07-03T13:11:43.000Z,296.000,679.49,,,79,2.396,37.42,29.470482,77.71806
2026-07-03,Running,Late afternoon Run,A better day and a better performance.  Felt happy after finishing it.,2026-07-03_18-36-46_hk_1783084006.fit,298,2026-07-03T13:11:44.000Z,297.000,682.11,,,79,2.407,37.42,29.470464,77.71806
2026-07-03,Running,Late afternoon Run,A better day and a better performance.  Felt happy after finishing it.,2026-07-03_18-36-46_hk_1783084006.fit,299,2026-07-03T13:11:45.000Z,298.000,684.67,,,79,2.412,37.42,29.470446,77.71806
2026-07-03,Running,Late afternoon Run,A better day and a better performance.  Felt happy after finishing it.,2026-07-03_18-36-46_hk_1783084006.fit,300,2026-07-03T13:11:46.000Z,299.000,687.11,,,79,2.415,37.42,29.470428,77.71806
2026-07-03,Running,Late afternoon Run,A better day and a better performance.  Felt happy after finishing it.,2026-07-03_18-36-46_hk_1783084006.fit,301,2026-07-03T13:11:47.000Z,300.000,689.48,,,79,2.42,37.42,29.470392,77.71806
2026-07-03,Running,Late afternoon Run,A better day and a better performance.  Felt happy after finishing it.,2026-07-03_18-36-46_hk_1783084006.fit,302,2026-07-03T13:11:48.000Z,301.000,691.88,,,79,2.432,37.42,29.470374,77.718042
2026-07-03,Running,Late afternoon Run,A better day and a better performance.  Felt happy after finishing it.,2026-07-03_18-36-46_hk_1783084006.fit,303,2026-07-03T13:11:49.000Z,302.000,694.37,,,79,2.444,37.42,29.470356,77.718042
2026-07-03,Running,Late afternoon Run,A better day and a better performance.  Felt happy after finishing it.,2026-07-03_18-36-46_hk_1783084006.fit,304,2026-07-03T13:11:50.000Z,303.000,696.89,,,79,2.451,37.42,29.470338,77.718042
2026-07-03,Running,Late afternoon Run,A better day and a better performance.  Felt happy after finishing it.,2026-07-03_18-36-46_hk_1783084006.fit,305,2026-07-03T13:11:51.000Z,304.000,699.42,,,79,2.453,37.42,29.470302,77.718042
2026-07-03,Running,Late afternoon Run,A better day and a better performance.  Felt happy after finishing it.,2026-07-03_18-36-46_hk_1783084006.fit,306,2026-07-03T13:11:52.000Z,305.000,701.99,,,77,2.455,37.42,29.470284,77.718042
2026-07-03,Running,Late afternoon Run,A better day and a better performance.  Felt happy after finishing it.,2026-07-03_18-36-46_hk_1783084006.fit,307,2026-07-03T13:11:53.000Z,306.000,704.56,,,77,2.457,37.42,29.470266,77.718042
2026-07-03,Running,Late afternoon Run,A better day and a better performance.  Felt happy after finishing it.,2026-07-03_18-36-46_hk_1783084006.fit,308,2026-07-03T13:11:54.000Z,307.000,707.12,,,77,2.46,37.42,29.470248,77.718042
2026-07-03,Running,Late afternoon Run,A better day and a better performance.  Felt happy after finishing it.,2026-07-03_18-36-46_hk_1783084006.fit,309,2026-07-03T13:11:55.000Z,308.000,709.66,,,78,2.464,37.42,29.470212,77.718042
2026-07-03,Running,Late afternoon Run,A better day and a better performance.  Felt happy after finishing it.,2026-07-03_18-36-46_hk_1783084006.fit,310,2026-07-03T13:11:56.000Z,309.000,712.18,,,78,2.469,37.42,29.470194,77.718042
2026-07-03,Running,Late afternoon Run,A better day and a better performance.  Felt happy after finishing it.,2026-07-03_18-36-46_hk_1783084006.fit,311,2026-07-03T13:11:57.000Z,310.000,714.68,,,78,2.477,37.42,29.470176,77.718024
2026-07-03,Running,Late afternoon Run,A better day and a better performance.  Felt happy after finishing it.,2026-07-03_18-36-46_hk_1783084006.fit,312,2026-07-03T13:11:58.000Z,311.000,717.18,,,76,2.505,37.42,29.470158,77.718024
2026-07-03,Running,Late afternoon Run,A better day and a better performance.  Felt happy after finishing it.,2026-07-03_18-36-46_hk_1783084006.fit,313,2026-07-03T13:11:59.000Z,312.000,719.63,,,76,2.512,37.42,29.470122,77.718024
2026-07-03,Running,Late afternoon Run,A better day and a better performance.  Felt happy after finishing it.,2026-07-03_18-36-46_hk_1783084006.fit,314,2026-07-03T13:12:00.000Z,313.000,722.03,,,76,2.51,37.42,29.470104,77.718024
2026-07-03,Running,Late afternoon Run,A better day and a better performance.  Felt happy after finishing it.,2026-07-03_18-36-46_hk_1783084006.fit,315,2026-07-03T13:12:01.000Z,314.000,724.34,,,76,2.5,37.42,29.470086,77.718024
2026-07-03,Running,Late afternoon Run,A better day and a better performance.  Felt happy after finishing it.,2026-07-03_18-36-46_hk_1783084006.fit,316,2026-07-03T13:12:02.000Z,315.000,726.59,,,76,2.488,37.42,29.470068,77.718042
2026-07-03,Running,Late afternoon Run,A better day and a better performance.  Felt happy after finishing it.,2026-07-03_18-36-46_hk_1783084006.fit,317,2026-07-03T13:12:03.000Z,316.000,728.8,,,76,2.473,37.42,29.47005,77.718042
2026-07-03,Running,Late afternoon Run,A better day and a better performance.  Felt happy after finishing it.,2026-07-03_18-36-46_hk_1783084006.fit,318,2026-07-03T13:12:04.000Z,317.000,730.97,,,76,2.451,37.42,29.470032,77.718042
2026-07-03,Running,Late afternoon Run,A better day and a better performance.  Felt happy after finishing it.,2026-07-03_18-36-46_hk_1783084006.fit,319,2026-07-03T13:12:05.000Z,318.000,733.11,,,76,2.428,37.42,29.470014,77.718042
2026-07-03,Running,Late afternoon Run,A better day and a better performance.  Felt happy after finishing it.,2026-07-03_18-36-46_hk_1783084006.fit,320,2026-07-03T13:12:06.000Z,319.000,735.29,,,76,2.41,37.42,29.469996,77.718042
2026-07-03,Running,Late afternoon Run,A better day and a better performance.  Felt happy after finishing it.,2026-07-03_18-36-46_hk_1783084006.fit,321,2026-07-03T13:12:07.000Z,320.000,737.56,,,79,2.403,37.42,29.469978,77.71806
2026-07-03,Running,Late afternoon Run,A better day and a better performance.  Felt happy after finishing it.,2026-07-03_18-36-46_hk_1783084006.fit,322,2026-07-03T13:12:08.000Z,321.000,739.87,,,79,2.4,37.42,29.469942,77.71806
2026-07-03,Running,Late afternoon Run,A better day and a better performance.  Felt happy after finishing it.,2026-07-03_18-36-46_hk_1783084006.fit,323,2026-07-03T13:12:09.000Z,322.000,742.16,,,79,2.394,37.42,29.469924,77.718078
2026-07-03,Running,Late afternoon Run,A better day and a better performance.  Felt happy after finishing it.,2026-07-03_18-36-46_hk_1783084006.fit,324,2026-07-03T13:12:10.000Z,323.000,744.41,,,77,2.383,37.42,29.469906,77.718078
2026-07-03,Running,Late afternoon Run,A better day and a better performance.  Felt happy after finishing it.,2026-07-03_18-36-46_hk_1783084006.fit,325,2026-07-03T13:12:11.000Z,324.000,746.64,,,77,2.376,37.42,29.469888,77.718096
2026-07-03,Running,Late afternoon Run,A better day and a better performance.  Felt happy after finishing it.,2026-07-03_18-36-46_hk_1783084006.fit,326,2026-07-03T13:12:12.000Z,325.000,748.82,,,77,2.361,37.42,29.46987,77.718096
2026-07-03,Running,Late afternoon Run,A better day and a better performance.  Felt happy after finishing it.,2026-07-03_18-36-46_hk_1783084006.fit,327,2026-07-03T13:12:13.000Z,326.000,750.99,,,78,2.344,37.42,29.469852,77.718114
2026-07-03,Running,Late afternoon Run,A better day and a better performance.  Felt happy after finishing it.,2026-07-03_18-36-46_hk_1783084006.fit,328,2026-07-03T13:12:14.000Z,327.000,753.14,,,78,2.325,37.42,29.469834,77.718114
2026-07-03,Running,Late afternoon Run,A better day and a better performance.  Felt happy after finishing it.,2026-07-03_18-36-46_hk_1783084006.fit,329,2026-07-03T13:12:15.000Z,328.000,755.35,,,78,2.309,37.42,29.469816,77.718132
2026-07-03,Running,Late afternoon Run,A better day and a better performance.  Felt happy after finishing it.,2026-07-03_18-36-46_hk_1783084006.fit,330,2026-07-03T13:12:16.000Z,329.000,757.59,,,76,2.294,37.42,29.469798,77.718132
2026-07-03,Running,Late afternoon Run,A better day and a better performance.  Felt happy after finishing it.,2026-07-03_18-36-46_hk_1783084006.fit,331,2026-07-03T13:12:17.000Z,330.000,759.78,,,76,2.278,37.42,29.469798,77.71815
2026-07-03,Running,Late afternoon Run,A better day and a better performance.  Felt happy after finishing it.,2026-07-03_18-36-46_hk_1783084006.fit,332,2026-07-03T13:12:18.000Z,331.000,761.93,,,76,2.272,37.42,29.46978,77.718168
2026-07-03,Running,Late afternoon Run,A better day and a better performance.  Felt happy after finishing it.,2026-07-03_18-36-46_hk_1783084006.fit,333,2026-07-03T13:12:19.000Z,332.000,764.05,,,76,2.255,37.42,29.469762,77.718186
2026-07-03,Running,Late afternoon Run,A better day and a better performance.  Felt happy after finishing it.,2026-07-03_18-36-46_hk_1783084006.fit,334,2026-07-03T13:12:20.000Z,333.000,766.16,,,76,2.238,37.42,29.469762,77.718204
2026-07-03,Running,Late afternoon Run,A better day and a better performance.  Felt happy after finishing it.,2026-07-03_18-36-46_hk_1783084006.fit,335,2026-07-03T13:12:21.000Z,334.000,768.25,,,76,2.221,37.42,29.469744,77.718222
2026-07-03,Running,Late afternoon Run,A better day and a better performance.  Felt happy after finishing it.,2026-07-03_18-36-46_hk_1783084006.fit,336,2026-07-03T13:12:22.000Z,335.000,770.3,,,76,2.203,37.42,29.469744,77.71824
2026-07-03,Running,Late afternoon Run,A better day and a better performance.  Felt happy after finishing it.,2026-07-03_18-36-46_hk_1783084006.fit,337,2026-07-03T13:12:23.000Z,336.000,772.34,,,76,2.187,37.42,29.469726,77.718258
2026-07-03,Running,Late afternoon Run,A better day and a better performance.  Felt happy after finishing it.,2026-07-03_18-36-46_hk_1783084006.fit,338,2026-07-03T13:12:24.000Z,337.000,774.35,,,76,2.174,37.42,29.469726,77.718276
2026-07-03,Running,Late afternoon Run,A better day and a better performance.  Felt happy after finishing it.,2026-07-03_18-36-46_hk_1783084006.fit,339,2026-07-03T13:12:25.000Z,338.000,776.29,,,79,2.165,37.42,29.469726,77.718294
2026-07-03,Running,Late afternoon Run,A better day and a better performance.  Felt happy after finishing it.,2026-07-03_18-36-46_hk_1783084006.fit,340,2026-07-03T13:12:26.000Z,339.000,778.23,,,79,2.152,37.42,29.469726,77.718312
2026-07-03,Running,Late afternoon Run,A better day and a better performance.  Felt happy after finishing it.,2026-07-03_18-36-46_hk_1783084006.fit,341,2026-07-03T13:12:27.000Z,340.000,780.23,,,79,2.143,37.42,29.469708,77.718348
2026-07-03,Running,Late afternoon Run,A better day and a better performance.  Felt happy after finishing it.,2026-07-03_18-36-46_hk_1783084006.fit,342,2026-07-03T13:12:28.000Z,341.000,782.29,,,77,2.139,37.42,29.469708,77.718366
2026-07-03,Running,Late afternoon Run,A better day and a better performance.  Felt happy after finishing it.,2026-07-03_18-36-46_hk_1783084006.fit,343,2026-07-03T13:12:29.000Z,342.000,784.37,,,77,2.136,37.42,29.469708,77.718384
2026-07-03,Running,Late afternoon Run,A better day and a better performance.  Felt happy after finishing it.,2026-07-03_18-36-46_hk_1783084006.fit,344,2026-07-03T13:12:30.000Z,343.000,786.45,,,77,2.132,37.42,29.469708,77.718402
2026-07-03,Running,Late afternoon Run,A better day and a better performance.  Felt happy after finishing it.,2026-07-03_18-36-46_hk_1783084006.fit,345,2026-07-03T13:12:31.000Z,344.000,788.56,,,78,2.125,37.42,29.469708,77.71842
2026-07-03,Running,Late afternoon Run,A better day and a better performance.  Felt happy after finishing it.,2026-07-03_18-36-46_hk_1783084006.fit,346,2026-07-03T13:12:32.000Z,345.000,790.72,,,78,2.118,37.42,29.469726,77.718456
2026-07-03,Running,Late afternoon Run,A better day and a better performance.  Felt happy after finishing it.,2026-07-03_18-36-46_hk_1783084006.fit,347,2026-07-03T13:12:33.000Z,346.000,792.89,,,78,2.114,37.42,29.469726,77.718474
2026-07-03,Running,Late afternoon Run,A better day and a better performance.  Felt happy after finishing it.,2026-07-03_18-36-46_hk_1783084006.fit,348,2026-07-03T13:12:34.000Z,347.000,795.04,,,76,2.109,37.42,29.469726,77.718492
2026-07-03,Running,Late afternoon Run,A better day and a better performance.  Felt happy after finishing it.,2026-07-03_18-36-46_hk_1783084006.fit,349,2026-07-03T13:12:35.000Z,348.000,797.19,,,76,2.106,37.42,29.469726,77.71851
2026-07-03,Running,Late afternoon Run,A better day and a better performance.  Felt happy after finishing it.,2026-07-03_18-36-46_hk_1783084006.fit,350,2026-07-03T13:12:36.000Z,349.000,799.4,,,76,2.108,37.42,29.469726,77.718546
2026-07-03,Running,Late afternoon Run,A better day and a better performance.  Felt happy after finishing it.,2026-07-03_18-36-46_hk_1783084006.fit,351,2026-07-03T13:12:37.000Z,350.000,801.68,,,76,2.112,37.42,29.469726,77.718564
2026-07-03,Running,Late afternoon Run,A better day and a better performance.  Felt happy after finishing it.,2026-07-03_18-36-46_hk_1783084006.fit,352,2026-07-03T13:12:38.000Z,351.000,803.98,,,76,2.118,37.42,29.469726,77.718582
2026-07-03,Running,Late afternoon Run,A better day and a better performance.  Felt happy after finishing it.,2026-07-03_18-36-46_hk_1783084006.fit,353,2026-07-03T13:12:39.000Z,352.000,806.25,,,76,2.121,37.42,29.469744,77.7186
2026-07-03,Running,Late afternoon Run,A better day and a better performance.  Felt happy after finishing it.,2026-07-03_18-36-46_hk_1783084006.fit,354,2026-07-03T13:12:40.000Z,353.000,808.53,,,76,2.123,37.42,29.469744,77.718636
2026-07-03,Running,Late afternoon Run,A better day and a better performance.  Felt happy after finishing it.,2026-07-03_18-36-46_hk_1783084006.fit,355,2026-07-03T13:12:41.000Z,354.000,810.85,,,76,2.128,37.42,29.469744,77.718654
2026-07-03,Running,Late afternoon Run,A better day and a better performance.  Felt happy after finishing it.,2026-07-03_18-36-46_hk_1783084006.fit,356,2026-07-03T13:12:42.000Z,355.000,813.23,,,76,2.138,37.42,29.469762,77.718672
2026-07-03,Running,Late afternoon Run,A better day and a better performance.  Felt happy after finishing it.,2026-07-03_18-36-46_hk_1783084006.fit,357,2026-07-03T13:12:43.000Z,356.000,815.63,,,76,2.149,37.42,29.469762,77.71869
2026-07-03,Running,Late afternoon Run,A better day and a better performance.  Felt happy after finishing it.,2026-07-03_18-36-46_hk_1783084006.fit,358,2026-07-03T13:12:44.000Z,357.000,818.05,,,76,2.162,37.42,29.46978,77.718726
2026-07-03,Running,Late afternoon Run,A better day and a better performance.  Felt happy after finishing it.,2026-07-03_18-36-46_hk_1783084006.fit,359,2026-07-03T13:12:45.000Z,358.000,820.55,,,76,2.185,37.42,29.469798,77.718744
2026-07-03,Running,Late afternoon Run,A better day and a better performance.  Felt happy after finishing it.,2026-07-03_18-36-46_hk_1783084006.fit,360,2026-07-03T13:12:46.000Z,359.000,823.09,,,76,2.207,37.42,29.469798,77.718762
2026-07-03,Running,Late afternoon Run,A better day and a better performance.  Felt happy after finishing it.,2026-07-03_18-36-46_hk_1783084006.fit,361,2026-07-03T13:12:47.000Z,360.000,825.58,,,76,2.228,37.42,29.469816,77.71878
2026-07-03,Running,Late afternoon Run,A better day and a better performance.  Felt happy after finishing it.,2026-07-03_18-36-46_hk_1783084006.fit,362,2026-07-03T13:12:48.000Z,361.000,827.99,,,76,2.248,37.42,29.469834,77.718798
2026-07-03,Running,Late afternoon Run,A better day and a better performance.  Felt happy after finishing it.,2026-07-03_18-36-46_hk_1783084006.fit,363,2026-07-03T13:12:49.000Z,362.000,830.37,,,76,2.279,37.42,29.469852,77.718816
2026-07-03,Running,Late afternoon Run,A better day and a better performance.  Felt happy after finishing it.,2026-07-03_18-36-46_hk_1783084006.fit,364,2026-07-03T13:12:50.000Z,363.000,832.72,,,76,2.292,37.42,29.46987,77.718834
2026-07-03,Running,Late afternoon Run,A better day and a better performance.  Felt happy after finishing it.,2026-07-03_18-36-46_hk_1783084006.fit,365,2026-07-03T13:12:51.000Z,364.000,835.07,,,76,2.305,37.42,29.469888,77.718852
2026-07-03,Running,Late afternoon Run,A better day and a better performance.  Felt happy after finishing it.,2026-07-03_18-36-46_hk_1783084006.fit,366,2026-07-03T13:12:52.000Z,365.000,837.43,,,78,2.318,37.42,29.469906,77.718852
2026-07-03,Running,Late afternoon Run,A better day and a better performance.  Felt happy after finishing it.,2026-07-03_18-36-46_hk_1783084006.fit,367,2026-07-03T13:12:53.000Z,366.000,839.79,,,78,2.328,37.42,29.469924,77.71887
2026-07-03,Running,Late afternoon Run,A better day and a better performance.  Felt happy after finishing it.,2026-07-03_18-36-46_hk_1783084006.fit,368,2026-07-03T13:12:54.000Z,367.000,842.1,,,78,2.335,37.42,29.469942,77.718888
2026-07-03,Running,Late afternoon Run,A better day and a better performance.  Felt happy after finishing it.,2026-07-03_18-36-46_hk_1783084006.fit,369,2026-07-03T13:12:55.000Z,368.000,844.36,,,76,2.34,37.42,29.46996,77.718888
2026-07-03,Running,Late afternoon Run,A better day and a better performance.  Felt happy after finishing it.,2026-07-03_18-36-46_hk_1783084006.fit,370,2026-07-03T13:12:56.000Z,369.000,846.65,,,76,2.346,37.42,29.469978,77.718906
2026-07-03,Running,Late afternoon Run,A better day and a better performance.  Felt happy after finishing it.,2026-07-03_18-36-46_hk_1783084006.fit,371,2026-07-03T13:12:57.000Z,370.000,849,,,76,2.355,37.42,29.469996,77.718906
2026-07-03,Running,Late afternoon Run,A better day and a better performance.  Felt happy after finishing it.,2026-07-03_18-36-46_hk_1783084006.fit,372,2026-07-03T13:12:58.000Z,371.000,851.43,,,79,2.365,37.42,29.470014,77.718924
2026-07-03,Running,Late afternoon Run,A better day and a better performance.  Felt happy after finishing it.,2026-07-03_18-36-46_hk_1783084006.fit,373,2026-07-03T13:12:59.000Z,372.000,853.93,,,79,2.375,37.42,29.470032,77.718924
2026-07-03,Running,Late afternoon Run,A better day and a better performance.  Felt happy after finishing it.,2026-07-03_18-36-46_hk_1783084006.fit,374,2026-07-03T13:13:00.000Z,373.000,856.51,,,79,2.393,37.42,29.47005,77.718924
2026-07-03,Running,Late afternoon Run,A better day and a better performance.  Felt happy after finishing it.,2026-07-03_18-36-46_hk_1783084006.fit,375,2026-07-03T13:13:01.000Z,374.000,859.13,,,78,2.41,37.42,29.470086,77.718942
2026-07-03,Running,Late afternoon Run,A better day and a better performance.  Felt happy after finishing it.,2026-07-03_18-36-46_hk_1783084006.fit,376,2026-07-03T13:13:02.000Z,375.000,861.77,,,78,2.424,37.42,29.470104,77.718942
2026-07-03,Running,Late afternoon Run,A better day and a better performance.  Felt happy after finishing it.,2026-07-03_18-36-46_hk_1783084006.fit,377,2026-07-03T13:13:03.000Z,376.000,864.34,,,78,2.434,37.42,29.470122,77.718942
2026-07-03,Running,Late afternoon Run,A better day and a better performance.  Felt happy after finishing it.,2026-07-03_18-36-46_hk_1783084006.fit,378,2026-07-03T13:13:04.000Z,377.000,866.83,,,78,2.438,37.42,29.470158,77.718942
2026-07-03,Running,Late afternoon Run,A better day and a better performance.  Felt happy after finishing it.,2026-07-03_18-36-46_hk_1783084006.fit,379,2026-07-03T13:13:05.000Z,378.000,869.27,,,78,2.439,37.42,29.470176,77.718942
2026-07-03,Running,Late afternoon Run,A better day and a better performance.  Felt happy after finishing it.,2026-07-03_18-36-46_hk_1783084006.fit,380,2026-07-03T13:13:06.000Z,379.000,871.71,,,78,2.436,37.42,29.470194,77.71896
2026-07-03,Running,Late afternoon Run,A better day and a better performance.  Felt happy after finishing it.,2026-07-03_18-36-46_hk_1783084006.fit,381,2026-07-03T13:13:07.000Z,380.000,874.13,,,77,2.43,37.42,29.470212,77.71896
2026-07-03,Running,Late afternoon Run,A better day and a better performance.  Felt happy after finishing it.,2026-07-03_18-36-46_hk_1783084006.fit,382,2026-07-03T13:13:08.000Z,381.000,876.53,,,77,2.426,37.42,29.47023,77.71896
2026-07-03,Running,Late afternoon Run,A better day and a better performance.  Felt happy after finishing it.,2026-07-03_18-36-46_hk_1783084006.fit,383,2026-07-03T13:13:09.000Z,382.000,878.92,,,77,2.425,37.42,29.470266,77.71896
2026-07-03,Running,Late afternoon Run,A better day and a better performance.  Felt happy after finishing it.,2026-07-03_18-36-46_hk_1783084006.fit,384,2026-07-03T13:13:10.000Z,383.000,881.33,,,76,2.427,37.42,29.470284,77.718978
2026-07-03,Running,Late afternoon Run,A better day and a better performance.  Felt happy after finishing it.,2026-07-03_18-36-46_hk_1783084006.fit,385,2026-07-03T13:13:11.000Z,384.000,883.77,,,76,2.431,37.42,29.470302,77.718978
2026-07-03,Running,Late afternoon Run,A better day and a better performance.  Felt happy after finishing it.,2026-07-03_18-36-46_hk_1783084006.fit,386,2026-07-03T13:13:12.000Z,385.000,886.26,,,76,2.438,37.42,29.47032,77.718978
2026-07-03,Running,Late afternoon Run,A better day and a better performance.  Felt happy after finishing it.,2026-07-03_18-36-46_hk_1783084006.fit,387,2026-07-03T13:13:13.000Z,386.000,888.82,,,76,2.447,37.42,29.470338,77.718978
2026-07-03,Running,Late afternoon Run,A better day and a better performance.  Felt happy after finishing it.,2026-07-03_18-36-46_hk_1783084006.fit,388,2026-07-03T13:13:14.000Z,387.000,891.33,,,76,2.454,37.42,29.470374,77.718996
2026-07-03,Running,Late afternoon Run,A better day and a better performance.  Felt happy after finishing it.,2026-07-03_18-36-46_hk_1783084006.fit,389,2026-07-03T13:13:15.000Z,388.000,893.75,,,76,2.46,37.42,29.470392,77.718996
2026-07-03,Running,Late afternoon Run,A better day and a better performance.  Felt happy after finishing it.,2026-07-03_18-36-46_hk_1783084006.fit,390,2026-07-03T13:13:16.000Z,389.000,896.09,,,77,2.463,37.42,29.47041,77.718996
2026-07-03,Running,Late afternoon Run,A better day and a better performance.  Felt happy after finishing it.,2026-07-03_18-36-46_hk_1783084006.fit,391,2026-07-03T13:13:17.000Z,390.000,898.43,,,77,2.466,37.42,29.470428,77.718996
2026-07-03,Running,Late afternoon Run,A better day and a better performance.  Felt happy after finishing it.,2026-07-03_18-36-46_hk_1783084006.fit,392,2026-07-03T13:13:18.000Z,391.000,900.81,,,77,2.467,37.42,29.470446,77.718996
2026-07-03,Running,Late afternoon Run,A better day and a better performance.  Felt happy after finishing it.,2026-07-03_18-36-46_hk_1783084006.fit,393,2026-07-03T13:13:19.000Z,392.000,903.22,,,78,2.466,37.42,29.470482,77.718996
2026-07-03,Running,Late afternoon Run,A better day and a better performance.  Felt happy after finishing it.,2026-07-03_18-36-46_hk_1783084006.fit,394,2026-07-03T13:13:20.000Z,393.000,905.63,,,78,2.462,37.42,29.4705,77.718996
2026-07-03,Running,Late afternoon Run,A better day and a better performance.  Felt happy after finishing it.,2026-07-03_18-36-46_hk_1783084006.fit,395,2026-07-03T13:13:21.000Z,394.000,908.03,,,78,2.454,37.42,29.470518,77.719014
2026-07-03,Running,Late afternoon Run,A better day and a better performance.  Felt happy after finishing it.,2026-07-03_18-36-46_hk_1783084006.fit,396,2026-07-03T13:13:22.000Z,395.000,910.37,,,78,2.44,37.42,29.470536,77.719014
2026-07-03,Running,Late afternoon Run,A better day and a better performance.  Felt happy after finishing it.,2026-07-03_18-36-46_hk_1783084006.fit,397,2026-07-03T13:13:23.000Z,396.000,912.65,,,78,2.423,37.42,29.470554,77.719014
2026-07-03,Running,Late afternoon Run,A better day and a better performance.  Felt happy after finishing it.,2026-07-03_18-36-46_hk_1783084006.fit,398,2026-07-03T13:13:24.000Z,397.000,914.89,,,78,2.407,37.42,29.470572,77.719014
2026-07-03,Running,Late afternoon Run,A better day and a better performance.  Felt happy after finishing it.,2026-07-03_18-36-46_hk_1783084006.fit,399,2026-07-03T13:13:25.000Z,398.000,917.08,,,77,2.393,37.42,29.47059,77.719014
2026-07-03,Running,Late afternoon Run,A better day and a better performance.  Felt happy after finishing it.,2026-07-03_18-36-46_hk_1783084006.fit,400,2026-07-03T13:13:26.000Z,399.000,919.21,,,77,2.381,37.42,29.470608,77.719014
2026-07-03,Running,Late afternoon Run,A better day and a better performance.  Felt happy after finishing it.,2026-07-03_18-36-46_hk_1783084006.fit,401,2026-07-03T13:13:27.000Z,400.000,921.3,,,77,2.365,37.42,29.470644,77.719014
2026-07-03,Running,Late afternoon Run,A better day and a better performance.  Felt happy after finishing it.,2026-07-03_18-36-46_hk_1783084006.fit,402,2026-07-03T13:13:28.000Z,401.000,923.4,,,76,2.349,37.42,29.470662,77.719014
2026-07-03,Running,Late afternoon Run,A better day and a better performance.  Felt happy after finishing it.,2026-07-03_18-36-46_hk_1783084006.fit,403,2026-07-03T13:13:29.000Z,402.000,925.46,,,76,2.333,37.42,29.47068,77.719014
2026-07-03,Running,Late afternoon Run,A better day and a better performance.  Felt happy after finishing it.,2026-07-03_18-36-46_hk_1783084006.fit,404,2026-07-03T13:13:30.000Z,403.000,927.5,,,76,2.317,37.42,29.470698,77.719014
2026-07-03,Running,Late afternoon Run,A better day and a better performance.  Felt happy after finishing it.,2026-07-03_18-36-46_hk_1783084006.fit,405,2026-07-03T13:13:31.000Z,404.000,929.7,,,76,2.308,37.42,29.470716,77.719014
2026-07-03,Running,Late afternoon Run,A better day and a better performance.  Felt happy after finishing it.,2026-07-03_18-36-46_hk_1783084006.fit,406,2026-07-03T13:13:32.000Z,405.000,932.06,,,76,2.306,37.42,29.470734,77.719014
2026-07-03,Running,Late afternoon Run,A better day and a better performance.  Felt happy after finishing it.,2026-07-03_18-36-46_hk_1783084006.fit,407,2026-07-03T13:13:33.000Z,406.000,934.46,,,76,2.304,37.42,29.470752,77.719014
2026-07-03,Running,Late afternoon Run,A better day and a better performance.  Felt happy after finishing it.,2026-07-03_18-36-46_hk_1783084006.fit,408,2026-07-03T13:13:34.000Z,407.000,936.89,,,77,2.301,37.42,29.47077,77.719014
2026-07-03,Running,Late afternoon Run,A better day and a better performance.  Felt happy after finishing it.,2026-07-03_18-36-46_hk_1783084006.fit,409,2026-07-03T13:13:35.000Z,408.000,939.28,,,77,2.294,37.42,29.470788,77.718996
2026-07-03,Running,Late afternoon Run,A better day and a better performance.  Felt happy after finishing it.,2026-07-03_18-36-46_hk_1783084006.fit,410,2026-07-03T13:13:36.000Z,409.000,941.59,,,77,2.284,37.42,29.470824,77.718996
2026-07-03,Running,Late afternoon Run,A better day and a better performance.  Felt happy after finishing it.,2026-07-03_18-36-46_hk_1783084006.fit,411,2026-07-03T13:13:37.000Z,410.000,943.85,,,78,2.277,37.42,29.470842,77.718996
2026-07-03,Running,Late afternoon Run,A better day and a better performance.  Felt happy after finishing it.,2026-07-03_18-36-46_hk_1783084006.fit,412,2026-07-03T13:13:38.000Z,411.000,946.14,,,78,2.275,37.42,29.47086,77.718978
2026-07-03,Running,Late afternoon Run,A better day and a better performance.  Felt happy after finishing it.,2026-07-03_18-36-46_hk_1783084006.fit,413,2026-07-03T13:13:39.000Z,412.000,948.49,,,78,2.275,37.42,29.470878,77.718978
2026-07-03,Running,Late afternoon Run,A better day and a better performance.  Felt happy after finishing it.,2026-07-03_18-36-46_hk_1783084006.fit,414,2026-07-03T13:13:40.000Z,413.000,950.84,,,78,2.274,37.42,29.470896,77.71896
2026-07-03,Running,Late afternoon Run,A better day and a better performance.  Felt happy after finishing it.,2026-07-03_18-36-46_hk_1783084006.fit,415,2026-07-03T13:13:41.000Z,414.000,953.24,,,78,2.274,37.42,29.470914,77.718942
2026-07-03,Running,Late afternoon Run,A better day and a better performance.  Felt happy after finishing it.,2026-07-03_18-36-46_hk_1783084006.fit,416,2026-07-03T13:13:42.000Z,415.000,955.69,,,78,2.276,37.42,29.470932,77.718924
2026-07-03,Running,Late afternoon Run,A better day and a better performance.  Felt happy after finishing it.,2026-07-03_18-36-46_hk_1783084006.fit,417,2026-07-03T13:13:43.000Z,416.000,958.18,,,79,2.28,37.42,29.47095,77.718924
2026-07-03,Running,Late afternoon Run,A better day and a better performance.  Felt happy after finishing it.,2026-07-03_18-36-46_hk_1783084006.fit,418,2026-07-03T13:13:44.000Z,417.000,960.65,,,79,2.285,37.42,29.470968,77.718906
2026-07-03,Running,Late afternoon Run,A better day and a better performance.  Felt happy after finishing it.,2026-07-03_18-36-46_hk_1783084006.fit,419,2026-07-03T13:13:45.000Z,418.000,963.04,,,79,2.291,37.42,29.470986,77.718888
2026-07-03,Running,Late afternoon Run,A better day and a better performance.  Felt happy after finishing it.,2026-07-03_18-36-46_hk_1783084006.fit,420,2026-07-03T13:13:46.000Z,419.000,965.35,,,76,2.294,37.42,29.470986,77.71887
2026-07-03,Running,Late afternoon Run,A better day and a better performance.  Felt happy after finishing it.,2026-07-03_18-36-46_hk_1783084006.fit,421,2026-07-03T13:13:47.000Z,420.000,967.59,,,76,2.296,37.42,29.471004,77.718852
2026-07-03,Running,Late afternoon Run,A better day and a better performance.  Felt happy after finishing it.,2026-07-03_18-36-46_hk_1783084006.fit,422,2026-07-03T13:13:48.000Z,421.000,969.81,,,76,2.3,37.42,29.471022,77.718834
2026-07-03,Running,Late afternoon Run,A better day and a better performance.  Felt happy after finishing it.,2026-07-03_18-36-46_hk_1783084006.fit,423,2026-07-03T13:13:49.000Z,422.000,972.06,,,79,2.307,37.42,29.471022,77.718816
2026-07-03,Running,Late afternoon Run,A better day and a better performance.  Felt happy after finishing it.,2026-07-03_18-36-46_hk_1783084006.fit,424,2026-07-03T13:13:50.000Z,423.000,974.36,,,79,2.317,37.42,29.47104,77.718798
2026-07-03,Running,Late afternoon Run,A better day and a better performance.  Felt happy after finishing it.,2026-07-03_18-36-46_hk_1783084006.fit,425,2026-07-03T13:13:51.000Z,424.000,976.72,,,79,2.33,37.42,29.47104,77.718762
2026-07-03,Running,Late afternoon Run,A better day and a better performance.  Felt happy after finishing it.,2026-07-03_18-36-46_hk_1783084006.fit,426,2026-07-03T13:13:52.000Z,425.000,979.11,,,76,2.346,37.42,29.471058,77.718744
2026-07-03,Running,Late afternoon Run,A better day and a better performance.  Felt happy after finishing it.,2026-07-03_18-36-46_hk_1783084006.fit,427,2026-07-03T13:13:53.000Z,426.000,981.49,,,76,2.354,37.42,29.471058,77.718726
2026-07-03,Running,Late afternoon Run,A better day and a better performance.  Felt happy after finishing it.,2026-07-03_18-36-46_hk_1783084006.fit,428,2026-07-03T13:13:54.000Z,427.000,983.82,,,76,2.353,37.42,29.471076,77.718708
2026-07-03,Running,Late afternoon Run,A better day and a better performance.  Felt happy after finishing it.,2026-07-03_18-36-46_hk_1783084006.fit,429,2026-07-03T13:13:55.000Z,428.000,986.09,,,76,2.347,37.42,29.471076,77.718672
2026-07-03,Running,Late afternoon Run,A better day and a better performance.  Felt happy after finishing it.,2026-07-03_18-36-46_hk_1783084006.fit,430,2026-07-03T13:13:56.000Z,429.000,988.32,,,76,2.338,37.42,29.471076,77.718654
2026-07-03,Running,Late afternoon Run,A better day and a better performance.  Felt happy after finishing it.,2026-07-03_18-36-46_hk_1783084006.fit,431,2026-07-03T13:13:57.000Z,430.000,990.55,,,76,2.331,37.42,29.471076,77.718636
2026-07-03,Running,Late afternoon Run,A better day and a better performance.  Felt happy after finishing it.,2026-07-03_18-36-46_hk_1783084006.fit,432,2026-07-03T13:13:58.000Z,431.000,992.8,,,76,2.328,37.42,29.471076,77.7186
2026-07-03,Running,Late afternoon Run,A better day and a better performance.  Felt happy after finishing it.,2026-07-03_18-36-46_hk_1783084006.fit,433,2026-07-03T13:13:59.000Z,432.000,995.06,,,76,2.328,37.42,29.471076,77.718582
2026-07-03,Running,Late afternoon Run,A better day and a better performance.  Felt happy after finishing it.,2026-07-03_18-36-46_hk_1783084006.fit,434,2026-07-03T13:14:00.000Z,433.000,997.33,,,76,2.327,37.42,29.471094,77.718564
2026-07-03,Running,Late afternoon Run,A better day and a better performance.  Felt happy after finishing it.,2026-07-03_18-36-46_hk_1783084006.fit,435,2026-07-03T13:14:01.000Z,434.000,999.6,,,79,2.323,37.42,29.471094,77.718546
2026-07-03,Running,Late afternoon Run,A better day and a better performance.  Felt happy after finishing it.,2026-07-03_18-36-46_hk_1783084006.fit,436,2026-07-03T13:14:02.000Z,435.000,1001.83,,,79,2.318,37.42,29.471094,77.71851
2026-07-03,Running,Late afternoon Run,A better day and a better performance.  Felt happy after finishing it.,2026-07-03_18-36-46_hk_1783084006.fit,437,2026-07-03T13:14:03.000Z,436.000,1004.05,,,79,2.309,37.42,29.471094,77.718492
2026-07-03,Running,Late afternoon Run,A better day and a better performance.  Felt happy after finishing it.,2026-07-03_18-36-46_hk_1783084006.fit,438,2026-07-03T13:14:04.000Z,437.000,1006.25,,,76,2.298,37.42,29.471094,77.718474
2026-07-03,Running,Late afternoon Run,A better day and a better performance.  Felt happy after finishing it.,2026-07-03_18-36-46_hk_1783084006.fit,439,2026-07-03T13:14:05.000Z,438.000,1008.48,,,76,2.286,37.42,29.471076,77.718456
2026-07-03,Running,Late afternoon Run,A better day and a better performance.  Felt happy after finishing it.,2026-07-03_18-36-46_hk_1783084006.fit,440,2026-07-03T13:14:06.000Z,439.000,1010.74,,,76,2.277,37.42,29.471076,77.71842
2026-07-03,Running,Late afternoon Run,A better day and a better performance.  Felt happy after finishing it.,2026-07-03_18-36-46_hk_1783084006.fit,441,2026-07-03T13:14:07.000Z,440.000,1013.05,,,79,2.273,37.42,29.471076,77.718402
2026-07-03,Running,Late afternoon Run,A better day and a better performance.  Felt happy after finishing it.,2026-07-03_18-36-46_hk_1783084006.fit,442,2026-07-03T13:14:08.000Z,441.000,1015.35,,,79,2.273,37.42,29.471076,77.718384
2026-07-03,Running,Late afternoon Run,A better day and a better performance.  Felt happy after finishing it.,2026-07-03_18-36-46_hk_1783084006.fit,443,2026-07-03T13:14:09.000Z,442.000,1017.64,,,79,2.275,37.42,29.471058,77.718348
2026-07-03,Running,Late afternoon Run,A better day and a better performance.  Felt happy after finishing it.,2026-07-03_18-36-46_hk_1783084006.fit,444,2026-07-03T13:14:10.000Z,443.000,1019.96,,,76,2.28,37.42,29.471058,77.71833
2026-07-03,Running,Late afternoon Run,A better day and a better performance.  Felt happy after finishing it.,2026-07-03_18-36-46_hk_1783084006.fit,445,2026-07-03T13:14:11.000Z,444.000,1022.36,,,76,2.287,37.42,29.47104,77.718312
2026-07-03,Running,Late afternoon Run,A better day and a better performance.  Felt happy after finishing it.,2026-07-03_18-36-46_hk_1783084006.fit,446,2026-07-03T13:14:12.000Z,445.000,1024.77,,,76,2.291,37.42,29.471022,77.718294
2026-07-03,Running,Late afternoon Run,A better day and a better performance.  Felt happy after finishing it.,2026-07-03_18-36-46_hk_1783084006.fit,447,2026-07-03T13:14:13.000Z,446.000,1027.16,,,76,2.293,37.42,29.471004,77.718276
2026-07-03,Running,Late afternoon Run,A better day and a better performance.  Felt happy after finishing it.,2026-07-03_18-36-46_hk_1783084006.fit,448,2026-07-03T13:14:14.000Z,447.000,1029.54,,,76,2.292,37.42,29.471004,77.718258
2026-07-03,Running,Late afternoon Run,A better day and a better performance.  Felt happy after finishing it.,2026-07-03_18-36-46_hk_1783084006.fit,449,2026-07-03T13:14:15.000Z,448.000,1031.88,,,76,2.29,37.42,29.470986,77.71824
2026-07-03,Running,Late afternoon Run,A better day and a better performance.  Felt happy after finishing it.,2026-07-03_18-36-46_hk_1783084006.fit,450,2026-07-03T13:14:16.000Z,449.000,1034.19,,,76,2.289,37.42,29.470968,77.718222
2026-07-03,Running,Late afternoon Run,A better day and a better performance.  Felt happy after finishing it.,2026-07-03_18-36-46_hk_1783084006.fit,451,2026-07-03T13:14:17.000Z,450.000,1036.5,,,76,2.291,37.42,29.47095,77.718204
2026-07-03,Running,Late afternoon Run,A better day and a better performance.  Felt happy after finishing it.,2026-07-03_18-36-46_hk_1783084006.fit,452,2026-07-03T13:14:18.000Z,451.000,1038.83,,,76,2.296,37.42,29.470932,77.718186
2026-07-03,Running,Late afternoon Run,A better day and a better performance.  Felt happy after finishing it.,2026-07-03_18-36-46_hk_1783084006.fit,453,2026-07-03T13:14:19.000Z,452.000,1041.15,,,79,2.3,37.42,29.470914,77.718186
2026-07-03,Running,Late afternoon Run,A better day and a better performance.  Felt happy after finishing it.,2026-07-03_18-36-46_hk_1783084006.fit,454,2026-07-03T13:14:20.000Z,453.000,1043.48,,,79,2.304,37.42,29.470896,77.718168
2026-07-03,Running,Late afternoon Run,A better day and a better performance.  Felt happy after finishing it.,2026-07-03_18-36-46_hk_1783084006.fit,455,2026-07-03T13:14:21.000Z,454.000,1045.8,,,79,2.307,37.42,29.470878,77.71815
2026-07-03,Running,Late afternoon Run,A better day and a better performance.  Felt happy after finishing it.,2026-07-03_18-36-46_hk_1783084006.fit,456,2026-07-03T13:14:22.000Z,455.000,1048.09,,,76,2.307,37.42,29.47086,77.71815
2026-07-03,Running,Late afternoon Run,A better day and a better performance.  Felt happy after finishing it.,2026-07-03_18-36-46_hk_1783084006.fit,457,2026-07-03T13:14:23.000Z,456.000,1050.37,,,76,2.308,37.42,29.470842,77.718132
2026-07-03,Running,Late afternoon Run,A better day and a better performance.  Felt happy after finishing it.,2026-07-03_18-36-46_hk_1783084006.fit,458,2026-07-03T13:14:24.000Z,457.000,1052.69,,,76,2.312,37.42,29.470824,77.718132
2026-07-03,Running,Late afternoon Run,A better day and a better performance.  Felt happy after finishing it.,2026-07-03_18-36-46_hk_1783084006.fit,459,2026-07-03T13:14:25.000Z,458.000,1054.99,,,79,2.316,37.42,29.470806,77.718114
2026-07-03,Running,Late afternoon Run,A better day and a better performance.  Felt happy after finishing it.,2026-07-03_18-36-46_hk_1783084006.fit,460,2026-07-03T13:14:26.000Z,459.000,1057.25,,,79,2.318,37.42,29.470788,77.718114
2026-07-03,Running,Late afternoon Run,A better day and a better performance.  Felt happy after finishing it.,2026-07-03_18-36-46_hk_1783084006.fit,461,2026-07-03T13:14:27.000Z,460.000,1059.51,,,79,2.32,37.42,29.47077,77.718096
2026-07-03,Running,Late afternoon Run,A better day and a better performance.  Felt happy after finishing it.,2026-07-03_18-36-46_hk_1783084006.fit,462,2026-07-03T13:14:28.000Z,461.000,1061.81,,,76,2.321,37.42,29.470752,77.718096
2026-07-03,Running,Late afternoon Run,A better day and a better performance.  Felt happy after finishing it.,2026-07-03_18-36-46_hk_1783084006.fit,463,2026-07-03T13:14:29.000Z,462.000,1064.07,,,76,2.319,37.42,29.470734,77.718096
2026-07-03,Running,Late afternoon Run,A better day and a better performance.  Felt happy after finishing it.,2026-07-03_18-36-46_hk_1783084006.fit,464,2026-07-03T13:14:30.000Z,463.000,1066.32,,,76,2.317,37.42,29.470716,77.718096
2026-07-03,Running,Late afternoon Run,A better day and a better performance.  Felt happy after finishing it.,2026-07-03_18-36-46_hk_1783084006.fit,465,2026-07-03T13:14:31.000Z,464.000,1068.63,,,76,2.318,37.42,29.470698,77.718078
2026-07-03,Running,Late afternoon Run,A better day and a better performance.  Felt happy after finishing it.,2026-07-03_18-36-46_hk_1783084006.fit,466,2026-07-03T13:14:32.000Z,465.000,1071.09,,,76,2.324,37.42,29.470662,77.718078
2026-07-03,Running,Late afternoon Run,A better day and a better performance.  Felt happy after finishing it.,2026-07-03_18-36-46_hk_1783084006.fit,467,2026-07-03T13:14:33.000Z,466.000,1073.66,,,76,2.332,37.42,29.470644,77.718078
2026-07-03,Running,Late afternoon Run,A better day and a better performance.  Felt happy after finishing it.,2026-07-03_18-36-46_hk_1783084006.fit,468,2026-07-03T13:14:34.000Z,467.000,1076.17,,,76,2.336,37.42,29.470626,77.718078
2026-07-03,Running,Late afternoon Run,A better day and a better performance.  Felt happy after finishing it.,2026-07-03_18-36-46_hk_1783084006.fit,469,2026-07-03T13:14:35.000Z,468.000,1078.6,,,76,2.338,37.42,29.470608,77.718078
2026-07-03,Running,Late afternoon Run,A better day and a better performance.  Felt happy after finishing it.,2026-07-03_18-36-46_hk_1783084006.fit,470,2026-07-03T13:14:36.000Z,469.000,1081,,,76,2.339,37.42,29.470572,77.718078
2026-07-03,Running,Late afternoon Run,A better day and a better performance.  Felt happy after finishing it.,2026-07-03_18-36-46_hk_1783084006.fit,471,2026-07-03T13:14:37.000Z,470.000,1083.4,,,76,2.342,37.42,29.470554,77.718078
2026-07-03,Running,Late afternoon Run,A better day and a better performance.  Felt happy after finishing it.,2026-07-03_18-36-46_hk_1783084006.fit,472,2026-07-03T13:14:38.000Z,471.000,1085.77,,,76,2.345,37.42,29.470536,77.71806
2026-07-03,Running,Late afternoon Run,A better day and a better performance.  Felt happy after finishing it.,2026-07-03_18-36-46_hk_1783084006.fit,473,2026-07-03T13:14:39.000Z,472.000,1088.09,,,76,2.345,37.42,29.470518,77.71806
2026-07-03,Running,Late afternoon Run,A better day and a better performance.  Felt happy after finishing it.,2026-07-03_18-36-46_hk_1783084006.fit,474,2026-07-03T13:14:40.000Z,473.000,1090.36,,,76,2.343,37.42,29.4705,77.71806
2026-07-03,Running,Late afternoon Run,A better day and a better performance.  Felt happy after finishing it.,2026-07-03_18-36-46_hk_1783084006.fit,475,2026-07-03T13:14:41.000Z,474.000,1092.61,,,76,2.339,37.42,29.470482,77.71806
2026-07-03,Running,Late afternoon Run,A better day and a better performance.  Felt happy after finishing it.,2026-07-03_18-36-46_hk_1783084006.fit,476,2026-07-03T13:14:42.000Z,475.000,1094.83,,,76,2.334,37.42,29.470464,77.71806
2026-07-03,Running,Late afternoon Run,A better day and a better performance.  Felt happy after finishing it.,2026-07-03_18-36-46_hk_1783084006.fit,477,2026-07-03T13:14:43.000Z,476.000,1097.06,,,76,2.33,37.42,29.470428,77.718042
2026-07-03,Running,Late afternoon Run,A better day and a better performance.  Felt happy after finishing it.,2026-07-03_18-36-46_hk_1783084006.fit,478,2026-07-03T13:14:44.000Z,477.000,1099.33,,,76,2.329,37.42,29.47041,77.718042
2026-07-03,Running,Late afternoon Run,A better day and a better performance.  Felt happy after finishing it.,2026-07-03_18-36-46_hk_1783084006.fit,479,2026-07-03T13:14:45.000Z,478.000,1101.58,,,76,2.328,37.42,29.470392,77.718042
2026-07-03,Running,Late afternoon Run,A better day and a better performance.  Felt happy after finishing it.,2026-07-03_18-36-46_hk_1783084006.fit,480,2026-07-03T13:14:46.000Z,479.000,1103.86,,,76,2.326,37.42,29.470374,77.718042
2026-07-03,Running,Late afternoon Run,A better day and a better performance.  Felt happy after finishing it.,2026-07-03_18-36-46_hk_1783084006.fit,481,2026-07-03T13:14:47.000Z,480.000,1106.14,,,76,2.325,37.42,29.470356,77.718024
2026-07-03,Running,Late afternoon Run,A better day and a better performance.  Felt happy after finishing it.,2026-07-03_18-36-46_hk_1783084006.fit,482,2026-07-03T13:14:48.000Z,481.000,1108.33,,,76,2.322,37.42,29.470338,77.718024
2026-07-03,Running,Late afternoon Run,A better day and a better performance.  Felt happy after finishing it.,2026-07-03_18-36-46_hk_1783084006.fit,483,2026-07-03T13:14:49.000Z,482.000,1110.42,,,76,2.314,37.42,29.47032,77.718024
2026-07-03,Running,Late afternoon Run,A better day and a better performance.  Felt happy after finishing it.,2026-07-03_18-36-46_hk_1783084006.fit,484,2026-07-03T13:14:50.000Z,483.000,1112.6,,,76,2.309,37.42,29.470302,77.718024
2026-07-03,Running,Late afternoon Run,A better day and a better performance.  Felt happy after finishing it.,2026-07-03_18-36-46_hk_1783084006.fit,485,2026-07-03T13:14:51.000Z,484.000,1114.91,,,76,2.311,37.42,29.470284,77.718024
2026-07-03,Running,Late afternoon Run,A better day and a better performance.  Felt happy after finishing it.,2026-07-03_18-36-46_hk_1783084006.fit,486,2026-07-03T13:14:52.000Z,485.000,1117.23,,,76,2.314,37.42,29.470248,77.718024
2026-07-03,Running,Late afternoon Run,A better day and a better performance.  Felt happy after finishing it.,2026-07-03_18-36-46_hk_1783084006.fit,487,2026-07-03T13:14:53.000Z,486.000,1119.5,,,76,2.312,37.42,29.47023,77.718024
2026-07-03,Running,Late afternoon Run,A better day and a better performance.  Felt happy after finishing it.,2026-07-03_18-36-46_hk_1783084006.fit,488,2026-07-03T13:14:54.000Z,487.000,1121.76,,,76,2.303,37.42,29.470212,77.718024
2026-07-03,Running,Late afternoon Run,A better day and a better performance.  Felt happy after finishing it.,2026-07-03_18-36-46_hk_1783084006.fit,489,2026-07-03T13:14:55.000Z,488.000,1124.03,,,76,2.29,37.42,29.470194,77.718024
2026-07-03,Running,Late afternoon Run,A better day and a better performance.  Felt happy after finishing it.,2026-07-03_18-36-46_hk_1783084006.fit,490,2026-07-03T13:14:56.000Z,489.000,1126.33,,,76,2.28,37.42,29.470176,77.718006
2026-07-03,Running,Late afternoon Run,A better day and a better performance.  Felt happy after finishing it.,2026-07-03_18-36-46_hk_1783084006.fit,491,2026-07-03T13:14:57.000Z,490.000,1128.63,,,76,2.274,37.42,29.470158,77.718006
2026-07-03,Running,Late afternoon Run,A better day and a better performance.  Felt happy after finishing it.,2026-07-03_18-36-46_hk_1783084006.fit,492,2026-07-03T13:14:58.000Z,491.000,1130.9,,,76,2.274,37.42,29.47014,77.718006
2026-07-03,Running,Late afternoon Run,A better day and a better performance.  Felt happy after finishing it.,2026-07-03_18-36-46_hk_1783084006.fit,493,2026-07-03T13:14:59.000Z,492.000,1133.1,,,76,2.265,37.42,29.470122,77.718006
2026-07-03,Running,Late afternoon Run,A better day and a better performance.  Felt happy after finishing it.,2026-07-03_18-36-46_hk_1783084006.fit,494,2026-07-03T13:15:00.000Z,493.000,1135.24,,,76,2.254,37.42,29.470104,77.718024
2026-07-03,Running,Late afternoon Run,A better day and a better performance.  Felt happy after finishing it.,2026-07-03_18-36-46_hk_1783084006.fit,495,2026-07-03T13:15:01.000Z,494.000,1137.33,,,76,2.242,37.42,29.470068,77.718024
2026-07-03,Running,Late afternoon Run,A better day and a better performance.  Felt happy after finishing it.,2026-07-03_18-36-46_hk_1783084006.fit,496,2026-07-03T13:15:02.000Z,495.000,1139.41,,,76,2.231,37.42,29.47005,77.718024
2026-07-03,Running,Late afternoon Run,A better day and a better performance.  Felt happy after finishing it.,2026-07-03_18-36-46_hk_1783084006.fit,497,2026-07-03T13:15:03.000Z,496.000,1141.58,,,76,2.227,37.42,29.470032,77.718024
2026-07-03,Running,Late afternoon Run,A better day and a better performance.  Felt happy after finishing it.,2026-07-03_18-36-46_hk_1783084006.fit,498,2026-07-03T13:15:04.000Z,497.000,1143.83,,,76,2.227,37.42,29.470014,77.718024
2026-07-03,Running,Late afternoon Run,A better day and a better performance.  Felt happy after finishing it.,2026-07-03_18-36-46_hk_1783084006.fit,499,2026-07-03T13:15:05.000Z,498.000,1146.06,,,76,2.228,37.42,29.469996,77.718024
2026-07-03,Running,Late afternoon Run,A better day and a better performance.  Felt happy after finishing it.,2026-07-03_18-36-46_hk_1783084006.fit,500,2026-07-03T13:15:06.000Z,499.000,1148.25,,,76,2.225,37.42,29.469978,77.718042
2026-07-03,Running,Late afternoon Run,A better day and a better performance.  Felt happy after finishing it.,2026-07-03_18-36-46_hk_1783084006.fit,501,2026-07-03T13:15:07.000Z,500.000,1150.39,,,78,2.22,37.42,29.46996,77.718042
2026-07-03,Running,Late afternoon Run,A better day and a better performance.  Felt happy after finishing it.,2026-07-03_18-36-46_hk_1783084006.fit,502,2026-07-03T13:15:08.000Z,501.000,1152.53,,,78,2.215,37.42,29.469942,77.71806
2026-07-03,Running,Late afternoon Run,A better day and a better performance.  Felt happy after finishing it.,2026-07-03_18-36-46_hk_1783084006.fit,503,2026-07-03T13:15:09.000Z,502.000,1154.71,,,78,2.211,37.42,29.469924,77.71806
2026-07-03,Running,Late afternoon Run,A better day and a better performance.  Felt happy after finishing it.,2026-07-03_18-36-46_hk_1783084006.fit,504,2026-07-03T13:15:10.000Z,503.000,1156.94,,,77,2.209,37.42,29.469906,77.718078
2026-07-03,Running,Late afternoon Run,A better day and a better performance.  Felt happy after finishing it.,2026-07-03_18-36-46_hk_1783084006.fit,505,2026-07-03T13:15:11.000Z,504.000,1159.15,,,77,2.21,37.42,29.469888,77.718096
2026-07-03,Running,Late afternoon Run,A better day and a better performance.  Felt happy after finishing it.,2026-07-03_18-36-46_hk_1783084006.fit,506,2026-07-03T13:15:12.000Z,505.000,1161.32,,,77,2.213,37.42,29.46987,77.718096
2026-07-03,Running,Late afternoon Run,A better day and a better performance.  Felt happy after finishing it.,2026-07-03_18-36-46_hk_1783084006.fit,507,2026-07-03T13:15:13.000Z,506.000,1163.46,,,79,2.211,37.42,29.46987,77.718114
2026-07-03,Running,Late afternoon Run,A better day and a better performance.  Felt happy after finishing it.,2026-07-03_18-36-46_hk_1783084006.fit,508,2026-07-03T13:15:14.000Z,507.000,1165.58,,,79,2.203,37.42,29.469852,77.718132
2026-07-03,Running,Late afternoon Run,A better day and a better performance.  Felt happy after finishing it.,2026-07-03_18-36-46_hk_1783084006.fit,509,2026-07-03T13:15:15.000Z,508.000,1167.73,,,79,2.196,37.42,29.469834,77.71815
2026-07-03,Running,Late afternoon Run,A better day and a better performance.  Felt happy after finishing it.,2026-07-03_18-36-46_hk_1783084006.fit,510,2026-07-03T13:15:16.000Z,509.000,1169.89,,,76,2.191,37.42,29.469816,77.718168
2026-07-03,Running,Late afternoon Run,A better day and a better performance.  Felt happy after finishing it.,2026-07-03_18-36-46_hk_1783084006.fit,511,2026-07-03T13:15:17.000Z,510.000,1172.09,,,76,2.188,37.42,29.469816,77.718186
2026-07-03,Running,Late afternoon Run,A better day and a better performance.  Felt happy after finishing it.,2026-07-03_18-36-46_hk_1783084006.fit,512,2026-07-03T13:15:18.000Z,511.000,1174.32,,,76,2.186,37.42,29.469798,77.718204
2026-07-03,Running,Late afternoon Run,A better day and a better performance.  Felt happy after finishing it.,2026-07-03_18-36-46_hk_1783084006.fit,513,2026-07-03T13:15:19.000Z,512.000,1176.5,,,76,2.181,37.42,29.46978,77.718222
2026-07-03,Running,Late afternoon Run,A better day and a better performance.  Felt happy after finishing it.,2026-07-03_18-36-46_hk_1783084006.fit,514,2026-07-03T13:15:20.000Z,513.000,1178.6,,,76,2.178,37.42,29.46978,77.71824
2026-07-03,Running,Late afternoon Run,A better day and a better performance.  Felt happy after finishing it.,2026-07-03_18-36-46_hk_1783084006.fit,515,2026-07-03T13:15:21.000Z,514.000,1180.69,,,76,2.169,37.42,29.469762,77.718258
2026-07-03,Running,Late afternoon Run,A better day and a better performance.  Felt happy after finishing it.,2026-07-03_18-36-46_hk_1783084006.fit,516,2026-07-03T13:15:22.000Z,515.000,1182.84,,,76,2.165,37.42,29.469762,77.718276
2026-07-03,Running,Late afternoon Run,A better day and a better performance.  Felt happy after finishing it.,2026-07-03_18-36-46_hk_1783084006.fit,517,2026-07-03T13:15:23.000Z,516.000,1185.1,,,76,2.167,37.42,29.469744,77.718294
2026-07-03,Running,Late afternoon Run,A better day and a better performance.  Felt happy after finishing it.,2026-07-03_18-36-46_hk_1783084006.fit,518,2026-07-03T13:15:24.000Z,517.000,1187.43,,,76,2.178,37.42,29.469744,77.718312
2026-07-03,Running,Late afternoon Run,A better day and a better performance.  Felt happy after finishing it.,2026-07-03_18-36-46_hk_1783084006.fit,519,2026-07-03T13:15:25.000Z,518.000,1189.82,,,76,2.192,37.42,29.469744,77.718348
2026-07-03,Running,Late afternoon Run,A better day and a better performance.  Felt happy after finishing it.,2026-07-03_18-36-46_hk_1783084006.fit,520,2026-07-03T13:15:26.000Z,519.000,1192.25,,,76,2.203,37.42,29.469726,77.718366
2026-07-03,Running,Late afternoon Run,A better day and a better performance.  Felt happy after finishing it.,2026-07-03_18-36-46_hk_1783084006.fit,521,2026-07-03T13:15:27.000Z,520.000,1194.68,,,76,2.211,37.42,29.469726,77.718384
2026-07-03,Running,Late afternoon Run,A better day and a better performance.  Felt happy after finishing it.,2026-07-03_18-36-46_hk_1783084006.fit,522,2026-07-03T13:15:28.000Z,521.000,1197.09,,,76,2.219,37.42,29.469726,77.71842
2026-07-03,Running,Late afternoon Run,A better day and a better performance.  Felt happy after finishing it.,2026-07-03_18-36-46_hk_1783084006.fit,523,2026-07-03T13:15:29.000Z,522.000,1199.51,,,76,2.229,37.42,29.469726,77.718438
2026-07-03,Running,Late afternoon Run,A better day and a better performance.  Felt happy after finishing it.,2026-07-03_18-36-46_hk_1783084006.fit,524,2026-07-03T13:15:30.000Z,523.000,1201.98,,,76,2.243,37.42,29.469726,77.718474
2026-07-03,Running,Late afternoon Run,A better day and a better performance.  Felt happy after finishing it.,2026-07-03_18-36-46_hk_1783084006.fit,525,2026-07-03T13:15:31.000Z,524.000,1204.45,,,76,2.258,37.42,29.469726,77.718492
2026-07-03,Running,Late afternoon Run,A better day and a better performance.  Felt happy after finishing it.,2026-07-03_18-36-46_hk_1783084006.fit,526,2026-07-03T13:15:32.000Z,525.000,1206.86,,,76,2.267,37.42,29.469726,77.71851
2026-07-03,Running,Late afternoon Run,A better day and a better performance.  Felt happy after finishing it.,2026-07-03_18-36-46_hk_1783084006.fit,527,2026-07-03T13:15:33.000Z,526.000,1209.26,,,76,2.278,37.42,29.469726,77.718546
2026-07-03,Running,Late afternoon Run,A better day and a better performance.  Felt happy after finishing it.,2026-07-03_18-36-46_hk_1783084006.fit,528,2026-07-03T13:15:34.000Z,527.000,1211.71,,,76,2.29,37.42,29.469726,77.718564
2026-07-03,Running,Late afternoon Run,A better day and a better performance.  Felt happy after finishing it.,2026-07-03_18-36-46_hk_1783084006.fit,529,2026-07-03T13:15:35.000Z,528.000,1214.15,,,76,2.304,37.42,29.469726,77.718582
2026-07-03,Running,Late afternoon Run,A better day and a better performance.  Felt happy after finishing it.,2026-07-03_18-36-46_hk_1783084006.fit,530,2026-07-03T13:15:36.000Z,529.000,1216.53,,,76,2.316,37.42,29.469744,77.718618
2026-07-03,Running,Late afternoon Run,A better day and a better performance.  Felt happy after finishing it.,2026-07-03_18-36-46_hk_1783084006.fit,531,2026-07-03T13:15:37.000Z,530.000,1218.84,,,76,2.323,37.42,29.469744,77.718636
2026-07-03,Running,Late afternoon Run,A better day and a better performance.  Felt happy after finishing it.,2026-07-03_18-36-46_hk_1783084006.fit,532,2026-07-03T13:15:38.000Z,531.000,1221.16,,,76,2.331,37.42,29.469762,77.718654
2026-07-03,Running,Late afternoon Run,A better day and a better performance.  Felt happy after finishing it.,2026-07-03_18-36-46_hk_1783084006.fit,533,2026-07-03T13:15:39.000Z,532.000,1223.55,,,76,2.339,37.42,29.469762,77.718672
2026-07-03,Running,Late afternoon Run,A better day and a better performance.  Felt happy after finishing it.,2026-07-03_18-36-46_hk_1783084006.fit,534,2026-07-03T13:15:40.000Z,533.000,1225.95,,,76,2.347,37.42,29.46978,77.718708
2026-07-03,Running,Late afternoon Run,A better day and a better performance.  Felt happy after finishing it.,2026-07-03_18-36-46_hk_1783084006.fit,535,2026-07-03T13:15:41.000Z,534.000,1228.25,,,76,2.352,37.42,29.46978,77.718726
2026-07-03,Running,Late afternoon Run,A better day and a better performance.  Felt happy after finishing it.,2026-07-03_18-36-46_hk_1783084006.fit,536,2026-07-03T13:15:42.000Z,535.000,1230.52,,,76,2.36,37.42,29.469798,77.718744
2026-07-03,Running,Late afternoon Run,A better day and a better performance.  Felt happy after finishing it.,2026-07-03_18-36-46_hk_1783084006.fit,537,2026-07-03T13:15:43.000Z,536.000,1232.87,,,76,2.382,37.42,29.469816,77.718762
2026-07-03,Running,Late afternoon Run,A better day and a better performance.  Felt happy after finishing it.,2026-07-03_18-36-46_hk_1783084006.fit,538,2026-07-03T13:15:44.000Z,537.000,1235.26,,,76,2.389,37.42,29.469816,77.71878
2026-07-03,Running,Late afternoon Run,A better day and a better performance.  Felt happy after finishing it.,2026-07-03_18-36-46_hk_1783084006.fit,539,2026-07-03T13:15:45.000Z,538.000,1237.67,,,76,2.392,37.42,29.469834,77.718798
2026-07-03,Running,Late afternoon Run,A better day and a better performance.  Felt happy after finishing it.,2026-07-03_18-36-46_hk_1783084006.fit,540,2026-07-03T13:15:46.000Z,539.000,1240.11,,,79,2.395,37.42,29.469852,77.718816
2026-07-03,Running,Late afternoon Run,A better day and a better performance.  Felt happy after finishing it.,2026-07-03_18-36-46_hk_1783084006.fit,541,2026-07-03T13:15:47.000Z,540.000,1242.54,,,79,2.395,37.42,29.46987,77.718834
2026-07-03,Running,Late afternoon Run,A better day and a better performance.  Felt happy after finishing it.,2026-07-03_18-36-46_hk_1783084006.fit,542,2026-07-03T13:15:48.000Z,541.000,1244.9,,,79,2.392,37.42,29.469888,77.718852
2026-07-03,Running,Late afternoon Run,A better day and a better performance.  Felt happy after finishing it.,2026-07-03_18-36-46_hk_1783084006.fit,543,2026-07-03T13:15:49.000Z,542.000,1247.22,,,76,2.387,37.42,29.469906,77.71887
2026-07-03,Running,Late afternoon Run,A better day and a better performance.  Felt happy after finishing it.,2026-07-03_18-36-46_hk_1783084006.fit,544,2026-07-03T13:15:50.000Z,543.000,1249.6,,,76,2.385,37.42,29.469924,77.71887
2026-07-03,Running,Late afternoon Run,A better day and a better performance.  Felt happy after finishing it.,2026-07-03_18-36-46_hk_1783084006.fit,545,2026-07-03T13:15:51.000Z,544.000,1252.05,,,76,2.384,37.42,29.469942,77.718888
2026-07-03,Running,Late afternoon Run,A better day and a better performance.  Felt happy after finishing it.,2026-07-03_18-36-46_hk_1783084006.fit,546,2026-07-03T13:15:52.000Z,545.000,1254.49,,,78,2.383,37.42,29.46996,77.718906
2026-07-03,Running,Late afternoon Run,A better day and a better performance.  Felt happy after finishing it.,2026-07-03_18-36-46_hk_1783084006.fit,547,2026-07-03T13:15:53.000Z,546.000,1256.84,,,78,2.381,37.42,29.469978,77.718906
2026-07-03,Running,Late afternoon Run,A better day and a better performance.  Felt happy after finishing it.,2026-07-03_18-36-46_hk_1783084006.fit,548,2026-07-03T13:15:54.000Z,547.000,1259.08,,,78,2.374,37.42,29.469996,77.718924
2026-07-03,Running,Late afternoon Run,A better day and a better performance.  Felt happy after finishing it.,2026-07-03_18-36-46_hk_1783084006.fit,549,2026-07-03T13:15:55.000Z,548.000,1261.24,,,76,2.363,37.42,29.470014,77.718924
2026-07-03,Running,Late afternoon Run,A better day and a better performance.  Felt happy after finishing it.,2026-07-03_18-36-46_hk_1783084006.fit,550,2026-07-03T13:15:56.000Z,549.000,1263.37,,,76,2.348,37.42,29.470032,77.718924
2026-07-03,Running,Late afternoon Run,A better day and a better performance.  Felt happy after finishing it.,2026-07-03_18-36-46_hk_1783084006.fit,551,2026-07-03T13:15:57.000Z,550.000,1265.58,,,76,2.338,37.42,29.47005,77.718924
2026-07-03,Running,Late afternoon Run,A better day and a better performance.  Felt happy after finishing it.,2026-07-03_18-36-46_hk_1783084006.fit,552,2026-07-03T13:15:58.000Z,551.000,1267.85,,,76,2.333,37.42,29.470068,77.718942
2026-07-03,Running,Late afternoon Run,A better day and a better performance.  Felt happy after finishing it.,2026-07-03_18-36-46_hk_1783084006.fit,553,2026-07-03T13:15:59.000Z,552.000,1270.22,,,76,2.335,37.42,29.470104,77.718942
2026-07-03,Running,Late afternoon Run,A better day and a better performance.  Felt happy after finishing it.,2026-07-03_18-36-46_hk_1783084006.fit,554,2026-07-03T13:16:00.000Z,553.000,1272.64,,,76,2.34,37.42,29.470122,77.718942
2026-07-03,Running,Late afternoon Run,A better day and a better performance.  Felt happy after finishing it.,2026-07-03_18-36-46_hk_1783084006.fit,555,2026-07-03T13:16:01.000Z,554.000,1275.06,,,76,2.341,37.42,29.47014,77.718942
2026-07-03,Running,Late afternoon Run,A better day and a better performance.  Felt happy after finishing it.,2026-07-03_18-36-46_hk_1783084006.fit,556,2026-07-03T13:16:02.000Z,555.000,1277.43,,,76,2.34,37.42,29.470158,77.71896
2026-07-03,Running,Late afternoon Run,A better day and a better performance.  Felt happy after finishing it.,2026-07-03_18-36-46_hk_1783084006.fit,557,2026-07-03T13:16:03.000Z,556.000,1279.76,,,76,2.342,37.42,29.470176,77.71896
2026-07-03,Running,Late afternoon Run,A better day and a better performance.  Felt happy after finishing it.,2026-07-03_18-36-46_hk_1783084006.fit,558,2026-07-03T13:16:04.000Z,557.000,1282.11,,,76,2.345,37.42,29.470194,77.71896
2026-07-03,Running,Late afternoon Run,A better day and a better performance.  Felt happy after finishing it.,2026-07-03_18-36-46_hk_1783084006.fit,559,2026-07-03T13:16:05.000Z,558.000,1284.5,,,76,2.347,37.42,29.47023,77.71896
2026-07-03,Running,Late afternoon Run,A better day and a better performance.  Felt happy after finishing it.,2026-07-03_18-36-46_hk_1783084006.fit,560,2026-07-03T13:16:06.000Z,559.000,1286.92,,,76,2.348,37.42,29.470248,77.71896
2026-07-03,Running,Late afternoon Run,A better day and a better performance.  Felt happy after finishing it.,2026-07-03_18-36-46_hk_1783084006.fit,561,2026-07-03T13:16:07.000Z,560.000,1289.34,,,76,2.348,37.42,29.470266,77.71896
2026-07-03,Running,Late afternoon Run,A better day and a better performance.  Felt happy after finishing it.,2026-07-03_18-36-46_hk_1783084006.fit,562,2026-07-03T13:16:08.000Z,561.000,1291.84,,,76,2.351,37.42,29.470284,77.71896
2026-07-03,Running,Late afternoon Run,A better day and a better performance.  Felt happy after finishing it.,2026-07-03_18-36-46_hk_1783084006.fit,563,2026-07-03T13:16:09.000Z,562.000,1294.39,,,76,2.357,37.42,29.470302,77.71896
2026-07-03,Running,Late afternoon Run,A better day and a better performance.  Felt happy after finishing it.,2026-07-03_18-36-46_hk_1783084006.fit,564,2026-07-03T13:16:10.000Z,563.000,1296.83,,,76,2.36,37.42,29.470338,77.718978
2026-07-03,Running,Late afternoon Run,A better day and a better performance.  Felt happy after finishing it.,2026-07-03_18-36-46_hk_1783084006.fit,565,2026-07-03T13:16:11.000Z,564.000,1299.17,,,76,2.362,37.42,29.470356,77.718978
2026-07-03,Running,Late afternoon Run,A better day and a better performance.  Felt happy after finishing it.,2026-07-03_18-36-46_hk_1783084006.fit,566,2026-07-03T13:16:12.000Z,565.000,1301.46,,,76,2.357,37.42,29.470374,77.718978
2026-07-03,Running,Late afternoon Run,A better day and a better performance.  Felt happy after finishing it.,2026-07-03_18-36-46_hk_1783084006.fit,567,2026-07-03T13:16:13.000Z,566.000,1303.69,,,78,2.347,37.42,29.470392,77.718978
2026-07-03,Running,Late afternoon Run,A better day and a better performance.  Felt happy after finishing it.,2026-07-03_18-36-46_hk_1783084006.fit,568,2026-07-03T13:16:14.000Z,567.000,1305.9,,,78,2.337,37.42,29.47041,77.718996
2026-07-03,Running,Late afternoon Run,A better day and a better performance.  Felt happy after finishing it.,2026-07-03_18-36-46_hk_1783084006.fit,569,2026-07-03T13:16:15.000Z,568.000,1308.12,,,78,2.331,37.42,29.470428,77.718996
2026-07-03,Running,Late afternoon Run,A better day and a better performance.  Felt happy after finishing it.,2026-07-03_18-36-46_hk_1783084006.fit,570,2026-07-03T13:16:16.000Z,569.000,1310.32,,,77,2.329,37.42,29.470446,77.718996
2026-07-03,Running,Late afternoon Run,A better day and a better performance.  Felt happy after finishing it.,2026-07-03_18-36-46_hk_1783084006.fit,571,2026-07-03T13:16:17.000Z,570.000,1312.48,,,77,2.329,37.42,29.470464,77.718996
2026-07-03,Running,Late afternoon Run,A better day and a better performance.  Felt happy after finishing it.,2026-07-03_18-36-46_hk_1783084006.fit,572,2026-07-03T13:16:18.000Z,571.000,1314.64,,,77,2.33,37.42,29.470482,77.718996
2026-07-03,Running,Late afternoon Run,A better day and a better performance.  Felt happy after finishing it.,2026-07-03_18-36-46_hk_1783084006.fit,573,2026-07-03T13:16:19.000Z,572.000,1316.83,,,79,2.33,37.42,29.470518,77.718996
2026-07-03,Running,Late afternoon Run,A better day and a better performance.  Felt happy after finishing it.,2026-07-03_18-36-46_hk_1783084006.fit,574,2026-07-03T13:16:20.000Z,573.000,1319.06,,,79,2.328,37.42,29.470536,77.718996
2026-07-03,Running,Late afternoon Run,A better day and a better performance.  Felt happy after finishing it.,2026-07-03_18-36-46_hk_1783084006.fit,575,2026-07-03T13:16:21.000Z,574.000,1321.35,,,79,2.324,37.42,29.470554,77.718996
2026-07-03,Running,Late afternoon Run,A better day and a better performance.  Felt happy after finishing it.,2026-07-03_18-36-46_hk_1783084006.fit,576,2026-07-03T13:16:22.000Z,575.000,1323.65,,,76,2.319,37.42,29.470572,77.719014
2026-07-03,Running,Late afternoon Run,A better day and a better performance.  Felt happy after finishing it.,2026-07-03_18-36-46_hk_1783084006.fit,577,2026-07-03T13:16:23.000Z,576.000,1325.87,,,76,2.31,37.42,29.47059,77.719014
2026-07-03,Running,Late afternoon Run,A better day and a better performance.  Felt happy after finishing it.,2026-07-03_18-36-46_hk_1783084006.fit,578,2026-07-03T13:16:24.000Z,577.000,1328.08,,,76,2.302,37.42,29.470608,77.719014
2026-07-03,Running,Late afternoon Run,A better day and a better performance.  Felt happy after finishing it.,2026-07-03_18-36-46_hk_1783084006.fit,579,2026-07-03T13:16:25.000Z,578.000,1330.3,,,76,2.297,37.42,29.470626,77.719014
2026-07-03,Running,Late afternoon Run,A better day and a better performance.  Felt happy after finishing it.,2026-07-03_18-36-46_hk_1783084006.fit,580,2026-07-03T13:16:26.000Z,579.000,1332.54,,,76,2.292,37.42,29.470644,77.719014
2026-07-03,Running,Late afternoon Run,A better day and a better performance.  Felt happy after finishing it.,2026-07-03_18-36-46_hk_1783084006.fit,581,2026-07-03T13:16:27.000Z,580.000,1334.84,,,76,2.288,37.42,29.470662,77.719032
2026-07-03,Running,Late afternoon Run,A better day and a better performance.  Felt happy after finishing it.,2026-07-03_18-36-46_hk_1783084006.fit,582,2026-07-03T13:16:28.000Z,581.000,1337.15,,,76,2.283,37.42,29.470698,77.719032
2026-07-03,Running,Late afternoon Run,A better day and a better performance.  Felt happy after finishing it.,2026-07-03_18-36-46_hk_1783084006.fit,583,2026-07-03T13:16:29.000Z,582.000,1339.49,,,76,2.28,37.41,29.470716,77.719032
2026-07-03,Running,Late afternoon Run,A better day and a better performance.  Felt happy after finishing it.,2026-07-03_18-36-46_hk_1783084006.fit,584,2026-07-03T13:16:30.000Z,583.000,1341.86,,,76,2.274,37.41,29.470734,77.719032
2026-07-03,Running,Late afternoon Run,A better day and a better performance.  Felt happy after finishing it.,2026-07-03_18-36-46_hk_1783084006.fit,585,2026-07-03T13:16:31.000Z,584.000,1344.26,,,76,2.279,37.41,29.470752,77.719032
2026-07-03,Running,Late afternoon Run,A better day and a better performance.  Felt happy after finishing it.,2026-07-03_18-36-46_hk_1783084006.fit,586,2026-07-03T13:16:32.000Z,585.000,1346.68,,,76,2.273,37.41,29.47077,77.719014
2026-07-03,Running,Late afternoon Run,A better day and a better performance.  Felt happy after finishing it.,2026-07-03_18-36-46_hk_1783084006.fit,587,2026-07-03T13:16:33.000Z,586.000,1349.05,,,76,2.27,37.41,29.470788,77.719014
2026-07-03,Running,Late afternoon Run,A better day and a better performance.  Felt happy after finishing it.,2026-07-03_18-36-46_hk_1783084006.fit,588,2026-07-03T13:16:34.000Z,587.000,1351.38,,,76,2.27,37.41,29.470824,77.719014
2026-07-03,Running,Late afternoon Run,A better day and a better performance.  Felt happy after finishing it.,2026-07-03_18-36-46_hk_1783084006.fit,589,2026-07-03T13:16:35.000Z,588.000,1353.64,,,76,2.269,37.41,29.470842,77.719014
2026-07-03,Running,Late afternoon Run,A better day and a better performance.  Felt happy after finishing it.,2026-07-03_18-36-46_hk_1783084006.fit,590,2026-07-03T13:16:36.000Z,589.000,1355.79,,,76,2.265,37.41,29.47086,77.718996
2026-07-03,Running,Late afternoon Run,A better day and a better performance.  Felt happy after finishing it.,2026-07-03_18-36-46_hk_1783084006.fit,591,2026-07-03T13:16:37.000Z,590.000,1357.95,,,76,2.263,37.41,29.470878,77.718996
2026-07-03,Running,Late afternoon Run,A better day and a better performance.  Felt happy after finishing it.,2026-07-03_18-36-46_hk_1783084006.fit,592,2026-07-03T13:16:38.000Z,591.000,1360.11,,,76,2.261,37.41,29.470896,77.718978
2026-07-03,Running,Late afternoon Run,A better day and a better performance.  Felt happy after finishing it.,2026-07-03_18-36-46_hk_1783084006.fit,593,2026-07-03T13:16:39.000Z,592.000,1362.27,,,76,2.259,37.41,29.470914,77.71896
2026-07-03,Running,Late afternoon Run,A better day and a better performance.  Felt happy after finishing it.,2026-07-03_18-36-46_hk_1783084006.fit,594,2026-07-03T13:16:40.000Z,593.000,1364.43,,,76,2.259,37.41,29.470914,77.71896
2026-07-03,Running,Late afternoon Run,A better day and a better performance.  Felt happy after finishing it.,2026-07-03_18-36-46_hk_1783084006.fit,595,2026-07-03T13:16:41.000Z,594.000,1366.55,,,76,2.257,37.41,29.470932,77.718942
2026-07-03,Running,Late afternoon Run,A better day and a better performance.  Felt happy after finishing it.,2026-07-03_18-36-46_hk_1783084006.fit,596,2026-07-03T13:16:42.000Z,595.000,1368.67,,,76,2.254,37.41,29.47095,77.718924
2026-07-03,Running,Late afternoon Run,A better day and a better performance.  Felt happy after finishing it.,2026-07-03_18-36-46_hk_1783084006.fit,597,2026-07-03T13:16:43.000Z,596.000,1370.79,,,76,2.249,37.41,29.470968,77.718906
2026-07-03,Running,Late afternoon Run,A better day and a better performance.  Felt happy after finishing it.,2026-07-03_18-36-46_hk_1783084006.fit,598,2026-07-03T13:16:44.000Z,597.000,1372.95,,,76,2.243,37.41,29.470986,77.718888
2026-07-03,Running,Late afternoon Run,A better day and a better performance.  Felt happy after finishing it.,2026-07-03_18-36-46_hk_1783084006.fit,599,2026-07-03T13:16:45.000Z,598.000,1375.09,,,76,2.237,37.41,29.470986,77.718888
2026-07-03,Running,Late afternoon Run,A better day and a better performance.  Felt happy after finishing it.,2026-07-03_18-36-46_hk_1783084006.fit,600,2026-07-03T13:16:46.000Z,599.000,1377.22,,,76,2.233,37.41,29.471004,77.71887
2026-07-03,Running,Late afternoon Run,A better day and a better performance.  Felt happy after finishing it.,2026-07-03_18-36-46_hk_1783084006.fit,601,2026-07-03T13:16:47.000Z,600.000,1379.35,,,76,2.229,37.41,29.471004,77.718834
2026-07-03,Running,Late afternoon Run,A better day and a better performance.  Felt happy after finishing it.,2026-07-03_18-36-46_hk_1783084006.fit,602,2026-07-03T13:16:48.000Z,601.000,1381.47,,,76,2.225,37.41,29.471022,77.718816
2026-07-03,Running,Late afternoon Run,A better day and a better performance.  Felt happy after finishing it.,2026-07-03_18-36-46_hk_1783084006.fit,603,2026-07-03T13:16:49.000Z,602.000,1383.57,,,76,2.219,37.41,29.471022,77.718798
2026-07-03,Running,Late afternoon Run,A better day and a better performance.  Felt happy after finishing it.,2026-07-03_18-36-46_hk_1783084006.fit,604,2026-07-03T13:16:50.000Z,603.000,1385.72,,,76,2.212,37.41,29.47104,77.71878
2026-07-03,Running,Late afternoon Run,A better day and a better performance.  Felt happy after finishing it.,2026-07-03_18-36-46_hk_1783084006.fit,605,2026-07-03T13:16:51.000Z,604.000,1387.93,,,76,2.208,37.41,29.47104,77.718762
2026-07-03,Running,Late afternoon Run,A better day and a better performance.  Felt happy after finishing it.,2026-07-03_18-36-46_hk_1783084006.fit,606,2026-07-03T13:16:52.000Z,605.000,1390.13,,,78,2.202,37.41,29.471058,77.718744
2026-07-03,Running,Late afternoon Run,A better day and a better performance.  Felt happy after finishing it.,2026-07-03_18-36-46_hk_1783084006.fit,607,2026-07-03T13:16:53.000Z,606.000,1392.33,,,78,2.194,37.41,29.471058,77.718726
2026-07-03,Running,Late afternoon Run,A better day and a better performance.  Felt happy after finishing it.,2026-07-03_18-36-46_hk_1783084006.fit,608,2026-07-03T13:16:54.000Z,607.000,1394.56,,,78,2.187,37.41,29.471058,77.718708
2026-07-03,Running,Late afternoon Run,A better day and a better performance.  Felt happy after finishing it.,2026-07-03_18-36-46_hk_1783084006.fit,609,2026-07-03T13:16:55.000Z,608.000,1396.79,,,76,2.179,37.41,29.471076,77.718672
2026-07-03,Running,Late afternoon Run,A better day and a better performance.  Felt happy after finishing it.,2026-07-03_18-36-46_hk_1783084006.fit,610,2026-07-03T13:16:56.000Z,609.000,1399.02,,,76,2.181,37.41,29.471076,77.718654
2026-07-03,Running,Late afternoon Run,A better day and a better performance.  Felt happy after finishing it.,2026-07-03_18-36-46_hk_1783084006.fit,611,2026-07-03T13:16:57.000Z,610.000,1401.27,,,76,2.176,37.41,29.471076,77.718636
2026-07-03,Running,Late afternoon Run,A better day and a better performance.  Felt happy after finishing it.,2026-07-03_18-36-46_hk_1783084006.fit,612,2026-07-03T13:16:58.000Z,611.000,1403.56,,,79,2.174,37.41,29.471076,77.7186
2026-07-03,Running,Late afternoon Run,A better day and a better performance.  Felt happy after finishing it.,2026-07-03_18-36-46_hk_1783084006.fit,613,2026-07-03T13:16:59.000Z,612.000,1405.83,,,79,2.176,37.41,29.471076,77.718582
2026-07-03,Running,Late afternoon Run,A better day and a better performance.  Felt happy after finishing it.,2026-07-03_18-36-46_hk_1783084006.fit,614,2026-07-03T13:17:00.000Z,613.000,1408.08,,,79,2.18,37.41,29.471094,77.718564
2026-07-03,Running,Late afternoon Run,A better day and a better performance.  Felt happy after finishing it.,2026-07-03_18-36-46_hk_1783084006.fit,615,2026-07-03T13:17:01.000Z,614.000,1410.38,,,76,2.186,37.41,29.471094,77.718546
2026-07-03,Running,Late afternoon Run,A better day and a better performance.  Felt happy after finishing it.,2026-07-03_18-36-46_hk_1783084006.fit,616,2026-07-03T13:17:02.000Z,615.000,1412.75,,,76,2.195,37.41,29.471094,77.71851
2026-07-03,Running,Late afternoon Run,A better day and a better performance.  Felt happy after finishing it.,2026-07-03_18-36-46_hk_1783084006.fit,617,2026-07-03T13:17:03.000Z,616.000,1415.09,,,76,2.203,37.41,29.471076,77.718492
2026-07-03,Running,Late afternoon Run,A better day and a better performance.  Felt happy after finishing it.,2026-07-03_18-36-46_hk_1783084006.fit,618,2026-07-03T13:17:04.000Z,617.000,1417.38,,,76,2.21,37.41,29.471076,77.718474
2026-07-03,Running,Late afternoon Run,A better day and a better performance.  Felt happy after finishing it.,2026-07-03_18-36-46_hk_1783084006.fit,619,2026-07-03T13:17:05.000Z,618.000,1419.6,,,76,2.214,37.41,29.471076,77.718438
2026-07-03,Running,Late afternoon Run,A better day and a better performance.  Felt happy after finishing it.,2026-07-03_18-36-46_hk_1783084006.fit,620,2026-07-03T13:17:06.000Z,619.000,1421.75,,,76,2.215,37.41,29.471076,77.71842
2026-07-03,Running,Late afternoon Run,A better day and a better performance.  Felt happy after finishing it.,2026-07-03_18-36-46_hk_1783084006.fit,621,2026-07-03T13:17:07.000Z,620.000,1423.84,,,76,2.213,37.41,29.471076,77.718402
2026-07-03,Running,Late afternoon Run,A better day and a better performance.  Felt happy after finishing it.,2026-07-03_18-36-46_hk_1783084006.fit,622,2026-07-03T13:17:08.000Z,621.000,1425.94,,,76,2.211,37.41,29.471076,77.718384
2026-07-03,Running,Late afternoon Run,A better day and a better performance.  Felt happy after finishing it.,2026-07-03_18-36-46_hk_1783084006.fit,623,2026-07-03T13:17:09.000Z,622.000,1428.1,,,76,2.212,37.41,29.471058,77.718366
2026-07-03,Running,Late afternoon Run,A better day and a better performance.  Felt happy after finishing it.,2026-07-03_18-36-46_hk_1783084006.fit,624,2026-07-03T13:17:10.000Z,623.000,1430.29,,,76,2.215,37.41,29.471058,77.718348
2026-07-03,Running,Late afternoon Run,A better day and a better performance.  Felt happy after finishing it.,2026-07-03_18-36-46_hk_1783084006.fit,625,2026-07-03T13:17:11.000Z,624.000,1432.5,,,76,2.219,37.41,29.47104,77.718312
2026-07-03,Running,Late afternoon Run,A better day and a better performance.  Felt happy after finishing it.,2026-07-03_18-36-46_hk_1783084006.fit,626,2026-07-03T13:17:12.000Z,625.000,1434.8,,,76,2.227,37.41,29.471022,77.718294
2026-07-03,Running,Late afternoon Run,A better day and a better performance.  Felt happy after finishing it.,2026-07-03_18-36-46_hk_1783084006.fit,627,2026-07-03T13:17:13.000Z,626.000,1437.07,,,76,2.233,37.41,29.471022,77.718276
2026-07-03,Running,Late afternoon Run,A better day and a better performance.  Felt happy after finishing it.,2026-07-03_18-36-46_hk_1783084006.fit,628,2026-07-03T13:17:14.000Z,627.000,1439.29,,,76,2.233,37.41,29.471004,77.718258
2026-07-03,Running,Late afternoon Run,A better day and a better performance.  Felt happy after finishing it.,2026-07-03_18-36-46_hk_1783084006.fit,629,2026-07-03T13:17:15.000Z,628.000,1441.48,,,76,2.233,37.41,29.470986,77.71824
2026-07-03,Running,Late afternoon Run,A better day and a better performance.  Felt happy after finishing it.,2026-07-03_18-36-46_hk_1783084006.fit,630,2026-07-03T13:17:16.000Z,629.000,1443.69,,,76,2.233,37.41,29.470986,77.718222
2026-07-03,Running,Late afternoon Run,A better day and a better performance.  Felt happy after finishing it.,2026-07-03_18-36-46_hk_1783084006.fit,631,2026-07-03T13:17:17.000Z,630.000,1445.92,,,76,2.233,37.41,29.470968,77.718204
2026-07-03,Running,Late afternoon Run,A better day and a better performance.  Felt happy after finishing it.,2026-07-03_18-36-46_hk_1783084006.fit,632,2026-07-03T13:17:18.000Z,631.000,1448.18,,,76,2.235,37.4,29.47095,77.718204
2026-07-03,Running,Late afternoon Run,A better day and a better performance.  Felt happy after finishing it.,2026-07-03_18-36-46_hk_1783084006.fit,633,2026-07-03T13:17:19.000Z,632.000,1450.53,,,76,2.24,37.4,29.470932,77.718186
2026-07-03,Running,Late afternoon Run,A better day and a better performance.  Felt happy after finishing it.,2026-07-03_18-36-46_hk_1783084006.fit,634,2026-07-03T13:17:20.000Z,633.000,1452.93,,,76,2.246,37.4,29.470914,77.718168
2026-07-03,Running,Late afternoon Run,A better day and a better performance.  Felt happy after finishing it.,2026-07-03_18-36-46_hk_1783084006.fit,635,2026-07-03T13:17:21.000Z,634.000,1455.33,,,76,2.251,37.4,29.470896,77.71815
2026-07-03,Running,Late afternoon Run,A better day and a better performance.  Felt happy after finishing it.,2026-07-03_18-36-46_hk_1783084006.fit,636,2026-07-03T13:17:22.000Z,635.000,1457.69,,,76,2.254,37.4,29.470878,77.71815
2026-07-03,Running,Late afternoon Run,A better day and a better performance.  Felt happy after finishing it.,2026-07-03_18-36-46_hk_1783084006.fit,637,2026-07-03T13:17:23.000Z,636.000,1460.01,,,76,2.258,37.4,29.47086,77.718132
2026-07-03,Running,Late afternoon Run,A better day and a better performance.  Felt happy after finishing it.,2026-07-03_18-36-46_hk_1783084006.fit,638,2026-07-03T13:17:24.000Z,637.000,1462.32,,,76,2.258,37.4,29.470842,77.718132
2026-07-03,Running,Late afternoon Run,A better day and a better performance.  Felt happy after finishing it.,2026-07-03_18-36-46_hk_1783084006.fit,639,2026-07-03T13:17:25.000Z,638.000,1464.58,,,76,2.254,37.4,29.470824,77.718114
2026-07-03,Running,Late afternoon Run,A better day and a better performance.  Felt happy after finishing it.,2026-07-03_18-36-46_hk_1783084006.fit,640,2026-07-03T13:17:26.000Z,639.000,1466.8,,,76,2.248,37.4,29.470806,77.718114
2026-07-03,Running,Late afternoon Run,A better day and a better performance.  Felt happy after finishing it.,2026-07-03_18-36-46_hk_1783084006.fit,641,2026-07-03T13:17:27.000Z,640.000,1469.02,,,76,2.245,37.4,29.470788,77.718114
2026-07-03,Running,Late afternoon Run,A better day and a better performance.  Felt happy after finishing it.,2026-07-03_18-36-46_hk_1783084006.fit,642,2026-07-03T13:17:28.000Z,641.000,1471.31,,,76,2.248,37.4,29.47077,77.718096
2026-07-03,Running,Late afternoon Run,A better day and a better performance.  Felt happy after finishing it.,2026-07-03_18-36-46_hk_1783084006.fit,643,2026-07-03T13:17:29.000Z,642.000,1473.67,,,76,2.257,37.4,29.470734,77.718096
2026-07-03,Running,Late afternoon Run,A better day and a better performance.  Felt happy after finishing it.,2026-07-03_18-36-46_hk_1783084006.fit,644,2026-07-03T13:17:30.000Z,643.000,1476.04,,,76,2.278,37.4,29.470716,77.718096
2026-07-03,Running,Late afternoon Run,A better day and a better performance.  Felt happy after finishing it.,2026-07-03_18-36-46_hk_1783084006.fit,645,2026-07-03T13:17:31.000Z,644.000,1478.43,,,76,2.288,37.4,29.470698,77.718096
2026-07-03,Running,Late afternoon Run,A better day and a better performance.  Felt happy after finishing it.,2026-07-03_18-36-46_hk_1783084006.fit,646,2026-07-03T13:17:32.000Z,645.000,1480.82,,,76,2.297,37.4,29.47068,77.718078
2026-07-03,Running,Late afternoon Run,A better day and a better performance.  Felt happy after finishing it.,2026-07-03_18-36-46_hk_1783084006.fit,647,2026-07-03T13:17:33.000Z,646.000,1483.19,,,76,2.304,37.4,29.470662,77.718078
2026-07-03,Running,Late afternoon Run,A better day and a better performance.  Felt happy after finishing it.,2026-07-03_18-36-46_hk_1783084006.fit,648,2026-07-03T13:17:34.000Z,647.000,1485.54,,,76,2.307,37.4,29.470644,77.718078
2026-07-03,Running,Late afternoon Run,A better day and a better performance.  Felt happy after finishing it.,2026-07-03_18-36-46_hk_1783084006.fit,649,2026-07-03T13:17:35.000Z,648.000,1487.88,,,76,2.31,37.4,29.470608,77.71806
2026-07-03,Running,Late afternoon Run,A better day and a better performance.  Felt happy after finishing it.,2026-07-03_18-36-46_hk_1783084006.fit,650,2026-07-03T13:17:36.000Z,649.000,1490.2,,,76,2.314,37.4,29.47059,77.71806
2026-07-03,Running,Late afternoon Run,A better day and a better performance.  Felt happy after finishing it.,2026-07-03_18-36-46_hk_1783084006.fit,651,2026-07-03T13:17:37.000Z,650.000,1492.49,,,76,2.319,37.4,29.470572,77.71806
2026-07-03,Running,Late afternoon Run,A better day and a better performance.  Felt happy after finishing it.,2026-07-03_18-36-46_hk_1783084006.fit,652,2026-07-03T13:17:38.000Z,651.000,1494.83,,,76,2.324,37.4,29.470554,77.71806
2026-07-03,Running,Late afternoon Run,A better day and a better performance.  Felt happy after finishing it.,2026-07-03_18-36-46_hk_1783084006.fit,653,2026-07-03T13:17:39.000Z,652.000,1497.27,,,76,2.334,37.4,29.470536,77.718042
2026-07-03,Running,Late afternoon Run,A better day and a better performance.  Felt happy after finishing it.,2026-07-03_18-36-46_hk_1783084006.fit,654,2026-07-03T13:17:40.000Z,653.000,1499.67,,,76,2.341,37.4,29.470518,77.718042
2026-07-03,Running,Late afternoon Run,A better day and a better performance.  Felt happy after finishing it.,2026-07-03_18-36-46_hk_1783084006.fit,655,2026-07-03T13:17:41.000Z,654.000,1501.96,,,76,2.338,37.4,29.4705,77.718042
2026-07-03,Running,Late afternoon Run,A better day and a better performance.  Felt happy after finishing it.,2026-07-03_18-36-46_hk_1783084006.fit,656,2026-07-03T13:17:42.000Z,655.000,1504.15,,,76,2.328,37.4,29.470464,77.718042
2026-07-03,Running,Late afternoon Run,A better day and a better performance.  Felt happy after finishing it.,2026-07-03_18-36-46_hk_1783084006.fit,657,2026-07-03T13:17:43.000Z,656.000,1506.23,,,76,2.314,37.4,29.470446,77.718042
2026-07-03,Running,Late afternoon Run,A better day and a better performance.  Felt happy after finishing it.,2026-07-03_18-36-46_hk_1783084006.fit,658,2026-07-03T13:17:44.000Z,657.000,1508.35,,,76,2.303,37.4,29.470428,77.718042
2026-07-03,Running,Late afternoon Run,A better day and a better performance.  Felt happy after finishing it.,2026-07-03_18-36-46_hk_1783084006.fit,659,2026-07-03T13:17:45.000Z,658.000,1510.6,,,76,2.299,37.4,29.47041,77.718042
2026-07-03,Running,Late afternoon Run,A better day and a better performance.  Felt happy after finishing it.,2026-07-03_18-36-46_hk_1783084006.fit,660,2026-07-03T13:17:46.000Z,659.000,1512.89,,,79,2.299,37.4,29.470392,77.718042
2026-07-03,Running,Late afternoon Run,A better day and a better performance.  Felt happy after finishing it.,2026-07-03_18-36-46_hk_1783084006.fit,661,2026-07-03T13:17:47.000Z,660.000,1515.2,,,79,2.301,37.4,29.470374,77.718042
2026-07-03,Running,Late afternoon Run,A better day and a better performance.  Felt happy after finishing it.,2026-07-03_18-36-46_hk_1783084006.fit,662,2026-07-03T13:17:48.000Z,661.000,1517.57,,,79,2.308,37.4,29.470356,77.718042
2026-07-03,Running,Late afternoon Run,A better day and a better performance.  Felt happy after finishing it.,2026-07-03_18-36-46_hk_1783084006.fit,663,2026-07-03T13:17:49.000Z,662.000,1519.96,,,76,2.315,37.4,29.470338,77.718042
2026-07-03,Running,Late afternoon Run,A better day and a better performance.  Felt happy after finishing it.,2026-07-03_18-36-46_hk_1783084006.fit,664,2026-07-03T13:17:50.000Z,663.000,1522.25,,,76,2.315,37.4,29.470302,77.718024
2026-07-03,Running,Late afternoon Run,A better day and a better performance.  Felt happy after finishing it.,2026-07-03_18-36-46_hk_1783084006.fit,665,2026-07-03T13:17:51.000Z,664.000,1524.51,,,76,2.311,37.4,29.470284,77.718024
2026-07-03,Running,Late afternoon Run,A better day and a better performance.  Felt happy after finishing it.,2026-07-03_18-36-46_hk_1783084006.fit,666,2026-07-03T13:17:52.000Z,665.000,1526.75,,,78,2.305,37.4,29.470266,77.718024
2026-07-03,Running,Late afternoon Run,A better day and a better performance.  Felt happy after finishing it.,2026-07-03_18-36-46_hk_1783084006.fit,667,2026-07-03T13:17:53.000Z,666.000,1528.95,,,78,2.296,37.4,29.470248,77.718024
2026-07-03,Running,Late afternoon Run,A better day and a better performance.  Felt happy after finishing it.,2026-07-03_18-36-46_hk_1783084006.fit,668,2026-07-03T13:17:54.000Z,667.000,1531.14,,,78,2.287,37.4,29.47023,77.718024
2026-07-03,Running,Late afternoon Run,A better day and a better performance.  Felt happy after finishing it.,2026-07-03_18-36-46_hk_1783084006.fit,669,2026-07-03T13:17:55.000Z,668.000,1533.33,,,76,2.279,37.4,29.470212,77.718024
2026-07-03,Running,Late afternoon Run,A better day and a better performance.  Felt happy after finishing it.,2026-07-03_18-36-46_hk_1783084006.fit,670,2026-07-03T13:17:56.000Z,669.000,1535.55,,,76,2.273,37.4,29.470194,77.718024
2026-07-03,Running,Late afternoon Run,A better day and a better performance.  Felt happy after finishing it.,2026-07-03_18-36-46_hk_1783084006.fit,671,2026-07-03T13:17:57.000Z,670.000,1537.87,,,76,2.275,37.4,29.470176,77.718024
2026-07-03,Running,Late afternoon Run,A better day and a better performance.  Felt happy after finishing it.,2026-07-03_18-36-46_hk_1783084006.fit,672,2026-07-03T13:17:58.000Z,671.000,1540.26,,,78,2.276,37.4,29.47014,77.718024
2026-07-03,Running,Late afternoon Run,A better day and a better performance.  Felt happy after finishing it.,2026-07-03_18-36-46_hk_1783084006.fit,673,2026-07-03T13:17:59.000Z,672.000,1542.65,,,78,2.28,37.4,29.470122,77.718024
2026-07-03,Running,Late afternoon Run,A better day and a better performance.  Felt happy after finishing it.,2026-07-03_18-36-46_hk_1783084006.fit,674,2026-07-03T13:18:00.000Z,673.000,1544.98,,,78,2.279,37.4,29.470104,77.718024
2026-07-03,Running,Late afternoon Run,A better day and a better performance.  Felt happy after finishing it.,2026-07-03_18-36-46_hk_1783084006.fit,675,2026-07-03T13:18:01.000Z,674.000,1547.24,,,77,2.279,37.4,29.470086,77.718024
2026-07-03,Running,Late afternoon Run,A better day and a better performance.  Felt happy after finishing it.,2026-07-03_18-36-46_hk_1783084006.fit,676,2026-07-03T13:18:02.000Z,675.000,1549.5,,,77,2.271,37.4,29.470068,77.718024
2026-07-03,Running,Late afternoon Run,A better day and a better performance.  Felt happy after finishing it.,2026-07-03_18-36-46_hk_1783084006.fit,677,2026-07-03T13:18:03.000Z,676.000,1551.77,,,77,2.265,37.4,29.47005,77.718042
2026-07-03,Running,Late afternoon Run,A better day and a better performance.  Felt happy after finishing it.,2026-07-03_18-36-46_hk_1783084006.fit,678,2026-07-03T13:18:04.000Z,677.000,1553.95,,,79,2.26,37.39,29.470032,77.718042
2026-07-03,Running,Late afternoon Run,A better day and a better performance.  Felt happy after finishing it.,2026-07-03_18-36-46_hk_1783084006.fit,679,2026-07-03T13:18:05.000Z,678.000,1556.09,,,79,2.258,37.39,29.470014,77.718042
2026-07-03,Running,Late afternoon Run,A better day and a better performance.  Felt happy after finishing it.,2026-07-03_18-36-46_hk_1783084006.fit,680,2026-07-03T13:18:06.000Z,679.000,1558.26,,,79,2.262,37.39,29.469996,77.71806
2026-07-03,Running,Late afternoon Run,A better day and a better performance.  Felt happy after finishing it.,2026-07-03_18-36-46_hk_1783084006.fit,681,2026-07-03T13:18:07.000Z,680.000,1560.47,,,76,2.266,37.39,29.469978,77.71806
2026-07-03,Running,Late afternoon Run,A better day and a better performance.  Felt happy after finishing it.,2026-07-03_18-36-46_hk_1783084006.fit,682,2026-07-03T13:18:08.000Z,681.000,1562.72,,,76,2.266,37.39,29.46996,77.718078
2026-07-03,Running,Late afternoon Run,A better day and a better performance.  Felt happy after finishing it.,2026-07-03_18-36-46_hk_1783084006.fit,683,2026-07-03T13:18:09.000Z,682.000,1564.95,,,76,2.264,37.39,29.469942,77.718078
2026-07-03,Running,Late afternoon Run,A better day and a better performance.  Felt happy after finishing it.,2026-07-03_18-36-46_hk_1783084006.fit,684,2026-07-03T13:18:10.000Z,683.000,1567.23,,,76,2.262,37.39,29.469924,77.718096
2026-07-03,Running,Late afternoon Run,A better day and a better performance.  Felt happy after finishing it.,2026-07-03_18-36-46_hk_1783084006.fit,685,2026-07-03T13:18:11.000Z,684.000,1569.55,,,76,2.26,37.39,29.469906,77.718096
2026-07-03,Running,Late afternoon Run,A better day and a better performance.  Felt happy after finishing it.,2026-07-03_18-36-46_hk_1783084006.fit,686,2026-07-03T13:18:12.000Z,685.000,1571.87,,,76,2.257,37.39,29.469888,77.718114
2026-07-03,Running,Late afternoon Run,A better day and a better performance.  Felt happy after finishing it.,2026-07-03_18-36-46_hk_1783084006.fit,687,2026-07-03T13:18:13.000Z,686.000,1574.22,,,76,2.26,37.39,29.46987,77.718132
2026-07-03,Running,Late afternoon Run,A better day and a better performance.  Felt happy after finishing it.,2026-07-03_18-36-46_hk_1783084006.fit,688,2026-07-03T13:18:14.000Z,687.000,1576.61,,,76,2.265,37.39,29.469852,77.718132
2026-07-03,Running,Late afternoon Run,A better day and a better performance.  Felt happy after finishing it.,2026-07-03_18-36-46_hk_1783084006.fit,689,2026-07-03T13:18:15.000Z,688.000,1578.98,,,76,2.274,37.39,29.469834,77.71815
2026-07-03,Running,Late afternoon Run,A better day and a better performance.  Felt happy after finishing it.,2026-07-03_18-36-46_hk_1783084006.fit,690,2026-07-03T13:18:16.000Z,689.000,1581.34,,,76,2.281,37.39,29.469816,77.718168
2026-07-03,Running,Late afternoon Run,A better day and a better performance.  Felt happy after finishing it.,2026-07-03_18-36-46_hk_1783084006.fit,691,2026-07-03T13:18:17.000Z,690.000,1583.67,,,76,2.288,37.39,29.469798,77.718186
2026-07-03,Running,Late afternoon Run,A better day and a better performance.  Felt happy after finishing it.,2026-07-03_18-36-46_hk_1783084006.fit,692,2026-07-03T13:18:18.000Z,691.000,1585.91,,,76,2.289,37.39,29.46978,77.718204
2026-07-03,Running,Late afternoon Run,A better day and a better performance.  Felt happy after finishing it.,2026-07-03_18-36-46_hk_1783084006.fit,693,2026-07-03T13:18:19.000Z,692.000,1588.08,,,76,2.283,37.39,29.46978,77.718222
2026-07-03,Running,Late afternoon Run,A better day and a better performance.  Felt happy after finishing it.,2026-07-03_18-36-46_hk_1783084006.fit,694,2026-07-03T13:18:20.000Z,693.000,1590.3,,,76,2.275,37.39,29.469762,77.71824
2026-07-03,Running,Late afternoon Run,A better day and a better performance.  Felt happy after finishing it.,2026-07-03_18-36-46_hk_1783084006.fit,695,2026-07-03T13:18:21.000Z,694.000,1592.54,,,76,2.273,37.39,29.469762,77.718258
2026-07-03,Running,Late afternoon Run,A better day and a better performance.  Felt happy after finishing it.,2026-07-03_18-36-46_hk_1783084006.fit,696,2026-07-03T13:18:22.000Z,695.000,1594.74,,,76,2.265,37.39,29.469744,77.718276
2026-07-03,Running,Late afternoon Run,A better day and a better performance.  Felt happy after finishing it.,2026-07-03_18-36-46_hk_1783084006.fit,697,2026-07-03T13:18:23.000Z,696.000,1596.94,,,76,2.26,37.39,29.469744,77.718312
2026-07-03,Running,Late afternoon Run,A better day and a better performance.  Felt happy after finishing it.,2026-07-03_18-36-46_hk_1783084006.fit,698,2026-07-03T13:18:24.000Z,697.000,1599.19,,,76,2.259,37.39,29.469726,77.71833
2026-07-03,Running,Late afternoon Run,A better day and a better performance.  Felt happy after finishing it.,2026-07-03_18-36-46_hk_1783084006.fit,699,2026-07-03T13:18:25.000Z,698.000,1601.43,,,76,2.258,37.39,29.469726,77.718348
2026-07-03,Running,Late afternoon Run,A better day and a better performance.  Felt happy after finishing it.,2026-07-03_18-36-46_hk_1783084006.fit,700,2026-07-03T13:18:26.000Z,699.000,1603.71,,,76,2.258,37.39,29.469726,77.718366
2026-07-03,Running,Late afternoon Run,A better day and a better performance.  Felt happy after finishing it.,2026-07-03_18-36-46_hk_1783084006.fit,701,2026-07-03T13:18:27.000Z,700.000,1606.09,,,76,2.267,37.39,29.469726,77.718402
2026-07-03,Running,Late afternoon Run,A better day and a better performance.  Felt happy after finishing it.,2026-07-03_18-36-46_hk_1783084006.fit,702,2026-07-03T13:18:28.000Z,701.000,1608.49,,,76,2.284,37.39,29.469708,77.71842
2026-07-03,Running,Late afternoon Run,A better day and a better performance.  Felt happy after finishing it.,2026-07-03_18-36-46_hk_1783084006.fit,703,2026-07-03T13:18:29.000Z,702.000,1610.84,,,76,2.289,37.39,29.469708,77.718438
2026-07-03,Running,Late afternoon Run,A better day and a better performance.  Felt happy after finishing it.,2026-07-03_18-36-46_hk_1783084006.fit,704,2026-07-03T13:18:30.000Z,703.000,1613.11,,,76,2.291,37.39,29.469708,77.718474
2026-07-03,Running,Late afternoon Run,A better day and a better performance.  Felt happy after finishing it.,2026-07-03_18-36-46_hk_1783084006.fit,705,2026-07-03T13:18:31.000Z,704.000,1615.41,,,76,2.294,37.39,29.469708,77.718492
2026-07-03,Running,Late afternoon Run,A better day and a better performance.  Felt happy after finishing it.,2026-07-03_18-36-46_hk_1783084006.fit,706,2026-07-03T13:18:32.000Z,705.000,1617.78,,,76,2.298,37.39,29.469708,77.71851
2026-07-03,Running,Late afternoon Run,A better day and a better performance.  Felt happy after finishing it.,2026-07-03_18-36-46_hk_1783084006.fit,707,2026-07-03T13:18:33.000Z,706.000,1620.16,,,76,2.301,37.39,29.469726,77.718546
2026-07-03,Running,Late afternoon Run,A better day and a better performance.  Felt happy after finishing it.,2026-07-03_18-36-46_hk_1783084006.fit,708,2026-07-03T13:18:34.000Z,707.000,1622.52,,,76,2.302,37.39,29.469726,77.718564
2026-07-03,Running,Late afternoon Run,A better day and a better performance.  Felt happy after finishing it.,2026-07-03_18-36-46_hk_1783084006.fit,709,2026-07-03T13:18:35.000Z,708.000,1624.89,,,76,2.303,37.39,29.469744,77.718582
2026-07-03,Running,Late afternoon Run,A better day and a better performance.  Felt happy after finishing it.,2026-07-03_18-36-46_hk_1783084006.fit,710,2026-07-03T13:18:36.000Z,709.000,1627.26,,,76,2.302,37.39,29.469744,77.718618
2026-07-03,Running,Late afternoon Run,A better day and a better performance.  Felt happy after finishing it.,2026-07-03_18-36-46_hk_1783084006.fit,711,2026-07-03T13:18:37.000Z,710.000,1629.58,,,76,2.3,37.39,29.469762,77.718636
2026-07-03,Running,Late afternoon Run,A better day and a better performance.  Felt happy after finishing it.,2026-07-03_18-36-46_hk_1783084006.fit,712,2026-07-03T13:18:38.000Z,711.000,1631.85,,,76,2.296,37.39,29.469762,77.718654
2026-07-03,Running,Late afternoon Run,A better day and a better performance.  Felt happy after finishing it.,2026-07-03_18-36-46_hk_1783084006.fit,713,2026-07-03T13:18:39.000Z,712.000,1634.17,,,76,2.296,37.39,29.46978,77.718672
2026-07-03,Running,Late afternoon Run,A better day and a better performance.  Felt happy after finishing it.,2026-07-03_18-36-46_hk_1783084006.fit,714,2026-07-03T13:18:40.000Z,713.000,1636.58,,,76,2.304,37.39,29.46978,77.71869
2026-07-03,Running,Late afternoon Run,A better day and a better performance.  Felt happy after finishing it.,2026-07-03_18-36-46_hk_1783084006.fit,715,2026-07-03T13:18:41.000Z,714.000,1639,,,76,2.315,37.39,29.469798,77.718708
2026-07-03,Running,Late afternoon Run,A better day and a better performance.  Felt happy after finishing it.,2026-07-03_18-36-46_hk_1783084006.fit,716,2026-07-03T13:18:42.000Z,715.000,1641.44,,,76,2.324,37.38,29.469816,77.718744
2026-07-03,Running,Late afternoon Run,A better day and a better performance.  Felt happy after finishing it.,2026-07-03_18-36-46_hk_1783084006.fit,717,2026-07-03T13:18:43.000Z,716.000,1643.88,,,76,2.334,37.38,29.469816,77.718762
2026-07-03,Running,Late afternoon Run,A better day and a better performance.  Felt happy after finishing it.,2026-07-03_18-36-46_hk_1783084006.fit,718,2026-07-03T13:18:44.000Z,717.000,1646.27,,,76,2.342,37.38,29.469834,77.71878
2026-07-03,Running,Late afternoon Run,A better day and a better performance.  Felt happy after finishing it.,2026-07-03_18-36-46_hk_1783084006.fit,719,2026-07-03T13:18:45.000Z,718.000,1648.6,,,76,2.348,37.38,29.469852,77.718798
2026-07-03,Running,Late afternoon Run,A better day and a better performance.  Felt happy after finishing it.,2026-07-03_18-36-46_hk_1783084006.fit,720,2026-07-03T13:18:46.000Z,719.000,1650.92,,,76,2.352,37.38,29.469852,77.718816
2026-07-03,Running,Late afternoon Run,A better day and a better performance.  Felt happy after finishing it.,2026-07-03_18-36-46_hk_1783084006.fit,721,2026-07-03T13:18:47.000Z,720.000,1653.26,,,76,2.356,37.38,29.46987,77.718834
2026-07-03,Running,Late afternoon Run,A better day and a better performance.  Felt happy after finishing it.,2026-07-03_18-36-46_hk_1783084006.fit,722,2026-07-03T13:18:48.000Z,721.000,1655.6,,,76,2.359,37.38,29.469888,77.718852
2026-07-03,Running,Late afternoon Run,A better day and a better performance.  Felt happy after finishing it.,2026-07-03_18-36-46_hk_1783084006.fit,723,2026-07-03T13:18:49.000Z,722.000,1657.97,,,76,2.358,37.38,29.469906,77.718852
2026-07-03,Running,Late afternoon Run,A better day and a better performance.  Felt happy after finishing it.,2026-07-03_18-36-46_hk_1783084006.fit,724,2026-07-03T13:18:50.000Z,723.000,1660.38,,,76,2.358,37.38,29.469924,77.71887
2026-07-03,Running,Late afternoon Run,A better day and a better performance.  Felt happy after finishing it.,2026-07-03_18-36-46_hk_1783084006.fit,725,2026-07-03T13:18:51.000Z,724.000,1662.76,,,76,2.36,37.38,29.469942,77.71887
2026-07-03,Running,Late afternoon Run,A better day and a better performance.  Felt happy after finishing it.,2026-07-03_18-36-46_hk_1783084006.fit,726,2026-07-03T13:18:52.000Z,725.000,1665.09,,,76,2.363,37.38,29.46996,77.718888
2026-07-03,Running,Late afternoon Run,A better day and a better performance.  Felt happy after finishing it.,2026-07-03_18-36-46_hk_1783084006.fit,727,2026-07-03T13:18:53.000Z,726.000,1667.4,,,76,2.363,37.38,29.469978,77.718906
2026-07-03,Running,Late afternoon Run,A better day and a better performance.  Felt happy after finishing it.,2026-07-03_18-36-46_hk_1783084006.fit,728,2026-07-03T13:18:54.000Z,727.000,1669.74,,,76,2.362,37.38,29.470014,77.718906
2026-07-03,Running,Late afternoon Run,A better day and a better performance.  Felt happy after finishing it.,2026-07-03_18-36-46_hk_1783084006.fit,729,2026-07-03T13:18:55.000Z,728.000,1672.11,,,76,2.361,37.38,29.470032,77.718924
2026-07-03,Running,Late afternoon Run,A better day and a better performance.  Felt happy after finishing it.,2026-07-03_18-36-46_hk_1783084006.fit,730,2026-07-03T13:18:56.000Z,729.000,1674.46,,,76,2.361,37.38,29.47005,77.718924
2026-07-03,Running,Late afternoon Run,A better day and a better performance.  Felt happy after finishing it.,2026-07-03_18-36-46_hk_1783084006.fit,731,2026-07-03T13:18:57.000Z,730.000,1676.77,,,76,2.358,37.38,29.470068,77.718924
2026-07-03,Running,Late afternoon Run,A better day and a better performance.  Felt happy after finishing it.,2026-07-03_18-36-46_hk_1783084006.fit,732,2026-07-03T13:18:58.000Z,731.000,1679.05,,,79,2.354,37.38,29.470086,77.718942
2026-07-03,Running,Late afternoon Run,A better day and a better performance.  Felt happy after finishing it.,2026-07-03_18-36-46_hk_1783084006.fit,733,2026-07-03T13:18:59.000Z,732.000,1681.28,,,79,2.35,37.38,29.470104,77.718942
2026-07-03,Running,Late afternoon Run,A better day and a better performance.  Felt happy after finishing it.,2026-07-03_18-36-46_hk_1783084006.fit,734,2026-07-03T13:19:00.000Z,733.000,1683.48,,,79,2.347,37.38,29.470122,77.718942
2026-07-03,Running,Late afternoon Run,A better day and a better performance.  Felt happy after finishing it.,2026-07-03_18-36-46_hk_1783084006.fit,735,2026-07-03T13:19:01.000Z,734.000,1685.63,,,77,2.339,37.38,29.47014,77.718942
2026-07-03,Running,Late afternoon Run,A better day and a better performance.  Felt happy after finishing it.,2026-07-03_18-36-46_hk_1783084006.fit,736,2026-07-03T13:19:02.000Z,735.000,1687.75,,,77,2.326,37.38,29.470158,77.718942
2026-07-03,Running,Late afternoon Run,A better day and a better performance.  Felt happy after finishing it.,2026-07-03_18-36-46_hk_1783084006.fit,737,2026-07-03T13:19:03.000Z,736.000,1689.95,,,77,2.316,37.38,29.470176,77.718942
2026-07-03,Running,Late afternoon Run,A better day and a better performance.  Felt happy after finishing it.,2026-07-03_18-36-46_hk_1783084006.fit,738,2026-07-03T13:19:04.000Z,737.000,1692.21,,,78,2.308,37.38,29.470212,77.718942
2026-07-03,Running,Late afternoon Run,A better day and a better performance.  Felt happy after finishing it.,2026-07-03_18-36-46_hk_1783084006.fit,739,2026-07-03T13:19:05.000Z,738.000,1694.38,,,78,2.295,37.38,29.47023,77.718942
2026-07-03,Running,Late afternoon Run,A better day and a better performance.  Felt happy after finishing it.,2026-07-03_18-36-46_hk_1783084006.fit,740,2026-07-03T13:19:06.000Z,739.000,1696.47,,,78,2.282,37.38,29.470248,77.718942
2026-07-03,Running,Late afternoon Run,A better day and a better performance.  Felt happy after finishing it.,2026-07-03_18-36-46_hk_1783084006.fit,741,2026-07-03T13:19:07.000Z,740.000,1698.53,,,76,2.272,37.38,29.470266,77.71896
2026-07-03,Running,Late afternoon Run,A better day and a better performance.  Felt happy after finishing it.,2026-07-03_18-36-46_hk_1783084006.fit,742,2026-07-03T13:19:08.000Z,741.000,1700.61,,,76,2.262,37.38,29.470284,77.71896
2026-07-03,Running,Late afternoon Run,A better day and a better performance.  Felt happy after finishing it.,2026-07-03_18-36-46_hk_1783084006.fit,743,2026-07-03T13:19:09.000Z,742.000,1702.78,,,76,2.254,37.38,29.470302,77.71896
2026-07-03,Running,Late afternoon Run,A better day and a better performance.  Felt happy after finishing it.,2026-07-03_18-36-46_hk_1783084006.fit,744,2026-07-03T13:19:10.000Z,743.000,1705.02,,,79,2.251,37.38,29.47032,77.71896
2026-07-03,Running,Late afternoon Run,A better day and a better performance.  Felt happy after finishing it.,2026-07-03_18-36-46_hk_1783084006.fit,745,2026-07-03T13:19:11.000Z,744.000,1707.32,,,79,2.249,37.37,29.470338,77.71896
2026-07-03,Running,Late afternoon Run,A better day and a better performance.  Felt happy after finishing it.,2026-07-03_18-36-46_hk_1783084006.fit,746,2026-07-03T13:19:12.000Z,745.000,1709.64,,,79,2.247,37.37,29.470356,77.71896
2026-07-03,Running,Late afternoon Run,A better day and a better performance.  Felt happy after finishing it.,2026-07-03_18-36-46_hk_1783084006.fit,747,2026-07-03T13:19:13.000Z,746.000,1711.99,,,76,2.244,37.37,29.470374,77.71896
2026-07-03,Running,Late afternoon Run,A better day and a better performance.  Felt happy after finishing it.,2026-07-03_18-36-46_hk_1783084006.fit,748,2026-07-03T13:19:14.000Z,747.000,1714.32,,,76,2.242,37.37,29.47041,77.718978
2026-07-03,Running,Late afternoon Run,A better day and a better performance.  Felt happy after finishing it.,2026-07-03_18-36-46_hk_1783084006.fit,749,2026-07-03T13:19:15.000Z,748.000,1716.64,,,76,2.241,37.37,29.470428,77.718978
2026-07-03,Running,Late afternoon Run,A better day and a better performance.  Felt happy after finishing it.,2026-07-03_18-36-46_hk_1783084006.fit,750,2026-07-03T13:19:16.000Z,749.000,1718.94,,,79,2.241,37.37,29.470446,77.718978
2026-07-03,Running,Late afternoon Run,A better day and a better performance.  Felt happy after finishing it.,2026-07-03_18-36-46_hk_1783084006.fit,751,2026-07-03T13:19:17.000Z,750.000,1721.17,,,79,2.236,37.37,29.470464,77.718996
2026-07-03,Running,Late afternoon Run,A better day and a better performance.  Felt happy after finishing it.,2026-07-03_18-36-46_hk_1783084006.fit,752,2026-07-03T13:19:18.000Z,751.000,1723.38,,,79,2.229,37.37,29.470482,77.718996
2026-07-03,Running,Late afternoon Run,A better day and a better performance.  Felt happy after finishing it.,2026-07-03_18-36-46_hk_1783084006.fit,753,2026-07-03T13:19:19.000Z,752.000,1725.63,,,76,2.225,37.37,29.4705,77.718996
2026-07-03,Running,Late afternoon Run,A better day and a better performance.  Felt happy after finishing it.,2026-07-03_18-36-46_hk_1783084006.fit,754,2026-07-03T13:19:20.000Z,753.000,1728,,,76,2.227,37.37,29.470518,77.718996
2026-07-03,Running,Late afternoon Run,A better day and a better performance.  Felt happy after finishing it.,2026-07-03_18-36-46_hk_1783084006.fit,755,2026-07-03T13:19:21.000Z,754.000,1730.51,,,76,2.238,37.37,29.470536,77.719014
2026-07-03,Running,Late afternoon Run,A better day and a better performance.  Felt happy after finishing it.,2026-07-03_18-36-46_hk_1783084006.fit,756,2026-07-03T13:19:22.000Z,755.000,1733.07,,,76,2.251,37.38,29.470572,77.719014
2026-07-03,Running,Late afternoon Run,A better day and a better performance.  Felt happy after finishing it.,2026-07-03_18-36-46_hk_1783084006.fit,757,2026-07-03T13:19:23.000Z,756.000,1735.5,,,76,2.262,37.38,29.47059,77.719014
2026-07-03,Running,Late afternoon Run,A better day and a better performance.  Felt happy after finishing it.,2026-07-03_18-36-46_hk_1783084006.fit,758,2026-07-03T13:19:24.000Z,757.000,1737.78,,,76,2.274,37.38,29.470608,77.719014
2026-07-03,Running,Late afternoon Run,A better day and a better performance.  Felt happy after finishing it.,2026-07-03_18-36-46_hk_1783084006.fit,759,2026-07-03T13:19:25.000Z,758.000,1739.97,,,76,2.274,37.38,29.470626,77.719014
2026-07-03,Running,Late afternoon Run,A better day and a better performance.  Felt happy after finishing it.,2026-07-03_18-36-46_hk_1783084006.fit,760,2026-07-03T13:19:26.000Z,759.000,1742.18,,,76,2.271,37.38,29.470644,77.719032
2026-07-03,Running,Late afternoon Run,A better day and a better performance.  Felt happy after finishing it.,2026-07-03_18-36-46_hk_1783084006.fit,761,2026-07-03T13:19:27.000Z,760.000,1744.45,,,76,2.276,37.37,29.470662,77.719032
2026-07-03,Running,Late afternoon Run,A better day and a better performance.  Felt happy after finishing it.,2026-07-03_18-36-46_hk_1783084006.fit,762,2026-07-03T13:19:28.000Z,761.000,1746.75,,,79,2.285,37.37,29.47068,77.719032
2026-07-03,Running,Late afternoon Run,A better day and a better performance.  Felt happy after finishing it.,2026-07-03_18-36-46_hk_1783084006.fit,763,2026-07-03T13:19:29.000Z,762.000,1749.02,,,79,2.295,37.37,29.470716,77.719032
2026-07-03,Running,Late afternoon Run,A better day and a better performance.  Felt happy after finishing it.,2026-07-03_18-36-46_hk_1783084006.fit,764,2026-07-03T13:19:30.000Z,763.000,1751.29,,,79,2.304,37.37,29.470734,77.719014
2026-07-03,Running,Late afternoon Run,A better day and a better performance.  Felt happy after finishing it.,2026-07-03_18-36-46_hk_1783084006.fit,765,2026-07-03T13:19:31.000Z,764.000,1753.63,,,76,2.311,37.37,29.470752,77.719014
2026-07-03,Running,Late afternoon Run,A better day and a better performance.  Felt happy after finishing it.,2026-07-03_18-36-46_hk_1783084006.fit,766,2026-07-03T13:19:32.000Z,765.000,1756.04,,,76,2.319,37.37,29.47077,77.719014
2026-07-03,Running,Late afternoon Run,A better day and a better performance.  Felt happy after finishing it.,2026-07-03_18-36-46_hk_1783084006.fit,767,2026-07-03T13:19:33.000Z,766.000,1758.51,,,76,2.327,37.37,29.470788,77.719014
2026-07-03,Running,Late afternoon Run,A better day and a better performance.  Felt happy after finishing it.,2026-07-03_18-36-46_hk_1783084006.fit,768,2026-07-03T13:19:34.000Z,767.000,1760.93,,,78,2.331,37.37,29.470806,77.718996
2026-07-03,Running,Late afternoon Run,A better day and a better performance.  Felt happy after finishing it.,2026-07-03_18-36-46_hk_1783084006.fit,769,2026-07-03T13:19:35.000Z,768.000,1763.32,,,78,2.333,37.37,29.470842,77.718996
2026-07-03,Running,Late afternoon Run,A better day and a better performance.  Felt happy after finishing it.,2026-07-03_18-36-46_hk_1783084006.fit,770,2026-07-03T13:19:36.000Z,769.000,1765.69,,,78,2.335,37.37,29.47086,77.718978
2026-07-03,Running,Late afternoon Run,A better day and a better performance.  Felt happy after finishing it.,2026-07-03_18-36-46_hk_1783084006.fit,771,2026-07-03T13:19:37.000Z,770.000,1768.11,,,76,2.339,37.37,29.470878,77.718978
2026-07-03,Running,Late afternoon Run,A better day and a better performance.  Felt happy after finishing it.,2026-07-03_18-36-46_hk_1783084006.fit,772,2026-07-03T13:19:38.000Z,771.000,1770.54,,,76,2.345,37.37,29.470896,77.71896
2026-07-03,Running,Late afternoon Run,A better day and a better performance.  Felt happy after finishing it.,2026-07-03_18-36-46_hk_1783084006.fit,773,2026-07-03T13:19:39.000Z,772.000,1772.82,,,76,2.348,37.37,29.470914,77.71896
2026-07-03,Running,Late afternoon Run,A better day and a better performance.  Felt happy after finishing it.,2026-07-03_18-36-46_hk_1783084006.fit,774,2026-07-03T13:19:40.000Z,773.000,1775.01,,,76,2.347,37.37,29.470932,77.718942
2026-07-03,Running,Late afternoon Run,A better day and a better performance.  Felt happy after finishing it.,2026-07-03_18-36-46_hk_1783084006.fit,775,2026-07-03T13:19:41.000Z,774.000,1777.28,,,76,2.348,37.37,29.47095,77.718924
2026-07-03,Running,Late afternoon Run,A better day and a better performance.  Felt happy after finishing it.,2026-07-03_18-36-46_hk_1783084006.fit,776,2026-07-03T13:19:42.000Z,775.000,1779.64,,,76,2.347,37.37,29.47095,77.718906
2026-07-03,Running,Late afternoon Run,A better day and a better performance.  Felt happy after finishing it.,2026-07-03_18-36-46_hk_1783084006.fit,777,2026-07-03T13:19:43.000Z,776.000,1782.02,,,76,2.341,37.36,29.470968,77.718888
2026-07-03,Running,Late afternoon Run,A better day and a better performance.  Felt happy after finishing it.,2026-07-03_18-36-46_hk_1783084006.fit,778,2026-07-03T13:19:44.000Z,777.000,1784.49,,,76,2.337,37.36,29.470986,77.71887
2026-07-03,Running,Late afternoon Run,A better day and a better performance.  Felt happy after finishing it.,2026-07-03_18-36-46_hk_1783084006.fit,779,2026-07-03T13:19:45.000Z,778.000,1787.1,,,76,2.345,37.36,29.471004,77.718852
2026-07-03,Running,Late afternoon Run,A better day and a better performance.  Felt happy after finishing it.,2026-07-03_18-36-46_hk_1783084006.fit,780,2026-07-03T13:19:46.000Z,779.000,1789.78,,,76,2.364,37.36,29.471004,77.718816
2026-07-03,Running,Late afternoon Run,A better day and a better performance.  Felt happy after finishing it.,2026-07-03_18-36-46_hk_1783084006.fit,781,2026-07-03T13:19:47.000Z,780.000,1792.39,,,76,2.391,37.36,29.471022,77.718798
2026-07-03,Running,Late afternoon Run,A better day and a better performance.  Felt happy after finishing it.,2026-07-03_18-36-46_hk_1783084006.fit,782,2026-07-03T13:19:48.000Z,781.000,1794.87,,,76,2.401,37.36,29.47104,77.71878
2026-07-03,Running,Late afternoon Run,A better day and a better performance.  Felt happy after finishing it.,2026-07-03_18-36-46_hk_1783084006.fit,783,2026-07-03T13:19:49.000Z,782.000,1797.23,,,77,2.404,37.36,29.47104,77.718762
2026-07-03,Running,Late afternoon Run,A better day and a better performance.  Felt happy after finishing it.,2026-07-03_18-36-46_hk_1783084006.fit,784,2026-07-03T13:19:50.000Z,783.000,1799.54,,,77,2.406,37.36,29.471058,77.718744
2026-07-03,Running,Late afternoon Run,A better day and a better performance.  Felt happy after finishing it.,2026-07-03_18-36-46_hk_1783084006.fit,785,2026-07-03T13:19:51.000Z,784.000,1801.79,,,77,2.405,37.36,29.471058,77.718708
2026-07-03,Running,Late afternoon Run,A better day and a better performance.  Felt happy after finishing it.,2026-07-03_18-36-46_hk_1783084006.fit,786,2026-07-03T13:19:52.000Z,785.000,1804.09,,,78,2.403,37.36,29.471076,77.71869
2026-07-03,Running,Late afternoon Run,A better day and a better performance.  Felt happy after finishing it.,2026-07-03_18-36-46_hk_1783084006.fit,787,2026-07-03T13:19:53.000Z,786.000,1806.44,,,78,2.4,37.36,29.471076,77.718672
2026-07-03,Running,Late afternoon Run,A better day and a better performance.  Felt happy after finishing it.,2026-07-03_18-36-46_hk_1783084006.fit,788,2026-07-03T13:19:54.000Z,787.000,1808.78,,,78,2.394,37.36,29.471076,77.718654
2026-07-03,Running,Late afternoon Run,A better day and a better performance.  Felt happy after finishing it.,2026-07-03_18-36-46_hk_1783084006.fit,789,2026-07-03T13:19:55.000Z,788.000,1811.08,,,78,2.388,37.36,29.471094,77.718618
2026-07-03,Running,Late afternoon Run,A better day and a better performance.  Felt happy after finishing it.,2026-07-03_18-36-46_hk_1783084006.fit,790,2026-07-03T13:19:56.000Z,789.000,1813.39,,,78,2.384,37.36,29.471094,77.7186
2026-07-03,Running,Late afternoon Run,A better day and a better performance.  Felt happy after finishing it.,2026-07-03_18-36-46_hk_1783084006.fit,791,2026-07-03T13:19:57.000Z,790.000,1815.68,,,78,2.38,37.36,29.471094,77.718582
2026-07-03,Running,Late afternoon Run,A better day and a better performance.  Felt happy after finishing it.,2026-07-03_18-36-46_hk_1783084006.fit,792,2026-07-03T13:19:58.000Z,791.000,1817.88,,,79,2.372,37.36,29.471094,77.718564
2026-07-03,Running,Late afternoon Run,A better day and a better performance.  Felt happy after finishing it.,2026-07-03_18-36-46_hk_1783084006.fit,793,2026-07-03T13:19:59.000Z,792.000,1820.01,,,79,2.359,37.36,29.471094,77.718528
2026-07-03,Running,Late afternoon Run,A better day and a better performance.  Felt happy after finishing it.,2026-07-03_18-36-46_hk_1783084006.fit,794,2026-07-03T13:20:00.000Z,793.000,1822.16,,,79,2.347,37.36,29.471094,77.71851
2026-07-03,Running,Late afternoon Run,A better day and a better performance.  Felt happy after finishing it.,2026-07-03_18-36-46_hk_1783084006.fit,795,2026-07-03T13:20:01.000Z,794.000,1824.35,,,77,2.342,37.36,29.471094,77.718492
2026-07-03,Running,Late afternoon Run,A better day and a better performance.  Felt happy after finishing it.,2026-07-03_18-36-46_hk_1783084006.fit,796,2026-07-03T13:20:02.000Z,795.000,1826.58,,,77,2.344,37.36,29.471094,77.718474
2026-07-03,Running,Late afternoon Run,A better day and a better performance.  Felt happy after finishing it.,2026-07-03_18-36-46_hk_1783084006.fit,797,2026-07-03T13:20:03.000Z,796.000,1828.8,,,77,2.342,37.36,29.471094,77.718438
2026-07-03,Running,Late afternoon Run,A better day and a better performance.  Felt happy after finishing it.,2026-07-03_18-36-46_hk_1783084006.fit,798,2026-07-03T13:20:04.000Z,797.000,1830.93,,,79,2.332,37.36,29.471076,77.71842
2026-07-03,Running,Late afternoon Run,A better day and a better performance.  Felt happy after finishing it.,2026-07-03_18-36-46_hk_1783084006.fit,799,2026-07-03T13:20:05.000Z,798.000,1833.05,,,79,2.32,37.36,29.471076,77.718402
2026-07-03,Running,Late afternoon Run,A better day and a better performance.  Felt happy after finishing it.,2026-07-03_18-36-46_hk_1783084006.fit,800,2026-07-03T13:20:06.000Z,799.000,1835.22,,,79,2.306,37.36,29.471058,77.718384
2026-07-03,Running,Late afternoon Run,A better day and a better performance.  Felt happy after finishing it.,2026-07-03_18-36-46_hk_1783084006.fit,801,2026-07-03T13:20:07.000Z,800.000,1837.47,,,76,2.29,37.36,29.471058,77.718366
2026-07-03,Running,Late afternoon Run,A better day and a better performance.  Felt happy after finishing it.,2026-07-03_18-36-46_hk_1783084006.fit,802,2026-07-03T13:20:08.000Z,801.000,1839.78,,,76,2.273,37.36,29.47104,77.718348
2026-07-03,Running,Late afternoon Run,A better day and a better performance.  Felt happy after finishing it.,2026-07-03_18-36-46_hk_1783084006.fit,803,2026-07-03T13:20:09.000Z,802.000,1842.18,,,76,2.278,37.36,29.471022,77.71833
2026-07-03,Running,Late afternoon Run,A better day and a better performance.  Felt happy after finishing it.,2026-07-03_18-36-46_hk_1783084006.fit,804,2026-07-03T13:20:10.000Z,803.000,1844.66,,,76,2.272,37.36,29.471022,77.718294
2026-07-03,Running,Late afternoon Run,A better day and a better performance.  Felt happy after finishing it.,2026-07-03_18-36-46_hk_1783084006.fit,805,2026-07-03T13:20:11.000Z,804.000,1847.11,,,76,2.271,37.36,29.471004,77.718276
2026-07-03,Running,Late afternoon Run,A better day and a better performance.  Felt happy after finishing it.,2026-07-03_18-36-46_hk_1783084006.fit,806,2026-07-03T13:20:12.000Z,805.000,1849.45,,,76,2.27,37.36,29.470986,77.718258
2026-07-03,Running,Late afternoon Run,A better day and a better performance.  Felt happy after finishing it.,2026-07-03_18-36-46_hk_1783084006.fit,807,2026-07-03T13:20:13.000Z,806.000,1851.73,,,76,2.269,37.36,29.470986,77.71824
2026-07-03,Running,Late afternoon Run,A better day and a better performance.  Felt happy after finishing it.,2026-07-03_18-36-46_hk_1783084006.fit,808,2026-07-03T13:20:14.000Z,807.000,1853.96,,,76,2.268,37.36,29.470968,77.718222
2026-07-03,Running,Late afternoon Run,A better day and a better performance.  Felt happy after finishing it.,2026-07-03_18-36-46_hk_1783084006.fit,809,2026-07-03T13:20:15.000Z,808.000,1856.12,,,76,2.262,37.35,29.47095,77.718204
2026-07-03,Running,Late afternoon Run,A better day and a better performance.  Felt happy after finishing it.,2026-07-03_18-36-46_hk_1783084006.fit,810,2026-07-03T13:20:16.000Z,809.000,1858.22,,,76,2.251,37.35,29.470932,77.718204
2026-07-03,Running,Late afternoon Run,A better day and a better performance.  Felt happy after finishing it.,2026-07-03_18-36-46_hk_1783084006.fit,811,2026-07-03T13:20:17.000Z,810.000,1860.26,,,76,2.238,37.35,29.470932,77.718186
2026-07-03,Running,Late afternoon Run,A better day and a better performance.  Felt happy after finishing it.,2026-07-03_18-36-46_hk_1783084006.fit,812,2026-07-03T13:20:18.000Z,811.000,1862.36,,,76,2.229,37.35,29.470914,77.718168
2026-07-03,Running,Late afternoon Run,A better day and a better performance.  Felt happy after finishing it.,2026-07-03_18-36-46_hk_1783084006.fit,813,2026-07-03T13:20:19.000Z,812.000,1864.6,,,76,2.227,37.35,29.470896,77.71815
2026-07-03,Running,Late afternoon Run,A better day and a better performance.  Felt happy after finishing it.,2026-07-03_18-36-46_hk_1783084006.fit,814,2026-07-03T13:20:20.000Z,813.000,1866.94,,,76,2.229,37.35,29.470878,77.71815
2026-07-03,Running,Late afternoon Run,A better day and a better performance.  Felt happy after finishing it.,2026-07-03_18-36-46_hk_1783084006.fit,815,2026-07-03T13:20:21.000Z,814.000,1869.28,,,76,2.235,37.35,29.47086,77.718132
2026-07-03,Running,Late afternoon Run,A better day and a better performance.  Felt happy after finishing it.,2026-07-03_18-36-46_hk_1783084006.fit,816,2026-07-03T13:20:22.000Z,815.000,1871.58,,,76,2.242,37.35,29.470842,77.718132
2026-07-03,Running,Late afternoon Run,A better day and a better performance.  Felt happy after finishing it.,2026-07-03_18-36-46_hk_1783084006.fit,817,2026-07-03T13:20:23.000Z,816.000,1873.76,,,76,2.243,37.35,29.470824,77.718114
2026-07-03,Running,Late afternoon Run,A better day and a better performance.  Felt happy after finishing it.,2026-07-03_18-36-46_hk_1783084006.fit,818,2026-07-03T13:20:24.000Z,817.000,1875.84,,,76,2.238,37.35,29.470806,77.718114
2026-07-03,Running,Late afternoon Run,A better day and a better performance.  Felt happy after finishing it.,2026-07-03_18-36-46_hk_1783084006.fit,819,2026-07-03T13:20:25.000Z,818.000,1877.9,,,76,2.231,37.35,29.470788,77.718114
2026-07-03,Running,Late afternoon Run,A better day and a better performance.  Felt happy after finishing it.,2026-07-03_18-36-46_hk_1783084006.fit,820,2026-07-03T13:20:26.000Z,819.000,1879.99,,,76,2.226,37.35,29.47077,77.718096
2026-07-03,Running,Late afternoon Run,A better day and a better performance.  Felt happy after finishing it.,2026-07-03_18-36-46_hk_1783084006.fit,821,2026-07-03T13:20:27.000Z,820.000,1882.11,,,76,2.225,37.35,29.470752,77.718096
2026-07-03,Running,Late afternoon Run,A better day and a better performance.  Felt happy after finishing it.,2026-07-03_18-36-46_hk_1783084006.fit,822,2026-07-03T13:20:28.000Z,821.000,1884.33,,,76,2.229,37.35,29.470734,77.718096
2026-07-03,Running,Late afternoon Run,A better day and a better performance.  Felt happy after finishing it.,2026-07-03_18-36-46_hk_1783084006.fit,823,2026-07-03T13:20:29.000Z,822.000,1886.63,,,76,2.235,37.35,29.470698,77.718078
2026-07-03,Running,Late afternoon Run,A better day and a better performance.  Felt happy after finishing it.,2026-07-03_18-36-46_hk_1783084006.fit,824,2026-07-03T13:20:30.000Z,823.000,1888.92,,,76,2.237,37.35,29.47068,77.718078
2026-07-03,Running,Late afternoon Run,A better day and a better performance.  Felt happy after finishing it.,2026-07-03_18-36-46_hk_1783084006.fit,825,2026-07-03T13:20:31.000Z,824.000,1891.15,,,78,2.233,37.35,29.470662,77.718078
2026-07-03,Running,Late afternoon Run,A better day and a better performance.  Felt happy after finishing it.,2026-07-03_18-36-46_hk_1783084006.fit,826,2026-07-03T13:20:32.000Z,825.000,1893.38,,,78,2.226,37.35,29.470644,77.718078
2026-07-03,Running,Late afternoon Run,A better day and a better performance.  Felt happy after finishing it.,2026-07-03_18-36-46_hk_1783084006.fit,827,2026-07-03T13:20:33.000Z,826.000,1895.63,,,78,2.216,37.35,29.470626,77.718078
2026-07-03,Running,Late afternoon Run,A better day and a better performance.  Felt happy after finishing it.,2026-07-03_18-36-46_hk_1783084006.fit,828,2026-07-03T13:20:34.000Z,827.000,1897.88,,,77,2.207,37.35,29.470608,77.71806
2026-07-03,Running,Late afternoon Run,A better day and a better performance.  Felt happy after finishing it.,2026-07-03_18-36-46_hk_1783084006.fit,829,2026-07-03T13:20:35.000Z,828.000,1900.15,,,77,2.204,37.35,29.47059,77.71806
2026-07-03,Running,Late afternoon Run,A better day and a better performance.  Felt happy after finishing it.,2026-07-03_18-36-46_hk_1783084006.fit,830,2026-07-03T13:20:36.000Z,829.000,1902.52,,,77,2.208,37.35,29.470572,77.71806
2026-07-03,Running,Late afternoon Run,A better day and a better performance.  Felt happy after finishing it.,2026-07-03_18-36-46_hk_1783084006.fit,831,2026-07-03T13:20:37.000Z,830.000,1904.91,,,79,2.215,37.35,29.470536,77.71806
2026-07-03,Running,Late afternoon Run,A better day and a better performance.  Felt happy after finishing it.,2026-07-03_18-36-46_hk_1783084006.fit,832,2026-07-03T13:20:38.000Z,831.000,1907.27,,,79,2.224,37.35,29.470518,77.71806
2026-07-03,Running,Late afternoon Run,A better day and a better performance.  Felt happy after finishing it.,2026-07-03_18-36-46_hk_1783084006.fit,833,2026-07-03T13:20:39.000Z,832.000,1909.62,,,79,2.235,37.35,29.4705,77.718042
2026-07-03,Running,Late afternoon Run,A better day and a better performance.  Felt happy after finishing it.,2026-07-03_18-36-46_hk_1783084006.fit,834,2026-07-03T13:20:40.000Z,833.000,1911.95,,,76,2.248,37.35,29.470482,77.718042
2026-07-03,Running,Late afternoon Run,A better day and a better performance.  Felt happy after finishing it.,2026-07-03_18-36-46_hk_1783084006.fit,835,2026-07-03T13:20:41.000Z,834.000,1914.19,,,76,2.253,37.35,29.470464,77.718042
2026-07-03,Running,Late afternoon Run,A better day and a better performance.  Felt happy after finishing it.,2026-07-03_18-36-46_hk_1783084006.fit,836,2026-07-03T13:20:42.000Z,835.000,1916.34,,,76,2.249,37.35,29.470446,77.718042
2026-07-03,Running,Late afternoon Run,A better day and a better performance.  Felt happy after finishing it.,2026-07-03_18-36-46_hk_1783084006.fit,837,2026-07-03T13:20:43.000Z,836.000,1918.56,,,76,2.245,37.35,29.470428,77.718042
2026-07-03,Running,Late afternoon Run,A better day and a better performance.  Felt happy after finishing it.,2026-07-03_18-36-46_hk_1783084006.fit,838,2026-07-03T13:20:44.000Z,837.000,1920.89,,,76,2.244,37.34,29.470392,77.718042
2026-07-03,Running,Late afternoon Run,A better day and a better performance.  Felt happy after finishing it.,2026-07-03_18-36-46_hk_1783084006.fit,839,2026-07-03T13:20:45.000Z,838.000,1923.27,,,76,2.247,37.34,29.470374,77.718024
2026-07-03,Running,Late afternoon Run,A better day and a better performance.  Felt happy after finishing it.,2026-07-03_18-36-46_hk_1783084006.fit,840,2026-07-03T13:20:46.000Z,839.000,1925.64,,,76,2.256,37.34,29.470356,77.718024
2026-07-03,Running,Late afternoon Run,A better day and a better performance.  Felt happy after finishing it.,2026-07-03_18-36-46_hk_1783084006.fit,841,2026-07-03T13:20:47.000Z,840.000,1927.95,,,76,2.275,37.34,29.470338,77.718024
2026-07-03,Running,Late afternoon Run,A better day and a better performance.  Felt happy after finishing it.,2026-07-03_18-36-46_hk_1783084006.fit,842,2026-07-03T13:20:48.000Z,841.000,1930.24,,,76,2.284,37.34,29.47032,77.718024
2026-07-03,Running,Late afternoon Run,A better day and a better performance.  Felt happy after finishing it.,2026-07-03_18-36-46_hk_1783084006.fit,843,2026-07-03T13:20:49.000Z,842.000,1932.56,,,78,2.293,37.34,29.470302,77.718024
2026-07-03,Running,Late afternoon Run,A better day and a better performance.  Felt happy after finishing it.,2026-07-03_18-36-46_hk_1783084006.fit,844,2026-07-03T13:20:50.000Z,843.000,1934.9,,,78,2.299,37.34,29.470284,77.718024
2026-07-03,Running,Late afternoon Run,A better day and a better performance.  Felt happy after finishing it.,2026-07-03_18-36-46_hk_1783084006.fit,845,2026-07-03T13:20:51.000Z,844.000,1937.19,,,78,2.298,37.34,29.470248,77.718024
2026-07-03,Running,Late afternoon Run,A better day and a better performance.  Felt happy after finishing it.,2026-07-03_18-36-46_hk_1783084006.fit,846,2026-07-03T13:20:52.000Z,845.000,1939.42,,,77,2.296,37.34,29.47023,77.718024
2026-07-03,Running,Late afternoon Run,A better day and a better performance.  Felt happy after finishing it.,2026-07-03_18-36-46_hk_1783084006.fit,847,2026-07-03T13:20:53.000Z,846.000,1941.63,,,77,2.295,37.34,29.470212,77.718024
2026-07-03,Running,Late afternoon Run,A better day and a better performance.  Felt happy after finishing it.,2026-07-03_18-36-46_hk_1783084006.fit,848,2026-07-03T13:20:54.000Z,847.000,1943.85,,,77,2.294,37.34,29.470194,77.718006
2026-07-03,Running,Late afternoon Run,A better day and a better performance.  Felt happy after finishing it.,2026-07-03_18-36-46_hk_1783084006.fit,849,2026-07-03T13:20:55.000Z,848.000,1946.14,,,79,2.296,37.34,29.470176,77.718006
2026-07-03,Running,Late afternoon Run,A better day and a better performance.  Felt happy after finishing it.,2026-07-03_18-36-46_hk_1783084006.fit,850,2026-07-03T13:20:56.000Z,849.000,1948.5,,,79,2.301,37.34,29.470158,77.718006
2026-07-03,Running,Late afternoon Run,A better day and a better performance.  Felt happy after finishing it.,2026-07-03_18-36-46_hk_1783084006.fit,851,2026-07-03T13:20:57.000Z,850.000,1950.92,,,79,2.307,37.34,29.47014,77.718006
2026-07-03,Running,Late afternoon Run,A better day and a better performance.  Felt happy after finishing it.,2026-07-03_18-36-46_hk_1783084006.fit,852,2026-07-03T13:20:58.000Z,851.000,1953.38,,,76,2.312,37.35,29.470104,77.718006
2026-07-03,Running,Late afternoon Run,A better day and a better performance.  Felt happy after finishing it.,2026-07-03_18-36-46_hk_1783084006.fit,853,2026-07-03T13:20:59.000Z,852.000,1955.84,,,76,2.315,37.35,29.470086,77.718006
2026-07-03,Running,Late afternoon Run,A better day and a better performance.  Felt happy after finishing it.,2026-07-03_18-36-46_hk_1783084006.fit,854,2026-07-03T13:21:00.000Z,853.000,1958.23,,,76,2.316,37.35,29.470068,77.718006
2026-07-03,Running,Late afternoon Run,A better day and a better performance.  Felt happy after finishing it.,2026-07-03_18-36-46_hk_1783084006.fit,855,2026-07-03T13:21:01.000Z,854.000,1960.55,,,77,2.315,37.36,29.47005,77.718006
2026-07-03,Running,Late afternoon Run,A better day and a better performance.  Felt happy after finishing it.,2026-07-03_18-36-46_hk_1783084006.fit,856,2026-07-03T13:21:02.000Z,855.000,1962.86,,,77,2.314,37.37,29.470032,77.718024
2026-07-03,Running,Late afternoon Run,A better day and a better performance.  Felt happy after finishing it.,2026-07-03_18-36-46_hk_1783084006.fit,857,2026-07-03T13:21:03.000Z,856.000,1965.19,,,77,2.318,37.38,29.470014,77.718024
2026-07-03,Running,Late afternoon Run,A better day and a better performance.  Felt happy after finishing it.,2026-07-03_18-36-46_hk_1783084006.fit,858,2026-07-03T13:21:04.000Z,857.000,1967.57,,,78,2.329,37.38,29.469996,77.718042
2026-07-03,Running,Late afternoon Run,A better day and a better performance.  Felt happy after finishing it.,2026-07-03_18-36-46_hk_1783084006.fit,859,2026-07-03T13:21:05.000Z,858.000,1969.93,,,78,2.335,37.39,29.46996,77.718042
2026-07-03,Running,Late afternoon Run,A better day and a better performance.  Felt happy after finishing it.,2026-07-03_18-36-46_hk_1783084006.fit,860,2026-07-03T13:21:06.000Z,859.000,1972.18,,,78,2.331,37.4,29.469942,77.71806
2026-07-03,Running,Late afternoon Run,A better day and a better performance.  Felt happy after finishing it.,2026-07-03_18-36-46_hk_1783084006.fit,861,2026-07-03T13:21:07.000Z,860.000,1974.38,,,78,2.323,37.4,29.469942,77.718078
2026-07-03,Running,Late afternoon Run,A better day and a better performance.  Felt happy after finishing it.,2026-07-03_18-36-46_hk_1783084006.fit,862,2026-07-03T13:21:08.000Z,861.000,1976.58,,,78,2.316,37.41,29.469924,77.718078
2026-07-03,Running,Late afternoon Run,A better day and a better performance.  Felt happy after finishing it.,2026-07-03_18-36-46_hk_1783084006.fit,863,2026-07-03T13:21:09.000Z,862.000,1978.77,,,78,2.31,37.41,29.469906,77.718096
2026-07-03,Running,Late afternoon Run,A better day and a better performance.  Felt happy after finishing it.,2026-07-03_18-36-46_hk_1783084006.fit,864,2026-07-03T13:21:10.000Z,863.000,1980.98,,,77,2.307,37.41,29.469888,77.718114
2026-07-03,Running,Late afternoon Run,A better day and a better performance.  Felt happy after finishing it.,2026-07-03_18-36-46_hk_1783084006.fit,865,2026-07-03T13:21:11.000Z,864.000,1983.28,,,77,2.306,37.41,29.46987,77.718132
2026-07-03,Running,Late afternoon Run,A better day and a better performance.  Felt happy after finishing it.,2026-07-03_18-36-46_hk_1783084006.fit,866,2026-07-03T13:21:12.000Z,865.000,1985.62,,,77,2.305,37.41,29.469852,77.718132
2026-07-03,Running,Late afternoon Run,A better day and a better performance.  Felt happy after finishing it.,2026-07-03_18-36-46_hk_1783084006.fit,867,2026-07-03T13:21:13.000Z,866.000,1987.95,,,76,2.307,37.41,29.469834,77.71815
2026-07-03,Running,Late afternoon Run,A better day and a better performance.  Felt happy after finishing it.,2026-07-03_18-36-46_hk_1783084006.fit,868,2026-07-03T13:21:14.000Z,867.000,1990.31,,,76,2.313,37.41,29.469816,77.718168
2026-07-03,Running,Late afternoon Run,A better day and a better performance.  Felt happy after finishing it.,2026-07-03_18-36-46_hk_1783084006.fit,869,2026-07-03T13:21:15.000Z,868.000,1992.67,,,76,2.32,37.41,29.469816,77.718186
2026-07-03,Running,Late afternoon Run,A better day and a better performance.  Felt happy after finishing it.,2026-07-03_18-36-46_hk_1783084006.fit,870,2026-07-03T13:21:16.000Z,869.000,1995.02,,,76,2.326,37.41,29.469798,77.718222
2026-07-03,Running,Late afternoon Run,A better day and a better performance.  Felt happy after finishing it.,2026-07-03_18-36-46_hk_1783084006.fit,871,2026-07-03T13:21:17.000Z,870.000,1997.35,,,76,2.328,37.41,29.46978,77.71824
2026-07-03,Running,Late afternoon Run,A better day and a better performance.  Felt happy after finishing it.,2026-07-03_18-36-46_hk_1783084006.fit,872,2026-07-03T13:21:18.000Z,871.000,1999.64,,,76,2.324,37.41,29.46978,77.718258
2026-07-03,Running,Late afternoon Run,A better day and a better performance.  Felt happy after finishing it.,2026-07-03_18-36-46_hk_1783084006.fit,873,2026-07-03T13:21:19.000Z,872.000,2001.84,,,77,2.315,37.41,29.469762,77.718276
2026-07-03,Running,Late afternoon Run,A better day and a better performance.  Felt happy after finishing it.,2026-07-03_18-36-46_hk_1783084006.fit,874,2026-07-03T13:21:20.000Z,873.000,2004.02,,,77,2.302,37.41,29.469762,77.718294
2026-07-03,Running,Late afternoon Run,A better day and a better performance.  Felt happy after finishing it.,2026-07-03_18-36-46_hk_1783084006.fit,875,2026-07-03T13:21:21.000Z,874.000,2006.35,,,77,2.296,37.41,29.469744,77.718312
2026-07-03,Running,Late afternoon Run,A better day and a better performance.  Felt happy after finishing it.,2026-07-03_18-36-46_hk_1783084006.fit,876,2026-07-03T13:21:22.000Z,875.000,2008.8,,,78,2.299,37.41,29.469744,77.718348
2026-07-03,Running,Late afternoon Run,A better day and a better performance.  Felt happy after finishing it.,2026-07-03_18-36-46_hk_1783084006.fit,877,2026-07-03T13:21:23.000Z,876.000,2011.23,,,78,2.304,37.41,29.469744,77.718366
2026-07-03,Running,Late afternoon Run,A better day and a better performance.  Felt happy after finishing it.,2026-07-03_18-36-46_hk_1783084006.fit,878,2026-07-03T13:21:24.000Z,877.000,2013.58,,,78,2.305,37.41,29.469726,77.718384
2026-07-03,Running,Late afternoon Run,A better day and a better performance.  Felt happy after finishing it.,2026-07-03_18-36-46_hk_1783084006.fit,879,2026-07-03T13:21:25.000Z,878.000,2015.88,,,78,2.304,37.41,29.469726,77.71842
2026-07-03,Running,Late afternoon Run,A better day and a better performance.  Felt happy after finishing it.,2026-07-03_18-36-46_hk_1783084006.fit,880,2026-07-03T13:21:26.000Z,879.000,2018.14,,,78,2.298,37.4,29.469726,77.718438
2026-07-03,Running,Late afternoon Run,A better day and a better performance.  Felt happy after finishing it.,2026-07-03_18-36-46_hk_1783084006.fit,881,2026-07-03T13:21:27.000Z,880.000,2020.36,,,78,2.292,37.4,29.469726,77.718456
2026-07-03,Running,Late afternoon Run,A better day and a better performance.  Felt happy after finishing it.,2026-07-03_18-36-46_hk_1783084006.fit,882,2026-07-03T13:21:28.000Z,881.000,2022.58,,,76,2.291,37.4,29.469726,77.718474
2026-07-03,Running,Late afternoon Run,A better day and a better performance.  Felt happy after finishing it.,2026-07-03_18-36-46_hk_1783084006.fit,883,2026-07-03T13:21:29.000Z,882.000,2024.82,,,76,2.293,37.4,29.469726,77.71851
2026-07-03,Running,Late afternoon Run,A better day and a better performance.  Felt happy after finishing it.,2026-07-03_18-36-46_hk_1783084006.fit,884,2026-07-03T13:21:30.000Z,883.000,2027.08,,,76,2.295,37.39,29.469726,77.718528
2026-07-03,Running,Late afternoon Run,A better day and a better performance.  Felt happy after finishing it.,2026-07-03_18-36-46_hk_1783084006.fit,885,2026-07-03T13:21:31.000Z,884.000,2029.32,,,76,2.298,37.39,29.469726,77.718546
2026-07-03,Running,Late afternoon Run,A better day and a better performance.  Felt happy after finishing it.,2026-07-03_18-36-46_hk_1783084006.fit,886,2026-07-03T13:21:32.000Z,885.000,2031.56,,,76,2.299,37.39,29.469726,77.718564
2026-07-03,Running,Late afternoon Run,A better day and a better performance.  Felt happy after finishing it.,2026-07-03_18-36-46_hk_1783084006.fit,887,2026-07-03T13:21:33.000Z,886.000,2033.8,,,76,2.297,37.38,29.469744,77.7186
2026-07-03,Running,Late afternoon Run,A better day and a better performance.  Felt happy after finishing it.,2026-07-03_18-36-46_hk_1783084006.fit,888,2026-07-03T13:21:34.000Z,887.000,2036.04,,,76,2.292,37.38,29.469744,77.718618
2026-07-03,Running,Late afternoon Run,A better day and a better performance.  Felt happy after finishing it.,2026-07-03_18-36-46_hk_1783084006.fit,889,2026-07-03T13:21:35.000Z,888.000,2038.29,,,76,2.288,37.38,29.469744,77.718636
2026-07-03,Running,Late afternoon Run,A better day and a better performance.  Felt happy after finishing it.,2026-07-03_18-36-46_hk_1783084006.fit,890,2026-07-03T13:21:36.000Z,889.000,2040.58,,,76,2.285,37.37,29.469762,77.718654
2026-07-03,Running,Late afternoon Run,A better day and a better performance.  Felt happy after finishing it.,2026-07-03_18-36-46_hk_1783084006.fit,891,2026-07-03T13:21:37.000Z,890.000,2042.89,,,76,2.283,37.37,29.469762,77.718672
2026-07-03,Running,Late afternoon Run,A better day and a better performance.  Felt happy after finishing it.,2026-07-03_18-36-46_hk_1783084006.fit,892,2026-07-03T13:21:38.000Z,891.000,2045.24,,,76,2.283,37.37,29.46978,77.718708
2026-07-03,Running,Late afternoon Run,A better day and a better performance.  Felt happy after finishing it.,2026-07-03_18-36-46_hk_1783084006.fit,893,2026-07-03T13:21:39.000Z,892.000,2047.67,,,76,2.287,37.36,29.469798,77.718726
2026-07-03,Running,Late afternoon Run,A better day and a better performance.  Felt happy after finishing it.,2026-07-03_18-36-46_hk_1783084006.fit,894,2026-07-03T13:21:40.000Z,893.000,2050.15,,,76,2.296,37.36,29.469798,77.718744
2026-07-03,Running,Late afternoon Run,A better day and a better performance.  Felt happy after finishing it.,2026-07-03_18-36-46_hk_1783084006.fit,895,2026-07-03T13:21:41.000Z,894.000,2052.62,,,76,2.308,37.36,29.469816,77.718762
2026-07-03,Running,Late afternoon Run,A better day and a better performance.  Felt happy after finishing it.,2026-07-03_18-36-46_hk_1783084006.fit,896,2026-07-03T13:21:42.000Z,895.000,2055.05,,,76,2.32,37.35,29.469834,77.71878
2026-07-03,Running,Late afternoon Run,A better day and a better performance.  Felt happy after finishing it.,2026-07-03_18-36-46_hk_1783084006.fit,897,2026-07-03T13:21:43.000Z,896.000,2057.49,,,79,2.325,37.35,29.469852,77.718798
2026-07-03,Running,Late afternoon Run,A better day and a better performance.  Felt happy after finishing it.,2026-07-03_18-36-46_hk_1783084006.fit,898,2026-07-03T13:21:44.000Z,897.000,2059.95,,,79,2.325,37.35,29.46987,77.718816
2026-07-03,Running,Late afternoon Run,A better day and a better performance.  Felt happy after finishing it.,2026-07-03_18-36-46_hk_1783084006.fit,899,2026-07-03T13:21:45.000Z,898.000,2062.3,,,79,2.321,37.35,29.469888,77.718834
2026-07-03,Running,Late afternoon Run,A better day and a better performance.  Felt happy after finishing it.,2026-07-03_18-36-46_hk_1783084006.fit,900,2026-07-03T13:21:46.000Z,899.000,2064.52,,,76,2.315,37.35,29.469906,77.718852
2026-07-03,Running,Late afternoon Run,A better day and a better performance.  Felt happy after finishing it.,2026-07-03_18-36-46_hk_1783084006.fit,901,2026-07-03T13:21:47.000Z,900.000,2066.65,,,76,2.308,37.35,29.469924,77.718852
2026-07-03,Running,Late afternoon Run,A better day and a better performance.  Felt happy after finishing it.,2026-07-03_18-36-46_hk_1783084006.fit,902,2026-07-03T13:21:48.000Z,901.000,2068.67,,,76,2.297,37.35,29.469924,77.71887
2026-07-03,Running,Late afternoon Run,A better day and a better performance.  Felt happy after finishing it.,2026-07-03_18-36-46_hk_1783084006.fit,903,2026-07-03T13:21:49.000Z,902.000,2070.71,,,79,2.289,37.35,29.469942,77.71887
2026-07-03,Running,Late afternoon Run,A better day and a better performance.  Felt happy after finishing it.,2026-07-03_18-36-46_hk_1783084006.fit,904,2026-07-03T13:21:50.000Z,903.000,2072.79,,,79,2.282,37.35,29.46996,77.718888
2026-07-03,Running,Late afternoon Run,A better day and a better performance.  Felt happy after finishing it.,2026-07-03_18-36-46_hk_1783084006.fit,905,2026-07-03T13:21:51.000Z,904.000,2074.93,,,79,2.278,37.35,29.469978,77.718888
2026-07-03,Running,Late afternoon Run,A better day and a better performance.  Felt happy after finishing it.,2026-07-03_18-36-46_hk_1783084006.fit,906,2026-07-03T13:21:52.000Z,905.000,2077.13,,,76,2.275,37.35,29.469996,77.718906
2026-07-03,Running,Late afternoon Run,A better day and a better performance.  Felt happy after finishing it.,2026-07-03_18-36-46_hk_1783084006.fit,907,2026-07-03T13:21:53.000Z,906.000,2079.28,,,76,2.27,37.36,29.470014,77.718906
2026-07-03,Running,Late afternoon Run,A better day and a better performance.  Felt happy after finishing it.,2026-07-03_18-36-46_hk_1783084006.fit,908,2026-07-03T13:21:54.000Z,907.000,2081.43,,,76,2.266,37.35,29.470032,77.718906
2026-07-03,Running,Late afternoon Run,A better day and a better performance.  Felt happy after finishing it.,2026-07-03_18-36-46_hk_1783084006.fit,909,2026-07-03T13:21:55.000Z,908.000,2083.64,,,76,2.265,37.35,29.47005,77.718924
2026-07-03,Running,Late afternoon Run,A better day and a better performance.  Felt happy after finishing it.,2026-07-03_18-36-46_hk_1783084006.fit,910,2026-07-03T13:21:56.000Z,909.000,2085.85,,,76,2.263,37.35,29.470086,77.718924
2026-07-03,Running,Late afternoon Run,A better day and a better performance.  Felt happy after finishing it.,2026-07-03_18-36-46_hk_1783084006.fit,911,2026-07-03T13:21:57.000Z,910.000,2087.93,,,76,2.256,37.34,29.470104,77.718924
2026-07-03,Running,Late afternoon Run,A better day and a better performance.  Felt happy after finishing it.,2026-07-03_18-36-46_hk_1783084006.fit,912,2026-07-03T13:21:58.000Z,911.000,2089.71,,,74,2.235,37.34,29.470104,77.718924
2026-07-03,Running,Late afternoon Run,A better day and a better performance.  Felt happy after finishing it.,2026-07-03_18-36-46_hk_1783084006.fit,913,2026-07-03T13:21:59.000Z,912.000,2091.21,,,74,2.201,37.33,29.470122,77.718942
2026-07-03,Running,Late afternoon Run,A better day and a better performance.  Felt happy after finishing it.,2026-07-03_18-36-46_hk_1783084006.fit,914,2026-07-03T13:22:00.000Z,913.000,2092.61,,,74,2.168,37.32,29.47014,77.718942
2026-07-03,Running,Late afternoon Run,A better day and a better performance.  Felt happy after finishing it.,2026-07-03_18-36-46_hk_1783084006.fit,915,2026-07-03T13:22:01.000Z,914.000,2094.11,,,71,2.135,37.3,29.470158,77.718942
2026-07-03,Running,Late afternoon Run,A better day and a better performance.  Felt happy after finishing it.,2026-07-03_18-36-46_hk_1783084006.fit,916,2026-07-03T13:22:02.000Z,915.000,2095.89,,,71,2.111,37.28,29.470158,77.718942