workout_date,workout_type,title,notes,source_file,record_index,timestamp,elapsed_seconds,distance_m,heart_rate,power,cadence,speed,altitude,latitude,longitude
2026-06-14,training,Postrun Yoga,Just a followup after run. Doing it relaxes all the tensed muscle in my body. I think its a great way slowing down my heartbeat after run.,2026-06-14_19-55-44_hk_1781459744.fit,1,2026-06-14T17:55:48.000Z,0.000,,135,,,,,,
2026-06-14,training,Postrun Yoga,Just a followup after run. Doing it relaxes all the tensed muscle in my body. I think its a great way slowing down my heartbeat after run.,2026-06-14_19-55-44_hk_1781459744.fit,2,2026-06-14T17:55:49.000Z,1.000,,135,,,,,,
2026-06-14,training,Postrun Yoga,Just a followup after run. Doing it relaxes all the tensed muscle in my body. I think its a great way slowing down my heartbeat after run.,2026-06-14_19-55-44_hk_1781459744.fit,3,2026-06-14T17:55:52.000Z,4.000,,135,,,,,,
2026-06-14,training,Postrun Yoga,Just a followup after run. Doing it relaxes all the tensed muscle in my body. I think its a great way slowing down my heartbeat after run.,2026-06-14_19-55-44_hk_1781459744.fit,4,2026-06-14T17:55:54.000Z,6.000,,133,,,,,,
2026-06-14,training,Postrun Yoga,Just a followup after run. Doing it relaxes all the tensed muscle in my body. I think its a great way slowing down my heartbeat after run.,2026-06-14_19-55-44_hk_1781459744.fit,5,2026-06-14T17:55:57.000Z,9.000,,133,,,,,,
2026-06-14,training,Postrun Yoga,Just a followup after run. Doing it relaxes all the tensed muscle in my body. I think its a great way slowing down my heartbeat after run.,2026-06-14_19-55-44_hk_1781459744.fit,6,2026-06-14T17:55:59.000Z,11.000,,133,,,,,,
2026-06-14,training,Postrun Yoga,Just a followup after run. Doing it relaxes all the tensed muscle in my body. I think its a great way slowing down my heartbeat after run.,2026-06-14_19-55-44_hk_1781459744.fit,7,2026-06-14T17:56:02.000Z,14.000,,133,,,,,,
2026-06-14,training,Postrun Yoga,Just a followup after run. Doing it relaxes all the tensed muscle in my body. I think its a great way slowing down my heartbeat after run.,2026-06-14_19-55-44_hk_1781459744.fit,8,2026-06-14T17:56:03.000Z,15.000,,133,,,,,,
2026-06-14,training,Postrun Yoga,Just a followup after run. Doing it relaxes all the tensed muscle in my body. I think its a great way slowing down my heartbeat after run.,2026-06-14_19-55-44_hk_1781459744.fit,9,2026-06-14T17:56:05.000Z,17.000,,133,,,,,,
2026-06-14,training,Postrun Yoga,Just a followup after run. Doing it relaxes all the tensed muscle in my body. I think its a great way slowing down my heartbeat after run.,2026-06-14_19-55-44_hk_1781459744.fit,10,2026-06-14T17:56:06.000Z,18.000,,135,,,,,,
2026-06-14,training,Postrun Yoga,Just a followup after run. Doing it relaxes all the tensed muscle in my body. I think its a great way slowing down my heartbeat after run.,2026-06-14_19-55-44_hk_1781459744.fit,11,2026-06-14T17:56:07.000Z,19.000,,135,,,,,,
2026-06-14,training,Postrun Yoga,Just a followup after run. Doing it relaxes all the tensed muscle in my body. I think its a great way slowing down my heartbeat after run.,2026-06-14_19-55-44_hk_1781459744.fit,12,2026-06-14T17:56:09.000Z,21.000,,136,,,,,,
2026-06-14,training,Postrun Yoga,Just a followup after run. Doing it relaxes all the tensed muscle in my body. I think its a great way slowing down my heartbeat after run.,2026-06-14_19-55-44_hk_1781459744.fit,13,2026-06-14T17:56:10.000Z,22.000,,136,,,,,,
2026-06-14,training,Postrun Yoga,Just a followup after run. Doing it relaxes all the tensed muscle in my body. I think its a great way slowing down my heartbeat after run.,2026-06-14_19-55-44_hk_1781459744.fit,14,2026-06-14T17:56:12.000Z,24.000,,136,,,,,,
2026-06-14,training,Postrun Yoga,Just a followup after run. Doing it relaxes all the tensed muscle in my body. I think its a great way slowing down my heartbeat after run.,2026-06-14_19-55-44_hk_1781459744.fit,15,2026-06-14T17:56:14.000Z,26.000,,135,,,,,,
2026-06-14,training,Postrun Yoga,Just a followup after run. Doing it relaxes all the tensed muscle in my body. I think its a great way slowing down my heartbeat after run.,2026-06-14_19-55-44_hk_1781459744.fit,16,2026-06-14T17:56:15.000Z,27.000,,135,,,,,,
2026-06-14,training,Postrun Yoga,Just a followup after run. Doing it relaxes all the tensed muscle in my body. I think its a great way slowing down my heartbeat after run.,2026-06-14_19-55-44_hk_1781459744.fit,17,2026-06-14T17:56:17.000Z,29.000,,135,,,,,,
2026-06-14,training,Postrun Yoga,Just a followup after run. Doing it relaxes all the tensed muscle in my body. I think its a great way slowing down my heartbeat after run.,2026-06-14_19-55-44_hk_1781459744.fit,18,2026-06-14T17:56:20.000Z,32.000,,135,,,,,,
2026-06-14,training,Postrun Yoga,Just a followup after run. Doing it relaxes all the tensed muscle in my body. I think its a great way slowing down my heartbeat after run.,2026-06-14_19-55-44_hk_1781459744.fit,19,2026-06-14T17:56:22.000Z,34.000,,135,,,,,,
2026-06-14,training,Postrun Yoga,Just a followup after run. Doing it relaxes all the tensed muscle in my body. I think its a great way slowing down my heartbeat after run.,2026-06-14_19-55-44_hk_1781459744.fit,20,2026-06-14T17:56:25.000Z,37.000,,135,,,,,,
2026-06-14,training,Postrun Yoga,Just a followup after run. Doing it relaxes all the tensed muscle in my body. I think its a great way slowing down my heartbeat after run.,2026-06-14_19-55-44_hk_1781459744.fit,21,2026-06-14T17:56:26.000Z,38.000,,136,,,,,,
2026-06-14,training,Postrun Yoga,Just a followup after run. Doing it relaxes all the tensed muscle in my body. I think its a great way slowing down my heartbeat after run.,2026-06-14_19-55-44_hk_1781459744.fit,22,2026-06-14T17:56:28.000Z,40.000,,136,,,,,,
2026-06-14,training,Postrun Yoga,Just a followup after run. Doing it relaxes all the tensed muscle in my body. I think its a great way slowing down my heartbeat after run.,2026-06-14_19-55-44_hk_1781459744.fit,23,2026-06-14T17:56:30.000Z,42.000,,136,,,,,,
2026-06-14,training,Postrun Yoga,Just a followup after run. Doing it relaxes all the tensed muscle in my body. I think its a great way slowing down my heartbeat after run.,2026-06-14_19-55-44_hk_1781459744.fit,24,2026-06-14T17:56:33.000Z,45.000,,138,,,,,,
2026-06-14,training,Postrun Yoga,Just a followup after run. Doing it relaxes all the tensed muscle in my body. I think its a great way slowing down my heartbeat after run.,2026-06-14_19-55-44_hk_1781459744.fit,25,2026-06-14T17:56:35.000Z,47.000,,138,,,,,,
2026-06-14,training,Postrun Yoga,Just a followup after run. Doing it relaxes all the tensed muscle in my body. I think its a great way slowing down my heartbeat after run.,2026-06-14_19-55-44_hk_1781459744.fit,26,2026-06-14T17:56:38.000Z,50.000,,138,,,,,,
2026-06-14,training,Postrun Yoga,Just a followup after run. Doing it relaxes all the tensed muscle in my body. I think its a great way slowing down my heartbeat after run.,2026-06-14_19-55-44_hk_1781459744.fit,27,2026-06-14T17:56:39.000Z,51.000,,137,,,,,,
2026-06-14,training,Postrun Yoga,Just a followup after run. Doing it relaxes all the tensed muscle in my body. I think its a great way slowing down my heartbeat after run.,2026-06-14_19-55-44_hk_1781459744.fit,28,2026-06-14T17:56:40.000Z,52.000,,138,,,,,,
2026-06-14,training,Postrun Yoga,Just a followup after run. Doing it relaxes all the tensed muscle in my body. I think its a great way slowing down my heartbeat after run.,2026-06-14_19-55-44_hk_1781459744.fit,29,2026-06-14T17:56:43.000Z,55.000,,138,,,,,,
2026-06-14,training,Postrun Yoga,Just a followup after run. Doing it relaxes all the tensed muscle in my body. I think its a great way slowing down my heartbeat after run.,2026-06-14_19-55-44_hk_1781459744.fit,30,2026-06-14T17:56:46.000Z,58.000,,138,,,,,,
2026-06-14,training,Postrun Yoga,Just a followup after run. Doing it relaxes all the tensed muscle in my body. I think its a great way slowing down my heartbeat after run.,2026-06-14_19-55-44_hk_1781459744.fit,31,2026-06-14T17:56:48.000Z,60.000,,143,,,,,,
2026-06-14,training,Postrun Yoga,Just a followup after run. Doing it relaxes all the tensed muscle in my body. I think its a great way slowing down my heartbeat after run.,2026-06-14_19-55-44_hk_1781459744.fit,32,2026-06-14T17:56:51.000Z,63.000,,143,,,,,,
2026-06-14,training,Postrun Yoga,Just a followup after run. Doing it relaxes all the tensed muscle in my body. I think its a great way slowing down my heartbeat after run.,2026-06-14_19-55-44_hk_1781459744.fit,33,2026-06-14T17:56:53.000Z,65.000,,143,,,,,,
2026-06-14,training,Postrun Yoga,Just a followup after run. Doing it relaxes all the tensed muscle in my body. I think its a great way slowing down my heartbeat after run.,2026-06-14_19-55-44_hk_1781459744.fit,34,2026-06-14T17:56:56.000Z,68.000,,143,,,,,,
2026-06-14,training,Postrun Yoga,Just a followup after run. Doing it relaxes all the tensed muscle in my body. I think its a great way slowing down my heartbeat after run.,2026-06-14_19-55-44_hk_1781459744.fit,35,2026-06-14T17:56:58.000Z,70.000,,134,,,,,,
2026-06-14,training,Postrun Yoga,Just a followup after run. Doing it relaxes all the tensed muscle in my body. I think its a great way slowing down my heartbeat after run.,2026-06-14_19-55-44_hk_1781459744.fit,36,2026-06-14T17:57:01.000Z,73.000,,134,,,,,,
2026-06-14,training,Postrun Yoga,Just a followup after run. Doing it relaxes all the tensed muscle in my body. I think its a great way slowing down my heartbeat after run.,2026-06-14_19-55-44_hk_1781459744.fit,37,2026-06-14T17:57:03.000Z,75.000,,133,,,,,,
2026-06-14,training,Postrun Yoga,Just a followup after run. Doing it relaxes all the tensed muscle in my body. I think its a great way slowing down my heartbeat after run.,2026-06-14_19-55-44_hk_1781459744.fit,38,2026-06-14T17:57:05.000Z,77.000,,133,,,,,,
2026-06-14,training,Postrun Yoga,Just a followup after run. Doing it relaxes all the tensed muscle in my body. I think its a great way slowing down my heartbeat after run.,2026-06-14_19-55-44_hk_1781459744.fit,39,2026-06-14T17:57:06.000Z,78.000,,133,,,,,,
2026-06-14,training,Postrun Yoga,Just a followup after run. Doing it relaxes all the tensed muscle in my body. I think its a great way slowing down my heartbeat after run.,2026-06-14_19-55-44_hk_1781459744.fit,40,2026-06-14T17:57:09.000Z,81.000,,133,,,,,,
2026-06-14,training,Postrun Yoga,Just a followup after run. Doing it relaxes all the tensed muscle in my body. I think its a great way slowing down my heartbeat after run.,2026-06-14_19-55-44_hk_1781459744.fit,41,2026-06-14T17:57:10.000Z,82.000,,137,,,,,,
2026-06-14,training,Postrun Yoga,Just a followup after run. Doing it relaxes all the tensed muscle in my body. I think its a great way slowing down my heartbeat after run.,2026-06-14_19-55-44_hk_1781459744.fit,42,2026-06-14T17:57:11.000Z,83.000,,137,,,,,,
2026-06-14,training,Postrun Yoga,Just a followup after run. Doing it relaxes all the tensed muscle in my body. I think its a great way slowing down my heartbeat after run.,2026-06-14_19-55-44_hk_1781459744.fit,43,2026-06-14T17:57:14.000Z,86.000,,137,,,,,,
2026-06-14,training,Postrun Yoga,Just a followup after run. Doing it relaxes all the tensed muscle in my body. I think its a great way slowing down my heartbeat after run.,2026-06-14_19-55-44_hk_1781459744.fit,44,2026-06-14T17:57:15.000Z,87.000,,138,,,,,,
2026-06-14,training,Postrun Yoga,Just a followup after run. Doing it relaxes all the tensed muscle in my body. I think its a great way slowing down my heartbeat after run.,2026-06-14_19-55-44_hk_1781459744.fit,45,2026-06-14T17:57:16.000Z,88.000,,138,,,,,,
2026-06-14,training,Postrun Yoga,Just a followup after run. Doing it relaxes all the tensed muscle in my body. I think its a great way slowing down my heartbeat after run.,2026-06-14_19-55-44_hk_1781459744.fit,46,2026-06-14T17:57:19.000Z,91.000,,138,,,,,,
2026-06-14,training,Postrun Yoga,Just a followup after run. Doing it relaxes all the tensed muscle in my body. I think its a great way slowing down my heartbeat after run.,2026-06-14_19-55-44_hk_1781459744.fit,47,2026-06-14T17:57:21.000Z,93.000,,138,,,,,,
2026-06-14,training,Postrun Yoga,Just a followup after run. Doing it relaxes all the tensed muscle in my body. I think its a great way slowing down my heartbeat after run.,2026-06-14_19-55-44_hk_1781459744.fit,48,2026-06-14T17:57:24.000Z,96.000,,137,,,,,,
2026-06-14,training,Postrun Yoga,Just a followup after run. Doing it relaxes all the tensed muscle in my body. I think its a great way slowing down my heartbeat after run.,2026-06-14_19-55-44_hk_1781459744.fit,49,2026-06-14T17:57:26.000Z,98.000,,137,,,,,,
2026-06-14,training,Postrun Yoga,Just a followup after run. Doing it relaxes all the tensed muscle in my body. I think its a great way slowing down my heartbeat after run.,2026-06-14_19-55-44_hk_1781459744.fit,50,2026-06-14T17:57:28.000Z,100.000,,138,,,,,,
2026-06-14,training,Postrun Yoga,Just a followup after run. Doing it relaxes all the tensed muscle in my body. I think its a great way slowing down my heartbeat after run.,2026-06-14_19-55-44_hk_1781459744.fit,51,2026-06-14T17:57:29.000Z,101.000,,138,,,,,,
2026-06-14,training,Postrun Yoga,Just a followup after run. Doing it relaxes all the tensed muscle in my body. I think its a great way slowing down my heartbeat after run.,2026-06-14_19-55-44_hk_1781459744.fit,52,2026-06-14T17:57:31.000Z,103.000,,140,,,,,,
2026-06-14,training,Postrun Yoga,Just a followup after run. Doing it relaxes all the tensed muscle in my body. I think its a great way slowing down my heartbeat after run.,2026-06-14_19-55-44_hk_1781459744.fit,53,2026-06-14T17:57:32.000Z,104.000,,140,,,,,,
2026-06-14,training,Postrun Yoga,Just a followup after run. Doing it relaxes all the tensed muscle in my body. I think its a great way slowing down my heartbeat after run.,2026-06-14_19-55-44_hk_1781459744.fit,54,2026-06-14T17:57:34.000Z,106.000,,140,,,,,,
2026-06-14,training,Postrun Yoga,Just a followup after run. Doing it relaxes all the tensed muscle in my body. I think its a great way slowing down my heartbeat after run.,2026-06-14_19-55-44_hk_1781459744.fit,55,2026-06-14T17:57:36.000Z,108.000,,143,,,,,,
2026-06-14,training,Postrun Yoga,Just a followup after run. Doing it relaxes all the tensed muscle in my body. I think its a great way slowing down my heartbeat after run.,2026-06-14_19-55-44_hk_1781459744.fit,56,2026-06-14T17:57:37.000Z,109.000,,143,,,,,,
2026-06-14,training,Postrun Yoga,Just a followup after run. Doing it relaxes all the tensed muscle in my body. I think its a great way slowing down my heartbeat after run.,2026-06-14_19-55-44_hk_1781459744.fit,57,2026-06-14T17:57:39.000Z,111.000,,143,,,,,,
2026-06-14,training,Postrun Yoga,Just a followup after run. Doing it relaxes all the tensed muscle in my body. I think its a great way slowing down my heartbeat after run.,2026-06-14_19-55-44_hk_1781459744.fit,58,2026-06-14T17:57:42.000Z,114.000,,143,,,,,,
2026-06-14,training,Postrun Yoga,Just a followup after run. Doing it relaxes all the tensed muscle in my body. I think its a great way slowing down my heartbeat after run.,2026-06-14_19-55-44_hk_1781459744.fit,59,2026-06-14T17:57:44.000Z,116.000,,146,,,,,,
2026-06-14,training,Postrun Yoga,Just a followup after run. Doing it relaxes all the tensed muscle in my body. I think its a great way slowing down my heartbeat after run.,2026-06-14_19-55-44_hk_1781459744.fit,60,2026-06-14T17:57:47.000Z,119.000,,147,,,,,,
2026-06-14,training,Postrun Yoga,Just a followup after run. Doing it relaxes all the tensed muscle in my body. I think its a great way slowing down my heartbeat after run.,2026-06-14_19-55-44_hk_1781459744.fit,61,2026-06-14T17:57:50.000Z,122.000,,147,,,,,,
2026-06-14,training,Postrun Yoga,Just a followup after run. Doing it relaxes all the tensed muscle in my body. I think its a great way slowing down my heartbeat after run.,2026-06-14_19-55-44_hk_1781459744.fit,62,2026-06-14T17:57:52.000Z,124.000,,147,,,,,,
2026-06-14,training,Postrun Yoga,Just a followup after run. Doing it relaxes all the tensed muscle in my body. I think its a great way slowing down my heartbeat after run.,2026-06-14_19-55-44_hk_1781459744.fit,63,2026-06-14T17:57:54.000Z,126.000,,151,,,,,,
2026-06-14,training,Postrun Yoga,Just a followup after run. Doing it relaxes all the tensed muscle in my body. I think its a great way slowing down my heartbeat after run.,2026-06-14_19-55-44_hk_1781459744.fit,64,2026-06-14T17:57:55.000Z,127.000,,151,,,,,,
2026-06-14,training,Postrun Yoga,Just a followup after run. Doing it relaxes all the tensed muscle in my body. I think its a great way slowing down my heartbeat after run.,2026-06-14_19-55-44_hk_1781459744.fit,65,2026-06-14T17:57:57.000Z,129.000,,151,,,,,,
2026-06-14,training,Postrun Yoga,Just a followup after run. Doing it relaxes all the tensed muscle in my body. I think its a great way slowing down my heartbeat after run.,2026-06-14_19-55-44_hk_1781459744.fit,66,2026-06-14T17:57:59.000Z,131.000,,151,,,,,,
2026-06-14,training,Postrun Yoga,Just a followup after run. Doing it relaxes all the tensed muscle in my body. I think its a great way slowing down my heartbeat after run.,2026-06-14_19-55-44_hk_1781459744.fit,67,2026-06-14T17:58:00.000Z,132.000,,151,,,,,,
2026-06-14,training,Postrun Yoga,Just a followup after run. Doing it relaxes all the tensed muscle in my body. I think its a great way slowing down my heartbeat after run.,2026-06-14_19-55-44_hk_1781459744.fit,68,2026-06-14T17:58:02.000Z,134.000,,151,,,,,,
2026-06-14,training,Postrun Yoga,Just a followup after run. Doing it relaxes all the tensed muscle in my body. I think its a great way slowing down my heartbeat after run.,2026-06-14_19-55-44_hk_1781459744.fit,69,2026-06-14T17:58:05.000Z,137.000,,150,,,,,,
2026-06-14,training,Postrun Yoga,Just a followup after run. Doing it relaxes all the tensed muscle in my body. I think its a great way slowing down my heartbeat after run.,2026-06-14_19-55-44_hk_1781459744.fit,70,2026-06-14T17:58:07.000Z,139.000,,150,,,,,,
2026-06-14,training,Postrun Yoga,Just a followup after run. Doing it relaxes all the tensed muscle in my body. I think its a great way slowing down my heartbeat after run.,2026-06-14_19-55-44_hk_1781459744.fit,71,2026-06-14T17:58:10.000Z,142.000,,147,,,,,,
2026-06-14,training,Postrun Yoga,Just a followup after run. Doing it relaxes all the tensed muscle in my body. I think its a great way slowing down my heartbeat after run.,2026-06-14_19-55-44_hk_1781459744.fit,72,2026-06-14T17:58:13.000Z,145.000,,147,,,,,,
2026-06-14,training,Postrun Yoga,Just a followup after run. Doing it relaxes all the tensed muscle in my body. I think its a great way slowing down my heartbeat after run.,2026-06-14_19-55-44_hk_1781459744.fit,73,2026-06-14T17:58:15.000Z,147.000,,147,,,,,,
2026-06-14,training,Postrun Yoga,Just a followup after run. Doing it relaxes all the tensed muscle in my body. I think its a great way slowing down my heartbeat after run.,2026-06-14_19-55-44_hk_1781459744.fit,74,2026-06-14T17:58:18.000Z,150.000,,147,,,,,,
2026-06-14,training,Postrun Yoga,Just a followup after run. Doing it relaxes all the tensed muscle in my body. I think its a great way slowing down my heartbeat after run.,2026-06-14_19-55-44_hk_1781459744.fit,75,2026-06-14T17:58:19.000Z,151.000,,145,,,,,,
2026-06-14,training,Postrun Yoga,Just a followup after run. Doing it relaxes all the tensed muscle in my body. I think its a great way slowing down my heartbeat after run.,2026-06-14_19-55-44_hk_1781459744.fit,76,2026-06-14T17:58:20.000Z,152.000,,145,,,,,,
2026-06-14,training,Postrun Yoga,Just a followup after run. Doing it relaxes all the tensed muscle in my body. I think its a great way slowing down my heartbeat after run.,2026-06-14_19-55-44_hk_1781459744.fit,77,2026-06-14T17:58:23.000Z,155.000,,145,,,,,,
2026-06-14,training,Postrun Yoga,Just a followup after run. Doing it relaxes all the tensed muscle in my body. I think its a great way slowing down my heartbeat after run.,2026-06-14_19-55-44_hk_1781459744.fit,78,2026-06-14T17:58:24.000Z,156.000,,143,,,,,,
2026-06-14,training,Postrun Yoga,Just a followup after run. Doing it relaxes all the tensed muscle in my body. I think its a great way slowing down my heartbeat after run.,2026-06-14_19-55-44_hk_1781459744.fit,79,2026-06-14T17:58:25.000Z,157.000,,143,,,,,,
2026-06-14,training,Postrun Yoga,Just a followup after run. Doing it relaxes all the tensed muscle in my body. I think its a great way slowing down my heartbeat after run.,2026-06-14_19-55-44_hk_1781459744.fit,80,2026-06-14T17:58:26.000Z,158.000,,141,,,,,,
2026-06-14,training,Postrun Yoga,Just a followup after run. Doing it relaxes all the tensed muscle in my body. I think its a great way slowing down my heartbeat after run.,2026-06-14_19-55-44_hk_1781459744.fit,81,2026-06-14T17:58:28.000Z,160.000,,141,,,,,,
2026-06-14,training,Postrun Yoga,Just a followup after run. Doing it relaxes all the tensed muscle in my body. I think its a great way slowing down my heartbeat after run.,2026-06-14_19-55-44_hk_1781459744.fit,82,2026-06-14T17:58:30.000Z,162.000,,141,,,,,,
2026-06-14,training,Postrun Yoga,Just a followup after run. Doing it relaxes all the tensed muscle in my body. I think its a great way slowing down my heartbeat after run.,2026-06-14_19-55-44_hk_1781459744.fit,83,2026-06-14T17:58:33.000Z,165.000,,135,,,,,,
2026-06-14,training,Postrun Yoga,Just a followup after run. Doing it relaxes all the tensed muscle in my body. I think its a great way slowing down my heartbeat after run.,2026-06-14_19-55-44_hk_1781459744.fit,84,2026-06-14T17:58:36.000Z,168.000,,135,,,,,,
2026-06-14,training,Postrun Yoga,Just a followup after run. Doing it relaxes all the tensed muscle in my body. I think its a great way slowing down my heartbeat after run.,2026-06-14_19-55-44_hk_1781459744.fit,85,2026-06-14T17:58:38.000Z,170.000,,135,,,,,,
2026-06-14,training,Postrun Yoga,Just a followup after run. Doing it relaxes all the tensed muscle in my body. I think its a great way slowing down my heartbeat after run.,2026-06-14_19-55-44_hk_1781459744.fit,86,2026-06-14T17:58:39.000Z,171.000,,139,,,,,,
2026-06-14,training,Postrun Yoga,Just a followup after run. Doing it relaxes all the tensed muscle in my body. I think its a great way slowing down my heartbeat after run.,2026-06-14_19-55-44_hk_1781459744.fit,87,2026-06-14T17:58:41.000Z,173.000,,140,,,,,,
2026-06-14,training,Postrun Yoga,Just a followup after run. Doing it relaxes all the tensed muscle in my body. I think its a great way slowing down my heartbeat after run.,2026-06-14_19-55-44_hk_1781459744.fit,88,2026-06-14T17:58:43.000Z,175.000,,140,,,,,,
2026-06-14,training,Postrun Yoga,Just a followup after run. Doing it relaxes all the tensed muscle in my body. I think its a great way slowing down my heartbeat after run.,2026-06-14_19-55-44_hk_1781459744.fit,89,2026-06-14T17:58:46.000Z,178.000,,137,,,,,,
2026-06-14,training,Postrun Yoga,Just a followup after run. Doing it relaxes all the tensed muscle in my body. I think its a great way slowing down my heartbeat after run.,2026-06-14_19-55-44_hk_1781459744.fit,90,2026-06-14T17:58:48.000Z,180.000,,137,,,,,,
2026-06-14,training,Postrun Yoga,Just a followup after run. Doing it relaxes all the tensed muscle in my body. I think its a great way slowing down my heartbeat after run.,2026-06-14_19-55-44_hk_1781459744.fit,91,2026-06-14T17:58:50.000Z,182.000,,136,,,,,,
2026-06-14,training,Postrun Yoga,Just a followup after run. Doing it relaxes all the tensed muscle in my body. I think its a great way slowing down my heartbeat after run.,2026-06-14_19-55-44_hk_1781459744.fit,92,2026-06-14T17:58:51.000Z,183.000,,136,,,,,,
2026-06-14,training,Postrun Yoga,Just a followup after run. Doing it relaxes all the tensed muscle in my body. I think its a great way slowing down my heartbeat after run.,2026-06-14_19-55-44_hk_1781459744.fit,93,2026-06-14T17:58:54.000Z,186.000,,136,,,,,,
2026-06-14,training,Postrun Yoga,Just a followup after run. Doing it relaxes all the tensed muscle in my body. I think its a great way slowing down my heartbeat after run.,2026-06-14_19-55-44_hk_1781459744.fit,94,2026-06-14T17:58:56.000Z,188.000,,136,,,,,,
2026-06-14,training,Postrun Yoga,Just a followup after run. Doing it relaxes all the tensed muscle in my body. I think its a great way slowing down my heartbeat after run.,2026-06-14_19-55-44_hk_1781459744.fit,95,2026-06-14T17:58:59.000Z,191.000,,139,,,,,,
2026-06-14,training,Postrun Yoga,Just a followup after run. Doing it relaxes all the tensed muscle in my body. I think its a great way slowing down my heartbeat after run.,2026-06-14_19-55-44_hk_1781459744.fit,96,2026-06-14T17:59:00.000Z,192.000,,140,,,,,,
2026-06-14,training,Postrun Yoga,Just a followup after run. Doing it relaxes all the tensed muscle in my body. I think its a great way slowing down my heartbeat after run.,2026-06-14_19-55-44_hk_1781459744.fit,97,2026-06-14T17:59:01.000Z,193.000,,140,,,,,,
2026-06-14,training,Postrun Yoga,Just a followup after run. Doing it relaxes all the tensed muscle in my body. I think its a great way slowing down my heartbeat after run.,2026-06-14_19-55-44_hk_1781459744.fit,98,2026-06-14T17:59:04.000Z,196.000,,140,,,,,,
2026-06-14,training,Postrun Yoga,Just a followup after run. Doing it relaxes all the tensed muscle in my body. I think its a great way slowing down my heartbeat after run.,2026-06-14_19-55-44_hk_1781459744.fit,99,2026-06-14T17:59:05.000Z,197.000,,142,,,,,,
2026-06-14,training,Postrun Yoga,Just a followup after run. Doing it relaxes all the tensed muscle in my body. I think its a great way slowing down my heartbeat after run.,2026-06-14_19-55-44_hk_1781459744.fit,100,2026-06-14T17:59:06.000Z,198.000,,142,,,,,,
2026-06-14,training,Postrun Yoga,Just a followup after run. Doing it relaxes all the tensed muscle in my body. I think its a great way slowing down my heartbeat after run.,2026-06-14_19-55-44_hk_1781459744.fit,101,2026-06-14T17:59:09.000Z,201.000,,142,,,,,,
2026-06-14,training,Postrun Yoga,Just a followup after run. Doing it relaxes all the tensed muscle in my body. I think its a great way slowing down my heartbeat after run.,2026-06-14_19-55-44_hk_1781459744.fit,102,2026-06-14T17:59:11.000Z,203.000,,142,,,,,,
2026-06-14,training,Postrun Yoga,Just a followup after run. Doing it relaxes all the tensed muscle in my body. I think its a great way slowing down my heartbeat after run.,2026-06-14_19-55-44_hk_1781459744.fit,103,2026-06-14T17:59:14.000Z,206.000,,147,,,,,,
2026-06-14,training,Postrun Yoga,Just a followup after run. Doing it relaxes all the tensed muscle in my body. I think its a great way slowing down my heartbeat after run.,2026-06-14_19-55-44_hk_1781459744.fit,104,2026-06-14T17:59:17.000Z,209.000,,147,,,,,,
2026-06-14,training,Postrun Yoga,Just a followup after run. Doing it relaxes all the tensed muscle in my body. I think its a great way slowing down my heartbeat after run.,2026-06-14_19-55-44_hk_1781459744.fit,105,2026-06-14T17:59:19.000Z,211.000,,147,,,,,,
2026-06-14,training,Postrun Yoga,Just a followup after run. Doing it relaxes all the tensed muscle in my body. I think its a great way slowing down my heartbeat after run.,2026-06-14_19-55-44_hk_1781459744.fit,106,2026-06-14T17:59:20.000Z,212.000,,147,,,,,,
2026-06-14,training,Postrun Yoga,Just a followup after run. Doing it relaxes all the tensed muscle in my body. I think its a great way slowing down my heartbeat after run.,2026-06-14_19-55-44_hk_1781459744.fit,107,2026-06-14T17:59:22.000Z,214.000,,147,,,,,,
2026-06-14,training,Postrun Yoga,Just a followup after run. Doing it relaxes all the tensed muscle in my body. I think its a great way slowing down my heartbeat after run.,2026-06-14_19-55-44_hk_1781459744.fit,108,2026-06-14T17:59:24.000Z,216.000,,147,,,,,,
2026-06-14,training,Postrun Yoga,Just a followup after run. Doing it relaxes all the tensed muscle in my body. I think its a great way slowing down my heartbeat after run.,2026-06-14_19-55-44_hk_1781459744.fit,109,2026-06-14T17:59:27.000Z,219.000,,147,,,,,,
2026-06-14,training,Postrun Yoga,Just a followup after run. Doing it relaxes all the tensed muscle in my body. I think its a great way slowing down my heartbeat after run.,2026-06-14_19-55-44_hk_1781459744.fit,110,2026-06-14T17:59:29.000Z,221.000,,143,,,,,,
2026-06-14,training,Postrun Yoga,Just a followup after run. Doing it relaxes all the tensed muscle in my body. I think its a great way slowing down my heartbeat after run.,2026-06-14_19-55-44_hk_1781459744.fit,111,2026-06-14T17:59:32.000Z,224.000,,143,,,,,,
2026-06-14,training,Postrun Yoga,Just a followup after run. Doing it relaxes all the tensed muscle in my body. I think its a great way slowing down my heartbeat after run.,2026-06-14_19-55-44_hk_1781459744.fit,112,2026-06-14T17:59:34.000Z,226.000,,144,,,,,,
2026-06-14,training,Postrun Yoga,Just a followup after run. Doing it relaxes all the tensed muscle in my body. I think its a great way slowing down my heartbeat after run.,2026-06-14_19-55-44_hk_1781459744.fit,113,2026-06-14T17:59:35.000Z,227.000,,144,,,,,,
2026-06-14,training,Postrun Yoga,Just a followup after run. Doing it relaxes all the tensed muscle in my body. I think its a great way slowing down my heartbeat after run.,2026-06-14_19-55-44_hk_1781459744.fit,114,2026-06-14T17:59:37.000Z,229.000,,144,,,,,,
2026-06-14,training,Postrun Yoga,Just a followup after run. Doing it relaxes all the tensed muscle in my body. I think its a great way slowing down my heartbeat after run.,2026-06-14_19-55-44_hk_1781459744.fit,115,2026-06-14T17:59:40.000Z,232.000,,144,,,,,,
2026-06-14,training,Postrun Yoga,Just a followup after run. Doing it relaxes all the tensed muscle in my body. I think its a great way slowing down my heartbeat after run.,2026-06-14_19-55-44_hk_1781459744.fit,116,2026-06-14T17:59:42.000Z,234.000,,144,,,,,,
2026-06-14,training,Postrun Yoga,Just a followup after run. Doing it relaxes all the tensed muscle in my body. I think its a great way slowing down my heartbeat after run.,2026-06-14_19-55-44_hk_1781459744.fit,117,2026-06-14T17:59:44.000Z,236.000,,144,,,,,,
2026-06-14,training,Postrun Yoga,Just a followup after run. Doing it relaxes all the tensed muscle in my body. I think its a great way slowing down my heartbeat after run.,2026-06-14_19-55-44_hk_1781459744.fit,118,2026-06-14T17:59:45.000Z,237.000,,144,,,,,,
2026-06-14,training,Postrun Yoga,Just a followup after run. Doing it relaxes all the tensed muscle in my body. I think its a great way slowing down my heartbeat after run.,2026-06-14_19-55-44_hk_1781459744.fit,119,2026-06-14T17:59:46.000Z,238.000,,144,,,,,,
2026-06-14,training,Postrun Yoga,Just a followup after run. Doing it relaxes all the tensed muscle in my body. I think its a great way slowing down my heartbeat after run.,2026-06-14_19-55-44_hk_1781459744.fit,120,2026-06-14T17:59:47.000Z,239.000,,144,,,,,,
2026-06-14,training,Postrun Yoga,Just a followup after run. Doing it relaxes all the tensed muscle in my body. I think its a great way slowing down my heartbeat after run.,2026-06-14_19-55-44_hk_1781459744.fit,121,2026-06-14T17:59:50.000Z,242.000,,142,,,,,,
2026-06-14,training,Postrun Yoga,Just a followup after run. Doing it relaxes all the tensed muscle in my body. I think its a great way slowing down my heartbeat after run.,2026-06-14_19-55-44_hk_1781459744.fit,122,2026-06-14T17:59:52.000Z,244.000,,142,,,,,,
2026-06-14,training,Postrun Yoga,Just a followup after run. Doing it relaxes all the tensed muscle in my body. I think its a great way slowing down my heartbeat after run.,2026-06-14_19-55-44_hk_1781459744.fit,123,2026-06-14T17:59:55.000Z,247.000,,142,,,,,,
2026-06-14,training,Postrun Yoga,Just a followup after run. Doing it relaxes all the tensed muscle in my body. I think its a great way slowing down my heartbeat after run.,2026-06-14_19-55-44_hk_1781459744.fit,124,2026-06-14T17:59:57.000Z,249.000,,142,,,,,,
2026-06-14,training,Postrun Yoga,Just a followup after run. Doing it relaxes all the tensed muscle in my body. I think its a great way slowing down my heartbeat after run.,2026-06-14_19-55-44_hk_1781459744.fit,125,2026-06-14T17:59:58.000Z,250.000,,142,,,,,,
2026-06-14,training,Postrun Yoga,Just a followup after run. Doing it relaxes all the tensed muscle in my body. I think its a great way slowing down my heartbeat after run.,2026-06-14_19-55-44_hk_1781459744.fit,126,2026-06-14T18:00:00.000Z,252.000,,142,,,,,,
2026-06-14,training,Postrun Yoga,Just a followup after run. Doing it relaxes all the tensed muscle in my body. I think its a great way slowing down my heartbeat after run.,2026-06-14_19-55-44_hk_1781459744.fit,127,2026-06-14T18:00:03.000Z,255.000,,142,,,,,,
2026-06-14,training,Postrun Yoga,Just a followup after run. Doing it relaxes all the tensed muscle in my body. I think its a great way slowing down my heartbeat after run.,2026-06-14_19-55-44_hk_1781459744.fit,128,2026-06-14T18:00:04.000Z,256.000,,141,,,,,,
2026-06-14,training,Postrun Yoga,Just a followup after run. Doing it relaxes all the tensed muscle in my body. I think its a great way slowing down my heartbeat after run.,2026-06-14_19-55-44_hk_1781459744.fit,129,2026-06-14T18:00:05.000Z,257.000,,141,,,,,,
2026-06-14,training,Postrun Yoga,Just a followup after run. Doing it relaxes all the tensed muscle in my body. I think its a great way slowing down my heartbeat after run.,2026-06-14_19-55-44_hk_1781459744.fit,130,2026-06-14T18:00:08.000Z,260.000,,141,,,,,,
2026-06-14,training,Postrun Yoga,Just a followup after run. Doing it relaxes all the tensed muscle in my body. I think its a great way slowing down my heartbeat after run.,2026-06-14_19-55-44_hk_1781459744.fit,131,2026-06-14T18:00:10.000Z,262.000,,141,,,,,,
2026-06-14,training,Postrun Yoga,Just a followup after run. Doing it relaxes all the tensed muscle in my body. I think its a great way slowing down my heartbeat after run.,2026-06-14_19-55-44_hk_1781459744.fit,132,2026-06-14T18:00:12.000Z,264.000,,141,,,,,,
2026-06-14,training,Postrun Yoga,Just a followup after run. Doing it relaxes all the tensed muscle in my body. I think its a great way slowing down my heartbeat after run.,2026-06-14_19-55-44_hk_1781459744.fit,133,2026-06-14T18:00:13.000Z,265.000,,141,,,,,,
2026-06-14,training,Postrun Yoga,Just a followup after run. Doing it relaxes all the tensed muscle in my body. I think its a great way slowing down my heartbeat after run.,2026-06-14_19-55-44_hk_1781459744.fit,134,2026-06-14T18:00:15.000Z,267.000,,141,,,,,,
2026-06-14,training,Postrun Yoga,Just a followup after run. Doing it relaxes all the tensed muscle in my body. I think its a great way slowing down my heartbeat after run.,2026-06-14_19-55-44_hk_1781459744.fit,135,2026-06-14T18:00:18.000Z,270.000,,141,,,,,,
2026-06-14,training,Postrun Yoga,Just a followup after run. Doing it relaxes all the tensed muscle in my body. I think its a great way slowing down my heartbeat after run.,2026-06-14_19-55-44_hk_1781459744.fit,136,2026-06-14T18:00:19.000Z,271.000,,136,,,,,,
2026-06-14,training,Postrun Yoga,Just a followup after run. Doing it relaxes all the tensed muscle in my body. I think its a great way slowing down my heartbeat after run.,2026-06-14_19-55-44_hk_1781459744.fit,137,2026-06-14T18:00:20.000Z,272.000,,136,,,,,,
2026-06-14,training,Postrun Yoga,Just a followup after run. Doing it relaxes all the tensed muscle in my body. I think its a great way slowing down my heartbeat after run.,2026-06-14_19-55-44_hk_1781459744.fit,138,2026-06-14T18:00:21.000Z,273.000,,136,,,,,,
2026-06-14,training,Postrun Yoga,Just a followup after run. Doing it relaxes all the tensed muscle in my body. I think its a great way slowing down my heartbeat after run.,2026-06-14_19-55-44_hk_1781459744.fit,139,2026-06-14T18:00:23.000Z,275.000,,136,,,,,,
2026-06-14,training,Postrun Yoga,Just a followup after run. Doing it relaxes all the tensed muscle in my body. I think its a great way slowing down my heartbeat after run.,2026-06-14_19-55-44_hk_1781459744.fit,140,2026-06-14T18:00:25.000Z,277.000,,136,,,,,,
2026-06-14,training,Postrun Yoga,Just a followup after run. Doing it relaxes all the tensed muscle in my body. I think its a great way slowing down my heartbeat after run.,2026-06-14_19-55-44_hk_1781459744.fit,141,2026-06-14T18:00:26.000Z,278.000,,136,,,,,,
2026-06-14,training,Postrun Yoga,Just a followup after run. Doing it relaxes all the tensed muscle in my body. I think its a great way slowing down my heartbeat after run.,2026-06-14_19-55-44_hk_1781459744.fit,142,2026-06-14T18:00:28.000Z,280.000,,136,,,,,,
2026-06-14,training,Postrun Yoga,Just a followup after run. Doing it relaxes all the tensed muscle in my body. I think its a great way slowing down my heartbeat after run.,2026-06-14_19-55-44_hk_1781459744.fit,143,2026-06-14T18:00:31.000Z,283.000,,136,,,,,,
2026-06-14,training,Postrun Yoga,Just a followup after run. Doing it relaxes all the tensed muscle in my body. I think its a great way slowing down my heartbeat after run.,2026-06-14_19-55-44_hk_1781459744.fit,144,2026-06-14T18:00:32.000Z,284.000,,136,,,,,,
2026-06-14,training,Postrun Yoga,Just a followup after run. Doing it relaxes all the tensed muscle in my body. I think its a great way slowing down my heartbeat after run.,2026-06-14_19-55-44_hk_1781459744.fit,145,2026-06-14T18:00:33.000Z,285.000,,136,,,,,,
2026-06-14,training,Postrun Yoga,Just a followup after run. Doing it relaxes all the tensed muscle in my body. I think its a great way slowing down my heartbeat after run.,2026-06-14_19-55-44_hk_1781459744.fit,146,2026-06-14T18:00:36.000Z,288.000,,136,,,,,,
2026-06-14,training,Postrun Yoga,Just a followup after run. Doing it relaxes all the tensed muscle in my body. I think its a great way slowing down my heartbeat after run.,2026-06-14_19-55-44_hk_1781459744.fit,147,2026-06-14T18:00:38.000Z,290.000,,136,,,,,,
2026-06-14,training,Postrun Yoga,Just a followup after run. Doing it relaxes all the tensed muscle in my body. I think its a great way slowing down my heartbeat after run.,2026-06-14_19-55-44_hk_1781459744.fit,148,2026-06-14T18:00:39.000Z,291.000,,141,,,,,,
2026-06-14,training,Postrun Yoga,Just a followup after run. Doing it relaxes all the tensed muscle in my body. I think its a great way slowing down my heartbeat after run.,2026-06-14_19-55-44_hk_1781459744.fit,149,2026-06-14T18:00:40.000Z,292.000,,142,,,,,,
2026-06-14,training,Postrun Yoga,Just a followup after run. Doing it relaxes all the tensed muscle in my body. I think its a great way slowing down my heartbeat after run.,2026-06-14_19-55-44_hk_1781459744.fit,150,2026-06-14T18:00:41.000Z,293.000,,142,,,,,,
2026-06-14,training,Postrun Yoga,Just a followup after run. Doing it relaxes all the tensed muscle in my body. I think its a great way slowing down my heartbeat after run.,2026-06-14_19-55-44_hk_1781459744.fit,151,2026-06-14T18:00:44.000Z,296.000,,142,,,,,,
2026-06-14,training,Postrun Yoga,Just a followup after run. Doing it relaxes all the tensed muscle in my body. I think its a great way slowing down my heartbeat after run.,2026-06-14_19-55-44_hk_1781459744.fit,152,2026-06-14T18:00:46.000Z,298.000,,140,,,,,,
2026-06-14,training,Postrun Yoga,Just a followup after run. Doing it relaxes all the tensed muscle in my body. I think its a great way slowing down my heartbeat after run.,2026-06-14_19-55-44_hk_1781459744.fit,153,2026-06-14T18:00:49.000Z,301.000,,140,,,,,,
2026-06-14,training,Postrun Yoga,Just a followup after run. Doing it relaxes all the tensed muscle in my body. I think its a great way slowing down my heartbeat after run.,2026-06-14_19-55-44_hk_1781459744.fit,154,2026-06-14T18:00:51.000Z,303.000,,140,,,,,,
2026-06-14,training,Postrun Yoga,Just a followup after run. Doing it relaxes all the tensed muscle in my body. I think its a great way slowing down my heartbeat after run.,2026-06-14_19-55-44_hk_1781459744.fit,155,2026-06-14T18:00:53.000Z,305.000,,134,,,,,,
2026-06-14,training,Postrun Yoga,Just a followup after run. Doing it relaxes all the tensed muscle in my body. I think its a great way slowing down my heartbeat after run.,2026-06-14_19-55-44_hk_1781459744.fit,156,2026-06-14T18:00:54.000Z,306.000,,134,,,,,,
2026-06-14,training,Postrun Yoga,Just a followup after run. Doing it relaxes all the tensed muscle in my body. I think its a great way slowing down my heartbeat after run.,2026-06-14_19-55-44_hk_1781459744.fit,157,2026-06-14T18:00:55.000Z,307.000,,134,,,,,,
2026-06-14,training,Postrun Yoga,Just a followup after run. Doing it relaxes all the tensed muscle in my body. I think its a great way slowing down my heartbeat after run.,2026-06-14_19-55-44_hk_1781459744.fit,158,2026-06-14T18:00:56.000Z,308.000,,134,,,,,,
2026-06-14,training,Postrun Yoga,Just a followup after run. Doing it relaxes all the tensed muscle in my body. I think its a great way slowing down my heartbeat after run.,2026-06-14_19-55-44_hk_1781459744.fit,159,2026-06-14T18:00:59.000Z,311.000,,134,,,,,,
2026-06-14,training,Postrun Yoga,Just a followup after run. Doing it relaxes all the tensed muscle in my body. I think its a great way slowing down my heartbeat after run.,2026-06-14_19-55-44_hk_1781459744.fit,160,2026-06-14T18:01:00.000Z,312.000,,137,,,,,,
2026-06-14,training,Postrun Yoga,Just a followup after run. Doing it relaxes all the tensed muscle in my body. I think its a great way slowing down my heartbeat after run.,2026-06-14_19-55-44_hk_1781459744.fit,161,2026-06-14T18:01:02.000Z,314.000,,137,,,,,,
2026-06-14,training,Postrun Yoga,Just a followup after run. Doing it relaxes all the tensed muscle in my body. I think its a great way slowing down my heartbeat after run.,2026-06-14_19-55-44_hk_1781459744.fit,162,2026-06-14T18:01:04.000Z,316.000,,137,,,,,,
2026-06-14,training,Postrun Yoga,Just a followup after run. Doing it relaxes all the tensed muscle in my body. I think its a great way slowing down my heartbeat after run.,2026-06-14_19-55-44_hk_1781459744.fit,163,2026-06-14T18:01:07.000Z,319.000,,141,,,,,,
2026-06-14,training,Postrun Yoga,Just a followup after run. Doing it relaxes all the tensed muscle in my body. I think its a great way slowing down my heartbeat after run.,2026-06-14_19-55-44_hk_1781459744.fit,164,2026-06-14T18:01:09.000Z,321.000,,141,,,,,,
2026-06-14,training,Postrun Yoga,Just a followup after run. Doing it relaxes all the tensed muscle in my body. I think its a great way slowing down my heartbeat after run.,2026-06-14_19-55-44_hk_1781459744.fit,165,2026-06-14T18:01:10.000Z,322.000,,141,,,,,,
2026-06-14,training,Postrun Yoga,Just a followup after run. Doing it relaxes all the tensed muscle in my body. I think its a great way slowing down my heartbeat after run.,2026-06-14_19-55-44_hk_1781459744.fit,166,2026-06-14T18:01:12.000Z,324.000,,141,,,,,,
2026-06-14,training,Postrun Yoga,Just a followup after run. Doing it relaxes all the tensed muscle in my body. I think its a great way slowing down my heartbeat after run.,2026-06-14_19-55-44_hk_1781459744.fit,167,2026-06-14T18:01:14.000Z,326.000,,141,,,,,,
2026-06-14,training,Postrun Yoga,Just a followup after run. Doing it relaxes all the tensed muscle in my body. I think its a great way slowing down my heartbeat after run.,2026-06-14_19-55-44_hk_1781459744.fit,168,2026-06-14T18:01:16.000Z,328.000,,142,,,,,,
2026-06-14,training,Postrun Yoga,Just a followup after run. Doing it relaxes all the tensed muscle in my body. I think its a great way slowing down my heartbeat after run.,2026-06-14_19-55-44_hk_1781459744.fit,169,2026-06-14T18:01:17.000Z,329.000,,142,,,,,,
2026-06-14,training,Postrun Yoga,Just a followup after run. Doing it relaxes all the tensed muscle in my body. I think its a great way slowing down my heartbeat after run.,2026-06-14_19-55-44_hk_1781459744.fit,170,2026-06-14T18:01:19.000Z,331.000,,142,,,,,,
2026-06-14,training,Postrun Yoga,Just a followup after run. Doing it relaxes all the tensed muscle in my body. I think its a great way slowing down my heartbeat after run.,2026-06-14_19-55-44_hk_1781459744.fit,171,2026-06-14T18:01:22.000Z,334.000,,142,,,,,,
2026-06-14,training,Postrun Yoga,Just a followup after run. Doing it relaxes all the tensed muscle in my body. I think its a great way slowing down my heartbeat after run.,2026-06-14_19-55-44_hk_1781459744.fit,172,2026-06-14T18:01:24.000Z,336.000,,140,,,,,,
2026-06-14,training,Postrun Yoga,Just a followup after run. Doing it relaxes all the tensed muscle in my body. I think its a great way slowing down my heartbeat after run.,2026-06-14_19-55-44_hk_1781459744.fit,173,2026-06-14T18:01:25.000Z,337.000,,140,,,,,,
2026-06-14,training,Postrun Yoga,Just a followup after run. Doing it relaxes all the tensed muscle in my body. I think its a great way slowing down my heartbeat after run.,2026-06-14_19-55-44_hk_1781459744.fit,174,2026-06-14T18:01:27.000Z,339.000,,140,,,,,,
2026-06-14,training,Postrun Yoga,Just a followup after run. Doing it relaxes all the tensed muscle in my body. I think its a great way slowing down my heartbeat after run.,2026-06-14_19-55-44_hk_1781459744.fit,175,2026-06-14T18:01:30.000Z,342.000,,140,,,,,,
2026-06-14,training,Postrun Yoga,Just a followup after run. Doing it relaxes all the tensed muscle in my body. I think its a great way slowing down my heartbeat after run.,2026-06-14_19-55-44_hk_1781459744.fit,176,2026-06-14T18:01:32.000Z,344.000,,140,,,,,,
2026-06-14,training,Postrun Yoga,Just a followup after run. Doing it relaxes all the tensed muscle in my body. I think its a great way slowing down my heartbeat after run.,2026-06-14_19-55-44_hk_1781459744.fit,177,2026-06-14T18:01:33.000Z,345.000,,138,,,,,,
2026-06-14,training,Postrun Yoga,Just a followup after run. Doing it relaxes all the tensed muscle in my body. I think its a great way slowing down my heartbeat after run.,2026-06-14_19-55-44_hk_1781459744.fit,178,2026-06-14T18:01:35.000Z,347.000,,137,,,,,,
2026-06-14,training,Postrun Yoga,Just a followup after run. Doing it relaxes all the tensed muscle in my body. I think its a great way slowing down my heartbeat after run.,2026-06-14_19-55-44_hk_1781459744.fit,179,2026-06-14T18:01:37.000Z,349.000,,137,,,,,,
2026-06-14,training,Postrun Yoga,Just a followup after run. Doing it relaxes all the tensed muscle in my body. I think its a great way slowing down my heartbeat after run.,2026-06-14_19-55-44_hk_1781459744.fit,180,2026-06-14T18:01:40.000Z,352.000,,137,,,,,,
2026-06-14,training,Postrun Yoga,Just a followup after run. Doing it relaxes all the tensed muscle in my body. I think its a great way slowing down my heartbeat after run.,2026-06-14_19-55-44_hk_1781459744.fit,181,2026-06-14T18:01:42.000Z,354.000,,137,,,,,,
2026-06-14,training,Postrun Yoga,Just a followup after run. Doing it relaxes all the tensed muscle in my body. I think its a great way slowing down my heartbeat after run.,2026-06-14_19-55-44_hk_1781459744.fit,182,2026-06-14T18:01:44.000Z,356.000,,130,,,,,,
2026-06-14,training,Postrun Yoga,Just a followup after run. Doing it relaxes all the tensed muscle in my body. I think its a great way slowing down my heartbeat after run.,2026-06-14_19-55-44_hk_1781459744.fit,183,2026-06-14T18:01:45.000Z,357.000,,130,,,,,,
2026-06-14,training,Postrun Yoga,Just a followup after run. Doing it relaxes all the tensed muscle in my body. I think its a great way slowing down my heartbeat after run.,2026-06-14_19-55-44_hk_1781459744.fit,184,2026-06-14T18:01:48.000Z,360.000,,130,,,,,,
2026-06-14,training,Postrun Yoga,Just a followup after run. Doing it relaxes all the tensed muscle in my body. I think its a great way slowing down my heartbeat after run.,2026-06-14_19-55-44_hk_1781459744.fit,185,2026-06-14T18:01:50.000Z,362.000,,130,,,,,,
2026-06-14,training,Postrun Yoga,Just a followup after run. Doing it relaxes all the tensed muscle in my body. I think its a great way slowing down my heartbeat after run.,2026-06-14_19-55-44_hk_1781459744.fit,186,2026-06-14T18:01:51.000Z,363.000,,130,,,,,,
2026-06-14,training,Postrun Yoga,Just a followup after run. Doing it relaxes all the tensed muscle in my body. I think its a great way slowing down my heartbeat after run.,2026-06-14_19-55-44_hk_1781459744.fit,187,2026-06-14T18:01:53.000Z,365.000,,130,,,,,,
2026-06-14,training,Postrun Yoga,Just a followup after run. Doing it relaxes all the tensed muscle in my body. I think its a great way slowing down my heartbeat after run.,2026-06-14_19-55-44_hk_1781459744.fit,188,2026-06-14T18:01:55.000Z,367.000,,131,,,,,,
2026-06-14,training,Postrun Yoga,Just a followup after run. Doing it relaxes all the tensed muscle in my body. I think its a great way slowing down my heartbeat after run.,2026-06-14_19-55-44_hk_1781459744.fit,189,2026-06-14T18:01:58.000Z,370.000,,131,,,,,,
2026-06-14,training,Postrun Yoga,Just a followup after run. Doing it relaxes all the tensed muscle in my body. I think its a great way slowing down my heartbeat after run.,2026-06-14_19-55-44_hk_1781459744.fit,190,2026-06-14T18:02:00.000Z,372.000,,131,,,,,,
2026-06-14,training,Postrun Yoga,Just a followup after run. Doing it relaxes all the tensed muscle in my body. I think its a great way slowing down my heartbeat after run.,2026-06-14_19-55-44_hk_1781459744.fit,191,2026-06-14T18:02:03.000Z,375.000,,131,,,,,,
2026-06-14,training,Postrun Yoga,Just a followup after run. Doing it relaxes all the tensed muscle in my body. I think its a great way slowing down my heartbeat after run.,2026-06-14_19-55-44_hk_1781459744.fit,192,2026-06-14T18:02:04.000Z,376.000,,137,,,,,,
2026-06-14,training,Postrun Yoga,Just a followup after run. Doing it relaxes all the tensed muscle in my body. I think its a great way slowing down my heartbeat after run.,2026-06-14_19-55-44_hk_1781459744.fit,193,2026-06-14T18:02:06.000Z,378.000,,137,,,,,,
2026-06-14,training,Postrun Yoga,Just a followup after run. Doing it relaxes all the tensed muscle in my body. I think its a great way slowing down my heartbeat after run.,2026-06-14_19-55-44_hk_1781459744.fit,194,2026-06-14T18:02:08.000Z,380.000,,137,,,,,,
2026-06-14,training,Postrun Yoga,Just a followup after run. Doing it relaxes all the tensed muscle in my body. I think its a great way slowing down my heartbeat after run.,2026-06-14_19-55-44_hk_1781459744.fit,195,2026-06-14T18:02:10.000Z,382.000,,137,,,,,,
2026-06-14,training,Postrun Yoga,Just a followup after run. Doing it relaxes all the tensed muscle in my body. I think its a great way slowing down my heartbeat after run.,2026-06-14_19-55-44_hk_1781459744.fit,196,2026-06-14T18:02:11.000Z,383.000,,137,,,,,,
2026-06-14,training,Postrun Yoga,Just a followup after run. Doing it relaxes all the tensed muscle in my body. I think its a great way slowing down my heartbeat after run.,2026-06-14_19-55-44_hk_1781459744.fit,197,2026-06-14T18:02:13.000Z,385.000,,137,,,,,,
2026-06-14,training,Postrun Yoga,Just a followup after run. Doing it relaxes all the tensed muscle in my body. I think its a great way slowing down my heartbeat after run.,2026-06-14_19-55-44_hk_1781459744.fit,198,2026-06-14T18:02:16.000Z,388.000,,137,,,,,,
2026-06-14,training,Postrun Yoga,Just a followup after run. Doing it relaxes all the tensed muscle in my body. I think its a great way slowing down my heartbeat after run.,2026-06-14_19-55-44_hk_1781459744.fit,199,2026-06-14T18:02:18.000Z,390.000,,137,,,,,,
2026-06-14,training,Postrun Yoga,Just a followup after run. Doing it relaxes all the tensed muscle in my body. I think its a great way slowing down my heartbeat after run.,2026-06-14_19-55-44_hk_1781459744.fit,200,2026-06-14T18:02:19.000Z,391.000,,140,,,,,,
2026-06-14,training,Postrun Yoga,Just a followup after run. Doing it relaxes all the tensed muscle in my body. I think its a great way slowing down my heartbeat after run.,2026-06-14_19-55-44_hk_1781459744.fit,201,2026-06-14T18:02:21.000Z,393.000,,140,,,,,,
2026-06-14,training,Postrun Yoga,Just a followup after run. Doing it relaxes all the tensed muscle in my body. I think its a great way slowing down my heartbeat after run.,2026-06-14_19-55-44_hk_1781459744.fit,202,2026-06-14T18:02:23.000Z,395.000,,140,,,,,,
2026-06-14,training,Postrun Yoga,Just a followup after run. Doing it relaxes all the tensed muscle in my body. I think its a great way slowing down my heartbeat after run.,2026-06-14_19-55-44_hk_1781459744.fit,203,2026-06-14T18:02:24.000Z,396.000,,140,,,,,,
2026-06-14,training,Postrun Yoga,Just a followup after run. Doing it relaxes all the tensed muscle in my body. I think its a great way slowing down my heartbeat after run.,2026-06-14_19-55-44_hk_1781459744.fit,204,2026-06-14T18:02:25.000Z,397.000,,140,,,,,,
2026-06-14,training,Postrun Yoga,Just a followup after run. Doing it relaxes all the tensed muscle in my body. I think its a great way slowing down my heartbeat after run.,2026-06-14_19-55-44_hk_1781459744.fit,205,2026-06-14T18:02:26.000Z,398.000,,140,,,,,,
2026-06-14,training,Postrun Yoga,Just a followup after run. Doing it relaxes all the tensed muscle in my body. I think its a great way slowing down my heartbeat after run.,2026-06-14_19-55-44_hk_1781459744.fit,206,2026-06-14T18:02:29.000Z,401.000,,140,,,,,,
2026-06-14,training,Postrun Yoga,Just a followup after run. Doing it relaxes all the tensed muscle in my body. I think its a great way slowing down my heartbeat after run.,2026-06-14_19-55-44_hk_1781459744.fit,207,2026-06-14T18:02:31.000Z,403.000,,140,,,,,,
2026-06-14,training,Postrun Yoga,Just a followup after run. Doing it relaxes all the tensed muscle in my body. I think its a great way slowing down my heartbeat after run.,2026-06-14_19-55-44_hk_1781459744.fit,208,2026-06-14T18:02:34.000Z,406.000,,137,,,,,,
2026-06-14,training,Postrun Yoga,Just a followup after run. Doing it relaxes all the tensed muscle in my body. I think its a great way slowing down my heartbeat after run.,2026-06-14_19-55-44_hk_1781459744.fit,209,2026-06-14T18:02:35.000Z,407.000,,136,,,,,,
2026-06-14,training,Postrun Yoga,Just a followup after run. Doing it relaxes all the tensed muscle in my body. I think its a great way slowing down my heartbeat after run.,2026-06-14_19-55-44_hk_1781459744.fit,210,2026-06-14T18:02:36.000Z,408.000,,136,,,,,,
2026-06-14,training,Postrun Yoga,Just a followup after run. Doing it relaxes all the tensed muscle in my body. I think its a great way slowing down my heartbeat after run.,2026-06-14_19-55-44_hk_1781459744.fit,211,2026-06-14T18:02:39.000Z,411.000,,136,,,,,,
2026-06-14,training,Postrun Yoga,Just a followup after run. Doing it relaxes all the tensed muscle in my body. I think its a great way slowing down my heartbeat after run.,2026-06-14_19-55-44_hk_1781459744.fit,212,2026-06-14T18:02:40.000Z,412.000,,139,,,,,,
2026-06-14,training,Postrun Yoga,Just a followup after run. Doing it relaxes all the tensed muscle in my body. I think its a great way slowing down my heartbeat after run.,2026-06-14_19-55-44_hk_1781459744.fit,213,2026-06-14T18:02:41.000Z,413.000,,139,,,,,,
2026-06-14,training,Postrun Yoga,Just a followup after run. Doing it relaxes all the tensed muscle in my body. I think its a great way slowing down my heartbeat after run.,2026-06-14_19-55-44_hk_1781459744.fit,214,2026-06-14T18:02:44.000Z,416.000,,139,,,,,,
2026-06-14,training,Postrun Yoga,Just a followup after run. Doing it relaxes all the tensed muscle in my body. I think its a great way slowing down my heartbeat after run.,2026-06-14_19-55-44_hk_1781459744.fit,215,2026-06-14T18:02:45.000Z,417.000,,137,,,,,,
2026-06-14,training,Postrun Yoga,Just a followup after run. Doing it relaxes all the tensed muscle in my body. I think its a great way slowing down my heartbeat after run.,2026-06-14_19-55-44_hk_1781459744.fit,216,2026-06-14T18:02:46.000Z,418.000,,137,,,,,,
2026-06-14,training,Postrun Yoga,Just a followup after run. Doing it relaxes all the tensed muscle in my body. I think its a great way slowing down my heartbeat after run.,2026-06-14_19-55-44_hk_1781459744.fit,217,2026-06-14T18:02:49.000Z,421.000,,137,,,,,,
2026-06-14,training,Postrun Yoga,Just a followup after run. Doing it relaxes all the tensed muscle in my body. I think its a great way slowing down my heartbeat after run.,2026-06-14_19-55-44_hk_1781459744.fit,218,2026-06-14T18:02:52.000Z,424.000,,140,,,,,,
2026-06-14,training,Postrun Yoga,Just a followup after run. Doing it relaxes all the tensed muscle in my body. I think its a great way slowing down my heartbeat after run.,2026-06-14_19-55-44_hk_1781459744.fit,219,2026-06-14T18:02:54.000Z,426.000,,140,,,,,,
2026-06-14,training,Postrun Yoga,Just a followup after run. Doing it relaxes all the tensed muscle in my body. I think its a great way slowing down my heartbeat after run.,2026-06-14_19-55-44_hk_1781459744.fit,220,2026-06-14T18:02:57.000Z,429.000,,140,,,,,,
2026-06-14,training,Postrun Yoga,Just a followup after run. Doing it relaxes all the tensed muscle in my body. I think its a great way slowing down my heartbeat after run.,2026-06-14_19-55-44_hk_1781459744.fit,221,2026-06-14T18:02:59.000Z,431.000,,135,,,,,,
2026-06-14,training,Postrun Yoga,Just a followup after run. Doing it relaxes all the tensed muscle in my body. I think its a great way slowing down my heartbeat after run.,2026-06-14_19-55-44_hk_1781459744.fit,222,2026-06-14T18:03:00.000Z,432.000,,135,,,,,,
2026-06-14,training,Postrun Yoga,Just a followup after run. Doing it relaxes all the tensed muscle in my body. I think its a great way slowing down my heartbeat after run.,2026-06-14_19-55-44_hk_1781459744.fit,223,2026-06-14T18:03:02.000Z,434.000,,135,,,,,,
2026-06-14,training,Postrun Yoga,Just a followup after run. Doing it relaxes all the tensed muscle in my body. I think its a great way slowing down my heartbeat after run.,2026-06-14_19-55-44_hk_1781459744.fit,224,2026-06-14T18:03:04.000Z,436.000,,135,,,,,,
2026-06-14,training,Postrun Yoga,Just a followup after run. Doing it relaxes all the tensed muscle in my body. I think its a great way slowing down my heartbeat after run.,2026-06-14_19-55-44_hk_1781459744.fit,225,2026-06-14T18:03:07.000Z,439.000,,135,,,,,,
2026-06-14,training,Postrun Yoga,Just a followup after run. Doing it relaxes all the tensed muscle in my body. I think its a great way slowing down my heartbeat after run.,2026-06-14_19-55-44_hk_1781459744.fit,226,2026-06-14T18:03:09.000Z,441.000,,132,,,,,,
2026-06-14,training,Postrun Yoga,Just a followup after run. Doing it relaxes all the tensed muscle in my body. I think its a great way slowing down my heartbeat after run.,2026-06-14_19-55-44_hk_1781459744.fit,227,2026-06-14T18:03:10.000Z,442.000,,132,,,,,,
2026-06-14,training,Postrun Yoga,Just a followup after run. Doing it relaxes all the tensed muscle in my body. I think its a great way slowing down my heartbeat after run.,2026-06-14_19-55-44_hk_1781459744.fit,228,2026-06-14T18:03:12.000Z,444.000,,132,,,,,,
2026-06-14,training,Postrun Yoga,Just a followup after run. Doing it relaxes all the tensed muscle in my body. I think its a great way slowing down my heartbeat after run.,2026-06-14_19-55-44_hk_1781459744.fit,229,2026-06-14T18:03:14.000Z,446.000,,132,,,,,,
2026-06-14,training,Postrun Yoga,Just a followup after run. Doing it relaxes all the tensed muscle in my body. I think its a great way slowing down my heartbeat after run.,2026-06-14_19-55-44_hk_1781459744.fit,230,2026-06-14T18:03:15.000Z,447.000,,132,,,,,,
2026-06-14,training,Postrun Yoga,Just a followup after run. Doing it relaxes all the tensed muscle in my body. I think its a great way slowing down my heartbeat after run.,2026-06-14_19-55-44_hk_1781459744.fit,231,2026-06-14T18:03:16.000Z,448.000,,132,,,,,,
2026-06-14,training,Postrun Yoga,Just a followup after run. Doing it relaxes all the tensed muscle in my body. I think its a great way slowing down my heartbeat after run.,2026-06-14_19-55-44_hk_1781459744.fit,232,2026-06-14T18:03:17.000Z,449.000,,132,,,,,,
2026-06-14,training,Postrun Yoga,Just a followup after run. Doing it relaxes all the tensed muscle in my body. I think its a great way slowing down my heartbeat after run.,2026-06-14_19-55-44_hk_1781459744.fit,233,2026-06-14T18:03:20.000Z,452.000,,132,,,,,,
2026-06-14,training,Postrun Yoga,Just a followup after run. Doing it relaxes all the tensed muscle in my body. I think its a great way slowing down my heartbeat after run.,2026-06-14_19-55-44_hk_1781459744.fit,234,2026-06-14T18:03:22.000Z,454.000,,127,,,,,,
2026-06-14,training,Postrun Yoga,Just a followup after run. Doing it relaxes all the tensed muscle in my body. I think its a great way slowing down my heartbeat after run.,2026-06-14_19-55-44_hk_1781459744.fit,235,2026-06-14T18:03:25.000Z,457.000,,127,,,,,,
2026-06-14,training,Postrun Yoga,Just a followup after run. Doing it relaxes all the tensed muscle in my body. I think its a great way slowing down my heartbeat after run.,2026-06-14_19-55-44_hk_1781459744.fit,236,2026-06-14T18:03:27.000Z,459.000,,126,,,,,,
2026-06-14,training,Postrun Yoga,Just a followup after run. Doing it relaxes all the tensed muscle in my body. I think its a great way slowing down my heartbeat after run.,2026-06-14_19-55-44_hk_1781459744.fit,237,2026-06-14T18:03:30.000Z,462.000,,126,,,,,,
2026-06-14,training,Postrun Yoga,Just a followup after run. Doing it relaxes all the tensed muscle in my body. I think its a great way slowing down my heartbeat after run.,2026-06-14_19-55-44_hk_1781459744.fit,238,2026-06-14T18:03:32.000Z,464.000,,125,,,,,,
2026-06-14,training,Postrun Yoga,Just a followup after run. Doing it relaxes all the tensed muscle in my body. I think its a great way slowing down my heartbeat after run.,2026-06-14_19-55-44_hk_1781459744.fit,239,2026-06-14T18:03:33.000Z,465.000,,125,,,,,,
2026-06-14,training,Postrun Yoga,Just a followup after run. Doing it relaxes all the tensed muscle in my body. I think its a great way slowing down my heartbeat after run.,2026-06-14_19-55-44_hk_1781459744.fit,240,2026-06-14T18:03:35.000Z,467.000,,125,,,,,,
2026-06-14,training,Postrun Yoga,Just a followup after run. Doing it relaxes all the tensed muscle in my body. I think its a great way slowing down my heartbeat after run.,2026-06-14_19-55-44_hk_1781459744.fit,241,2026-06-14T18:03:37.000Z,469.000,,124,,,,,,
2026-06-14,training,Postrun Yoga,Just a followup after run. Doing it relaxes all the tensed muscle in my body. I think its a great way slowing down my heartbeat after run.,2026-06-14_19-55-44_hk_1781459744.fit,242,2026-06-14T18:03:38.000Z,470.000,,124,,,,,,
2026-06-14,training,Postrun Yoga,Just a followup after run. Doing it relaxes all the tensed muscle in my body. I think its a great way slowing down my heartbeat after run.,2026-06-14_19-55-44_hk_1781459744.fit,243,2026-06-14T18:03:40.000Z,472.000,,124,,,,,,
2026-06-14,training,Postrun Yoga,Just a followup after run. Doing it relaxes all the tensed muscle in my body. I think its a great way slowing down my heartbeat after run.,2026-06-14_19-55-44_hk_1781459744.fit,244,2026-06-14T18:03:43.000Z,475.000,,124,,,,,,
2026-06-14,training,Postrun Yoga,Just a followup after run. Doing it relaxes all the tensed muscle in my body. I think its a great way slowing down my heartbeat after run.,2026-06-14_19-55-44_hk_1781459744.fit,245,2026-06-14T18:03:44.000Z,476.000,,130,,,,,,
2026-06-14,training,Postrun Yoga,Just a followup after run. Doing it relaxes all the tensed muscle in my body. I think its a great way slowing down my heartbeat after run.,2026-06-14_19-55-44_hk_1781459744.fit,246,2026-06-14T18:03:45.000Z,477.000,,130,,,,,,
2026-06-14,training,Postrun Yoga,Just a followup after run. Doing it relaxes all the tensed muscle in my body. I think its a great way slowing down my heartbeat after run.,2026-06-14_19-55-44_hk_1781459744.fit,247,2026-06-14T18:03:48.000Z,480.000,,130,,,,,,
2026-06-14,training,Postrun Yoga,Just a followup after run. Doing it relaxes all the tensed muscle in my body. I think its a great way slowing down my heartbeat after run.,2026-06-14_19-55-44_hk_1781459744.fit,248,2026-06-14T18:03:50.000Z,482.000,,130,,,,,,
2026-06-14,training,Postrun Yoga,Just a followup after run. Doing it relaxes all the tensed muscle in my body. I think its a great way slowing down my heartbeat after run.,2026-06-14_19-55-44_hk_1781459744.fit,249,2026-06-14T18:03:53.000Z,485.000,,132,,,,,,
2026-06-14,training,Postrun Yoga,Just a followup after run. Doing it relaxes all the tensed muscle in my body. I think its a great way slowing down my heartbeat after run.,2026-06-14_19-55-44_hk_1781459744.fit,250,2026-06-14T18:03:55.000Z,487.000,,132,,,,,,
2026-06-14,training,Postrun Yoga,Just a followup after run. Doing it relaxes all the tensed muscle in my body. I think its a great way slowing down my heartbeat after run.,2026-06-14_19-55-44_hk_1781459744.fit,251,2026-06-14T18:03:56.000Z,488.000,,132,,,,,,
2026-06-14,training,Postrun Yoga,Just a followup after run. Doing it relaxes all the tensed muscle in my body. I think its a great way slowing down my heartbeat after run.,2026-06-14_19-55-44_hk_1781459744.fit,252,2026-06-14T18:03:58.000Z,490.000,,132,,,,,,
2026-06-14,training,Postrun Yoga,Just a followup after run. Doing it relaxes all the tensed muscle in my body. I think its a great way slowing down my heartbeat after run.,2026-06-14_19-55-44_hk_1781459744.fit,253,2026-06-14T18:04:01.000Z,493.000,,132,,,,,,
2026-06-14,training,Postrun Yoga,Just a followup after run. Doing it relaxes all the tensed muscle in my body. I think its a great way slowing down my heartbeat after run.,2026-06-14_19-55-44_hk_1781459744.fit,254,2026-06-14T18:04:02.000Z,494.000,,128,,,,,,
2026-06-14,training,Postrun Yoga,Just a followup after run. Doing it relaxes all the tensed muscle in my body. I think its a great way slowing down my heartbeat after run.,2026-06-14_19-55-44_hk_1781459744.fit,255,2026-06-14T18:04:03.000Z,495.000,,128,,,,,,
2026-06-14,training,Postrun Yoga,Just a followup after run. Doing it relaxes all the tensed muscle in my body. I think its a great way slowing down my heartbeat after run.,2026-06-14_19-55-44_hk_1781459744.fit,256,2026-06-14T18:04:05.000Z,497.000,,131,,,,,,
2026-06-14,training,Postrun Yoga,Just a followup after run. Doing it relaxes all the tensed muscle in my body. I think its a great way slowing down my heartbeat after run.,2026-06-14_19-55-44_hk_1781459744.fit,257,2026-06-14T18:04:06.000Z,498.000,,131,,,,,,
2026-06-14,training,Postrun Yoga,Just a followup after run. Doing it relaxes all the tensed muscle in my body. I think its a great way slowing down my heartbeat after run.,2026-06-14_19-55-44_hk_1781459744.fit,258,2026-06-14T18:04:08.000Z,500.000,,131,,,,,,
2026-06-14,training,Postrun Yoga,Just a followup after run. Doing it relaxes all the tensed muscle in my body. I think its a great way slowing down my heartbeat after run.,2026-06-14_19-55-44_hk_1781459744.fit,259,2026-06-14T18:04:11.000Z,503.000,,131,,,,,,
2026-06-14,training,Postrun Yoga,Just a followup after run. Doing it relaxes all the tensed muscle in my body. I think its a great way slowing down my heartbeat after run.,2026-06-14_19-55-44_hk_1781459744.fit,260,2026-06-14T18:04:14.000Z,506.000,,125,,,,,,
2026-06-14,training,Postrun Yoga,Just a followup after run. Doing it relaxes all the tensed muscle in my body. I think its a great way slowing down my heartbeat after run.,2026-06-14_19-55-44_hk_1781459744.fit,261,2026-06-14T18:04:16.000Z,508.000,,125,,,,,,
2026-06-14,training,Postrun Yoga,Just a followup after run. Doing it relaxes all the tensed muscle in my body. I think its a great way slowing down my heartbeat after run.,2026-06-14_19-55-44_hk_1781459744.fit,262,2026-06-14T18:04:19.000Z,511.000,,125,,,,,,
2026-06-14,training,Postrun Yoga,Just a followup after run. Doing it relaxes all the tensed muscle in my body. I think its a great way slowing down my heartbeat after run.,2026-06-14_19-55-44_hk_1781459744.fit,263,2026-06-14T18:04:21.000Z,513.000,,125,,,,,,
2026-06-14,training,Postrun Yoga,Just a followup after run. Doing it relaxes all the tensed muscle in my body. I think its a great way slowing down my heartbeat after run.,2026-06-14_19-55-44_hk_1781459744.fit,264,2026-06-14T18:04:23.000Z,515.000,,117,,,,,,
2026-06-14,training,Postrun Yoga,Just a followup after run. Doing it relaxes all the tensed muscle in my body. I think its a great way slowing down my heartbeat after run.,2026-06-14_19-55-44_hk_1781459744.fit,265,2026-06-14T18:04:24.000Z,516.000,,117,,,,,,
2026-06-14,training,Postrun Yoga,Just a followup after run. Doing it relaxes all the tensed muscle in my body. I think its a great way slowing down my heartbeat after run.,2026-06-14_19-55-44_hk_1781459744.fit,266,2026-06-14T18:04:25.000Z,517.000,,118,,,,,,
2026-06-14,training,Postrun Yoga,Just a followup after run. Doing it relaxes all the tensed muscle in my body. I think its a great way slowing down my heartbeat after run.,2026-06-14_19-55-44_hk_1781459744.fit,267,2026-06-14T18:04:26.000Z,518.000,,118,,,,,,
2026-06-14,training,Postrun Yoga,Just a followup after run. Doing it relaxes all the tensed muscle in my body. I think its a great way slowing down my heartbeat after run.,2026-06-14_19-55-44_hk_1781459744.fit,268,2026-06-14T18:04:29.000Z,521.000,,118,,,,,,
2026-06-14,training,Postrun Yoga,Just a followup after run. Doing it relaxes all the tensed muscle in my body. I think its a great way slowing down my heartbeat after run.,2026-06-14_19-55-44_hk_1781459744.fit,269,2026-06-14T18:04:30.000Z,522.000,,122,,,,,,
2026-06-14,training,Postrun Yoga,Just a followup after run. Doing it relaxes all the tensed muscle in my body. I think its a great way slowing down my heartbeat after run.,2026-06-14_19-55-44_hk_1781459744.fit,270,2026-06-14T18:04:31.000Z,523.000,,122,,,,,,
2026-06-14,training,Postrun Yoga,Just a followup after run. Doing it relaxes all the tensed muscle in my body. I think its a great way slowing down my heartbeat after run.,2026-06-14_19-55-44_hk_1781459744.fit,271,2026-06-14T18:04:34.000Z,526.000,,122,,,,,,
2026-06-14,training,Postrun Yoga,Just a followup after run. Doing it relaxes all the tensed muscle in my body. I think its a great way slowing down my heartbeat after run.,2026-06-14_19-55-44_hk_1781459744.fit,272,2026-06-14T18:04:35.000Z,527.000,,128,,,,,,
2026-06-14,training,Postrun Yoga,Just a followup after run. Doing it relaxes all the tensed muscle in my body. I think its a great way slowing down my heartbeat after run.,2026-06-14_19-55-44_hk_1781459744.fit,273,2026-06-14T18:04:37.000Z,529.000,,128,,,,,,
2026-06-14,training,Postrun Yoga,Just a followup after run. Doing it relaxes all the tensed muscle in my body. I think its a great way slowing down my heartbeat after run.,2026-06-14_19-55-44_hk_1781459744.fit,274,2026-06-14T18:04:39.000Z,531.000,,128,,,,,,
2026-06-14,training,Postrun Yoga,Just a followup after run. Doing it relaxes all the tensed muscle in my body. I think its a great way slowing down my heartbeat after run.,2026-06-14_19-55-44_hk_1781459744.fit,275,2026-06-14T18:04:40.000Z,532.000,,130,,,,,,
2026-06-14,training,Postrun Yoga,Just a followup after run. Doing it relaxes all the tensed muscle in my body. I think its a great way slowing down my heartbeat after run.,2026-06-14_19-55-44_hk_1781459744.fit,276,2026-06-14T18:04:42.000Z,534.000,,130,,,,,,
2026-06-14,training,Postrun Yoga,Just a followup after run. Doing it relaxes all the tensed muscle in my body. I think its a great way slowing down my heartbeat after run.,2026-06-14_19-55-44_hk_1781459744.fit,277,2026-06-14T18:04:44.000Z,536.000,,130,,,,,,
2026-06-14,training,Postrun Yoga,Just a followup after run. Doing it relaxes all the tensed muscle in my body. I think its a great way slowing down my heartbeat after run.,2026-06-14_19-55-44_hk_1781459744.fit,278,2026-06-14T18:04:46.000Z,538.000,,130,,,,,,
2026-06-14,training,Postrun Yoga,Just a followup after run. Doing it relaxes all the tensed muscle in my body. I think its a great way slowing down my heartbeat after run.,2026-06-14_19-55-44_hk_1781459744.fit,279,2026-06-14T18:04:47.000Z,539.000,,130,,,,,,
2026-06-14,training,Postrun Yoga,Just a followup after run. Doing it relaxes all the tensed muscle in my body. I think its a great way slowing down my heartbeat after run.,2026-06-14_19-55-44_hk_1781459744.fit,280,2026-06-14T18:04:49.000Z,541.000,,130,,,,,,
2026-06-14,training,Postrun Yoga,Just a followup after run. Doing it relaxes all the tensed muscle in my body. I think its a great way slowing down my heartbeat after run.,2026-06-14_19-55-44_hk_1781459744.fit,281,2026-06-14T18:04:52.000Z,544.000,,130,,,,,,
2026-06-14,training,Postrun Yoga,Just a followup after run. Doing it relaxes all the tensed muscle in my body. I think its a great way slowing down my heartbeat after run.,2026-06-14_19-55-44_hk_1781459744.fit,282,2026-06-14T18:04:54.000Z,546.000,,130,,,,,,
2026-06-14,training,Postrun Yoga,Just a followup after run. Doing it relaxes all the tensed muscle in my body. I think its a great way slowing down my heartbeat after run.,2026-06-14_19-55-44_hk_1781459744.fit,283,2026-06-14T18:04:57.000Z,549.000,,130,,,,,,
2026-06-14,training,Postrun Yoga,Just a followup after run. Doing it relaxes all the tensed muscle in my body. I think its a great way slowing down my heartbeat after run.,2026-06-14_19-55-44_hk_1781459744.fit,284,2026-06-14T18:04:58.000Z,550.000,,132,,,,,,
2026-06-14,training,Postrun Yoga,Just a followup after run. Doing it relaxes all the tensed muscle in my body. I think its a great way slowing down my heartbeat after run.,2026-06-14_19-55-44_hk_1781459744.fit,285,2026-06-14T18:05:00.000Z,552.000,,132,,,,,,
2026-06-14,training,Postrun Yoga,Just a followup after run. Doing it relaxes all the tensed muscle in my body. I think its a great way slowing down my heartbeat after run.,2026-06-14_19-55-44_hk_1781459744.fit,286,2026-06-14T18:05:02.000Z,554.000,,132,,,,,,
2026-06-14,training,Postrun Yoga,Just a followup after run. Doing it relaxes all the tensed muscle in my body. I think its a great way slowing down my heartbeat after run.,2026-06-14_19-55-44_hk_1781459744.fit,287,2026-06-14T18:05:05.000Z,557.000,,132,,,,,,
2026-06-14,training,Postrun Yoga,Just a followup after run. Doing it relaxes all the tensed muscle in my body. I think its a great way slowing down my heartbeat after run.,2026-06-14_19-55-44_hk_1781459744.fit,288,2026-06-14T18:05:07.000Z,559.000,,132,,,,,,
2026-06-14,training,Postrun Yoga,Just a followup after run. Doing it relaxes all the tensed muscle in my body. I think its a great way slowing down my heartbeat after run.,2026-06-14_19-55-44_hk_1781459744.fit,289,2026-06-14T18:05:09.000Z,561.000,,123,,,,,,
2026-06-14,training,Postrun Yoga,Just a followup after run. Doing it relaxes all the tensed muscle in my body. I think its a great way slowing down my heartbeat after run.,2026-06-14_19-55-44_hk_1781459744.fit,290,2026-06-14T18:05:10.000Z,562.000,,123,,,,,,
2026-06-14,training,Postrun Yoga,Just a followup after run. Doing it relaxes all the tensed muscle in my body. I think its a great way slowing down my heartbeat after run.,2026-06-14_19-55-44_hk_1781459744.fit,291,2026-06-14T18:05:12.000Z,564.000,,123,,,,,,
2026-06-14,training,Postrun Yoga,Just a followup after run. Doing it relaxes all the tensed muscle in my body. I think its a great way slowing down my heartbeat after run.,2026-06-14_19-55-44_hk_1781459744.fit,292,2026-06-14T18:05:14.000Z,566.000,,122,,,,,,
2026-06-14,training,Postrun Yoga,Just a followup after run. Doing it relaxes all the tensed muscle in my body. I think its a great way slowing down my heartbeat after run.,2026-06-14_19-55-44_hk_1781459744.fit,293,2026-06-14T18:05:15.000Z,567.000,,122,,,,,,
2026-06-14,training,Postrun Yoga,Just a followup after run. Doing it relaxes all the tensed muscle in my body. I think its a great way slowing down my heartbeat after run.,2026-06-14_19-55-44_hk_1781459744.fit,294,2026-06-14T18:05:17.000Z,569.000,,128,,,,,,
2026-06-14,training,Postrun Yoga,Just a followup after run. Doing it relaxes all the tensed muscle in my body. I think its a great way slowing down my heartbeat after run.,2026-06-14_19-55-44_hk_1781459744.fit,295,2026-06-14T18:05:18.000Z,570.000,,128,,,,,,
2026-06-14,training,Postrun Yoga,Just a followup after run. Doing it relaxes all the tensed muscle in my body. I think its a great way slowing down my heartbeat after run.,2026-06-14_19-55-44_hk_1781459744.fit,296,2026-06-14T18:05:20.000Z,572.000,,130,,,,,,
2026-06-14,training,Postrun Yoga,Just a followup after run. Doing it relaxes all the tensed muscle in my body. I think its a great way slowing down my heartbeat after run.,2026-06-14_19-55-44_hk_1781459744.fit,297,2026-06-14T18:05:23.000Z,575.000,,130,,,,,,
2026-06-14,training,Postrun Yoga,Just a followup after run. Doing it relaxes all the tensed muscle in my body. I think its a great way slowing down my heartbeat after run.,2026-06-14_19-55-44_hk_1781459744.fit,298,2026-06-14T18:05:25.000Z,577.000,,131,,,,,,
2026-06-14,training,Postrun Yoga,Just a followup after run. Doing it relaxes all the tensed muscle in my body. I think its a great way slowing down my heartbeat after run.,2026-06-14_19-55-44_hk_1781459744.fit,299,2026-06-14T18:05:28.000Z,580.000,,131,,,,,,
2026-06-14,training,Postrun Yoga,Just a followup after run. Doing it relaxes all the tensed muscle in my body. I think its a great way slowing down my heartbeat after run.,2026-06-14_19-55-44_hk_1781459744.fit,300,2026-06-14T18:05:30.000Z,582.000,,131,,,,,,
2026-06-14,training,Postrun Yoga,Just a followup after run. Doing it relaxes all the tensed muscle in my body. I think its a great way slowing down my heartbeat after run.,2026-06-14_19-55-44_hk_1781459744.fit,301,2026-06-14T18:05:33.000Z,585.000,,133,,,,,,
2026-06-14,training,Postrun Yoga,Just a followup after run. Doing it relaxes all the tensed muscle in my body. I think its a great way slowing down my heartbeat after run.,2026-06-14_19-55-44_hk_1781459744.fit,302,2026-06-14T18:05:35.000Z,587.000,,133,,,,,,
2026-06-14,training,Postrun Yoga,Just a followup after run. Doing it relaxes all the tensed muscle in my body. I think its a great way slowing down my heartbeat after run.,2026-06-14_19-55-44_hk_1781459744.fit,303,2026-06-14T18:05:38.000Z,590.000,,133,,,,,,
2026-06-14,training,Postrun Yoga,Just a followup after run. Doing it relaxes all the tensed muscle in my body. I think its a great way slowing down my heartbeat after run.,2026-06-14_19-55-44_hk_1781459744.fit,304,2026-06-14T18:05:39.000Z,591.000,,132,,,,,,
2026-06-14,training,Postrun Yoga,Just a followup after run. Doing it relaxes all the tensed muscle in my body. I think its a great way slowing down my heartbeat after run.,2026-06-14_19-55-44_hk_1781459744.fit,305,2026-06-14T18:05:41.000Z,593.000,,132,,,,,,
2026-06-14,training,Postrun Yoga,Just a followup after run. Doing it relaxes all the tensed muscle in my body. I think its a great way slowing down my heartbeat after run.,2026-06-14_19-55-44_hk_1781459744.fit,306,2026-06-14T18:05:43.000Z,595.000,,132,,,,,,
2026-06-14,training,Postrun Yoga,Just a followup after run. Doing it relaxes all the tensed muscle in my body. I think its a great way slowing down my heartbeat after run.,2026-06-14_19-55-44_hk_1781459744.fit,307,2026-06-14T18:05:44.000Z,596.000,,133,,,,,,
2026-06-14,training,Postrun Yoga,Just a followup after run. Doing it relaxes all the tensed muscle in my body. I think its a great way slowing down my heartbeat after run.,2026-06-14_19-55-44_hk_1781459744.fit,308,2026-06-14T18:05:45.000Z,597.000,,134,,,,,,
2026-06-14,training,Postrun Yoga,Just a followup after run. Doing it relaxes all the tensed muscle in my body. I think its a great way slowing down my heartbeat after run.,2026-06-14_19-55-44_hk_1781459744.fit,309,2026-06-14T18:05:46.000Z,598.000,,134,,,,,,
2026-06-14,training,Postrun Yoga,Just a followup after run. Doing it relaxes all the tensed muscle in my body. I think its a great way slowing down my heartbeat after run.,2026-06-14_19-55-44_hk_1781459744.fit,310,2026-06-14T18:05:48.000Z,600.000,,134,,,,,,
2026-06-14,training,Postrun Yoga,Just a followup after run. Doing it relaxes all the tensed muscle in my body. I think its a great way slowing down my heartbeat after run.,2026-06-14_19-55-44_hk_1781459744.fit,311,2026-06-14T18:05:51.000Z,603.000,,134,,,,,,
2026-06-14,training,Postrun Yoga,Just a followup after run. Doing it relaxes all the tensed muscle in my body. I think its a great way slowing down my heartbeat after run.,2026-06-14_19-55-44_hk_1781459744.fit,312,2026-06-14T18:05:53.000Z,605.000,,134,,,,,,
2026-06-14,training,Postrun Yoga,Just a followup after run. Doing it relaxes all the tensed muscle in my body. I think its a great way slowing down my heartbeat after run.,2026-06-14_19-55-44_hk_1781459744.fit,313,2026-06-14T18:05:54.000Z,606.000,,130,,,,,,
2026-06-14,training,Postrun Yoga,Just a followup after run. Doing it relaxes all the tensed muscle in my body. I think its a great way slowing down my heartbeat after run.,2026-06-14_19-55-44_hk_1781459744.fit,314,2026-06-14T18:05:56.000Z,608.000,,130,,,,,,
2026-06-14,training,Postrun Yoga,Just a followup after run. Doing it relaxes all the tensed muscle in my body. I think its a great way slowing down my heartbeat after run.,2026-06-14_19-55-44_hk_1781459744.fit,315,2026-06-14T18:05:58.000Z,610.000,,130,,,,,,
2026-06-14,training,Postrun Yoga,Just a followup after run. Doing it relaxes all the tensed muscle in my body. I think its a great way slowing down my heartbeat after run.,2026-06-14_19-55-44_hk_1781459744.fit,316,2026-06-14T18:05:59.000Z,611.000,,127,,,,,,
2026-06-14,training,Postrun Yoga,Just a followup after run. Doing it relaxes all the tensed muscle in my body. I think its a great way slowing down my heartbeat after run.,2026-06-14_19-55-44_hk_1781459744.fit,317,2026-06-14T18:06:01.000Z,613.000,,127,,,,,,
2026-06-14,training,Postrun Yoga,Just a followup after run. Doing it relaxes all the tensed muscle in my body. I think its a great way slowing down my heartbeat after run.,2026-06-14_19-55-44_hk_1781459744.fit,318,2026-06-14T18:06:03.000Z,615.000,,127,,,,,,
2026-06-14,training,Postrun Yoga,Just a followup after run. Doing it relaxes all the tensed muscle in my body. I think its a great way slowing down my heartbeat after run.,2026-06-14_19-55-44_hk_1781459744.fit,319,2026-06-14T18:06:04.000Z,616.000,,127,,,,,,
2026-06-14,training,Postrun Yoga,Just a followup after run. Doing it relaxes all the tensed muscle in my body. I think its a great way slowing down my heartbeat after run.,2026-06-14_19-55-44_hk_1781459744.fit,320,2026-06-14T18:06:06.000Z,618.000,,126,,,,,,
2026-06-14,training,Postrun Yoga,Just a followup after run. Doing it relaxes all the tensed muscle in my body. I think its a great way slowing down my heartbeat after run.,2026-06-14_19-55-44_hk_1781459744.fit,321,2026-06-14T18:06:09.000Z,621.000,,126,,,,,,
2026-06-14,training,Postrun Yoga,Just a followup after run. Doing it relaxes all the tensed muscle in my body. I think its a great way slowing down my heartbeat after run.,2026-06-14_19-55-44_hk_1781459744.fit,322,2026-06-14T18:06:11.000Z,623.000,,126,,,,,,
2026-06-14,training,Postrun Yoga,Just a followup after run. Doing it relaxes all the tensed muscle in my body. I think its a great way slowing down my heartbeat after run.,2026-06-14_19-55-44_hk_1781459744.fit,323,2026-06-14T18:06:13.000Z,625.000,,126,,,,,,
2026-06-14,training,Postrun Yoga,Just a followup after run. Doing it relaxes all the tensed muscle in my body. I think its a great way slowing down my heartbeat after run.,2026-06-14_19-55-44_hk_1781459744.fit,324,2026-06-14T18:06:14.000Z,626.000,,126,,,,,,
2026-06-14,training,Postrun Yoga,Just a followup after run. Doing it relaxes all the tensed muscle in my body. I think its a great way slowing down my heartbeat after run.,2026-06-14_19-55-44_hk_1781459744.fit,325,2026-06-14T18:06:15.000Z,627.000,,127,,,,,,
2026-06-14,training,Postrun Yoga,Just a followup after run. Doing it relaxes all the tensed muscle in my body. I think its a great way slowing down my heartbeat after run.,2026-06-14_19-55-44_hk_1781459744.fit,326,2026-06-14T18:06:16.000Z,628.000,,127,,,,,,
2026-06-14,training,Postrun Yoga,Just a followup after run. Doing it relaxes all the tensed muscle in my body. I think its a great way slowing down my heartbeat after run.,2026-06-14_19-55-44_hk_1781459744.fit,327,2026-06-14T18:06:19.000Z,631.000,,127,,,,,,
2026-06-14,training,Postrun Yoga,Just a followup after run. Doing it relaxes all the tensed muscle in my body. I think its a great way slowing down my heartbeat after run.,2026-06-14_19-55-44_hk_1781459744.fit,328,2026-06-14T18:06:22.000Z,634.000,,126,,,,,,
2026-06-14,training,Postrun Yoga,Just a followup after run. Doing it relaxes all the tensed muscle in my body. I think its a great way slowing down my heartbeat after run.,2026-06-14_19-55-44_hk_1781459744.fit,329,2026-06-14T18:06:24.000Z,636.000,,126,,,,,,
2026-06-14,training,Postrun Yoga,Just a followup after run. Doing it relaxes all the tensed muscle in my body. I think its a great way slowing down my heartbeat after run.,2026-06-14_19-55-44_hk_1781459744.fit,330,2026-06-14T18:06:27.000Z,639.000,,126,,,,,,
2026-06-14,training,Postrun Yoga,Just a followup after run. Doing it relaxes all the tensed muscle in my body. I think its a great way slowing down my heartbeat after run.,2026-06-14_19-55-44_hk_1781459744.fit,331,2026-06-14T18:06:29.000Z,641.000,,126,,,,,,
2026-06-14,training,Postrun Yoga,Just a followup after run. Doing it relaxes all the tensed muscle in my body. I think its a great way slowing down my heartbeat after run.,2026-06-14_19-55-44_hk_1781459744.fit,332,2026-06-14T18:06:32.000Z,644.000,,126,,,,,,
2026-06-14,training,Postrun Yoga,Just a followup after run. Doing it relaxes all the tensed muscle in my body. I think its a great way slowing down my heartbeat after run.,2026-06-14_19-55-44_hk_1781459744.fit,333,2026-06-14T18:06:33.000Z,645.000,,126,,,,,,
2026-06-14,training,Postrun Yoga,Just a followup after run. Doing it relaxes all the tensed muscle in my body. I think its a great way slowing down my heartbeat after run.,2026-06-14_19-55-44_hk_1781459744.fit,334,2026-06-14T18:06:34.000Z,646.000,,126,,,,,,
2026-06-14,training,Postrun Yoga,Just a followup after run. Doing it relaxes all the tensed muscle in my body. I think its a great way slowing down my heartbeat after run.,2026-06-14_19-55-44_hk_1781459744.fit,335,2026-06-14T18:06:35.000Z,647.000,,126,,,,,,
2026-06-14,training,Postrun Yoga,Just a followup after run. Doing it relaxes all the tensed muscle in my body. I think its a great way slowing down my heartbeat after run.,2026-06-14_19-55-44_hk_1781459744.fit,336,2026-06-14T18:06:37.000Z,649.000,,126,,,,,,
2026-06-14,training,Postrun Yoga,Just a followup after run. Doing it relaxes all the tensed muscle in my body. I think its a great way slowing down my heartbeat after run.,2026-06-14_19-55-44_hk_1781459744.fit,337,2026-06-14T18:06:39.000Z,651.000,,126,,,,,,
2026-06-14,training,Postrun Yoga,Just a followup after run. Doing it relaxes all the tensed muscle in my body. I think its a great way slowing down my heartbeat after run.,2026-06-14_19-55-44_hk_1781459744.fit,338,2026-06-14T18:06:40.000Z,652.000,,126,,,,,,
2026-06-14,training,Postrun Yoga,Just a followup after run. Doing it relaxes all the tensed muscle in my body. I think its a great way slowing down my heartbeat after run.,2026-06-14_19-55-44_hk_1781459744.fit,339,2026-06-14T18:06:42.000Z,654.000,,126,,,,,,
2026-06-14,training,Postrun Yoga,Just a followup after run. Doing it relaxes all the tensed muscle in my body. I think its a great way slowing down my heartbeat after run.,2026-06-14_19-55-44_hk_1781459744.fit,340,2026-06-14T18:06:45.000Z,657.000,,126,,,,,,
2026-06-14,training,Postrun Yoga,Just a followup after run. Doing it relaxes all the tensed muscle in my body. I think its a great way slowing down my heartbeat after run.,2026-06-14_19-55-44_hk_1781459744.fit,341,2026-06-14T18:06:47.000Z,659.000,,126,,,,,,
2026-06-14,training,Postrun Yoga,Just a followup after run. Doing it relaxes all the tensed muscle in my body. I think its a great way slowing down my heartbeat after run.,2026-06-14_19-55-44_hk_1781459744.fit,342,2026-06-14T18:06:50.000Z,662.000,,126,,,,,,
2026-06-14,training,Postrun Yoga,Just a followup after run. Doing it relaxes all the tensed muscle in my body. I think its a great way slowing down my heartbeat after run.,2026-06-14_19-55-44_hk_1781459744.fit,343,2026-06-14T18:06:51.000Z,663.000,,124,,,,,,
2026-06-14,training,Postrun Yoga,Just a followup after run. Doing it relaxes all the tensed muscle in my body. I think its a great way slowing down my heartbeat after run.,2026-06-14_19-55-44_hk_1781459744.fit,344,2026-06-14T18:06:52.000Z,664.000,,124,,,,,,
2026-06-14,training,Postrun Yoga,Just a followup after run. Doing it relaxes all the tensed muscle in my body. I think its a great way slowing down my heartbeat after run.,2026-06-14_19-55-44_hk_1781459744.fit,345,2026-06-14T18:06:55.000Z,667.000,,124,,,,,,
2026-06-14,training,Postrun Yoga,Just a followup after run. Doing it relaxes all the tensed muscle in my body. I think its a great way slowing down my heartbeat after run.,2026-06-14_19-55-44_hk_1781459744.fit,346,2026-06-14T18:06:57.000Z,669.000,,122,,,,,,
2026-06-14,training,Postrun Yoga,Just a followup after run. Doing it relaxes all the tensed muscle in my body. I think its a great way slowing down my heartbeat after run.,2026-06-14_19-55-44_hk_1781459744.fit,347,2026-06-14T18:07:00.000Z,672.000,,122,,,,,,
2026-06-14,training,Postrun Yoga,Just a followup after run. Doing it relaxes all the tensed muscle in my body. I think its a great way slowing down my heartbeat after run.,2026-06-14_19-55-44_hk_1781459744.fit,348,2026-06-14T18:07:02.000Z,674.000,,122,,,,,,
2026-06-14,training,Postrun Yoga,Just a followup after run. Doing it relaxes all the tensed muscle in my body. I think its a great way slowing down my heartbeat after run.,2026-06-14_19-55-44_hk_1781459744.fit,349,2026-06-14T18:07:05.000Z,677.000,,123,,,,,,
2026-06-14,training,Postrun Yoga,Just a followup after run. Doing it relaxes all the tensed muscle in my body. I think its a great way slowing down my heartbeat after run.,2026-06-14_19-55-44_hk_1781459744.fit,350,2026-06-14T18:07:08.000Z,680.000,,123,,,,,,
2026-06-14,training,Postrun Yoga,Just a followup after run. Doing it relaxes all the tensed muscle in my body. I think its a great way slowing down my heartbeat after run.,2026-06-14_19-55-44_hk_1781459744.fit,351,2026-06-14T18:07:10.000Z,682.000,,123,,,,,,
2026-06-14,training,Postrun Yoga,Just a followup after run. Doing it relaxes all the tensed muscle in my body. I think its a great way slowing down my heartbeat after run.,2026-06-14_19-55-44_hk_1781459744.fit,352,2026-06-14T18:07:13.000Z,685.000,,123,,,,,,
2026-06-14,training,Postrun Yoga,Just a followup after run. Doing it relaxes all the tensed muscle in my body. I think its a great way slowing down my heartbeat after run.,2026-06-14_19-55-44_hk_1781459744.fit,353,2026-06-14T18:07:15.000Z,687.000,,123,,,,,,
2026-06-14,training,Postrun Yoga,Just a followup after run. Doing it relaxes all the tensed muscle in my body. I think its a great way slowing down my heartbeat after run.,2026-06-14_19-55-44_hk_1781459744.fit,354,2026-06-14T18:07:16.000Z,688.000,,131,,,,,,
2026-06-14,training,Postrun Yoga,Just a followup after run. Doing it relaxes all the tensed muscle in my body. I think its a great way slowing down my heartbeat after run.,2026-06-14_19-55-44_hk_1781459744.fit,355,2026-06-14T18:07:18.000Z,690.000,,131,,,,,,
2026-06-14,training,Postrun Yoga,Just a followup after run. Doing it relaxes all the tensed muscle in my body. I think its a great way slowing down my heartbeat after run.,2026-06-14_19-55-44_hk_1781459744.fit,356,2026-06-14T18:07:20.000Z,692.000,,131,,,,,,
2026-06-14,training,Postrun Yoga,Just a followup after run. Doing it relaxes all the tensed muscle in my body. I think its a great way slowing down my heartbeat after run.,2026-06-14_19-55-44_hk_1781459744.fit,357,2026-06-14T18:07:23.000Z,695.000,,131,,,,,,
2026-06-14,training,Postrun Yoga,Just a followup after run. Doing it relaxes all the tensed muscle in my body. I think its a great way slowing down my heartbeat after run.,2026-06-14_19-55-44_hk_1781459744.fit,358,2026-06-14T18:07:24.000Z,696.000,,116,,,,,,
2026-06-14,training,Postrun Yoga,Just a followup after run. Doing it relaxes all the tensed muscle in my body. I think its a great way slowing down my heartbeat after run.,2026-06-14_19-55-44_hk_1781459744.fit,359,2026-06-14T18:07:26.000Z,698.000,,116,,,,,,
2026-06-14,training,Postrun Yoga,Just a followup after run. Doing it relaxes all the tensed muscle in my body. I think its a great way slowing down my heartbeat after run.,2026-06-14_19-55-44_hk_1781459744.fit,360,2026-06-14T18:07:28.000Z,700.000,,116,,,,,,
2026-06-14,training,Postrun Yoga,Just a followup after run. Doing it relaxes all the tensed muscle in my body. I think its a great way slowing down my heartbeat after run.,2026-06-14_19-55-44_hk_1781459744.fit,361,2026-06-14T18:07:29.000Z,701.000,,115,,,,,,
2026-06-14,training,Postrun Yoga,Just a followup after run. Doing it relaxes all the tensed muscle in my body. I think its a great way slowing down my heartbeat after run.,2026-06-14_19-55-44_hk_1781459744.fit,362,2026-06-14T18:07:30.000Z,702.000,,115,,,,,,
2026-06-14,training,Postrun Yoga,Just a followup after run. Doing it relaxes all the tensed muscle in my body. I think its a great way slowing down my heartbeat after run.,2026-06-14_19-55-44_hk_1781459744.fit,363,2026-06-14T18:07:31.000Z,703.000,,115,,,,,,
2026-06-14,training,Postrun Yoga,Just a followup after run. Doing it relaxes all the tensed muscle in my body. I think its a great way slowing down my heartbeat after run.,2026-06-14_19-55-44_hk_1781459744.fit,364,2026-06-14T18:07:33.000Z,705.000,,115,,,,,,
2026-06-14,training,Postrun Yoga,Just a followup after run. Doing it relaxes all the tensed muscle in my body. I think its a great way slowing down my heartbeat after run.,2026-06-14_19-55-44_hk_1781459744.fit,365,2026-06-14T18:07:36.000Z,708.000,,115,,,,,,
2026-06-14,training,Postrun Yoga,Just a followup after run. Doing it relaxes all the tensed muscle in my body. I think its a great way slowing down my heartbeat after run.,2026-06-14_19-55-44_hk_1781459744.fit,366,2026-06-14T18:07:38.000Z,710.000,,115,,,,,,
2026-06-14,training,Postrun Yoga,Just a followup after run. Doing it relaxes all the tensed muscle in my body. I think its a great way slowing down my heartbeat after run.,2026-06-14_19-55-44_hk_1781459744.fit,367,2026-06-14T18:07:39.000Z,711.000,,112,,,,,,
2026-06-14,training,Postrun Yoga,Just a followup after run. Doing it relaxes all the tensed muscle in my body. I think its a great way slowing down my heartbeat after run.,2026-06-14_19-55-44_hk_1781459744.fit,368,2026-06-14T18:07:41.000Z,713.000,,112,,,,,,
2026-06-14,training,Postrun Yoga,Just a followup after run. Doing it relaxes all the tensed muscle in my body. I think its a great way slowing down my heartbeat after run.,2026-06-14_19-55-44_hk_1781459744.fit,369,2026-06-14T18:07:43.000Z,715.000,,112,,,,,,
2026-06-14,training,Postrun Yoga,Just a followup after run. Doing it relaxes all the tensed muscle in my body. I think its a great way slowing down my heartbeat after run.,2026-06-14_19-55-44_hk_1781459744.fit,370,2026-06-14T18:07:44.000Z,716.000,,107,,,,,,
2026-06-14,training,Postrun Yoga,Just a followup after run. Doing it relaxes all the tensed muscle in my body. I think its a great way slowing down my heartbeat after run.,2026-06-14_19-55-44_hk_1781459744.fit,371,2026-06-14T18:07:46.000Z,718.000,,107,,,,,,
2026-06-14,training,Postrun Yoga,Just a followup after run. Doing it relaxes all the tensed muscle in my body. I think its a great way slowing down my heartbeat after run.,2026-06-14_19-55-44_hk_1781459744.fit,372,2026-06-14T18:07:49.000Z,721.000,,107,,,,,,
2026-06-14,training,Postrun Yoga,Just a followup after run. Doing it relaxes all the tensed muscle in my body. I think its a great way slowing down my heartbeat after run.,2026-06-14_19-55-44_hk_1781459744.fit,373,2026-06-14T18:07:51.000Z,723.000,,107,,,,,,
2026-06-14,training,Postrun Yoga,Just a followup after run. Doing it relaxes all the tensed muscle in my body. I think its a great way slowing down my heartbeat after run.,2026-06-14_19-55-44_hk_1781459744.fit,374,2026-06-14T18:07:54.000Z,726.000,,109,,,,,,
2026-06-14,training,Postrun Yoga,Just a followup after run. Doing it relaxes all the tensed muscle in my body. I think its a great way slowing down my heartbeat after run.,2026-06-14_19-55-44_hk_1781459744.fit,375,2026-06-14T18:07:56.000Z,728.000,,109,,,,,,
2026-06-14,training,Postrun Yoga,Just a followup after run. Doing it relaxes all the tensed muscle in my body. I think its a great way slowing down my heartbeat after run.,2026-06-14_19-55-44_hk_1781459744.fit,376,2026-06-14T18:07:59.000Z,731.000,,109,,,,,,
2026-06-14,training,Postrun Yoga,Just a followup after run. Doing it relaxes all the tensed muscle in my body. I think its a great way slowing down my heartbeat after run.,2026-06-14_19-55-44_hk_1781459744.fit,377,2026-06-14T18:08:01.000Z,733.000,,109,,,,,,
2026-06-14,training,Postrun Yoga,Just a followup after run. Doing it relaxes all the tensed muscle in my body. I think its a great way slowing down my heartbeat after run.,2026-06-14_19-55-44_hk_1781459744.fit,378,2026-06-14T18:08:04.000Z,736.000,,109,,,,,,
2026-06-14,training,Postrun Yoga,Just a followup after run. Doing it relaxes all the tensed muscle in my body. I think its a great way slowing down my heartbeat after run.,2026-06-14_19-55-44_hk_1781459744.fit,379,2026-06-14T18:08:05.000Z,737.000,,109,,,,,,
2026-06-14,training,Postrun Yoga,Just a followup after run. Doing it relaxes all the tensed muscle in my body. I think its a great way slowing down my heartbeat after run.,2026-06-14_19-55-44_hk_1781459744.fit,380,2026-06-14T18:08:06.000Z,738.000,,109,,,,,,
2026-06-14,training,Postrun Yoga,Just a followup after run. Doing it relaxes all the tensed muscle in my body. I think its a great way slowing down my heartbeat after run.,2026-06-14_19-55-44_hk_1781459744.fit,381,2026-06-14T18:08:09.000Z,741.000,,109,,,,,,
2026-06-14,training,Postrun Yoga,Just a followup after run. Doing it relaxes all the tensed muscle in my body. I think its a great way slowing down my heartbeat after run.,2026-06-14_19-55-44_hk_1781459744.fit,382,2026-06-14T18:08:12.000Z,744.000,,109,,,,,,
2026-06-14,training,Postrun Yoga,Just a followup after run. Doing it relaxes all the tensed muscle in my body. I think its a great way slowing down my heartbeat after run.,2026-06-14_19-55-44_hk_1781459744.fit,383,2026-06-14T18:08:13.000Z,745.000,,111,,,,,,
2026-06-14,training,Postrun Yoga,Just a followup after run. Doing it relaxes all the tensed muscle in my body. I think its a great way slowing down my heartbeat after run.,2026-06-14_19-55-44_hk_1781459744.fit,384,2026-06-14T18:08:14.000Z,746.000,,111,,,,,,
2026-06-14,training,Postrun Yoga,Just a followup after run. Doing it relaxes all the tensed muscle in my body. I think its a great way slowing down my heartbeat after run.,2026-06-14_19-55-44_hk_1781459744.fit,385,2026-06-14T18:08:15.000Z,747.000,,110,,,,,,
2026-06-14,training,Postrun Yoga,Just a followup after run. Doing it relaxes all the tensed muscle in my body. I think its a great way slowing down my heartbeat after run.,2026-06-14_19-55-44_hk_1781459744.fit,386,2026-06-14T18:08:17.000Z,749.000,,110,,,,,,
2026-06-14,training,Postrun Yoga,Just a followup after run. Doing it relaxes all the tensed muscle in my body. I think its a great way slowing down my heartbeat after run.,2026-06-14_19-55-44_hk_1781459744.fit,387,2026-06-14T18:08:19.000Z,751.000,,110,,,,,,
2026-06-14,training,Postrun Yoga,Just a followup after run. Doing it relaxes all the tensed muscle in my body. I think its a great way slowing down my heartbeat after run.,2026-06-14_19-55-44_hk_1781459744.fit,388,2026-06-14T18:08:22.000Z,754.000,,110,,,,,,
2026-06-14,training,Postrun Yoga,Just a followup after run. Doing it relaxes all the tensed muscle in my body. I think its a great way slowing down my heartbeat after run.,2026-06-14_19-55-44_hk_1781459744.fit,389,2026-06-14T18:08:24.000Z,756.000,,109,,,,,,
2026-06-14,training,Postrun Yoga,Just a followup after run. Doing it relaxes all the tensed muscle in my body. I think its a great way slowing down my heartbeat after run.,2026-06-14_19-55-44_hk_1781459744.fit,390,2026-06-14T18:08:27.000Z,759.000,,110,,,,,,
2026-06-14,training,Postrun Yoga,Just a followup after run. Doing it relaxes all the tensed muscle in my body. I think its a great way slowing down my heartbeat after run.,2026-06-14_19-55-44_hk_1781459744.fit,391,2026-06-14T18:08:30.000Z,762.000,,110,,,,,,
2026-06-14,training,Postrun Yoga,Just a followup after run. Doing it relaxes all the tensed muscle in my body. I think its a great way slowing down my heartbeat after run.,2026-06-14_19-55-44_hk_1781459744.fit,392,2026-06-14T18:08:32.000Z,764.000,,110,,,,,,
2026-06-14,training,Postrun Yoga,Just a followup after run. Doing it relaxes all the tensed muscle in my body. I think its a great way slowing down my heartbeat after run.,2026-06-14_19-55-44_hk_1781459744.fit,393,2026-06-14T18:08:35.000Z,767.000,,110,,,,,,
2026-06-14,training,Postrun Yoga,Just a followup after run. Doing it relaxes all the tensed muscle in my body. I think its a great way slowing down my heartbeat after run.,2026-06-14_19-55-44_hk_1781459744.fit,394,2026-06-14T18:08:37.000Z,769.000,,110,,,,,,
2026-06-14,training,Postrun Yoga,Just a followup after run. Doing it relaxes all the tensed muscle in my body. I think its a great way slowing down my heartbeat after run.,2026-06-14_19-55-44_hk_1781459744.fit,395,2026-06-14T18:08:39.000Z,771.000,,110,,,,,,
2026-06-14,training,Postrun Yoga,Just a followup after run. Doing it relaxes all the tensed muscle in my body. I think its a great way slowing down my heartbeat after run.,2026-06-14_19-55-44_hk_1781459744.fit,396,2026-06-14T18:08:40.000Z,772.000,,110,,,,,,
2026-06-14,training,Postrun Yoga,Just a followup after run. Doing it relaxes all the tensed muscle in my body. I think its a great way slowing down my heartbeat after run.,2026-06-14_19-55-44_hk_1781459744.fit,397,2026-06-14T18:08:42.000Z,774.000,,110,,,,,,
2026-06-14,training,Postrun Yoga,Just a followup after run. Doing it relaxes all the tensed muscle in my body. I think its a great way slowing down my heartbeat after run.,2026-06-14_19-55-44_hk_1781459744.fit,398,2026-06-14T18:08:44.000Z,776.000,,109,,,,,,
2026-06-14,training,Postrun Yoga,Just a followup after run. Doing it relaxes all the tensed muscle in my body. I think its a great way slowing down my heartbeat after run.,2026-06-14_19-55-44_hk_1781459744.fit,399,2026-06-14T18:08:45.000Z,777.000,,109,,,,,,
2026-06-14,training,Postrun Yoga,Just a followup after run. Doing it relaxes all the tensed muscle in my body. I think its a great way slowing down my heartbeat after run.,2026-06-14_19-55-44_hk_1781459744.fit,400,2026-06-14T18:08:47.000Z,779.000,,108,,,,,,
2026-06-14,training,Postrun Yoga,Just a followup after run. Doing it relaxes all the tensed muscle in my body. I think its a great way slowing down my heartbeat after run.,2026-06-14_19-55-44_hk_1781459744.fit,401,2026-06-14T18:08:50.000Z,782.000,,108,,,,,,
2026-06-14,training,Postrun Yoga,Just a followup after run. Doing it relaxes all the tensed muscle in my body. I think its a great way slowing down my heartbeat after run.,2026-06-14_19-55-44_hk_1781459744.fit,402,2026-06-14T18:08:53.000Z,785.000,,108,,,,,,
2026-06-14,training,Postrun Yoga,Just a followup after run. Doing it relaxes all the tensed muscle in my body. I think its a great way slowing down my heartbeat after run.,2026-06-14_19-55-44_hk_1781459744.fit,403,2026-06-14T18:08:54.000Z,786.000,,107,,,,,,
2026-06-14,training,Postrun Yoga,Just a followup after run. Doing it relaxes all the tensed muscle in my body. I think its a great way slowing down my heartbeat after run.,2026-06-14_19-55-44_hk_1781459744.fit,404,2026-06-14T18:08:55.000Z,787.000,,107,,,,,,
2026-06-14,training,Postrun Yoga,Just a followup after run. Doing it relaxes all the tensed muscle in my body. I think its a great way slowing down my heartbeat after run.,2026-06-14_19-55-44_hk_1781459744.fit,405,2026-06-14T18:08:58.000Z,790.000,,107,,,,,,
2026-06-14,training,Postrun Yoga,Just a followup after run. Doing it relaxes all the tensed muscle in my body. I think its a great way slowing down my heartbeat after run.,2026-06-14_19-55-44_hk_1781459744.fit,406,2026-06-14T18:09:00.000Z,792.000,,107,,,,,,
2026-06-14,training,Postrun Yoga,Just a followup after run. Doing it relaxes all the tensed muscle in my body. I think its a great way slowing down my heartbeat after run.,2026-06-14_19-55-44_hk_1781459744.fit,407,2026-06-14T18:09:03.000Z,795.000,,106,,,,,,
2026-06-14,training,Postrun Yoga,Just a followup after run. Doing it relaxes all the tensed muscle in my body. I think its a great way slowing down my heartbeat after run.,2026-06-14_19-55-44_hk_1781459744.fit,408,2026-06-14T18:09:05.000Z,797.000,,106,,,,,,
2026-06-14,training,Postrun Yoga,Just a followup after run. Doing it relaxes all the tensed muscle in my body. I think its a great way slowing down my heartbeat after run.,2026-06-14_19-55-44_hk_1781459744.fit,409,2026-06-14T18:09:07.000Z,799.000,,105,,,,,,
2026-06-14,training,Postrun Yoga,Just a followup after run. Doing it relaxes all the tensed muscle in my body. I think its a great way slowing down my heartbeat after run.,2026-06-14_19-55-44_hk_1781459744.fit,410,2026-06-14T18:09:08.000Z,800.000,,105,,,,,,
2026-06-14,training,Postrun Yoga,Just a followup after run. Doing it relaxes all the tensed muscle in my body. I think its a great way slowing down my heartbeat after run.,2026-06-14_19-55-44_hk_1781459744.fit,411,2026-06-14T18:09:10.000Z,802.000,,105,,,,,,
2026-06-14,training,Postrun Yoga,Just a followup after run. Doing it relaxes all the tensed muscle in my body. I think its a great way slowing down my heartbeat after run.,2026-06-14_19-55-44_hk_1781459744.fit,412,2026-06-14T18:09:13.000Z,805.000,,105,,,,,,
2026-06-14,training,Postrun Yoga,Just a followup after run. Doing it relaxes all the tensed muscle in my body. I think its a great way slowing down my heartbeat after run.,2026-06-14_19-55-44_hk_1781459744.fit,413,2026-06-14T18:09:16.000Z,808.000,,105,,,,,,
2026-06-14,training,Postrun Yoga,Just a followup after run. Doing it relaxes all the tensed muscle in my body. I think its a great way slowing down my heartbeat after run.,2026-06-14_19-55-44_hk_1781459744.fit,414,2026-06-14T18:09:18.000Z,810.000,,105,,,,,,
2026-06-14,training,Postrun Yoga,Just a followup after run. Doing it relaxes all the tensed muscle in my body. I think its a great way slowing down my heartbeat after run.,2026-06-14_19-55-44_hk_1781459744.fit,415,2026-06-14T18:09:19.000Z,811.000,,108,,,,,,
2026-06-14,training,Postrun Yoga,Just a followup after run. Doing it relaxes all the tensed muscle in my body. I think its a great way slowing down my heartbeat after run.,2026-06-14_19-55-44_hk_1781459744.fit,416,2026-06-14T18:09:21.000Z,813.000,,108,,,,,,
2026-06-14,training,Postrun Yoga,Just a followup after run. Doing it relaxes all the tensed muscle in my body. I think its a great way slowing down my heartbeat after run.,2026-06-14_19-55-44_hk_1781459744.fit,417,2026-06-14T18:09:23.000Z,815.000,,109,,,,,,
2026-06-14,training,Postrun Yoga,Just a followup after run. Doing it relaxes all the tensed muscle in my body. I think its a great way slowing down my heartbeat after run.,2026-06-14_19-55-44_hk_1781459744.fit,418,2026-06-14T18:09:25.000Z,817.000,,110,,,,,,
2026-06-14,training,Postrun Yoga,Just a followup after run. Doing it relaxes all the tensed muscle in my body. I think its a great way slowing down my heartbeat after run.,2026-06-14_19-55-44_hk_1781459744.fit,419,2026-06-14T18:09:26.000Z,818.000,,110,,,,,,
2026-06-14,training,Postrun Yoga,Just a followup after run. Doing it relaxes all the tensed muscle in my body. I think its a great way slowing down my heartbeat after run.,2026-06-14_19-55-44_hk_1781459744.fit,420,2026-06-14T18:09:28.000Z,820.000,,110,,,,,,
2026-06-14,training,Postrun Yoga,Just a followup after run. Doing it relaxes all the tensed muscle in my body. I think its a great way slowing down my heartbeat after run.,2026-06-14_19-55-44_hk_1781459744.fit,421,2026-06-14T18:09:30.000Z,822.000,,109,,,,,,
2026-06-14,training,Postrun Yoga,Just a followup after run. Doing it relaxes all the tensed muscle in my body. I think its a great way slowing down my heartbeat after run.,2026-06-14_19-55-44_hk_1781459744.fit,422,2026-06-14T18:09:31.000Z,823.000,,109,,,,,,
2026-06-14,training,Postrun Yoga,Just a followup after run. Doing it relaxes all the tensed muscle in my body. I think its a great way slowing down my heartbeat after run.,2026-06-14_19-55-44_hk_1781459744.fit,423,2026-06-14T18:09:34.000Z,826.000,,109,,,,,,
2026-06-14,training,Postrun Yoga,Just a followup after run. Doing it relaxes all the tensed muscle in my body. I think its a great way slowing down my heartbeat after run.,2026-06-14_19-55-44_hk_1781459744.fit,424,2026-06-14T18:09:36.000Z,828.000,,109,,,,,,
2026-06-14,training,Postrun Yoga,Just a followup after run. Doing it relaxes all the tensed muscle in my body. I think its a great way slowing down my heartbeat after run.,2026-06-14_19-55-44_hk_1781459744.fit,425,2026-06-14T18:09:38.000Z,830.000,,105,,,,,,
2026-06-14,training,Postrun Yoga,Just a followup after run. Doing it relaxes all the tensed muscle in my body. I think its a great way slowing down my heartbeat after run.,2026-06-14_19-55-44_hk_1781459744.fit,426,2026-06-14T18:09:39.000Z,831.000,,105,,,,,,
2026-06-14,training,Postrun Yoga,Just a followup after run. Doing it relaxes all the tensed muscle in my body. I think its a great way slowing down my heartbeat after run.,2026-06-14_19-55-44_hk_1781459744.fit,427,2026-06-14T18:09:41.000Z,833.000,,105,,,,,,
2026-06-14,training,Postrun Yoga,Just a followup after run. Doing it relaxes all the tensed muscle in my body. I think its a great way slowing down my heartbeat after run.,2026-06-14_19-55-44_hk_1781459744.fit,428,2026-06-14T18:09:44.000Z,836.000,,106,,,,,,
2026-06-14,training,Postrun Yoga,Just a followup after run. Doing it relaxes all the tensed muscle in my body. I think its a great way slowing down my heartbeat after run.,2026-06-14_19-55-44_hk_1781459744.fit,429,2026-06-14T18:09:45.000Z,837.000,,106,,,,,,