workout_date,workout_type,title,notes,source_file,record_index,timestamp,elapsed_seconds,distance_m,heart_rate,power,cadence,speed,altitude,latitude,longitude
2026-05-09,training,Postrun Workout,This time it was powerful as I had high heart rate after running. All the Yoga poses father taught me made it a blasting small session. Love it.,2026-05-09_10-23-02_hk_1778314982.fit,1,2026-05-09T08:23:06.000Z,0.000,,123,,,,,,
2026-05-09,training,Postrun Workout,This time it was powerful as I had high heart rate after running. All the Yoga poses father taught me made it a blasting small session. Love it.,2026-05-09_10-23-02_hk_1778314982.fit,2,2026-05-09T08:23:08.000Z,2.000,,123,,,,,,
2026-05-09,training,Postrun Workout,This time it was powerful as I had high heart rate after running. All the Yoga poses father taught me made it a blasting small session. Love it.,2026-05-09_10-23-02_hk_1778314982.fit,3,2026-05-09T08:23:11.000Z,5.000,,126,,,,,,
2026-05-09,training,Postrun Workout,This time it was powerful as I had high heart rate after running. All the Yoga poses father taught me made it a blasting small session. Love it.,2026-05-09_10-23-02_hk_1778314982.fit,4,2026-05-09T08:23:13.000Z,7.000,,126,,,,,,
2026-05-09,training,Postrun Workout,This time it was powerful as I had high heart rate after running. All the Yoga poses father taught me made it a blasting small session. Love it.,2026-05-09_10-23-02_hk_1778314982.fit,5,2026-05-09T08:23:16.000Z,10.000,,128,,,,,,
2026-05-09,training,Postrun Workout,This time it was powerful as I had high heart rate after running. All the Yoga poses father taught me made it a blasting small session. Love it.,2026-05-09_10-23-02_hk_1778314982.fit,6,2026-05-09T08:23:18.000Z,12.000,,128,,,,,,
2026-05-09,training,Postrun Workout,This time it was powerful as I had high heart rate after running. All the Yoga poses father taught me made it a blasting small session. Love it.,2026-05-09_10-23-02_hk_1778314982.fit,7,2026-05-09T08:23:21.000Z,15.000,,128,,,,,,
2026-05-09,training,Postrun Workout,This time it was powerful as I had high heart rate after running. All the Yoga poses father taught me made it a blasting small session. Love it.,2026-05-09_10-23-02_hk_1778314982.fit,8,2026-05-09T08:23:23.000Z,17.000,,128,,,,,,
2026-05-09,training,Postrun Workout,This time it was powerful as I had high heart rate after running. All the Yoga poses father taught me made it a blasting small session. Love it.,2026-05-09_10-23-02_hk_1778314982.fit,9,2026-05-09T08:23:25.000Z,19.000,,122,,,,,,
2026-05-09,training,Postrun Workout,This time it was powerful as I had high heart rate after running. All the Yoga poses father taught me made it a blasting small session. Love it.,2026-05-09_10-23-02_hk_1778314982.fit,10,2026-05-09T08:23:26.000Z,20.000,,122,,,,,,
2026-05-09,training,Postrun Workout,This time it was powerful as I had high heart rate after running. All the Yoga poses father taught me made it a blasting small session. Love it.,2026-05-09_10-23-02_hk_1778314982.fit,11,2026-05-09T08:23:28.000Z,22.000,,123,,,,,,
2026-05-09,training,Postrun Workout,This time it was powerful as I had high heart rate after running. All the Yoga poses father taught me made it a blasting small session. Love it.,2026-05-09_10-23-02_hk_1778314982.fit,12,2026-05-09T08:23:31.000Z,25.000,,123,,,,,,
2026-05-09,training,Postrun Workout,This time it was powerful as I had high heart rate after running. All the Yoga poses father taught me made it a blasting small session. Love it.,2026-05-09_10-23-02_hk_1778314982.fit,13,2026-05-09T08:23:32.000Z,26.000,,125,,,,,,
2026-05-09,training,Postrun Workout,This time it was powerful as I had high heart rate after running. All the Yoga poses father taught me made it a blasting small session. Love it.,2026-05-09_10-23-02_hk_1778314982.fit,14,2026-05-09T08:23:34.000Z,28.000,,125,,,,,,
2026-05-09,training,Postrun Workout,This time it was powerful as I had high heart rate after running. All the Yoga poses father taught me made it a blasting small session. Love it.,2026-05-09_10-23-02_hk_1778314982.fit,15,2026-05-09T08:23:36.000Z,30.000,,125,,,,,,
2026-05-09,training,Postrun Workout,This time it was powerful as I had high heart rate after running. All the Yoga poses father taught me made it a blasting small session. Love it.,2026-05-09_10-23-02_hk_1778314982.fit,16,2026-05-09T08:23:39.000Z,33.000,,125,,,,,,
2026-05-09,training,Postrun Workout,This time it was powerful as I had high heart rate after running. All the Yoga poses father taught me made it a blasting small session. Love it.,2026-05-09_10-23-02_hk_1778314982.fit,17,2026-05-09T08:23:41.000Z,35.000,,125,,,,,,
2026-05-09,training,Postrun Workout,This time it was powerful as I had high heart rate after running. All the Yoga poses father taught me made it a blasting small session. Love it.,2026-05-09_10-23-02_hk_1778314982.fit,18,2026-05-09T08:23:44.000Z,38.000,,125,,,,,,
2026-05-09,training,Postrun Workout,This time it was powerful as I had high heart rate after running. All the Yoga poses father taught me made it a blasting small session. Love it.,2026-05-09_10-23-02_hk_1778314982.fit,19,2026-05-09T08:23:46.000Z,40.000,,125,,,,,,
2026-05-09,training,Postrun Workout,This time it was powerful as I had high heart rate after running. All the Yoga poses father taught me made it a blasting small session. Love it.,2026-05-09_10-23-02_hk_1778314982.fit,20,2026-05-09T08:23:47.000Z,41.000,,127,,,,,,
2026-05-09,training,Postrun Workout,This time it was powerful as I had high heart rate after running. All the Yoga poses father taught me made it a blasting small session. Love it.,2026-05-09_10-23-02_hk_1778314982.fit,21,2026-05-09T08:23:49.000Z,43.000,,127,,,,,,
2026-05-09,training,Postrun Workout,This time it was powerful as I had high heart rate after running. All the Yoga poses father taught me made it a blasting small session. Love it.,2026-05-09_10-23-02_hk_1778314982.fit,22,2026-05-09T08:23:52.000Z,46.000,,127,,,,,,
2026-05-09,training,Postrun Workout,This time it was powerful as I had high heart rate after running. All the Yoga poses father taught me made it a blasting small session. Love it.,2026-05-09_10-23-02_hk_1778314982.fit,23,2026-05-09T08:23:54.000Z,48.000,,127,,,,,,
2026-05-09,training,Postrun Workout,This time it was powerful as I had high heart rate after running. All the Yoga poses father taught me made it a blasting small session. Love it.,2026-05-09_10-23-02_hk_1778314982.fit,24,2026-05-09T08:23:55.000Z,49.000,,124,,,,,,
2026-05-09,training,Postrun Workout,This time it was powerful as I had high heart rate after running. All the Yoga poses father taught me made it a blasting small session. Love it.,2026-05-09_10-23-02_hk_1778314982.fit,25,2026-05-09T08:23:57.000Z,51.000,,124,,,,,,
2026-05-09,training,Postrun Workout,This time it was powerful as I had high heart rate after running. All the Yoga poses father taught me made it a blasting small session. Love it.,2026-05-09_10-23-02_hk_1778314982.fit,26,2026-05-09T08:23:59.000Z,53.000,,125,,,,,,
2026-05-09,training,Postrun Workout,This time it was powerful as I had high heart rate after running. All the Yoga poses father taught me made it a blasting small session. Love it.,2026-05-09_10-23-02_hk_1778314982.fit,27,2026-05-09T08:24:02.000Z,56.000,,127,,,,,,
2026-05-09,training,Postrun Workout,This time it was powerful as I had high heart rate after running. All the Yoga poses father taught me made it a blasting small session. Love it.,2026-05-09_10-23-02_hk_1778314982.fit,28,2026-05-09T08:24:04.000Z,58.000,,127,,,,,,
2026-05-09,training,Postrun Workout,This time it was powerful as I had high heart rate after running. All the Yoga poses father taught me made it a blasting small session. Love it.,2026-05-09_10-23-02_hk_1778314982.fit,29,2026-05-09T08:24:06.000Z,60.000,,127,,,,,,
2026-05-09,training,Postrun Workout,This time it was powerful as I had high heart rate after running. All the Yoga poses father taught me made it a blasting small session. Love it.,2026-05-09_10-23-02_hk_1778314982.fit,30,2026-05-09T08:24:07.000Z,61.000,,127,,,,,,
2026-05-09,training,Postrun Workout,This time it was powerful as I had high heart rate after running. All the Yoga poses father taught me made it a blasting small session. Love it.,2026-05-09_10-23-02_hk_1778314982.fit,31,2026-05-09T08:24:09.000Z,63.000,,127,,,,,,
2026-05-09,training,Postrun Workout,This time it was powerful as I had high heart rate after running. All the Yoga poses father taught me made it a blasting small session. Love it.,2026-05-09_10-23-02_hk_1778314982.fit,32,2026-05-09T08:24:12.000Z,66.000,,127,,,,,,
2026-05-09,training,Postrun Workout,This time it was powerful as I had high heart rate after running. All the Yoga poses father taught me made it a blasting small session. Love it.,2026-05-09_10-23-02_hk_1778314982.fit,33,2026-05-09T08:24:15.000Z,69.000,,131,,,,,,
2026-05-09,training,Postrun Workout,This time it was powerful as I had high heart rate after running. All the Yoga poses father taught me made it a blasting small session. Love it.,2026-05-09_10-23-02_hk_1778314982.fit,34,2026-05-09T08:24:16.000Z,70.000,,131,,,,,,
2026-05-09,training,Postrun Workout,This time it was powerful as I had high heart rate after running. All the Yoga poses father taught me made it a blasting small session. Love it.,2026-05-09_10-23-02_hk_1778314982.fit,35,2026-05-09T08:24:17.000Z,71.000,,131,,,,,,
2026-05-09,training,Postrun Workout,This time it was powerful as I had high heart rate after running. All the Yoga poses father taught me made it a blasting small session. Love it.,2026-05-09_10-23-02_hk_1778314982.fit,36,2026-05-09T08:24:20.000Z,74.000,,131,,,,,,
2026-05-09,training,Postrun Workout,This time it was powerful as I had high heart rate after running. All the Yoga poses father taught me made it a blasting small session. Love it.,2026-05-09_10-23-02_hk_1778314982.fit,37,2026-05-09T08:24:22.000Z,76.000,,131,,,,,,
2026-05-09,training,Postrun Workout,This time it was powerful as I had high heart rate after running. All the Yoga poses father taught me made it a blasting small session. Love it.,2026-05-09_10-23-02_hk_1778314982.fit,38,2026-05-09T08:24:25.000Z,79.000,,128,,,,,,
2026-05-09,training,Postrun Workout,This time it was powerful as I had high heart rate after running. All the Yoga poses father taught me made it a blasting small session. Love it.,2026-05-09_10-23-02_hk_1778314982.fit,39,2026-05-09T08:24:27.000Z,81.000,,126,,,,,,
2026-05-09,training,Postrun Workout,This time it was powerful as I had high heart rate after running. All the Yoga poses father taught me made it a blasting small session. Love it.,2026-05-09_10-23-02_hk_1778314982.fit,40,2026-05-09T08:24:30.000Z,84.000,,126,,,,,,
2026-05-09,training,Postrun Workout,This time it was powerful as I had high heart rate after running. All the Yoga poses father taught me made it a blasting small session. Love it.,2026-05-09_10-23-02_hk_1778314982.fit,41,2026-05-09T08:24:32.000Z,86.000,,126,,,,,,
2026-05-09,training,Postrun Workout,This time it was powerful as I had high heart rate after running. All the Yoga poses father taught me made it a blasting small session. Love it.,2026-05-09_10-23-02_hk_1778314982.fit,42,2026-05-09T08:24:35.000Z,89.000,,126,,,,,,
2026-05-09,training,Postrun Workout,This time it was powerful as I had high heart rate after running. All the Yoga poses father taught me made it a blasting small session. Love it.,2026-05-09_10-23-02_hk_1778314982.fit,43,2026-05-09T08:24:37.000Z,91.000,,124,,,,,,
2026-05-09,training,Postrun Workout,This time it was powerful as I had high heart rate after running. All the Yoga poses father taught me made it a blasting small session. Love it.,2026-05-09_10-23-02_hk_1778314982.fit,44,2026-05-09T08:24:38.000Z,92.000,,124,,,,,,
2026-05-09,training,Postrun Workout,This time it was powerful as I had high heart rate after running. All the Yoga poses father taught me made it a blasting small session. Love it.,2026-05-09_10-23-02_hk_1778314982.fit,45,2026-05-09T08:24:40.000Z,94.000,,124,,,,,,
2026-05-09,training,Postrun Workout,This time it was powerful as I had high heart rate after running. All the Yoga poses father taught me made it a blasting small session. Love it.,2026-05-09_10-23-02_hk_1778314982.fit,46,2026-05-09T08:24:43.000Z,97.000,,124,,,,,,
2026-05-09,training,Postrun Workout,This time it was powerful as I had high heart rate after running. All the Yoga poses father taught me made it a blasting small session. Love it.,2026-05-09_10-23-02_hk_1778314982.fit,47,2026-05-09T08:24:45.000Z,99.000,,122,,,,,,
2026-05-09,training,Postrun Workout,This time it was powerful as I had high heart rate after running. All the Yoga poses father taught me made it a blasting small session. Love it.,2026-05-09_10-23-02_hk_1778314982.fit,48,2026-05-09T08:24:48.000Z,102.000,,122,,,,,,
2026-05-09,training,Postrun Workout,This time it was powerful as I had high heart rate after running. All the Yoga poses father taught me made it a blasting small session. Love it.,2026-05-09_10-23-02_hk_1778314982.fit,49,2026-05-09T08:24:50.000Z,104.000,,123,,,,,,
2026-05-09,training,Postrun Workout,This time it was powerful as I had high heart rate after running. All the Yoga poses father taught me made it a blasting small session. Love it.,2026-05-09_10-23-02_hk_1778314982.fit,50,2026-05-09T08:24:53.000Z,107.000,,124,,,,,,
2026-05-09,training,Postrun Workout,This time it was powerful as I had high heart rate after running. All the Yoga poses father taught me made it a blasting small session. Love it.,2026-05-09_10-23-02_hk_1778314982.fit,51,2026-05-09T08:24:56.000Z,110.000,,124,,,,,,
2026-05-09,training,Postrun Workout,This time it was powerful as I had high heart rate after running. All the Yoga poses father taught me made it a blasting small session. Love it.,2026-05-09_10-23-02_hk_1778314982.fit,52,2026-05-09T08:24:58.000Z,112.000,,124,,,,,,
2026-05-09,training,Postrun Workout,This time it was powerful as I had high heart rate after running. All the Yoga poses father taught me made it a blasting small session. Love it.,2026-05-09_10-23-02_hk_1778314982.fit,53,2026-05-09T08:24:59.000Z,113.000,,127,,,,,,
2026-05-09,training,Postrun Workout,This time it was powerful as I had high heart rate after running. All the Yoga poses father taught me made it a blasting small session. Love it.,2026-05-09_10-23-02_hk_1778314982.fit,54,2026-05-09T08:25:01.000Z,115.000,,127,,,,,,
2026-05-09,training,Postrun Workout,This time it was powerful as I had high heart rate after running. All the Yoga poses father taught me made it a blasting small session. Love it.,2026-05-09_10-23-02_hk_1778314982.fit,55,2026-05-09T08:25:03.000Z,117.000,,127,,,,,,
2026-05-09,training,Postrun Workout,This time it was powerful as I had high heart rate after running. All the Yoga poses father taught me made it a blasting small session. Love it.,2026-05-09_10-23-02_hk_1778314982.fit,56,2026-05-09T08:25:04.000Z,118.000,,127,,,,,,
2026-05-09,training,Postrun Workout,This time it was powerful as I had high heart rate after running. All the Yoga poses father taught me made it a blasting small session. Love it.,2026-05-09_10-23-02_hk_1778314982.fit,57,2026-05-09T08:25:06.000Z,120.000,,126,,,,,,
2026-05-09,training,Postrun Workout,This time it was powerful as I had high heart rate after running. All the Yoga poses father taught me made it a blasting small session. Love it.,2026-05-09_10-23-02_hk_1778314982.fit,58,2026-05-09T08:25:08.000Z,122.000,,126,,,,,,
2026-05-09,training,Postrun Workout,This time it was powerful as I had high heart rate after running. All the Yoga poses father taught me made it a blasting small session. Love it.,2026-05-09_10-23-02_hk_1778314982.fit,59,2026-05-09T08:25:11.000Z,125.000,,125,,,,,,
2026-05-09,training,Postrun Workout,This time it was powerful as I had high heart rate after running. All the Yoga poses father taught me made it a blasting small session. Love it.,2026-05-09_10-23-02_hk_1778314982.fit,60,2026-05-09T08:25:13.000Z,127.000,,125,,,,,,
2026-05-09,training,Postrun Workout,This time it was powerful as I had high heart rate after running. All the Yoga poses father taught me made it a blasting small session. Love it.,2026-05-09_10-23-02_hk_1778314982.fit,61,2026-05-09T08:25:16.000Z,130.000,,126,,,,,,
2026-05-09,training,Postrun Workout,This time it was powerful as I had high heart rate after running. All the Yoga poses father taught me made it a blasting small session. Love it.,2026-05-09_10-23-02_hk_1778314982.fit,62,2026-05-09T08:25:19.000Z,133.000,,126,,,,,,
2026-05-09,training,Postrun Workout,This time it was powerful as I had high heart rate after running. All the Yoga poses father taught me made it a blasting small session. Love it.,2026-05-09_10-23-02_hk_1778314982.fit,63,2026-05-09T08:25:21.000Z,135.000,,126,,,,,,
2026-05-09,training,Postrun Workout,This time it was powerful as I had high heart rate after running. All the Yoga poses father taught me made it a blasting small session. Love it.,2026-05-09_10-23-02_hk_1778314982.fit,64,2026-05-09T08:25:24.000Z,138.000,,126,,,,,,
2026-05-09,training,Postrun Workout,This time it was powerful as I had high heart rate after running. All the Yoga poses father taught me made it a blasting small session. Love it.,2026-05-09_10-23-02_hk_1778314982.fit,65,2026-05-09T08:25:25.000Z,139.000,,133,,,,,,
2026-05-09,training,Postrun Workout,This time it was powerful as I had high heart rate after running. All the Yoga poses father taught me made it a blasting small session. Love it.,2026-05-09_10-23-02_hk_1778314982.fit,66,2026-05-09T08:25:26.000Z,140.000,,133,,,,,,
2026-05-09,training,Postrun Workout,This time it was powerful as I had high heart rate after running. All the Yoga poses father taught me made it a blasting small session. Love it.,2026-05-09_10-23-02_hk_1778314982.fit,67,2026-05-09T08:25:29.000Z,143.000,,133,,,,,,
2026-05-09,training,Postrun Workout,This time it was powerful as I had high heart rate after running. All the Yoga poses father taught me made it a blasting small session. Love it.,2026-05-09_10-23-02_hk_1778314982.fit,68,2026-05-09T08:25:31.000Z,145.000,,133,,,,,,
2026-05-09,training,Postrun Workout,This time it was powerful as I had high heart rate after running. All the Yoga poses father taught me made it a blasting small session. Love it.,2026-05-09_10-23-02_hk_1778314982.fit,69,2026-05-09T08:25:34.000Z,148.000,,133,,,,,,
2026-05-09,training,Postrun Workout,This time it was powerful as I had high heart rate after running. All the Yoga poses father taught me made it a blasting small session. Love it.,2026-05-09_10-23-02_hk_1778314982.fit,70,2026-05-09T08:25:35.000Z,149.000,,131,,,,,,
2026-05-09,training,Postrun Workout,This time it was powerful as I had high heart rate after running. All the Yoga poses father taught me made it a blasting small session. Love it.,2026-05-09_10-23-02_hk_1778314982.fit,71,2026-05-09T08:25:36.000Z,150.000,,131,,,,,,
2026-05-09,training,Postrun Workout,This time it was powerful as I had high heart rate after running. All the Yoga poses father taught me made it a blasting small session. Love it.,2026-05-09_10-23-02_hk_1778314982.fit,72,2026-05-09T08:25:39.000Z,153.000,,131,,,,,,
2026-05-09,training,Postrun Workout,This time it was powerful as I had high heart rate after running. All the Yoga poses father taught me made it a blasting small session. Love it.,2026-05-09_10-23-02_hk_1778314982.fit,73,2026-05-09T08:25:40.000Z,154.000,,135,,,,,,
2026-05-09,training,Postrun Workout,This time it was powerful as I had high heart rate after running. All the Yoga poses father taught me made it a blasting small session. Love it.,2026-05-09_10-23-02_hk_1778314982.fit,74,2026-05-09T08:25:41.000Z,155.000,,136,,,,,,
2026-05-09,training,Postrun Workout,This time it was powerful as I had high heart rate after running. All the Yoga poses father taught me made it a blasting small session. Love it.,2026-05-09_10-23-02_hk_1778314982.fit,75,2026-05-09T08:25:42.000Z,156.000,,136,,,,,,
2026-05-09,training,Postrun Workout,This time it was powerful as I had high heart rate after running. All the Yoga poses father taught me made it a blasting small session. Love it.,2026-05-09_10-23-02_hk_1778314982.fit,76,2026-05-09T08:25:44.000Z,158.000,,136,,,,,,
2026-05-09,training,Postrun Workout,This time it was powerful as I had high heart rate after running. All the Yoga poses father taught me made it a blasting small session. Love it.,2026-05-09_10-23-02_hk_1778314982.fit,77,2026-05-09T08:25:46.000Z,160.000,,141,,,,,,
2026-05-09,training,Postrun Workout,This time it was powerful as I had high heart rate after running. All the Yoga poses father taught me made it a blasting small session. Love it.,2026-05-09_10-23-02_hk_1778314982.fit,78,2026-05-09T08:25:47.000Z,161.000,,141,,,,,,
2026-05-09,training,Postrun Workout,This time it was powerful as I had high heart rate after running. All the Yoga poses father taught me made it a blasting small session. Love it.,2026-05-09_10-23-02_hk_1778314982.fit,79,2026-05-09T08:25:49.000Z,163.000,,141,,,,,,
2026-05-09,training,Postrun Workout,This time it was powerful as I had high heart rate after running. All the Yoga poses father taught me made it a blasting small session. Love it.,2026-05-09_10-23-02_hk_1778314982.fit,80,2026-05-09T08:25:52.000Z,166.000,,144,,,,,,
2026-05-09,training,Postrun Workout,This time it was powerful as I had high heart rate after running. All the Yoga poses father taught me made it a blasting small session. Love it.,2026-05-09_10-23-02_hk_1778314982.fit,81,2026-05-09T08:25:54.000Z,168.000,,144,,,,,,
2026-05-09,training,Postrun Workout,This time it was powerful as I had high heart rate after running. All the Yoga poses father taught me made it a blasting small session. Love it.,2026-05-09_10-23-02_hk_1778314982.fit,82,2026-05-09T08:25:56.000Z,170.000,,143,,,,,,
2026-05-09,training,Postrun Workout,This time it was powerful as I had high heart rate after running. All the Yoga poses father taught me made it a blasting small session. Love it.,2026-05-09_10-23-02_hk_1778314982.fit,83,2026-05-09T08:25:57.000Z,171.000,,143,,,,,,
2026-05-09,training,Postrun Workout,This time it was powerful as I had high heart rate after running. All the Yoga poses father taught me made it a blasting small session. Love it.,2026-05-09_10-23-02_hk_1778314982.fit,84,2026-05-09T08:26:00.000Z,174.000,,143,,,,,,
2026-05-09,training,Postrun Workout,This time it was powerful as I had high heart rate after running. All the Yoga poses father taught me made it a blasting small session. Love it.,2026-05-09_10-23-02_hk_1778314982.fit,85,2026-05-09T08:26:01.000Z,175.000,,140,,,,,,
2026-05-09,training,Postrun Workout,This time it was powerful as I had high heart rate after running. All the Yoga poses father taught me made it a blasting small session. Love it.,2026-05-09_10-23-02_hk_1778314982.fit,86,2026-05-09T08:26:02.000Z,176.000,,140,,,,,,
2026-05-09,training,Postrun Workout,This time it was powerful as I had high heart rate after running. All the Yoga poses father taught me made it a blasting small session. Love it.,2026-05-09_10-23-02_hk_1778314982.fit,87,2026-05-09T08:26:05.000Z,179.000,,140,,,,,,
2026-05-09,training,Postrun Workout,This time it was powerful as I had high heart rate after running. All the Yoga poses father taught me made it a blasting small session. Love it.,2026-05-09_10-23-02_hk_1778314982.fit,88,2026-05-09T08:26:07.000Z,181.000,,140,,,,,,
2026-05-09,training,Postrun Workout,This time it was powerful as I had high heart rate after running. All the Yoga poses father taught me made it a blasting small session. Love it.,2026-05-09_10-23-02_hk_1778314982.fit,89,2026-05-09T08:26:10.000Z,184.000,,141,,,,,,
2026-05-09,training,Postrun Workout,This time it was powerful as I had high heart rate after running. All the Yoga poses father taught me made it a blasting small session. Love it.,2026-05-09_10-23-02_hk_1778314982.fit,90,2026-05-09T08:26:12.000Z,186.000,,141,,,,,,
2026-05-09,training,Postrun Workout,This time it was powerful as I had high heart rate after running. All the Yoga poses father taught me made it a blasting small session. Love it.,2026-05-09_10-23-02_hk_1778314982.fit,91,2026-05-09T08:26:15.000Z,189.000,,138,,,,,,
2026-05-09,training,Postrun Workout,This time it was powerful as I had high heart rate after running. All the Yoga poses father taught me made it a blasting small session. Love it.,2026-05-09_10-23-02_hk_1778314982.fit,92,2026-05-09T08:26:17.000Z,191.000,,138,,,,,,
2026-05-09,training,Postrun Workout,This time it was powerful as I had high heart rate after running. All the Yoga poses father taught me made it a blasting small session. Love it.,2026-05-09_10-23-02_hk_1778314982.fit,93,2026-05-09T08:26:20.000Z,194.000,,138,,,,,,
2026-05-09,training,Postrun Workout,This time it was powerful as I had high heart rate after running. All the Yoga poses father taught me made it a blasting small session. Love it.,2026-05-09_10-23-02_hk_1778314982.fit,94,2026-05-09T08:26:23.000Z,197.000,,138,,,,,,
2026-05-09,training,Postrun Workout,This time it was powerful as I had high heart rate after running. All the Yoga poses father taught me made it a blasting small session. Love it.,2026-05-09_10-23-02_hk_1778314982.fit,95,2026-05-09T08:26:25.000Z,199.000,,138,,,,,,
2026-05-09,training,Postrun Workout,This time it was powerful as I had high heart rate after running. All the Yoga poses father taught me made it a blasting small session. Love it.,2026-05-09_10-23-02_hk_1778314982.fit,96,2026-05-09T08:26:28.000Z,202.000,,138,,,,,,
2026-05-09,training,Postrun Workout,This time it was powerful as I had high heart rate after running. All the Yoga poses father taught me made it a blasting small session. Love it.,2026-05-09_10-23-02_hk_1778314982.fit,97,2026-05-09T08:26:29.000Z,203.000,,138,,,,,,
2026-05-09,training,Postrun Workout,This time it was powerful as I had high heart rate after running. All the Yoga poses father taught me made it a blasting small session. Love it.,2026-05-09_10-23-02_hk_1778314982.fit,98,2026-05-09T08:26:30.000Z,204.000,,138,,,,,,
2026-05-09,training,Postrun Workout,This time it was powerful as I had high heart rate after running. All the Yoga poses father taught me made it a blasting small session. Love it.,2026-05-09_10-23-02_hk_1778314982.fit,99,2026-05-09T08:26:33.000Z,207.000,,138,,,,,,
2026-05-09,training,Postrun Workout,This time it was powerful as I had high heart rate after running. All the Yoga poses father taught me made it a blasting small session. Love it.,2026-05-09_10-23-02_hk_1778314982.fit,100,2026-05-09T08:26:35.000Z,209.000,,136,,,,,,
2026-05-09,training,Postrun Workout,This time it was powerful as I had high heart rate after running. All the Yoga poses father taught me made it a blasting small session. Love it.,2026-05-09_10-23-02_hk_1778314982.fit,101,2026-05-09T08:26:36.000Z,210.000,,135,,,,,,
2026-05-09,training,Postrun Workout,This time it was powerful as I had high heart rate after running. All the Yoga poses father taught me made it a blasting small session. Love it.,2026-05-09_10-23-02_hk_1778314982.fit,102,2026-05-09T08:26:38.000Z,212.000,,135,,,,,,
2026-05-09,training,Postrun Workout,This time it was powerful as I had high heart rate after running. All the Yoga poses father taught me made it a blasting small session. Love it.,2026-05-09_10-23-02_hk_1778314982.fit,103,2026-05-09T08:26:40.000Z,214.000,,135,,,,,,
2026-05-09,training,Postrun Workout,This time it was powerful as I had high heart rate after running. All the Yoga poses father taught me made it a blasting small session. Love it.,2026-05-09_10-23-02_hk_1778314982.fit,104,2026-05-09T08:26:41.000Z,215.000,,136,,,,,,
2026-05-09,training,Postrun Workout,This time it was powerful as I had high heart rate after running. All the Yoga poses father taught me made it a blasting small session. Love it.,2026-05-09_10-23-02_hk_1778314982.fit,105,2026-05-09T08:26:43.000Z,217.000,,136,,,,,,
2026-05-09,training,Postrun Workout,This time it was powerful as I had high heart rate after running. All the Yoga poses father taught me made it a blasting small session. Love it.,2026-05-09_10-23-02_hk_1778314982.fit,106,2026-05-09T08:26:46.000Z,220.000,,137,,,,,,
2026-05-09,training,Postrun Workout,This time it was powerful as I had high heart rate after running. All the Yoga poses father taught me made it a blasting small session. Love it.,2026-05-09_10-23-02_hk_1778314982.fit,107,2026-05-09T08:26:48.000Z,222.000,,137,,,,,,
2026-05-09,training,Postrun Workout,This time it was powerful as I had high heart rate after running. All the Yoga poses father taught me made it a blasting small session. Love it.,2026-05-09_10-23-02_hk_1778314982.fit,108,2026-05-09T08:26:51.000Z,225.000,,137,,,,,,
2026-05-09,training,Postrun Workout,This time it was powerful as I had high heart rate after running. All the Yoga poses father taught me made it a blasting small session. Love it.,2026-05-09_10-23-02_hk_1778314982.fit,109,2026-05-09T08:26:53.000Z,227.000,,137,,,,,,
2026-05-09,training,Postrun Workout,This time it was powerful as I had high heart rate after running. All the Yoga poses father taught me made it a blasting small session. Love it.,2026-05-09_10-23-02_hk_1778314982.fit,110,2026-05-09T08:26:55.000Z,229.000,,138,,,,,,
2026-05-09,training,Postrun Workout,This time it was powerful as I had high heart rate after running. All the Yoga poses father taught me made it a blasting small session. Love it.,2026-05-09_10-23-02_hk_1778314982.fit,111,2026-05-09T08:26:56.000Z,230.000,,138,,,,,,
2026-05-09,training,Postrun Workout,This time it was powerful as I had high heart rate after running. All the Yoga poses father taught me made it a blasting small session. Love it.,2026-05-09_10-23-02_hk_1778314982.fit,112,2026-05-09T08:26:57.000Z,231.000,,138,,,,,,
2026-05-09,training,Postrun Workout,This time it was powerful as I had high heart rate after running. All the Yoga poses father taught me made it a blasting small session. Love it.,2026-05-09_10-23-02_hk_1778314982.fit,113,2026-05-09T08:26:58.000Z,232.000,,138,,,,,,
2026-05-09,training,Postrun Workout,This time it was powerful as I had high heart rate after running. All the Yoga poses father taught me made it a blasting small session. Love it.,2026-05-09_10-23-02_hk_1778314982.fit,114,2026-05-09T08:27:01.000Z,235.000,,138,,,,,,
2026-05-09,training,Postrun Workout,This time it was powerful as I had high heart rate after running. All the Yoga poses father taught me made it a blasting small session. Love it.,2026-05-09_10-23-02_hk_1778314982.fit,115,2026-05-09T08:27:04.000Z,238.000,,133,,,,,,
2026-05-09,training,Postrun Workout,This time it was powerful as I had high heart rate after running. All the Yoga poses father taught me made it a blasting small session. Love it.,2026-05-09_10-23-02_hk_1778314982.fit,116,2026-05-09T08:27:06.000Z,240.000,,132,,,,,,
2026-05-09,training,Postrun Workout,This time it was powerful as I had high heart rate after running. All the Yoga poses father taught me made it a blasting small session. Love it.,2026-05-09_10-23-02_hk_1778314982.fit,117,2026-05-09T08:27:09.000Z,243.000,,132,,,,,,
2026-05-09,training,Postrun Workout,This time it was powerful as I had high heart rate after running. All the Yoga poses father taught me made it a blasting small session. Love it.,2026-05-09_10-23-02_hk_1778314982.fit,118,2026-05-09T08:27:11.000Z,245.000,,132,,,,,,
2026-05-09,training,Postrun Workout,This time it was powerful as I had high heart rate after running. All the Yoga poses father taught me made it a blasting small session. Love it.,2026-05-09_10-23-02_hk_1778314982.fit,119,2026-05-09T08:27:13.000Z,247.000,,128,,,,,,
2026-05-09,training,Postrun Workout,This time it was powerful as I had high heart rate after running. All the Yoga poses father taught me made it a blasting small session. Love it.,2026-05-09_10-23-02_hk_1778314982.fit,120,2026-05-09T08:27:14.000Z,248.000,,128,,,,,,
2026-05-09,training,Postrun Workout,This time it was powerful as I had high heart rate after running. All the Yoga poses father taught me made it a blasting small session. Love it.,2026-05-09_10-23-02_hk_1778314982.fit,121,2026-05-09T08:27:16.000Z,250.000,,128,,,,,,
2026-05-09,training,Postrun Workout,This time it was powerful as I had high heart rate after running. All the Yoga poses father taught me made it a blasting small session. Love it.,2026-05-09_10-23-02_hk_1778314982.fit,122,2026-05-09T08:27:17.000Z,251.000,,128,,,,,,
2026-05-09,training,Postrun Workout,This time it was powerful as I had high heart rate after running. All the Yoga poses father taught me made it a blasting small session. Love it.,2026-05-09_10-23-02_hk_1778314982.fit,123,2026-05-09T08:27:19.000Z,253.000,,128,,,,,,
2026-05-09,training,Postrun Workout,This time it was powerful as I had high heart rate after running. All the Yoga poses father taught me made it a blasting small session. Love it.,2026-05-09_10-23-02_hk_1778314982.fit,124,2026-05-09T08:27:21.000Z,255.000,,128,,,,,,
2026-05-09,training,Postrun Workout,This time it was powerful as I had high heart rate after running. All the Yoga poses father taught me made it a blasting small session. Love it.,2026-05-09_10-23-02_hk_1778314982.fit,125,2026-05-09T08:27:23.000Z,257.000,,132,,,,,,
2026-05-09,training,Postrun Workout,This time it was powerful as I had high heart rate after running. All the Yoga poses father taught me made it a blasting small session. Love it.,2026-05-09_10-23-02_hk_1778314982.fit,126,2026-05-09T08:27:24.000Z,258.000,,132,,,,,,
2026-05-09,training,Postrun Workout,This time it was powerful as I had high heart rate after running. All the Yoga poses father taught me made it a blasting small session. Love it.,2026-05-09_10-23-02_hk_1778314982.fit,127,2026-05-09T08:27:27.000Z,261.000,,132,,,,,,
2026-05-09,training,Postrun Workout,This time it was powerful as I had high heart rate after running. All the Yoga poses father taught me made it a blasting small session. Love it.,2026-05-09_10-23-02_hk_1778314982.fit,128,2026-05-09T08:27:28.000Z,262.000,,132,,,,,,
2026-05-09,training,Postrun Workout,This time it was powerful as I had high heart rate after running. All the Yoga poses father taught me made it a blasting small session. Love it.,2026-05-09_10-23-02_hk_1778314982.fit,129,2026-05-09T08:27:29.000Z,263.000,,132,,,,,,
2026-05-09,training,Postrun Workout,This time it was powerful as I had high heart rate after running. All the Yoga poses father taught me made it a blasting small session. Love it.,2026-05-09_10-23-02_hk_1778314982.fit,130,2026-05-09T08:27:31.000Z,265.000,,132,,,,,,
2026-05-09,training,Postrun Workout,This time it was powerful as I had high heart rate after running. All the Yoga poses father taught me made it a blasting small session. Love it.,2026-05-09_10-23-02_hk_1778314982.fit,131,2026-05-09T08:27:32.000Z,266.000,,132,,,,,,
2026-05-09,training,Postrun Workout,This time it was powerful as I had high heart rate after running. All the Yoga poses father taught me made it a blasting small session. Love it.,2026-05-09_10-23-02_hk_1778314982.fit,132,2026-05-09T08:27:34.000Z,268.000,,132,,,,,,
2026-05-09,training,Postrun Workout,This time it was powerful as I had high heart rate after running. All the Yoga poses father taught me made it a blasting small session. Love it.,2026-05-09_10-23-02_hk_1778314982.fit,133,2026-05-09T08:27:36.000Z,270.000,,131,,,,,,
2026-05-09,training,Postrun Workout,This time it was powerful as I had high heart rate after running. All the Yoga poses father taught me made it a blasting small session. Love it.,2026-05-09_10-23-02_hk_1778314982.fit,134,2026-05-09T08:27:37.000Z,271.000,,131,,,,,,
2026-05-09,training,Postrun Workout,This time it was powerful as I had high heart rate after running. All the Yoga poses father taught me made it a blasting small session. Love it.,2026-05-09_10-23-02_hk_1778314982.fit,135,2026-05-09T08:27:39.000Z,273.000,,131,,,,,,
2026-05-09,training,Postrun Workout,This time it was powerful as I had high heart rate after running. All the Yoga poses father taught me made it a blasting small session. Love it.,2026-05-09_10-23-02_hk_1778314982.fit,136,2026-05-09T08:27:42.000Z,276.000,,131,,,,,,
2026-05-09,training,Postrun Workout,This time it was powerful as I had high heart rate after running. All the Yoga poses father taught me made it a blasting small session. Love it.,2026-05-09_10-23-02_hk_1778314982.fit,137,2026-05-09T08:27:44.000Z,278.000,,131,,,,,,
2026-05-09,training,Postrun Workout,This time it was powerful as I had high heart rate after running. All the Yoga poses father taught me made it a blasting small session. Love it.,2026-05-09_10-23-02_hk_1778314982.fit,138,2026-05-09T08:27:45.000Z,279.000,,127,,,,,,
2026-05-09,training,Postrun Workout,This time it was powerful as I had high heart rate after running. All the Yoga poses father taught me made it a blasting small session. Love it.,2026-05-09_10-23-02_hk_1778314982.fit,139,2026-05-09T08:27:47.000Z,281.000,,127,,,,,,
2026-05-09,training,Postrun Workout,This time it was powerful as I had high heart rate after running. All the Yoga poses father taught me made it a blasting small session. Love it.,2026-05-09_10-23-02_hk_1778314982.fit,140,2026-05-09T08:27:50.000Z,284.000,,127,,,,,,
2026-05-09,training,Postrun Workout,This time it was powerful as I had high heart rate after running. All the Yoga poses father taught me made it a blasting small session. Love it.,2026-05-09_10-23-02_hk_1778314982.fit,141,2026-05-09T08:27:51.000Z,285.000,,128,,,,,,
2026-05-09,training,Postrun Workout,This time it was powerful as I had high heart rate after running. All the Yoga poses father taught me made it a blasting small session. Love it.,2026-05-09_10-23-02_hk_1778314982.fit,142,2026-05-09T08:27:52.000Z,286.000,,128,,,,,,
2026-05-09,training,Postrun Workout,This time it was powerful as I had high heart rate after running. All the Yoga poses father taught me made it a blasting small session. Love it.,2026-05-09_10-23-02_hk_1778314982.fit,143,2026-05-09T08:27:55.000Z,289.000,,128,,,,,,
2026-05-09,training,Postrun Workout,This time it was powerful as I had high heart rate after running. All the Yoga poses father taught me made it a blasting small session. Love it.,2026-05-09_10-23-02_hk_1778314982.fit,144,2026-05-09T08:27:56.000Z,290.000,,128,,,,,,
2026-05-09,training,Postrun Workout,This time it was powerful as I had high heart rate after running. All the Yoga poses father taught me made it a blasting small session. Love it.,2026-05-09_10-23-02_hk_1778314982.fit,145,2026-05-09T08:27:57.000Z,291.000,,128,,,,,,
2026-05-09,training,Postrun Workout,This time it was powerful as I had high heart rate after running. All the Yoga poses father taught me made it a blasting small session. Love it.,2026-05-09_10-23-02_hk_1778314982.fit,146,2026-05-09T08:28:00.000Z,294.000,,128,,,,,,
2026-05-09,training,Postrun Workout,This time it was powerful as I had high heart rate after running. All the Yoga poses father taught me made it a blasting small session. Love it.,2026-05-09_10-23-02_hk_1778314982.fit,147,2026-05-09T08:28:01.000Z,295.000,,132,,,,,,
2026-05-09,training,Postrun Workout,This time it was powerful as I had high heart rate after running. All the Yoga poses father taught me made it a blasting small session. Love it.,2026-05-09_10-23-02_hk_1778314982.fit,148,2026-05-09T08:28:02.000Z,296.000,,132,,,,,,
2026-05-09,training,Postrun Workout,This time it was powerful as I had high heart rate after running. All the Yoga poses father taught me made it a blasting small session. Love it.,2026-05-09_10-23-02_hk_1778314982.fit,149,2026-05-09T08:28:05.000Z,299.000,,132,,,,,,
2026-05-09,training,Postrun Workout,This time it was powerful as I had high heart rate after running. All the Yoga poses father taught me made it a blasting small session. Love it.,2026-05-09_10-23-02_hk_1778314982.fit,150,2026-05-09T08:28:06.000Z,300.000,,132,,,,,,
2026-05-09,training,Postrun Workout,This time it was powerful as I had high heart rate after running. All the Yoga poses father taught me made it a blasting small session. Love it.,2026-05-09_10-23-02_hk_1778314982.fit,151,2026-05-09T08:28:08.000Z,302.000,,132,,,,,,
2026-05-09,training,Postrun Workout,This time it was powerful as I had high heart rate after running. All the Yoga poses father taught me made it a blasting small session. Love it.,2026-05-09_10-23-02_hk_1778314982.fit,152,2026-05-09T08:28:10.000Z,304.000,,132,,,,,,
2026-05-09,training,Postrun Workout,This time it was powerful as I had high heart rate after running. All the Yoga poses father taught me made it a blasting small session. Love it.,2026-05-09_10-23-02_hk_1778314982.fit,153,2026-05-09T08:28:11.000Z,305.000,,133,,,,,,
2026-05-09,training,Postrun Workout,This time it was powerful as I had high heart rate after running. All the Yoga poses father taught me made it a blasting small session. Love it.,2026-05-09_10-23-02_hk_1778314982.fit,154,2026-05-09T08:28:13.000Z,307.000,,133,,,,,,
2026-05-09,training,Postrun Workout,This time it was powerful as I had high heart rate after running. All the Yoga poses father taught me made it a blasting small session. Love it.,2026-05-09_10-23-02_hk_1778314982.fit,155,2026-05-09T08:28:15.000Z,309.000,,133,,,,,,
2026-05-09,training,Postrun Workout,This time it was powerful as I had high heart rate after running. All the Yoga poses father taught me made it a blasting small session. Love it.,2026-05-09_10-23-02_hk_1778314982.fit,156,2026-05-09T08:28:16.000Z,310.000,,134,,,,,,
2026-05-09,training,Postrun Workout,This time it was powerful as I had high heart rate after running. All the Yoga poses father taught me made it a blasting small session. Love it.,2026-05-09_10-23-02_hk_1778314982.fit,157,2026-05-09T08:28:18.000Z,312.000,,134,,,,,,
2026-05-09,training,Postrun Workout,This time it was powerful as I had high heart rate after running. All the Yoga poses father taught me made it a blasting small session. Love it.,2026-05-09_10-23-02_hk_1778314982.fit,158,2026-05-09T08:28:20.000Z,314.000,,134,,,,,,
2026-05-09,training,Postrun Workout,This time it was powerful as I had high heart rate after running. All the Yoga poses father taught me made it a blasting small session. Love it.,2026-05-09_10-23-02_hk_1778314982.fit,159,2026-05-09T08:28:23.000Z,317.000,,134,,,,,,
2026-05-09,training,Postrun Workout,This time it was powerful as I had high heart rate after running. All the Yoga poses father taught me made it a blasting small session. Love it.,2026-05-09_10-23-02_hk_1778314982.fit,160,2026-05-09T08:28:24.000Z,318.000,,137,,,,,,
2026-05-09,training,Postrun Workout,This time it was powerful as I had high heart rate after running. All the Yoga poses father taught me made it a blasting small session. Love it.,2026-05-09_10-23-02_hk_1778314982.fit,161,2026-05-09T08:28:25.000Z,319.000,,137,,,,,,
2026-05-09,training,Postrun Workout,This time it was powerful as I had high heart rate after running. All the Yoga poses father taught me made it a blasting small session. Love it.,2026-05-09_10-23-02_hk_1778314982.fit,162,2026-05-09T08:28:28.000Z,322.000,,137,,,,,,
2026-05-09,training,Postrun Workout,This time it was powerful as I had high heart rate after running. All the Yoga poses father taught me made it a blasting small session. Love it.,2026-05-09_10-23-02_hk_1778314982.fit,163,2026-05-09T08:28:30.000Z,324.000,,131,,,,,,
2026-05-09,training,Postrun Workout,This time it was powerful as I had high heart rate after running. All the Yoga poses father taught me made it a blasting small session. Love it.,2026-05-09_10-23-02_hk_1778314982.fit,164,2026-05-09T08:28:31.000Z,325.000,,130,,,,,,
2026-05-09,training,Postrun Workout,This time it was powerful as I had high heart rate after running. All the Yoga poses father taught me made it a blasting small session. Love it.,2026-05-09_10-23-02_hk_1778314982.fit,165,2026-05-09T08:28:33.000Z,327.000,,130,,,,,,
2026-05-09,training,Postrun Workout,This time it was powerful as I had high heart rate after running. All the Yoga poses father taught me made it a blasting small session. Love it.,2026-05-09_10-23-02_hk_1778314982.fit,166,2026-05-09T08:28:36.000Z,330.000,,128,,,,,,
2026-05-09,training,Postrun Workout,This time it was powerful as I had high heart rate after running. All the Yoga poses father taught me made it a blasting small session. Love it.,2026-05-09_10-23-02_hk_1778314982.fit,167,2026-05-09T08:28:38.000Z,332.000,,128,,,,,,
2026-05-09,training,Postrun Workout,This time it was powerful as I had high heart rate after running. All the Yoga poses father taught me made it a blasting small session. Love it.,2026-05-09_10-23-02_hk_1778314982.fit,168,2026-05-09T08:28:41.000Z,335.000,,125,,,,,,
2026-05-09,training,Postrun Workout,This time it was powerful as I had high heart rate after running. All the Yoga poses father taught me made it a blasting small session. Love it.,2026-05-09_10-23-02_hk_1778314982.fit,169,2026-05-09T08:28:43.000Z,337.000,,125,,,,,,
2026-05-09,training,Postrun Workout,This time it was powerful as I had high heart rate after running. All the Yoga poses father taught me made it a blasting small session. Love it.,2026-05-09_10-23-02_hk_1778314982.fit,170,2026-05-09T08:28:46.000Z,340.000,,125,,,,,,
2026-05-09,training,Postrun Workout,This time it was powerful as I had high heart rate after running. All the Yoga poses father taught me made it a blasting small session. Love it.,2026-05-09_10-23-02_hk_1778314982.fit,171,2026-05-09T08:28:47.000Z,341.000,,125,,,,,,
2026-05-09,training,Postrun Workout,This time it was powerful as I had high heart rate after running. All the Yoga poses father taught me made it a blasting small session. Love it.,2026-05-09_10-23-02_hk_1778314982.fit,172,2026-05-09T08:28:48.000Z,342.000,,125,,,,,,
2026-05-09,training,Postrun Workout,This time it was powerful as I had high heart rate after running. All the Yoga poses father taught me made it a blasting small session. Love it.,2026-05-09_10-23-02_hk_1778314982.fit,173,2026-05-09T08:28:51.000Z,345.000,,128,,,,,,
2026-05-09,training,Postrun Workout,This time it was powerful as I had high heart rate after running. All the Yoga poses father taught me made it a blasting small session. Love it.,2026-05-09_10-23-02_hk_1778314982.fit,174,2026-05-09T08:28:54.000Z,348.000,,128,,,,,,
2026-05-09,training,Postrun Workout,This time it was powerful as I had high heart rate after running. All the Yoga poses father taught me made it a blasting small session. Love it.,2026-05-09_10-23-02_hk_1778314982.fit,175,2026-05-09T08:28:56.000Z,350.000,,128,,,,,,
2026-05-09,training,Postrun Workout,This time it was powerful as I had high heart rate after running. All the Yoga poses father taught me made it a blasting small session. Love it.,2026-05-09_10-23-02_hk_1778314982.fit,176,2026-05-09T08:28:59.000Z,353.000,,128,,,,,,
2026-05-09,training,Postrun Workout,This time it was powerful as I had high heart rate after running. All the Yoga poses father taught me made it a blasting small session. Love it.,2026-05-09_10-23-02_hk_1778314982.fit,177,2026-05-09T08:29:00.000Z,354.000,,142,,,,,,
2026-05-09,training,Postrun Workout,This time it was powerful as I had high heart rate after running. All the Yoga poses father taught me made it a blasting small session. Love it.,2026-05-09_10-23-02_hk_1778314982.fit,178,2026-05-09T08:29:01.000Z,355.000,,142,,,,,,
2026-05-09,training,Postrun Workout,This time it was powerful as I had high heart rate after running. All the Yoga poses father taught me made it a blasting small session. Love it.,2026-05-09_10-23-02_hk_1778314982.fit,179,2026-05-09T08:29:04.000Z,358.000,,142,,,,,,
2026-05-09,training,Postrun Workout,This time it was powerful as I had high heart rate after running. All the Yoga poses father taught me made it a blasting small session. Love it.,2026-05-09_10-23-02_hk_1778314982.fit,180,2026-05-09T08:29:05.000Z,359.000,,146,,,,,,
2026-05-09,training,Postrun Workout,This time it was powerful as I had high heart rate after running. All the Yoga poses father taught me made it a blasting small session. Love it.,2026-05-09_10-23-02_hk_1778314982.fit,181,2026-05-09T08:29:06.000Z,360.000,,146,,,,,,
2026-05-09,training,Postrun Workout,This time it was powerful as I had high heart rate after running. All the Yoga poses father taught me made it a blasting small session. Love it.,2026-05-09_10-23-02_hk_1778314982.fit,182,2026-05-09T08:29:09.000Z,363.000,,146,,,,,,
2026-05-09,training,Postrun Workout,This time it was powerful as I had high heart rate after running. All the Yoga poses father taught me made it a blasting small session. Love it.,2026-05-09_10-23-02_hk_1778314982.fit,183,2026-05-09T08:29:10.000Z,364.000,,146,,,,,,
2026-05-09,training,Postrun Workout,This time it was powerful as I had high heart rate after running. All the Yoga poses father taught me made it a blasting small session. Love it.,2026-05-09_10-23-02_hk_1778314982.fit,184,2026-05-09T08:29:12.000Z,366.000,,146,,,,,,
2026-05-09,training,Postrun Workout,This time it was powerful as I had high heart rate after running. All the Yoga poses father taught me made it a blasting small session. Love it.,2026-05-09_10-23-02_hk_1778314982.fit,185,2026-05-09T08:29:14.000Z,368.000,,146,,,,,,
2026-05-09,training,Postrun Workout,This time it was powerful as I had high heart rate after running. All the Yoga poses father taught me made it a blasting small session. Love it.,2026-05-09_10-23-02_hk_1778314982.fit,186,2026-05-09T08:29:17.000Z,371.000,,141,,,,,,
2026-05-09,training,Postrun Workout,This time it was powerful as I had high heart rate after running. All the Yoga poses father taught me made it a blasting small session. Love it.,2026-05-09_10-23-02_hk_1778314982.fit,187,2026-05-09T08:29:19.000Z,373.000,,141,,,,,,
2026-05-09,training,Postrun Workout,This time it was powerful as I had high heart rate after running. All the Yoga poses father taught me made it a blasting small session. Love it.,2026-05-09_10-23-02_hk_1778314982.fit,188,2026-05-09T08:29:22.000Z,376.000,,141,,,,,,
2026-05-09,training,Postrun Workout,This time it was powerful as I had high heart rate after running. All the Yoga poses father taught me made it a blasting small session. Love it.,2026-05-09_10-23-02_hk_1778314982.fit,189,2026-05-09T08:29:24.000Z,378.000,,136,,,,,,
2026-05-09,training,Postrun Workout,This time it was powerful as I had high heart rate after running. All the Yoga poses father taught me made it a blasting small session. Love it.,2026-05-09_10-23-02_hk_1778314982.fit,190,2026-05-09T08:29:26.000Z,380.000,,135,,,,,,
2026-05-09,training,Postrun Workout,This time it was powerful as I had high heart rate after running. All the Yoga poses father taught me made it a blasting small session. Love it.,2026-05-09_10-23-02_hk_1778314982.fit,191,2026-05-09T08:29:27.000Z,381.000,,135,,,,,,
2026-05-09,training,Postrun Workout,This time it was powerful as I had high heart rate after running. All the Yoga poses father taught me made it a blasting small session. Love it.,2026-05-09_10-23-02_hk_1778314982.fit,192,2026-05-09T08:29:29.000Z,383.000,,135,,,,,,
2026-05-09,training,Postrun Workout,This time it was powerful as I had high heart rate after running. All the Yoga poses father taught me made it a blasting small session. Love it.,2026-05-09_10-23-02_hk_1778314982.fit,193,2026-05-09T08:29:32.000Z,386.000,,135,,,,,,
2026-05-09,training,Postrun Workout,This time it was powerful as I had high heart rate after running. All the Yoga poses father taught me made it a blasting small session. Love it.,2026-05-09_10-23-02_hk_1778314982.fit,194,2026-05-09T08:29:35.000Z,389.000,,125,,,,,,
2026-05-09,training,Postrun Workout,This time it was powerful as I had high heart rate after running. All the Yoga poses father taught me made it a blasting small session. Love it.,2026-05-09_10-23-02_hk_1778314982.fit,195,2026-05-09T08:29:37.000Z,391.000,,125,,,,,,
2026-05-09,training,Postrun Workout,This time it was powerful as I had high heart rate after running. All the Yoga poses father taught me made it a blasting small session. Love it.,2026-05-09_10-23-02_hk_1778314982.fit,196,2026-05-09T08:29:40.000Z,394.000,,122,,,,,,
2026-05-09,training,Postrun Workout,This time it was powerful as I had high heart rate after running. All the Yoga poses father taught me made it a blasting small session. Love it.,2026-05-09_10-23-02_hk_1778314982.fit,197,2026-05-09T08:29:42.000Z,396.000,,122,,,,,,
2026-05-09,training,Postrun Workout,This time it was powerful as I had high heart rate after running. All the Yoga poses father taught me made it a blasting small session. Love it.,2026-05-09_10-23-02_hk_1778314982.fit,198,2026-05-09T08:29:44.000Z,398.000,,122,,,,,,
2026-05-09,training,Postrun Workout,This time it was powerful as I had high heart rate after running. All the Yoga poses father taught me made it a blasting small session. Love it.,2026-05-09_10-23-02_hk_1778314982.fit,199,2026-05-09T08:29:45.000Z,399.000,,122,,,,,,
2026-05-09,training,Postrun Workout,This time it was powerful as I had high heart rate after running. All the Yoga poses father taught me made it a blasting small session. Love it.,2026-05-09_10-23-02_hk_1778314982.fit,200,2026-05-09T08:29:47.000Z,401.000,,122,,,,,,
2026-05-09,training,Postrun Workout,This time it was powerful as I had high heart rate after running. All the Yoga poses father taught me made it a blasting small session. Love it.,2026-05-09_10-23-02_hk_1778314982.fit,201,2026-05-09T08:29:49.000Z,403.000,,126,,,,,,
2026-05-09,training,Postrun Workout,This time it was powerful as I had high heart rate after running. All the Yoga poses father taught me made it a blasting small session. Love it.,2026-05-09_10-23-02_hk_1778314982.fit,202,2026-05-09T08:29:50.000Z,404.000,,126,,,,,,
2026-05-09,training,Postrun Workout,This time it was powerful as I had high heart rate after running. All the Yoga poses father taught me made it a blasting small session. Love it.,2026-05-09_10-23-02_hk_1778314982.fit,203,2026-05-09T08:29:52.000Z,406.000,,126,,,,,,
2026-05-09,training,Postrun Workout,This time it was powerful as I had high heart rate after running. All the Yoga poses father taught me made it a blasting small session. Love it.,2026-05-09_10-23-02_hk_1778314982.fit,204,2026-05-09T08:29:55.000Z,409.000,,132,,,,,,
2026-05-09,training,Postrun Workout,This time it was powerful as I had high heart rate after running. All the Yoga poses father taught me made it a blasting small session. Love it.,2026-05-09_10-23-02_hk_1778314982.fit,205,2026-05-09T08:29:57.000Z,411.000,,134,,,,,,
2026-05-09,training,Postrun Workout,This time it was powerful as I had high heart rate after running. All the Yoga poses father taught me made it a blasting small session. Love it.,2026-05-09_10-23-02_hk_1778314982.fit,206,2026-05-09T08:29:58.000Z,412.000,,134,,,,,,
2026-05-09,training,Postrun Workout,This time it was powerful as I had high heart rate after running. All the Yoga poses father taught me made it a blasting small session. Love it.,2026-05-09_10-23-02_hk_1778314982.fit,207,2026-05-09T08:30:00.000Z,414.000,,134,,,,,,
2026-05-09,training,Postrun Workout,This time it was powerful as I had high heart rate after running. All the Yoga poses father taught me made it a blasting small session. Love it.,2026-05-09_10-23-02_hk_1778314982.fit,208,2026-05-09T08:30:02.000Z,416.000,,136,,,,,,
2026-05-09,training,Postrun Workout,This time it was powerful as I had high heart rate after running. All the Yoga poses father taught me made it a blasting small session. Love it.,2026-05-09_10-23-02_hk_1778314982.fit,209,2026-05-09T08:30:03.000Z,417.000,,136,,,,,,
2026-05-09,training,Postrun Workout,This time it was powerful as I had high heart rate after running. All the Yoga poses father taught me made it a blasting small session. Love it.,2026-05-09_10-23-02_hk_1778314982.fit,210,2026-05-09T08:30:05.000Z,419.000,,136,,,,,,
2026-05-09,training,Postrun Workout,This time it was powerful as I had high heart rate after running. All the Yoga poses father taught me made it a blasting small session. Love it.,2026-05-09_10-23-02_hk_1778314982.fit,211,2026-05-09T08:30:08.000Z,422.000,,136,,,,,,
2026-05-09,training,Postrun Workout,This time it was powerful as I had high heart rate after running. All the Yoga poses father taught me made it a blasting small session. Love it.,2026-05-09_10-23-02_hk_1778314982.fit,212,2026-05-09T08:30:10.000Z,424.000,,132,,,,,,
2026-05-09,training,Postrun Workout,This time it was powerful as I had high heart rate after running. All the Yoga poses father taught me made it a blasting small session. Love it.,2026-05-09_10-23-02_hk_1778314982.fit,213,2026-05-09T08:30:13.000Z,427.000,,132,,,,,,
2026-05-09,training,Postrun Workout,This time it was powerful as I had high heart rate after running. All the Yoga poses father taught me made it a blasting small session. Love it.,2026-05-09_10-23-02_hk_1778314982.fit,214,2026-05-09T08:30:15.000Z,429.000,,126,,,,,,
2026-05-09,training,Postrun Workout,This time it was powerful as I had high heart rate after running. All the Yoga poses father taught me made it a blasting small session. Love it.,2026-05-09_10-23-02_hk_1778314982.fit,215,2026-05-09T08:30:16.000Z,430.000,,126,,,,,,
2026-05-09,training,Postrun Workout,This time it was powerful as I had high heart rate after running. All the Yoga poses father taught me made it a blasting small session. Love it.,2026-05-09_10-23-02_hk_1778314982.fit,216,2026-05-09T08:30:18.000Z,432.000,,126,,,,,,
2026-05-09,training,Postrun Workout,This time it was powerful as I had high heart rate after running. All the Yoga poses father taught me made it a blasting small session. Love it.,2026-05-09_10-23-02_hk_1778314982.fit,217,2026-05-09T08:30:19.000Z,433.000,,125,,,,,,
2026-05-09,training,Postrun Workout,This time it was powerful as I had high heart rate after running. All the Yoga poses father taught me made it a blasting small session. Love it.,2026-05-09_10-23-02_hk_1778314982.fit,218,2026-05-09T08:30:21.000Z,435.000,,125,,,,,,
2026-05-09,training,Postrun Workout,This time it was powerful as I had high heart rate after running. All the Yoga poses father taught me made it a blasting small session. Love it.,2026-05-09_10-23-02_hk_1778314982.fit,219,2026-05-09T08:30:23.000Z,437.000,,125,,,,,,
2026-05-09,training,Postrun Workout,This time it was powerful as I had high heart rate after running. All the Yoga poses father taught me made it a blasting small session. Love it.,2026-05-09_10-23-02_hk_1778314982.fit,220,2026-05-09T08:30:25.000Z,439.000,,125,,,,,,
2026-05-09,training,Postrun Workout,This time it was powerful as I had high heart rate after running. All the Yoga poses father taught me made it a blasting small session. Love it.,2026-05-09_10-23-02_hk_1778314982.fit,221,2026-05-09T08:30:26.000Z,440.000,,125,,,,,,
2026-05-09,training,Postrun Workout,This time it was powerful as I had high heart rate after running. All the Yoga poses father taught me made it a blasting small session. Love it.,2026-05-09_10-23-02_hk_1778314982.fit,222,2026-05-09T08:30:28.000Z,442.000,,125,,,,,,
2026-05-09,training,Postrun Workout,This time it was powerful as I had high heart rate after running. All the Yoga poses father taught me made it a blasting small session. Love it.,2026-05-09_10-23-02_hk_1778314982.fit,223,2026-05-09T08:30:30.000Z,444.000,,125,,,,,,
2026-05-09,training,Postrun Workout,This time it was powerful as I had high heart rate after running. All the Yoga poses father taught me made it a blasting small session. Love it.,2026-05-09_10-23-02_hk_1778314982.fit,224,2026-05-09T08:30:31.000Z,445.000,,125,,,,,,
2026-05-09,training,Postrun Workout,This time it was powerful as I had high heart rate after running. All the Yoga poses father taught me made it a blasting small session. Love it.,2026-05-09_10-23-02_hk_1778314982.fit,225,2026-05-09T08:30:33.000Z,447.000,,125,,,,,,
2026-05-09,training,Postrun Workout,This time it was powerful as I had high heart rate after running. All the Yoga poses father taught me made it a blasting small session. Love it.,2026-05-09_10-23-02_hk_1778314982.fit,226,2026-05-09T08:30:35.000Z,449.000,,127,,,,,,
2026-05-09,training,Postrun Workout,This time it was powerful as I had high heart rate after running. All the Yoga poses father taught me made it a blasting small session. Love it.,2026-05-09_10-23-02_hk_1778314982.fit,227,2026-05-09T08:30:36.000Z,450.000,,127,,,,,,
2026-05-09,training,Postrun Workout,This time it was powerful as I had high heart rate after running. All the Yoga poses father taught me made it a blasting small session. Love it.,2026-05-09_10-23-02_hk_1778314982.fit,228,2026-05-09T08:30:39.000Z,453.000,,127,,,,,,
2026-05-09,training,Postrun Workout,This time it was powerful as I had high heart rate after running. All the Yoga poses father taught me made it a blasting small session. Love it.,2026-05-09_10-23-02_hk_1778314982.fit,229,2026-05-09T08:30:40.000Z,454.000,,131,,,,,,
2026-05-09,training,Postrun Workout,This time it was powerful as I had high heart rate after running. All the Yoga poses father taught me made it a blasting small session. Love it.,2026-05-09_10-23-02_hk_1778314982.fit,230,2026-05-09T08:30:41.000Z,455.000,,131,,,,,,
2026-05-09,training,Postrun Workout,This time it was powerful as I had high heart rate after running. All the Yoga poses father taught me made it a blasting small session. Love it.,2026-05-09_10-23-02_hk_1778314982.fit,231,2026-05-09T08:30:44.000Z,458.000,,131,,,,,,
2026-05-09,training,Postrun Workout,This time it was powerful as I had high heart rate after running. All the Yoga poses father taught me made it a blasting small session. Love it.,2026-05-09_10-23-02_hk_1778314982.fit,232,2026-05-09T08:30:45.000Z,459.000,,134,,,,,,
2026-05-09,training,Postrun Workout,This time it was powerful as I had high heart rate after running. All the Yoga poses father taught me made it a blasting small session. Love it.,2026-05-09_10-23-02_hk_1778314982.fit,233,2026-05-09T08:30:46.000Z,460.000,,134,,,,,,
2026-05-09,training,Postrun Workout,This time it was powerful as I had high heart rate after running. All the Yoga poses father taught me made it a blasting small session. Love it.,2026-05-09_10-23-02_hk_1778314982.fit,234,2026-05-09T08:30:49.000Z,463.000,,135,,,,,,
2026-05-09,training,Postrun Workout,This time it was powerful as I had high heart rate after running. All the Yoga poses father taught me made it a blasting small session. Love it.,2026-05-09_10-23-02_hk_1778314982.fit,235,2026-05-09T08:30:51.000Z,465.000,,135,,,,,,
2026-05-09,training,Postrun Workout,This time it was powerful as I had high heart rate after running. All the Yoga poses father taught me made it a blasting small session. Love it.,2026-05-09_10-23-02_hk_1778314982.fit,236,2026-05-09T08:30:54.000Z,468.000,,135,,,,,,
2026-05-09,training,Postrun Workout,This time it was powerful as I had high heart rate after running. All the Yoga poses father taught me made it a blasting small session. Love it.,2026-05-09_10-23-02_hk_1778314982.fit,237,2026-05-09T08:30:55.000Z,469.000,,130,,,,,,
2026-05-09,training,Postrun Workout,This time it was powerful as I had high heart rate after running. All the Yoga poses father taught me made it a blasting small session. Love it.,2026-05-09_10-23-02_hk_1778314982.fit,238,2026-05-09T08:30:56.000Z,470.000,,130,,,,,,
2026-05-09,training,Postrun Workout,This time it was powerful as I had high heart rate after running. All the Yoga poses father taught me made it a blasting small session. Love it.,2026-05-09_10-23-02_hk_1778314982.fit,239,2026-05-09T08:30:59.000Z,473.000,,128,,,,,,
2026-05-09,training,Postrun Workout,This time it was powerful as I had high heart rate after running. All the Yoga poses father taught me made it a blasting small session. Love it.,2026-05-09_10-23-02_hk_1778314982.fit,240,2026-05-09T08:31:02.000Z,476.000,,128,,,,,,
2026-05-09,training,Postrun Workout,This time it was powerful as I had high heart rate after running. All the Yoga poses father taught me made it a blasting small session. Love it.,2026-05-09_10-23-02_hk_1778314982.fit,241,2026-05-09T08:31:04.000Z,478.000,,133,,,,,,
2026-05-09,training,Postrun Workout,This time it was powerful as I had high heart rate after running. All the Yoga poses father taught me made it a blasting small session. Love it.,2026-05-09_10-23-02_hk_1778314982.fit,242,2026-05-09T08:31:07.000Z,481.000,,133,,,,,,
2026-05-09,training,Postrun Workout,This time it was powerful as I had high heart rate after running. All the Yoga poses father taught me made it a blasting small session. Love it.,2026-05-09_10-23-02_hk_1778314982.fit,243,2026-05-09T08:31:09.000Z,483.000,,134,,,,,,
2026-05-09,training,Postrun Workout,This time it was powerful as I had high heart rate after running. All the Yoga poses father taught me made it a blasting small session. Love it.,2026-05-09_10-23-02_hk_1778314982.fit,244,2026-05-09T08:31:12.000Z,486.000,,134,,,,,,
2026-05-09,training,Postrun Workout,This time it was powerful as I had high heart rate after running. All the Yoga poses father taught me made it a blasting small session. Love it.,2026-05-09_10-23-02_hk_1778314982.fit,245,2026-05-09T08:31:14.000Z,488.000,,134,,,,,,
2026-05-09,training,Postrun Workout,This time it was powerful as I had high heart rate after running. All the Yoga poses father taught me made it a blasting small session. Love it.,2026-05-09_10-23-02_hk_1778314982.fit,246,2026-05-09T08:31:15.000Z,489.000,,129,,,,,,
2026-05-09,training,Postrun Workout,This time it was powerful as I had high heart rate after running. All the Yoga poses father taught me made it a blasting small session. Love it.,2026-05-09_10-23-02_hk_1778314982.fit,247,2026-05-09T08:31:17.000Z,491.000,,129,,,,,,
2026-05-09,training,Postrun Workout,This time it was powerful as I had high heart rate after running. All the Yoga poses father taught me made it a blasting small session. Love it.,2026-05-09_10-23-02_hk_1778314982.fit,248,2026-05-09T08:31:20.000Z,494.000,,127,,,,,,
2026-05-09,training,Postrun Workout,This time it was powerful as I had high heart rate after running. All the Yoga poses father taught me made it a blasting small session. Love it.,2026-05-09_10-23-02_hk_1778314982.fit,249,2026-05-09T08:31:22.000Z,496.000,,127,,,,,,
2026-05-09,training,Postrun Workout,This time it was powerful as I had high heart rate after running. All the Yoga poses father taught me made it a blasting small session. Love it.,2026-05-09_10-23-02_hk_1778314982.fit,250,2026-05-09T08:31:23.000Z,497.000,,126,,,,,,
2026-05-09,training,Postrun Workout,This time it was powerful as I had high heart rate after running. All the Yoga poses father taught me made it a blasting small session. Love it.,2026-05-09_10-23-02_hk_1778314982.fit,251,2026-05-09T08:31:25.000Z,499.000,,126,,,,,,
2026-05-09,training,Postrun Workout,This time it was powerful as I had high heart rate after running. All the Yoga poses father taught me made it a blasting small session. Love it.,2026-05-09_10-23-02_hk_1778314982.fit,252,2026-05-09T08:31:27.000Z,501.000,,126,,,,,,
2026-05-09,training,Postrun Workout,This time it was powerful as I had high heart rate after running. All the Yoga poses father taught me made it a blasting small session. Love it.,2026-05-09_10-23-02_hk_1778314982.fit,253,2026-05-09T08:31:29.000Z,503.000,,128,,,,,,
2026-05-09,training,Postrun Workout,This time it was powerful as I had high heart rate after running. All the Yoga poses father taught me made it a blasting small session. Love it.,2026-05-09_10-23-02_hk_1778314982.fit,254,2026-05-09T08:31:30.000Z,504.000,,128,,,,,,
2026-05-09,training,Postrun Workout,This time it was powerful as I had high heart rate after running. All the Yoga poses father taught me made it a blasting small session. Love it.,2026-05-09_10-23-02_hk_1778314982.fit,255,2026-05-09T08:31:31.000Z,505.000,,128,,,,,,
2026-05-09,training,Postrun Workout,This time it was powerful as I had high heart rate after running. All the Yoga poses father taught me made it a blasting small session. Love it.,2026-05-09_10-23-02_hk_1778314982.fit,256,2026-05-09T08:31:32.000Z,506.000,,128,,,,,,
2026-05-09,training,Postrun Workout,This time it was powerful as I had high heart rate after running. All the Yoga poses father taught me made it a blasting small session. Love it.,2026-05-09_10-23-02_hk_1778314982.fit,257,2026-05-09T08:31:35.000Z,509.000,,128,,,,,,
2026-05-09,training,Postrun Workout,This time it was powerful as I had high heart rate after running. All the Yoga poses father taught me made it a blasting small session. Love it.,2026-05-09_10-23-02_hk_1778314982.fit,258,2026-05-09T08:31:37.000Z,511.000,,128,,,,,,
2026-05-09,training,Postrun Workout,This time it was powerful as I had high heart rate after running. All the Yoga poses father taught me made it a blasting small session. Love it.,2026-05-09_10-23-02_hk_1778314982.fit,259,2026-05-09T08:31:40.000Z,514.000,,128,,,,,,
2026-05-09,training,Postrun Workout,This time it was powerful as I had high heart rate after running. All the Yoga poses father taught me made it a blasting small session. Love it.,2026-05-09_10-23-02_hk_1778314982.fit,260,2026-05-09T08:31:41.000Z,515.000,,126,,,,,,
2026-05-09,training,Postrun Workout,This time it was powerful as I had high heart rate after running. All the Yoga poses father taught me made it a blasting small session. Love it.,2026-05-09_10-23-02_hk_1778314982.fit,261,2026-05-09T08:31:43.000Z,517.000,,126,,,,,,
2026-05-09,training,Postrun Workout,This time it was powerful as I had high heart rate after running. All the Yoga poses father taught me made it a blasting small session. Love it.,2026-05-09_10-23-02_hk_1778314982.fit,262,2026-05-09T08:31:45.000Z,519.000,,126,,,,,,
2026-05-09,training,Postrun Workout,This time it was powerful as I had high heart rate after running. All the Yoga poses father taught me made it a blasting small session. Love it.,2026-05-09_10-23-02_hk_1778314982.fit,263,2026-05-09T08:31:46.000Z,520.000,,126,,,,,,
2026-05-09,training,Postrun Workout,This time it was powerful as I had high heart rate after running. All the Yoga poses father taught me made it a blasting small session. Love it.,2026-05-09_10-23-02_hk_1778314982.fit,264,2026-05-09T08:31:48.000Z,522.000,,126,,,,,,
2026-05-09,training,Postrun Workout,This time it was powerful as I had high heart rate after running. All the Yoga poses father taught me made it a blasting small session. Love it.,2026-05-09_10-23-02_hk_1778314982.fit,265,2026-05-09T08:31:49.000Z,523.000,,127,,,,,,
2026-05-09,training,Postrun Workout,This time it was powerful as I had high heart rate after running. All the Yoga poses father taught me made it a blasting small session. Love it.,2026-05-09_10-23-02_hk_1778314982.fit,266,2026-05-09T08:31:50.000Z,524.000,,127,,,,,,
2026-05-09,training,Postrun Workout,This time it was powerful as I had high heart rate after running. All the Yoga poses father taught me made it a blasting small session. Love it.,2026-05-09_10-23-02_hk_1778314982.fit,267,2026-05-09T08:31:53.000Z,527.000,,127,,,,,,
2026-05-09,training,Postrun Workout,This time it was powerful as I had high heart rate after running. All the Yoga poses father taught me made it a blasting small session. Love it.,2026-05-09_10-23-02_hk_1778314982.fit,268,2026-05-09T08:31:55.000Z,529.000,,127,,,,,,
2026-05-09,training,Postrun Workout,This time it was powerful as I had high heart rate after running. All the Yoga poses father taught me made it a blasting small session. Love it.,2026-05-09_10-23-02_hk_1778314982.fit,269,2026-05-09T08:31:56.000Z,530.000,,126,,,,,,
2026-05-09,training,Postrun Workout,This time it was powerful as I had high heart rate after running. All the Yoga poses father taught me made it a blasting small session. Love it.,2026-05-09_10-23-02_hk_1778314982.fit,270,2026-05-09T08:31:58.000Z,532.000,,126,,,,,,
2026-05-09,training,Postrun Workout,This time it was powerful as I had high heart rate after running. All the Yoga poses father taught me made it a blasting small session. Love it.,2026-05-09_10-23-02_hk_1778314982.fit,271,2026-05-09T08:31:59.000Z,533.000,,125,,,,,,
2026-05-09,training,Postrun Workout,This time it was powerful as I had high heart rate after running. All the Yoga poses father taught me made it a blasting small session. Love it.,2026-05-09_10-23-02_hk_1778314982.fit,272,2026-05-09T08:32:00.000Z,534.000,,125,,,,,,
2026-05-09,training,Postrun Workout,This time it was powerful as I had high heart rate after running. All the Yoga poses father taught me made it a blasting small session. Love it.,2026-05-09_10-23-02_hk_1778314982.fit,273,2026-05-09T08:32:02.000Z,536.000,,126,,,,,,
2026-05-09,training,Postrun Workout,This time it was powerful as I had high heart rate after running. All the Yoga poses father taught me made it a blasting small session. Love it.,2026-05-09_10-23-02_hk_1778314982.fit,274,2026-05-09T08:32:03.000Z,537.000,,126,,,,,,
2026-05-09,training,Postrun Workout,This time it was powerful as I had high heart rate after running. All the Yoga poses father taught me made it a blasting small session. Love it.,2026-05-09_10-23-02_hk_1778314982.fit,275,2026-05-09T08:32:06.000Z,540.000,,126,,,,,,
2026-05-09,training,Postrun Workout,This time it was powerful as I had high heart rate after running. All the Yoga poses father taught me made it a blasting small session. Love it.,2026-05-09_10-23-02_hk_1778314982.fit,276,2026-05-09T08:32:08.000Z,542.000,,126,,,,,,
2026-05-09,training,Postrun Workout,This time it was powerful as I had high heart rate after running. All the Yoga poses father taught me made it a blasting small session. Love it.,2026-05-09_10-23-02_hk_1778314982.fit,277,2026-05-09T08:32:10.000Z,544.000,,118,,,,,,
2026-05-09,training,Postrun Workout,This time it was powerful as I had high heart rate after running. All the Yoga poses father taught me made it a blasting small session. Love it.,2026-05-09_10-23-02_hk_1778314982.fit,278,2026-05-09T08:32:11.000Z,545.000,,118,,,,,,
2026-05-09,training,Postrun Workout,This time it was powerful as I had high heart rate after running. All the Yoga poses father taught me made it a blasting small session. Love it.,2026-05-09_10-23-02_hk_1778314982.fit,279,2026-05-09T08:32:13.000Z,547.000,,118,,,,,,
2026-05-09,training,Postrun Workout,This time it was powerful as I had high heart rate after running. All the Yoga poses father taught me made it a blasting small session. Love it.,2026-05-09_10-23-02_hk_1778314982.fit,280,2026-05-09T08:32:16.000Z,550.000,,124,,,,,,
2026-05-09,training,Postrun Workout,This time it was powerful as I had high heart rate after running. All the Yoga poses father taught me made it a blasting small session. Love it.,2026-05-09_10-23-02_hk_1778314982.fit,281,2026-05-09T08:32:18.000Z,552.000,,124,,,,,,
2026-05-09,training,Postrun Workout,This time it was powerful as I had high heart rate after running. All the Yoga poses father taught me made it a blasting small session. Love it.,2026-05-09_10-23-02_hk_1778314982.fit,282,2026-05-09T08:32:21.000Z,555.000,,121,,,,,,
2026-05-09,training,Postrun Workout,This time it was powerful as I had high heart rate after running. All the Yoga poses father taught me made it a blasting small session. Love it.,2026-05-09_10-23-02_hk_1778314982.fit,283,2026-05-09T08:32:24.000Z,558.000,,121,,,,,,
2026-05-09,training,Postrun Workout,This time it was powerful as I had high heart rate after running. All the Yoga poses father taught me made it a blasting small session. Love it.,2026-05-09_10-23-02_hk_1778314982.fit,284,2026-05-09T08:32:25.000Z,559.000,,123,,,,,,
2026-05-09,training,Postrun Workout,This time it was powerful as I had high heart rate after running. All the Yoga poses father taught me made it a blasting small session. Love it.,2026-05-09_10-23-02_hk_1778314982.fit,285,2026-05-09T08:32:26.000Z,560.000,,123,,,,,,
2026-05-09,training,Postrun Workout,This time it was powerful as I had high heart rate after running. All the Yoga poses father taught me made it a blasting small session. Love it.,2026-05-09_10-23-02_hk_1778314982.fit,286,2026-05-09T08:32:27.000Z,561.000,,122,,,,,,
2026-05-09,training,Postrun Workout,This time it was powerful as I had high heart rate after running. All the Yoga poses father taught me made it a blasting small session. Love it.,2026-05-09_10-23-02_hk_1778314982.fit,287,2026-05-09T08:32:29.000Z,563.000,,122,,,,,,
2026-05-09,training,Postrun Workout,This time it was powerful as I had high heart rate after running. All the Yoga poses father taught me made it a blasting small session. Love it.,2026-05-09_10-23-02_hk_1778314982.fit,288,2026-05-09T08:32:31.000Z,565.000,,122,,,,,,
2026-05-09,training,Postrun Workout,This time it was powerful as I had high heart rate after running. All the Yoga poses father taught me made it a blasting small session. Love it.,2026-05-09_10-23-02_hk_1778314982.fit,289,2026-05-09T08:32:34.000Z,568.000,,122,,,,,,
2026-05-09,training,Postrun Workout,This time it was powerful as I had high heart rate after running. All the Yoga poses father taught me made it a blasting small session. Love it.,2026-05-09_10-23-02_hk_1778314982.fit,290,2026-05-09T08:32:36.000Z,570.000,,124,,,,,,
2026-05-09,training,Postrun Workout,This time it was powerful as I had high heart rate after running. All the Yoga poses father taught me made it a blasting small session. Love it.,2026-05-09_10-23-02_hk_1778314982.fit,291,2026-05-09T08:32:37.000Z,571.000,,123,,,,,,
2026-05-09,training,Postrun Workout,This time it was powerful as I had high heart rate after running. All the Yoga poses father taught me made it a blasting small session. Love it.,2026-05-09_10-23-02_hk_1778314982.fit,292,2026-05-09T08:32:39.000Z,573.000,,123,,,,,,
2026-05-09,training,Postrun Workout,This time it was powerful as I had high heart rate after running. All the Yoga poses father taught me made it a blasting small session. Love it.,2026-05-09_10-23-02_hk_1778314982.fit,293,2026-05-09T08:32:41.000Z,575.000,,123,,,,,,
2026-05-09,training,Postrun Workout,This time it was powerful as I had high heart rate after running. All the Yoga poses father taught me made it a blasting small session. Love it.,2026-05-09_10-23-02_hk_1778314982.fit,294,2026-05-09T08:32:44.000Z,578.000,,123,,,,,,
2026-05-09,training,Postrun Workout,This time it was powerful as I had high heart rate after running. All the Yoga poses father taught me made it a blasting small session. Love it.,2026-05-09_10-23-02_hk_1778314982.fit,295,2026-05-09T08:32:46.000Z,580.000,,123,,,,,,
2026-05-09,training,Postrun Workout,This time it was powerful as I had high heart rate after running. All the Yoga poses father taught me made it a blasting small session. Love it.,2026-05-09_10-23-02_hk_1778314982.fit,296,2026-05-09T08:32:47.000Z,581.000,,123,,,,,,
2026-05-09,training,Postrun Workout,This time it was powerful as I had high heart rate after running. All the Yoga poses father taught me made it a blasting small session. Love it.,2026-05-09_10-23-02_hk_1778314982.fit,297,2026-05-09T08:32:49.000Z,583.000,,123,,,,,,
2026-05-09,training,Postrun Workout,This time it was powerful as I had high heart rate after running. All the Yoga poses father taught me made it a blasting small session. Love it.,2026-05-09_10-23-02_hk_1778314982.fit,298,2026-05-09T08:32:50.000Z,584.000,,124,,,,,,
2026-05-09,training,Postrun Workout,This time it was powerful as I had high heart rate after running. All the Yoga poses father taught me made it a blasting small session. Love it.,2026-05-09_10-23-02_hk_1778314982.fit,299,2026-05-09T08:32:52.000Z,586.000,,124,,,,,,
2026-05-09,training,Postrun Workout,This time it was powerful as I had high heart rate after running. All the Yoga poses father taught me made it a blasting small session. Love it.,2026-05-09_10-23-02_hk_1778314982.fit,300,2026-05-09T08:32:54.000Z,588.000,,124,,,,,,
2026-05-09,training,Postrun Workout,This time it was powerful as I had high heart rate after running. All the Yoga poses father taught me made it a blasting small session. Love it.,2026-05-09_10-23-02_hk_1778314982.fit,301,2026-05-09T08:32:57.000Z,591.000,,124,,,,,,
2026-05-09,training,Postrun Workout,This time it was powerful as I had high heart rate after running. All the Yoga poses father taught me made it a blasting small session. Love it.,2026-05-09_10-23-02_hk_1778314982.fit,302,2026-05-09T08:32:59.000Z,593.000,,124,,,,,,
2026-05-09,training,Postrun Workout,This time it was powerful as I had high heart rate after running. All the Yoga poses father taught me made it a blasting small session. Love it.,2026-05-09_10-23-02_hk_1778314982.fit,303,2026-05-09T08:33:01.000Z,595.000,,123,,,,,,
2026-05-09,training,Postrun Workout,This time it was powerful as I had high heart rate after running. All the Yoga poses father taught me made it a blasting small session. Love it.,2026-05-09_10-23-02_hk_1778314982.fit,304,2026-05-09T08:33:02.000Z,596.000,,122,,,,,,
2026-05-09,training,Postrun Workout,This time it was powerful as I had high heart rate after running. All the Yoga poses father taught me made it a blasting small session. Love it.,2026-05-09_10-23-02_hk_1778314982.fit,305,2026-05-09T08:33:04.000Z,598.000,,122,,,,,,
2026-05-09,training,Postrun Workout,This time it was powerful as I had high heart rate after running. All the Yoga poses father taught me made it a blasting small session. Love it.,2026-05-09_10-23-02_hk_1778314982.fit,306,2026-05-09T08:33:07.000Z,601.000,,122,,,,,,
2026-05-09,training,Postrun Workout,This time it was powerful as I had high heart rate after running. All the Yoga poses father taught me made it a blasting small session. Love it.,2026-05-09_10-23-02_hk_1778314982.fit,307,2026-05-09T08:33:08.000Z,602.000,,124,,,,,,
2026-05-09,training,Postrun Workout,This time it was powerful as I had high heart rate after running. All the Yoga poses father taught me made it a blasting small session. Love it.,2026-05-09_10-23-02_hk_1778314982.fit,308,2026-05-09T08:33:10.000Z,604.000,,124,,,,,,
2026-05-09,training,Postrun Workout,This time it was powerful as I had high heart rate after running. All the Yoga poses father taught me made it a blasting small session. Love it.,2026-05-09_10-23-02_hk_1778314982.fit,309,2026-05-09T08:33:12.000Z,606.000,,128,,,,,,
2026-05-09,training,Postrun Workout,This time it was powerful as I had high heart rate after running. All the Yoga poses father taught me made it a blasting small session. Love it.,2026-05-09_10-23-02_hk_1778314982.fit,310,2026-05-09T08:33:15.000Z,609.000,,128,,,,,,
2026-05-09,training,Postrun Workout,This time it was powerful as I had high heart rate after running. All the Yoga poses father taught me made it a blasting small session. Love it.,2026-05-09_10-23-02_hk_1778314982.fit,311,2026-05-09T08:33:17.000Z,611.000,,128,,,,,,
2026-05-09,training,Postrun Workout,This time it was powerful as I had high heart rate after running. All the Yoga poses father taught me made it a blasting small session. Love it.,2026-05-09_10-23-02_hk_1778314982.fit,312,2026-05-09T08:33:18.000Z,612.000,,126,,,,,,
2026-05-09,training,Postrun Workout,This time it was powerful as I had high heart rate after running. All the Yoga poses father taught me made it a blasting small session. Love it.,2026-05-09_10-23-02_hk_1778314982.fit,313,2026-05-09T08:33:20.000Z,614.000,,126,,,,,,
2026-05-09,training,Postrun Workout,This time it was powerful as I had high heart rate after running. All the Yoga poses father taught me made it a blasting small session. Love it.,2026-05-09_10-23-02_hk_1778314982.fit,314,2026-05-09T08:33:22.000Z,616.000,,126,,,,,,
2026-05-09,training,Postrun Workout,This time it was powerful as I had high heart rate after running. All the Yoga poses father taught me made it a blasting small session. Love it.,2026-05-09_10-23-02_hk_1778314982.fit,315,2026-05-09T08:33:25.000Z,619.000,,126,,,,,,
2026-05-09,training,Postrun Workout,This time it was powerful as I had high heart rate after running. All the Yoga poses father taught me made it a blasting small session. Love it.,2026-05-09_10-23-02_hk_1778314982.fit,316,2026-05-09T08:33:26.000Z,620.000,,122,,,,,,
2026-05-09,training,Postrun Workout,This time it was powerful as I had high heart rate after running. All the Yoga poses father taught me made it a blasting small session. Love it.,2026-05-09_10-23-02_hk_1778314982.fit,317,2026-05-09T08:33:28.000Z,622.000,,122,,,,,,
2026-05-09,training,Postrun Workout,This time it was powerful as I had high heart rate after running. All the Yoga poses father taught me made it a blasting small session. Love it.,2026-05-09_10-23-02_hk_1778314982.fit,318,2026-05-09T08:33:30.000Z,624.000,,122,,,,,,
2026-05-09,training,Postrun Workout,This time it was powerful as I had high heart rate after running. All the Yoga poses father taught me made it a blasting small session. Love it.,2026-05-09_10-23-02_hk_1778314982.fit,319,2026-05-09T08:33:31.000Z,625.000,,118,,,,,,
2026-05-09,training,Postrun Workout,This time it was powerful as I had high heart rate after running. All the Yoga poses father taught me made it a blasting small session. Love it.,2026-05-09_10-23-02_hk_1778314982.fit,320,2026-05-09T08:33:33.000Z,627.000,,118,,,,,,
2026-05-09,training,Postrun Workout,This time it was powerful as I had high heart rate after running. All the Yoga poses father taught me made it a blasting small session. Love it.,2026-05-09_10-23-02_hk_1778314982.fit,321,2026-05-09T08:33:35.000Z,629.000,,118,,,,,,
2026-05-09,training,Postrun Workout,This time it was powerful as I had high heart rate after running. All the Yoga poses father taught me made it a blasting small session. Love it.,2026-05-09_10-23-02_hk_1778314982.fit,322,2026-05-09T08:33:36.000Z,630.000,,116,,,,,,
2026-05-09,training,Postrun Workout,This time it was powerful as I had high heart rate after running. All the Yoga poses father taught me made it a blasting small session. Love it.,2026-05-09_10-23-02_hk_1778314982.fit,323,2026-05-09T08:33:38.000Z,632.000,,116,,,,,,
2026-05-09,training,Postrun Workout,This time it was powerful as I had high heart rate after running. All the Yoga poses father taught me made it a blasting small session. Love it.,2026-05-09_10-23-02_hk_1778314982.fit,324,2026-05-09T08:33:39.000Z,633.000,,115,,,,,,
2026-05-09,training,Postrun Workout,This time it was powerful as I had high heart rate after running. All the Yoga poses father taught me made it a blasting small session. Love it.,2026-05-09_10-23-02_hk_1778314982.fit,325,2026-05-09T08:33:40.000Z,634.000,,115,,,,,,
2026-05-09,training,Postrun Workout,This time it was powerful as I had high heart rate after running. All the Yoga poses father taught me made it a blasting small session. Love it.,2026-05-09_10-23-02_hk_1778314982.fit,326,2026-05-09T08:33:43.000Z,637.000,,115,,,,,,
2026-05-09,training,Postrun Workout,This time it was powerful as I had high heart rate after running. All the Yoga poses father taught me made it a blasting small session. Love it.,2026-05-09_10-23-02_hk_1778314982.fit,327,2026-05-09T08:33:44.000Z,638.000,,113,,,,,,
2026-05-09,training,Postrun Workout,This time it was powerful as I had high heart rate after running. All the Yoga poses father taught me made it a blasting small session. Love it.,2026-05-09_10-23-02_hk_1778314982.fit,328,2026-05-09T08:33:45.000Z,639.000,,113,,,,,,
2026-05-09,training,Postrun Workout,This time it was powerful as I had high heart rate after running. All the Yoga poses father taught me made it a blasting small session. Love it.,2026-05-09_10-23-02_hk_1778314982.fit,329,2026-05-09T08:33:48.000Z,642.000,,113,,,,,,
2026-05-09,training,Postrun Workout,This time it was powerful as I had high heart rate after running. All the Yoga poses father taught me made it a blasting small session. Love it.,2026-05-09_10-23-02_hk_1778314982.fit,330,2026-05-09T08:33:51.000Z,645.000,,113,,,,,,
2026-05-09,training,Postrun Workout,This time it was powerful as I had high heart rate after running. All the Yoga poses father taught me made it a blasting small session. Love it.,2026-05-09_10-23-02_hk_1778314982.fit,331,2026-05-09T08:33:52.000Z,646.000,,114,,,,,,
2026-05-09,training,Postrun Workout,This time it was powerful as I had high heart rate after running. All the Yoga poses father taught me made it a blasting small session. Love it.,2026-05-09_10-23-02_hk_1778314982.fit,332,2026-05-09T08:33:53.000Z,647.000,,114,,,,,,
2026-05-09,training,Postrun Workout,This time it was powerful as I had high heart rate after running. All the Yoga poses father taught me made it a blasting small session. Love it.,2026-05-09_10-23-02_hk_1778314982.fit,333,2026-05-09T08:33:56.000Z,650.000,,114,,,,,,
2026-05-09,training,Postrun Workout,This time it was powerful as I had high heart rate after running. All the Yoga poses father taught me made it a blasting small session. Love it.,2026-05-09_10-23-02_hk_1778314982.fit,334,2026-05-09T08:33:58.000Z,652.000,,114,,,,,,
2026-05-09,training,Postrun Workout,This time it was powerful as I had high heart rate after running. All the Yoga poses father taught me made it a blasting small session. Love it.,2026-05-09_10-23-02_hk_1778314982.fit,335,2026-05-09T08:34:00.000Z,654.000,,122,,,,,,
2026-05-09,training,Postrun Workout,This time it was powerful as I had high heart rate after running. All the Yoga poses father taught me made it a blasting small session. Love it.,2026-05-09_10-23-02_hk_1778314982.fit,336,2026-05-09T08:34:01.000Z,655.000,,122,,,,,,
2026-05-09,training,Postrun Workout,This time it was powerful as I had high heart rate after running. All the Yoga poses father taught me made it a blasting small session. Love it.,2026-05-09_10-23-02_hk_1778314982.fit,337,2026-05-09T08:34:03.000Z,657.000,,124,,,,,,
2026-05-09,training,Postrun Workout,This time it was powerful as I had high heart rate after running. All the Yoga poses father taught me made it a blasting small session. Love it.,2026-05-09_10-23-02_hk_1778314982.fit,338,2026-05-09T08:34:06.000Z,660.000,,124,,,,,,
2026-05-09,training,Postrun Workout,This time it was powerful as I had high heart rate after running. All the Yoga poses father taught me made it a blasting small session. Love it.,2026-05-09_10-23-02_hk_1778314982.fit,339,2026-05-09T08:34:07.000Z,661.000,,127,,,,,,
2026-05-09,training,Postrun Workout,This time it was powerful as I had high heart rate after running. All the Yoga poses father taught me made it a blasting small session. Love it.,2026-05-09_10-23-02_hk_1778314982.fit,340,2026-05-09T08:34:08.000Z,662.000,,127,,,,,,
2026-05-09,training,Postrun Workout,This time it was powerful as I had high heart rate after running. All the Yoga poses father taught me made it a blasting small session. Love it.,2026-05-09_10-23-02_hk_1778314982.fit,341,2026-05-09T08:34:11.000Z,665.000,,127,,,,,,
2026-05-09,training,Postrun Workout,This time it was powerful as I had high heart rate after running. All the Yoga poses father taught me made it a blasting small session. Love it.,2026-05-09_10-23-02_hk_1778314982.fit,342,2026-05-09T08:34:14.000Z,668.000,,127,,,,,,
2026-05-09,training,Postrun Workout,This time it was powerful as I had high heart rate after running. All the Yoga poses father taught me made it a blasting small session. Love it.,2026-05-09_10-23-02_hk_1778314982.fit,343,2026-05-09T08:34:16.000Z,670.000,,121,,,,,,
2026-05-09,training,Postrun Workout,This time it was powerful as I had high heart rate after running. All the Yoga poses father taught me made it a blasting small session. Love it.,2026-05-09_10-23-02_hk_1778314982.fit,344,2026-05-09T08:34:17.000Z,671.000,,121,,,,,,
2026-05-09,training,Postrun Workout,This time it was powerful as I had high heart rate after running. All the Yoga poses father taught me made it a blasting small session. Love it.,2026-05-09_10-23-02_hk_1778314982.fit,345,2026-05-09T08:34:19.000Z,673.000,,121,,,,,,
2026-05-09,training,Postrun Workout,This time it was powerful as I had high heart rate after running. All the Yoga poses father taught me made it a blasting small session. Love it.,2026-05-09_10-23-02_hk_1778314982.fit,346,2026-05-09T08:34:21.000Z,675.000,,121,,,,,,
2026-05-09,training,Postrun Workout,This time it was powerful as I had high heart rate after running. All the Yoga poses father taught me made it a blasting small session. Love it.,2026-05-09_10-23-02_hk_1778314982.fit,347,2026-05-09T08:34:24.000Z,678.000,,121,,,,,,
2026-05-09,training,Postrun Workout,This time it was powerful as I had high heart rate after running. All the Yoga poses father taught me made it a blasting small session. Love it.,2026-05-09_10-23-02_hk_1778314982.fit,348,2026-05-09T08:34:26.000Z,680.000,,121,,,,,,
2026-05-09,training,Postrun Workout,This time it was powerful as I had high heart rate after running. All the Yoga poses father taught me made it a blasting small session. Love it.,2026-05-09_10-23-02_hk_1778314982.fit,349,2026-05-09T08:34:29.000Z,683.000,,121,,,,,,
2026-05-09,training,Postrun Workout,This time it was powerful as I had high heart rate after running. All the Yoga poses father taught me made it a blasting small session. Love it.,2026-05-09_10-23-02_hk_1778314982.fit,350,2026-05-09T08:34:31.000Z,685.000,,109,,,,,,
2026-05-09,training,Postrun Workout,This time it was powerful as I had high heart rate after running. All the Yoga poses father taught me made it a blasting small session. Love it.,2026-05-09_10-23-02_hk_1778314982.fit,351,2026-05-09T08:34:32.000Z,686.000,,108,,,,,,
2026-05-09,training,Postrun Workout,This time it was powerful as I had high heart rate after running. All the Yoga poses father taught me made it a blasting small session. Love it.,2026-05-09_10-23-02_hk_1778314982.fit,352,2026-05-09T08:34:34.000Z,688.000,,108,,,,,,
2026-05-09,training,Postrun Workout,This time it was powerful as I had high heart rate after running. All the Yoga poses father taught me made it a blasting small session. Love it.,2026-05-09_10-23-02_hk_1778314982.fit,353,2026-05-09T08:34:37.000Z,691.000,,113,,,,,,
2026-05-09,training,Postrun Workout,This time it was powerful as I had high heart rate after running. All the Yoga poses father taught me made it a blasting small session. Love it.,2026-05-09_10-23-02_hk_1778314982.fit,354,2026-05-09T08:34:39.000Z,693.000,,113,,,,,,
2026-05-09,training,Postrun Workout,This time it was powerful as I had high heart rate after running. All the Yoga poses father taught me made it a blasting small session. Love it.,2026-05-09_10-23-02_hk_1778314982.fit,355,2026-05-09T08:34:42.000Z,696.000,,113,,,,,,
2026-05-09,training,Postrun Workout,This time it was powerful as I had high heart rate after running. All the Yoga poses father taught me made it a blasting small session. Love it.,2026-05-09_10-23-02_hk_1778314982.fit,356,2026-05-09T08:34:44.000Z,698.000,,113,,,,,,
2026-05-09,training,Postrun Workout,This time it was powerful as I had high heart rate after running. All the Yoga poses father taught me made it a blasting small session. Love it.,2026-05-09_10-23-02_hk_1778314982.fit,357,2026-05-09T08:34:45.000Z,699.000,,119,,,,,,
2026-05-09,training,Postrun Workout,This time it was powerful as I had high heart rate after running. All the Yoga poses father taught me made it a blasting small session. Love it.,2026-05-09_10-23-02_hk_1778314982.fit,358,2026-05-09T08:34:47.000Z,701.000,,119,,,,,,
2026-05-09,training,Postrun Workout,This time it was powerful as I had high heart rate after running. All the Yoga poses father taught me made it a blasting small session. Love it.,2026-05-09_10-23-02_hk_1778314982.fit,359,2026-05-09T08:34:48.000Z,702.000,,117,,,,,,
2026-05-09,training,Postrun Workout,This time it was powerful as I had high heart rate after running. All the Yoga poses father taught me made it a blasting small session. Love it.,2026-05-09_10-23-02_hk_1778314982.fit,360,2026-05-09T08:34:49.000Z,703.000,,117,,,,,,
2026-05-09,training,Postrun Workout,This time it was powerful as I had high heart rate after running. All the Yoga poses father taught me made it a blasting small session. Love it.,2026-05-09_10-23-02_hk_1778314982.fit,361,2026-05-09T08:34:52.000Z,706.000,,117,,,,,,
2026-05-09,training,Postrun Workout,This time it was powerful as I had high heart rate after running. All the Yoga poses father taught me made it a blasting small session. Love it.,2026-05-09_10-23-02_hk_1778314982.fit,362,2026-05-09T08:34:53.000Z,707.000,,119,,,,,,
2026-05-09,training,Postrun Workout,This time it was powerful as I had high heart rate after running. All the Yoga poses father taught me made it a blasting small session. Love it.,2026-05-09_10-23-02_hk_1778314982.fit,363,2026-05-09T08:34:55.000Z,709.000,,119,,,,,,
2026-05-09,training,Postrun Workout,This time it was powerful as I had high heart rate after running. All the Yoga poses father taught me made it a blasting small session. Love it.,2026-05-09_10-23-02_hk_1778314982.fit,364,2026-05-09T08:34:57.000Z,711.000,,123,,,,,,
2026-05-09,training,Postrun Workout,This time it was powerful as I had high heart rate after running. All the Yoga poses father taught me made it a blasting small session. Love it.,2026-05-09_10-23-02_hk_1778314982.fit,365,2026-05-09T08:35:00.000Z,714.000,,123,,,,,,
2026-05-09,training,Postrun Workout,This time it was powerful as I had high heart rate after running. All the Yoga poses father taught me made it a blasting small session. Love it.,2026-05-09_10-23-02_hk_1778314982.fit,366,2026-05-09T08:35:02.000Z,716.000,,123,,,,,,
2026-05-09,training,Postrun Workout,This time it was powerful as I had high heart rate after running. All the Yoga poses father taught me made it a blasting small session. Love it.,2026-05-09_10-23-02_hk_1778314982.fit,367,2026-05-09T08:35:04.000Z,718.000,,124,,,,,,
2026-05-09,training,Postrun Workout,This time it was powerful as I had high heart rate after running. All the Yoga poses father taught me made it a blasting small session. Love it.,2026-05-09_10-23-02_hk_1778314982.fit,368,2026-05-09T08:35:05.000Z,719.000,,124,,,,,,
2026-05-09,training,Postrun Workout,This time it was powerful as I had high heart rate after running. All the Yoga poses father taught me made it a blasting small session. Love it.,2026-05-09_10-23-02_hk_1778314982.fit,369,2026-05-09T08:35:07.000Z,721.000,,124,,,,,,
2026-05-09,training,Postrun Workout,This time it was powerful as I had high heart rate after running. All the Yoga poses father taught me made it a blasting small session. Love it.,2026-05-09_10-23-02_hk_1778314982.fit,370,2026-05-09T08:35:09.000Z,723.000,,126,,,,,,
2026-05-09,training,Postrun Workout,This time it was powerful as I had high heart rate after running. All the Yoga poses father taught me made it a blasting small session. Love it.,2026-05-09_10-23-02_hk_1778314982.fit,371,2026-05-09T08:35:10.000Z,724.000,,126,,,,,,
2026-05-09,training,Postrun Workout,This time it was powerful as I had high heart rate after running. All the Yoga poses father taught me made it a blasting small session. Love it.,2026-05-09_10-23-02_hk_1778314982.fit,372,2026-05-09T08:35:12.000Z,726.000,,130,,,,,,
2026-05-09,training,Postrun Workout,This time it was powerful as I had high heart rate after running. All the Yoga poses father taught me made it a blasting small session. Love it.,2026-05-09_10-23-02_hk_1778314982.fit,373,2026-05-09T08:35:15.000Z,729.000,,130,,,,,,
2026-05-09,training,Postrun Workout,This time it was powerful as I had high heart rate after running. All the Yoga poses father taught me made it a blasting small session. Love it.,2026-05-09_10-23-02_hk_1778314982.fit,374,2026-05-09T08:35:18.000Z,732.000,,130,,,,,,
2026-05-09,training,Postrun Workout,This time it was powerful as I had high heart rate after running. All the Yoga poses father taught me made it a blasting small session. Love it.,2026-05-09_10-23-02_hk_1778314982.fit,375,2026-05-09T08:35:20.000Z,734.000,,130,,,,,,
2026-05-09,training,Postrun Workout,This time it was powerful as I had high heart rate after running. All the Yoga poses father taught me made it a blasting small session. Love it.,2026-05-09_10-23-02_hk_1778314982.fit,376,2026-05-09T08:35:21.000Z,735.000,,113,,,,,,
2026-05-09,training,Postrun Workout,This time it was powerful as I had high heart rate after running. All the Yoga poses father taught me made it a blasting small session. Love it.,2026-05-09_10-23-02_hk_1778314982.fit,377,2026-05-09T08:35:23.000Z,737.000,,113,,,,,,
2026-05-09,training,Postrun Workout,This time it was powerful as I had high heart rate after running. All the Yoga poses father taught me made it a blasting small session. Love it.,2026-05-09_10-23-02_hk_1778314982.fit,378,2026-05-09T08:35:25.000Z,739.000,,113,,,,,,
2026-05-09,training,Postrun Workout,This time it was powerful as I had high heart rate after running. All the Yoga poses father taught me made it a blasting small session. Love it.,2026-05-09_10-23-02_hk_1778314982.fit,379,2026-05-09T08:35:26.000Z,740.000,,110,,,,,,
2026-05-09,training,Postrun Workout,This time it was powerful as I had high heart rate after running. All the Yoga poses father taught me made it a blasting small session. Love it.,2026-05-09_10-23-02_hk_1778314982.fit,380,2026-05-09T08:35:27.000Z,741.000,,108,,,,,,
2026-05-09,training,Postrun Workout,This time it was powerful as I had high heart rate after running. All the Yoga poses father taught me made it a blasting small session. Love it.,2026-05-09_10-23-02_hk_1778314982.fit,381,2026-05-09T08:35:28.000Z,742.000,,108,,,,,,
2026-05-09,training,Postrun Workout,This time it was powerful as I had high heart rate after running. All the Yoga poses father taught me made it a blasting small session. Love it.,2026-05-09_10-23-02_hk_1778314982.fit,382,2026-05-09T08:35:30.000Z,744.000,,108,,,,,,
2026-05-09,training,Postrun Workout,This time it was powerful as I had high heart rate after running. All the Yoga poses father taught me made it a blasting small session. Love it.,2026-05-09_10-23-02_hk_1778314982.fit,383,2026-05-09T08:35:33.000Z,747.000,,108,,,,,,
2026-05-09,training,Postrun Workout,This time it was powerful as I had high heart rate after running. All the Yoga poses father taught me made it a blasting small session. Love it.,2026-05-09_10-23-02_hk_1778314982.fit,384,2026-05-09T08:35:36.000Z,750.000,,105,,,,,,
2026-05-09,training,Postrun Workout,This time it was powerful as I had high heart rate after running. All the Yoga poses father taught me made it a blasting small session. Love it.,2026-05-09_10-23-02_hk_1778314982.fit,385,2026-05-09T08:35:38.000Z,752.000,,104,,,,,,
2026-05-09,training,Postrun Workout,This time it was powerful as I had high heart rate after running. All the Yoga poses father taught me made it a blasting small session. Love it.,2026-05-09_10-23-02_hk_1778314982.fit,386,2026-05-09T08:35:41.000Z,755.000,,104,,,,,,
2026-05-09,training,Postrun Workout,This time it was powerful as I had high heart rate after running. All the Yoga poses father taught me made it a blasting small session. Love it.,2026-05-09_10-23-02_hk_1778314982.fit,387,2026-05-09T08:35:43.000Z,757.000,,104,,,,,,
2026-05-09,training,Postrun Workout,This time it was powerful as I had high heart rate after running. All the Yoga poses father taught me made it a blasting small session. Love it.,2026-05-09_10-23-02_hk_1778314982.fit,388,2026-05-09T08:35:46.000Z,760.000,,99,,,,,,
2026-05-09,training,Postrun Workout,This time it was powerful as I had high heart rate after running. All the Yoga poses father taught me made it a blasting small session. Love it.,2026-05-09_10-23-02_hk_1778314982.fit,389,2026-05-09T08:35:48.000Z,762.000,,99,,,,,,
2026-05-09,training,Postrun Workout,This time it was powerful as I had high heart rate after running. All the Yoga poses father taught me made it a blasting small session. Love it.,2026-05-09_10-23-02_hk_1778314982.fit,390,2026-05-09T08:35:51.000Z,765.000,,99,,,,,,
2026-05-09,training,Postrun Workout,This time it was powerful as I had high heart rate after running. All the Yoga poses father taught me made it a blasting small session. Love it.,2026-05-09_10-23-02_hk_1778314982.fit,391,2026-05-09T08:35:52.000Z,766.000,,100,,,,,,
2026-05-09,training,Postrun Workout,This time it was powerful as I had high heart rate after running. All the Yoga poses father taught me made it a blasting small session. Love it.,2026-05-09_10-23-02_hk_1778314982.fit,392,2026-05-09T08:35:53.000Z,767.000,,100,,,,,,
2026-05-09,training,Postrun Workout,This time it was powerful as I had high heart rate after running. All the Yoga poses father taught me made it a blasting small session. Love it.,2026-05-09_10-23-02_hk_1778314982.fit,393,2026-05-09T08:35:56.000Z,770.000,,100,,,,,,
2026-05-09,training,Postrun Workout,This time it was powerful as I had high heart rate after running. All the Yoga poses father taught me made it a blasting small session. Love it.,2026-05-09_10-23-02_hk_1778314982.fit,394,2026-05-09T08:35:57.000Z,771.000,,103,,,,,,
2026-05-09,training,Postrun Workout,This time it was powerful as I had high heart rate after running. All the Yoga poses father taught me made it a blasting small session. Love it.,2026-05-09_10-23-02_hk_1778314982.fit,395,2026-05-09T08:35:59.000Z,773.000,,103,,,,,,
2026-05-09,training,Postrun Workout,This time it was powerful as I had high heart rate after running. All the Yoga poses father taught me made it a blasting small session. Love it.,2026-05-09_10-23-02_hk_1778314982.fit,396,2026-05-09T08:36:01.000Z,775.000,,103,,,,,,
2026-05-09,training,Postrun Workout,This time it was powerful as I had high heart rate after running. All the Yoga poses father taught me made it a blasting small session. Love it.,2026-05-09_10-23-02_hk_1778314982.fit,397,2026-05-09T08:36:04.000Z,778.000,,103,,,,,,
2026-05-09,training,Postrun Workout,This time it was powerful as I had high heart rate after running. All the Yoga poses father taught me made it a blasting small session. Love it.,2026-05-09_10-23-02_hk_1778314982.fit,398,2026-05-09T08:36:06.000Z,780.000,,102,,,,,,
2026-05-09,training,Postrun Workout,This time it was powerful as I had high heart rate after running. All the Yoga poses father taught me made it a blasting small session. Love it.,2026-05-09_10-23-02_hk_1778314982.fit,399,2026-05-09T08:36:09.000Z,783.000,,102,,,,,,
2026-05-09,training,Postrun Workout,This time it was powerful as I had high heart rate after running. All the Yoga poses father taught me made it a blasting small session. Love it.,2026-05-09_10-23-02_hk_1778314982.fit,400,2026-05-09T08:36:11.000Z,785.000,,98,,,,,,
2026-05-09,training,Postrun Workout,This time it was powerful as I had high heart rate after running. All the Yoga poses father taught me made it a blasting small session. Love it.,2026-05-09_10-23-02_hk_1778314982.fit,401,2026-05-09T08:36:13.000Z,787.000,,98,,,,,,
2026-05-09,training,Postrun Workout,This time it was powerful as I had high heart rate after running. All the Yoga poses father taught me made it a blasting small session. Love it.,2026-05-09_10-23-02_hk_1778314982.fit,402,2026-05-09T08:36:14.000Z,788.000,,98,,,,,,
2026-05-09,training,Postrun Workout,This time it was powerful as I had high heart rate after running. All the Yoga poses father taught me made it a blasting small session. Love it.,2026-05-09_10-23-02_hk_1778314982.fit,403,2026-05-09T08:36:16.000Z,790.000,,98,,,,,,
2026-05-09,training,Postrun Workout,This time it was powerful as I had high heart rate after running. All the Yoga poses father taught me made it a blasting small session. Love it.,2026-05-09_10-23-02_hk_1778314982.fit,404,2026-05-09T08:36:19.000Z,793.000,,98,,,,,,
2026-05-09,training,Postrun Workout,This time it was powerful as I had high heart rate after running. All the Yoga poses father taught me made it a blasting small session. Love it.,2026-05-09_10-23-02_hk_1778314982.fit,405,2026-05-09T08:36:20.000Z,794.000,,102,,,,,,
2026-05-09,training,Postrun Workout,This time it was powerful as I had high heart rate after running. All the Yoga poses father taught me made it a blasting small session. Love it.,2026-05-09_10-23-02_hk_1778314982.fit,406,2026-05-09T08:36:22.000Z,796.000,,102,,,,,,
2026-05-09,training,Postrun Workout,This time it was powerful as I had high heart rate after running. All the Yoga poses father taught me made it a blasting small session. Love it.,2026-05-09_10-23-02_hk_1778314982.fit,407,2026-05-09T08:36:24.000Z,798.000,,102,,,,,,
2026-05-09,training,Postrun Workout,This time it was powerful as I had high heart rate after running. All the Yoga poses father taught me made it a blasting small session. Love it.,2026-05-09_10-23-02_hk_1778314982.fit,408,2026-05-09T08:36:26.000Z,800.000,,100,,,,,,
2026-05-09,training,Postrun Workout,This time it was powerful as I had high heart rate after running. All the Yoga poses father taught me made it a blasting small session. Love it.,2026-05-09_10-23-02_hk_1778314982.fit,409,2026-05-09T08:36:27.000Z,801.000,,100,,,,,,
2026-05-09,training,Postrun Workout,This time it was powerful as I had high heart rate after running. All the Yoga poses father taught me made it a blasting small session. Love it.,2026-05-09_10-23-02_hk_1778314982.fit,410,2026-05-09T08:36:29.000Z,803.000,,100,,,,,,
2026-05-09,training,Postrun Workout,This time it was powerful as I had high heart rate after running. All the Yoga poses father taught me made it a blasting small session. Love it.,2026-05-09_10-23-02_hk_1778314982.fit,411,2026-05-09T08:36:32.000Z,806.000,,100,,,,,,
2026-05-09,training,Postrun Workout,This time it was powerful as I had high heart rate after running. All the Yoga poses father taught me made it a blasting small session. Love it.,2026-05-09_10-23-02_hk_1778314982.fit,412,2026-05-09T08:36:34.000Z,808.000,,100,,,,,,
2026-05-09,training,Postrun Workout,This time it was powerful as I had high heart rate after running. All the Yoga poses father taught me made it a blasting small session. Love it.,2026-05-09_10-23-02_hk_1778314982.fit,413,2026-05-09T08:36:36.000Z,810.000,,108,,,,,,
2026-05-09,training,Postrun Workout,This time it was powerful as I had high heart rate after running. All the Yoga poses father taught me made it a blasting small session. Love it.,2026-05-09_10-23-02_hk_1778314982.fit,414,2026-05-09T08:36:37.000Z,811.000,,108,,,,,,
2026-05-09,training,Postrun Workout,This time it was powerful as I had high heart rate after running. All the Yoga poses father taught me made it a blasting small session. Love it.,2026-05-09_10-23-02_hk_1778314982.fit,415,2026-05-09T08:36:40.000Z,814.000,,108,,,,,,
2026-05-09,training,Postrun Workout,This time it was powerful as I had high heart rate after running. All the Yoga poses father taught me made it a blasting small session. Love it.,2026-05-09_10-23-02_hk_1778314982.fit,416,2026-05-09T08:36:41.000Z,815.000,,101,,,,,,
2026-05-09,training,Postrun Workout,This time it was powerful as I had high heart rate after running. All the Yoga poses father taught me made it a blasting small session. Love it.,2026-05-09_10-23-02_hk_1778314982.fit,417,2026-05-09T08:36:42.000Z,816.000,,101,,,,,,
2026-05-09,training,Postrun Workout,This time it was powerful as I had high heart rate after running. All the Yoga poses father taught me made it a blasting small session. Love it.,2026-05-09_10-23-02_hk_1778314982.fit,418,2026-05-09T08:36:45.000Z,819.000,,101,,,,,,
2026-05-09,training,Postrun Workout,This time it was powerful as I had high heart rate after running. All the Yoga poses father taught me made it a blasting small session. Love it.,2026-05-09_10-23-02_hk_1778314982.fit,419,2026-05-09T08:36:46.000Z,820.000,,102,,,,,,
2026-05-09,training,Postrun Workout,This time it was powerful as I had high heart rate after running. All the Yoga poses father taught me made it a blasting small session. Love it.,2026-05-09_10-23-02_hk_1778314982.fit,420,2026-05-09T08:36:47.000Z,821.000,,102,,,,,,
2026-05-09,training,Postrun Workout,This time it was powerful as I had high heart rate after running. All the Yoga poses father taught me made it a blasting small session. Love it.,2026-05-09_10-23-02_hk_1778314982.fit,421,2026-05-09T08:36:48.000Z,822.000,,102,,,,,,
2026-05-09,training,Postrun Workout,This time it was powerful as I had high heart rate after running. All the Yoga poses father taught me made it a blasting small session. Love it.,2026-05-09_10-23-02_hk_1778314982.fit,422,2026-05-09T08:36:50.000Z,824.000,,102,,,,,,
2026-05-09,training,Postrun Workout,This time it was powerful as I had high heart rate after running. All the Yoga poses father taught me made it a blasting small session. Love it.,2026-05-09_10-23-02_hk_1778314982.fit,423,2026-05-09T08:36:52.000Z,826.000,,102,,,,,,
2026-05-09,training,Postrun Workout,This time it was powerful as I had high heart rate after running. All the Yoga poses father taught me made it a blasting small session. Love it.,2026-05-09_10-23-02_hk_1778314982.fit,424,2026-05-09T08:36:54.000Z,828.000,,100,,,,,,
2026-05-09,training,Postrun Workout,This time it was powerful as I had high heart rate after running. All the Yoga poses father taught me made it a blasting small session. Love it.,2026-05-09_10-23-02_hk_1778314982.fit,425,2026-05-09T08:36:55.000Z,829.000,,100,,,,,,
2026-05-09,training,Postrun Workout,This time it was powerful as I had high heart rate after running. All the Yoga poses father taught me made it a blasting small session. Love it.,2026-05-09_10-23-02_hk_1778314982.fit,426,2026-05-09T08:36:57.000Z,831.000,,100,,,,,,
2026-05-09,training,Postrun Workout,This time it was powerful as I had high heart rate after running. All the Yoga poses father taught me made it a blasting small session. Love it.,2026-05-09_10-23-02_hk_1778314982.fit,427,2026-05-09T08:37:00.000Z,834.000,,101,,,,,,
2026-05-09,training,Postrun Workout,This time it was powerful as I had high heart rate after running. All the Yoga poses father taught me made it a blasting small session. Love it.,2026-05-09_10-23-02_hk_1778314982.fit,428,2026-05-09T08:37:03.000Z,837.000,,101,,,,,,
2026-05-09,training,Postrun Workout,This time it was powerful as I had high heart rate after running. All the Yoga poses father taught me made it a blasting small session. Love it.,2026-05-09_10-23-02_hk_1778314982.fit,429,2026-05-09T08:37:05.000Z,839.000,,101,,,,,,
2026-05-09,training,Postrun Workout,This time it was powerful as I had high heart rate after running. All the Yoga poses father taught me made it a blasting small session. Love it.,2026-05-09_10-23-02_hk_1778314982.fit,430,2026-05-09T08:37:06.000Z,840.000,,101,,,,,,
2026-05-09,training,Postrun Workout,This time it was powerful as I had high heart rate after running. All the Yoga poses father taught me made it a blasting small session. Love it.,2026-05-09_10-23-02_hk_1778314982.fit,431,2026-05-09T08:37:07.000Z,841.000,,101,,,,,,