workout_date,workout_type,title,notes,source_file,record_index,timestamp,elapsed_seconds,distance_m,heart_rate,power,cadence,speed,altitude,latitude,longitude
2026-08-06,Running,Short Morning Run,During last week I have some muscle issue behind my right knee so I did not dare to run. So today I went and it felt better.,2026-08-06_18-04-05_hk_1786032245.fit,1,2026-08-06T16:04:06.000Z,0.000,0.92,,,,,29.96,50.820534,4.402998
2026-08-06,Running,Short Morning Run,During last week I have some muscle issue behind my right knee so I did not dare to run. So today I went and it felt better.,2026-08-06_18-04-05_hk_1786032245.fit,2,2026-08-06T16:04:07.000Z,1.000,2.48,,,,,29.94,50.820534,4.402998
2026-08-06,Running,Short Morning Run,During last week I have some muscle issue behind my right knee so I did not dare to run. So today I went and it felt better.,2026-08-06_18-04-05_hk_1786032245.fit,3,2026-08-06T16:04:08.000Z,2.000,4.03,90,,,,29.91,50.820534,4.403016
2026-08-06,Running,Short Morning Run,During last week I have some muscle issue behind my right knee so I did not dare to run. So today I went and it felt better.,2026-08-06_18-04-05_hk_1786032245.fit,4,2026-08-06T16:04:09.000Z,3.000,5.59,90,,,,29.89,50.820516,4.403016
2026-08-06,Running,Short Morning Run,During last week I have some muscle issue behind my right knee so I did not dare to run. So today I went and it felt better.,2026-08-06_18-04-05_hk_1786032245.fit,5,2026-08-06T16:04:10.000Z,4.000,7.15,90,,,,29.88,50.820498,4.403034
2026-08-06,Running,Short Morning Run,During last week I have some muscle issue behind my right knee so I did not dare to run. So today I went and it felt better.,2026-08-06_18-04-05_hk_1786032245.fit,6,2026-08-06T16:04:11.000Z,5.000,8.7,89,,129,,29.86,50.820498,4.403034
2026-08-06,Running,Short Morning Run,During last week I have some muscle issue behind my right knee so I did not dare to run. So today I went and it felt better.,2026-08-06_18-04-05_hk_1786032245.fit,7,2026-08-06T16:04:12.000Z,6.000,10.26,89,,129,,29.85,50.820462,4.403052
2026-08-06,Running,Short Morning Run,During last week I have some muscle issue behind my right knee so I did not dare to run. So today I went and it felt better.,2026-08-06_18-04-05_hk_1786032245.fit,8,2026-08-06T16:04:13.000Z,7.000,11.81,89,199,129,,29.84,50.820444,4.403052
2026-08-06,Running,Short Morning Run,During last week I have some muscle issue behind my right knee so I did not dare to run. So today I went and it felt better.,2026-08-06_18-04-05_hk_1786032245.fit,9,2026-08-06T16:04:14.000Z,8.000,15.08,89,199,105,,29.84,50.820426,4.40307
2026-08-06,Running,Short Morning Run,During last week I have some muscle issue behind my right knee so I did not dare to run. So today I went and it felt better.,2026-08-06_18-04-05_hk_1786032245.fit,10,2026-08-06T16:04:15.000Z,9.000,18.34,89,189,105,,29.84,50.820408,4.403088
2026-08-06,Running,Short Morning Run,During last week I have some muscle issue behind my right knee so I did not dare to run. So today I went and it felt better.,2026-08-06_18-04-05_hk_1786032245.fit,11,2026-08-06T16:04:16.000Z,10.000,20.58,95,189,105,,29.84,50.820372,4.403106
2026-08-06,Running,Short Morning Run,During last week I have some muscle issue behind my right knee so I did not dare to run. So today I went and it felt better.,2026-08-06_18-04-05_hk_1786032245.fit,12,2026-08-06T16:04:17.000Z,11.000,22.82,95,189,91,,29.84,50.820354,4.403106
2026-08-06,Running,Short Morning Run,During last week I have some muscle issue behind my right knee so I did not dare to run. So today I went and it felt better.,2026-08-06_18-04-05_hk_1786032245.fit,13,2026-08-06T16:04:18.000Z,12.000,25.06,95,193,91,,29.84,50.820336,4.403124
2026-08-06,Running,Short Morning Run,During last week I have some muscle issue behind my right knee so I did not dare to run. So today I went and it felt better.,2026-08-06_18-04-05_hk_1786032245.fit,14,2026-08-06T16:04:19.000Z,13.000,28.87,95,193,91,,29.84,50.8203,4.403142
2026-08-06,Running,Short Morning Run,During last week I have some muscle issue behind my right knee so I did not dare to run. So today I went and it felt better.,2026-08-06_18-04-05_hk_1786032245.fit,15,2026-08-06T16:04:20.000Z,14.000,32.69,95,198,86,,29.85,50.820282,4.40316
2026-08-06,Running,Short Morning Run,During last week I have some muscle issue behind my right knee so I did not dare to run. So today I went and it felt better.,2026-08-06_18-04-05_hk_1786032245.fit,16,2026-08-06T16:04:21.000Z,15.000,35,95,198,86,,29.85,50.820264,4.40316
2026-08-06,Running,Short Morning Run,During last week I have some muscle issue behind my right knee so I did not dare to run. So today I went and it felt better.,2026-08-06_18-04-05_hk_1786032245.fit,17,2026-08-06T16:04:22.000Z,16.000,37.3,101,198,86,,29.86,50.820228,4.403178
2026-08-06,Running,Short Morning Run,During last week I have some muscle issue behind my right knee so I did not dare to run. So today I went and it felt better.,2026-08-06_18-04-05_hk_1786032245.fit,18,2026-08-06T16:04:23.000Z,17.000,39.6,101,202,73,,29.86,50.82021,4.403196
2026-08-06,Running,Short Morning Run,During last week I have some muscle issue behind my right knee so I did not dare to run. So today I went and it felt better.,2026-08-06_18-04-05_hk_1786032245.fit,19,2026-08-06T16:04:24.000Z,18.000,42.81,101,202,73,,29.87,50.820192,4.403196
2026-08-06,Running,Short Morning Run,During last week I have some muscle issue behind my right knee so I did not dare to run. So today I went and it felt better.,2026-08-06_18-04-05_hk_1786032245.fit,20,2026-08-06T16:04:25.000Z,19.000,46.01,101,201,73,,29.87,50.820156,4.403196
2026-08-06,Running,Short Morning Run,During last week I have some muscle issue behind my right knee so I did not dare to run. So today I went and it felt better.,2026-08-06_18-04-05_hk_1786032245.fit,21,2026-08-06T16:04:26.000Z,20.000,48.2,105,201,74,,29.87,50.820138,4.403214
2026-08-06,Running,Short Morning Run,During last week I have some muscle issue behind my right knee so I did not dare to run. So today I went and it felt better.,2026-08-06_18-04-05_hk_1786032245.fit,22,2026-08-06T16:04:27.000Z,21.000,50.39,105,201,74,,29.88,50.82012,4.403214
2026-08-06,Running,Short Morning Run,During last week I have some muscle issue behind my right knee so I did not dare to run. So today I went and it felt better.,2026-08-06_18-04-05_hk_1786032245.fit,23,2026-08-06T16:04:28.000Z,22.000,52.58,105,199,74,2.386,29.88,50.820102,4.403232
2026-08-06,Running,Short Morning Run,During last week I have some muscle issue behind my right knee so I did not dare to run. So today I went and it felt better.,2026-08-06_18-04-05_hk_1786032245.fit,24,2026-08-06T16:04:29.000Z,23.000,54.62,105,199,74,2.409,29.89,50.820084,4.403232
2026-08-06,Running,Short Morning Run,During last week I have some muscle issue behind my right knee so I did not dare to run. So today I went and it felt better.,2026-08-06_18-04-05_hk_1786032245.fit,25,2026-08-06T16:04:30.000Z,24.000,56.66,105,199,74,2.432,29.89,50.820048,4.403232
2026-08-06,Running,Short Morning Run,During last week I have some muscle issue behind my right knee so I did not dare to run. So today I went and it felt better.,2026-08-06_18-04-05_hk_1786032245.fit,26,2026-08-06T16:04:31.000Z,25.000,58.7,105,198,74,2.455,29.89,50.82003,4.403232
2026-08-06,Running,Short Morning Run,During last week I have some muscle issue behind my right knee so I did not dare to run. So today I went and it felt better.,2026-08-06_18-04-05_hk_1786032245.fit,27,2026-08-06T16:04:32.000Z,26.000,61.35,112,198,73,2.554,29.9,50.820012,4.40325
2026-08-06,Running,Short Morning Run,During last week I have some muscle issue behind my right knee so I did not dare to run. So today I went and it felt better.,2026-08-06_18-04-05_hk_1786032245.fit,28,2026-08-06T16:04:33.000Z,27.000,64,112,195,73,2.609,29.9,50.819994,4.40325
2026-08-06,Running,Short Morning Run,During last week I have some muscle issue behind my right knee so I did not dare to run. So today I went and it felt better.,2026-08-06_18-04-05_hk_1786032245.fit,29,2026-08-06T16:04:34.000Z,28.000,66.28,112,195,73,2.56,29.9,50.819976,4.40325
2026-08-06,Running,Short Morning Run,During last week I have some muscle issue behind my right knee so I did not dare to run. So today I went and it felt better.,2026-08-06_18-04-05_hk_1786032245.fit,30,2026-08-06T16:04:35.000Z,29.000,68.57,112,195,76,2.512,29.91,50.81994,4.403268
2026-08-06,Running,Short Morning Run,During last week I have some muscle issue behind my right knee so I did not dare to run. So today I went and it felt better.,2026-08-06_18-04-05_hk_1786032245.fit,31,2026-08-06T16:04:36.000Z,30.000,70.85,116,194,76,2.514,29.91,50.819922,4.403268
2026-08-06,Running,Short Morning Run,During last week I have some muscle issue behind my right knee so I did not dare to run. So today I went and it felt better.,2026-08-06_18-04-05_hk_1786032245.fit,32,2026-08-06T16:04:37.000Z,31.000,74.22,116,194,76,2.57,29.91,50.819904,4.403268
2026-08-06,Running,Short Morning Run,During last week I have some muscle issue behind my right knee so I did not dare to run. So today I went and it felt better.,2026-08-06_18-04-05_hk_1786032245.fit,33,2026-08-06T16:04:38.000Z,32.000,77.58,116,193,73,2.626,29.92,50.819868,4.403286
2026-08-06,Running,Short Morning Run,During last week I have some muscle issue behind my right knee so I did not dare to run. So today I went and it felt better.,2026-08-06_18-04-05_hk_1786032245.fit,34,2026-08-06T16:04:39.000Z,33.000,79.8,116,193,73,2.546,29.92,50.81985,4.403286
2026-08-06,Running,Short Morning Run,During last week I have some muscle issue behind my right knee so I did not dare to run. So today I went and it felt better.,2026-08-06_18-04-05_hk_1786032245.fit,35,2026-08-06T16:04:40.000Z,34.000,82.02,116,193,73,2.531,29.92,50.819832,4.403286
2026-08-06,Running,Short Morning Run,During last week I have some muscle issue behind my right knee so I did not dare to run. So today I went and it felt better.,2026-08-06_18-04-05_hk_1786032245.fit,36,2026-08-06T16:04:41.000Z,35.000,84.24,116,223,74,2.455,29.92,50.819814,4.403286
2026-08-06,Running,Short Morning Run,During last week I have some muscle issue behind my right knee so I did not dare to run. So today I went and it felt better.,2026-08-06_18-04-05_hk_1786032245.fit,37,2026-08-06T16:04:42.000Z,36.000,88.09,116,223,74,2.54,29.92,50.819778,4.403286
2026-08-06,Running,Short Morning Run,During last week I have some muscle issue behind my right knee so I did not dare to run. So today I went and it felt better.,2026-08-06_18-04-05_hk_1786032245.fit,38,2026-08-06T16:04:43.000Z,37.000,91.93,116,224,74,2.617,29.92,50.81976,4.403304
2026-08-06,Running,Short Morning Run,During last week I have some muscle issue behind my right knee so I did not dare to run. So today I went and it felt better.,2026-08-06_18-04-05_hk_1786032245.fit,39,2026-08-06T16:04:44.000Z,38.000,93.9,116,224,75,2.555,29.92,50.819742,4.403304
2026-08-06,Running,Short Morning Run,During last week I have some muscle issue behind my right knee so I did not dare to run. So today I went and it felt better.,2026-08-06_18-04-05_hk_1786032245.fit,40,2026-08-06T16:04:45.000Z,39.000,95.87,116,224,75,2.527,29.92,50.819724,4.403304
2026-08-06,Running,Short Morning Run,During last week I have some muscle issue behind my right knee so I did not dare to run. So today I went and it felt better.,2026-08-06_18-04-05_hk_1786032245.fit,41,2026-08-06T16:04:46.000Z,40.000,97.84,116,223,75,2.468,29.92,50.819688,4.403322
2026-08-06,Running,Short Morning Run,During last week I have some muscle issue behind my right knee so I did not dare to run. So today I went and it felt better.,2026-08-06_18-04-05_hk_1786032245.fit,42,2026-08-06T16:04:47.000Z,41.000,100.78,116,223,73,2.519,29.93,50.81967,4.403322
2026-08-06,Running,Short Morning Run,During last week I have some muscle issue behind my right knee so I did not dare to run. So today I went and it felt better.,2026-08-06_18-04-05_hk_1786032245.fit,43,2026-08-06T16:04:48.000Z,42.000,103.72,116,221,73,2.557,29.93,50.819652,4.403322
2026-08-06,Running,Short Morning Run,During last week I have some muscle issue behind my right knee so I did not dare to run. So today I went and it felt better.,2026-08-06_18-04-05_hk_1786032245.fit,44,2026-08-06T16:04:49.000Z,43.000,105.9,116,221,73,2.564,29.93,50.819634,4.403322
2026-08-06,Running,Short Morning Run,During last week I have some muscle issue behind my right knee so I did not dare to run. So today I went and it felt better.,2026-08-06_18-04-05_hk_1786032245.fit,45,2026-08-06T16:04:50.000Z,44.000,108.08,116,221,76,2.571,29.93,50.819616,4.403322
2026-08-06,Running,Short Morning Run,During last week I have some muscle issue behind my right knee so I did not dare to run. So today I went and it felt better.,2026-08-06_18-04-05_hk_1786032245.fit,46,2026-08-06T16:04:51.000Z,45.000,110.26,116,218,76,2.578,29.93,50.81958,4.403322
2026-08-06,Running,Short Morning Run,During last week I have some muscle issue behind my right knee so I did not dare to run. So today I went and it felt better.,2026-08-06_18-04-05_hk_1786032245.fit,47,2026-08-06T16:04:52.000Z,46.000,112.03,116,218,76,2.534,29.93,50.819562,4.403322
2026-08-06,Running,Short Morning Run,During last week I have some muscle issue behind my right knee so I did not dare to run. So today I went and it felt better.,2026-08-06_18-04-05_hk_1786032245.fit,48,2026-08-06T16:04:53.000Z,47.000,113.79,116,218,73,2.497,29.93,50.819544,4.403322
2026-08-06,Running,Short Morning Run,During last week I have some muscle issue behind my right knee so I did not dare to run. So today I went and it felt better.,2026-08-06_18-04-05_hk_1786032245.fit,49,2026-08-06T16:04:54.000Z,48.000,115.55,116,213,73,2.455,29.93,50.819526,4.403304
2026-08-06,Running,Short Morning Run,During last week I have some muscle issue behind my right knee so I did not dare to run. So today I went and it felt better.,2026-08-06_18-04-05_hk_1786032245.fit,50,2026-08-06T16:04:55.000Z,49.000,119.11,116,213,73,2.527,29.93,50.81949,4.403304
2026-08-06,Running,Short Morning Run,During last week I have some muscle issue behind my right knee so I did not dare to run. So today I went and it felt better.,2026-08-06_18-04-05_hk_1786032245.fit,51,2026-08-06T16:04:56.000Z,50.000,122.66,116,212,73,2.59,29.93,50.819472,4.403304
2026-08-06,Running,Short Morning Run,During last week I have some muscle issue behind my right knee so I did not dare to run. So today I went and it felt better.,2026-08-06_18-04-05_hk_1786032245.fit,52,2026-08-06T16:04:57.000Z,51.000,124.71,116,212,73,2.524,29.93,50.819454,4.403304
2026-08-06,Running,Short Morning Run,During last week I have some muscle issue behind my right knee so I did not dare to run. So today I went and it felt better.,2026-08-06_18-04-05_hk_1786032245.fit,53,2026-08-06T16:04:58.000Z,52.000,126.75,116,212,73,2.502,29.93,50.819436,4.403304
2026-08-06,Running,Short Morning Run,During last week I have some muscle issue behind my right knee so I did not dare to run. So today I went and it felt better.,2026-08-06_18-04-05_hk_1786032245.fit,54,2026-08-06T16:04:59.000Z,53.000,128.8,116,210,73,2.439,29.93,50.8194,4.403304
2026-08-06,Running,Short Morning Run,During last week I have some muscle issue behind my right knee so I did not dare to run. So today I went and it felt better.,2026-08-06_18-04-05_hk_1786032245.fit,55,2026-08-06T16:05:00.000Z,54.000,132.55,116,210,73,2.526,29.93,50.819382,4.403304
2026-08-06,Running,Short Morning Run,During last week I have some muscle issue behind my right knee so I did not dare to run. So today I went and it felt better.,2026-08-06_18-04-05_hk_1786032245.fit,56,2026-08-06T16:05:01.000Z,55.000,136.3,116,210,73,2.603,29.93,50.819364,4.403304
2026-08-06,Running,Short Morning Run,During last week I have some muscle issue behind my right knee so I did not dare to run. So today I went and it felt better.,2026-08-06_18-04-05_hk_1786032245.fit,57,2026-08-06T16:05:02.000Z,56.000,138.36,116,210,73,2.514,29.93,50.819328,4.403304
2026-08-06,Running,Short Morning Run,During last week I have some muscle issue behind my right knee so I did not dare to run. So today I went and it felt better.,2026-08-06_18-04-05_hk_1786032245.fit,58,2026-08-06T16:05:03.000Z,57.000,140.41,131,210,73,2.492,29.93,50.81931,4.403304
2026-08-06,Running,Short Morning Run,During last week I have some muscle issue behind my right knee so I did not dare to run. So today I went and it felt better.,2026-08-06_18-04-05_hk_1786032245.fit,59,2026-08-06T16:05:04.000Z,58.000,142.47,131,212,73,2.406,29.92,50.819292,4.403304
2026-08-06,Running,Short Morning Run,During last week I have some muscle issue behind my right knee so I did not dare to run. So today I went and it felt better.,2026-08-06_18-04-05_hk_1786032245.fit,60,2026-08-06T16:05:05.000Z,59.000,146.88,131,212,75,2.55,29.92,50.819256,4.403304
2026-08-06,Running,Short Morning Run,During last week I have some muscle issue behind my right knee so I did not dare to run. So today I went and it felt better.,2026-08-06_18-04-05_hk_1786032245.fit,61,2026-08-06T16:05:06.000Z,60.000,151.29,131,214,75,2.658,29.92,50.819238,4.403304
2026-08-06,Running,Short Morning Run,During last week I have some muscle issue behind my right knee so I did not dare to run. So today I went and it felt better.,2026-08-06_18-04-05_hk_1786032245.fit,62,2026-08-06T16:05:07.000Z,61.000,153.4,131,214,75,2.631,29.92,50.81922,4.403304
2026-08-06,Running,Short Morning Run,During last week I have some muscle issue behind my right knee so I did not dare to run. So today I went and it felt better.,2026-08-06_18-04-05_hk_1786032245.fit,63,2026-08-06T16:05:08.000Z,62.000,155.51,131,214,76,2.59,29.92,50.819184,4.403304
2026-08-06,Running,Short Morning Run,During last week I have some muscle issue behind my right knee so I did not dare to run. So today I went and it felt better.,2026-08-06_18-04-05_hk_1786032245.fit,64,2026-08-06T16:05:09.000Z,63.000,157.63,131,213,76,2.586,29.91,50.819166,4.403304
2026-08-06,Running,Short Morning Run,During last week I have some muscle issue behind my right knee so I did not dare to run. So today I went and it felt better.,2026-08-06_18-04-05_hk_1786032245.fit,65,2026-08-06T16:05:10.000Z,64.000,159.31,131,213,76,2.561,29.91,50.819148,4.403286
2026-08-06,Running,Short Morning Run,During last week I have some muscle issue behind my right knee so I did not dare to run. So today I went and it felt better.,2026-08-06_18-04-05_hk_1786032245.fit,66,2026-08-06T16:05:11.000Z,65.000,160.99,131,213,73,2.536,29.91,50.81913,4.403286
2026-08-06,Running,Short Morning Run,During last week I have some muscle issue behind my right knee so I did not dare to run. So today I went and it felt better.,2026-08-06_18-04-05_hk_1786032245.fit,67,2026-08-06T16:05:12.000Z,66.000,162.68,131,209,73,2.532,29.91,50.819112,4.403268
2026-08-06,Running,Short Morning Run,During last week I have some muscle issue behind my right knee so I did not dare to run. So today I went and it felt better.,2026-08-06_18-04-05_hk_1786032245.fit,68,2026-08-06T16:05:13.000Z,67.000,165.6,132,209,73,2.634,29.91,50.819076,4.40325
2026-08-06,Running,Short Morning Run,During last week I have some muscle issue behind my right knee so I did not dare to run. So today I went and it felt better.,2026-08-06_18-04-05_hk_1786032245.fit,69,2026-08-06T16:05:14.000Z,68.000,168.52,132,194,73,2.649,29.9,50.819058,4.40325
2026-08-06,Running,Short Morning Run,During last week I have some muscle issue behind my right knee so I did not dare to run. So today I went and it felt better.,2026-08-06_18-04-05_hk_1786032245.fit,70,2026-08-06T16:05:15.000Z,69.000,171.06,132,194,73,2.598,29.9,50.81904,4.403232
2026-08-06,Running,Short Morning Run,During last week I have some muscle issue behind my right knee so I did not dare to run. So today I went and it felt better.,2026-08-06_18-04-05_hk_1786032245.fit,71,2026-08-06T16:05:16.000Z,70.000,173.61,132,194,73,2.547,29.9,50.819022,4.403214
2026-08-06,Running,Short Morning Run,During last week I have some muscle issue behind my right knee so I did not dare to run. So today I went and it felt better.,2026-08-06_18-04-05_hk_1786032245.fit,72,2026-08-06T16:05:17.000Z,71.000,176.15,134,195,73,2.572,29.9,50.819004,4.403196
2026-08-06,Running,Short Morning Run,During last week I have some muscle issue behind my right knee so I did not dare to run. So today I went and it felt better.,2026-08-06_18-04-05_hk_1786032245.fit,73,2026-08-06T16:05:18.000Z,72.000,179.07,134,195,73,2.646,29.9,50.818968,4.403196
2026-08-06,Running,Short Morning Run,During last week I have some muscle issue behind my right knee so I did not dare to run. So today I went and it felt better.,2026-08-06_18-04-05_hk_1786032245.fit,74,2026-08-06T16:05:19.000Z,73.000,181.98,134,194,73,2.659,29.89,50.81895,4.403178
2026-08-06,Running,Short Morning Run,During last week I have some muscle issue behind my right knee so I did not dare to run. So today I went and it felt better.,2026-08-06_18-04-05_hk_1786032245.fit,75,2026-08-06T16:05:20.000Z,74.000,184.24,134,194,73,2.585,29.89,50.818932,4.40316
2026-08-06,Running,Short Morning Run,During last week I have some muscle issue behind my right knee so I did not dare to run. So today I went and it felt better.,2026-08-06_18-04-05_hk_1786032245.fit,76,2026-08-06T16:05:21.000Z,75.000,186.5,135,194,73,2.51,29.89,50.818914,4.403142
2026-08-06,Running,Short Morning Run,During last week I have some muscle issue behind my right knee so I did not dare to run. So today I went and it felt better.,2026-08-06_18-04-05_hk_1786032245.fit,77,2026-08-06T16:05:22.000Z,76.000,188.75,135,196,73,2.52,29.89,50.818896,4.403142
2026-08-06,Running,Short Morning Run,During last week I have some muscle issue behind my right knee so I did not dare to run. So today I went and it felt better.,2026-08-06_18-04-05_hk_1786032245.fit,78,2026-08-06T16:05:23.000Z,77.000,192.11,135,196,75,2.585,29.89,50.818878,4.403124
2026-08-06,Running,Short Morning Run,During last week I have some muscle issue behind my right knee so I did not dare to run. So today I went and it felt better.,2026-08-06_18-04-05_hk_1786032245.fit,79,2026-08-06T16:05:24.000Z,78.000,195.47,135,196,75,2.65,29.88,50.81886,4.403106
2026-08-06,Running,Short Morning Run,During last week I have some muscle issue behind my right knee so I did not dare to run. So today I went and it felt better.,2026-08-06_18-04-05_hk_1786032245.fit,80,2026-08-06T16:05:25.000Z,79.000,197.41,135,196,75,2.527,29.88,50.818824,4.403088
2026-08-06,Running,Short Morning Run,During last week I have some muscle issue behind my right knee so I did not dare to run. So today I went and it felt better.,2026-08-06_18-04-05_hk_1786032245.fit,81,2026-08-06T16:05:26.000Z,80.000,199.36,135,196,74,2.499,29.88,50.818806,4.40307
2026-08-06,Running,Short Morning Run,During last week I have some muscle issue behind my right knee so I did not dare to run. So today I went and it felt better.,2026-08-06_18-04-05_hk_1786032245.fit,82,2026-08-06T16:05:27.000Z,81.000,201.31,135,194,74,2.382,29.88,50.818788,4.403052
2026-08-06,Running,Short Morning Run,During last week I have some muscle issue behind my right knee so I did not dare to run. So today I went and it felt better.,2026-08-06_18-04-05_hk_1786032245.fit,83,2026-08-06T16:05:28.000Z,82.000,204.34,135,194,74,2.426,29.88,50.81877,4.403034
2026-08-06,Running,Short Morning Run,During last week I have some muscle issue behind my right knee so I did not dare to run. So today I went and it felt better.,2026-08-06_18-04-05_hk_1786032245.fit,84,2026-08-06T16:05:29.000Z,83.000,207.37,135,194,73,2.469,29.87,50.818752,4.403016
2026-08-06,Running,Short Morning Run,During last week I have some muscle issue behind my right knee so I did not dare to run. So today I went and it felt better.,2026-08-06_18-04-05_hk_1786032245.fit,85,2026-08-06T16:05:30.000Z,84.000,210,138,194,73,2.535,29.87,50.818734,4.403016
2026-08-06,Running,Short Morning Run,During last week I have some muscle issue behind my right knee so I did not dare to run. So today I went and it felt better.,2026-08-06_18-04-05_hk_1786032245.fit,86,2026-08-06T16:05:31.000Z,85.000,212.63,138,194,73,2.582,29.87,50.818716,4.402998
2026-08-06,Running,Short Morning Run,During last week I have some muscle issue behind my right knee so I did not dare to run. So today I went and it felt better.,2026-08-06_18-04-05_hk_1786032245.fit,87,2026-08-06T16:05:32.000Z,86.000,215.26,138,193,76,2.629,29.87,50.818698,4.40298
2026-08-06,Running,Short Morning Run,During last week I have some muscle issue behind my right knee so I did not dare to run. So today I went and it felt better.,2026-08-06_18-04-05_hk_1786032245.fit,88,2026-08-06T16:05:33.000Z,87.000,217.19,138,193,76,2.58,29.87,50.81868,4.40298
2026-08-06,Running,Short Morning Run,During last week I have some muscle issue behind my right knee so I did not dare to run. So today I went and it felt better.,2026-08-06_18-04-05_hk_1786032245.fit,89,2026-08-06T16:05:34.000Z,88.000,219.12,138,193,76,2.53,29.87,50.818644,4.402962
2026-08-06,Running,Short Morning Run,During last week I have some muscle issue behind my right knee so I did not dare to run. So today I went and it felt better.,2026-08-06_18-04-05_hk_1786032245.fit,90,2026-08-06T16:05:35.000Z,89.000,221.05,138,191,73,2.501,29.87,50.818626,4.402944
2026-08-06,Running,Short Morning Run,During last week I have some muscle issue behind my right knee so I did not dare to run. So today I went and it felt better.,2026-08-06_18-04-05_hk_1786032245.fit,91,2026-08-06T16:05:36.000Z,90.000,224.39,138,191,73,2.539,29.86,50.818608,4.402926
2026-08-06,Running,Short Morning Run,During last week I have some muscle issue behind my right knee so I did not dare to run. So today I went and it felt better.,2026-08-06_18-04-05_hk_1786032245.fit,92,2026-08-06T16:05:37.000Z,91.000,227.72,139,192,73,2.579,29.86,50.81859,4.402926
2026-08-06,Running,Short Morning Run,During last week I have some muscle issue behind my right knee so I did not dare to run. So today I went and it felt better.,2026-08-06_18-04-05_hk_1786032245.fit,93,2026-08-06T16:05:38.000Z,92.000,229.94,139,192,75,2.544,29.86,50.818572,4.402908
2026-08-06,Running,Short Morning Run,During last week I have some muscle issue behind my right knee so I did not dare to run. So today I went and it felt better.,2026-08-06_18-04-05_hk_1786032245.fit,94,2026-08-06T16:05:39.000Z,93.000,232.16,139,192,75,2.509,29.86,50.818554,4.40289
2026-08-06,Running,Short Morning Run,During last week I have some muscle issue behind my right knee so I did not dare to run. So today I went and it felt better.,2026-08-06_18-04-05_hk_1786032245.fit,95,2026-08-06T16:05:40.000Z,94.000,234.38,139,191,75,2.507,29.86,50.818536,4.40289
2026-08-06,Running,Short Morning Run,During last week I have some muscle issue behind my right knee so I did not dare to run. So today I went and it felt better.,2026-08-06_18-04-05_hk_1786032245.fit,96,2026-08-06T16:05:41.000Z,95.000,237.57,139,191,74,2.554,29.86,50.8185,4.402872
2026-08-06,Running,Short Morning Run,During last week I have some muscle issue behind my right knee so I did not dare to run. So today I went and it felt better.,2026-08-06_18-04-05_hk_1786032245.fit,97,2026-08-06T16:05:42.000Z,96.000,240.76,139,192,74,2.601,29.86,50.818482,4.402854
2026-08-06,Running,Short Morning Run,During last week I have some muscle issue behind my right knee so I did not dare to run. So today I went and it felt better.,2026-08-06_18-04-05_hk_1786032245.fit,98,2026-08-06T16:05:43.000Z,97.000,242.82,139,192,74,2.535,29.86,50.818464,4.402854
2026-08-06,Running,Short Morning Run,During last week I have some muscle issue behind my right knee so I did not dare to run. So today I went and it felt better.,2026-08-06_18-04-05_hk_1786032245.fit,99,2026-08-06T16:05:44.000Z,98.000,244.87,143,192,73,2.512,29.86,50.818446,4.402836
2026-08-06,Running,Short Morning Run,During last week I have some muscle issue behind my right knee so I did not dare to run. So today I went and it felt better.,2026-08-06_18-04-05_hk_1786032245.fit,100,2026-08-06T16:05:45.000Z,99.000,246.92,143,192,73,2.45,29.86,50.818428,4.402818
2026-08-06,Running,Short Morning Run,During last week I have some muscle issue behind my right knee so I did not dare to run. So today I went and it felt better.,2026-08-06_18-04-05_hk_1786032245.fit,101,2026-08-06T16:05:46.000Z,100.000,249.74,143,192,73,2.519,29.86,50.81841,4.4028
2026-08-06,Running,Short Morning Run,During last week I have some muscle issue behind my right knee so I did not dare to run. So today I went and it felt better.,2026-08-06_18-04-05_hk_1786032245.fit,102,2026-08-06T16:05:47.000Z,101.000,252.55,143,190,73,2.562,29.86,50.818392,4.402782
2026-08-06,Running,Short Morning Run,During last week I have some muscle issue behind my right knee so I did not dare to run. So today I went and it felt better.,2026-08-06_18-04-05_hk_1786032245.fit,103,2026-08-06T16:05:48.000Z,102.000,254.82,143,190,73,2.524,29.85,50.818374,4.402764
2026-08-06,Running,Short Morning Run,During last week I have some muscle issue behind my right knee so I did not dare to run. So today I went and it felt better.,2026-08-06_18-04-05_hk_1786032245.fit,104,2026-08-06T16:05:49.000Z,103.000,257.09,143,190,73,2.512,29.85,50.818356,4.402764
2026-08-06,Running,Short Morning Run,During last week I have some muscle issue behind my right knee so I did not dare to run. So today I went and it felt better.,2026-08-06_18-04-05_hk_1786032245.fit,105,2026-08-06T16:05:50.000Z,104.000,259.36,143,189,73,2.476,29.85,50.818338,4.402746
2026-08-06,Running,Short Morning Run,During last week I have some muscle issue behind my right knee so I did not dare to run. So today I went and it felt better.,2026-08-06_18-04-05_hk_1786032245.fit,106,2026-08-06T16:05:51.000Z,105.000,262.75,143,189,73,2.506,29.85,50.81832,4.402728
2026-08-06,Running,Short Morning Run,During last week I have some muscle issue behind my right knee so I did not dare to run. So today I went and it felt better.,2026-08-06_18-04-05_hk_1786032245.fit,107,2026-08-06T16:05:52.000Z,106.000,266.14,142,189,73,2.544,29.85,50.818302,4.40271
2026-08-06,Running,Short Morning Run,During last week I have some muscle issue behind my right knee so I did not dare to run. So today I went and it felt better.,2026-08-06_18-04-05_hk_1786032245.fit,108,2026-08-06T16:05:53.000Z,107.000,268.28,142,189,73,2.554,29.85,50.818266,4.402692
2026-08-06,Running,Short Morning Run,During last week I have some muscle issue behind my right knee so I did not dare to run. So today I went and it felt better.,2026-08-06_18-04-05_hk_1786032245.fit,109,2026-08-06T16:05:54.000Z,108.000,270.41,142,189,73,2.564,29.85,50.818248,4.402674
2026-08-06,Running,Short Morning Run,During last week I have some muscle issue behind my right knee so I did not dare to run. So today I went and it felt better.,2026-08-06_18-04-05_hk_1786032245.fit,110,2026-08-06T16:05:55.000Z,109.000,272.55,142,189,73,2.575,29.84,50.81823,4.402656
2026-08-06,Running,Short Morning Run,During last week I have some muscle issue behind my right knee so I did not dare to run. So today I went and it felt better.,2026-08-06_18-04-05_hk_1786032245.fit,111,2026-08-06T16:05:56.000Z,110.000,274.52,142,189,73,2.506,29.84,50.818212,4.402638
2026-08-06,Running,Short Morning Run,During last week I have some muscle issue behind my right knee so I did not dare to run. So today I went and it felt better.,2026-08-06_18-04-05_hk_1786032245.fit,112,2026-08-06T16:05:57.000Z,111.000,276.48,142,189,73,2.481,29.84,50.818194,4.40262
2026-08-06,Running,Short Morning Run,During last week I have some muscle issue behind my right knee so I did not dare to run. So today I went and it felt better.,2026-08-06_18-04-05_hk_1786032245.fit,113,2026-08-06T16:05:58.000Z,112.000,278.45,144,188,73,2.416,29.83,50.818176,4.402602
2026-08-06,Running,Short Morning Run,During last week I have some muscle issue behind my right knee so I did not dare to run. So today I went and it felt better.,2026-08-06_18-04-05_hk_1786032245.fit,114,2026-08-06T16:05:59.000Z,113.000,282.07,144,188,73,2.482,29.83,50.818158,4.402584
2026-08-06,Running,Short Morning Run,During last week I have some muscle issue behind my right knee so I did not dare to run. So today I went and it felt better.,2026-08-06_18-04-05_hk_1786032245.fit,115,2026-08-06T16:06:00.000Z,114.000,285.7,144,187,73,2.566,29.82,50.81814,4.402566
2026-08-06,Running,Short Morning Run,During last week I have some muscle issue behind my right knee so I did not dare to run. So today I went and it felt better.,2026-08-06_18-04-05_hk_1786032245.fit,116,2026-08-06T16:06:01.000Z,115.000,287.89,144,187,73,2.516,29.82,50.818122,4.402548
2026-08-06,Running,Short Morning Run,During last week I have some muscle issue behind my right knee so I did not dare to run. So today I went and it felt better.,2026-08-06_18-04-05_hk_1786032245.fit,117,2026-08-06T16:06:02.000Z,116.000,290.09,144,187,73,2.501,29.81,50.818104,4.40253
2026-08-06,Running,Short Morning Run,During last week I have some muscle issue behind my right knee so I did not dare to run. So today I went and it felt better.,2026-08-06_18-04-05_hk_1786032245.fit,118,2026-08-06T16:06:03.000Z,117.000,292.28,144,190,73,2.453,29.81,50.818068,4.402512
2026-08-06,Running,Short Morning Run,During last week I have some muscle issue behind my right knee so I did not dare to run. So today I went and it felt better.,2026-08-06_18-04-05_hk_1786032245.fit,119,2026-08-06T16:06:04.000Z,118.000,295.12,144,190,73,2.513,29.81,50.81805,4.402494
2026-08-06,Running,Short Morning Run,During last week I have some muscle issue behind my right knee so I did not dare to run. So today I went and it felt better.,2026-08-06_18-04-05_hk_1786032245.fit,120,2026-08-06T16:06:05.000Z,119.000,297.96,145,188,73,2.552,29.8,50.818032,4.402476
2026-08-06,Running,Short Morning Run,During last week I have some muscle issue behind my right knee so I did not dare to run. So today I went and it felt better.,2026-08-06_18-04-05_hk_1786032245.fit,121,2026-08-06T16:06:06.000Z,120.000,300.35,145,188,73,2.531,29.8,50.818014,4.402458
2026-08-06,Running,Short Morning Run,During last week I have some muscle issue behind my right knee so I did not dare to run. So today I went and it felt better.,2026-08-06_18-04-05_hk_1786032245.fit,122,2026-08-06T16:06:07.000Z,121.000,302.74,145,188,73,2.509,29.79,50.817996,4.40244
2026-08-06,Running,Short Morning Run,During last week I have some muscle issue behind my right knee so I did not dare to run. So today I went and it felt better.,2026-08-06_18-04-05_hk_1786032245.fit,123,2026-08-06T16:06:08.000Z,122.000,305.13,145,188,75,2.515,29.79,50.817978,4.402404
2026-08-06,Running,Short Morning Run,During last week I have some muscle issue behind my right knee so I did not dare to run. So today I went and it felt better.,2026-08-06_18-04-05_hk_1786032245.fit,124,2026-08-06T16:06:09.000Z,123.000,308.46,145,188,75,2.569,29.78,50.81796,4.402386
2026-08-06,Running,Short Morning Run,During last week I have some muscle issue behind my right knee so I did not dare to run. So today I went and it felt better.,2026-08-06_18-04-05_hk_1786032245.fit,125,2026-08-06T16:06:10.000Z,124.000,311.8,145,147,75,2.622,29.78,50.817942,4.40235
2026-08-06,Running,Short Morning Run,During last week I have some muscle issue behind my right knee so I did not dare to run. So today I went and it felt better.,2026-08-06_18-04-05_hk_1786032245.fit,126,2026-08-06T16:06:11.000Z,125.000,314.01,146,147,73,2.563,29.77,50.817924,4.402332
2026-08-06,Running,Short Morning Run,During last week I have some muscle issue behind my right knee so I did not dare to run. So today I went and it felt better.,2026-08-06_18-04-05_hk_1786032245.fit,127,2026-08-06T16:06:12.000Z,126.000,316.22,146,147,73,2.504,29.77,50.817906,4.402296
2026-08-06,Running,Short Morning Run,During last week I have some muscle issue behind my right knee so I did not dare to run. So today I went and it felt better.,2026-08-06_18-04-05_hk_1786032245.fit,128,2026-08-06T16:06:13.000Z,127.000,318.43,146,148,73,2.508,29.76,50.817888,4.402278
2026-08-06,Running,Short Morning Run,During last week I have some muscle issue behind my right knee so I did not dare to run. So today I went and it felt better.,2026-08-06_18-04-05_hk_1786032245.fit,129,2026-08-06T16:06:14.000Z,128.000,321.02,146,148,75,2.531,29.76,50.817888,4.402242
2026-08-06,Running,Short Morning Run,During last week I have some muscle issue behind my right knee so I did not dare to run. So today I went and it felt better.,2026-08-06_18-04-05_hk_1786032245.fit,130,2026-08-06T16:06:15.000Z,129.000,323.62,146,148,75,2.554,29.76,50.81787,4.402224
2026-08-06,Running,Short Morning Run,During last week I have some muscle issue behind my right knee so I did not dare to run. So today I went and it felt better.,2026-08-06_18-04-05_hk_1786032245.fit,131,2026-08-06T16:06:16.000Z,130.000,326.21,146,160,75,2.585,29.76,50.817852,4.402188
2026-08-06,Running,Short Morning Run,During last week I have some muscle issue behind my right knee so I did not dare to run. So today I went and it felt better.,2026-08-06_18-04-05_hk_1786032245.fit,132,2026-08-06T16:06:17.000Z,131.000,329.38,146,160,74,2.68,29.75,50.817834,4.402152
2026-08-06,Running,Short Morning Run,During last week I have some muscle issue behind my right knee so I did not dare to run. So today I went and it felt better.,2026-08-06_18-04-05_hk_1786032245.fit,133,2026-08-06T16:06:18.000Z,132.000,332.55,146,173,74,2.656,29.75,50.817816,4.402134
2026-08-06,Running,Short Morning Run,During last week I have some muscle issue behind my right knee so I did not dare to run. So today I went and it felt better.,2026-08-06_18-04-05_hk_1786032245.fit,134,2026-08-06T16:06:19.000Z,133.000,334.4,146,173,74,2.616,29.75,50.817816,4.402098
2026-08-06,Running,Short Morning Run,During last week I have some muscle issue behind my right knee so I did not dare to run. So today I went and it felt better.,2026-08-06_18-04-05_hk_1786032245.fit,135,2026-08-06T16:06:20.000Z,134.000,336.26,148,173,73,2.528,29.75,50.817798,4.40208
2026-08-06,Running,Short Morning Run,During last week I have some muscle issue behind my right knee so I did not dare to run. So today I went and it felt better.,2026-08-06_18-04-05_hk_1786032245.fit,136,2026-08-06T16:06:21.000Z,135.000,338.11,148,172,73,2.511,29.74,50.81778,4.402044
2026-08-06,Running,Short Morning Run,During last week I have some muscle issue behind my right knee so I did not dare to run. So today I went and it felt better.,2026-08-06_18-04-05_hk_1786032245.fit,137,2026-08-06T16:06:22.000Z,136.000,342.01,148,172,73,2.596,29.74,50.817762,4.402026
2026-08-06,Running,Short Morning Run,During last week I have some muscle issue behind my right knee so I did not dare to run. So today I went and it felt better.,2026-08-06_18-04-05_hk_1786032245.fit,138,2026-08-06T16:06:23.000Z,137.000,345.9,148,173,76,2.673,29.74,50.817762,4.40199
2026-08-06,Running,Short Morning Run,During last week I have some muscle issue behind my right knee so I did not dare to run. So today I went and it felt better.,2026-08-06_18-04-05_hk_1786032245.fit,139,2026-08-06T16:06:24.000Z,138.000,347.14,148,173,76,2.601,29.74,50.817744,4.401972
2026-08-06,Running,Short Morning Run,During last week I have some muscle issue behind my right knee so I did not dare to run. So today I went and it felt better.,2026-08-06_18-04-05_hk_1786032245.fit,140,2026-08-06T16:06:25.000Z,139.000,348.38,148,173,76,2.521,29.73,50.817726,4.401936
2026-08-06,Running,Short Morning Run,During last week I have some muscle issue behind my right knee so I did not dare to run. So today I went and it felt better.,2026-08-06_18-04-05_hk_1786032245.fit,141,2026-08-06T16:06:26.000Z,140.000,349.62,148,172,73,2.46,29.73,50.817708,4.401918
2026-08-06,Running,Short Morning Run,During last week I have some muscle issue behind my right knee so I did not dare to run. So today I went and it felt better.,2026-08-06_18-04-05_hk_1786032245.fit,142,2026-08-06T16:06:27.000Z,141.000,350.86,148,172,73,2.405,29.73,50.81769,4.401882
2026-08-06,Running,Short Morning Run,During last week I have some muscle issue behind my right knee so I did not dare to run. So today I went and it felt better.,2026-08-06_18-04-05_hk_1786032245.fit,143,2026-08-06T16:06:28.000Z,142.000,352.09,147,173,73,2.352,29.73,50.817672,4.401864
2026-08-06,Running,Short Morning Run,During last week I have some muscle issue behind my right knee so I did not dare to run. So today I went and it felt better.,2026-08-06_18-04-05_hk_1786032245.fit,144,2026-08-06T16:06:29.000Z,143.000,354.5,147,173,75,2.353,29.72,50.817654,4.401828
2026-08-06,Running,Short Morning Run,During last week I have some muscle issue behind my right knee so I did not dare to run. So today I went and it felt better.,2026-08-06_18-04-05_hk_1786032245.fit,145,2026-08-06T16:06:30.000Z,144.000,356.9,147,173,75,2.353,29.72,50.817636,4.40181
2026-08-06,Running,Short Morning Run,During last week I have some muscle issue behind my right knee so I did not dare to run. So today I went and it felt better.,2026-08-06_18-04-05_hk_1786032245.fit,146,2026-08-06T16:06:31.000Z,145.000,359.3,147,173,75,2.311,29.72,50.817636,4.401774
2026-08-06,Running,Short Morning Run,During last week I have some muscle issue behind my right knee so I did not dare to run. So today I went and it felt better.,2026-08-06_18-04-05_hk_1786032245.fit,147,2026-08-06T16:06:32.000Z,146.000,362.22,147,173,74,2.292,29.72,50.817618,4.401756
2026-08-06,Running,Short Morning Run,During last week I have some muscle issue behind my right knee so I did not dare to run. So today I went and it felt better.,2026-08-06_18-04-05_hk_1786032245.fit,148,2026-08-06T16:06:33.000Z,147.000,365.14,147,172,74,2.324,29.71,50.8176,4.40172
2026-08-06,Running,Short Morning Run,During last week I have some muscle issue behind my right knee so I did not dare to run. So today I went and it felt better.,2026-08-06_18-04-05_hk_1786032245.fit,149,2026-08-06T16:06:34.000Z,148.000,367.23,148,172,74,2.318,29.71,50.817582,4.401702
2026-08-06,Running,Short Morning Run,During last week I have some muscle issue behind my right knee so I did not dare to run. So today I went and it felt better.,2026-08-06_18-04-05_hk_1786032245.fit,150,2026-08-06T16:06:35.000Z,149.000,369.31,148,172,73,2.313,29.71,50.817582,4.401666
2026-08-06,Running,Short Morning Run,During last week I have some muscle issue behind my right knee so I did not dare to run. So today I went and it felt better.,2026-08-06_18-04-05_hk_1786032245.fit,151,2026-08-06T16:06:36.000Z,150.000,371.4,148,173,73,2.29,29.71,50.817564,4.401648
2026-08-06,Running,Short Morning Run,During last week I have some muscle issue behind my right knee so I did not dare to run. So today I went and it felt better.,2026-08-06_18-04-05_hk_1786032245.fit,152,2026-08-06T16:06:37.000Z,151.000,373.73,148,173,73,2.278,29.71,50.817546,4.401612
2026-08-06,Running,Short Morning Run,During last week I have some muscle issue behind my right knee so I did not dare to run. So today I went and it felt better.,2026-08-06_18-04-05_hk_1786032245.fit,153,2026-08-06T16:06:38.000Z,152.000,376.05,148,173,76,2.28,29.71,50.817546,4.401576
2026-08-06,Running,Short Morning Run,During last week I have some muscle issue behind my right knee so I did not dare to run. So today I went and it felt better.,2026-08-06_18-04-05_hk_1786032245.fit,154,2026-08-06T16:06:39.000Z,153.000,378.38,148,173,76,2.268,29.71,50.817528,4.401558
2026-08-06,Running,Short Morning Run,During last week I have some muscle issue behind my right knee so I did not dare to run. So today I went and it felt better.,2026-08-06_18-04-05_hk_1786032245.fit,155,2026-08-06T16:06:40.000Z,154.000,381.83,148,173,76,2.28,29.7,50.81751,4.401522
2026-08-06,Running,Short Morning Run,During last week I have some muscle issue behind my right knee so I did not dare to run. So today I went and it felt better.,2026-08-06_18-04-05_hk_1786032245.fit,156,2026-08-06T16:06:41.000Z,155.000,385.28,148,176,74,2.313,29.7,50.817492,4.401486
2026-08-06,Running,Short Morning Run,During last week I have some muscle issue behind my right knee so I did not dare to run. So today I went and it felt better.,2026-08-06_18-04-05_hk_1786032245.fit,157,2026-08-06T16:06:42.000Z,156.000,387.69,148,176,74,2.338,29.7,50.817492,4.40145
2026-08-06,Running,Short Morning Run,During last week I have some muscle issue behind my right knee so I did not dare to run. So today I went and it felt better.,2026-08-06_18-04-05_hk_1786032245.fit,158,2026-08-06T16:06:43.000Z,157.000,390.1,148,176,74,2.363,29.7,50.817474,4.401414
2026-08-06,Running,Short Morning Run,During last week I have some muscle issue behind my right knee so I did not dare to run. So today I went and it felt better.,2026-08-06_18-04-05_hk_1786032245.fit,159,2026-08-06T16:06:44.000Z,158.000,392.5,148,176,76,2.295,29.7,50.817456,4.401396
2026-08-06,Running,Short Morning Run,During last week I have some muscle issue behind my right knee so I did not dare to run. So today I went and it felt better.,2026-08-06_18-04-05_hk_1786032245.fit,160,2026-08-06T16:06:45.000Z,159.000,396.02,145,176,76,2.278,29.7,50.817456,4.40136
2026-08-06,Running,Short Morning Run,During last week I have some muscle issue behind my right knee so I did not dare to run. So today I went and it felt better.,2026-08-06_18-04-05_hk_1786032245.fit,161,2026-08-06T16:06:46.000Z,160.000,399.54,145,180,76,2.436,29.69,50.817438,4.401324
2026-08-06,Running,Short Morning Run,During last week I have some muscle issue behind my right knee so I did not dare to run. So today I went and it felt better.,2026-08-06_18-04-05_hk_1786032245.fit,162,2026-08-06T16:06:47.000Z,161.000,401.65,145,180,75,2.54,29.69,50.81742,4.401306
2026-08-06,Running,Short Morning Run,During last week I have some muscle issue behind my right knee so I did not dare to run. So today I went and it felt better.,2026-08-06_18-04-05_hk_1786032245.fit,163,2026-08-06T16:06:48.000Z,162.000,403.77,145,180,75,2.584,29.69,50.81742,4.40127
2026-08-06,Running,Short Morning Run,During last week I have some muscle issue behind my right knee so I did not dare to run. So today I went and it felt better.,2026-08-06_18-04-05_hk_1786032245.fit,164,2026-08-06T16:06:49.000Z,163.000,405.89,145,180,75,2.57,29.69,50.817402,4.401234
2026-08-06,Running,Short Morning Run,During last week I have some muscle issue behind my right knee so I did not dare to run. So today I went and it felt better.,2026-08-06_18-04-05_hk_1786032245.fit,165,2026-08-06T16:06:50.000Z,164.000,409.1,145,180,73,2.61,29.69,50.817384,4.401198
2026-08-06,Running,Short Morning Run,During last week I have some muscle issue behind my right knee so I did not dare to run. So today I went and it felt better.,2026-08-06_18-04-05_hk_1786032245.fit,166,2026-08-06T16:06:51.000Z,165.000,412.31,145,180,73,2.636,29.68,50.817384,4.40118
2026-08-06,Running,Short Morning Run,During last week I have some muscle issue behind my right knee so I did not dare to run. So today I went and it felt better.,2026-08-06_18-04-05_hk_1786032245.fit,167,2026-08-06T16:06:52.000Z,166.000,414.41,145,180,73,2.609,29.68,50.817366,4.401144
2026-08-06,Running,Short Morning Run,During last week I have some muscle issue behind my right knee so I did not dare to run. So today I went and it felt better.,2026-08-06_18-04-05_hk_1786032245.fit,168,2026-08-06T16:06:53.000Z,167.000,416.5,145,180,73,2.568,29.68,50.817366,4.401108
2026-08-06,Running,Short Morning Run,During last week I have some muscle issue behind my right knee so I did not dare to run. So today I went and it felt better.,2026-08-06_18-04-05_hk_1786032245.fit,169,2026-08-06T16:06:54.000Z,168.000,418.6,145,176,73,2.569,29.68,50.817348,4.40109
2026-08-06,Running,Short Morning Run,During last week I have some muscle issue behind my right knee so I did not dare to run. So today I went and it felt better.,2026-08-06_18-04-05_hk_1786032245.fit,170,2026-08-06T16:06:55.000Z,169.000,421.2,145,176,73,2.594,29.68,50.817348,4.401054
2026-08-06,Running,Short Morning Run,During last week I have some muscle issue behind my right knee so I did not dare to run. So today I went and it felt better.,2026-08-06_18-04-05_hk_1786032245.fit,171,2026-08-06T16:06:56.000Z,170.000,423.8,145,174,73,2.635,29.68,50.81733,4.401036
2026-08-06,Running,Short Morning Run,During last week I have some muscle issue behind my right knee so I did not dare to run. So today I went and it felt better.,2026-08-06_18-04-05_hk_1786032245.fit,172,2026-08-06T16:06:57.000Z,171.000,425.61,145,174,73,2.594,29.67,50.81733,4.401
2026-08-06,Running,Short Morning Run,During last week I have some muscle issue behind my right knee so I did not dare to run. So today I went and it felt better.,2026-08-06_18-04-05_hk_1786032245.fit,173,2026-08-06T16:06:58.000Z,172.000,427.43,145,174,73,2.569,29.67,50.817312,4.400964
2026-08-06,Running,Short Morning Run,During last week I have some muscle issue behind my right knee so I did not dare to run. So today I went and it felt better.,2026-08-06_18-04-05_hk_1786032245.fit,174,2026-08-06T16:06:59.000Z,173.000,429.24,145,172,74,2.543,29.67,50.817294,4.400946
2026-08-06,Running,Short Morning Run,During last week I have some muscle issue behind my right knee so I did not dare to run. So today I went and it felt better.,2026-08-06_18-04-05_hk_1786032245.fit,175,2026-08-06T16:07:00.000Z,174.000,431.68,145,172,74,2.538,29.67,50.817294,4.40091
2026-08-06,Running,Short Morning Run,During last week I have some muscle issue behind my right knee so I did not dare to run. So today I went and it felt better.,2026-08-06_18-04-05_hk_1786032245.fit,176,2026-08-06T16:07:01.000Z,175.000,434.12,145,172,74,2.49,29.67,50.817276,4.400892
2026-08-06,Running,Short Morning Run,During last week I have some muscle issue behind my right knee so I did not dare to run. So today I went and it felt better.,2026-08-06_18-04-05_hk_1786032245.fit,177,2026-08-06T16:07:02.000Z,176.000,436.56,145,173,75,2.442,29.67,50.817276,4.400856
2026-08-06,Running,Short Morning Run,During last week I have some muscle issue behind my right knee so I did not dare to run. So today I went and it felt better.,2026-08-06_18-04-05_hk_1786032245.fit,178,2026-08-06T16:07:03.000Z,177.000,439.97,145,173,75,2.49,29.67,50.817258,4.40082
2026-08-06,Running,Short Morning Run,During last week I have some muscle issue behind my right knee so I did not dare to run. So today I went and it felt better.,2026-08-06_18-04-05_hk_1786032245.fit,179,2026-08-06T16:07:04.000Z,178.000,443.38,145,172,75,2.544,29.67,50.81724,4.400784
2026-08-06,Running,Short Morning Run,During last week I have some muscle issue behind my right knee so I did not dare to run. So today I went and it felt better.,2026-08-06_18-04-05_hk_1786032245.fit,180,2026-08-06T16:07:05.000Z,179.000,445.44,145,172,73,2.521,29.67,50.81724,4.400766
2026-08-06,Running,Short Morning Run,During last week I have some muscle issue behind my right knee so I did not dare to run. So today I went and it felt better.,2026-08-06_18-04-05_hk_1786032245.fit,181,2026-08-06T16:07:06.000Z,180.000,447.5,145,172,73,2.451,29.67,50.817222,4.40073
2026-08-06,Running,Short Morning Run,During last week I have some muscle issue behind my right knee so I did not dare to run. So today I went and it felt better.,2026-08-06_18-04-05_hk_1786032245.fit,182,2026-08-06T16:07:07.000Z,181.000,449.55,145,173,73,2.382,29.67,50.817222,4.400694
2026-08-06,Running,Short Morning Run,During last week I have some muscle issue behind my right knee so I did not dare to run. So today I went and it felt better.,2026-08-06_18-04-05_hk_1786032245.fit,183,2026-08-06T16:07:08.000Z,182.000,453.24,145,173,75,2.457,29.67,50.817222,4.400676
2026-08-06,Running,Short Morning Run,During last week I have some muscle issue behind my right knee so I did not dare to run. So today I went and it felt better.,2026-08-06_18-04-05_hk_1786032245.fit,184,2026-08-06T16:07:09.000Z,183.000,456.94,145,176,75,2.552,29.67,50.817204,4.40064
2026-08-06,Running,Short Morning Run,During last week I have some muscle issue behind my right knee so I did not dare to run. So today I went and it felt better.,2026-08-06_18-04-05_hk_1786032245.fit,185,2026-08-06T16:07:10.000Z,184.000,459.09,145,176,75,2.533,29.66,50.817204,4.400604
2026-08-06,Running,Short Morning Run,During last week I have some muscle issue behind my right knee so I did not dare to run. So today I went and it felt better.,2026-08-06_18-04-05_hk_1786032245.fit,186,2026-08-06T16:07:11.000Z,185.000,461.24,145,176,74,2.483,29.66,50.817186,4.400568
2026-08-06,Running,Short Morning Run,During last week I have some muscle issue behind my right knee so I did not dare to run. So today I went and it felt better.,2026-08-06_18-04-05_hk_1786032245.fit,187,2026-08-06T16:07:12.000Z,186.000,463.4,145,177,74,2.433,29.66,50.817168,4.400532
2026-08-06,Running,Short Morning Run,During last week I have some muscle issue behind my right knee so I did not dare to run. So today I went and it felt better.,2026-08-06_18-04-05_hk_1786032245.fit,188,2026-08-06T16:07:13.000Z,187.000,464.99,145,177,74,2.409,29.66,50.817168,4.400514
2026-08-06,Running,Short Morning Run,During last week I have some muscle issue behind my right knee so I did not dare to run. So today I went and it felt better.,2026-08-06_18-04-05_hk_1786032245.fit,189,2026-08-06T16:07:14.000Z,188.000,466.58,145,169,73,2.385,29.66,50.81715,4.400478
2026-08-06,Running,Short Morning Run,During last week I have some muscle issue behind my right knee so I did not dare to run. So today I went and it felt better.,2026-08-06_18-04-05_hk_1786032245.fit,190,2026-08-06T16:07:15.000Z,189.000,468.95,145,169,73,2.398,29.66,50.81715,4.40046
2026-08-06,Running,Short Morning Run,During last week I have some muscle issue behind my right knee so I did not dare to run. So today I went and it felt better.,2026-08-06_18-04-05_hk_1786032245.fit,191,2026-08-06T16:07:16.000Z,190.000,471.31,147,169,73,2.386,29.66,50.81715,4.400424
2026-08-06,Running,Short Morning Run,During last week I have some muscle issue behind my right knee so I did not dare to run. So today I went and it felt better.,2026-08-06_18-04-05_hk_1786032245.fit,192,2026-08-06T16:07:17.000Z,191.000,473.67,147,170,75,2.385,29.66,50.817132,4.400388
2026-08-06,Running,Short Morning Run,During last week I have some muscle issue behind my right knee so I did not dare to run. So today I went and it felt better.,2026-08-06_18-04-05_hk_1786032245.fit,193,2026-08-06T16:07:18.000Z,192.000,475.43,147,170,75,2.347,29.66,50.817132,4.400352
2026-08-06,Running,Short Morning Run,During last week I have some muscle issue behind my right knee so I did not dare to run. So today I went and it felt better.,2026-08-06_18-04-05_hk_1786032245.fit,194,2026-08-06T16:07:19.000Z,193.000,477.18,147,170,75,2.344,29.66,50.817132,4.400334
2026-08-06,Running,Short Morning Run,During last week I have some muscle issue behind my right knee so I did not dare to run. So today I went and it felt better.,2026-08-06_18-04-05_hk_1786032245.fit,195,2026-08-06T16:07:20.000Z,194.000,478.93,147,170,71,2.341,29.66,50.817114,4.400298
2026-08-06,Running,Short Morning Run,During last week I have some muscle issue behind my right knee so I did not dare to run. So today I went and it felt better.,2026-08-06_18-04-05_hk_1786032245.fit,196,2026-08-06T16:07:21.000Z,195.000,482.05,147,170,71,2.398,29.66,50.817114,4.400262
2026-08-06,Running,Short Morning Run,During last week I have some muscle issue behind my right knee so I did not dare to run. So today I went and it felt better.,2026-08-06_18-04-05_hk_1786032245.fit,197,2026-08-06T16:07:22.000Z,196.000,485.16,147,171,71,2.43,29.66,50.817114,4.400226
2026-08-06,Running,Short Morning Run,During last week I have some muscle issue behind my right knee so I did not dare to run. So today I went and it felt better.,2026-08-06_18-04-05_hk_1786032245.fit,198,2026-08-06T16:07:23.000Z,197.000,487.43,147,171,75,2.422,29.66,50.817096,4.40019
2026-08-06,Running,Short Morning Run,During last week I have some muscle issue behind my right knee so I did not dare to run. So today I went and it felt better.,2026-08-06_18-04-05_hk_1786032245.fit,199,2026-08-06T16:07:24.000Z,198.000,489.69,147,171,75,2.415,29.66,50.817096,4.400172
2026-08-06,Running,Short Morning Run,During last week I have some muscle issue behind my right knee so I did not dare to run. So today I went and it felt better.,2026-08-06_18-04-05_hk_1786032245.fit,200,2026-08-06T16:07:25.000Z,199.000,491.96,147,170,75,2.363,29.66,50.817096,4.400136
2026-08-06,Running,Short Morning Run,During last week I have some muscle issue behind my right knee so I did not dare to run. So today I went and it felt better.,2026-08-06_18-04-05_hk_1786032245.fit,201,2026-08-06T16:07:26.000Z,200.000,494.82,147,170,74,2.338,29.66,50.817096,4.4001
2026-08-06,Running,Short Morning Run,During last week I have some muscle issue behind my right knee so I did not dare to run. So today I went and it felt better.,2026-08-06_18-04-05_hk_1786032245.fit,202,2026-08-06T16:07:27.000Z,201.000,497.69,147,170,74,2.39,29.66,50.817078,4.400082
2026-08-06,Running,Short Morning Run,During last week I have some muscle issue behind my right knee so I did not dare to run. So today I went and it felt better.,2026-08-06_18-04-05_hk_1786032245.fit,203,2026-08-06T16:07:28.000Z,202.000,499.61,146,170,74,2.384,29.66,50.817078,4.400046
2026-08-06,Running,Short Morning Run,During last week I have some muscle issue behind my right knee so I did not dare to run. So today I went and it felt better.,2026-08-06_18-04-05_hk_1786032245.fit,204,2026-08-06T16:07:29.000Z,203.000,501.53,146,170,76,2.363,29.66,50.817078,4.40001
2026-08-06,Running,Short Morning Run,During last week I have some muscle issue behind my right knee so I did not dare to run. So today I went and it felt better.,2026-08-06_18-04-05_hk_1786032245.fit,205,2026-08-06T16:07:30.000Z,204.000,503.45,146,172,76,2.282,29.66,50.817078,4.399992
2026-08-06,Running,Short Morning Run,During last week I have some muscle issue behind my right knee so I did not dare to run. So today I went and it felt better.,2026-08-06_18-04-05_hk_1786032245.fit,206,2026-08-06T16:07:31.000Z,205.000,506.13,146,172,76,2.299,29.65,50.81706,4.399956
2026-08-06,Running,Short Morning Run,During last week I have some muscle issue behind my right knee so I did not dare to run. So today I went and it felt better.,2026-08-06_18-04-05_hk_1786032245.fit,207,2026-08-06T16:07:32.000Z,206.000,508.8,146,168,76,2.255,29.65,50.81706,4.399938
2026-08-06,Running,Short Morning Run,During last week I have some muscle issue behind my right knee so I did not dare to run. So today I went and it felt better.,2026-08-06_18-04-05_hk_1786032245.fit,208,2026-08-06T16:07:33.000Z,207.000,510.54,146,168,76,2.237,29.65,50.81706,4.399902
2026-08-06,Running,Short Morning Run,During last week I have some muscle issue behind my right knee so I did not dare to run. So today I went and it felt better.,2026-08-06_18-04-05_hk_1786032245.fit,209,2026-08-06T16:07:34.000Z,208.000,512.28,147,168,76,2.219,29.65,50.81706,4.399866
2026-08-06,Running,Short Morning Run,During last week I have some muscle issue behind my right knee so I did not dare to run. So today I went and it felt better.,2026-08-06_18-04-05_hk_1786032245.fit,210,2026-08-06T16:07:35.000Z,209.000,514.02,147,167,73,2.201,29.65,50.81706,4.399848
2026-08-06,Running,Short Morning Run,During last week I have some muscle issue behind my right knee so I did not dare to run. So today I went and it felt better.,2026-08-06_18-04-05_hk_1786032245.fit,211,2026-08-06T16:07:36.000Z,210.000,516.55,146,167,73,2.242,29.64,50.81706,4.399812
2026-08-06,Running,Short Morning Run,During last week I have some muscle issue behind my right knee so I did not dare to run. So today I went and it felt better.,2026-08-06_18-04-05_hk_1786032245.fit,212,2026-08-06T16:07:37.000Z,211.000,519.08,146,166,73,2.279,29.64,50.81706,4.399776
2026-08-06,Running,Short Morning Run,During last week I have some muscle issue behind my right knee so I did not dare to run. So today I went and it felt better.,2026-08-06_18-04-05_hk_1786032245.fit,213,2026-08-06T16:07:38.000Z,212.000,521.84,146,166,74,2.297,29.64,50.81706,4.39974
2026-08-06,Running,Short Morning Run,During last week I have some muscle issue behind my right knee so I did not dare to run. So today I went and it felt better.,2026-08-06_18-04-05_hk_1786032245.fit,214,2026-08-06T16:07:39.000Z,213.000,524.61,146,166,74,2.315,29.64,50.817042,4.399704
2026-08-06,Running,Short Morning Run,During last week I have some muscle issue behind my right knee so I did not dare to run. So today I went and it felt better.,2026-08-06_18-04-05_hk_1786032245.fit,215,2026-08-06T16:07:40.000Z,214.000,527.38,146,171,74,2.39,29.64,50.817042,4.399686
2026-08-06,Running,Short Morning Run,During last week I have some muscle issue behind my right knee so I did not dare to run. So today I went and it felt better.,2026-08-06_18-04-05_hk_1786032245.fit,216,2026-08-06T16:07:41.000Z,215.000,529.23,146,171,74,2.395,29.63,50.817042,4.39965
2026-08-06,Running,Short Morning Run,During last week I have some muscle issue behind my right knee so I did not dare to run. So today I went and it felt better.,2026-08-06_18-04-05_hk_1786032245.fit,217,2026-08-06T16:07:42.000Z,216.000,531.08,146,171,74,2.37,29.63,50.817042,4.399614
2026-08-06,Running,Short Morning Run,During last week I have some muscle issue behind my right knee so I did not dare to run. So today I went and it felt better.,2026-08-06_18-04-05_hk_1786032245.fit,218,2026-08-06T16:07:43.000Z,217.000,532.93,146,171,74,2.313,29.63,50.817042,4.399578
2026-08-06,Running,Short Morning Run,During last week I have some muscle issue behind my right knee so I did not dare to run. So today I went and it felt better.,2026-08-06_18-04-05_hk_1786032245.fit,219,2026-08-06T16:07:44.000Z,218.000,536.69,146,171,73,2.342,29.63,50.817042,4.399542
2026-08-06,Running,Short Morning Run,During last week I have some muscle issue behind my right knee so I did not dare to run. So today I went and it felt better.,2026-08-06_18-04-05_hk_1786032245.fit,220,2026-08-06T16:07:45.000Z,219.000,540.45,146,176,73,2.417,29.63,50.817042,4.399506
2026-08-06,Running,Short Morning Run,During last week I have some muscle issue behind my right knee so I did not dare to run. So today I went and it felt better.,2026-08-06_18-04-05_hk_1786032245.fit,221,2026-08-06T16:07:46.000Z,220.000,542.31,146,176,73,2.398,29.63,50.817042,4.39947
2026-08-06,Running,Short Morning Run,During last week I have some muscle issue behind my right knee so I did not dare to run. So today I went and it felt better.,2026-08-06_18-04-05_hk_1786032245.fit,222,2026-08-06T16:07:47.000Z,221.000,544.17,146,176,76,2.373,29.63,50.817042,4.399434
2026-08-06,Running,Short Morning Run,During last week I have some muscle issue behind my right knee so I did not dare to run. So today I went and it felt better.,2026-08-06_18-04-05_hk_1786032245.fit,223,2026-08-06T16:07:48.000Z,222.000,546.04,146,171,76,2.328,29.63,50.817042,4.399398
2026-08-06,Running,Short Morning Run,During last week I have some muscle issue behind my right knee so I did not dare to run. So today I went and it felt better.,2026-08-06_18-04-05_hk_1786032245.fit,224,2026-08-06T16:07:49.000Z,223.000,548.58,146,171,76,2.313,29.63,50.817042,4.39938
2026-08-06,Running,Short Morning Run,During last week I have some muscle issue behind my right knee so I did not dare to run. So today I went and it felt better.,2026-08-06_18-04-05_hk_1786032245.fit,225,2026-08-06T16:07:50.000Z,224.000,551.13,146,170,73,2.342,29.63,50.817042,4.399344
2026-08-06,Running,Short Morning Run,During last week I have some muscle issue behind my right knee so I did not dare to run. So today I went and it felt better.,2026-08-06_18-04-05_hk_1786032245.fit,226,2026-08-06T16:07:51.000Z,225.000,553.7,146,170,73,2.393,29.63,50.817042,4.399308
2026-08-06,Running,Short Morning Run,During last week I have some muscle issue behind my right knee so I did not dare to run. So today I went and it felt better.,2026-08-06_18-04-05_hk_1786032245.fit,227,2026-08-06T16:07:52.000Z,226.000,556.27,146,170,73,2.388,29.63,50.817042,4.399272
2026-08-06,Running,Short Morning Run,During last week I have some muscle issue behind my right knee so I did not dare to run. So today I went and it felt better.,2026-08-06_18-04-05_hk_1786032245.fit,228,2026-08-06T16:07:53.000Z,227.000,558.84,146,172,76,2.383,29.63,50.817042,4.399236
2026-08-06,Running,Short Morning Run,During last week I have some muscle issue behind my right knee so I did not dare to run. So today I went and it felt better.,2026-08-06_18-04-05_hk_1786032245.fit,229,2026-08-06T16:07:54.000Z,228.000,562.13,146,172,76,2.457,29.63,50.817042,4.3992
2026-08-06,Running,Short Morning Run,During last week I have some muscle issue behind my right knee so I did not dare to run. So today I went and it felt better.,2026-08-06_18-04-05_hk_1786032245.fit,230,2026-08-06T16:07:55.000Z,229.000,565.42,146,174,76,2.57,29.63,50.817042,4.399164
2026-08-06,Running,Short Morning Run,During last week I have some muscle issue behind my right knee so I did not dare to run. So today I went and it felt better.,2026-08-06_18-04-05_hk_1786032245.fit,231,2026-08-06T16:07:56.000Z,230.000,567.48,146,174,75,2.547,29.63,50.817042,4.399128
2026-08-06,Running,Short Morning Run,During last week I have some muscle issue behind my right knee so I did not dare to run. So today I went and it felt better.,2026-08-06_18-04-05_hk_1786032245.fit,232,2026-08-06T16:07:57.000Z,231.000,569.54,147,174,75,2.523,29.64,50.817042,4.399092
2026-08-06,Running,Short Morning Run,During last week I have some muscle issue behind my right knee so I did not dare to run. So today I went and it felt better.,2026-08-06_18-04-05_hk_1786032245.fit,233,2026-08-06T16:07:58.000Z,232.000,571.61,147,176,75,2.501,29.64,50.817042,4.399056
2026-08-06,Running,Short Morning Run,During last week I have some muscle issue behind my right knee so I did not dare to run. So today I went and it felt better.,2026-08-06_18-04-05_hk_1786032245.fit,234,2026-08-06T16:07:59.000Z,233.000,575.28,147,176,75,2.533,29.64,50.81706,4.39902
2026-08-06,Running,Short Morning Run,During last week I have some muscle issue behind my right knee so I did not dare to run. So today I went and it felt better.,2026-08-06_18-04-05_hk_1786032245.fit,235,2026-08-06T16:08:00.000Z,234.000,578.95,147,178,75,2.579,29.64,50.81706,4.398984
2026-08-06,Running,Short Morning Run,During last week I have some muscle issue behind my right knee so I did not dare to run. So today I went and it felt better.,2026-08-06_18-04-05_hk_1786032245.fit,236,2026-08-06T16:08:01.000Z,235.000,580.88,147,178,75,2.582,29.64,50.81706,4.398948
2026-08-06,Running,Short Morning Run,During last week I have some muscle issue behind my right knee so I did not dare to run. So today I went and it felt better.,2026-08-06_18-04-05_hk_1786032245.fit,237,2026-08-06T16:08:02.000Z,236.000,582.8,147,178,74,2.586,29.65,50.81706,4.398912
2026-08-06,Running,Short Morning Run,During last week I have some muscle issue behind my right knee so I did not dare to run. So today I went and it felt better.,2026-08-06_18-04-05_hk_1786032245.fit,238,2026-08-06T16:08:03.000Z,237.000,584.73,147,178,74,2.59,29.65,50.81706,4.398876
2026-08-06,Running,Short Morning Run,During last week I have some muscle issue behind my right knee so I did not dare to run. So today I went and it felt better.,2026-08-06_18-04-05_hk_1786032245.fit,239,2026-08-06T16:08:04.000Z,238.000,586.33,147,178,74,2.543,29.65,50.81706,4.398858
2026-08-06,Running,Short Morning Run,During last week I have some muscle issue behind my right knee so I did not dare to run. So today I went and it felt better.,2026-08-06_18-04-05_hk_1786032245.fit,240,2026-08-06T16:08:05.000Z,239.000,587.94,147,178,73,2.441,29.65,50.81706,4.398822
2026-08-06,Running,Short Morning Run,During last week I have some muscle issue behind my right knee so I did not dare to run. So today I went and it felt better.,2026-08-06_18-04-05_hk_1786032245.fit,241,2026-08-06T16:08:06.000Z,240.000,589.55,148,173,73,2.403,29.66,50.81706,4.398804
2026-08-06,Running,Short Morning Run,During last week I have some muscle issue behind my right knee so I did not dare to run. So today I went and it felt better.,2026-08-06_18-04-05_hk_1786032245.fit,242,2026-08-06T16:08:07.000Z,241.000,592.69,148,173,73,2.399,29.66,50.81706,4.398768
2026-08-06,Running,Short Morning Run,During last week I have some muscle issue behind my right knee so I did not dare to run. So today I went and it felt better.,2026-08-06_18-04-05_hk_1786032245.fit,243,2026-08-06T16:08:08.000Z,242.000,595.83,148,175,73,2.46,29.67,50.81706,4.398732
2026-08-06,Running,Short Morning Run,During last week I have some muscle issue behind my right knee so I did not dare to run. So today I went and it felt better.,2026-08-06_18-04-05_hk_1786032245.fit,244,2026-08-06T16:08:09.000Z,243.000,597.8,148,175,73,2.465,29.67,50.817078,4.398696
2026-08-06,Running,Short Morning Run,During last week I have some muscle issue behind my right knee so I did not dare to run. So today I went and it felt better.,2026-08-06_18-04-05_hk_1786032245.fit,245,2026-08-06T16:08:10.000Z,244.000,599.77,148,175,73,2.438,29.67,50.817078,4.398678
2026-08-06,Running,Short Morning Run,During last week I have some muscle issue behind my right knee so I did not dare to run. So today I went and it felt better.,2026-08-06_18-04-05_hk_1786032245.fit,246,2026-08-06T16:08:11.000Z,245.000,601.75,148,174,70,2.41,29.68,50.817078,4.398642
2026-08-06,Running,Short Morning Run,During last week I have some muscle issue behind my right knee so I did not dare to run. So today I went and it felt better.,2026-08-06_18-04-05_hk_1786032245.fit,247,2026-08-06T16:08:12.000Z,246.000,604.46,148,174,70,2.417,29.68,50.817078,4.398606
2026-08-06,Running,Short Morning Run,During last week I have some muscle issue behind my right knee so I did not dare to run. So today I went and it felt better.,2026-08-06_18-04-05_hk_1786032245.fit,248,2026-08-06T16:08:13.000Z,247.000,607.17,148,172,70,2.424,29.69,50.817078,4.39857
2026-08-06,Running,Short Morning Run,During last week I have some muscle issue behind my right knee so I did not dare to run. So today I went and it felt better.,2026-08-06_18-04-05_hk_1786032245.fit,249,2026-08-06T16:08:14.000Z,248.000,609.69,148,172,72,2.421,29.69,50.817078,4.398534
2026-08-06,Running,Short Morning Run,During last week I have some muscle issue behind my right knee so I did not dare to run. So today I went and it felt better.,2026-08-06_18-04-05_hk_1786032245.fit,250,2026-08-06T16:08:15.000Z,249.000,612.2,148,172,72,2.384,29.7,50.817078,4.398498
2026-08-06,Running,Short Morning Run,During last week I have some muscle issue behind my right knee so I did not dare to run. So today I went and it felt better.,2026-08-06_18-04-05_hk_1786032245.fit,251,2026-08-06T16:08:16.000Z,250.000,614.72,148,183,72,2.39,29.7,50.817096,4.39848
2026-08-06,Running,Short Morning Run,During last week I have some muscle issue behind my right knee so I did not dare to run. So today I went and it felt better.,2026-08-06_18-04-05_hk_1786032245.fit,252,2026-08-06T16:08:17.000Z,251.000,617.15,148,183,73,2.351,29.71,50.817096,4.398444
2026-08-06,Running,Short Morning Run,During last week I have some muscle issue behind my right knee so I did not dare to run. So today I went and it felt better.,2026-08-06_18-04-05_hk_1786032245.fit,253,2026-08-06T16:08:18.000Z,252.000,619.58,148,181,73,2.383,29.71,50.817096,4.39839
2026-08-06,Running,Short Morning Run,During last week I have some muscle issue behind my right knee so I did not dare to run. So today I went and it felt better.,2026-08-06_18-04-05_hk_1786032245.fit,254,2026-08-06T16:08:19.000Z,253.000,620.95,148,181,73,2.336,29.71,50.817096,4.398372
2026-08-06,Running,Short Morning Run,During last week I have some muscle issue behind my right knee so I did not dare to run. So today I went and it felt better.,2026-08-06_18-04-05_hk_1786032245.fit,255,2026-08-06T16:08:20.000Z,254.000,622.31,148,181,76,2.305,29.71,50.817096,4.398354
2026-08-06,Running,Short Morning Run,During last week I have some muscle issue behind my right knee so I did not dare to run. So today I went and it felt better.,2026-08-06_18-04-05_hk_1786032245.fit,256,2026-08-06T16:08:21.000Z,255.000,623.68,148,218,76,2.264,29.72,50.817114,4.398318
2026-08-06,Running,Short Morning Run,During last week I have some muscle issue behind my right knee so I did not dare to run. So today I went and it felt better.,2026-08-06_18-04-05_hk_1786032245.fit,257,2026-08-06T16:08:22.000Z,256.000,626.37,148,218,76,2.221,29.72,50.817114,4.398282
2026-08-06,Running,Short Morning Run,During last week I have some muscle issue behind my right knee so I did not dare to run. So today I went and it felt better.,2026-08-06_18-04-05_hk_1786032245.fit,258,2026-08-06T16:08:23.000Z,257.000,629.06,148,218,76,2.179,29.73,50.817114,4.398246
2026-08-06,Running,Short Morning Run,During last week I have some muscle issue behind my right knee so I did not dare to run. So today I went and it felt better.,2026-08-06_18-04-05_hk_1786032245.fit,259,2026-08-06T16:08:24.000Z,258.000,631.74,147,222,76,2.212,29.73,50.817114,4.39821
2026-08-06,Running,Short Morning Run,During last week I have some muscle issue behind my right knee so I did not dare to run. So today I went and it felt better.,2026-08-06_18-04-05_hk_1786032245.fit,260,2026-08-06T16:08:25.000Z,259.000,634.77,147,222,76,2.275,29.74,50.817132,4.398174
2026-08-06,Running,Short Morning Run,During last week I have some muscle issue behind my right knee so I did not dare to run. So today I went and it felt better.,2026-08-06_18-04-05_hk_1786032245.fit,261,2026-08-06T16:08:26.000Z,260.000,637.8,147,219,74,2.339,29.74,50.817132,4.398138
2026-08-06,Running,Short Morning Run,During last week I have some muscle issue behind my right knee so I did not dare to run. So today I went and it felt better.,2026-08-06_18-04-05_hk_1786032245.fit,262,2026-08-06T16:08:27.000Z,261.000,639.66,147,219,74,2.386,29.74,50.81715,4.398102
2026-08-06,Running,Short Morning Run,During last week I have some muscle issue behind my right knee so I did not dare to run. So today I went and it felt better.,2026-08-06_18-04-05_hk_1786032245.fit,263,2026-08-06T16:08:28.000Z,262.000,641.52,147,219,74,2.362,29.75,50.81715,4.398084
2026-08-06,Running,Short Morning Run,During last week I have some muscle issue behind my right knee so I did not dare to run. So today I went and it felt better.,2026-08-06_18-04-05_hk_1786032245.fit,264,2026-08-06T16:08:29.000Z,263.000,643.38,147,215,75,2.304,29.75,50.817168,4.398048
2026-08-06,Running,Short Morning Run,During last week I have some muscle issue behind my right knee so I did not dare to run. So today I went and it felt better.,2026-08-06_18-04-05_hk_1786032245.fit,265,2026-08-06T16:08:30.000Z,264.000,646.55,147,215,75,2.306,29.76,50.817168,4.39803
2026-08-06,Running,Short Morning Run,During last week I have some muscle issue behind my right knee so I did not dare to run. So today I went and it felt better.,2026-08-06_18-04-05_hk_1786032245.fit,266,2026-08-06T16:08:31.000Z,265.000,649.73,147,213,75,2.36,29.76,50.817168,4.397994
2026-08-06,Running,Short Morning Run,During last week I have some muscle issue behind my right knee so I did not dare to run. So today I went and it felt better.,2026-08-06_18-04-05_hk_1786032245.fit,267,2026-08-06T16:08:32.000Z,266.000,651.73,147,213,73,2.361,29.77,50.817186,4.397958
2026-08-06,Running,Short Morning Run,During last week I have some muscle issue behind my right knee so I did not dare to run. So today I went and it felt better.,2026-08-06_18-04-05_hk_1786032245.fit,268,2026-08-06T16:08:33.000Z,267.000,653.73,147,213,73,2.363,29.77,50.817186,4.397922
2026-08-06,Running,Short Morning Run,During last week I have some muscle issue behind my right knee so I did not dare to run. So today I went and it felt better.,2026-08-06_18-04-05_hk_1786032245.fit,269,2026-08-06T16:08:34.000Z,268.000,655.73,147,214,73,2.33,29.78,50.817204,4.397886
2026-08-06,Running,Short Morning Run,During last week I have some muscle issue behind my right knee so I did not dare to run. So today I went and it felt better.,2026-08-06_18-04-05_hk_1786032245.fit,270,2026-08-06T16:08:35.000Z,269.000,659.18,149,214,75,2.364,29.78,50.817204,4.39785
2026-08-06,Running,Short Morning Run,During last week I have some muscle issue behind my right knee so I did not dare to run. So today I went and it felt better.,2026-08-06_18-04-05_hk_1786032245.fit,271,2026-08-06T16:08:36.000Z,270.000,662.63,149,217,75,2.401,29.79,50.817204,4.397814
2026-08-06,Running,Short Morning Run,During last week I have some muscle issue behind my right knee so I did not dare to run. So today I went and it felt better.,2026-08-06_18-04-05_hk_1786032245.fit,272,2026-08-06T16:08:37.000Z,271.000,665.21,149,217,75,2.404,29.79,50.817204,4.397778
2026-08-06,Running,Short Morning Run,During last week I have some muscle issue behind my right knee so I did not dare to run. So today I went and it felt better.,2026-08-06_18-04-05_hk_1786032245.fit,273,2026-08-06T16:08:38.000Z,272.000,667.78,149,217,74,2.411,29.8,50.817204,4.397742
2026-08-06,Running,Short Morning Run,During last week I have some muscle issue behind my right knee so I did not dare to run. So today I went and it felt better.,2026-08-06_18-04-05_hk_1786032245.fit,274,2026-08-06T16:08:39.000Z,273.000,670.36,149,224,74,2.418,29.8,50.817222,4.397688
2026-08-06,Running,Short Morning Run,During last week I have some muscle issue behind my right knee so I did not dare to run. So today I went and it felt better.,2026-08-06_18-04-05_hk_1786032245.fit,275,2026-08-06T16:08:40.000Z,274.000,674.55,149,224,74,2.677,29.8,50.817222,4.397652
2026-08-06,Running,Short Morning Run,During last week I have some muscle issue behind my right knee so I did not dare to run. So today I went and it felt better.,2026-08-06_18-04-05_hk_1786032245.fit,276,2026-08-06T16:08:41.000Z,275.000,678.74,149,231,73,2.756,29.81,50.817222,4.397616
2026-08-06,Running,Short Morning Run,During last week I have some muscle issue behind my right knee so I did not dare to run. So today I went and it felt better.,2026-08-06_18-04-05_hk_1786032245.fit,277,2026-08-06T16:08:42.000Z,276.000,680.74,149,231,73,2.72,29.81,50.81724,4.39758
2026-08-06,Running,Short Morning Run,During last week I have some muscle issue behind my right knee so I did not dare to run. So today I went and it felt better.,2026-08-06_18-04-05_hk_1786032245.fit,278,2026-08-06T16:08:43.000Z,277.000,682.73,149,231,73,2.684,29.82,50.81724,4.397544
2026-08-06,Running,Short Morning Run,During last week I have some muscle issue behind my right knee so I did not dare to run. So today I went and it felt better.,2026-08-06_18-04-05_hk_1786032245.fit,279,2026-08-06T16:08:44.000Z,278.000,684.73,149,228,76,2.649,29.82,50.81724,4.397508
2026-08-06,Running,Short Morning Run,During last week I have some muscle issue behind my right knee so I did not dare to run. So today I went and it felt better.,2026-08-06_18-04-05_hk_1786032245.fit,280,2026-08-06T16:08:45.000Z,279.000,686.62,149,228,76,2.592,29.83,50.817258,4.39749
2026-08-06,Running,Short Morning Run,During last week I have some muscle issue behind my right knee so I did not dare to run. So today I went and it felt better.,2026-08-06_18-04-05_hk_1786032245.fit,281,2026-08-06T16:08:46.000Z,280.000,688.51,149,228,76,2.535,29.83,50.817258,4.397454
2026-08-06,Running,Short Morning Run,During last week I have some muscle issue behind my right knee so I did not dare to run. So today I went and it felt better.,2026-08-06_18-04-05_hk_1786032245.fit,282,2026-08-06T16:08:47.000Z,281.000,690.39,149,227,73,2.537,29.84,50.817276,4.397418
2026-08-06,Running,Short Morning Run,During last week I have some muscle issue behind my right knee so I did not dare to run. So today I went and it felt better.,2026-08-06_18-04-05_hk_1786032245.fit,283,2026-08-06T16:08:48.000Z,282.000,693.91,149,227,73,2.659,29.84,50.817294,4.3974
2026-08-06,Running,Short Morning Run,During last week I have some muscle issue behind my right knee so I did not dare to run. So today I went and it felt better.,2026-08-06_18-04-05_hk_1786032245.fit,284,2026-08-06T16:08:49.000Z,283.000,697.43,149,230,73,2.678,29.85,50.817312,4.397364
2026-08-06,Running,Short Morning Run,During last week I have some muscle issue behind my right knee so I did not dare to run. So today I went and it felt better.,2026-08-06_18-04-05_hk_1786032245.fit,285,2026-08-06T16:08:50.000Z,284.000,699.03,149,230,73,2.624,29.86,50.817312,4.397346
2026-08-06,Running,Short Morning Run,During last week I have some muscle issue behind my right knee so I did not dare to run. So today I went and it felt better.,2026-08-06_18-04-05_hk_1786032245.fit,286,2026-08-06T16:08:51.000Z,285.000,700.63,149,230,73,2.545,29.86,50.81733,4.39731
2026-08-06,Running,Short Morning Run,During last week I have some muscle issue behind my right knee so I did not dare to run. So today I went and it felt better.,2026-08-06_18-04-05_hk_1786032245.fit,287,2026-08-06T16:08:52.000Z,286.000,702.23,149,229,73,2.525,29.87,50.817348,4.397292
2026-08-06,Running,Short Morning Run,During last week I have some muscle issue behind my right knee so I did not dare to run. So today I went and it felt better.,2026-08-06_18-04-05_hk_1786032245.fit,288,2026-08-06T16:08:53.000Z,287.000,705.3,151,229,73,2.579,29.87,50.817348,4.397256
2026-08-06,Running,Short Morning Run,During last week I have some muscle issue behind my right knee so I did not dare to run. So today I went and it felt better.,2026-08-06_18-04-05_hk_1786032245.fit,289,2026-08-06T16:08:54.000Z,288.000,708.37,151,228,73,2.632,29.87,50.817366,4.397238
2026-08-06,Running,Short Morning Run,During last week I have some muscle issue behind my right knee so I did not dare to run. So today I went and it felt better.,2026-08-06_18-04-05_hk_1786032245.fit,290,2026-08-06T16:08:55.000Z,289.000,710.79,151,228,73,2.58,29.88,50.817384,4.397202
2026-08-06,Running,Short Morning Run,During last week I have some muscle issue behind my right knee so I did not dare to run. So today I went and it felt better.,2026-08-06_18-04-05_hk_1786032245.fit,291,2026-08-06T16:08:56.000Z,290.000,713.21,151,228,73,2.529,29.88,50.817384,4.397166
2026-08-06,Running,Short Morning Run,During last week I have some muscle issue behind my right knee so I did not dare to run. So today I went and it felt better.,2026-08-06_18-04-05_hk_1786032245.fit,292,2026-08-06T16:08:57.000Z,291.000,715.62,151,232,73,2.521,29.89,50.817402,4.39713
2026-08-06,Running,Short Morning Run,During last week I have some muscle issue behind my right knee so I did not dare to run. So today I went and it felt better.,2026-08-06_18-04-05_hk_1786032245.fit,293,2026-08-06T16:08:58.000Z,292.000,718.77,151,232,73,2.55,29.89,50.817402,4.397112
2026-08-06,Running,Short Morning Run,During last week I have some muscle issue behind my right knee so I did not dare to run. So today I went and it felt better.,2026-08-06_18-04-05_hk_1786032245.fit,294,2026-08-06T16:08:59.000Z,293.000,721.93,152,232,73,2.578,29.9,50.817402,4.397076
2026-08-06,Running,Short Morning Run,During last week I have some muscle issue behind my right knee so I did not dare to run. So today I went and it felt better.,2026-08-06_18-04-05_hk_1786032245.fit,295,2026-08-06T16:09:00.000Z,294.000,724.52,152,232,73,2.579,29.9,50.81742,4.39704
2026-08-06,Running,Short Morning Run,During last week I have some muscle issue behind my right knee so I did not dare to run. So today I went and it felt better.,2026-08-06_18-04-05_hk_1786032245.fit,296,2026-08-06T16:09:01.000Z,295.000,727.11,152,232,73,2.503,29.9,50.81742,4.397004
2026-08-06,Running,Short Morning Run,During last week I have some muscle issue behind my right knee so I did not dare to run. So today I went and it felt better.,2026-08-06_18-04-05_hk_1786032245.fit,297,2026-08-06T16:09:02.000Z,296.000,729.7,152,234,75,2.427,29.91,50.81742,4.396968
2026-08-06,Running,Short Morning Run,During last week I have some muscle issue behind my right knee so I did not dare to run. So today I went and it felt better.,2026-08-06_18-04-05_hk_1786032245.fit,298,2026-08-06T16:09:03.000Z,297.000,732.53,152,234,75,2.466,29.91,50.817438,4.396932
2026-08-06,Running,Short Morning Run,During last week I have some muscle issue behind my right knee so I did not dare to run. So today I went and it felt better.,2026-08-06_18-04-05_hk_1786032245.fit,299,2026-08-06T16:09:04.000Z,298.000,735.35,152,232,75,2.531,29.92,50.817438,4.396896
2026-08-06,Running,Short Morning Run,During last week I have some muscle issue behind my right knee so I did not dare to run. So today I went and it felt better.,2026-08-06_18-04-05_hk_1786032245.fit,300,2026-08-06T16:09:05.000Z,299.000,737.54,153,232,73,2.546,29.92,50.817438,4.39686
2026-08-06,Running,Short Morning Run,During last week I have some muscle issue behind my right knee so I did not dare to run. So today I went and it felt better.,2026-08-06_18-04-05_hk_1786032245.fit,301,2026-08-06T16:09:06.000Z,300.000,739.73,153,232,73,2.561,29.93,50.817438,4.396824
2026-08-06,Running,Short Morning Run,During last week I have some muscle issue behind my right knee so I did not dare to run. So today I went and it felt better.,2026-08-06_18-04-05_hk_1786032245.fit,302,2026-08-06T16:09:07.000Z,301.000,741.92,153,234,73,2.576,29.93,50.817456,4.396806
2026-08-06,Running,Short Morning Run,During last week I have some muscle issue behind my right knee so I did not dare to run. So today I went and it felt better.,2026-08-06_18-04-05_hk_1786032245.fit,303,2026-08-06T16:09:08.000Z,302.000,743.97,153,234,75,2.503,29.93,50.817456,4.39677
2026-08-06,Running,Short Morning Run,During last week I have some muscle issue behind my right knee so I did not dare to run. So today I went and it felt better.,2026-08-06_18-04-05_hk_1786032245.fit,304,2026-08-06T16:09:09.000Z,303.000,746.02,153,234,75,2.481,29.94,50.817474,4.396752
2026-08-06,Running,Short Morning Run,During last week I have some muscle issue behind my right knee so I did not dare to run. So today I went and it felt better.,2026-08-06_18-04-05_hk_1786032245.fit,305,2026-08-06T16:09:10.000Z,304.000,748.07,153,232,75,2.411,29.94,50.817492,4.396716
2026-08-06,Running,Short Morning Run,During last week I have some muscle issue behind my right knee so I did not dare to run. So today I went and it felt better.,2026-08-06_18-04-05_hk_1786032245.fit,306,2026-08-06T16:09:11.000Z,305.000,750.36,153,232,74,2.444,29.95,50.817492,4.396698
2026-08-06,Running,Short Morning Run,During last week I have some muscle issue behind my right knee so I did not dare to run. So today I went and it felt better.,2026-08-06_18-04-05_hk_1786032245.fit,307,2026-08-06T16:09:12.000Z,306.000,752.65,153,228,74,2.521,29.95,50.81751,4.396662
2026-08-06,Running,Short Morning Run,During last week I have some muscle issue behind my right knee so I did not dare to run. So today I went and it felt better.,2026-08-06_18-04-05_hk_1786032245.fit,308,2026-08-06T16:09:13.000Z,307.000,754.5,153,228,74,2.489,29.95,50.817528,4.396644
2026-08-06,Running,Short Morning Run,During last week I have some muscle issue behind my right knee so I did not dare to run. So today I went and it felt better.,2026-08-06_18-04-05_hk_1786032245.fit,309,2026-08-06T16:09:14.000Z,308.000,756.35,153,228,73,2.431,29.96,50.817528,4.396608
2026-08-06,Running,Short Morning Run,During last week I have some muscle issue behind my right knee so I did not dare to run. So today I went and it felt better.,2026-08-06_18-04-05_hk_1786032245.fit,310,2026-08-06T16:09:15.000Z,309.000,758.2,153,226,73,2.404,29.96,50.817546,4.39659
2026-08-06,Running,Short Morning Run,During last week I have some muscle issue behind my right knee so I did not dare to run. So today I went and it felt better.,2026-08-06_18-04-05_hk_1786032245.fit,311,2026-08-06T16:09:16.000Z,310.000,760.79,153,226,73,2.381,29.97,50.817564,4.396572
2026-08-06,Running,Short Morning Run,During last week I have some muscle issue behind my right knee so I did not dare to run. So today I went and it felt better.,2026-08-06_18-04-05_hk_1786032245.fit,312,2026-08-06T16:09:17.000Z,311.000,763.39,153,224,73,2.39,29.97,50.817582,4.396554
2026-08-06,Running,Short Morning Run,During last week I have some muscle issue behind my right knee so I did not dare to run. So today I went and it felt better.,2026-08-06_18-04-05_hk_1786032245.fit,313,2026-08-06T16:09:18.000Z,312.000,765.67,153,224,73,2.383,29.98,50.817582,4.396536
2026-08-06,Running,Short Morning Run,During last week I have some muscle issue behind my right knee so I did not dare to run. So today I went and it felt better.,2026-08-06_18-04-05_hk_1786032245.fit,314,2026-08-06T16:09:19.000Z,313.000,767.96,153,224,73,2.379,29.98,50.8176,4.396518
2026-08-06,Running,Short Morning Run,During last week I have some muscle issue behind my right knee so I did not dare to run. So today I went and it felt better.,2026-08-06_18-04-05_hk_1786032245.fit,315,2026-08-06T16:09:20.000Z,314.000,770.24,152,225,73,2.339,29.99,50.817618,4.396482
2026-08-06,Running,Short Morning Run,During last week I have some muscle issue behind my right knee so I did not dare to run. So today I went and it felt better.,2026-08-06_18-04-05_hk_1786032245.fit,316,2026-08-06T16:09:21.000Z,315.000,773.07,152,225,73,2.325,30,50.817636,4.396464
2026-08-06,Running,Short Morning Run,During last week I have some muscle issue behind my right knee so I did not dare to run. So today I went and it felt better.,2026-08-06_18-04-05_hk_1786032245.fit,317,2026-08-06T16:09:22.000Z,316.000,775.91,151,225,73,2.336,30,50.817654,4.396446
2026-08-06,Running,Short Morning Run,During last week I have some muscle issue behind my right knee so I did not dare to run. So today I went and it felt better.,2026-08-06_18-04-05_hk_1786032245.fit,318,2026-08-06T16:09:23.000Z,317.000,778.25,151,225,73,2.324,30.01,50.817654,4.39641
2026-08-06,Running,Short Morning Run,During last week I have some muscle issue behind my right knee so I did not dare to run. So today I went and it felt better.,2026-08-06_18-04-05_hk_1786032245.fit,319,2026-08-06T16:09:24.000Z,318.000,780.58,151,225,73,2.313,30.02,50.817672,4.396374
2026-08-06,Running,Short Morning Run,During last week I have some muscle issue behind my right knee so I did not dare to run. So today I went and it felt better.,2026-08-06_18-04-05_hk_1786032245.fit,320,2026-08-06T16:09:25.000Z,319.000,782.92,151,229,73,2.291,30.02,50.817672,4.396356
2026-08-06,Running,Short Morning Run,During last week I have some muscle issue behind my right knee so I did not dare to run. So today I went and it felt better.,2026-08-06_18-04-05_hk_1786032245.fit,321,2026-08-06T16:09:26.000Z,320.000,784.84,151,229,75,2.274,30.03,50.81769,4.39632
2026-08-06,Running,Short Morning Run,During last week I have some muscle issue behind my right knee so I did not dare to run. So today I went and it felt better.,2026-08-06_18-04-05_hk_1786032245.fit,322,2026-08-06T16:09:27.000Z,321.000,786.76,151,229,75,2.235,30.03,50.817708,4.396284
2026-08-06,Running,Short Morning Run,During last week I have some muscle issue behind my right knee so I did not dare to run. So today I went and it felt better.,2026-08-06_18-04-05_hk_1786032245.fit,323,2026-08-06T16:09:28.000Z,322.000,788.68,151,225,75,2.224,30.04,50.817726,4.396266
2026-08-06,Running,Short Morning Run,During last week I have some muscle issue behind my right knee so I did not dare to run. So today I went and it felt better.,2026-08-06_18-04-05_hk_1786032245.fit,324,2026-08-06T16:09:29.000Z,323.000,791.37,152,225,74,2.245,30.05,50.817726,4.396248
2026-08-06,Running,Short Morning Run,During last week I have some muscle issue behind my right knee so I did not dare to run. So today I went and it felt better.,2026-08-06_18-04-05_hk_1786032245.fit,325,2026-08-06T16:09:30.000Z,324.000,794.06,152,225,74,2.277,30.05,50.817744,4.396212
2026-08-06,Running,Short Morning Run,During last week I have some muscle issue behind my right knee so I did not dare to run. So today I went and it felt better.,2026-08-06_18-04-05_hk_1786032245.fit,326,2026-08-06T16:09:31.000Z,325.000,796.52,152,225,74,2.295,30.06,50.817762,4.396194
2026-08-06,Running,Short Morning Run,During last week I have some muscle issue behind my right knee so I did not dare to run. So today I went and it felt better.,2026-08-06_18-04-05_hk_1786032245.fit,327,2026-08-06T16:09:32.000Z,326.000,798.98,152,225,73,2.314,30.06,50.81778,4.396158
2026-08-06,Running,Short Morning Run,During last week I have some muscle issue behind my right knee so I did not dare to run. So today I went and it felt better.,2026-08-06_18-04-05_hk_1786032245.fit,328,2026-08-06T16:09:33.000Z,327.000,801.44,152,228,73,2.322,30.07,50.81778,4.39614
2026-08-06,Running,Short Morning Run,During last week I have some muscle issue behind my right knee so I did not dare to run. So today I went and it felt better.,2026-08-06_18-04-05_hk_1786032245.fit,329,2026-08-06T16:09:34.000Z,328.000,804.91,152,228,73,2.4,30.07,50.817798,4.396104
2026-08-06,Running,Short Morning Run,During last week I have some muscle issue behind my right knee so I did not dare to run. So today I went and it felt better.,2026-08-06_18-04-05_hk_1786032245.fit,330,2026-08-06T16:09:35.000Z,329.000,808.38,152,229,76,2.509,30.08,50.817798,4.396086
2026-08-06,Running,Short Morning Run,During last week I have some muscle issue behind my right knee so I did not dare to run. So today I went and it felt better.,2026-08-06_18-04-05_hk_1786032245.fit,331,2026-08-06T16:09:36.000Z,330.000,810.19,152,229,76,2.476,30.08,50.817816,4.39605
2026-08-06,Running,Short Morning Run,During last week I have some muscle issue behind my right knee so I did not dare to run. So today I went and it felt better.,2026-08-06_18-04-05_hk_1786032245.fit,332,2026-08-06T16:09:37.000Z,331.000,812,152,229,76,2.438,30.08,50.817834,4.396032
2026-08-06,Running,Short Morning Run,During last week I have some muscle issue behind my right knee so I did not dare to run. So today I went and it felt better.,2026-08-06_18-04-05_hk_1786032245.fit,333,2026-08-06T16:09:38.000Z,332.000,813.81,152,228,73,2.401,30.09,50.817852,4.396014
2026-08-06,Running,Short Morning Run,During last week I have some muscle issue behind my right knee so I did not dare to run. So today I went and it felt better.,2026-08-06_18-04-05_hk_1786032245.fit,334,2026-08-06T16:09:39.000Z,333.000,817.62,152,228,73,2.474,30.09,50.81787,4.395996
2026-08-06,Running,Short Morning Run,During last week I have some muscle issue behind my right knee so I did not dare to run. So today I went and it felt better.,2026-08-06_18-04-05_hk_1786032245.fit,335,2026-08-06T16:09:40.000Z,334.000,821.44,152,232,73,2.56,30.09,50.817906,4.395996
2026-08-06,Running,Short Morning Run,During last week I have some muscle issue behind my right knee so I did not dare to run. So today I went and it felt better.,2026-08-06_18-04-05_hk_1786032245.fit,336,2026-08-06T16:09:41.000Z,335.000,823.68,152,232,75,2.53,30.1,50.817924,4.395978
2026-08-06,Running,Short Morning Run,During last week I have some muscle issue behind my right knee so I did not dare to run. So today I went and it felt better.,2026-08-06_18-04-05_hk_1786032245.fit,337,2026-08-06T16:09:42.000Z,336.000,825.92,152,232,75,2.501,30.1,50.817942,4.39596
2026-08-06,Running,Short Morning Run,During last week I have some muscle issue behind my right knee so I did not dare to run. So today I went and it felt better.,2026-08-06_18-04-05_hk_1786032245.fit,338,2026-08-06T16:09:43.000Z,337.000,828.17,152,231,75,2.488,30.1,50.81796,4.395942
2026-08-06,Running,Short Morning Run,During last week I have some muscle issue behind my right knee so I did not dare to run. So today I went and it felt better.,2026-08-06_18-04-05_hk_1786032245.fit,339,2026-08-06T16:09:44.000Z,338.000,831.5,152,231,74,2.546,30.1,50.817978,4.395924
2026-08-06,Running,Short Morning Run,During last week I have some muscle issue behind my right knee so I did not dare to run. So today I went and it felt better.,2026-08-06_18-04-05_hk_1786032245.fit,340,2026-08-06T16:09:45.000Z,339.000,834.83,152,233,74,2.595,30.11,50.818014,4.395906
2026-08-06,Running,Short Morning Run,During last week I have some muscle issue behind my right knee so I did not dare to run. So today I went and it felt better.,2026-08-06_18-04-05_hk_1786032245.fit,341,2026-08-06T16:09:46.000Z,340.000,837.2,152,233,74,2.655,30.11,50.818032,4.395888
2026-08-06,Running,Short Morning Run,During last week I have some muscle issue behind my right knee so I did not dare to run. So today I went and it felt better.,2026-08-06_18-04-05_hk_1786032245.fit,342,2026-08-06T16:09:47.000Z,341.000,839.56,152,233,76,2.678,30.11,50.81805,4.39587
2026-08-06,Running,Short Morning Run,During last week I have some muscle issue behind my right knee so I did not dare to run. So today I went and it felt better.,2026-08-06_18-04-05_hk_1786032245.fit,343,2026-08-06T16:09:48.000Z,342.000,841.93,152,232,76,2.661,30.11,50.818068,4.395852
2026-08-06,Running,Short Morning Run,During last week I have some muscle issue behind my right knee so I did not dare to run. So today I went and it felt better.,2026-08-06_18-04-05_hk_1786032245.fit,344,2026-08-06T16:09:49.000Z,343.000,844.24,151,232,76,2.641,30.11,50.818104,4.395834
2026-08-06,Running,Short Morning Run,During last week I have some muscle issue behind my right knee so I did not dare to run. So today I went and it felt better.,2026-08-06_18-04-05_hk_1786032245.fit,345,2026-08-06T16:09:50.000Z,344.000,846.55,151,232,76,2.633,30.11,50.818122,4.395816
2026-08-06,Running,Short Morning Run,During last week I have some muscle issue behind my right knee so I did not dare to run. So today I went and it felt better.,2026-08-06_18-04-05_hk_1786032245.fit,346,2026-08-06T16:09:51.000Z,345.000,848.85,151,235,76,2.617,30.1,50.81814,4.395798
2026-08-06,Running,Short Morning Run,During last week I have some muscle issue behind my right knee so I did not dare to run. So today I went and it felt better.,2026-08-06_18-04-05_hk_1786032245.fit,347,2026-08-06T16:09:52.000Z,346.000,852.76,151,235,76,2.701,30.1,50.818158,4.39578
2026-08-06,Running,Short Morning Run,During last week I have some muscle issue behind my right knee so I did not dare to run. So today I went and it felt better.,2026-08-06_18-04-05_hk_1786032245.fit,348,2026-08-06T16:09:53.000Z,347.000,856.67,152,234,76,2.724,30.1,50.818176,4.395762
2026-08-06,Running,Short Morning Run,During last week I have some muscle issue behind my right knee so I did not dare to run. So today I went and it felt better.,2026-08-06_18-04-05_hk_1786032245.fit,349,2026-08-06T16:09:54.000Z,348.000,858.9,152,234,76,2.659,30.1,50.818194,4.395744
2026-08-06,Running,Short Morning Run,During last week I have some muscle issue behind my right knee so I did not dare to run. So today I went and it felt better.,2026-08-06_18-04-05_hk_1786032245.fit,350,2026-08-06T16:09:55.000Z,349.000,861.14,152,234,76,2.681,30.1,50.818212,4.395726
2026-08-06,Running,Short Morning Run,During last week I have some muscle issue behind my right knee so I did not dare to run. So today I went and it felt better.,2026-08-06_18-04-05_hk_1786032245.fit,351,2026-08-06T16:09:56.000Z,350.000,863.37,152,233,75,2.704,30.1,50.81823,4.395708
2026-08-06,Running,Short Morning Run,During last week I have some muscle issue behind my right knee so I did not dare to run. So today I went and it felt better.,2026-08-06_18-04-05_hk_1786032245.fit,352,2026-08-06T16:09:57.000Z,351.000,866.02,152,233,75,2.748,30.1,50.818248,4.395672
2026-08-06,Running,Short Morning Run,During last week I have some muscle issue behind my right knee so I did not dare to run. So today I went and it felt better.,2026-08-06_18-04-05_hk_1786032245.fit,353,2026-08-06T16:09:58.000Z,352.000,868.67,152,229,75,2.687,30.1,50.818284,4.395654
2026-08-06,Running,Short Morning Run,During last week I have some muscle issue behind my right knee so I did not dare to run. So today I went and it felt better.,2026-08-06_18-04-05_hk_1786032245.fit,354,2026-08-06T16:09:59.000Z,353.000,871.12,152,229,75,2.675,30.1,50.818302,4.395636
2026-08-06,Running,Short Morning Run,During last week I have some muscle issue behind my right knee so I did not dare to run. So today I went and it felt better.,2026-08-06_18-04-05_hk_1786032245.fit,355,2026-08-06T16:10:00.000Z,354.000,873.57,150,229,75,2.607,30.1,50.81832,4.395618
2026-08-06,Running,Short Morning Run,During last week I have some muscle issue behind my right knee so I did not dare to run. So today I went and it felt better.,2026-08-06_18-04-05_hk_1786032245.fit,356,2026-08-06T16:10:01.000Z,355.000,876.02,151,229,75,2.636,30.1,50.818338,4.3956
2026-08-06,Running,Short Morning Run,During last week I have some muscle issue behind my right knee so I did not dare to run. So today I went and it felt better.,2026-08-06_18-04-05_hk_1786032245.fit,357,2026-08-06T16:10:02.000Z,356.000,879.23,151,229,74,2.687,30.1,50.818356,4.3956
2026-08-06,Running,Short Morning Run,During last week I have some muscle issue behind my right knee so I did not dare to run. So today I went and it felt better.,2026-08-06_18-04-05_hk_1786032245.fit,358,2026-08-06T16:10:03.000Z,357.000,882.44,151,227,74,2.681,30.1,50.818374,4.395582
2026-08-06,Running,Short Morning Run,During last week I have some muscle issue behind my right knee so I did not dare to run. So today I went and it felt better.,2026-08-06_18-04-05_hk_1786032245.fit,359,2026-08-06T16:10:04.000Z,358.000,884.01,151,227,74,2.626,30.1,50.818392,4.395564
2026-08-06,Running,Short Morning Run,During last week I have some muscle issue behind my right knee so I did not dare to run. So today I went and it felt better.,2026-08-06_18-04-05_hk_1786032245.fit,360,2026-08-06T16:10:05.000Z,359.000,885.59,151,227,73,2.538,30.09,50.81841,4.395546
2026-08-06,Running,Short Morning Run,During last week I have some muscle issue behind my right knee so I did not dare to run. So today I went and it felt better.,2026-08-06_18-04-05_hk_1786032245.fit,361,2026-08-06T16:10:06.000Z,360.000,887.16,151,223,73,2.492,30.09,50.818428,4.395528
2026-08-06,Running,Short Morning Run,During last week I have some muscle issue behind my right knee so I did not dare to run. So today I went and it felt better.,2026-08-06_18-04-05_hk_1786032245.fit,362,2026-08-06T16:10:07.000Z,361.000,891.12,152,223,73,2.578,30.08,50.818446,4.39551
2026-08-06,Running,Short Morning Run,During last week I have some muscle issue behind my right knee so I did not dare to run. So today I went and it felt better.,2026-08-06_18-04-05_hk_1786032245.fit,363,2026-08-06T16:10:08.000Z,362.000,895.08,152,146,76,2.676,30.08,50.818464,4.395492
2026-08-06,Running,Short Morning Run,During last week I have some muscle issue behind my right knee so I did not dare to run. So today I went and it felt better.,2026-08-06_18-04-05_hk_1786032245.fit,364,2026-08-06T16:10:09.000Z,363.000,896.98,152,146,76,2.654,30.07,50.818482,4.395474
2026-08-06,Running,Short Morning Run,During last week I have some muscle issue behind my right knee so I did not dare to run. So today I went and it felt better.,2026-08-06_18-04-05_hk_1786032245.fit,365,2026-08-06T16:10:10.000Z,364.000,898.88,152,146,76,2.633,30.06,50.8185,4.395438
2026-08-06,Running,Short Morning Run,During last week I have some muscle issue behind my right knee so I did not dare to run. So today I went and it felt better.,2026-08-06_18-04-05_hk_1786032245.fit,366,2026-08-06T16:10:11.000Z,365.000,900.77,152,142,74,2.596,30.05,50.818518,4.39542
2026-08-06,Running,Short Morning Run,During last week I have some muscle issue behind my right knee so I did not dare to run. So today I went and it felt better.,2026-08-06_18-04-05_hk_1786032245.fit,367,2026-08-06T16:10:12.000Z,366.000,903.21,152,142,74,2.523,30.04,50.818536,4.395402
2026-08-06,Running,Short Morning Run,During last week I have some muscle issue behind my right knee so I did not dare to run. So today I went and it felt better.,2026-08-06_18-04-05_hk_1786032245.fit,368,2026-08-06T16:10:13.000Z,367.000,905.65,152,142,74,2.519,30.04,50.818572,4.395384
2026-08-06,Running,Short Morning Run,During last week I have some muscle issue behind my right knee so I did not dare to run. So today I went and it felt better.,2026-08-06_18-04-05_hk_1786032245.fit,369,2026-08-06T16:10:14.000Z,368.000,908.09,154,144,76,2.449,30.03,50.81859,4.395366
2026-08-06,Running,Short Morning Run,During last week I have some muscle issue behind my right knee so I did not dare to run. So today I went and it felt better.,2026-08-06_18-04-05_hk_1786032245.fit,370,2026-08-06T16:10:15.000Z,369.000,911.35,154,144,76,2.511,30.02,50.818608,4.395348
2026-08-06,Running,Short Morning Run,During last week I have some muscle issue behind my right knee so I did not dare to run. So today I went and it felt better.,2026-08-06_18-04-05_hk_1786032245.fit,371,2026-08-06T16:10:16.000Z,370.000,914.62,154,144,76,2.562,30.01,50.818626,4.39533
2026-08-06,Running,Short Morning Run,During last week I have some muscle issue behind my right knee so I did not dare to run. So today I went and it felt better.,2026-08-06_18-04-05_hk_1786032245.fit,372,2026-08-06T16:10:17.000Z,371.000,916.84,154,144,75,2.541,30,50.818644,4.395312
2026-08-06,Running,Short Morning Run,During last week I have some muscle issue behind my right knee so I did not dare to run. So today I went and it felt better.,2026-08-06_18-04-05_hk_1786032245.fit,373,2026-08-06T16:10:18.000Z,372.000,919.06,154,144,75,2.519,29.99,50.818662,4.395294
2026-08-06,Running,Short Morning Run,During last week I have some muscle issue behind my right knee so I did not dare to run. So today I went and it felt better.,2026-08-06_18-04-05_hk_1786032245.fit,374,2026-08-06T16:10:19.000Z,373.000,921.28,154,143,75,2.508,29.98,50.81868,4.395258
2026-08-06,Running,Short Morning Run,During last week I have some muscle issue behind my right knee so I did not dare to run. So today I went and it felt better.,2026-08-06_18-04-05_hk_1786032245.fit,375,2026-08-06T16:10:20.000Z,374.000,925,154,143,75,2.572,29.98,50.818698,4.39524
2026-08-06,Running,Short Morning Run,During last week I have some muscle issue behind my right knee so I did not dare to run. So today I went and it felt better.,2026-08-06_18-04-05_hk_1786032245.fit,376,2026-08-06T16:10:21.000Z,375.000,928.72,154,144,75,2.635,29.97,50.818716,4.395222
2026-08-06,Running,Short Morning Run,During last week I have some muscle issue behind my right knee so I did not dare to run. So today I went and it felt better.,2026-08-06_18-04-05_hk_1786032245.fit,377,2026-08-06T16:10:22.000Z,376.000,930.86,154,144,75,2.582,29.96,50.818734,4.395204
2026-08-06,Running,Short Morning Run,During last week I have some muscle issue behind my right knee so I did not dare to run. So today I went and it felt better.,2026-08-06_18-04-05_hk_1786032245.fit,378,2026-08-06T16:10:23.000Z,377.000,933,154,144,74,2.528,29.96,50.818752,4.395168
2026-08-06,Running,Short Morning Run,During last week I have some muscle issue behind my right knee so I did not dare to run. So today I went and it felt better.,2026-08-06_18-04-05_hk_1786032245.fit,379,2026-08-06T16:10:24.000Z,378.000,935.14,154,145,74,2.556,29.95,50.81877,4.39515
2026-08-06,Running,Short Morning Run,During last week I have some muscle issue behind my right knee so I did not dare to run. So today I went and it felt better.,2026-08-06_18-04-05_hk_1786032245.fit,380,2026-08-06T16:10:25.000Z,379.000,938.32,154,145,74,2.692,29.95,50.818788,4.395132
2026-08-06,Running,Short Morning Run,During last week I have some muscle issue behind my right knee so I did not dare to run. So today I went and it felt better.,2026-08-06_18-04-05_hk_1786032245.fit,381,2026-08-06T16:10:26.000Z,380.000,941.49,154,146,73,2.651,29.94,50.818806,4.395132
2026-08-06,Running,Short Morning Run,During last week I have some muscle issue behind my right knee so I did not dare to run. So today I went and it felt better.,2026-08-06_18-04-05_hk_1786032245.fit,382,2026-08-06T16:10:27.000Z,381.000,943.6,154,146,73,2.624,29.93,50.818824,4.395114
2026-08-06,Running,Short Morning Run,During last week I have some muscle issue behind my right knee so I did not dare to run. So today I went and it felt better.,2026-08-06_18-04-05_hk_1786032245.fit,383,2026-08-06T16:10:28.000Z,382.000,945.72,154,146,73,2.532,29.93,50.81886,4.395096
2026-08-06,Running,Short Morning Run,During last week I have some muscle issue behind my right knee so I did not dare to run. So today I went and it felt better.,2026-08-06_18-04-05_hk_1786032245.fit,384,2026-08-06T16:10:29.000Z,383.000,947.84,155,146,76,2.543,29.92,50.818878,4.395096
2026-08-06,Running,Short Morning Run,During last week I have some muscle issue behind my right knee so I did not dare to run. So today I went and it felt better.,2026-08-06_18-04-05_hk_1786032245.fit,385,2026-08-06T16:10:30.000Z,384.000,949.58,155,146,76,2.535,29.91,50.818896,4.395078
2026-08-06,Running,Short Morning Run,During last week I have some muscle issue behind my right knee so I did not dare to run. So today I went and it felt better.,2026-08-06_18-04-05_hk_1786032245.fit,386,2026-08-06T16:10:31.000Z,385.000,951.33,154,146,76,2.528,29.9,50.818914,4.39506
2026-08-06,Running,Short Morning Run,During last week I have some muscle issue behind my right knee so I did not dare to run. So today I went and it felt better.,2026-08-06_18-04-05_hk_1786032245.fit,387,2026-08-06T16:10:32.000Z,386.000,953.08,154,144,73,2.491,29.89,50.818932,4.39506
2026-08-06,Running,Short Morning Run,During last week I have some muscle issue behind my right knee so I did not dare to run. So today I went and it felt better.,2026-08-06_18-04-05_hk_1786032245.fit,388,2026-08-06T16:10:33.000Z,387.000,955.83,154,144,73,2.509,29.88,50.81895,4.395024
2026-08-06,Running,Short Morning Run,During last week I have some muscle issue behind my right knee so I did not dare to run. So today I went and it felt better.,2026-08-06_18-04-05_hk_1786032245.fit,389,2026-08-06T16:10:34.000Z,388.000,958.58,154,144,73,2.524,29.88,50.818968,4.395006
2026-08-06,Running,Short Morning Run,During last week I have some muscle issue behind my right knee so I did not dare to run. So today I went and it felt better.,2026-08-06_18-04-05_hk_1786032245.fit,390,2026-08-06T16:10:35.000Z,389.000,961.22,154,144,75,2.53,29.87,50.818986,4.394988
2026-08-06,Running,Short Morning Run,During last week I have some muscle issue behind my right knee so I did not dare to run. So today I went and it felt better.,2026-08-06_18-04-05_hk_1786032245.fit,391,2026-08-06T16:10:36.000Z,390.000,963.86,154,144,75,2.5,29.86,50.818986,4.39497
2026-08-06,Running,Short Morning Run,During last week I have some muscle issue behind my right knee so I did not dare to run. So today I went and it felt better.,2026-08-06_18-04-05_hk_1786032245.fit,392,2026-08-06T16:10:37.000Z,391.000,966.5,154,146,75,2.47,29.85,50.819004,4.394934
2026-08-06,Running,Short Morning Run,During last week I have some muscle issue behind my right knee so I did not dare to run. So today I went and it felt better.,2026-08-06_18-04-05_hk_1786032245.fit,393,2026-08-06T16:10:38.000Z,392.000,968.5,154,146,74,2.46,29.85,50.819022,4.394916
2026-08-06,Running,Short Morning Run,During last week I have some muscle issue behind my right knee so I did not dare to run. So today I went and it felt better.,2026-08-06_18-04-05_hk_1786032245.fit,394,2026-08-06T16:10:39.000Z,393.000,970.5,154,142,74,2.45,29.84,50.81904,4.394898
2026-08-06,Running,Short Morning Run,During last week I have some muscle issue behind my right knee so I did not dare to run. So today I went and it felt better.,2026-08-06_18-04-05_hk_1786032245.fit,395,2026-08-06T16:10:40.000Z,394.000,972.31,154,142,74,2.43,29.84,50.819058,4.394862
2026-08-06,Running,Short Morning Run,During last week I have some muscle issue behind my right knee so I did not dare to run. So today I went and it felt better.,2026-08-06_18-04-05_hk_1786032245.fit,396,2026-08-06T16:10:41.000Z,395.000,974.11,154,142,73,2.401,29.83,50.819058,4.394826
2026-08-06,Running,Short Morning Run,During last week I have some muscle issue behind my right knee so I did not dare to run. So today I went and it felt better.,2026-08-06_18-04-05_hk_1786032245.fit,397,2026-08-06T16:10:42.000Z,396.000,975.91,154,141,73,2.314,29.83,50.819076,4.394808
2026-08-06,Running,Short Morning Run,During last week I have some muscle issue behind my right knee so I did not dare to run. So today I went and it felt better.,2026-08-06_18-04-05_hk_1786032245.fit,398,2026-08-06T16:10:43.000Z,397.000,981.51,154,141,73,2.412,29.83,50.819094,4.394754
2026-08-06,Running,Short Morning Run,During last week I have some muscle issue behind my right knee so I did not dare to run. So today I went and it felt better.,2026-08-06_18-04-05_hk_1786032245.fit,399,2026-08-06T16:10:44.000Z,398.000,987.12,154,152,76,2.599,29.83,50.819112,4.394718
2026-08-06,Running,Short Morning Run,During last week I have some muscle issue behind my right knee so I did not dare to run. So today I went and it felt better.,2026-08-06_18-04-05_hk_1786032245.fit,400,2026-08-06T16:10:45.000Z,399.000,989.6,153,152,76,2.564,29.82,50.81913,4.394682
2026-08-06,Running,Short Morning Run,During last week I have some muscle issue behind my right knee so I did not dare to run. So today I went and it felt better.,2026-08-06_18-04-05_hk_1786032245.fit,401,2026-08-06T16:10:46.000Z,400.000,992.09,153,152,76,2.53,29.82,50.819148,4.394664
2026-08-06,Running,Short Morning Run,During last week I have some muscle issue behind my right knee so I did not dare to run. So today I went and it felt better.,2026-08-06_18-04-05_hk_1786032245.fit,402,2026-08-06T16:10:47.000Z,401.000,994.57,153,156,74,2.549,29.81,50.819166,4.394628
2026-08-06,Running,Short Morning Run,During last week I have some muscle issue behind my right knee so I did not dare to run. So today I went and it felt better.,2026-08-06_18-04-05_hk_1786032245.fit,403,2026-08-06T16:10:48.000Z,402.000,998.86,153,156,74,2.685,29.81,50.819184,4.39461
2026-08-06,Running,Short Morning Run,During last week I have some muscle issue behind my right knee so I did not dare to run. So today I went and it felt better.,2026-08-06_18-04-05_hk_1786032245.fit,404,2026-08-06T16:10:49.000Z,403.000,1003.14,152,159,74,2.945,29.8,50.819202,4.394574
2026-08-06,Running,Short Morning Run,During last week I have some muscle issue behind my right knee so I did not dare to run. So today I went and it felt better.,2026-08-06_18-04-05_hk_1786032245.fit,405,2026-08-06T16:10:50.000Z,404.000,1005.3,152,159,76,2.901,29.8,50.81922,4.394556
2026-08-06,Running,Short Morning Run,During last week I have some muscle issue behind my right knee so I did not dare to run. So today I went and it felt better.,2026-08-06_18-04-05_hk_1786032245.fit,406,2026-08-06T16:10:51.000Z,405.000,1007.46,152,159,76,2.868,29.79,50.819238,4.39452
2026-08-06,Running,Short Morning Run,During last week I have some muscle issue behind my right knee so I did not dare to run. So today I went and it felt better.,2026-08-06_18-04-05_hk_1786032245.fit,407,2026-08-06T16:10:52.000Z,406.000,1009.62,152,160,76,2.836,29.78,50.819256,4.394502
2026-08-06,Running,Short Morning Run,During last week I have some muscle issue behind my right knee so I did not dare to run. So today I went and it felt better.,2026-08-06_18-04-05_hk_1786032245.fit,408,2026-08-06T16:10:53.000Z,407.000,1011.93,152,160,76,2.817,29.78,50.819274,4.394484
2026-08-06,Running,Short Morning Run,During last week I have some muscle issue behind my right knee so I did not dare to run. So today I went and it felt better.,2026-08-06_18-04-05_hk_1786032245.fit,409,2026-08-06T16:10:54.000Z,408.000,1014.23,152,160,76,2.798,29.77,50.819292,4.394448
2026-08-06,Running,Short Morning Run,During last week I have some muscle issue behind my right knee so I did not dare to run. So today I went and it felt better.,2026-08-06_18-04-05_hk_1786032245.fit,410,2026-08-06T16:10:55.000Z,409.000,1016.53,152,159,76,2.78,29.76,50.81931,4.39443
2026-08-06,Running,Short Morning Run,During last week I have some muscle issue behind my right knee so I did not dare to run. So today I went and it felt better.,2026-08-06_18-04-05_hk_1786032245.fit,411,2026-08-06T16:10:56.000Z,410.000,1019.82,152,159,76,2.851,29.75,50.819328,4.394412
2026-08-06,Running,Short Morning Run,During last week I have some muscle issue behind my right knee so I did not dare to run. So today I went and it felt better.,2026-08-06_18-04-05_hk_1786032245.fit,412,2026-08-06T16:10:57.000Z,411.000,1023.1,152,158,76,2.988,29.75,50.819364,4.394376
2026-08-06,Running,Short Morning Run,During last week I have some muscle issue behind my right knee so I did not dare to run. So today I went and it felt better.,2026-08-06_18-04-05_hk_1786032245.fit,413,2026-08-06T16:10:58.000Z,412.000,1025.45,152,158,76,3.02,29.74,50.819382,4.394358
2026-08-06,Running,Short Morning Run,During last week I have some muscle issue behind my right knee so I did not dare to run. So today I went and it felt better.,2026-08-06_18-04-05_hk_1786032245.fit,414,2026-08-06T16:10:59.000Z,413.000,1027.8,152,158,73,3.052,29.73,50.8194,4.39434
2026-08-06,Running,Short Morning Run,During last week I have some muscle issue behind my right knee so I did not dare to run. So today I went and it felt better.,2026-08-06_18-04-05_hk_1786032245.fit,415,2026-08-06T16:11:00.000Z,414.000,1030.14,153,159,73,3.013,29.72,50.8194,4.394304
2026-08-06,Running,Short Morning Run,During last week I have some muscle issue behind my right knee so I did not dare to run. So today I went and it felt better.,2026-08-06_18-04-05_hk_1786032245.fit,416,2026-08-06T16:11:01.000Z,415.000,1034.14,153,159,73,2.924,29.72,50.819418,4.394286
2026-08-06,Running,Short Morning Run,During last week I have some muscle issue behind my right knee so I did not dare to run. So today I went and it felt better.,2026-08-06_18-04-05_hk_1786032245.fit,417,2026-08-06T16:11:02.000Z,416.000,1038.13,153,159,76,2.834,29.71,50.819436,4.39425
2026-08-06,Running,Short Morning Run,During last week I have some muscle issue behind my right knee so I did not dare to run. So today I went and it felt better.,2026-08-06_18-04-05_hk_1786032245.fit,418,2026-08-06T16:11:03.000Z,417.000,1040.18,153,159,76,2.81,29.71,50.819454,4.394232
2026-08-06,Running,Short Morning Run,During last week I have some muscle issue behind my right knee so I did not dare to run. So today I went and it felt better.,2026-08-06_18-04-05_hk_1786032245.fit,419,2026-08-06T16:11:04.000Z,418.000,1042.22,153,159,76,2.785,29.7,50.819472,4.394214
2026-08-06,Running,Short Morning Run,During last week I have some muscle issue behind my right knee so I did not dare to run. So today I went and it felt better.,2026-08-06_18-04-05_hk_1786032245.fit,420,2026-08-06T16:11:05.000Z,419.000,1044.27,153,158,73,2.746,29.7,50.81949,4.394178
2026-08-06,Running,Short Morning Run,During last week I have some muscle issue behind my right knee so I did not dare to run. So today I went and it felt better.,2026-08-06_18-04-05_hk_1786032245.fit,421,2026-08-06T16:11:06.000Z,420.000,1047.61,153,158,73,2.791,29.69,50.819526,4.39416
2026-08-06,Running,Short Morning Run,During last week I have some muscle issue behind my right knee so I did not dare to run. So today I went and it felt better.,2026-08-06_18-04-05_hk_1786032245.fit,422,2026-08-06T16:11:07.000Z,421.000,1050.95,153,158,73,2.742,29.69,50.819544,4.394142
2026-08-06,Running,Short Morning Run,During last week I have some muscle issue behind my right knee so I did not dare to run. So today I went and it felt better.,2026-08-06_18-04-05_hk_1786032245.fit,423,2026-08-06T16:11:08.000Z,422.000,1053.13,153,158,75,2.714,29.69,50.819562,4.394124
2026-08-06,Running,Short Morning Run,During last week I have some muscle issue behind my right knee so I did not dare to run. So today I went and it felt better.,2026-08-06_18-04-05_hk_1786032245.fit,424,2026-08-06T16:11:09.000Z,423.000,1055.31,154,158,75,2.632,29.68,50.81958,4.394106
2026-08-06,Running,Short Morning Run,During last week I have some muscle issue behind my right knee so I did not dare to run. So today I went and it felt better.,2026-08-06_18-04-05_hk_1786032245.fit,425,2026-08-06T16:11:10.000Z,424.000,1057.49,154,155,75,2.633,29.68,50.819598,4.394088
2026-08-06,Running,Short Morning Run,During last week I have some muscle issue behind my right knee so I did not dare to run. So today I went and it felt better.,2026-08-06_18-04-05_hk_1786032245.fit,426,2026-08-06T16:11:11.000Z,425.000,1060.56,154,155,74,2.681,29.67,50.819616,4.39407
2026-08-06,Running,Short Morning Run,During last week I have some muscle issue behind my right knee so I did not dare to run. So today I went and it felt better.,2026-08-06_18-04-05_hk_1786032245.fit,427,2026-08-06T16:11:12.000Z,426.000,1063.62,153,154,74,2.721,29.67,50.819634,4.394052
2026-08-06,Running,Short Morning Run,During last week I have some muscle issue behind my right knee so I did not dare to run. So today I went and it felt better.,2026-08-06_18-04-05_hk_1786032245.fit,428,2026-08-06T16:11:13.000Z,427.000,1065.94,153,154,74,2.722,29.66,50.819652,4.394016
2026-08-06,Running,Short Morning Run,During last week I have some muscle issue behind my right knee so I did not dare to run. So today I went and it felt better.,2026-08-06_18-04-05_hk_1786032245.fit,429,2026-08-06T16:11:14.000Z,428.000,1068.26,153,154,73,2.722,29.66,50.81967,4.393998
2026-08-06,Running,Short Morning Run,During last week I have some muscle issue behind my right knee so I did not dare to run. So today I went and it felt better.,2026-08-06_18-04-05_hk_1786032245.fit,430,2026-08-06T16:11:15.000Z,429.000,1070.58,153,156,73,2.672,29.65,50.819688,4.393962
2026-08-06,Running,Short Morning Run,During last week I have some muscle issue behind my right knee so I did not dare to run. So today I went and it felt better.,2026-08-06_18-04-05_hk_1786032245.fit,431,2026-08-06T16:11:16.000Z,430.000,1073.19,153,156,73,2.636,29.65,50.819706,4.393944
2026-08-06,Running,Short Morning Run,During last week I have some muscle issue behind my right knee so I did not dare to run. So today I went and it felt better.,2026-08-06_18-04-05_hk_1786032245.fit,432,2026-08-06T16:11:17.000Z,431.000,1075.8,153,156,76,2.65,29.64,50.819724,4.393908
2026-08-06,Running,Short Morning Run,During last week I have some muscle issue behind my right knee so I did not dare to run. So today I went and it felt better.,2026-08-06_18-04-05_hk_1786032245.fit,433,2026-08-06T16:11:18.000Z,432.000,1078.4,153,157,76,2.664,29.64,50.819724,4.39389
2026-08-06,Running,Short Morning Run,During last week I have some muscle issue behind my right knee so I did not dare to run. So today I went and it felt better.,2026-08-06_18-04-05_hk_1786032245.fit,434,2026-08-06T16:11:19.000Z,433.000,1081.46,153,157,76,2.701,29.63,50.819742,4.393854
2026-08-06,Running,Short Morning Run,During last week I have some muscle issue behind my right knee so I did not dare to run. So today I went and it felt better.,2026-08-06_18-04-05_hk_1786032245.fit,435,2026-08-06T16:11:20.000Z,434.000,1084.51,151,154,74,2.651,29.63,50.81976,4.393818
2026-08-06,Running,Short Morning Run,During last week I have some muscle issue behind my right knee so I did not dare to run. So today I went and it felt better.,2026-08-06_18-04-05_hk_1786032245.fit,436,2026-08-06T16:11:21.000Z,435.000,1086.68,152,154,74,2.627,29.63,50.819778,4.3938
2026-08-06,Running,Short Morning Run,During last week I have some muscle issue behind my right knee so I did not dare to run. So today I went and it felt better.,2026-08-06_18-04-05_hk_1786032245.fit,437,2026-08-06T16:11:22.000Z,436.000,1088.85,152,154,74,2.536,29.62,50.819796,4.393764
2026-08-06,Running,Short Morning Run,During last week I have some muscle issue behind my right knee so I did not dare to run. So today I went and it felt better.,2026-08-06_18-04-05_hk_1786032245.fit,438,2026-08-06T16:11:23.000Z,437.000,1091.02,152,153,76,2.542,29.61,50.819814,4.393746
2026-08-06,Running,Short Morning Run,During last week I have some muscle issue behind my right knee so I did not dare to run. So today I went and it felt better.,2026-08-06_18-04-05_hk_1786032245.fit,439,2026-08-06T16:11:24.000Z,438.000,1095.08,152,153,76,2.674,29.61,50.819814,4.39371
2026-08-06,Running,Short Morning Run,During last week I have some muscle issue behind my right knee so I did not dare to run. So today I went and it felt better.,2026-08-06_18-04-05_hk_1786032245.fit,440,2026-08-06T16:11:25.000Z,439.000,1099.14,152,159,76,2.712,29.6,50.819832,4.393692
2026-08-06,Running,Short Morning Run,During last week I have some muscle issue behind my right knee so I did not dare to run. So today I went and it felt better.,2026-08-06_18-04-05_hk_1786032245.fit,441,2026-08-06T16:11:26.000Z,440.000,1101.17,152,159,75,2.643,29.59,50.81985,4.393656
2026-08-06,Running,Short Morning Run,During last week I have some muscle issue behind my right knee so I did not dare to run. So today I went and it felt better.,2026-08-06_18-04-05_hk_1786032245.fit,442,2026-08-06T16:11:27.000Z,441.000,1103.2,152,159,75,2.635,29.59,50.819868,4.393638
2026-08-06,Running,Short Morning Run,During last week I have some muscle issue behind my right knee so I did not dare to run. So today I went and it felt better.,2026-08-06_18-04-05_hk_1786032245.fit,443,2026-08-06T16:11:28.000Z,442.000,1105.23,152,158,75,2.605,29.58,50.819886,4.393602
2026-08-06,Running,Short Morning Run,During last week I have some muscle issue behind my right knee so I did not dare to run. So today I went and it felt better.,2026-08-06_18-04-05_hk_1786032245.fit,444,2026-08-06T16:11:29.000Z,443.000,1108.46,152,158,75,2.683,29.57,50.819904,4.393584
2026-08-06,Running,Short Morning Run,During last week I have some muscle issue behind my right knee so I did not dare to run. So today I went and it felt better.,2026-08-06_18-04-05_hk_1786032245.fit,445,2026-08-06T16:11:30.000Z,444.000,1111.69,152,156,75,2.691,29.57,50.819922,4.393566
2026-08-06,Running,Short Morning Run,During last week I have some muscle issue behind my right knee so I did not dare to run. So today I went and it felt better.,2026-08-06_18-04-05_hk_1786032245.fit,446,2026-08-06T16:11:31.000Z,445.000,1113.87,152,156,75,2.645,29.56,50.81994,4.393566
2026-08-06,Running,Short Morning Run,During last week I have some muscle issue behind my right knee so I did not dare to run. So today I went and it felt better.,2026-08-06_18-04-05_hk_1786032245.fit,447,2026-08-06T16:11:32.000Z,446.000,1116.05,152,156,74,2.637,29.56,50.819958,4.393548
2026-08-06,Running,Short Morning Run,During last week I have some muscle issue behind my right knee so I did not dare to run. So today I went and it felt better.,2026-08-06_18-04-05_hk_1786032245.fit,448,2026-08-06T16:11:33.000Z,447.000,1118.24,152,157,74,2.615,29.55,50.819976,4.39353
2026-08-06,Running,Short Morning Run,During last week I have some muscle issue behind my right knee so I did not dare to run. So today I went and it felt better.,2026-08-06_18-04-05_hk_1786032245.fit,449,2026-08-06T16:11:34.000Z,448.000,1120.34,152,157,74,2.604,29.55,50.819994,4.39353
2026-08-06,Running,Short Morning Run,During last week I have some muscle issue behind my right knee so I did not dare to run. So today I went and it felt better.,2026-08-06_18-04-05_hk_1786032245.fit,450,2026-08-06T16:11:35.000Z,449.000,1122.44,152,157,76,2.593,29.55,50.820012,4.39353
2026-08-06,Running,Short Morning Run,During last week I have some muscle issue behind my right knee so I did not dare to run. So today I went and it felt better.,2026-08-06_18-04-05_hk_1786032245.fit,451,2026-08-06T16:11:36.000Z,450.000,1124.55,152,157,76,2.568,29.55,50.820048,4.393512
2026-08-06,Running,Short Morning Run,During last week I have some muscle issue behind my right knee so I did not dare to run. So today I went and it felt better.,2026-08-06_18-04-05_hk_1786032245.fit,452,2026-08-06T16:11:37.000Z,451.000,1127.44,152,157,76,2.582,29.55,50.820066,4.393512
2026-08-06,Running,Short Morning Run,During last week I have some muscle issue behind my right knee so I did not dare to run. So today I went and it felt better.,2026-08-06_18-04-05_hk_1786032245.fit,453,2026-08-06T16:11:38.000Z,452.000,1130.34,154,157,76,2.597,29.55,50.820084,4.393494
2026-08-06,Running,Short Morning Run,During last week I have some muscle issue behind my right knee so I did not dare to run. So today I went and it felt better.,2026-08-06_18-04-05_hk_1786032245.fit,454,2026-08-06T16:11:39.000Z,453.000,1132.37,154,157,76,2.546,29.54,50.820102,4.393494
2026-08-06,Running,Short Morning Run,During last week I have some muscle issue behind my right knee so I did not dare to run. So today I went and it felt better.,2026-08-06_18-04-05_hk_1786032245.fit,455,2026-08-06T16:11:40.000Z,454.000,1134.41,154,157,76,2.521,29.54,50.82012,4.393494
2026-08-06,Running,Short Morning Run,During last week I have some muscle issue behind my right knee so I did not dare to run. So today I went and it felt better.,2026-08-06_18-04-05_hk_1786032245.fit,456,2026-08-06T16:11:41.000Z,455.000,1136.44,155,157,74,2.473,29.54,50.820156,4.393494
2026-08-06,Running,Short Morning Run,During last week I have some muscle issue behind my right knee so I did not dare to run. So today I went and it felt better.,2026-08-06_18-04-05_hk_1786032245.fit,457,2026-08-06T16:11:42.000Z,456.000,1139.67,155,157,74,2.541,29.54,50.820174,4.393476
2026-08-06,Running,Short Morning Run,During last week I have some muscle issue behind my right knee so I did not dare to run. So today I went and it felt better.,2026-08-06_18-04-05_hk_1786032245.fit,458,2026-08-06T16:11:43.000Z,457.000,1142.9,155,156,74,2.594,29.54,50.820192,4.393476
2026-08-06,Running,Short Morning Run,During last week I have some muscle issue behind my right knee so I did not dare to run. So today I went and it felt better.,2026-08-06_18-04-05_hk_1786032245.fit,459,2026-08-06T16:11:44.000Z,458.000,1145.13,155,156,75,2.502,29.54,50.82021,4.393458
2026-08-06,Running,Short Morning Run,During last week I have some muscle issue behind my right knee so I did not dare to run. So today I went and it felt better.,2026-08-06_18-04-05_hk_1786032245.fit,460,2026-08-06T16:11:45.000Z,459.000,1147.35,155,156,75,2.489,29.54,50.820228,4.39344
2026-08-06,Running,Short Morning Run,During last week I have some muscle issue behind my right knee so I did not dare to run. So today I went and it felt better.,2026-08-06_18-04-05_hk_1786032245.fit,461,2026-08-06T16:11:46.000Z,460.000,1149.58,155,157,75,2.402,29.54,50.820246,4.393422
2026-08-06,Running,Short Morning Run,During last week I have some muscle issue behind my right knee so I did not dare to run. So today I went and it felt better.,2026-08-06_18-04-05_hk_1786032245.fit,462,2026-08-06T16:11:47.000Z,461.000,1153.15,155,157,75,2.475,29.54,50.820264,4.393386
2026-08-06,Running,Short Morning Run,During last week I have some muscle issue behind my right knee so I did not dare to run. So today I went and it felt better.,2026-08-06_18-04-05_hk_1786032245.fit,463,2026-08-06T16:11:48.000Z,462.000,1156.71,155,157,75,2.574,29.54,50.820282,4.393368
2026-08-06,Running,Short Morning Run,During last week I have some muscle issue behind my right knee so I did not dare to run. So today I went and it felt better.,2026-08-06_18-04-05_hk_1786032245.fit,464,2026-08-06T16:11:49.000Z,463.000,1158.77,155,157,75,2.515,29.54,50.8203,4.393332
2026-08-06,Running,Short Morning Run,During last week I have some muscle issue behind my right knee so I did not dare to run. So today I went and it felt better.,2026-08-06_18-04-05_hk_1786032245.fit,465,2026-08-06T16:11:50.000Z,464.000,1160.83,154,157,76,2.494,29.54,50.820318,4.393296
2026-08-06,Running,Short Morning Run,During last week I have some muscle issue behind my right knee so I did not dare to run. So today I went and it felt better.,2026-08-06_18-04-05_hk_1786032245.fit,466,2026-08-06T16:11:51.000Z,465.000,1162.9,154,156,76,2.438,29.54,50.820318,4.39326
2026-08-06,Running,Short Morning Run,During last week I have some muscle issue behind my right knee so I did not dare to run. So today I went and it felt better.,2026-08-06_18-04-05_hk_1786032245.fit,467,2026-08-06T16:11:52.000Z,466.000,1167.24,154,156,76,2.559,29.54,50.820336,4.393224
2026-08-06,Running,Short Morning Run,During last week I have some muscle issue behind my right knee so I did not dare to run. So today I went and it felt better.,2026-08-06_18-04-05_hk_1786032245.fit,468,2026-08-06T16:11:53.000Z,467.000,1171.58,154,202,73,2.697,29.54,50.820354,4.393188
2026-08-06,Running,Short Morning Run,During last week I have some muscle issue behind my right knee so I did not dare to run. So today I went and it felt better.,2026-08-06_18-04-05_hk_1786032245.fit,469,2026-08-06T16:11:54.000Z,468.000,1175.38,154,202,73,2.824,29.53,50.820354,4.393134
2026-08-06,Running,Short Morning Run,During last week I have some muscle issue behind my right knee so I did not dare to run. So today I went and it felt better.,2026-08-06_18-04-05_hk_1786032245.fit,470,2026-08-06T16:11:55.000Z,469.000,1179.19,154,202,73,2.875,29.53,50.820372,4.393098
2026-08-06,Running,Short Morning Run,During last week I have some muscle issue behind my right knee so I did not dare to run. So today I went and it felt better.,2026-08-06_18-04-05_hk_1786032245.fit,471,2026-08-06T16:11:56.000Z,470.000,1182.99,154,200,76,2.977,29.53,50.820372,4.393062
2026-08-06,Running,Short Morning Run,During last week I have some muscle issue behind my right knee so I did not dare to run. So today I went and it felt better.,2026-08-06_18-04-05_hk_1786032245.fit,472,2026-08-06T16:11:57.000Z,471.000,1186.58,154,200,76,3.134,29.53,50.82039,4.393008
2026-08-06,Running,Short Morning Run,During last week I have some muscle issue behind my right knee so I did not dare to run. So today I went and it felt better.,2026-08-06_18-04-05_hk_1786032245.fit,473,2026-08-06T16:11:58.000Z,472.000,1190.18,154,200,76,3.157,29.52,50.82039,4.392972
2026-08-06,Running,Short Morning Run,During last week I have some muscle issue behind my right knee so I did not dare to run. So today I went and it felt better.,2026-08-06_18-04-05_hk_1786032245.fit,474,2026-08-06T16:11:59.000Z,473.000,1193.77,154,195,73,3.179,29.52,50.82039,4.392936
2026-08-06,Running,Short Morning Run,During last week I have some muscle issue behind my right knee so I did not dare to run. So today I went and it felt better.,2026-08-06_18-04-05_hk_1786032245.fit,475,2026-08-06T16:12:00.000Z,474.000,1197.55,153,195,73,3.346,29.51,50.820408,4.3929
2026-08-06,Running,Short Morning Run,During last week I have some muscle issue behind my right knee so I did not dare to run. So today I went and it felt better.,2026-08-06_18-04-05_hk_1786032245.fit,476,2026-08-06T16:12:01.000Z,475.000,1201.32,153,192,73,3.449,29.51,50.820426,4.392864
2026-08-06,Running,Short Morning Run,During last week I have some muscle issue behind my right knee so I did not dare to run. So today I went and it felt better.,2026-08-06_18-04-05_hk_1786032245.fit,477,2026-08-06T16:12:02.000Z,476.000,1203.59,153,192,75,3.363,29.51,50.820444,4.392828
2026-08-06,Running,Short Morning Run,During last week I have some muscle issue behind my right knee so I did not dare to run. So today I went and it felt better.,2026-08-06_18-04-05_hk_1786032245.fit,478,2026-08-06T16:12:03.000Z,477.000,1205.86,153,192,75,3.294,29.5,50.820462,4.39281
2026-08-06,Running,Short Morning Run,During last week I have some muscle issue behind my right knee so I did not dare to run. So today I went and it felt better.,2026-08-06_18-04-05_hk_1786032245.fit,479,2026-08-06T16:12:04.000Z,478.000,1208.12,150,184,75,3.213,29.5,50.82048,4.392792
2026-08-06,Running,Short Morning Run,During last week I have some muscle issue behind my right knee so I did not dare to run. So today I went and it felt better.,2026-08-06_18-04-05_hk_1786032245.fit,480,2026-08-06T16:12:05.000Z,479.000,1211.38,150,184,74,3.37,29.5,50.820498,4.392774
2026-08-06,Running,Short Morning Run,During last week I have some muscle issue behind my right knee so I did not dare to run. So today I went and it felt better.,2026-08-06_18-04-05_hk_1786032245.fit,481,2026-08-06T16:12:06.000Z,480.000,1214.64,151,183,74,3.45,29.5,50.820516,4.392756
2026-08-06,Running,Short Morning Run,During last week I have some muscle issue behind my right knee so I did not dare to run. So today I went and it felt better.,2026-08-06_18-04-05_hk_1786032245.fit,482,2026-08-06T16:12:07.000Z,481.000,1217.2,151,183,74,3.394,29.49,50.820534,4.392738
2026-08-06,Running,Short Morning Run,During last week I have some muscle issue behind my right knee so I did not dare to run. So today I went and it felt better.,2026-08-06_18-04-05_hk_1786032245.fit,483,2026-08-06T16:12:08.000Z,482.000,1219.76,151,183,76,3.283,29.49,50.820552,4.392738
2026-08-06,Running,Short Morning Run,During last week I have some muscle issue behind my right knee so I did not dare to run. So today I went and it felt better.,2026-08-06_18-04-05_hk_1786032245.fit,484,2026-08-06T16:12:09.000Z,483.000,1222.32,151,184,76,3.172,29.49,50.82057,4.39272
2026-08-06,Running,Short Morning Run,During last week I have some muscle issue behind my right knee so I did not dare to run. So today I went and it felt better.,2026-08-06_18-04-05_hk_1786032245.fit,485,2026-08-06T16:12:10.000Z,484.000,1225.22,151,184,76,3.155,29.49,50.820588,4.392702
2026-08-06,Running,Short Morning Run,During last week I have some muscle issue behind my right knee so I did not dare to run. So today I went and it felt better.,2026-08-06_18-04-05_hk_1786032245.fit,486,2026-08-06T16:12:11.000Z,485.000,1228.11,151,184,76,3.102,29.49,50.820606,4.392666
2026-08-06,Running,Short Morning Run,During last week I have some muscle issue behind my right knee so I did not dare to run. So today I went and it felt better.,2026-08-06_18-04-05_hk_1786032245.fit,487,2026-08-06T16:12:12.000Z,486.000,1230.58,151,184,76,3.023,29.49,50.820624,4.392648
2026-08-06,Running,Short Morning Run,During last week I have some muscle issue behind my right knee so I did not dare to run. So today I went and it felt better.,2026-08-06_18-04-05_hk_1786032245.fit,488,2026-08-06T16:12:13.000Z,487.000,1233.04,150,184,76,2.944,29.49,50.820642,4.392612
2026-08-06,Running,Short Morning Run,During last week I have some muscle issue behind my right knee so I did not dare to run. So today I went and it felt better.,2026-08-06_18-04-05_hk_1786032245.fit,489,2026-08-06T16:12:14.000Z,488.000,1235.5,150,187,74,2.917,29.49,50.820642,4.392576
2026-08-06,Running,Short Morning Run,During last week I have some muscle issue behind my right knee so I did not dare to run. So today I went and it felt better.,2026-08-06_18-04-05_hk_1786032245.fit,490,2026-08-06T16:12:15.000Z,489.000,1239.65,150,187,74,2.948,29.49,50.82066,4.39254
2026-08-06,Running,Short Morning Run,During last week I have some muscle issue behind my right knee so I did not dare to run. So today I went and it felt better.,2026-08-06_18-04-05_hk_1786032245.fit,491,2026-08-06T16:12:16.000Z,490.000,1243.79,150,189,74,2.943,29.48,50.820678,4.392522
2026-08-06,Running,Short Morning Run,During last week I have some muscle issue behind my right knee so I did not dare to run. So today I went and it felt better.,2026-08-06_18-04-05_hk_1786032245.fit,492,2026-08-06T16:12:17.000Z,491.000,1244.9,150,189,75,2.84,29.48,50.820678,4.392486
2026-08-06,Running,Short Morning Run,During last week I have some muscle issue behind my right knee so I did not dare to run. So today I went and it felt better.,2026-08-06_18-04-05_hk_1786032245.fit,493,2026-08-06T16:12:18.000Z,492.000,1246,150,189,75,2.749,29.48,50.820696,4.392468
2026-08-06,Running,Short Morning Run,During last week I have some muscle issue behind my right knee so I did not dare to run. So today I went and it felt better.,2026-08-06_18-04-05_hk_1786032245.fit,494,2026-08-06T16:12:19.000Z,493.000,1247.1,150,180,75,2.667,29.48,50.820714,4.39245
2026-08-06,Running,Short Morning Run,During last week I have some muscle issue behind my right knee so I did not dare to run. So today I went and it felt better.,2026-08-06_18-04-05_hk_1786032245.fit,495,2026-08-06T16:12:20.000Z,494.000,1249.33,150,180,75,2.589,29.49,50.820732,4.392432
2026-08-06,Running,Short Morning Run,During last week I have some muscle issue behind my right knee so I did not dare to run. So today I went and it felt better.,2026-08-06_18-04-05_hk_1786032245.fit,496,2026-08-06T16:12:21.000Z,495.000,1251.56,150,180,75,2.512,29.49,50.82075,4.392414
2026-08-06,Running,Short Morning Run,During last week I have some muscle issue behind my right knee so I did not dare to run. So today I went and it felt better.,2026-08-06_18-04-05_hk_1786032245.fit,497,2026-08-06T16:12:22.000Z,496.000,1253.79,150,182,75,2.51,29.49,50.820768,4.392396
2026-08-06,Running,Short Morning Run,During last week I have some muscle issue behind my right knee so I did not dare to run. So today I went and it felt better.,2026-08-06_18-04-05_hk_1786032245.fit,498,2026-08-06T16:12:23.000Z,497.000,1257.19,150,182,76,2.567,29.49,50.820786,4.392378
2026-08-06,Running,Short Morning Run,During last week I have some muscle issue behind my right knee so I did not dare to run. So today I went and it felt better.,2026-08-06_18-04-05_hk_1786032245.fit,499,2026-08-06T16:12:24.000Z,498.000,1260.59,151,186,76,2.624,29.49,50.820804,4.39236
2026-08-06,Running,Short Morning Run,During last week I have some muscle issue behind my right knee so I did not dare to run. So today I went and it felt better.,2026-08-06_18-04-05_hk_1786032245.fit,500,2026-08-06T16:12:25.000Z,499.000,1262.61,151,186,76,2.561,29.49,50.820822,4.392342
2026-08-06,Running,Short Morning Run,During last week I have some muscle issue behind my right knee so I did not dare to run. So today I went and it felt better.,2026-08-06_18-04-05_hk_1786032245.fit,501,2026-08-06T16:12:26.000Z,500.000,1264.63,151,186,76,2.536,29.49,50.82084,4.392324
2026-08-06,Running,Short Morning Run,During last week I have some muscle issue behind my right knee so I did not dare to run. So today I went and it felt better.,2026-08-06_18-04-05_hk_1786032245.fit,502,2026-08-06T16:12:27.000Z,501.000,1266.65,151,186,76,2.476,29.49,50.820858,4.392324
2026-08-06,Running,Short Morning Run,During last week I have some muscle issue behind my right knee so I did not dare to run. So today I went and it felt better.,2026-08-06_18-04-05_hk_1786032245.fit,503,2026-08-06T16:12:28.000Z,502.000,1269.57,151,186,76,2.494,29.49,50.820894,4.392306
2026-08-06,Running,Short Morning Run,During last week I have some muscle issue behind my right knee so I did not dare to run. So today I went and it felt better.,2026-08-06_18-04-05_hk_1786032245.fit,504,2026-08-06T16:12:29.000Z,503.000,1272.49,151,187,76,2.508,29.49,50.820912,4.392306
2026-08-06,Running,Short Morning Run,During last week I have some muscle issue behind my right knee so I did not dare to run. So today I went and it felt better.,2026-08-06_18-04-05_hk_1786032245.fit,505,2026-08-06T16:12:30.000Z,504.000,1275.14,151,187,76,2.515,29.48,50.82093,4.392306
2026-08-06,Running,Short Morning Run,During last week I have some muscle issue behind my right knee so I did not dare to run. So today I went and it felt better.,2026-08-06_18-04-05_hk_1786032245.fit,506,2026-08-06T16:12:31.000Z,505.000,1277.79,152,187,76,2.504,29.48,50.820948,4.392306
2026-08-06,Running,Short Morning Run,During last week I have some muscle issue behind my right knee so I did not dare to run. So today I went and it felt better.,2026-08-06_18-04-05_hk_1786032245.fit,507,2026-08-06T16:12:32.000Z,506.000,1280.45,152,189,76,2.492,29.48,50.820984,4.392324
2026-08-06,Running,Short Morning Run,During last week I have some muscle issue behind my right knee so I did not dare to run. So today I went and it felt better.,2026-08-06_18-04-05_hk_1786032245.fit,508,2026-08-06T16:12:33.000Z,507.000,1284.77,152,189,76,2.587,29.47,50.821002,4.392324
2026-08-06,Running,Short Morning Run,During last week I have some muscle issue behind my right knee so I did not dare to run. So today I went and it felt better.,2026-08-06_18-04-05_hk_1786032245.fit,509,2026-08-06T16:12:34.000Z,508.000,1289.09,152,195,76,2.68,29.47,50.821038,4.392342
2026-08-06,Running,Short Morning Run,During last week I have some muscle issue behind my right knee so I did not dare to run. So today I went and it felt better.,2026-08-06_18-04-05_hk_1786032245.fit,510,2026-08-06T16:12:35.000Z,509.000,1291.61,152,195,75,2.598,29.47,50.821056,4.392342
2026-08-06,Running,Short Morning Run,During last week I have some muscle issue behind my right knee so I did not dare to run. So today I went and it felt better.,2026-08-06_18-04-05_hk_1786032245.fit,511,2026-08-06T16:12:36.000Z,510.000,1294.13,152,195,75,2.517,29.46,50.821074,4.392342
2026-08-06,Running,Short Morning Run,During last week I have some muscle issue behind my right knee so I did not dare to run. So today I went and it felt better.,2026-08-06_18-04-05_hk_1786032245.fit,512,2026-08-06T16:12:37.000Z,511.000,1296.65,152,197,75,2.666,29.46,50.82111,4.392342
2026-08-06,Running,Short Morning Run,During last week I have some muscle issue behind my right knee so I did not dare to run. So today I went and it felt better.,2026-08-06_18-04-05_hk_1786032245.fit,513,2026-08-06T16:12:38.000Z,512.000,1298.9,152,197,75,2.726,29.46,50.821128,4.392342
2026-08-06,Running,Short Morning Run,During last week I have some muscle issue behind my right knee so I did not dare to run. So today I went and it felt better.,2026-08-06_18-04-05_hk_1786032245.fit,514,2026-08-06T16:12:39.000Z,513.000,1301.15,152,197,75,2.727,29.46,50.821146,4.392342
2026-08-06,Running,Short Morning Run,During last week I have some muscle issue behind my right knee so I did not dare to run. So today I went and it felt better.,2026-08-06_18-04-05_hk_1786032245.fit,515,2026-08-06T16:12:40.000Z,514.000,1303.4,152,195,75,2.728,29.45,50.821182,4.392342
2026-08-06,Running,Short Morning Run,During last week I have some muscle issue behind my right knee so I did not dare to run. So today I went and it felt better.,2026-08-06_18-04-05_hk_1786032245.fit,516,2026-08-06T16:12:41.000Z,515.000,1306.97,153,195,74,2.799,29.45,50.8212,4.392324
2026-08-06,Running,Short Morning Run,During last week I have some muscle issue behind my right knee so I did not dare to run. So today I went and it felt better.,2026-08-06_18-04-05_hk_1786032245.fit,517,2026-08-06T16:12:42.000Z,516.000,1310.54,153,197,74,2.808,29.45,50.821218,4.392324
2026-08-06,Running,Short Morning Run,During last week I have some muscle issue behind my right knee so I did not dare to run. So today I went and it felt better.,2026-08-06_18-04-05_hk_1786032245.fit,518,2026-08-06T16:12:43.000Z,517.000,1312.54,153,197,74,2.734,29.45,50.821236,4.392324
2026-08-06,Running,Short Morning Run,During last week I have some muscle issue behind my right knee so I did not dare to run. So today I went and it felt better.,2026-08-06_18-04-05_hk_1786032245.fit,519,2026-08-06T16:12:44.000Z,518.000,1314.55,153,197,76,2.733,29.45,50.821272,4.392306
2026-08-06,Running,Short Morning Run,During last week I have some muscle issue behind my right knee so I did not dare to run. So today I went and it felt better.,2026-08-06_18-04-05_hk_1786032245.fit,520,2026-08-06T16:12:45.000Z,519.000,1316.55,153,193,76,2.733,29.44,50.82129,4.392306
2026-08-06,Running,Short Morning Run,During last week I have some muscle issue behind my right knee so I did not dare to run. So today I went and it felt better.,2026-08-06_18-04-05_hk_1786032245.fit,521,2026-08-06T16:12:46.000Z,520.000,1319.87,153,193,76,2.795,29.44,50.821308,4.392288
2026-08-06,Running,Short Morning Run,During last week I have some muscle issue behind my right knee so I did not dare to run. So today I went and it felt better.,2026-08-06_18-04-05_hk_1786032245.fit,522,2026-08-06T16:12:47.000Z,521.000,1323.19,155,194,76,2.817,29.44,50.821326,4.392288
2026-08-06,Running,Short Morning Run,During last week I have some muscle issue behind my right knee so I did not dare to run. So today I went and it felt better.,2026-08-06_18-04-05_hk_1786032245.fit,523,2026-08-06T16:12:48.000Z,522.000,1325.12,155,194,76,2.77,29.44,50.821344,4.39227
2026-08-06,Running,Short Morning Run,During last week I have some muscle issue behind my right knee so I did not dare to run. So today I went and it felt better.,2026-08-06_18-04-05_hk_1786032245.fit,524,2026-08-06T16:12:49.000Z,523.000,1327.06,155,194,76,2.732,29.44,50.82138,4.39227
2026-08-06,Running,Short Morning Run,During last week I have some muscle issue behind my right knee so I did not dare to run. So today I went and it felt better.,2026-08-06_18-04-05_hk_1786032245.fit,525,2026-08-06T16:12:50.000Z,524.000,1328.99,155,192,74,2.694,29.44,50.821398,4.392252
2026-08-06,Running,Short Morning Run,During last week I have some muscle issue behind my right knee so I did not dare to run. So today I went and it felt better.,2026-08-06_18-04-05_hk_1786032245.fit,526,2026-08-06T16:12:51.000Z,525.000,1332.37,157,192,74,2.733,29.43,50.821416,4.392234
2026-08-06,Running,Short Morning Run,During last week I have some muscle issue behind my right knee so I did not dare to run. So today I went and it felt better.,2026-08-06_18-04-05_hk_1786032245.fit,527,2026-08-06T16:12:52.000Z,526.000,1335.75,157,192,74,2.683,29.43,50.821434,4.392198
2026-08-06,Running,Short Morning Run,During last week I have some muscle issue behind my right knee so I did not dare to run. So today I went and it felt better.,2026-08-06_18-04-05_hk_1786032245.fit,528,2026-08-06T16:12:53.000Z,527.000,1337.7,157,192,75,2.647,29.43,50.821452,4.39218
2026-08-06,Running,Short Morning Run,During last week I have some muscle issue behind my right knee so I did not dare to run. So today I went and it felt better.,2026-08-06_18-04-05_hk_1786032245.fit,529,2026-08-06T16:12:54.000Z,528.000,1339.65,157,192,75,2.528,29.43,50.82147,4.392162
2026-08-06,Running,Short Morning Run,During last week I have some muscle issue behind my right knee so I did not dare to run. So today I went and it felt better.,2026-08-06_18-04-05_hk_1786032245.fit,530,2026-08-06T16:12:55.000Z,529.000,1341.6,157,191,75,2.5,29.43,50.82147,4.392144
2026-08-06,Running,Short Morning Run,During last week I have some muscle issue behind my right knee so I did not dare to run. So today I went and it felt better.,2026-08-06_18-04-05_hk_1786032245.fit,531,2026-08-06T16:12:56.000Z,530.000,1345.24,157,191,75,2.555,29.42,50.821488,4.392108
2026-08-06,Running,Short Morning Run,During last week I have some muscle issue behind my right knee so I did not dare to run. So today I went and it felt better.,2026-08-06_18-04-05_hk_1786032245.fit,532,2026-08-06T16:12:57.000Z,531.000,1348.87,157,192,75,2.611,29.42,50.821506,4.39209
2026-08-06,Running,Short Morning Run,During last week I have some muscle issue behind my right knee so I did not dare to run. So today I went and it felt better.,2026-08-06_18-04-05_hk_1786032245.fit,533,2026-08-06T16:12:58.000Z,532.000,1350.88,157,192,75,2.599,29.42,50.821524,4.392072
2026-08-06,Running,Short Morning Run,During last week I have some muscle issue behind my right knee so I did not dare to run. So today I went and it felt better.,2026-08-06_18-04-05_hk_1786032245.fit,534,2026-08-06T16:12:59.000Z,533.000,1352.89,157,192,76,2.587,29.42,50.821542,4.392036
2026-08-06,Running,Short Morning Run,During last week I have some muscle issue behind my right knee so I did not dare to run. So today I went and it felt better.,2026-08-06_18-04-05_hk_1786032245.fit,535,2026-08-06T16:13:00.000Z,534.000,1354.9,157,191,76,2.575,29.42,50.82156,4.392018
2026-08-06,Running,Short Morning Run,During last week I have some muscle issue behind my right knee so I did not dare to run. So today I went and it felt better.,2026-08-06_18-04-05_hk_1786032245.fit,536,2026-08-06T16:13:01.000Z,535.000,1357.34,157,191,76,2.519,29.41,50.821578,4.391982
2026-08-06,Running,Short Morning Run,During last week I have some muscle issue behind my right knee so I did not dare to run. So today I went and it felt better.,2026-08-06_18-04-05_hk_1786032245.fit,537,2026-08-06T16:13:02.000Z,536.000,1359.79,158,191,73,2.515,29.41,50.821596,4.391964
2026-08-06,Running,Short Morning Run,During last week I have some muscle issue behind my right knee so I did not dare to run. So today I went and it felt better.,2026-08-06_18-04-05_hk_1786032245.fit,538,2026-08-06T16:13:03.000Z,537.000,1362.23,158,194,73,2.462,29.41,50.821614,4.391928
2026-08-06,Running,Short Morning Run,During last week I have some muscle issue behind my right knee so I did not dare to run. So today I went and it felt better.,2026-08-06_18-04-05_hk_1786032245.fit,539,2026-08-06T16:13:04.000Z,538.000,1365.8,158,194,73,2.562,29.41,50.821632,4.39191
2026-08-06,Running,Short Morning Run,During last week I have some muscle issue behind my right knee so I did not dare to run. So today I went and it felt better.,2026-08-06_18-04-05_hk_1786032245.fit,540,2026-08-06T16:13:05.000Z,539.000,1369.36,158,193,76,2.64,29.41,50.82165,4.391874
2026-08-06,Running,Short Morning Run,During last week I have some muscle issue behind my right knee so I did not dare to run. So today I went and it felt better.,2026-08-06_18-04-05_hk_1786032245.fit,541,2026-08-06T16:13:06.000Z,540.000,1371.72,158,193,76,2.592,29.41,50.821668,4.391856
2026-08-06,Running,Short Morning Run,During last week I have some muscle issue behind my right knee so I did not dare to run. So today I went and it felt better.,2026-08-06_18-04-05_hk_1786032245.fit,542,2026-08-06T16:13:07.000Z,541.000,1374.08,158,193,76,2.544,29.41,50.821686,4.391838
2026-08-06,Running,Short Morning Run,During last week I have some muscle issue behind my right knee so I did not dare to run. So today I went and it felt better.,2026-08-06_18-04-05_hk_1786032245.fit,543,2026-08-06T16:13:08.000Z,542.000,1376.44,158,194,74,2.566,29.41,50.821704,4.39182
2026-08-06,Running,Short Morning Run,During last week I have some muscle issue behind my right knee so I did not dare to run. So today I went and it felt better.,2026-08-06_18-04-05_hk_1786032245.fit,544,2026-08-06T16:13:09.000Z,543.000,1379.79,158,194,74,2.674,29.4,50.821722,4.391784
2026-08-06,Running,Short Morning Run,During last week I have some muscle issue behind my right knee so I did not dare to run. So today I went and it felt better.,2026-08-06_18-04-05_hk_1786032245.fit,545,2026-08-06T16:13:10.000Z,544.000,1383.14,157,191,74,2.672,29.4,50.82174,4.391784
2026-08-06,Running,Short Morning Run,During last week I have some muscle issue behind my right knee so I did not dare to run. So today I went and it felt better.,2026-08-06_18-04-05_hk_1786032245.fit,546,2026-08-06T16:13:11.000Z,545.000,1385.46,157,191,76,2.654,29.4,50.821758,4.391766
2026-08-06,Running,Short Morning Run,During last week I have some muscle issue behind my right knee so I did not dare to run. So today I went and it felt better.,2026-08-06_18-04-05_hk_1786032245.fit,547,2026-08-06T16:13:12.000Z,546.000,1387.78,157,191,76,2.636,29.4,50.821776,4.391748
2026-08-06,Running,Short Morning Run,During last week I have some muscle issue behind my right knee so I did not dare to run. So today I went and it felt better.,2026-08-06_18-04-05_hk_1786032245.fit,548,2026-08-06T16:13:13.000Z,547.000,1390.11,157,192,76,2.655,29.4,50.821812,4.39173
2026-08-06,Running,Short Morning Run,During last week I have some muscle issue behind my right knee so I did not dare to run. So today I went and it felt better.,2026-08-06_18-04-05_hk_1786032245.fit,549,2026-08-06T16:13:14.000Z,548.000,1393.7,157,192,76,2.742,29.4,50.82183,4.39173
2026-08-06,Running,Short Morning Run,During last week I have some muscle issue behind my right knee so I did not dare to run. So today I went and it felt better.,2026-08-06_18-04-05_hk_1786032245.fit,550,2026-08-06T16:13:15.000Z,549.000,1397.3,157,191,76,2.74,29.4,50.821848,4.391712
2026-08-06,Running,Short Morning Run,During last week I have some muscle issue behind my right knee so I did not dare to run. So today I went and it felt better.,2026-08-06_18-04-05_hk_1786032245.fit,551,2026-08-06T16:13:16.000Z,550.000,1399.3,157,191,76,2.654,29.4,50.821866,4.391712
2026-08-06,Running,Short Morning Run,During last week I have some muscle issue behind my right knee so I did not dare to run. So today I went and it felt better.,2026-08-06_18-04-05_hk_1786032245.fit,552,2026-08-06T16:13:17.000Z,551.000,1401.3,157,191,76,2.654,29.39,50.821902,4.391694
2026-08-06,Running,Short Morning Run,During last week I have some muscle issue behind my right knee so I did not dare to run. So today I went and it felt better.,2026-08-06_18-04-05_hk_1786032245.fit,553,2026-08-06T16:13:18.000Z,552.000,1403.3,157,190,76,2.653,29.39,50.82192,4.391676
2026-08-06,Running,Short Morning Run,During last week I have some muscle issue behind my right knee so I did not dare to run. So today I went and it felt better.,2026-08-06_18-04-05_hk_1786032245.fit,554,2026-08-06T16:13:19.000Z,553.000,1406.62,157,190,76,2.722,29.39,50.821938,4.391676
2026-08-06,Running,Short Morning Run,During last week I have some muscle issue behind my right knee so I did not dare to run. So today I went and it felt better.,2026-08-06_18-04-05_hk_1786032245.fit,555,2026-08-06T16:13:20.000Z,554.000,1409.94,157,188,76,2.786,29.39,50.821956,4.391658
2026-08-06,Running,Short Morning Run,During last week I have some muscle issue behind my right knee so I did not dare to run. So today I went and it felt better.,2026-08-06_18-04-05_hk_1786032245.fit,556,2026-08-06T16:13:21.000Z,555.000,1411.9,157,188,76,2.743,29.38,50.821974,4.391658
2026-08-06,Running,Short Morning Run,During last week I have some muscle issue behind my right knee so I did not dare to run. So today I went and it felt better.,2026-08-06_18-04-05_hk_1786032245.fit,557,2026-08-06T16:13:22.000Z,556.000,1413.86,157,188,76,2.717,29.38,50.821992,4.39164
2026-08-06,Running,Short Morning Run,During last week I have some muscle issue behind my right knee so I did not dare to run. So today I went and it felt better.,2026-08-06_18-04-05_hk_1786032245.fit,558,2026-08-06T16:13:23.000Z,557.000,1415.82,157,186,76,2.633,29.38,50.82201,4.39164
2026-08-06,Running,Short Morning Run,During last week I have some muscle issue behind my right knee so I did not dare to run. So today I went and it felt better.,2026-08-06_18-04-05_hk_1786032245.fit,559,2026-08-06T16:13:24.000Z,558.000,1418.05,157,186,76,2.613,29.38,50.822046,4.391622
2026-08-06,Running,Short Morning Run,During last week I have some muscle issue behind my right knee so I did not dare to run. So today I went and it felt better.,2026-08-06_18-04-05_hk_1786032245.fit,560,2026-08-06T16:13:25.000Z,559.000,1420.29,157,186,76,2.547,29.38,50.822064,4.391604
2026-08-06,Running,Short Morning Run,During last week I have some muscle issue behind my right knee so I did not dare to run. So today I went and it felt better.,2026-08-06_18-04-05_hk_1786032245.fit,561,2026-08-06T16:13:26.000Z,560.000,1422.52,157,185,76,2.54,29.38,50.822082,4.391586
2026-08-06,Running,Short Morning Run,During last week I have some muscle issue behind my right knee so I did not dare to run. So today I went and it felt better.,2026-08-06_18-04-05_hk_1786032245.fit,562,2026-08-06T16:13:27.000Z,561.000,1425.56,157,185,76,2.574,29.37,50.8221,4.391568
2026-08-06,Running,Short Morning Run,During last week I have some muscle issue behind my right knee so I did not dare to run. So today I went and it felt better.,2026-08-06_18-04-05_hk_1786032245.fit,563,2026-08-06T16:13:28.000Z,562.000,1428.6,157,184,76,2.608,29.37,50.822118,4.39155
2026-08-06,Running,Short Morning Run,During last week I have some muscle issue behind my right knee so I did not dare to run. So today I went and it felt better.,2026-08-06_18-04-05_hk_1786032245.fit,564,2026-08-06T16:13:29.000Z,563.000,1430.28,157,184,75,2.525,29.37,50.822136,4.391532
2026-08-06,Running,Short Morning Run,During last week I have some muscle issue behind my right knee so I did not dare to run. So today I went and it felt better.,2026-08-06_18-04-05_hk_1786032245.fit,565,2026-08-06T16:13:30.000Z,564.000,1431.97,156,184,75,2.485,29.37,50.822154,4.391514
2026-08-06,Running,Short Morning Run,During last week I have some muscle issue behind my right knee so I did not dare to run. So today I went and it felt better.,2026-08-06_18-04-05_hk_1786032245.fit,566,2026-08-06T16:13:31.000Z,565.000,1433.66,156,180,75,2.406,29.37,50.822154,4.391496
2026-08-06,Running,Short Morning Run,During last week I have some muscle issue behind my right knee so I did not dare to run. So today I went and it felt better.,2026-08-06_18-04-05_hk_1786032245.fit,567,2026-08-06T16:13:32.000Z,566.000,1436.79,156,180,75,2.444,29.37,50.822172,4.391478
2026-08-06,Running,Short Morning Run,During last week I have some muscle issue behind my right knee so I did not dare to run. So today I went and it felt better.,2026-08-06_18-04-05_hk_1786032245.fit,568,2026-08-06T16:13:33.000Z,567.000,1439.92,156,179,75,2.483,29.37,50.82219,4.39146
2026-08-06,Running,Short Morning Run,During last week I have some muscle issue behind my right knee so I did not dare to run. So today I went and it felt better.,2026-08-06_18-04-05_hk_1786032245.fit,569,2026-08-06T16:13:34.000Z,568.000,1442,157,179,75,2.471,29.37,50.822208,4.391424
2026-08-06,Running,Short Morning Run,During last week I have some muscle issue behind my right knee so I did not dare to run. So today I went and it felt better.,2026-08-06_18-04-05_hk_1786032245.fit,570,2026-08-06T16:13:35.000Z,569.000,1444.09,157,179,74,2.399,29.36,50.822226,4.391406
2026-08-06,Running,Short Morning Run,During last week I have some muscle issue behind my right knee so I did not dare to run. So today I went and it felt better.,2026-08-06_18-04-05_hk_1786032245.fit,571,2026-08-06T16:13:36.000Z,570.000,1446.17,157,179,74,2.385,29.36,50.822244,4.391388
2026-08-06,Running,Short Morning Run,During last week I have some muscle issue behind my right knee so I did not dare to run. So today I went and it felt better.,2026-08-06_18-04-05_hk_1786032245.fit,572,2026-08-06T16:13:37.000Z,571.000,1450.04,158,179,74,2.416,29.36,50.822262,4.391352
2026-08-06,Running,Short Morning Run,During last week I have some muscle issue behind my right knee so I did not dare to run. So today I went and it felt better.,2026-08-06_18-04-05_hk_1786032245.fit,573,2026-08-06T16:13:38.000Z,572.000,1453.9,158,180,76,2.53,29.36,50.82228,4.391316
2026-08-06,Running,Short Morning Run,During last week I have some muscle issue behind my right knee so I did not dare to run. So today I went and it felt better.,2026-08-06_18-04-05_hk_1786032245.fit,574,2026-08-06T16:13:39.000Z,573.000,1456.5,158,180,76,2.533,29.36,50.822298,4.39128
2026-08-06,Running,Short Morning Run,During last week I have some muscle issue behind my right knee so I did not dare to run. So today I went and it felt better.,2026-08-06_18-04-05_hk_1786032245.fit,575,2026-08-06T16:13:40.000Z,574.000,1459.1,158,180,76,2.499,29.35,50.822316,4.391262
2026-08-06,Running,Short Morning Run,During last week I have some muscle issue behind my right knee so I did not dare to run. So today I went and it felt better.,2026-08-06_18-04-05_hk_1786032245.fit,576,2026-08-06T16:13:41.000Z,575.000,1461.7,158,187,76,2.465,29.35,50.822334,4.391226
2026-08-06,Running,Short Morning Run,During last week I have some muscle issue behind my right knee so I did not dare to run. So today I went and it felt better.,2026-08-06_18-04-05_hk_1786032245.fit,577,2026-08-06T16:13:42.000Z,576.000,1463.78,158,187,76,2.47,29.35,50.822352,4.39119
2026-08-06,Running,Short Morning Run,During last week I have some muscle issue behind my right knee so I did not dare to run. So today I went and it felt better.,2026-08-06_18-04-05_hk_1786032245.fit,578,2026-08-06T16:13:43.000Z,577.000,1465.86,158,187,76,2.502,29.35,50.822352,4.391172
2026-08-06,Running,Short Morning Run,During last week I have some muscle issue behind my right knee so I did not dare to run. So today I went and it felt better.,2026-08-06_18-04-05_hk_1786032245.fit,579,2026-08-06T16:13:44.000Z,578.000,1467.93,158,186,74,2.481,29.34,50.82237,4.391154
2026-08-06,Running,Short Morning Run,During last week I have some muscle issue behind my right knee so I did not dare to run. So today I went and it felt better.,2026-08-06_18-04-05_hk_1786032245.fit,580,2026-08-06T16:13:45.000Z,579.000,1471.69,158,186,74,2.57,29.34,50.822388,4.391118
2026-08-06,Running,Short Morning Run,During last week I have some muscle issue behind my right knee so I did not dare to run. So today I went and it felt better.,2026-08-06_18-04-05_hk_1786032245.fit,581,2026-08-06T16:13:46.000Z,580.000,1475.45,158,186,74,2.647,29.34,50.822406,4.3911
2026-08-06,Running,Short Morning Run,During last week I have some muscle issue behind my right knee so I did not dare to run. So today I went and it felt better.,2026-08-06_18-04-05_hk_1786032245.fit,582,2026-08-06T16:13:47.000Z,581.000,1477.97,158,186,74,2.621,29.34,50.822424,4.391082
2026-08-06,Running,Short Morning Run,During last week I have some muscle issue behind my right knee so I did not dare to run. So today I went and it felt better.,2026-08-06_18-04-05_hk_1786032245.fit,583,2026-08-06T16:13:48.000Z,582.000,1480.48,158,186,74,2.642,29.34,50.822442,4.391046
2026-08-06,Running,Short Morning Run,During last week I have some muscle issue behind my right knee so I did not dare to run. So today I went and it felt better.,2026-08-06_18-04-05_hk_1786032245.fit,584,2026-08-06T16:13:49.000Z,583.000,1483,158,190,74,2.685,29.34,50.82246,4.391028
2026-08-06,Running,Short Morning Run,During last week I have some muscle issue behind my right knee so I did not dare to run. So today I went and it felt better.,2026-08-06_18-04-05_hk_1786032245.fit,585,2026-08-06T16:13:50.000Z,584.000,1486.41,157,190,75,2.776,29.34,50.822478,4.39101
2026-08-06,Running,Short Morning Run,During last week I have some muscle issue behind my right knee so I did not dare to run. So today I went and it felt better.,2026-08-06_18-04-05_hk_1786032245.fit,586,2026-08-06T16:13:51.000Z,585.000,1489.82,157,188,75,2.791,29.33,50.822514,4.390992
2026-08-06,Running,Short Morning Run,During last week I have some muscle issue behind my right knee so I did not dare to run. So today I went and it felt better.,2026-08-06_18-04-05_hk_1786032245.fit,587,2026-08-06T16:13:52.000Z,586.000,1491.34,157,188,75,2.706,29.33,50.822532,4.390974
2026-08-06,Running,Short Morning Run,During last week I have some muscle issue behind my right knee so I did not dare to run. So today I went and it felt better.,2026-08-06_18-04-05_hk_1786032245.fit,588,2026-08-06T16:13:53.000Z,587.000,1492.86,157,188,69,2.676,29.33,50.82255,4.390956
2026-08-06,Running,Short Morning Run,During last week I have some muscle issue behind my right knee so I did not dare to run. So today I went and it felt better.,2026-08-06_18-04-05_hk_1786032245.fit,589,2026-08-06T16:13:54.000Z,588.000,1494.37,157,187,69,2.647,29.33,50.822568,4.390956
2026-08-06,Running,Short Morning Run,During last week I have some muscle issue behind my right knee so I did not dare to run. So today I went and it felt better.,2026-08-06_18-04-05_hk_1786032245.fit,590,2026-08-06T16:13:55.000Z,589.000,1498.16,157,187,69,2.736,29.33,50.822586,4.390938
2026-08-06,Running,Short Morning Run,During last week I have some muscle issue behind my right knee so I did not dare to run. So today I went and it felt better.,2026-08-06_18-04-05_hk_1786032245.fit,591,2026-08-06T16:13:56.000Z,590.000,1501.95,157,187,67,2.732,29.33,50.822604,4.39092
2026-08-06,Running,Short Morning Run,During last week I have some muscle issue behind my right knee so I did not dare to run. So today I went and it felt better.,2026-08-06_18-04-05_hk_1786032245.fit,592,2026-08-06T16:13:57.000Z,591.000,1504.13,157,187,67,2.643,29.33,50.822622,4.390902
2026-08-06,Running,Short Morning Run,During last week I have some muscle issue behind my right knee so I did not dare to run. So today I went and it felt better.,2026-08-06_18-04-05_hk_1786032245.fit,593,2026-08-06T16:13:58.000Z,592.000,1506.3,157,187,67,2.62,29.32,50.822658,4.390884
2026-08-06,Running,Short Morning Run,During last week I have some muscle issue behind my right knee so I did not dare to run. So today I went and it felt better.,2026-08-06_18-04-05_hk_1786032245.fit,594,2026-08-06T16:13:59.000Z,593.000,1508.48,157,188,67,2.599,29.32,50.822676,4.390884
2026-08-06,Running,Short Morning Run,During last week I have some muscle issue behind my right knee so I did not dare to run. So today I went and it felt better.,2026-08-06_18-04-05_hk_1786032245.fit,595,2026-08-06T16:14:00.000Z,594.000,1512,157,188,67,2.647,29.32,50.822694,4.390866
2026-08-06,Running,Short Morning Run,During last week I have some muscle issue behind my right knee so I did not dare to run. So today I went and it felt better.,2026-08-06_18-04-05_hk_1786032245.fit,596,2026-08-06T16:14:01.000Z,595.000,1515.53,157,187,67,2.724,29.32,50.822712,4.390848
2026-08-06,Running,Short Morning Run,During last week I have some muscle issue behind my right knee so I did not dare to run. So today I went and it felt better.,2026-08-06_18-04-05_hk_1786032245.fit,597,2026-08-06T16:14:02.000Z,596.000,1517.41,157,187,72,2.713,29.32,50.82273,4.39083
2026-08-06,Running,Short Morning Run,During last week I have some muscle issue behind my right knee so I did not dare to run. So today I went and it felt better.,2026-08-06_18-04-05_hk_1786032245.fit,598,2026-08-06T16:14:03.000Z,597.000,1519.29,157,187,72,2.703,29.31,50.822766,4.39083
2026-08-06,Running,Short Morning Run,During last week I have some muscle issue behind my right knee so I did not dare to run. So today I went and it felt better.,2026-08-06_18-04-05_hk_1786032245.fit,599,2026-08-06T16:14:04.000Z,598.000,1521.16,157,185,72,2.661,29.31,50.822784,4.390812
2026-08-06,Running,Short Morning Run,During last week I have some muscle issue behind my right knee so I did not dare to run. So today I went and it felt better.,2026-08-06_18-04-05_hk_1786032245.fit,600,2026-08-06T16:14:05.000Z,599.000,1523.75,158,185,74,2.603,29.31,50.822802,4.390812
2026-08-06,Running,Short Morning Run,During last week I have some muscle issue behind my right knee so I did not dare to run. So today I went and it felt better.,2026-08-06_18-04-05_hk_1786032245.fit,601,2026-08-06T16:14:06.000Z,600.000,1526.33,158,185,74,2.544,29.31,50.82282,4.390794
2026-08-06,Running,Short Morning Run,During last week I have some muscle issue behind my right knee so I did not dare to run. So today I went and it felt better.,2026-08-06_18-04-05_hk_1786032245.fit,602,2026-08-06T16:14:07.000Z,601.000,1528.92,158,191,74,2.547,29.3,50.822856,4.390794
2026-08-06,Running,Short Morning Run,During last week I have some muscle issue behind my right knee so I did not dare to run. So today I went and it felt better.,2026-08-06_18-04-05_hk_1786032245.fit,603,2026-08-06T16:14:08.000Z,602.000,1532.37,158,191,75,2.595,29.3,50.822874,4.390812
2026-08-06,Running,Short Morning Run,During last week I have some muscle issue behind my right knee so I did not dare to run. So today I went and it felt better.,2026-08-06_18-04-05_hk_1786032245.fit,604,2026-08-06T16:14:09.000Z,603.000,1535.83,158,188,75,2.642,29.3,50.822892,4.39083
2026-08-06,Running,Short Morning Run,During last week I have some muscle issue behind my right knee so I did not dare to run. So today I went and it felt better.,2026-08-06_18-04-05_hk_1786032245.fit,605,2026-08-06T16:14:10.000Z,604.000,1538.27,157,188,75,2.593,29.3,50.82291,4.390848
2026-08-06,Running,Short Morning Run,During last week I have some muscle issue behind my right knee so I did not dare to run. So today I went and it felt better.,2026-08-06_18-04-05_hk_1786032245.fit,606,2026-08-06T16:14:11.000Z,605.000,1540.7,158,188,73,2.544,29.3,50.822928,4.390866
2026-08-06,Running,Short Morning Run,During last week I have some muscle issue behind my right knee so I did not dare to run. So today I went and it felt better.,2026-08-06_18-04-05_hk_1786032245.fit,607,2026-08-06T16:14:12.000Z,606.000,1543.14,158,190,73,2.647,29.3,50.822946,4.390884
2026-08-06,Running,Short Morning Run,During last week I have some muscle issue behind my right knee so I did not dare to run. So today I went and it felt better.,2026-08-06_18-04-05_hk_1786032245.fit,608,2026-08-06T16:14:13.000Z,607.000,1545.98,158,190,73,2.716,29.3,50.822964,4.39092
2026-08-06,Running,Short Morning Run,During last week I have some muscle issue behind my right knee so I did not dare to run. So today I went and it felt better.,2026-08-06_18-04-05_hk_1786032245.fit,609,2026-08-06T16:14:14.000Z,608.000,1548.81,158,187,74,2.666,29.3,50.822982,4.390956
2026-08-06,Running,Short Morning Run,During last week I have some muscle issue behind my right knee so I did not dare to run. So today I went and it felt better.,2026-08-06_18-04-05_hk_1786032245.fit,610,2026-08-06T16:14:15.000Z,609.000,1551.02,158,187,74,2.643,29.3,50.823,4.390974
2026-08-06,Running,Short Morning Run,During last week I have some muscle issue behind my right knee so I did not dare to run. So today I went and it felt better.,2026-08-06_18-04-05_hk_1786032245.fit,611,2026-08-06T16:14:16.000Z,610.000,1553.22,158,187,74,2.564,29.3,50.823018,4.39101
2026-08-06,Running,Short Morning Run,During last week I have some muscle issue behind my right knee so I did not dare to run. So today I went and it felt better.,2026-08-06_18-04-05_hk_1786032245.fit,612,2026-08-06T16:14:17.000Z,611.000,1555.43,158,184,75,2.565,29.3,50.823018,4.391028
2026-08-06,Running,Short Morning Run,During last week I have some muscle issue behind my right knee so I did not dare to run. So today I went and it felt better.,2026-08-06_18-04-05_hk_1786032245.fit,613,2026-08-06T16:14:18.000Z,612.000,1558.36,158,184,75,2.603,29.3,50.823036,4.391064
2026-08-06,Running,Short Morning Run,During last week I have some muscle issue behind my right knee so I did not dare to run. So today I went and it felt better.,2026-08-06_18-04-05_hk_1786032245.fit,614,2026-08-06T16:14:19.000Z,613.000,1561.3,158,183,75,2.641,29.3,50.823054,4.391082
2026-08-06,Running,Short Morning Run,During last week I have some muscle issue behind my right knee so I did not dare to run. So today I went and it felt better.,2026-08-06_18-04-05_hk_1786032245.fit,615,2026-08-06T16:14:20.000Z,614.000,1564.15,158,183,75,2.607,29.31,50.823072,4.391118
2026-08-06,Running,Short Morning Run,During last week I have some muscle issue behind my right knee so I did not dare to run. So today I went and it felt better.,2026-08-06_18-04-05_hk_1786032245.fit,616,2026-08-06T16:14:21.000Z,615.000,1567,158,183,75,2.573,29.31,50.82309,4.391136
2026-08-06,Running,Short Morning Run,During last week I have some muscle issue behind my right knee so I did not dare to run. So today I went and it felt better.,2026-08-06_18-04-05_hk_1786032245.fit,617,2026-08-06T16:14:22.000Z,616.000,1569.85,158,186,75,2.661,29.31,50.823108,4.391172
2026-08-06,Running,Short Morning Run,During last week I have some muscle issue behind my right knee so I did not dare to run. So today I went and it felt better.,2026-08-06_18-04-05_hk_1786032245.fit,618,2026-08-06T16:14:23.000Z,617.000,1573.32,158,186,76,2.745,29.31,50.823126,4.39119
2026-08-06,Running,Short Morning Run,During last week I have some muscle issue behind my right knee so I did not dare to run. So today I went and it felt better.,2026-08-06_18-04-05_hk_1786032245.fit,619,2026-08-06T16:14:24.000Z,618.000,1576.78,161,187,76,2.803,29.31,50.823144,4.391226
2026-08-06,Running,Short Morning Run,During last week I have some muscle issue behind my right knee so I did not dare to run. So today I went and it felt better.,2026-08-06_18-04-05_hk_1786032245.fit,620,2026-08-06T16:14:25.000Z,619.000,1578.86,161,187,76,2.764,29.31,50.823162,4.391244
2026-08-06,Running,Short Morning Run,During last week I have some muscle issue behind my right knee so I did not dare to run. So today I went and it felt better.,2026-08-06_18-04-05_hk_1786032245.fit,621,2026-08-06T16:14:26.000Z,620.000,1580.93,161,187,74,2.738,29.31,50.82318,4.39128
2026-08-06,Running,Short Morning Run,During last week I have some muscle issue behind my right knee so I did not dare to run. So today I went and it felt better.,2026-08-06_18-04-05_hk_1786032245.fit,622,2026-08-06T16:14:27.000Z,621.000,1583.01,161,187,74,2.665,29.31,50.823198,4.391298
2026-08-06,Running,Short Morning Run,During last week I have some muscle issue behind my right knee so I did not dare to run. So today I went and it felt better.,2026-08-06_18-04-05_hk_1786032245.fit,623,2026-08-06T16:14:28.000Z,622.000,1585.37,161,187,74,2.65,29.31,50.823216,4.391316
2026-08-06,Running,Short Morning Run,During last week I have some muscle issue behind my right knee so I did not dare to run. So today I went and it felt better.,2026-08-06_18-04-05_hk_1786032245.fit,624,2026-08-06T16:14:29.000Z,623.000,1587.73,161,187,76,2.595,29.31,50.823234,4.391352
2026-08-06,Running,Short Morning Run,During last week I have some muscle issue behind my right knee so I did not dare to run. So today I went and it felt better.,2026-08-06_18-04-05_hk_1786032245.fit,625,2026-08-06T16:14:30.000Z,624.000,1590.09,160,183,76,2.591,29.32,50.823234,4.39137
2026-08-06,Running,Short Morning Run,During last week I have some muscle issue behind my right knee so I did not dare to run. So today I went and it felt better.,2026-08-06_18-04-05_hk_1786032245.fit,626,2026-08-06T16:14:31.000Z,625.000,1592.82,161,183,76,2.606,29.32,50.823252,4.391406
2026-08-06,Running,Short Morning Run,During last week I have some muscle issue behind my right knee so I did not dare to run. So today I went and it felt better.,2026-08-06_18-04-05_hk_1786032245.fit,627,2026-08-06T16:14:32.000Z,626.000,1595.56,161,181,74,2.621,29.32,50.82327,4.391424
2026-08-06,Running,Short Morning Run,During last week I have some muscle issue behind my right knee so I did not dare to run. So today I went and it felt better.,2026-08-06_18-04-05_hk_1786032245.fit,628,2026-08-06T16:14:33.000Z,627.000,1598.18,161,181,74,2.61,29.31,50.823288,4.39146
2026-08-06,Running,Short Morning Run,During last week I have some muscle issue behind my right knee so I did not dare to run. So today I went and it felt better.,2026-08-06_18-04-05_hk_1786032245.fit,629,2026-08-06T16:14:34.000Z,628.000,1600.81,161,181,74,2.6,29.31,50.823306,4.391478
2026-08-06,Running,Short Morning Run,During last week I have some muscle issue behind my right knee so I did not dare to run. So today I went and it felt better.,2026-08-06_18-04-05_hk_1786032245.fit,630,2026-08-06T16:14:35.000Z,629.000,1603.44,161,184,76,2.643,29.31,50.823324,4.391514
2026-08-06,Running,Short Morning Run,During last week I have some muscle issue behind my right knee so I did not dare to run. So today I went and it felt better.,2026-08-06_18-04-05_hk_1786032245.fit,631,2026-08-06T16:14:36.000Z,630.000,1606.1,161,184,76,2.667,29.31,50.823342,4.391532
2026-08-06,Running,Short Morning Run,During last week I have some muscle issue behind my right knee so I did not dare to run. So today I went and it felt better.,2026-08-06_18-04-05_hk_1786032245.fit,632,2026-08-06T16:14:37.000Z,631.000,1608.76,161,183,76,2.652,29.3,50.82336,4.39155
2026-08-06,Running,Short Morning Run,During last week I have some muscle issue behind my right knee so I did not dare to run. So today I went and it felt better.,2026-08-06_18-04-05_hk_1786032245.fit,633,2026-08-06T16:14:38.000Z,632.000,1610.76,161,183,75,2.62,29.3,50.823378,4.391568
2026-08-06,Running,Short Morning Run,During last week I have some muscle issue behind my right knee so I did not dare to run. So today I went and it felt better.,2026-08-06_18-04-05_hk_1786032245.fit,634,2026-08-06T16:14:39.000Z,633.000,1612.76,161,183,75,2.573,29.3,50.823396,4.391586
2026-08-06,Running,Short Morning Run,During last week I have some muscle issue behind my right knee so I did not dare to run. So today I went and it felt better.,2026-08-06_18-04-05_hk_1786032245.fit,635,2026-08-06T16:14:40.000Z,634.000,1614.76,161,182,75,2.531,29.3,50.823396,4.391604
2026-08-06,Running,Short Morning Run,During last week I have some muscle issue behind my right knee so I did not dare to run. So today I went and it felt better.,2026-08-06_18-04-05_hk_1786032245.fit,636,2026-08-06T16:14:41.000Z,635.000,1618.91,161,182,75,2.595,29.29,50.823414,4.39164
2026-08-06,Running,Short Morning Run,During last week I have some muscle issue behind my right knee so I did not dare to run. So today I went and it felt better.,2026-08-06_18-04-05_hk_1786032245.fit,637,2026-08-06T16:14:42.000Z,636.000,1623.05,161,187,75,2.66,29.29,50.823432,4.391658
2026-08-06,Running,Short Morning Run,During last week I have some muscle issue behind my right knee so I did not dare to run. So today I went and it felt better.,2026-08-06_18-04-05_hk_1786032245.fit,638,2026-08-06T16:14:43.000Z,637.000,1625.35,161,187,75,2.602,29.3,50.82345,4.391694
2026-08-06,Running,Short Morning Run,During last week I have some muscle issue behind my right knee so I did not dare to run. So today I went and it felt better.,2026-08-06_18-04-05_hk_1786032245.fit,639,2026-08-06T16:14:44.000Z,638.000,1627.64,160,187,74,2.543,29.3,50.823468,4.39173
2026-08-06,Running,Short Morning Run,During last week I have some muscle issue behind my right knee so I did not dare to run. So today I went and it felt better.,2026-08-06_18-04-05_hk_1786032245.fit,640,2026-08-06T16:14:45.000Z,639.000,1629.93,160,190,74,2.554,29.3,50.823486,4.391748
2026-08-06,Running,Short Morning Run,During last week I have some muscle issue behind my right knee so I did not dare to run. So today I went and it felt better.,2026-08-06_18-04-05_hk_1786032245.fit,641,2026-08-06T16:14:46.000Z,640.000,1632.04,160,190,74,2.555,29.3,50.823504,4.391784
2026-08-06,Running,Short Morning Run,During last week I have some muscle issue behind my right knee so I did not dare to run. So today I went and it felt better.,2026-08-06_18-04-05_hk_1786032245.fit,642,2026-08-06T16:14:47.000Z,641.000,1634.15,160,190,73,2.557,29.3,50.823504,4.39182
2026-08-06,Running,Short Morning Run,During last week I have some muscle issue behind my right knee so I did not dare to run. So today I went and it felt better.,2026-08-06_18-04-05_hk_1786032245.fit,643,2026-08-06T16:14:48.000Z,642.000,1636.26,160,188,73,2.544,29.3,50.823522,4.391856
2026-08-06,Running,Short Morning Run,During last week I have some muscle issue behind my right knee so I did not dare to run. So today I went and it felt better.,2026-08-06_18-04-05_hk_1786032245.fit,644,2026-08-06T16:14:49.000Z,643.000,1639.75,160,188,73,2.601,29.3,50.823522,4.391874
2026-08-06,Running,Short Morning Run,During last week I have some muscle issue behind my right knee so I did not dare to run. So today I went and it felt better.,2026-08-06_18-04-05_hk_1786032245.fit,645,2026-08-06T16:14:50.000Z,644.000,1643.24,160,188,76,2.654,29.31,50.82354,4.39191
2026-08-06,Running,Short Morning Run,During last week I have some muscle issue behind my right knee so I did not dare to run. So today I went and it felt better.,2026-08-06_18-04-05_hk_1786032245.fit,646,2026-08-06T16:14:51.000Z,645.000,1645.23,160,188,76,2.62,29.31,50.823558,4.391946
2026-08-06,Running,Short Morning Run,During last week I have some muscle issue behind my right knee so I did not dare to run. So today I went and it felt better.,2026-08-06_18-04-05_hk_1786032245.fit,647,2026-08-06T16:14:52.000Z,646.000,1647.21,160,188,76,2.583,29.31,50.823558,4.391964
2026-08-06,Running,Short Morning Run,During last week I have some muscle issue behind my right knee so I did not dare to run. So today I went and it felt better.,2026-08-06_18-04-05_hk_1786032245.fit,648,2026-08-06T16:14:53.000Z,647.000,1649.2,160,188,74,2.551,29.31,50.823576,4.392
2026-08-06,Running,Short Morning Run,During last week I have some muscle issue behind my right knee so I did not dare to run. So today I went and it felt better.,2026-08-06_18-04-05_hk_1786032245.fit,649,2026-08-06T16:14:54.000Z,648.000,1652.73,160,188,74,2.596,29.31,50.823594,4.392036
2026-08-06,Running,Short Morning Run,During last week I have some muscle issue behind my right knee so I did not dare to run. So today I went and it felt better.,2026-08-06_18-04-05_hk_1786032245.fit,650,2026-08-06T16:14:55.000Z,649.000,1656.27,163,190,74,2.641,29.31,50.823594,4.392054
2026-08-06,Running,Short Morning Run,During last week I have some muscle issue behind my right knee so I did not dare to run. So today I went and it felt better.,2026-08-06_18-04-05_hk_1786032245.fit,651,2026-08-06T16:14:56.000Z,650.000,1658.16,163,190,76,2.603,29.31,50.823612,4.39209
2026-08-06,Running,Short Morning Run,During last week I have some muscle issue behind my right knee so I did not dare to run. So today I went and it felt better.,2026-08-06_18-04-05_hk_1786032245.fit,652,2026-08-06T16:14:57.000Z,651.000,1660.05,163,190,76,2.564,29.31,50.82363,4.392108
2026-08-06,Running,Short Morning Run,During last week I have some muscle issue behind my right knee so I did not dare to run. So today I went and it felt better.,2026-08-06_18-04-05_hk_1786032245.fit,653,2026-08-06T16:14:58.000Z,652.000,1661.94,163,189,76,2.559,29.31,50.823648,4.392144
2026-08-06,Running,Short Morning Run,During last week I have some muscle issue behind my right knee so I did not dare to run. So today I went and it felt better.,2026-08-06_18-04-05_hk_1786032245.fit,654,2026-08-06T16:14:59.000Z,653.000,1664.89,163,189,68,2.638,29.32,50.823648,4.392162
2026-08-06,Running,Short Morning Run,During last week I have some muscle issue behind my right knee so I did not dare to run. So today I went and it felt better.,2026-08-06_18-04-05_hk_1786032245.fit,655,2026-08-06T16:15:00.000Z,654.000,1667.84,163,175,68,2.654,29.32,50.823666,4.39218
2026-08-06,Running,Short Morning Run,During last week I have some muscle issue behind my right knee so I did not dare to run. So today I went and it felt better.,2026-08-06_18-04-05_hk_1786032245.fit,656,2026-08-06T16:15:01.000Z,655.000,1670.04,163,175,68,2.557,29.32,50.823684,4.392216
2026-08-06,Running,Short Morning Run,During last week I have some muscle issue behind my right knee so I did not dare to run. So today I went and it felt better.,2026-08-06_18-04-05_hk_1786032245.fit,657,2026-08-06T16:15:02.000Z,656.000,1672.25,163,175,67,2.54,29.32,50.823702,4.392234
2026-08-06,Running,Short Morning Run,During last week I have some muscle issue behind my right knee so I did not dare to run. So today I went and it felt better.,2026-08-06_18-04-05_hk_1786032245.fit,658,2026-08-06T16:15:03.000Z,657.000,1674.45,163,186,67,2.447,29.32,50.82372,4.39227
2026-08-06,Running,Short Morning Run,During last week I have some muscle issue behind my right knee so I did not dare to run. So today I went and it felt better.,2026-08-06_18-04-05_hk_1786032245.fit,659,2026-08-06T16:15:04.000Z,658.000,1677.23,163,186,67,2.471,29.32,50.82372,4.392288
2026-08-06,Running,Short Morning Run,During last week I have some muscle issue behind my right knee so I did not dare to run. So today I went and it felt better.,2026-08-06_18-04-05_hk_1786032245.fit,660,2026-08-06T16:15:05.000Z,659.000,1680.01,173,188,64,2.504,29.32,50.823738,4.392324
2026-08-06,Running,Short Morning Run,During last week I have some muscle issue behind my right knee so I did not dare to run. So today I went and it felt better.,2026-08-06_18-04-05_hk_1786032245.fit,661,2026-08-06T16:15:06.000Z,660.000,1682.02,173,188,64,2.48,29.32,50.823756,4.392342
2026-08-06,Running,Short Morning Run,During last week I have some muscle issue behind my right knee so I did not dare to run. So today I went and it felt better.,2026-08-06_18-04-05_hk_1786032245.fit,662,2026-08-06T16:15:07.000Z,661.000,1684.03,173,188,64,2.476,29.32,50.823756,4.39236
2026-08-06,Running,Short Morning Run,During last week I have some muscle issue behind my right knee so I did not dare to run. So today I went and it felt better.,2026-08-06_18-04-05_hk_1786032245.fit,663,2026-08-06T16:15:08.000Z,662.000,1686.05,174,185,70,2.471,29.31,50.823774,4.392396
2026-08-06,Running,Short Morning Run,During last week I have some muscle issue behind my right knee so I did not dare to run. So today I went and it felt better.,2026-08-06_18-04-05_hk_1786032245.fit,664,2026-08-06T16:15:09.000Z,663.000,1687.87,174,185,70,2.458,29.31,50.823792,4.392414
2026-08-06,Running,Short Morning Run,During last week I have some muscle issue behind my right knee so I did not dare to run. So today I went and it felt better.,2026-08-06_18-04-05_hk_1786032245.fit,665,2026-08-06T16:15:10.000Z,664.000,1689.7,174,185,70,2.429,29.31,50.82381,4.39245
2026-08-06,Running,Short Morning Run,During last week I have some muscle issue behind my right knee so I did not dare to run. So today I went and it felt better.,2026-08-06_18-04-05_hk_1786032245.fit,666,2026-08-06T16:15:11.000Z,665.000,1691.52,174,186,75,2.353,29.31,50.82381,4.392468
2026-08-06,Running,Short Morning Run,During last week I have some muscle issue behind my right knee so I did not dare to run. So today I went and it felt better.,2026-08-06_18-04-05_hk_1786032245.fit,667,2026-08-06T16:15:12.000Z,666.000,1694.32,174,186,75,2.322,29.31,50.823828,4.392504
2026-08-06,Running,Short Morning Run,During last week I have some muscle issue behind my right knee so I did not dare to run. So today I went and it felt better.,2026-08-06_18-04-05_hk_1786032245.fit,668,2026-08-06T16:15:13.000Z,667.000,1697.13,174,185,75,2.359,29.31,50.823846,4.392522
2026-08-06,Running,Short Morning Run,During last week I have some muscle issue behind my right knee so I did not dare to run. So today I went and it felt better.,2026-08-06_18-04-05_hk_1786032245.fit,669,2026-08-06T16:15:14.000Z,668.000,1699.65,174,185,75,2.403,29.31,50.823846,4.392558
2026-08-06,Running,Short Morning Run,During last week I have some muscle issue behind my right knee so I did not dare to run. So today I went and it felt better.,2026-08-06_18-04-05_hk_1786032245.fit,670,2026-08-06T16:15:15.000Z,669.000,1702.18,174,185,75,2.408,29.31,50.823864,4.392576
2026-08-06,Running,Short Morning Run,During last week I have some muscle issue behind my right knee so I did not dare to run. So today I went and it felt better.,2026-08-06_18-04-05_hk_1786032245.fit,671,2026-08-06T16:15:16.000Z,670.000,1704.7,174,187,75,2.362,29.3,50.823882,4.392612
2026-08-06,Running,Short Morning Run,During last week I have some muscle issue behind my right knee so I did not dare to run. So today I went and it felt better.,2026-08-06_18-04-05_hk_1786032245.fit,672,2026-08-06T16:15:17.000Z,671.000,1707.56,174,187,74,2.331,29.3,50.8239,4.39263
2026-08-06,Running,Short Morning Run,During last week I have some muscle issue behind my right knee so I did not dare to run. So today I went and it felt better.,2026-08-06_18-04-05_hk_1786032245.fit,673,2026-08-06T16:15:18.000Z,672.000,1710.41,174,185,74,2.398,29.3,50.8239,4.392666
2026-08-06,Running,Short Morning Run,During last week I have some muscle issue behind my right knee so I did not dare to run. So today I went and it felt better.,2026-08-06_18-04-05_hk_1786032245.fit,674,2026-08-06T16:15:19.000Z,673.000,1712.67,174,185,74,2.416,29.3,50.823918,4.392684
2026-08-06,Running,Short Morning Run,During last week I have some muscle issue behind my right knee so I did not dare to run. So today I went and it felt better.,2026-08-06_18-04-05_hk_1786032245.fit,675,2026-08-06T16:15:20.000Z,674.000,1714.94,174,185,76,2.383,29.31,50.823936,4.392702
2026-08-06,Running,Short Morning Run,During last week I have some muscle issue behind my right knee so I did not dare to run. So today I went and it felt better.,2026-08-06_18-04-05_hk_1786032245.fit,676,2026-08-06T16:15:21.000Z,675.000,1717.2,174,185,76,2.378,29.31,50.823954,4.392738
2026-08-06,Running,Short Morning Run,During last week I have some muscle issue behind my right knee so I did not dare to run. So today I went and it felt better.,2026-08-06_18-04-05_hk_1786032245.fit,677,2026-08-06T16:15:22.000Z,676.000,1720.11,174,185,76,2.384,29.31,50.823972,4.392756
2026-08-06,Running,Short Morning Run,During last week I have some muscle issue behind my right knee so I did not dare to run. So today I went and it felt better.,2026-08-06_18-04-05_hk_1786032245.fit,678,2026-08-06T16:15:23.000Z,677.000,1723.01,174,186,76,2.417,29.31,50.823972,4.392792
2026-08-06,Running,Short Morning Run,During last week I have some muscle issue behind my right knee so I did not dare to run. So today I went and it felt better.,2026-08-06_18-04-05_hk_1786032245.fit,679,2026-08-06T16:15:24.000Z,678.000,1724.93,175,186,76,2.404,29.31,50.82399,4.39281
2026-08-06,Running,Short Morning Run,During last week I have some muscle issue behind my right knee so I did not dare to run. So today I went and it felt better.,2026-08-06_18-04-05_hk_1786032245.fit,680,2026-08-06T16:15:25.000Z,679.000,1726.85,175,186,76,2.382,29.31,50.824008,4.392846
2026-08-06,Running,Short Morning Run,During last week I have some muscle issue behind my right knee so I did not dare to run. So today I went and it felt better.,2026-08-06_18-04-05_hk_1786032245.fit,681,2026-08-06T16:15:26.000Z,680.000,1728.77,174,186,74,2.343,29.31,50.824026,4.392864
2026-08-06,Running,Short Morning Run,During last week I have some muscle issue behind my right knee so I did not dare to run. So today I went and it felt better.,2026-08-06_18-04-05_hk_1786032245.fit,682,2026-08-06T16:15:27.000Z,681.000,1732.09,174,186,74,2.384,29.31,50.824026,4.3929
2026-08-06,Running,Short Morning Run,During last week I have some muscle issue behind my right knee so I did not dare to run. So today I went and it felt better.,2026-08-06_18-04-05_hk_1786032245.fit,683,2026-08-06T16:15:28.000Z,682.000,1735.41,174,187,74,2.447,29.31,50.824044,4.392936
2026-08-06,Running,Short Morning Run,During last week I have some muscle issue behind my right knee so I did not dare to run. So today I went and it felt better.,2026-08-06_18-04-05_hk_1786032245.fit,684,2026-08-06T16:15:29.000Z,683.000,1737.4,174,187,75,2.445,29.31,50.824062,4.392954
2026-08-06,Running,Short Morning Run,During last week I have some muscle issue behind my right knee so I did not dare to run. So today I went and it felt better.,2026-08-06_18-04-05_hk_1786032245.fit,685,2026-08-06T16:15:30.000Z,684.000,1739.38,174,187,75,2.453,29.31,50.824062,4.39299
2026-08-06,Running,Short Morning Run,During last week I have some muscle issue behind my right knee so I did not dare to run. So today I went and it felt better.,2026-08-06_18-04-05_hk_1786032245.fit,686,2026-08-06T16:15:31.000Z,685.000,1741.36,174,187,75,2.46,29.31,50.82408,4.393026
2026-08-06,Running,Short Morning Run,During last week I have some muscle issue behind my right knee so I did not dare to run. So today I went and it felt better.,2026-08-06_18-04-05_hk_1786032245.fit,687,2026-08-06T16:15:32.000Z,686.000,1743.77,174,187,75,2.488,29.31,50.824098,4.393044
2026-08-06,Running,Short Morning Run,During last week I have some muscle issue behind my right knee so I did not dare to run. So today I went and it felt better.,2026-08-06_18-04-05_hk_1786032245.fit,688,2026-08-06T16:15:33.000Z,687.000,1746.18,174,187,75,2.469,29.31,50.824098,4.39308
2026-08-06,Running,Short Morning Run,During last week I have some muscle issue behind my right knee so I did not dare to run. So today I went and it felt better.,2026-08-06_18-04-05_hk_1786032245.fit,689,2026-08-06T16:15:34.000Z,688.000,1748.59,174,189,75,2.451,29.31,50.824116,4.393098
2026-08-06,Running,Short Morning Run,During last week I have some muscle issue behind my right knee so I did not dare to run. So today I went and it felt better.,2026-08-06_18-04-05_hk_1786032245.fit,690,2026-08-06T16:15:35.000Z,689.000,1751.82,174,189,76,2.484,29.31,50.824134,4.393134
2026-08-06,Running,Short Morning Run,During last week I have some muscle issue behind my right knee so I did not dare to run. So today I went and it felt better.,2026-08-06_18-04-05_hk_1786032245.fit,691,2026-08-06T16:15:36.000Z,690.000,1755.05,174,190,76,2.517,29.3,50.824134,4.393152
2026-08-06,Running,Short Morning Run,During last week I have some muscle issue behind my right knee so I did not dare to run. So today I went and it felt better.,2026-08-06_18-04-05_hk_1786032245.fit,692,2026-08-06T16:15:37.000Z,691.000,1757.28,174,190,76,2.503,29.3,50.824152,4.393188
2026-08-06,Running,Short Morning Run,During last week I have some muscle issue behind my right knee so I did not dare to run. So today I went and it felt better.,2026-08-06_18-04-05_hk_1786032245.fit,693,2026-08-06T16:15:38.000Z,692.000,1759.51,174,190,76,2.474,29.3,50.82417,4.393224
2026-08-06,Running,Short Morning Run,During last week I have some muscle issue behind my right knee so I did not dare to run. So today I went and it felt better.,2026-08-06_18-04-05_hk_1786032245.fit,694,2026-08-06T16:15:39.000Z,693.000,1761.74,174,189,76,2.444,29.3,50.824188,4.393242
2026-08-06,Running,Short Morning Run,During last week I have some muscle issue behind my right knee so I did not dare to run. So today I went and it felt better.,2026-08-06_18-04-05_hk_1786032245.fit,695,2026-08-06T16:15:40.000Z,694.000,1764.56,174,189,76,2.471,29.3,50.824188,4.393278
2026-08-06,Running,Short Morning Run,During last week I have some muscle issue behind my right knee so I did not dare to run. So today I went and it felt better.,2026-08-06_18-04-05_hk_1786032245.fit,696,2026-08-06T16:15:41.000Z,695.000,1767.39,175,187,73,2.509,29.3,50.824206,4.393296
2026-08-06,Running,Short Morning Run,During last week I have some muscle issue behind my right knee so I did not dare to run. So today I went and it felt better.,2026-08-06_18-04-05_hk_1786032245.fit,697,2026-08-06T16:15:42.000Z,696.000,1769.53,175,187,73,2.492,29.3,50.824224,4.393332
2026-08-06,Running,Short Morning Run,During last week I have some muscle issue behind my right knee so I did not dare to run. So today I went and it felt better.,2026-08-06_18-04-05_hk_1786032245.fit,698,2026-08-06T16:15:43.000Z,697.000,1771.67,175,187,73,2.455,29.3,50.824242,4.393368
2026-08-06,Running,Short Morning Run,During last week I have some muscle issue behind my right knee so I did not dare to run. So today I went and it felt better.,2026-08-06_18-04-05_hk_1786032245.fit,699,2026-08-06T16:15:44.000Z,698.000,1773.8,175,189,71,2.419,29.3,50.82426,4.393386
2026-08-06,Running,Short Morning Run,During last week I have some muscle issue behind my right knee so I did not dare to run. So today I went and it felt better.,2026-08-06_18-04-05_hk_1786032245.fit,700,2026-08-06T16:15:45.000Z,699.000,1777.5,175,189,71,2.533,29.29,50.824278,4.393422
2026-08-06,Running,Short Morning Run,During last week I have some muscle issue behind my right knee so I did not dare to run. So today I went and it felt better.,2026-08-06_18-04-05_hk_1786032245.fit,701,2026-08-06T16:15:46.000Z,700.000,1781.2,175,191,71,2.622,29.29,50.824278,4.39344
2026-08-06,Running,Short Morning Run,During last week I have some muscle issue behind my right knee so I did not dare to run. So today I went and it felt better.,2026-08-06_18-04-05_hk_1786032245.fit,702,2026-08-06T16:15:47.000Z,701.000,1783.35,175,191,72,2.563,29.29,50.824296,4.393458
2026-08-06,Running,Short Morning Run,During last week I have some muscle issue behind my right knee so I did not dare to run. So today I went and it felt better.,2026-08-06_18-04-05_hk_1786032245.fit,703,2026-08-06T16:15:48.000Z,702.000,1785.49,175,191,72,2.504,29.29,50.824314,4.393494
2026-08-06,Running,Short Morning Run,During last week I have some muscle issue behind my right knee so I did not dare to run. So today I went and it felt better.,2026-08-06_18-04-05_hk_1786032245.fit,704,2026-08-06T16:15:49.000Z,703.000,1787.64,175,192,72,2.512,29.29,50.824332,4.393512
2026-08-06,Running,Short Morning Run,During last week I have some muscle issue behind my right knee so I did not dare to run. So today I went and it felt better.,2026-08-06_18-04-05_hk_1786032245.fit,705,2026-08-06T16:15:50.000Z,704.000,1790.01,175,192,74,2.531,29.29,50.82435,4.393548
2026-08-06,Running,Short Morning Run,During last week I have some muscle issue behind my right knee so I did not dare to run. So today I went and it felt better.,2026-08-06_18-04-05_hk_1786032245.fit,706,2026-08-06T16:15:51.000Z,705.000,1792.37,175,192,74,2.55,29.29,50.82435,4.393584
2026-08-06,Running,Short Morning Run,During last week I have some muscle issue behind my right knee so I did not dare to run. So today I went and it felt better.,2026-08-06_18-04-05_hk_1786032245.fit,707,2026-08-06T16:15:52.000Z,706.000,1794.74,175,192,74,2.548,29.29,50.824368,4.393602
2026-08-06,Running,Short Morning Run,During last week I have some muscle issue behind my right knee so I did not dare to run. So today I went and it felt better.,2026-08-06_18-04-05_hk_1786032245.fit,708,2026-08-06T16:15:53.000Z,707.000,1797.31,175,192,76,2.557,29.29,50.824386,4.393638
2026-08-06,Running,Short Morning Run,During last week I have some muscle issue behind my right knee so I did not dare to run. So today I went and it felt better.,2026-08-06_18-04-05_hk_1786032245.fit,709,2026-08-06T16:15:54.000Z,708.000,1799.89,175,185,76,2.565,29.29,50.824386,4.393656
2026-08-06,Running,Short Morning Run,During last week I have some muscle issue behind my right knee so I did not dare to run. So today I went and it felt better.,2026-08-06_18-04-05_hk_1786032245.fit,710,2026-08-06T16:15:55.000Z,709.000,1801.85,175,185,76,2.501,29.29,50.824404,4.393674
2026-08-06,Running,Short Morning Run,During last week I have some muscle issue behind my right knee so I did not dare to run. So today I went and it felt better.,2026-08-06_18-04-05_hk_1786032245.fit,711,2026-08-06T16:15:56.000Z,710.000,1803.8,175,185,73,2.475,29.29,50.824422,4.39371
2026-08-06,Running,Short Morning Run,During last week I have some muscle issue behind my right knee so I did not dare to run. So today I went and it felt better.,2026-08-06_18-04-05_hk_1786032245.fit,712,2026-08-06T16:15:57.000Z,711.000,1805.76,175,186,73,2.415,29.29,50.82444,4.393728
2026-08-06,Running,Short Morning Run,During last week I have some muscle issue behind my right knee so I did not dare to run. So today I went and it felt better.,2026-08-06_18-04-05_hk_1786032245.fit,713,2026-08-06T16:15:58.000Z,712.000,1809.26,175,186,73,2.475,29.3,50.82444,4.393764
2026-08-06,Running,Short Morning Run,During last week I have some muscle issue behind my right knee so I did not dare to run. So today I went and it felt better.,2026-08-06_18-04-05_hk_1786032245.fit,714,2026-08-06T16:15:59.000Z,713.000,1812.76,175,189,76,2.551,29.3,50.824458,4.393782
2026-08-06,Running,Short Morning Run,During last week I have some muscle issue behind my right knee so I did not dare to run. So today I went and it felt better.,2026-08-06_18-04-05_hk_1786032245.fit,715,2026-08-06T16:16:00.000Z,714.000,1814.62,176,189,76,2.503,29.3,50.824476,4.393818
2026-08-06,Running,Short Morning Run,During last week I have some muscle issue behind my right knee so I did not dare to run. So today I went and it felt better.,2026-08-06_18-04-05_hk_1786032245.fit,716,2026-08-06T16:16:01.000Z,715.000,1816.48,176,189,76,2.472,29.3,50.824494,4.393836
2026-08-06,Running,Short Morning Run,During last week I have some muscle issue behind my right knee so I did not dare to run. So today I went and it felt better.,2026-08-06_18-04-05_hk_1786032245.fit,717,2026-08-06T16:16:02.000Z,716.000,1818.34,176,186,74,2.426,29.31,50.824494,4.393872
2026-08-06,Running,Short Morning Run,During last week I have some muscle issue behind my right knee so I did not dare to run. So today I went and it felt better.,2026-08-06_18-04-05_hk_1786032245.fit,718,2026-08-06T16:16:03.000Z,717.000,1821.38,176,186,74,2.469,29.31,50.824512,4.39389
2026-08-06,Running,Short Morning Run,During last week I have some muscle issue behind my right knee so I did not dare to run. So today I went and it felt better.,2026-08-06_18-04-05_hk_1786032245.fit,719,2026-08-06T16:16:04.000Z,718.000,1824.43,176,184,74,2.531,29.31,50.82453,4.393926
2026-08-06,Running,Short Morning Run,During last week I have some muscle issue behind my right knee so I did not dare to run. So today I went and it felt better.,2026-08-06_18-04-05_hk_1786032245.fit,720,2026-08-06T16:16:05.000Z,719.000,1826.11,176,184,76,2.491,29.31,50.82453,4.393944
2026-08-06,Running,Short Morning Run,During last week I have some muscle issue behind my right knee so I did not dare to run. So today I went and it felt better.,2026-08-06_18-04-05_hk_1786032245.fit,721,2026-08-06T16:16:06.000Z,720.000,1827.79,177,184,76,2.395,29.31,50.824548,4.393962
2026-08-06,Running,Short Morning Run,During last week I have some muscle issue behind my right knee so I did not dare to run. So today I went and it felt better.,2026-08-06_18-04-05_hk_1786032245.fit,722,2026-08-06T16:16:07.000Z,721.000,1829.47,177,183,76,2.362,29.31,50.824566,4.393998
2026-08-06,Running,Short Morning Run,During last week I have some muscle issue behind my right knee so I did not dare to run. So today I went and it felt better.,2026-08-06_18-04-05_hk_1786032245.fit,723,2026-08-06T16:16:08.000Z,722.000,1832.22,177,183,74,2.319,29.3,50.824566,4.394016
2026-08-06,Running,Short Morning Run,During last week I have some muscle issue behind my right knee so I did not dare to run. So today I went and it felt better.,2026-08-06_18-04-05_hk_1786032245.fit,724,2026-08-06T16:16:09.000Z,723.000,1834.97,177,182,74,2.347,29.3,50.824584,4.394034
2026-08-06,Running,Short Morning Run,During last week I have some muscle issue behind my right knee so I did not dare to run. So today I went and it felt better.,2026-08-06_18-04-05_hk_1786032245.fit,725,2026-08-06T16:16:10.000Z,724.000,1837.01,177,182,74,2.342,29.3,50.824602,4.39407
2026-08-06,Running,Short Morning Run,During last week I have some muscle issue behind my right knee so I did not dare to run. So today I went and it felt better.,2026-08-06_18-04-05_hk_1786032245.fit,726,2026-08-06T16:16:11.000Z,725.000,1839.05,176,182,76,2.337,29.3,50.824602,4.394088
2026-08-06,Running,Short Morning Run,During last week I have some muscle issue behind my right knee so I did not dare to run. So today I went and it felt better.,2026-08-06_18-04-05_hk_1786032245.fit,727,2026-08-06T16:16:12.000Z,726.000,1841.09,176,181,76,2.322,29.3,50.82462,4.394124
2026-08-06,Running,Short Morning Run,During last week I have some muscle issue behind my right knee so I did not dare to run. So today I went and it felt better.,2026-08-06_18-04-05_hk_1786032245.fit,728,2026-08-06T16:16:13.000Z,727.000,1843.02,176,181,76,2.302,29.3,50.824638,4.394142
2026-08-06,Running,Short Morning Run,During last week I have some muscle issue behind my right knee so I did not dare to run. So today I went and it felt better.,2026-08-06_18-04-05_hk_1786032245.fit,729,2026-08-06T16:16:14.000Z,728.000,1844.94,176,181,73,2.282,29.3,50.824656,4.394178
2026-08-06,Running,Short Morning Run,During last week I have some muscle issue behind my right knee so I did not dare to run. So today I went and it felt better.,2026-08-06_18-04-05_hk_1786032245.fit,730,2026-08-06T16:16:15.000Z,729.000,1846.86,176,180,73,2.266,29.3,50.824656,4.394196
2026-08-06,Running,Short Morning Run,During last week I have some muscle issue behind my right knee so I did not dare to run. So today I went and it felt better.,2026-08-06_18-04-05_hk_1786032245.fit,731,2026-08-06T16:16:16.000Z,730.000,1850.37,176,180,73,2.294,29.31,50.824674,4.394232
2026-08-06,Running,Short Morning Run,During last week I have some muscle issue behind my right knee so I did not dare to run. So today I went and it felt better.,2026-08-06_18-04-05_hk_1786032245.fit,732,2026-08-06T16:16:17.000Z,731.000,1853.87,176,180,76,2.384,29.31,50.824692,4.39425
2026-08-06,Running,Short Morning Run,During last week I have some muscle issue behind my right knee so I did not dare to run. So today I went and it felt better.,2026-08-06_18-04-05_hk_1786032245.fit,733,2026-08-06T16:16:18.000Z,732.000,1855.65,176,180,76,2.357,29.31,50.824692,4.394268
2026-08-06,Running,Short Morning Run,During last week I have some muscle issue behind my right knee so I did not dare to run. So today I went and it felt better.,2026-08-06_18-04-05_hk_1786032245.fit,734,2026-08-06T16:16:19.000Z,733.000,1857.43,176,180,76,2.349,29.31,50.82471,4.394304
2026-08-06,Running,Short Morning Run,During last week I have some muscle issue behind my right knee so I did not dare to run. So today I went and it felt better.,2026-08-06_18-04-05_hk_1786032245.fit,735,2026-08-06T16:16:20.000Z,734.000,1859.21,177,179,75,2.324,29.31,50.824728,4.394322
2026-08-06,Running,Short Morning Run,During last week I have some muscle issue behind my right knee so I did not dare to run. So today I went and it felt better.,2026-08-06_18-04-05_hk_1786032245.fit,736,2026-08-06T16:16:21.000Z,735.000,1861.99,177,179,75,2.293,29.31,50.824728,4.394358
2026-08-06,Running,Short Morning Run,During last week I have some muscle issue behind my right knee so I did not dare to run. So today I went and it felt better.,2026-08-06_18-04-05_hk_1786032245.fit,737,2026-08-06T16:16:22.000Z,736.000,1864.76,177,179,75,2.279,29.31,50.824746,4.394376
2026-08-06,Running,Short Morning Run,During last week I have some muscle issue behind my right knee so I did not dare to run. So today I went and it felt better.,2026-08-06_18-04-05_hk_1786032245.fit,738,2026-08-06T16:16:23.000Z,737.000,1867.07,177,179,75,2.299,29.31,50.824764,4.394394
2026-08-06,Running,Short Morning Run,During last week I have some muscle issue behind my right knee so I did not dare to run. So today I went and it felt better.,2026-08-06_18-04-05_hk_1786032245.fit,739,2026-08-06T16:16:24.000Z,738.000,1869.37,177,179,75,2.32,29.31,50.824782,4.39443
2026-08-06,Running,Short Morning Run,During last week I have some muscle issue behind my right knee so I did not dare to run. So today I went and it felt better.,2026-08-06_18-04-05_hk_1786032245.fit,740,2026-08-06T16:16:25.000Z,739.000,1871.67,177,180,75,2.286,29.31,50.824782,4.394448
2026-08-06,Running,Short Morning Run,During last week I have some muscle issue behind my right knee so I did not dare to run. So today I went and it felt better.,2026-08-06_18-04-05_hk_1786032245.fit,741,2026-08-06T16:16:26.000Z,740.000,1874.57,177,180,74,2.279,29.31,50.8248,4.394484
2026-08-06,Running,Short Morning Run,During last week I have some muscle issue behind my right knee so I did not dare to run. So today I went and it felt better.,2026-08-06_18-04-05_hk_1786032245.fit,742,2026-08-06T16:16:27.000Z,741.000,1877.48,177,181,74,2.335,29.31,50.824818,4.394502
2026-08-06,Running,Short Morning Run,During last week I have some muscle issue behind my right knee so I did not dare to run. So today I went and it felt better.,2026-08-06_18-04-05_hk_1786032245.fit,743,2026-08-06T16:16:28.000Z,742.000,1879.02,177,181,74,2.328,29.31,50.824836,4.394538
2026-08-06,Running,Short Morning Run,During last week I have some muscle issue behind my right knee so I did not dare to run. So today I went and it felt better.,2026-08-06_18-04-05_hk_1786032245.fit,744,2026-08-06T16:16:29.000Z,743.000,1880.55,177,181,73,2.322,29.31,50.824854,4.394556
2026-08-06,Running,Short Morning Run,During last week I have some muscle issue behind my right knee so I did not dare to run. So today I went and it felt better.,2026-08-06_18-04-05_hk_1786032245.fit,745,2026-08-06T16:16:30.000Z,744.000,1882.08,176,178,73,2.287,29.31,50.824854,4.394592
2026-08-06,Running,Short Morning Run,During last week I have some muscle issue behind my right knee so I did not dare to run. So today I went and it felt better.,2026-08-06_18-04-05_hk_1786032245.fit,746,2026-08-06T16:16:31.000Z,745.000,1885.53,176,178,73,2.298,29.31,50.824872,4.39461
2026-08-06,Running,Short Morning Run,During last week I have some muscle issue behind my right knee so I did not dare to run. So today I went and it felt better.,2026-08-06_18-04-05_hk_1786032245.fit,747,2026-08-06T16:16:32.000Z,746.000,1888.98,176,180,76,2.362,29.32,50.82489,4.394628
2026-08-06,Running,Short Morning Run,During last week I have some muscle issue behind my right knee so I did not dare to run. So today I went and it felt better.,2026-08-06_18-04-05_hk_1786032245.fit,748,2026-08-06T16:16:33.000Z,747.000,1891.14,176,180,76,2.383,29.32,50.82489,4.394664
2026-08-06,Running,Short Morning Run,During last week I have some muscle issue behind my right knee so I did not dare to run. So today I went and it felt better.,2026-08-06_18-04-05_hk_1786032245.fit,749,2026-08-06T16:16:34.000Z,748.000,1893.31,176,180,76,2.395,29.32,50.824908,4.394682
2026-08-06,Running,Short Morning Run,During last week I have some muscle issue behind my right knee so I did not dare to run. So today I went and it felt better.,2026-08-06_18-04-05_hk_1786032245.fit,750,2026-08-06T16:16:35.000Z,749.000,1895.47,176,182,74,2.406,29.32,50.824926,4.394718
2026-08-06,Running,Short Morning Run,During last week I have some muscle issue behind my right knee so I did not dare to run. So today I went and it felt better.,2026-08-06_18-04-05_hk_1786032245.fit,751,2026-08-06T16:16:36.000Z,750.000,1898.04,176,182,74,2.437,29.32,50.824944,4.394754
2026-08-06,Running,Short Morning Run,During last week I have some muscle issue behind my right knee so I did not dare to run. So today I went and it felt better.,2026-08-06_18-04-05_hk_1786032245.fit,752,2026-08-06T16:16:37.000Z,751.000,1900.61,176,182,74,2.392,29.32,50.824962,4.394772
2026-08-06,Running,Short Morning Run,During last week I have some muscle issue behind my right knee so I did not dare to run. So today I went and it felt better.,2026-08-06_18-04-05_hk_1786032245.fit,753,2026-08-06T16:16:38.000Z,752.000,1903.18,177,185,76,2.4,29.33,50.824962,4.394808
2026-08-06,Running,Short Morning Run,During last week I have some muscle issue behind my right knee so I did not dare to run. So today I went and it felt better.,2026-08-06_18-04-05_hk_1786032245.fit,754,2026-08-06T16:16:39.000Z,753.000,1906.62,177,185,76,2.427,29.33,50.82498,4.394826
2026-08-06,Running,Short Morning Run,During last week I have some muscle issue behind my right knee so I did not dare to run. So today I went and it felt better.,2026-08-06_18-04-05_hk_1786032245.fit,755,2026-08-06T16:16:40.000Z,754.000,1910.07,177,189,76,2.543,29.33,50.824998,4.394862
2026-08-06,Running,Short Morning Run,During last week I have some muscle issue behind my right knee so I did not dare to run. So today I went and it felt better.,2026-08-06_18-04-05_hk_1786032245.fit,756,2026-08-06T16:16:41.000Z,755.000,1911.69,177,189,75,2.499,29.33,50.825016,4.39488
2026-08-06,Running,Short Morning Run,During last week I have some muscle issue behind my right knee so I did not dare to run. So today I went and it felt better.,2026-08-06_18-04-05_hk_1786032245.fit,757,2026-08-06T16:16:42.000Z,756.000,1913.31,177,189,75,2.444,29.33,50.825034,4.394916
2026-08-06,Running,Short Morning Run,During last week I have some muscle issue behind my right knee so I did not dare to run. So today I went and it felt better.,2026-08-06_18-04-05_hk_1786032245.fit,758,2026-08-06T16:16:43.000Z,757.000,1914.93,177,186,75,2.389,29.33,50.825052,4.394934
2026-08-06,Running,Short Morning Run,During last week I have some muscle issue behind my right knee so I did not dare to run. So today I went and it felt better.,2026-08-06_18-04-05_hk_1786032245.fit,759,2026-08-06T16:16:44.000Z,758.000,1918.8,176,186,75,2.463,29.33,50.825052,4.394952
2026-08-06,Running,Short Morning Run,During last week I have some muscle issue behind my right knee so I did not dare to run. So today I went and it felt better.,2026-08-06_18-04-05_hk_1786032245.fit,760,2026-08-06T16:16:45.000Z,759.000,1922.66,176,189,75,2.55,29.33,50.82507,4.394988
2026-08-06,Running,Short Morning Run,During last week I have some muscle issue behind my right knee so I did not dare to run. So today I went and it felt better.,2026-08-06_18-04-05_hk_1786032245.fit,761,2026-08-06T16:16:46.000Z,760.000,1924.67,176,189,75,2.505,29.33,50.825088,4.395006
2026-08-06,Running,Short Morning Run,During last week I have some muscle issue behind my right knee so I did not dare to run. So today I went and it felt better.,2026-08-06_18-04-05_hk_1786032245.fit,762,2026-08-06T16:16:47.000Z,761.000,1926.68,176,189,74,2.481,29.32,50.825106,4.395042
2026-08-06,Running,Short Morning Run,During last week I have some muscle issue behind my right knee so I did not dare to run. So today I went and it felt better.,2026-08-06_18-04-05_hk_1786032245.fit,763,2026-08-06T16:16:48.000Z,762.000,1928.69,176,187,74,2.439,29.32,50.825124,4.39506
2026-08-06,Running,Short Morning Run,During last week I have some muscle issue behind my right knee so I did not dare to run. So today I went and it felt better.,2026-08-06_18-04-05_hk_1786032245.fit,764,2026-08-06T16:16:49.000Z,763.000,1931.81,176,187,74,2.563,29.32,50.825142,4.395096
2026-08-06,Running,Short Morning Run,During last week I have some muscle issue behind my right knee so I did not dare to run. So today I went and it felt better.,2026-08-06_18-04-05_hk_1786032245.fit,765,2026-08-06T16:16:50.000Z,764.000,1934.92,176,184,76,2.642,29.32,50.82516,4.395114
2026-08-06,Running,Short Morning Run,During last week I have some muscle issue behind my right knee so I did not dare to run. So today I went and it felt better.,2026-08-06_18-04-05_hk_1786032245.fit,766,2026-08-06T16:16:51.000Z,765.000,1937.02,176,184,76,2.574,29.32,50.82516,4.395132
2026-08-06,Running,Short Morning Run,During last week I have some muscle issue behind my right knee so I did not dare to run. So today I went and it felt better.,2026-08-06_18-04-05_hk_1786032245.fit,767,2026-08-06T16:16:52.000Z,766.000,1939.12,177,184,76,2.507,29.33,50.825178,4.395168
2026-08-06,Running,Short Morning Run,During last week I have some muscle issue behind my right knee so I did not dare to run. So today I went and it felt better.,2026-08-06_18-04-05_hk_1786032245.fit,768,2026-08-06T16:16:53.000Z,767.000,1941.22,177,183,76,2.504,29.33,50.825196,4.395186
2026-08-06,Running,Short Morning Run,During last week I have some muscle issue behind my right knee so I did not dare to run. So today I went and it felt better.,2026-08-06_18-04-05_hk_1786032245.fit,769,2026-08-06T16:16:54.000Z,768.000,1943.59,177,183,76,2.514,29.33,50.825214,4.395222
2026-08-06,Running,Short Morning Run,During last week I have some muscle issue behind my right knee so I did not dare to run. So today I went and it felt better.,2026-08-06_18-04-05_hk_1786032245.fit,770,2026-08-06T16:16:55.000Z,769.000,1945.96,177,183,76,2.524,29.33,50.825214,4.39524
2026-08-06,Running,Short Morning Run,During last week I have some muscle issue behind my right knee so I did not dare to run. So today I went and it felt better.,2026-08-06_18-04-05_hk_1786032245.fit,771,2026-08-06T16:16:56.000Z,770.000,1948.33,177,184,76,2.515,29.33,50.825232,4.395276
2026-08-06,Running,Short Morning Run,During last week I have some muscle issue behind my right knee so I did not dare to run. So today I went and it felt better.,2026-08-06_18-04-05_hk_1786032245.fit,772,2026-08-06T16:16:57.000Z,771.000,1950.75,177,184,76,2.507,29.34,50.82525,4.395312
2026-08-06,Running,Short Morning Run,During last week I have some muscle issue behind my right knee so I did not dare to run. So today I went and it felt better.,2026-08-06_18-04-05_hk_1786032245.fit,773,2026-08-06T16:16:58.000Z,772.000,1953.17,177,182,76,2.503,29.34,50.82525,4.395348
2026-08-06,Running,Short Morning Run,During last week I have some muscle issue behind my right knee so I did not dare to run. So today I went and it felt better.,2026-08-06_18-04-05_hk_1786032245.fit,774,2026-08-06T16:16:59.000Z,773.000,1955.68,177,182,76,2.5,29.34,50.825268,4.395366
2026-08-06,Running,Short Morning Run,During last week I have some muscle issue behind my right knee so I did not dare to run. So today I went and it felt better.,2026-08-06_18-04-05_hk_1786032245.fit,775,2026-08-06T16:17:00.000Z,774.000,1958.2,176,182,76,2.456,29.34,50.825268,4.395402
2026-08-06,Running,Short Morning Run,During last week I have some muscle issue behind my right knee so I did not dare to run. So today I went and it felt better.,2026-08-06_18-04-05_hk_1786032245.fit,776,2026-08-06T16:17:01.000Z,775.000,1960.72,176,185,76,2.412,29.34,50.825286,4.39542
2026-08-06,Running,Short Morning Run,During last week I have some muscle issue behind my right knee so I did not dare to run. So today I went and it felt better.,2026-08-06_18-04-05_hk_1786032245.fit,777,2026-08-06T16:17:02.000Z,776.000,1963.24,176,185,76,2.455,29.33,50.825304,4.395456
2026-08-06,Running,Short Morning Run,During last week I have some muscle issue behind my right knee so I did not dare to run. So today I went and it felt better.,2026-08-06_18-04-05_hk_1786032245.fit,778,2026-08-06T16:17:03.000Z,777.000,1965.77,177,183,76,2.542,29.33,50.825322,4.395474
2026-08-06,Running,Short Morning Run,During last week I have some muscle issue behind my right knee so I did not dare to run. So today I went and it felt better.,2026-08-06_18-04-05_hk_1786032245.fit,779,2026-08-06T16:17:04.000Z,778.000,1967.8,177,183,76,2.518,29.33,50.825322,4.39551
2026-08-06,Running,Short Morning Run,During last week I have some muscle issue behind my right knee so I did not dare to run. So today I went and it felt better.,2026-08-06_18-04-05_hk_1786032245.fit,780,2026-08-06T16:17:05.000Z,779.000,1969.83,177,183,73,2.43,29.33,50.82534,4.395528
2026-08-06,Running,Short Morning Run,During last week I have some muscle issue behind my right knee so I did not dare to run. So today I went and it felt better.,2026-08-06_18-04-05_hk_1786032245.fit,781,2026-08-06T16:17:06.000Z,780.000,1971.87,177,184,73,2.412,29.32,50.825358,4.395546
2026-08-06,Running,Short Morning Run,During last week I have some muscle issue behind my right knee so I did not dare to run. So today I went and it felt better.,2026-08-06_18-04-05_hk_1786032245.fit,782,2026-08-06T16:17:07.000Z,781.000,1975.93,176,184,73,2.441,29.32,50.825376,4.395582
2026-08-06,Running,Short Morning Run,During last week I have some muscle issue behind my right knee so I did not dare to run. So today I went and it felt better.,2026-08-06_18-04-05_hk_1786032245.fit,783,2026-08-06T16:17:08.000Z,782.000,1980,176,187,76,2.565,29.32,50.825394,4.395618
2026-08-06,Running,Short Morning Run,During last week I have some muscle issue behind my right knee so I did not dare to run. So today I went and it felt better.,2026-08-06_18-04-05_hk_1786032245.fit,784,2026-08-06T16:17:09.000Z,783.000,1981.62,176,187,76,2.52,29.32,50.825394,4.395636
2026-08-06,Running,Short Morning Run,During last week I have some muscle issue behind my right knee so I did not dare to run. So today I went and it felt better.,2026-08-06_18-04-05_hk_1786032245.fit,785,2026-08-06T16:17:10.000Z,784.000,1983.23,176,187,76,2.449,29.32,50.825412,4.395672
2026-08-06,Running,Short Morning Run,During last week I have some muscle issue behind my right knee so I did not dare to run. So today I went and it felt better.,2026-08-06_18-04-05_hk_1786032245.fit,786,2026-08-06T16:17:11.000Z,785.000,1984.85,176,184,74,2.411,29.31,50.82543,4.39569
2026-08-06,Running,Short Morning Run,During last week I have some muscle issue behind my right knee so I did not dare to run. So today I went and it felt better.,2026-08-06_18-04-05_hk_1786032245.fit,787,2026-08-06T16:17:12.000Z,786.000,1987.87,177,184,74,2.422,29.31,50.82543,4.395726
2026-08-06,Running,Short Morning Run,During last week I have some muscle issue behind my right knee so I did not dare to run. So today I went and it felt better.,2026-08-06_18-04-05_hk_1786032245.fit,788,2026-08-06T16:17:13.000Z,787.000,1990.89,177,182,74,2.465,29.31,50.825448,4.395762
2026-08-06,Running,Short Morning Run,During last week I have some muscle issue behind my right knee so I did not dare to run. So today I went and it felt better.,2026-08-06_18-04-05_hk_1786032245.fit,789,2026-08-06T16:17:14.000Z,788.000,1993.03,177,182,76,2.467,29.31,50.825448,4.39578
2026-08-06,Running,Short Morning Run,During last week I have some muscle issue behind my right knee so I did not dare to run. So today I went and it felt better.,2026-08-06_18-04-05_hk_1786032245.fit,790,2026-08-06T16:17:15.000Z,789.000,1995.17,177,182,76,2.456,29.31,50.825466,4.395816
2026-08-06,Running,Short Morning Run,During last week I have some muscle issue behind my right knee so I did not dare to run. So today I went and it felt better.,2026-08-06_18-04-05_hk_1786032245.fit,791,2026-08-06T16:17:16.000Z,790.000,1997.31,177,185,76,2.445,29.31,50.825466,4.395852
2026-08-06,Running,Short Morning Run,During last week I have some muscle issue behind my right knee so I did not dare to run. So today I went and it felt better.,2026-08-06_18-04-05_hk_1786032245.fit,792,2026-08-06T16:17:17.000Z,791.000,2000.1,177,185,76,2.465,29.3,50.825484,4.395888
2026-08-06,Running,Short Morning Run,During last week I have some muscle issue behind my right knee so I did not dare to run. So today I went and it felt better.,2026-08-06_18-04-05_hk_1786032245.fit,793,2026-08-06T16:17:18.000Z,792.000,2002.89,177,185,76,2.483,29.3,50.825484,4.395924
2026-08-06,Running,Short Morning Run,During last week I have some muscle issue behind my right knee so I did not dare to run. So today I went and it felt better.,2026-08-06_18-04-05_hk_1786032245.fit,794,2026-08-06T16:17:19.000Z,793.000,2005.69,177,187,76,2.5,29.29,50.825502,4.395942
2026-08-06,Running,Short Morning Run,During last week I have some muscle issue behind my right knee so I did not dare to run. So today I went and it felt better.,2026-08-06_18-04-05_hk_1786032245.fit,795,2026-08-06T16:17:20.000Z,794.000,2008.64,177,187,76,2.522,29.29,50.825502,4.395978
2026-08-06,Running,Short Morning Run,During last week I have some muscle issue behind my right knee so I did not dare to run. So today I went and it felt better.,2026-08-06_18-04-05_hk_1786032245.fit,796,2026-08-06T16:17:21.000Z,795.000,2011.59,177,186,76,2.544,29.28,50.82552,4.396014
2026-08-06,Running,Short Morning Run,During last week I have some muscle issue behind my right knee so I did not dare to run. So today I went and it felt better.,2026-08-06_18-04-05_hk_1786032245.fit,797,2026-08-06T16:17:22.000Z,796.000,2013.9,177,186,76,2.533,29.27,50.82552,4.39605
2026-08-06,Running,Short Morning Run,During last week I have some muscle issue behind my right knee so I did not dare to run. So today I went and it felt better.,2026-08-06_18-04-05_hk_1786032245.fit,798,2026-08-06T16:17:23.000Z,797.000,2016.21,177,186,76,2.522,29.26,50.82552,4.396086
2026-08-06,Running,Short Morning Run,During last week I have some muscle issue behind my right knee so I did not dare to run. So today I went and it felt better.,2026-08-06_18-04-05_hk_1786032245.fit,799,2026-08-06T16:17:24.000Z,798.000,2018.53,177,187,76,2.536,29.25,50.825502,4.396122
2026-08-06,Running,Short Morning Run,During last week I have some muscle issue behind my right knee so I did not dare to run. So today I went and it felt better.,2026-08-06_18-04-05_hk_1786032245.fit,800,2026-08-06T16:17:25.000Z,799.000,2021.4,177,187,76,2.578,29.23,50.825502,4.39614
2026-08-06,Running,Short Morning Run,During last week I have some muscle issue behind my right knee so I did not dare to run. So today I went and it felt better.,2026-08-06_18-04-05_hk_1786032245.fit,801,2026-08-06T16:17:26.000Z,800.000,2024.27,177,186,72,2.62,29.22,50.825484,4.396158
2026-08-06,Running,Short Morning Run,During last week I have some muscle issue behind my right knee so I did not dare to run. So today I went and it felt better.,2026-08-06_18-04-05_hk_1786032245.fit,802,2026-08-06T16:17:27.000Z,801.000,2024.57,177,186,72,2.509,29.2,50.825466,4.396176
2026-08-06,Running,Short Morning Run,During last week I have some muscle issue behind my right knee so I did not dare to run. So today I went and it felt better.,2026-08-06_18-04-05_hk_1786032245.fit,803,2026-08-06T16:17:28.000Z,802.000,2024.86,176,186,72,2.409,29.18,50.825448,4.396194
2026-08-06,Running,Short Morning Run,During last week I have some muscle issue behind my right knee so I did not dare to run. So today I went and it felt better.,2026-08-06_18-04-05_hk_1786032245.fit,804,2026-08-06T16:17:29.000Z,803.000,2025.16,176,182,52,2.317,29.15,50.82543,4.396212
2026-08-06,Running,Short Morning Run,During last week I have some muscle issue behind my right knee so I did not dare to run. So today I went and it felt better.,2026-08-06_18-04-05_hk_1786032245.fit,805,2026-08-06T16:17:30.000Z,804.000,42949672.95,176,182,52,65.535,29.12,50.82543,4.396212