workout_date,workout_type,title,notes,source_file,record_index,timestamp,elapsed_seconds,distance_m,heart_rate,power,cadence,speed,altitude,latitude,longitude
2026-07-30,Running,Morning Run,"After a break of twenty seven hot days I am back. It was so hot back in India that I could not go for running at all. Now in Brussels, the weather is nice so I started it again.

I lost the stamina a bit but will gain soon.😎",2026-07-30_07-37-35_hk_1785389855.fit,1,2026-07-30T05:37:36.000Z,0.000,0.11,,,,,30.1,50.820534,4.40289
2026-07-30,Running,Morning Run,"After a break of twenty seven hot days I am back. It was so hot back in India that I could not go for running at all. Now in Brussels, the weather is nice so I started it again.

I lost the stamina a bit but will gain soon.😎",2026-07-30_07-37-35_hk_1785389855.fit,2,2026-07-30T05:37:37.000Z,1.000,1.03,111,,,,30.06,50.820534,4.40289
2026-07-30,Running,Morning Run,"After a break of twenty seven hot days I am back. It was so hot back in India that I could not go for running at all. Now in Brussels, the weather is nice so I started it again.

I lost the stamina a bit but will gain soon.😎",2026-07-30_07-37-35_hk_1785389855.fit,3,2026-07-30T05:37:38.000Z,2.000,1.94,111,,,,30.01,50.820516,4.402908
2026-07-30,Running,Morning Run,"After a break of twenty seven hot days I am back. It was so hot back in India that I could not go for running at all. Now in Brussels, the weather is nice so I started it again.

I lost the stamina a bit but will gain soon.😎",2026-07-30_07-37-35_hk_1785389855.fit,4,2026-07-30T05:37:39.000Z,3.000,2.85,111,,80,,29.97,50.820516,4.402926
2026-07-30,Running,Morning Run,"After a break of twenty seven hot days I am back. It was so hot back in India that I could not go for running at all. Now in Brussels, the weather is nice so I started it again.

I lost the stamina a bit but will gain soon.😎",2026-07-30_07-37-35_hk_1785389855.fit,5,2026-07-30T05:37:40.000Z,4.000,2.98,111,,80,,29.94,50.820516,4.402926
2026-07-30,Running,Morning Run,"After a break of twenty seven hot days I am back. It was so hot back in India that I could not go for running at all. Now in Brussels, the weather is nice so I started it again.

I lost the stamina a bit but will gain soon.😎",2026-07-30_07-37-35_hk_1785389855.fit,6,2026-07-30T05:37:41.000Z,5.000,3.11,111,,80,,29.91,50.820516,4.402944
2026-07-30,Running,Morning Run,"After a break of twenty seven hot days I am back. It was so hot back in India that I could not go for running at all. Now in Brussels, the weather is nice so I started it again.

I lost the stamina a bit but will gain soon.😎",2026-07-30_07-37-35_hk_1785389855.fit,7,2026-07-30T05:37:42.000Z,6.000,4.02,111,,47,,29.89,50.820516,4.402944
2026-07-30,Running,Morning Run,"After a break of twenty seven hot days I am back. It was so hot back in India that I could not go for running at all. Now in Brussels, the weather is nice so I started it again.

I lost the stamina a bit but will gain soon.😎",2026-07-30_07-37-35_hk_1785389855.fit,8,2026-07-30T05:37:43.000Z,7.000,4.93,111,,47,,29.87,50.820516,4.402944
2026-07-30,Running,Morning Run,"After a break of twenty seven hot days I am back. It was so hot back in India that I could not go for running at all. Now in Brussels, the weather is nice so I started it again.

I lost the stamina a bit but will gain soon.😎",2026-07-30_07-37-35_hk_1785389855.fit,9,2026-07-30T05:37:44.000Z,8.000,5.84,111,,47,,29.86,50.820516,4.402944
2026-07-30,Running,Morning Run,"After a break of twenty seven hot days I am back. It was so hot back in India that I could not go for running at all. Now in Brussels, the weather is nice so I started it again.

I lost the stamina a bit but will gain soon.😎",2026-07-30_07-37-35_hk_1785389855.fit,10,2026-07-30T05:37:45.000Z,9.000,6.75,111,,47,,29.85,50.820516,4.402944
2026-07-30,Running,Morning Run,"After a break of twenty seven hot days I am back. It was so hot back in India that I could not go for running at all. Now in Brussels, the weather is nice so I started it again.

I lost the stamina a bit but will gain soon.😎",2026-07-30_07-37-35_hk_1785389855.fit,11,2026-07-30T05:37:46.000Z,10.000,7.66,104,,47,,29.85,50.820516,4.402944
2026-07-30,Running,Morning Run,"After a break of twenty seven hot days I am back. It was so hot back in India that I could not go for running at all. Now in Brussels, the weather is nice so I started it again.

I lost the stamina a bit but will gain soon.😎",2026-07-30_07-37-35_hk_1785389855.fit,12,2026-07-30T05:37:47.000Z,11.000,8.57,104,,47,,29.85,50.820516,4.402962
2026-07-30,Running,Morning Run,"After a break of twenty seven hot days I am back. It was so hot back in India that I could not go for running at all. Now in Brussels, the weather is nice so I started it again.

I lost the stamina a bit but will gain soon.😎",2026-07-30_07-37-35_hk_1785389855.fit,13,2026-07-30T05:37:48.000Z,12.000,9.48,104,,30,,29.85,50.820516,4.402962
2026-07-30,Running,Morning Run,"After a break of twenty seven hot days I am back. It was so hot back in India that I could not go for running at all. Now in Brussels, the weather is nice so I started it again.

I lost the stamina a bit but will gain soon.😎",2026-07-30_07-37-35_hk_1785389855.fit,14,2026-07-30T05:37:49.000Z,13.000,10.39,104,,30,,29.85,50.820516,4.402962
2026-07-30,Running,Morning Run,"After a break of twenty seven hot days I am back. It was so hot back in India that I could not go for running at all. Now in Brussels, the weather is nice so I started it again.

I lost the stamina a bit but will gain soon.😎",2026-07-30_07-37-35_hk_1785389855.fit,15,2026-07-30T05:37:50.000Z,14.000,11.3,104,,30,,29.85,50.820498,4.402962
2026-07-30,Running,Morning Run,"After a break of twenty seven hot days I am back. It was so hot back in India that I could not go for running at all. Now in Brussels, the weather is nice so I started it again.

I lost the stamina a bit but will gain soon.😎",2026-07-30_07-37-35_hk_1785389855.fit,16,2026-07-30T05:37:51.000Z,15.000,12.22,104,,30,,29.85,50.820498,4.40298
2026-07-30,Running,Morning Run,"After a break of twenty seven hot days I am back. It was so hot back in India that I could not go for running at all. Now in Brussels, the weather is nice so I started it again.

I lost the stamina a bit but will gain soon.😎",2026-07-30_07-37-35_hk_1785389855.fit,17,2026-07-30T05:37:52.000Z,16.000,13.13,105,,30,,29.85,50.82048,4.402998
2026-07-30,Running,Morning Run,"After a break of twenty seven hot days I am back. It was so hot back in India that I could not go for running at all. Now in Brussels, the weather is nice so I started it again.

I lost the stamina a bit but will gain soon.😎",2026-07-30_07-37-35_hk_1785389855.fit,18,2026-07-30T05:37:53.000Z,17.000,14.04,105,,30,,29.85,50.820462,4.403016
2026-07-30,Running,Morning Run,"After a break of twenty seven hot days I am back. It was so hot back in India that I could not go for running at all. Now in Brussels, the weather is nice so I started it again.

I lost the stamina a bit but will gain soon.😎",2026-07-30_07-37-35_hk_1785389855.fit,19,2026-07-30T05:37:54.000Z,18.000,14.95,105,236,117,,29.85,50.820444,4.403034
2026-07-30,Running,Morning Run,"After a break of twenty seven hot days I am back. It was so hot back in India that I could not go for running at all. Now in Brussels, the weather is nice so I started it again.

I lost the stamina a bit but will gain soon.😎",2026-07-30_07-37-35_hk_1785389855.fit,20,2026-07-30T05:37:55.000Z,19.000,17.13,105,236,117,,29.86,50.820426,4.403052
2026-07-30,Running,Morning Run,"After a break of twenty seven hot days I am back. It was so hot back in India that I could not go for running at all. Now in Brussels, the weather is nice so I started it again.

I lost the stamina a bit but will gain soon.😎",2026-07-30_07-37-35_hk_1785389855.fit,21,2026-07-30T05:37:56.000Z,20.000,19.31,105,236,117,,29.86,50.820408,4.40307
2026-07-30,Running,Morning Run,"After a break of twenty seven hot days I am back. It was so hot back in India that I could not go for running at all. Now in Brussels, the weather is nice so I started it again.

I lost the stamina a bit but will gain soon.😎",2026-07-30_07-37-35_hk_1785389855.fit,22,2026-07-30T05:37:57.000Z,21.000,21.49,107,204,93,,29.86,50.820372,4.40307
2026-07-30,Running,Morning Run,"After a break of twenty seven hot days I am back. It was so hot back in India that I could not go for running at all. Now in Brussels, the weather is nice so I started it again.

I lost the stamina a bit but will gain soon.😎",2026-07-30_07-37-35_hk_1785389855.fit,23,2026-07-30T05:37:58.000Z,22.000,24.88,107,204,93,,29.86,50.820354,4.403088
2026-07-30,Running,Morning Run,"After a break of twenty seven hot days I am back. It was so hot back in India that I could not go for running at all. Now in Brussels, the weather is nice so I started it again.

I lost the stamina a bit but will gain soon.😎",2026-07-30_07-37-35_hk_1785389855.fit,24,2026-07-30T05:37:59.000Z,23.000,28.27,107,199,93,,29.87,50.820336,4.403088
2026-07-30,Running,Morning Run,"After a break of twenty seven hot days I am back. It was so hot back in India that I could not go for running at all. Now in Brussels, the weather is nice so I started it again.

I lost the stamina a bit but will gain soon.😎",2026-07-30_07-37-35_hk_1785389855.fit,25,2026-07-30T05:38:00.000Z,24.000,30.08,107,199,88,,29.87,50.820318,4.403106
2026-07-30,Running,Morning Run,"After a break of twenty seven hot days I am back. It was so hot back in India that I could not go for running at all. Now in Brussels, the weather is nice so I started it again.

I lost the stamina a bit but will gain soon.😎",2026-07-30_07-37-35_hk_1785389855.fit,26,2026-07-30T05:38:01.000Z,25.000,31.89,107,199,88,,29.87,50.820282,4.403106
2026-07-30,Running,Morning Run,"After a break of twenty seven hot days I am back. It was so hot back in India that I could not go for running at all. Now in Brussels, the weather is nice so I started it again.

I lost the stamina a bit but will gain soon.😎",2026-07-30_07-37-35_hk_1785389855.fit,27,2026-07-30T05:38:02.000Z,26.000,33.7,107,197,88,,29.87,50.820264,4.403124
2026-07-30,Running,Morning Run,"After a break of twenty seven hot days I am back. It was so hot back in India that I could not go for running at all. Now in Brussels, the weather is nice so I started it again.

I lost the stamina a bit but will gain soon.😎",2026-07-30_07-37-35_hk_1785389855.fit,28,2026-07-30T05:38:03.000Z,27.000,36.52,115,197,79,,29.88,50.820246,4.403124
2026-07-30,Running,Morning Run,"After a break of twenty seven hot days I am back. It was so hot back in India that I could not go for running at all. Now in Brussels, the weather is nice so I started it again.

I lost the stamina a bit but will gain soon.😎",2026-07-30_07-37-35_hk_1785389855.fit,29,2026-07-30T05:38:04.000Z,28.000,39.34,115,195,79,,29.88,50.820228,4.403142
2026-07-30,Running,Morning Run,"After a break of twenty seven hot days I am back. It was so hot back in India that I could not go for running at all. Now in Brussels, the weather is nice so I started it again.

I lost the stamina a bit but will gain soon.😎",2026-07-30_07-37-35_hk_1785389855.fit,30,2026-07-30T05:38:05.000Z,29.000,41.67,115,195,79,,29.88,50.82021,4.40316
2026-07-30,Running,Morning Run,"After a break of twenty seven hot days I am back. It was so hot back in India that I could not go for running at all. Now in Brussels, the weather is nice so I started it again.

I lost the stamina a bit but will gain soon.😎",2026-07-30_07-37-35_hk_1785389855.fit,31,2026-07-30T05:38:06.000Z,30.000,43.99,115,195,75,,29.89,50.820192,4.40316
2026-07-30,Running,Morning Run,"After a break of twenty seven hot days I am back. It was so hot back in India that I could not go for running at all. Now in Brussels, the weather is nice so I started it again.

I lost the stamina a bit but will gain soon.😎",2026-07-30_07-37-35_hk_1785389855.fit,32,2026-07-30T05:38:07.000Z,31.000,46.32,120,195,75,,29.89,50.820174,4.403178
2026-07-30,Running,Morning Run,"After a break of twenty seven hot days I am back. It was so hot back in India that I could not go for running at all. Now in Brussels, the weather is nice so I started it again.

I lost the stamina a bit but will gain soon.😎",2026-07-30_07-37-35_hk_1785389855.fit,33,2026-07-30T05:38:08.000Z,32.000,48.41,120,195,75,1.529,29.9,50.820138,4.403196
2026-07-30,Running,Morning Run,"After a break of twenty seven hot days I am back. It was so hot back in India that I could not go for running at all. Now in Brussels, the weather is nice so I started it again.

I lost the stamina a bit but will gain soon.😎",2026-07-30_07-37-35_hk_1785389855.fit,34,2026-07-30T05:38:09.000Z,33.000,50.5,120,195,76,1.567,29.9,50.82012,4.403214
2026-07-30,Running,Morning Run,"After a break of twenty seven hot days I am back. It was so hot back in India that I could not go for running at all. Now in Brussels, the weather is nice so I started it again.

I lost the stamina a bit but will gain soon.😎",2026-07-30_07-37-35_hk_1785389855.fit,35,2026-07-30T05:38:10.000Z,34.000,52.6,120,189,76,1.605,29.9,50.820102,4.403232
2026-07-30,Running,Morning Run,"After a break of twenty seven hot days I am back. It was so hot back in India that I could not go for running at all. Now in Brussels, the weather is nice so I started it again.

I lost the stamina a bit but will gain soon.😎",2026-07-30_07-37-35_hk_1785389855.fit,36,2026-07-30T05:38:11.000Z,35.000,55.97,120,189,76,1.856,29.91,50.820084,4.40325
2026-07-30,Running,Morning Run,"After a break of twenty seven hot days I am back. It was so hot back in India that I could not go for running at all. Now in Brussels, the weather is nice so I started it again.

I lost the stamina a bit but will gain soon.😎",2026-07-30_07-37-35_hk_1785389855.fit,37,2026-07-30T05:38:12.000Z,36.000,59.34,120,189,76,2.03,29.91,50.820066,4.40325
2026-07-30,Running,Morning Run,"After a break of twenty seven hot days I am back. It was so hot back in India that I could not go for running at all. Now in Brussels, the weather is nice so I started it again.

I lost the stamina a bit but will gain soon.😎",2026-07-30_07-37-35_hk_1785389855.fit,38,2026-07-30T05:38:13.000Z,37.000,61.78,120,189,76,2.195,29.92,50.820048,4.403268
2026-07-30,Running,Morning Run,"After a break of twenty seven hot days I am back. It was so hot back in India that I could not go for running at all. Now in Brussels, the weather is nice so I started it again.

I lost the stamina a bit but will gain soon.😎",2026-07-30_07-37-35_hk_1785389855.fit,39,2026-07-30T05:38:14.000Z,38.000,64.23,125,189,76,2.39,29.92,50.82003,4.403286
2026-07-30,Running,Morning Run,"After a break of twenty seven hot days I am back. It was so hot back in India that I could not go for running at all. Now in Brussels, the weather is nice so I started it again.

I lost the stamina a bit but will gain soon.😎",2026-07-30_07-37-35_hk_1785389855.fit,40,2026-07-30T05:38:15.000Z,39.000,66.68,125,189,76,2.464,29.92,50.819994,4.403304
2026-07-30,Running,Morning Run,"After a break of twenty seven hot days I am back. It was so hot back in India that I could not go for running at all. Now in Brussels, the weather is nice so I started it again.

I lost the stamina a bit but will gain soon.😎",2026-07-30_07-37-35_hk_1785389855.fit,41,2026-07-30T05:38:16.000Z,40.000,70.2,125,189,76,2.545,29.93,50.819976,4.403304
2026-07-30,Running,Morning Run,"After a break of twenty seven hot days I am back. It was so hot back in India that I could not go for running at all. Now in Brussels, the weather is nice so I started it again.

I lost the stamina a bit but will gain soon.😎",2026-07-30_07-37-35_hk_1785389855.fit,42,2026-07-30T05:38:17.000Z,41.000,73.72,125,191,76,2.612,29.93,50.819958,4.403322
2026-07-30,Running,Morning Run,"After a break of twenty seven hot days I am back. It was so hot back in India that I could not go for running at all. Now in Brussels, the weather is nice so I started it again.

I lost the stamina a bit but will gain soon.😎",2026-07-30_07-37-35_hk_1785389855.fit,43,2026-07-30T05:38:18.000Z,42.000,75.91,125,191,73,2.551,29.93,50.81994,4.403322
2026-07-30,Running,Morning Run,"After a break of twenty seven hot days I am back. It was so hot back in India that I could not go for running at all. Now in Brussels, the weather is nice so I started it again.

I lost the stamina a bit but will gain soon.😎",2026-07-30_07-37-35_hk_1785389855.fit,44,2026-07-30T05:38:19.000Z,43.000,78.09,125,191,73,2.534,29.94,50.819922,4.40334
2026-07-30,Running,Morning Run,"After a break of twenty seven hot days I am back. It was so hot back in India that I could not go for running at all. Now in Brussels, the weather is nice so I started it again.

I lost the stamina a bit but will gain soon.😎",2026-07-30_07-37-35_hk_1785389855.fit,45,2026-07-30T05:38:20.000Z,44.000,80.27,125,188,73,2.51,29.94,50.819904,4.40334
2026-07-30,Running,Morning Run,"After a break of twenty seven hot days I am back. It was so hot back in India that I could not go for running at all. Now in Brussels, the weather is nice so I started it again.

I lost the stamina a bit but will gain soon.😎",2026-07-30_07-37-35_hk_1785389855.fit,46,2026-07-30T05:38:21.000Z,45.000,83.39,125,188,73,2.575,29.94,50.819868,4.40334
2026-07-30,Running,Morning Run,"After a break of twenty seven hot days I am back. It was so hot back in India that I could not go for running at all. Now in Brussels, the weather is nice so I started it again.

I lost the stamina a bit but will gain soon.😎",2026-07-30_07-37-35_hk_1785389855.fit,47,2026-07-30T05:38:22.000Z,46.000,86.51,125,208,73,2.641,29.94,50.81985,4.40334
2026-07-30,Running,Morning Run,"After a break of twenty seven hot days I am back. It was so hot back in India that I could not go for running at all. Now in Brussels, the weather is nice so I started it again.

I lost the stamina a bit but will gain soon.😎",2026-07-30_07-37-35_hk_1785389855.fit,48,2026-07-30T05:38:23.000Z,47.000,88.58,125,208,73,2.603,29.94,50.819832,4.403358
2026-07-30,Running,Morning Run,"After a break of twenty seven hot days I am back. It was so hot back in India that I could not go for running at all. Now in Brussels, the weather is nice so I started it again.

I lost the stamina a bit but will gain soon.😎",2026-07-30_07-37-35_hk_1785389855.fit,49,2026-07-30T05:38:24.000Z,48.000,90.65,125,208,73,2.565,29.94,50.819814,4.403358
2026-07-30,Running,Morning Run,"After a break of twenty seven hot days I am back. It was so hot back in India that I could not go for running at all. Now in Brussels, the weather is nice so I started it again.

I lost the stamina a bit but will gain soon.😎",2026-07-30_07-37-35_hk_1785389855.fit,50,2026-07-30T05:38:25.000Z,49.000,92.71,125,205,73,2.552,29.95,50.819796,4.403358
2026-07-30,Running,Morning Run,"After a break of twenty seven hot days I am back. It was so hot back in India that I could not go for running at all. Now in Brussels, the weather is nice so I started it again.

I lost the stamina a bit but will gain soon.😎",2026-07-30_07-37-35_hk_1785389855.fit,51,2026-07-30T05:38:26.000Z,50.000,95.65,125,205,73,2.583,29.95,50.81976,4.403358
2026-07-30,Running,Morning Run,"After a break of twenty seven hot days I am back. It was so hot back in India that I could not go for running at all. Now in Brussels, the weather is nice so I started it again.

I lost the stamina a bit but will gain soon.😎",2026-07-30_07-37-35_hk_1785389855.fit,52,2026-07-30T05:38:27.000Z,51.000,98.58,125,203,73,2.641,29.95,50.819742,4.403358
2026-07-30,Running,Morning Run,"After a break of twenty seven hot days I am back. It was so hot back in India that I could not go for running at all. Now in Brussels, the weather is nice so I started it again.

I lost the stamina a bit but will gain soon.😎",2026-07-30_07-37-35_hk_1785389855.fit,53,2026-07-30T05:38:28.000Z,52.000,100.34,125,203,73,2.597,29.95,50.819724,4.403358
2026-07-30,Running,Morning Run,"After a break of twenty seven hot days I am back. It was so hot back in India that I could not go for running at all. Now in Brussels, the weather is nice so I started it again.

I lost the stamina a bit but will gain soon.😎",2026-07-30_07-37-35_hk_1785389855.fit,54,2026-07-30T05:38:29.000Z,53.000,102.1,125,203,73,2.58,29.95,50.819706,4.403376
2026-07-30,Running,Morning Run,"After a break of twenty seven hot days I am back. It was so hot back in India that I could not go for running at all. Now in Brussels, the weather is nice so I started it again.

I lost the stamina a bit but will gain soon.😎",2026-07-30_07-37-35_hk_1785389855.fit,55,2026-07-30T05:38:30.000Z,54.000,103.86,125,200,70,2.563,29.95,50.819688,4.403376
2026-07-30,Running,Morning Run,"After a break of twenty seven hot days I am back. It was so hot back in India that I could not go for running at all. Now in Brussels, the weather is nice so I started it again.

I lost the stamina a bit but will gain soon.😎",2026-07-30_07-37-35_hk_1785389855.fit,56,2026-07-30T05:38:31.000Z,55.000,106.17,125,200,70,2.51,29.95,50.81967,4.403376
2026-07-30,Running,Morning Run,"After a break of twenty seven hot days I am back. It was so hot back in India that I could not go for running at all. Now in Brussels, the weather is nice so I started it again.

I lost the stamina a bit but will gain soon.😎",2026-07-30_07-37-35_hk_1785389855.fit,57,2026-07-30T05:38:32.000Z,56.000,108.47,125,200,70,2.5,29.95,50.819634,4.403376
2026-07-30,Running,Morning Run,"After a break of twenty seven hot days I am back. It was so hot back in India that I could not go for running at all. Now in Brussels, the weather is nice so I started it again.

I lost the stamina a bit but will gain soon.😎",2026-07-30_07-37-35_hk_1785389855.fit,58,2026-07-30T05:38:33.000Z,57.000,110.78,125,199,73,2.45,29.95,50.819616,4.403376
2026-07-30,Running,Morning Run,"After a break of twenty seven hot days I am back. It was so hot back in India that I could not go for running at all. Now in Brussels, the weather is nice so I started it again.

I lost the stamina a bit but will gain soon.😎",2026-07-30_07-37-35_hk_1785389855.fit,59,2026-07-30T05:38:34.000Z,58.000,114.37,125,199,73,2.507,29.95,50.819598,4.403394
2026-07-30,Running,Morning Run,"After a break of twenty seven hot days I am back. It was so hot back in India that I could not go for running at all. Now in Brussels, the weather is nice so I started it again.

I lost the stamina a bit but will gain soon.😎",2026-07-30_07-37-35_hk_1785389855.fit,60,2026-07-30T05:38:35.000Z,59.000,117.95,125,200,73,2.563,29.95,50.81958,4.403394
2026-07-30,Running,Morning Run,"After a break of twenty seven hot days I am back. It was so hot back in India that I could not go for running at all. Now in Brussels, the weather is nice so I started it again.

I lost the stamina a bit but will gain soon.😎",2026-07-30_07-37-35_hk_1785389855.fit,61,2026-07-30T05:38:36.000Z,60.000,119.96,125,200,73,2.537,29.95,50.819544,4.403394
2026-07-30,Running,Morning Run,"After a break of twenty seven hot days I am back. It was so hot back in India that I could not go for running at all. Now in Brussels, the weather is nice so I started it again.

I lost the stamina a bit but will gain soon.😎",2026-07-30_07-37-35_hk_1785389855.fit,62,2026-07-30T05:38:37.000Z,61.000,121.96,125,200,73,2.465,29.95,50.819526,4.403412
2026-07-30,Running,Morning Run,"After a break of twenty seven hot days I am back. It was so hot back in India that I could not go for running at all. Now in Brussels, the weather is nice so I started it again.

I lost the stamina a bit but will gain soon.😎",2026-07-30_07-37-35_hk_1785389855.fit,63,2026-07-30T05:38:38.000Z,62.000,123.97,125,200,73,2.393,29.95,50.819508,4.403412
2026-07-30,Running,Morning Run,"After a break of twenty seven hot days I am back. It was so hot back in India that I could not go for running at all. Now in Brussels, the weather is nice so I started it again.

I lost the stamina a bit but will gain soon.😎",2026-07-30_07-37-35_hk_1785389855.fit,64,2026-07-30T05:38:39.000Z,63.000,128.19,125,200,73,2.505,29.95,50.81949,4.40343
2026-07-30,Running,Morning Run,"After a break of twenty seven hot days I am back. It was so hot back in India that I could not go for running at all. Now in Brussels, the weather is nice so I started it again.

I lost the stamina a bit but will gain soon.😎",2026-07-30_07-37-35_hk_1785389855.fit,65,2026-07-30T05:38:40.000Z,64.000,132.42,125,205,73,2.607,29.95,50.819454,4.40343
2026-07-30,Running,Morning Run,"After a break of twenty seven hot days I am back. It was so hot back in India that I could not go for running at all. Now in Brussels, the weather is nice so I started it again.

I lost the stamina a bit but will gain soon.😎",2026-07-30_07-37-35_hk_1785389855.fit,66,2026-07-30T05:38:41.000Z,65.000,134.66,125,205,73,2.563,29.95,50.819436,4.403448
2026-07-30,Running,Morning Run,"After a break of twenty seven hot days I am back. It was so hot back in India that I could not go for running at all. Now in Brussels, the weather is nice so I started it again.

I lost the stamina a bit but will gain soon.😎",2026-07-30_07-37-35_hk_1785389855.fit,67,2026-07-30T05:38:42.000Z,66.000,136.9,125,205,73,2.52,29.95,50.819418,4.403448
2026-07-30,Running,Morning Run,"After a break of twenty seven hot days I am back. It was so hot back in India that I could not go for running at all. Now in Brussels, the weather is nice so I started it again.

I lost the stamina a bit but will gain soon.😎",2026-07-30_07-37-35_hk_1785389855.fit,68,2026-07-30T05:38:43.000Z,67.000,139.15,125,207,73,2.529,29.95,50.819382,4.403448
2026-07-30,Running,Morning Run,"After a break of twenty seven hot days I am back. It was so hot back in India that I could not go for running at all. Now in Brussels, the weather is nice so I started it again.

I lost the stamina a bit but will gain soon.😎",2026-07-30_07-37-35_hk_1785389855.fit,69,2026-07-30T05:38:44.000Z,68.000,141.94,125,207,73,2.565,29.95,50.819364,4.403448
2026-07-30,Running,Morning Run,"After a break of twenty seven hot days I am back. It was so hot back in India that I could not go for running at all. Now in Brussels, the weather is nice so I started it again.

I lost the stamina a bit but will gain soon.😎",2026-07-30_07-37-35_hk_1785389855.fit,70,2026-07-30T05:38:45.000Z,69.000,144.72,125,205,73,2.601,29.95,50.819346,4.403466
2026-07-30,Running,Morning Run,"After a break of twenty seven hot days I am back. It was so hot back in India that I could not go for running at all. Now in Brussels, the weather is nice so I started it again.

I lost the stamina a bit but will gain soon.😎",2026-07-30_07-37-35_hk_1785389855.fit,71,2026-07-30T05:38:46.000Z,70.000,147.42,125,205,73,2.589,29.95,50.819328,4.403448
2026-07-30,Running,Morning Run,"After a break of twenty seven hot days I am back. It was so hot back in India that I could not go for running at all. Now in Brussels, the weather is nice so I started it again.

I lost the stamina a bit but will gain soon.😎",2026-07-30_07-37-35_hk_1785389855.fit,72,2026-07-30T05:38:47.000Z,71.000,150.12,125,205,73,2.577,29.95,50.81931,4.403448
2026-07-30,Running,Morning Run,"After a break of twenty seven hot days I am back. It was so hot back in India that I could not go for running at all. Now in Brussels, the weather is nice so I started it again.

I lost the stamina a bit but will gain soon.😎",2026-07-30_07-37-35_hk_1785389855.fit,73,2026-07-30T05:38:48.000Z,72.000,152.81,125,207,76,2.669,29.95,50.819274,4.403448
2026-07-30,Running,Morning Run,"After a break of twenty seven hot days I am back. It was so hot back in India that I could not go for running at all. Now in Brussels, the weather is nice so I started it again.

I lost the stamina a bit but will gain soon.😎",2026-07-30_07-37-35_hk_1785389855.fit,74,2026-07-30T05:38:49.000Z,73.000,156,125,207,76,2.744,29.95,50.819256,4.40343
2026-07-30,Running,Morning Run,"After a break of twenty seven hot days I am back. It was so hot back in India that I could not go for running at all. Now in Brussels, the weather is nice so I started it again.

I lost the stamina a bit but will gain soon.😎",2026-07-30_07-37-35_hk_1785389855.fit,75,2026-07-30T05:38:50.000Z,74.000,159.19,125,206,76,2.818,29.95,50.819238,4.403412
2026-07-30,Running,Morning Run,"After a break of twenty seven hot days I am back. It was so hot back in India that I could not go for running at all. Now in Brussels, the weather is nice so I started it again.

I lost the stamina a bit but will gain soon.😎",2026-07-30_07-37-35_hk_1785389855.fit,76,2026-07-30T05:38:51.000Z,75.000,161.11,125,206,76,2.796,29.95,50.81922,4.403394
2026-07-30,Running,Morning Run,"After a break of twenty seven hot days I am back. It was so hot back in India that I could not go for running at all. Now in Brussels, the weather is nice so I started it again.

I lost the stamina a bit but will gain soon.😎",2026-07-30_07-37-35_hk_1785389855.fit,77,2026-07-30T05:38:52.000Z,76.000,163.03,125,206,76,2.75,29.95,50.819202,4.403376
2026-07-30,Running,Morning Run,"After a break of twenty seven hot days I am back. It was so hot back in India that I could not go for running at all. Now in Brussels, the weather is nice so I started it again.

I lost the stamina a bit but will gain soon.😎",2026-07-30_07-37-35_hk_1785389855.fit,78,2026-07-30T05:38:53.000Z,77.000,164.96,125,205,76,2.663,29.95,50.819184,4.403358
2026-07-30,Running,Morning Run,"After a break of twenty seven hot days I am back. It was so hot back in India that I could not go for running at all. Now in Brussels, the weather is nice so I started it again.

I lost the stamina a bit but will gain soon.😎",2026-07-30_07-37-35_hk_1785389855.fit,79,2026-07-30T05:38:54.000Z,78.000,167.36,125,205,74,2.65,29.94,50.819148,4.40334
2026-07-30,Running,Morning Run,"After a break of twenty seven hot days I am back. It was so hot back in India that I could not go for running at all. Now in Brussels, the weather is nice so I started it again.

I lost the stamina a bit but will gain soon.😎",2026-07-30_07-37-35_hk_1785389855.fit,80,2026-07-30T05:38:55.000Z,79.000,169.77,125,205,74,2.591,29.94,50.81913,4.403322
2026-07-30,Running,Morning Run,"After a break of twenty seven hot days I am back. It was so hot back in India that I could not go for running at all. Now in Brussels, the weather is nice so I started it again.

I lost the stamina a bit but will gain soon.😎",2026-07-30_07-37-35_hk_1785389855.fit,81,2026-07-30T05:38:56.000Z,80.000,172.18,125,205,74,2.643,29.94,50.819112,4.403304
2026-07-30,Running,Morning Run,"After a break of twenty seven hot days I am back. It was so hot back in India that I could not go for running at all. Now in Brussels, the weather is nice so I started it again.

I lost the stamina a bit but will gain soon.😎",2026-07-30_07-37-35_hk_1785389855.fit,82,2026-07-30T05:38:57.000Z,81.000,175.58,125,205,75,2.716,29.94,50.819094,4.403304
2026-07-30,Running,Morning Run,"After a break of twenty seven hot days I am back. It was so hot back in India that I could not go for running at all. Now in Brussels, the weather is nice so I started it again.

I lost the stamina a bit but will gain soon.😎",2026-07-30_07-37-35_hk_1785389855.fit,83,2026-07-30T05:38:58.000Z,82.000,178.98,125,206,75,2.673,29.93,50.819076,4.403286
2026-07-30,Running,Morning Run,"After a break of twenty seven hot days I am back. It was so hot back in India that I could not go for running at all. Now in Brussels, the weather is nice so I started it again.

I lost the stamina a bit but will gain soon.😎",2026-07-30_07-37-35_hk_1785389855.fit,84,2026-07-30T05:38:59.000Z,83.000,181.12,125,206,75,2.646,29.93,50.819058,4.403268
2026-07-30,Running,Morning Run,"After a break of twenty seven hot days I am back. It was so hot back in India that I could not go for running at all. Now in Brussels, the weather is nice so I started it again.

I lost the stamina a bit but will gain soon.😎",2026-07-30_07-37-35_hk_1785389855.fit,85,2026-07-30T05:39:00.000Z,84.000,183.26,125,206,73,2.542,29.93,50.819022,4.40325
2026-07-30,Running,Morning Run,"After a break of twenty seven hot days I am back. It was so hot back in India that I could not go for running at all. Now in Brussels, the weather is nice so I started it again.

I lost the stamina a bit but will gain soon.😎",2026-07-30_07-37-35_hk_1785389855.fit,86,2026-07-30T05:39:01.000Z,85.000,185.4,125,204,73,2.537,29.93,50.819004,4.403232
2026-07-30,Running,Morning Run,"After a break of twenty seven hot days I am back. It was so hot back in India that I could not go for running at all. Now in Brussels, the weather is nice so I started it again.

I lost the stamina a bit but will gain soon.😎",2026-07-30_07-37-35_hk_1785389855.fit,87,2026-07-30T05:39:02.000Z,86.000,188.64,125,204,73,2.587,29.92,50.818986,4.403232
2026-07-30,Running,Morning Run,"After a break of twenty seven hot days I am back. It was so hot back in India that I could not go for running at all. Now in Brussels, the weather is nice so I started it again.

I lost the stamina a bit but will gain soon.😎",2026-07-30_07-37-35_hk_1785389855.fit,88,2026-07-30T05:39:03.000Z,87.000,191.87,125,204,73,2.636,29.92,50.818968,4.403214
2026-07-30,Running,Morning Run,"After a break of twenty seven hot days I am back. It was so hot back in India that I could not go for running at all. Now in Brussels, the weather is nice so I started it again.

I lost the stamina a bit but will gain soon.😎",2026-07-30_07-37-35_hk_1785389855.fit,89,2026-07-30T05:39:04.000Z,88.000,194.63,125,204,73,2.635,29.92,50.81895,4.403196
2026-07-30,Running,Morning Run,"After a break of twenty seven hot days I am back. It was so hot back in India that I could not go for running at all. Now in Brussels, the weather is nice so I started it again.

I lost the stamina a bit but will gain soon.😎",2026-07-30_07-37-35_hk_1785389855.fit,90,2026-07-30T05:39:05.000Z,89.000,197.38,125,204,73,2.633,29.92,50.818932,4.403178
2026-07-30,Running,Morning Run,"After a break of twenty seven hot days I am back. It was so hot back in India that I could not go for running at all. Now in Brussels, the weather is nice so I started it again.

I lost the stamina a bit but will gain soon.😎",2026-07-30_07-37-35_hk_1785389855.fit,91,2026-07-30T05:39:06.000Z,90.000,200.14,125,206,73,2.633,29.92,50.818896,4.40316
2026-07-30,Running,Morning Run,"After a break of twenty seven hot days I am back. It was so hot back in India that I could not go for running at all. Now in Brussels, the weather is nice so I started it again.

I lost the stamina a bit but will gain soon.😎",2026-07-30_07-37-35_hk_1785389855.fit,92,2026-07-30T05:39:07.000Z,91.000,202.98,125,206,73,2.64,29.92,50.818878,4.403142
2026-07-30,Running,Morning Run,"After a break of twenty seven hot days I am back. It was so hot back in India that I could not go for running at all. Now in Brussels, the weather is nice so I started it again.

I lost the stamina a bit but will gain soon.😎",2026-07-30_07-37-35_hk_1785389855.fit,93,2026-07-30T05:39:08.000Z,92.000,205.82,125,195,73,2.65,29.91,50.81886,4.403124
2026-07-30,Running,Morning Run,"After a break of twenty seven hot days I am back. It was so hot back in India that I could not go for running at all. Now in Brussels, the weather is nice so I started it again.

I lost the stamina a bit but will gain soon.😎",2026-07-30_07-37-35_hk_1785389855.fit,94,2026-07-30T05:39:09.000Z,93.000,207.88,125,195,73,2.594,29.91,50.818842,4.403124
2026-07-30,Running,Morning Run,"After a break of twenty seven hot days I am back. It was so hot back in India that I could not go for running at all. Now in Brussels, the weather is nice so I started it again.

I lost the stamina a bit but will gain soon.😎",2026-07-30_07-37-35_hk_1785389855.fit,95,2026-07-30T05:39:10.000Z,94.000,209.94,125,195,73,2.538,29.91,50.818824,4.403106
2026-07-30,Running,Morning Run,"After a break of twenty seven hot days I am back. It was so hot back in India that I could not go for running at all. Now in Brussels, the weather is nice so I started it again.

I lost the stamina a bit but will gain soon.😎",2026-07-30_07-37-35_hk_1785389855.fit,96,2026-07-30T05:39:11.000Z,95.000,212,125,195,73,2.545,29.91,50.818806,4.403088
2026-07-30,Running,Morning Run,"After a break of twenty seven hot days I am back. It was so hot back in India that I could not go for running at all. Now in Brussels, the weather is nice so I started it again.

I lost the stamina a bit but will gain soon.😎",2026-07-30_07-37-35_hk_1785389855.fit,97,2026-07-30T05:39:12.000Z,96.000,214.22,125,195,74,2.559,29.91,50.818788,4.40307
2026-07-30,Running,Morning Run,"After a break of twenty seven hot days I am back. It was so hot back in India that I could not go for running at all. Now in Brussels, the weather is nice so I started it again.

I lost the stamina a bit but will gain soon.😎",2026-07-30_07-37-35_hk_1785389855.fit,98,2026-07-30T05:39:13.000Z,97.000,216.44,125,195,74,2.574,29.91,50.81877,4.403052
2026-07-30,Running,Morning Run,"After a break of twenty seven hot days I am back. It was so hot back in India that I could not go for running at all. Now in Brussels, the weather is nice so I started it again.

I lost the stamina a bit but will gain soon.😎",2026-07-30_07-37-35_hk_1785389855.fit,99,2026-07-30T05:39:14.000Z,98.000,218.65,125,193,74,2.565,29.9,50.818734,4.403034
2026-07-30,Running,Morning Run,"After a break of twenty seven hot days I am back. It was so hot back in India that I could not go for running at all. Now in Brussels, the weather is nice so I started it again.

I lost the stamina a bit but will gain soon.😎",2026-07-30_07-37-35_hk_1785389855.fit,100,2026-07-30T05:39:15.000Z,99.000,221.7,125,193,74,2.596,29.9,50.818716,4.403016
2026-07-30,Running,Morning Run,"After a break of twenty seven hot days I am back. It was so hot back in India that I could not go for running at all. Now in Brussels, the weather is nice so I started it again.

I lost the stamina a bit but will gain soon.😎",2026-07-30_07-37-35_hk_1785389855.fit,101,2026-07-30T05:39:16.000Z,100.000,224.74,125,193,74,2.628,29.9,50.818698,4.403016
2026-07-30,Running,Morning Run,"After a break of twenty seven hot days I am back. It was so hot back in India that I could not go for running at all. Now in Brussels, the weather is nice so I started it again.

I lost the stamina a bit but will gain soon.😎",2026-07-30_07-37-35_hk_1785389855.fit,102,2026-07-30T05:39:17.000Z,101.000,227,125,193,74,2.571,29.9,50.81868,4.402998
2026-07-30,Running,Morning Run,"After a break of twenty seven hot days I am back. It was so hot back in India that I could not go for running at all. Now in Brussels, the weather is nice so I started it again.

I lost the stamina a bit but will gain soon.😎",2026-07-30_07-37-35_hk_1785389855.fit,103,2026-07-30T05:39:18.000Z,102.000,229.25,125,193,73,2.514,29.9,50.818662,4.40298
2026-07-30,Running,Morning Run,"After a break of twenty seven hot days I am back. It was so hot back in India that I could not go for running at all. Now in Brussels, the weather is nice so I started it again.

I lost the stamina a bit but will gain soon.😎",2026-07-30_07-37-35_hk_1785389855.fit,104,2026-07-30T05:39:19.000Z,103.000,231.5,125,192,73,2.519,29.89,50.818644,4.402962
2026-07-30,Running,Morning Run,"After a break of twenty seven hot days I am back. It was so hot back in India that I could not go for running at all. Now in Brussels, the weather is nice so I started it again.

I lost the stamina a bit but will gain soon.😎",2026-07-30_07-37-35_hk_1785389855.fit,105,2026-07-30T05:39:20.000Z,104.000,234.89,125,192,73,2.582,29.89,50.818626,4.402962
2026-07-30,Running,Morning Run,"After a break of twenty seven hot days I am back. It was so hot back in India that I could not go for running at all. Now in Brussels, the weather is nice so I started it again.

I lost the stamina a bit but will gain soon.😎",2026-07-30_07-37-35_hk_1785389855.fit,106,2026-07-30T05:39:21.000Z,105.000,238.28,125,195,73,2.644,29.89,50.818608,4.402944
2026-07-30,Running,Morning Run,"After a break of twenty seven hot days I am back. It was so hot back in India that I could not go for running at all. Now in Brussels, the weather is nice so I started it again.

I lost the stamina a bit but will gain soon.😎",2026-07-30_07-37-35_hk_1785389855.fit,107,2026-07-30T05:39:22.000Z,106.000,240.51,125,195,73,2.594,29.89,50.818572,4.402926
2026-07-30,Running,Morning Run,"After a break of twenty seven hot days I am back. It was so hot back in India that I could not go for running at all. Now in Brussels, the weather is nice so I started it again.

I lost the stamina a bit but will gain soon.😎",2026-07-30_07-37-35_hk_1785389855.fit,108,2026-07-30T05:39:23.000Z,107.000,242.74,125,195,73,2.543,29.89,50.818554,4.402926
2026-07-30,Running,Morning Run,"After a break of twenty seven hot days I am back. It was so hot back in India that I could not go for running at all. Now in Brussels, the weather is nice so I started it again.

I lost the stamina a bit but will gain soon.😎",2026-07-30_07-37-35_hk_1785389855.fit,109,2026-07-30T05:39:24.000Z,108.000,244.97,125,193,73,2.517,29.89,50.818536,4.402908
2026-07-30,Running,Morning Run,"After a break of twenty seven hot days I am back. It was so hot back in India that I could not go for running at all. Now in Brussels, the weather is nice so I started it again.

I lost the stamina a bit but will gain soon.😎",2026-07-30_07-37-35_hk_1785389855.fit,110,2026-07-30T05:39:25.000Z,109.000,248.11,125,193,73,2.536,29.88,50.818518,4.402908
2026-07-30,Running,Morning Run,"After a break of twenty seven hot days I am back. It was so hot back in India that I could not go for running at all. Now in Brussels, the weather is nice so I started it again.

I lost the stamina a bit but will gain soon.😎",2026-07-30_07-37-35_hk_1785389855.fit,111,2026-07-30T05:39:26.000Z,110.000,251.24,125,193,73,2.555,29.88,50.8185,4.40289
2026-07-30,Running,Morning Run,"After a break of twenty seven hot days I am back. It was so hot back in India that I could not go for running at all. Now in Brussels, the weather is nice so I started it again.

I lost the stamina a bit but will gain soon.😎",2026-07-30_07-37-35_hk_1785389855.fit,112,2026-07-30T05:39:27.000Z,111.000,253.43,125,193,73,2.523,29.88,50.818464,4.40289
2026-07-30,Running,Morning Run,"After a break of twenty seven hot days I am back. It was so hot back in India that I could not go for running at all. Now in Brussels, the weather is nice so I started it again.

I lost the stamina a bit but will gain soon.😎",2026-07-30_07-37-35_hk_1785389855.fit,113,2026-07-30T05:39:28.000Z,112.000,255.63,125,193,73,2.507,29.88,50.818446,4.402872
2026-07-30,Running,Morning Run,"After a break of twenty seven hot days I am back. It was so hot back in India that I could not go for running at all. Now in Brussels, the weather is nice so I started it again.

I lost the stamina a bit but will gain soon.😎",2026-07-30_07-37-35_hk_1785389855.fit,114,2026-07-30T05:39:29.000Z,113.000,257.82,125,192,73,2.476,29.88,50.818428,4.402872
2026-07-30,Running,Morning Run,"After a break of twenty seven hot days I am back. It was so hot back in India that I could not go for running at all. Now in Brussels, the weather is nice so I started it again.

I lost the stamina a bit but will gain soon.😎",2026-07-30_07-37-35_hk_1785389855.fit,115,2026-07-30T05:39:30.000Z,114.000,261.72,125,192,74,2.589,29.87,50.81841,4.402854
2026-07-30,Running,Morning Run,"After a break of twenty seven hot days I am back. It was so hot back in India that I could not go for running at all. Now in Brussels, the weather is nice so I started it again.

I lost the stamina a bit but will gain soon.😎",2026-07-30_07-37-35_hk_1785389855.fit,116,2026-07-30T05:39:31.000Z,115.000,265.61,125,193,74,2.705,29.87,50.818392,4.402854
2026-07-30,Running,Morning Run,"After a break of twenty seven hot days I am back. It was so hot back in India that I could not go for running at all. Now in Brussels, the weather is nice so I started it again.

I lost the stamina a bit but will gain soon.😎",2026-07-30_07-37-35_hk_1785389855.fit,117,2026-07-30T05:39:32.000Z,116.000,267.96,125,193,74,2.712,29.86,50.818356,4.402836
2026-07-30,Running,Morning Run,"After a break of twenty seven hot days I am back. It was so hot back in India that I could not go for running at all. Now in Brussels, the weather is nice so I started it again.

I lost the stamina a bit but will gain soon.😎",2026-07-30_07-37-35_hk_1785389855.fit,118,2026-07-30T05:39:33.000Z,117.000,270.3,125,193,74,2.718,29.86,50.818338,4.402836
2026-07-30,Running,Morning Run,"After a break of twenty seven hot days I am back. It was so hot back in India that I could not go for running at all. Now in Brussels, the weather is nice so I started it again.

I lost the stamina a bit but will gain soon.😎",2026-07-30_07-37-35_hk_1785389855.fit,119,2026-07-30T05:39:34.000Z,118.000,272.65,125,197,74,2.681,29.86,50.81832,4.402818
2026-07-30,Running,Morning Run,"After a break of twenty seven hot days I am back. It was so hot back in India that I could not go for running at all. Now in Brussels, the weather is nice so I started it again.

I lost the stamina a bit but will gain soon.😎",2026-07-30_07-37-35_hk_1785389855.fit,120,2026-07-30T05:39:35.000Z,119.000,274.61,125,197,74,2.646,29.85,50.818284,4.402818
2026-07-30,Running,Morning Run,"After a break of twenty seven hot days I am back. It was so hot back in India that I could not go for running at all. Now in Brussels, the weather is nice so I started it again.

I lost the stamina a bit but will gain soon.😎",2026-07-30_07-37-35_hk_1785389855.fit,121,2026-07-30T05:39:36.000Z,120.000,276.58,125,197,73,2.592,29.85,50.818266,4.402818
2026-07-30,Running,Morning Run,"After a break of twenty seven hot days I am back. It was so hot back in India that I could not go for running at all. Now in Brussels, the weather is nice so I started it again.

I lost the stamina a bit but will gain soon.😎",2026-07-30_07-37-35_hk_1785389855.fit,122,2026-07-30T05:39:37.000Z,121.000,278.55,125,197,73,2.578,29.84,50.818248,4.4028
2026-07-30,Running,Morning Run,"After a break of twenty seven hot days I am back. It was so hot back in India that I could not go for running at all. Now in Brussels, the weather is nice so I started it again.

I lost the stamina a bit but will gain soon.😎",2026-07-30_07-37-35_hk_1785389855.fit,123,2026-07-30T05:39:38.000Z,122.000,281.7,125,197,73,2.642,29.84,50.81823,4.402782
2026-07-30,Running,Morning Run,"After a break of twenty seven hot days I am back. It was so hot back in India that I could not go for running at all. Now in Brussels, the weather is nice so I started it again.

I lost the stamina a bit but will gain soon.😎",2026-07-30_07-37-35_hk_1785389855.fit,124,2026-07-30T05:39:39.000Z,123.000,284.85,125,162,73,2.667,29.84,50.818212,4.402782
2026-07-30,Running,Morning Run,"After a break of twenty seven hot days I am back. It was so hot back in India that I could not go for running at all. Now in Brussels, the weather is nice so I started it again.

I lost the stamina a bit but will gain soon.😎",2026-07-30_07-37-35_hk_1785389855.fit,125,2026-07-30T05:39:40.000Z,124.000,287.21,125,162,73,2.616,29.83,50.818176,4.402764
2026-07-30,Running,Morning Run,"After a break of twenty seven hot days I am back. It was so hot back in India that I could not go for running at all. Now in Brussels, the weather is nice so I started it again.

I lost the stamina a bit but will gain soon.😎",2026-07-30_07-37-35_hk_1785389855.fit,126,2026-07-30T05:39:41.000Z,125.000,289.57,125,162,73,2.564,29.83,50.818158,4.402764
2026-07-30,Running,Morning Run,"After a break of twenty seven hot days I am back. It was so hot back in India that I could not go for running at all. Now in Brussels, the weather is nice so I started it again.

I lost the stamina a bit but will gain soon.😎",2026-07-30_07-37-35_hk_1785389855.fit,127,2026-07-30T05:39:42.000Z,126.000,291.93,125,166,73,2.571,29.83,50.81814,4.402746
2026-07-30,Running,Morning Run,"After a break of twenty seven hot days I am back. It was so hot back in India that I could not go for running at all. Now in Brussels, the weather is nice so I started it again.

I lost the stamina a bit but will gain soon.😎",2026-07-30_07-37-35_hk_1785389855.fit,128,2026-07-30T05:39:43.000Z,127.000,294.99,125,166,73,2.632,29.82,50.818122,4.402746
2026-07-30,Running,Morning Run,"After a break of twenty seven hot days I am back. It was so hot back in India that I could not go for running at all. Now in Brussels, the weather is nice so I started it again.

I lost the stamina a bit but will gain soon.😎",2026-07-30_07-37-35_hk_1785389855.fit,129,2026-07-30T05:39:44.000Z,128.000,298.05,125,169,73,2.654,29.82,50.818104,4.402728
2026-07-30,Running,Morning Run,"After a break of twenty seven hot days I am back. It was so hot back in India that I could not go for running at all. Now in Brussels, the weather is nice so I started it again.

I lost the stamina a bit but will gain soon.😎",2026-07-30_07-37-35_hk_1785389855.fit,130,2026-07-30T05:39:45.000Z,129.000,300.42,125,169,73,2.616,29.82,50.818086,4.40271
2026-07-30,Running,Morning Run,"After a break of twenty seven hot days I am back. It was so hot back in India that I could not go for running at all. Now in Brussels, the weather is nice so I started it again.

I lost the stamina a bit but will gain soon.😎",2026-07-30_07-37-35_hk_1785389855.fit,131,2026-07-30T05:39:46.000Z,130.000,302.8,125,169,73,2.578,29.81,50.818068,4.402674
2026-07-30,Running,Morning Run,"After a break of twenty seven hot days I am back. It was so hot back in India that I could not go for running at all. Now in Brussels, the weather is nice so I started it again.

I lost the stamina a bit but will gain soon.😎",2026-07-30_07-37-35_hk_1785389855.fit,132,2026-07-30T05:39:47.000Z,131.000,305.17,125,171,73,2.587,29.81,50.81805,4.402656
2026-07-30,Running,Morning Run,"After a break of twenty seven hot days I am back. It was so hot back in India that I could not go for running at all. Now in Brussels, the weather is nice so I started it again.

I lost the stamina a bit but will gain soon.😎",2026-07-30_07-37-35_hk_1785389855.fit,133,2026-07-30T05:39:48.000Z,132.000,308.81,125,171,75,2.684,29.81,50.818032,4.402638
2026-07-30,Running,Morning Run,"After a break of twenty seven hot days I am back. It was so hot back in India that I could not go for running at all. Now in Brussels, the weather is nice so I started it again.

I lost the stamina a bit but will gain soon.😎",2026-07-30_07-37-35_hk_1785389855.fit,134,2026-07-30T05:39:49.000Z,133.000,312.45,125,173,75,2.67,29.81,50.818014,4.402602
2026-07-30,Running,Morning Run,"After a break of twenty seven hot days I am back. It was so hot back in India that I could not go for running at all. Now in Brussels, the weather is nice so I started it again.

I lost the stamina a bit but will gain soon.😎",2026-07-30_07-37-35_hk_1785389855.fit,135,2026-07-30T05:39:50.000Z,134.000,314.3,125,173,75,2.629,29.8,50.817996,4.402584
2026-07-30,Running,Morning Run,"After a break of twenty seven hot days I am back. It was so hot back in India that I could not go for running at all. Now in Brussels, the weather is nice so I started it again.

I lost the stamina a bit but will gain soon.😎",2026-07-30_07-37-35_hk_1785389855.fit,136,2026-07-30T05:39:51.000Z,135.000,316.15,125,173,74,2.527,29.8,50.817978,4.402566
2026-07-30,Running,Morning Run,"After a break of twenty seven hot days I am back. It was so hot back in India that I could not go for running at all. Now in Brussels, the weather is nice so I started it again.

I lost the stamina a bit but will gain soon.😎",2026-07-30_07-37-35_hk_1785389855.fit,137,2026-07-30T05:39:52.000Z,136.000,317.99,125,171,74,2.502,29.8,50.81796,4.402548
2026-07-30,Running,Morning Run,"After a break of twenty seven hot days I am back. It was so hot back in India that I could not go for running at all. Now in Brussels, the weather is nice so I started it again.

I lost the stamina a bit but will gain soon.😎",2026-07-30_07-37-35_hk_1785389855.fit,138,2026-07-30T05:39:53.000Z,137.000,320.2,125,171,74,2.488,29.79,50.817942,4.402512
2026-07-30,Running,Morning Run,"After a break of twenty seven hot days I am back. It was so hot back in India that I could not go for running at all. Now in Brussels, the weather is nice so I started it again.

I lost the stamina a bit but will gain soon.😎",2026-07-30_07-37-35_hk_1785389855.fit,139,2026-07-30T05:39:54.000Z,138.000,322.4,125,162,73,2.481,29.79,50.817942,4.402494
2026-07-30,Running,Morning Run,"After a break of twenty seven hot days I am back. It was so hot back in India that I could not go for running at all. Now in Brussels, the weather is nice so I started it again.

I lost the stamina a bit but will gain soon.😎",2026-07-30_07-37-35_hk_1785389855.fit,140,2026-07-30T05:39:55.000Z,139.000,325.53,125,162,73,2.546,29.79,50.817924,4.402476
2026-07-30,Running,Morning Run,"After a break of twenty seven hot days I am back. It was so hot back in India that I could not go for running at all. Now in Brussels, the weather is nice so I started it again.

I lost the stamina a bit but will gain soon.😎",2026-07-30_07-37-35_hk_1785389855.fit,141,2026-07-30T05:39:56.000Z,140.000,328.66,125,162,73,2.637,29.78,50.817906,4.40244
2026-07-30,Running,Morning Run,"After a break of twenty seven hot days I am back. It was so hot back in India that I could not go for running at all. Now in Brussels, the weather is nice so I started it again.

I lost the stamina a bit but will gain soon.😎",2026-07-30_07-37-35_hk_1785389855.fit,142,2026-07-30T05:39:57.000Z,141.000,331.78,125,165,76,2.636,29.78,50.817888,4.402422
2026-07-30,Running,Morning Run,"After a break of twenty seven hot days I am back. It was so hot back in India that I could not go for running at all. Now in Brussels, the weather is nice so I started it again.

I lost the stamina a bit but will gain soon.😎",2026-07-30_07-37-35_hk_1785389855.fit,143,2026-07-30T05:39:58.000Z,142.000,333.97,125,165,76,2.613,29.78,50.81787,4.402386
2026-07-30,Running,Morning Run,"After a break of twenty seven hot days I am back. It was so hot back in India that I could not go for running at all. Now in Brussels, the weather is nice so I started it again.

I lost the stamina a bit but will gain soon.😎",2026-07-30_07-37-35_hk_1785389855.fit,144,2026-07-30T05:39:59.000Z,143.000,336.15,125,165,76,2.565,29.77,50.817852,4.402368
2026-07-30,Running,Morning Run,"After a break of twenty seven hot days I am back. It was so hot back in India that I could not go for running at all. Now in Brussels, the weather is nice so I started it again.

I lost the stamina a bit but will gain soon.😎",2026-07-30_07-37-35_hk_1785389855.fit,145,2026-07-30T05:40:00.000Z,144.000,338.34,125,167,73,2.557,29.77,50.817834,4.402332
2026-07-30,Running,Morning Run,"After a break of twenty seven hot days I am back. It was so hot back in India that I could not go for running at all. Now in Brussels, the weather is nice so I started it again.

I lost the stamina a bit but will gain soon.😎",2026-07-30_07-37-35_hk_1785389855.fit,146,2026-07-30T05:40:01.000Z,145.000,341.48,125,167,73,2.596,29.77,50.817816,4.402314
2026-07-30,Running,Morning Run,"After a break of twenty seven hot days I am back. It was so hot back in India that I could not go for running at all. Now in Brussels, the weather is nice so I started it again.

I lost the stamina a bit but will gain soon.😎",2026-07-30_07-37-35_hk_1785389855.fit,147,2026-07-30T05:40:02.000Z,146.000,344.62,125,168,73,2.635,29.76,50.817816,4.402296
2026-07-30,Running,Morning Run,"After a break of twenty seven hot days I am back. It was so hot back in India that I could not go for running at all. Now in Brussels, the weather is nice so I started it again.

I lost the stamina a bit but will gain soon.😎",2026-07-30_07-37-35_hk_1785389855.fit,148,2026-07-30T05:40:03.000Z,147.000,346.7,125,168,73,2.586,29.76,50.817798,4.40226
2026-07-30,Running,Morning Run,"After a break of twenty seven hot days I am back. It was so hot back in India that I could not go for running at all. Now in Brussels, the weather is nice so I started it again.

I lost the stamina a bit but will gain soon.😎",2026-07-30_07-37-35_hk_1785389855.fit,149,2026-07-30T05:40:04.000Z,148.000,348.78,125,168,73,2.536,29.76,50.81778,4.402242
2026-07-30,Running,Morning Run,"After a break of twenty seven hot days I am back. It was so hot back in India that I could not go for running at all. Now in Brussels, the weather is nice so I started it again.

I lost the stamina a bit but will gain soon.😎",2026-07-30_07-37-35_hk_1785389855.fit,150,2026-07-30T05:40:05.000Z,149.000,350.85,125,168,73,2.522,29.75,50.817762,4.402206
2026-07-30,Running,Morning Run,"After a break of twenty seven hot days I am back. It was so hot back in India that I could not go for running at all. Now in Brussels, the weather is nice so I started it again.

I lost the stamina a bit but will gain soon.😎",2026-07-30_07-37-35_hk_1785389855.fit,151,2026-07-30T05:40:06.000Z,150.000,355.02,125,168,73,2.611,29.75,50.817744,4.402188
2026-07-30,Running,Morning Run,"After a break of twenty seven hot days I am back. It was so hot back in India that I could not go for running at all. Now in Brussels, the weather is nice so I started it again.

I lost the stamina a bit but will gain soon.😎",2026-07-30_07-37-35_hk_1785389855.fit,152,2026-07-30T05:40:07.000Z,151.000,359.2,125,169,73,2.652,29.75,50.817726,4.402152
2026-07-30,Running,Morning Run,"After a break of twenty seven hot days I am back. It was so hot back in India that I could not go for running at all. Now in Brussels, the weather is nice so I started it again.

I lost the stamina a bit but will gain soon.😎",2026-07-30_07-37-35_hk_1785389855.fit,153,2026-07-30T05:40:08.000Z,152.000,360.55,125,169,73,2.587,29.74,50.817726,4.402134
2026-07-30,Running,Morning Run,"After a break of twenty seven hot days I am back. It was so hot back in India that I could not go for running at all. Now in Brussels, the weather is nice so I started it again.

I lost the stamina a bit but will gain soon.😎",2026-07-30_07-37-35_hk_1785389855.fit,154,2026-07-30T05:40:09.000Z,153.000,361.9,125,169,73,2.528,29.74,50.817708,4.402098
2026-07-30,Running,Morning Run,"After a break of twenty seven hot days I am back. It was so hot back in India that I could not go for running at all. Now in Brussels, the weather is nice so I started it again.

I lost the stamina a bit but will gain soon.😎",2026-07-30_07-37-35_hk_1785389855.fit,155,2026-07-30T05:40:10.000Z,154.000,363.25,125,171,73,2.419,29.74,50.81769,4.402062
2026-07-30,Running,Morning Run,"After a break of twenty seven hot days I am back. It was so hot back in India that I could not go for running at all. Now in Brussels, the weather is nice so I started it again.

I lost the stamina a bit but will gain soon.😎",2026-07-30_07-37-35_hk_1785389855.fit,156,2026-07-30T05:40:11.000Z,155.000,364.6,125,171,73,2.396,29.73,50.81769,4.402026
2026-07-30,Running,Morning Run,"After a break of twenty seven hot days I am back. It was so hot back in India that I could not go for running at all. Now in Brussels, the weather is nice so I started it again.

I lost the stamina a bit but will gain soon.😎",2026-07-30_07-37-35_hk_1785389855.fit,157,2026-07-30T05:40:12.000Z,156.000,365.95,125,173,73,2.348,29.73,50.817672,4.40199
2026-07-30,Running,Morning Run,"After a break of twenty seven hot days I am back. It was so hot back in India that I could not go for running at all. Now in Brussels, the weather is nice so I started it again.

I lost the stamina a bit but will gain soon.😎",2026-07-30_07-37-35_hk_1785389855.fit,158,2026-07-30T05:40:13.000Z,157.000,367.99,125,173,73,2.357,29.73,50.817654,4.401972
2026-07-30,Running,Morning Run,"After a break of twenty seven hot days I am back. It was so hot back in India that I could not go for running at all. Now in Brussels, the weather is nice so I started it again.

I lost the stamina a bit but will gain soon.😎",2026-07-30_07-37-35_hk_1785389855.fit,159,2026-07-30T05:40:14.000Z,158.000,370.03,125,173,73,2.365,29.73,50.817654,4.401936
2026-07-30,Running,Morning Run,"After a break of twenty seven hot days I am back. It was so hot back in India that I could not go for running at all. Now in Brussels, the weather is nice so I started it again.

I lost the stamina a bit but will gain soon.😎",2026-07-30_07-37-35_hk_1785389855.fit,160,2026-07-30T05:40:15.000Z,159.000,372.07,125,169,76,2.358,29.72,50.817636,4.401918
2026-07-30,Running,Morning Run,"After a break of twenty seven hot days I am back. It was so hot back in India that I could not go for running at all. Now in Brussels, the weather is nice so I started it again.

I lost the stamina a bit but will gain soon.😎",2026-07-30_07-37-35_hk_1785389855.fit,161,2026-07-30T05:40:16.000Z,160.000,374.43,125,169,76,2.365,29.72,50.817618,4.401882
2026-07-30,Running,Morning Run,"After a break of twenty seven hot days I am back. It was so hot back in India that I could not go for running at all. Now in Brussels, the weather is nice so I started it again.

I lost the stamina a bit but will gain soon.😎",2026-07-30_07-37-35_hk_1785389855.fit,162,2026-07-30T05:40:17.000Z,161.000,376.79,125,169,76,2.33,29.72,50.817618,4.401846
2026-07-30,Running,Morning Run,"After a break of twenty seven hot days I am back. It was so hot back in India that I could not go for running at all. Now in Brussels, the weather is nice so I started it again.

I lost the stamina a bit but will gain soon.😎",2026-07-30_07-37-35_hk_1785389855.fit,163,2026-07-30T05:40:18.000Z,162.000,379.16,125,172,73,2.296,29.72,50.8176,4.401828
2026-07-30,Running,Morning Run,"After a break of twenty seven hot days I am back. It was so hot back in India that I could not go for running at all. Now in Brussels, the weather is nice so I started it again.

I lost the stamina a bit but will gain soon.😎",2026-07-30_07-37-35_hk_1785389855.fit,164,2026-07-30T05:40:19.000Z,163.000,381.99,125,172,73,2.282,29.72,50.817582,4.401792
2026-07-30,Running,Morning Run,"After a break of twenty seven hot days I am back. It was so hot back in India that I could not go for running at all. Now in Brussels, the weather is nice so I started it again.

I lost the stamina a bit but will gain soon.😎",2026-07-30_07-37-35_hk_1785389855.fit,165,2026-07-30T05:40:20.000Z,164.000,384.81,125,170,73,2.311,29.71,50.817582,4.401756
2026-07-30,Running,Morning Run,"After a break of twenty seven hot days I am back. It was so hot back in India that I could not go for running at all. Now in Brussels, the weather is nice so I started it again.

I lost the stamina a bit but will gain soon.😎",2026-07-30_07-37-35_hk_1785389855.fit,166,2026-07-30T05:40:21.000Z,165.000,386.72,125,170,73,2.299,29.71,50.817564,4.401738
2026-07-30,Running,Morning Run,"After a break of twenty seven hot days I am back. It was so hot back in India that I could not go for running at all. Now in Brussels, the weather is nice so I started it again.

I lost the stamina a bit but will gain soon.😎",2026-07-30_07-37-35_hk_1785389855.fit,167,2026-07-30T05:40:22.000Z,166.000,388.63,125,170,73,2.286,29.71,50.817546,4.401702
2026-07-30,Running,Morning Run,"After a break of twenty seven hot days I am back. It was so hot back in India that I could not go for running at all. Now in Brussels, the weather is nice so I started it again.

I lost the stamina a bit but will gain soon.😎",2026-07-30_07-37-35_hk_1785389855.fit,168,2026-07-30T05:40:23.000Z,167.000,390.54,125,168,73,2.27,29.71,50.817528,4.401684
2026-07-30,Running,Morning Run,"After a break of twenty seven hot days I am back. It was so hot back in India that I could not go for running at all. Now in Brussels, the weather is nice so I started it again.

I lost the stamina a bit but will gain soon.😎",2026-07-30_07-37-35_hk_1785389855.fit,169,2026-07-30T05:40:24.000Z,168.000,394.03,125,168,73,2.285,29.71,50.817528,4.401648
2026-07-30,Running,Morning Run,"After a break of twenty seven hot days I am back. It was so hot back in India that I could not go for running at all. Now in Brussels, the weather is nice so I started it again.

I lost the stamina a bit but will gain soon.😎",2026-07-30_07-37-35_hk_1785389855.fit,170,2026-07-30T05:40:25.000Z,169.000,397.52,125,168,73,2.31,29.7,50.81751,4.401612
2026-07-30,Running,Morning Run,"After a break of twenty seven hot days I am back. It was so hot back in India that I could not go for running at all. Now in Brussels, the weather is nice so I started it again.

I lost the stamina a bit but will gain soon.😎",2026-07-30_07-37-35_hk_1785389855.fit,171,2026-07-30T05:40:26.000Z,170.000,399.75,125,168,73,2.317,29.7,50.81751,4.401594
2026-07-30,Running,Morning Run,"After a break of twenty seven hot days I am back. It was so hot back in India that I could not go for running at all. Now in Brussels, the weather is nice so I started it again.

I lost the stamina a bit but will gain soon.😎",2026-07-30_07-37-35_hk_1785389855.fit,172,2026-07-30T05:40:27.000Z,171.000,401.97,125,168,73,2.323,29.7,50.817492,4.401558
2026-07-30,Running,Morning Run,"After a break of twenty seven hot days I am back. It was so hot back in India that I could not go for running at all. Now in Brussels, the weather is nice so I started it again.

I lost the stamina a bit but will gain soon.😎",2026-07-30_07-37-35_hk_1785389855.fit,173,2026-07-30T05:40:28.000Z,172.000,404.19,125,169,73,2.319,29.7,50.817474,4.401522
2026-07-30,Running,Morning Run,"After a break of twenty seven hot days I am back. It was so hot back in India that I could not go for running at all. Now in Brussels, the weather is nice so I started it again.

I lost the stamina a bit but will gain soon.😎",2026-07-30_07-37-35_hk_1785389855.fit,174,2026-07-30T05:40:29.000Z,173.000,407.3,125,169,73,2.273,29.7,50.817474,4.401486
2026-07-30,Running,Morning Run,"After a break of twenty seven hot days I am back. It was so hot back in India that I could not go for running at all. Now in Brussels, the weather is nice so I started it again.

I lost the stamina a bit but will gain soon.😎",2026-07-30_07-37-35_hk_1785389855.fit,175,2026-07-30T05:40:30.000Z,174.000,410.42,125,167,73,2.227,29.69,50.817456,4.401468
2026-07-30,Running,Morning Run,"After a break of twenty seven hot days I am back. It was so hot back in India that I could not go for running at all. Now in Brussels, the weather is nice so I started it again.

I lost the stamina a bit but will gain soon.😎",2026-07-30_07-37-35_hk_1785389855.fit,176,2026-07-30T05:40:31.000Z,175.000,412.58,125,167,73,2.304,29.69,50.817456,4.401432
2026-07-30,Running,Morning Run,"After a break of twenty seven hot days I am back. It was so hot back in India that I could not go for running at all. Now in Brussels, the weather is nice so I started it again.

I lost the stamina a bit but will gain soon.😎",2026-07-30_07-37-35_hk_1785389855.fit,177,2026-07-30T05:40:32.000Z,176.000,414.74,125,167,73,2.388,29.69,50.817438,4.401396
2026-07-30,Running,Morning Run,"After a break of twenty seven hot days I am back. It was so hot back in India that I could not go for running at all. Now in Brussels, the weather is nice so I started it again.

I lost the stamina a bit but will gain soon.😎",2026-07-30_07-37-35_hk_1785389855.fit,178,2026-07-30T05:40:33.000Z,177.000,416.91,125,165,76,2.426,29.69,50.817438,4.401378
2026-07-30,Running,Morning Run,"After a break of twenty seven hot days I am back. It was so hot back in India that I could not go for running at all. Now in Brussels, the weather is nice so I started it again.

I lost the stamina a bit but will gain soon.😎",2026-07-30_07-37-35_hk_1785389855.fit,179,2026-07-30T05:40:34.000Z,178.000,419.66,125,165,76,2.46,29.69,50.81742,4.401342
2026-07-30,Running,Morning Run,"After a break of twenty seven hot days I am back. It was so hot back in India that I could not go for running at all. Now in Brussels, the weather is nice so I started it again.

I lost the stamina a bit but will gain soon.😎",2026-07-30_07-37-35_hk_1785389855.fit,180,2026-07-30T05:40:35.000Z,179.000,422.41,125,167,76,2.517,29.69,50.81742,4.401306
2026-07-30,Running,Morning Run,"After a break of twenty seven hot days I am back. It was so hot back in India that I could not go for running at all. Now in Brussels, the weather is nice so I started it again.

I lost the stamina a bit but will gain soon.😎",2026-07-30_07-37-35_hk_1785389855.fit,181,2026-07-30T05:40:36.000Z,180.000,424.79,125,167,71,2.518,29.68,50.817402,4.40127
2026-07-30,Running,Morning Run,"After a break of twenty seven hot days I am back. It was so hot back in India that I could not go for running at all. Now in Brussels, the weather is nice so I started it again.

I lost the stamina a bit but will gain soon.😎",2026-07-30_07-37-35_hk_1785389855.fit,182,2026-07-30T05:40:37.000Z,181.000,427.18,125,167,71,2.519,29.68,50.817402,4.401234
2026-07-30,Running,Morning Run,"After a break of twenty seven hot days I am back. It was so hot back in India that I could not go for running at all. Now in Brussels, the weather is nice so I started it again.

I lost the stamina a bit but will gain soon.😎",2026-07-30_07-37-35_hk_1785389855.fit,183,2026-07-30T05:40:38.000Z,182.000,429.56,125,168,71,2.52,29.68,50.817384,4.401216
2026-07-30,Running,Morning Run,"After a break of twenty seven hot days I am back. It was so hot back in India that I could not go for running at all. Now in Brussels, the weather is nice so I started it again.

I lost the stamina a bit but will gain soon.😎",2026-07-30_07-37-35_hk_1785389855.fit,184,2026-07-30T05:40:39.000Z,183.000,431.74,125,168,73,2.504,29.68,50.817384,4.40118
2026-07-30,Running,Morning Run,"After a break of twenty seven hot days I am back. It was so hot back in India that I could not go for running at all. Now in Brussels, the weather is nice so I started it again.

I lost the stamina a bit but will gain soon.😎",2026-07-30_07-37-35_hk_1785389855.fit,185,2026-07-30T05:40:40.000Z,184.000,433.92,125,168,73,2.473,29.68,50.817384,4.401144
2026-07-30,Running,Morning Run,"After a break of twenty seven hot days I am back. It was so hot back in India that I could not go for running at all. Now in Brussels, the weather is nice so I started it again.

I lost the stamina a bit but will gain soon.😎",2026-07-30_07-37-35_hk_1785389855.fit,186,2026-07-30T05:40:41.000Z,185.000,436.09,125,168,73,2.442,29.68,50.817366,4.401108
2026-07-30,Running,Morning Run,"After a break of twenty seven hot days I am back. It was so hot back in India that I could not go for running at all. Now in Brussels, the weather is nice so I started it again.

I lost the stamina a bit but will gain soon.😎",2026-07-30_07-37-35_hk_1785389855.fit,187,2026-07-30T05:40:42.000Z,186.000,439.27,125,168,73,2.532,29.68,50.817366,4.401072
2026-07-30,Running,Morning Run,"After a break of twenty seven hot days I am back. It was so hot back in India that I could not go for running at all. Now in Brussels, the weather is nice so I started it again.

I lost the stamina a bit but will gain soon.😎",2026-07-30_07-37-35_hk_1785389855.fit,188,2026-07-30T05:40:43.000Z,187.000,442.44,125,165,73,2.595,29.68,50.817348,4.401036
2026-07-30,Running,Morning Run,"After a break of twenty seven hot days I am back. It was so hot back in India that I could not go for running at all. Now in Brussels, the weather is nice so I started it again.

I lost the stamina a bit but will gain soon.😎",2026-07-30_07-37-35_hk_1785389855.fit,189,2026-07-30T05:40:44.000Z,188.000,444.04,125,165,73,2.501,29.68,50.817348,4.401018
2026-07-30,Running,Morning Run,"After a break of twenty seven hot days I am back. It was so hot back in India that I could not go for running at all. Now in Brussels, the weather is nice so I started it again.

I lost the stamina a bit but will gain soon.😎",2026-07-30_07-37-35_hk_1785389855.fit,190,2026-07-30T05:40:45.000Z,189.000,445.64,125,165,76,2.458,29.68,50.817348,4.400982
2026-07-30,Running,Morning Run,"After a break of twenty seven hot days I am back. It was so hot back in India that I could not go for running at all. Now in Brussels, the weather is nice so I started it again.

I lost the stamina a bit but will gain soon.😎",2026-07-30_07-37-35_hk_1785389855.fit,191,2026-07-30T05:40:46.000Z,190.000,447.24,125,155,76,2.418,29.67,50.81733,4.400964
2026-07-30,Running,Morning Run,"After a break of twenty seven hot days I am back. It was so hot back in India that I could not go for running at all. Now in Brussels, the weather is nice so I started it again.

I lost the stamina a bit but will gain soon.😎",2026-07-30_07-37-35_hk_1785389855.fit,192,2026-07-30T05:40:47.000Z,191.000,450.56,125,155,76,2.42,29.67,50.81733,4.400928
2026-07-30,Running,Morning Run,"After a break of twenty seven hot days I am back. It was so hot back in India that I could not go for running at all. Now in Brussels, the weather is nice so I started it again.

I lost the stamina a bit but will gain soon.😎",2026-07-30_07-37-35_hk_1785389855.fit,193,2026-07-30T05:40:48.000Z,192.000,453.89,125,154,76,2.472,29.67,50.817312,4.40091
2026-07-30,Running,Morning Run,"After a break of twenty seven hot days I am back. It was so hot back in India that I could not go for running at all. Now in Brussels, the weather is nice so I started it again.

I lost the stamina a bit but will gain soon.😎",2026-07-30_07-37-35_hk_1785389855.fit,194,2026-07-30T05:40:49.000Z,193.000,455.62,125,154,76,2.449,29.67,50.817312,4.400874
2026-07-30,Running,Morning Run,"After a break of twenty seven hot days I am back. It was so hot back in India that I could not go for running at all. Now in Brussels, the weather is nice so I started it again.

I lost the stamina a bit but will gain soon.😎",2026-07-30_07-37-35_hk_1785389855.fit,195,2026-07-30T05:40:50.000Z,194.000,457.35,125,154,76,2.383,29.67,50.817312,4.400838
2026-07-30,Running,Morning Run,"After a break of twenty seven hot days I am back. It was so hot back in India that I could not go for running at all. Now in Brussels, the weather is nice so I started it again.

I lost the stamina a bit but will gain soon.😎",2026-07-30_07-37-35_hk_1785389855.fit,196,2026-07-30T05:40:51.000Z,195.000,459.07,125,156,73,2.353,29.67,50.817312,4.400802
2026-07-30,Running,Morning Run,"After a break of twenty seven hot days I am back. It was so hot back in India that I could not go for running at all. Now in Brussels, the weather is nice so I started it again.

I lost the stamina a bit but will gain soon.😎",2026-07-30_07-37-35_hk_1785389855.fit,197,2026-07-30T05:40:52.000Z,196.000,461.46,125,156,73,2.32,29.67,50.817294,4.400766
2026-07-30,Running,Morning Run,"After a break of twenty seven hot days I am back. It was so hot back in India that I could not go for running at all. Now in Brussels, the weather is nice so I started it again.

I lost the stamina a bit but will gain soon.😎",2026-07-30_07-37-35_hk_1785389855.fit,198,2026-07-30T05:40:53.000Z,197.000,463.85,125,155,73,2.33,29.67,50.817294,4.400748
2026-07-30,Running,Morning Run,"After a break of twenty seven hot days I am back. It was so hot back in India that I could not go for running at all. Now in Brussels, the weather is nice so I started it again.

I lost the stamina a bit but will gain soon.😎",2026-07-30_07-37-35_hk_1785389855.fit,199,2026-07-30T05:40:54.000Z,198.000,466.1,125,155,71,2.334,29.67,50.817294,4.400712
2026-07-30,Running,Morning Run,"After a break of twenty seven hot days I am back. It was so hot back in India that I could not go for running at all. Now in Brussels, the weather is nice so I started it again.

I lost the stamina a bit but will gain soon.😎",2026-07-30_07-37-35_hk_1785389855.fit,200,2026-07-30T05:40:55.000Z,199.000,468.35,125,155,71,2.338,29.67,50.817276,4.400676
2026-07-30,Running,Morning Run,"After a break of twenty seven hot days I am back. It was so hot back in India that I could not go for running at all. Now in Brussels, the weather is nice so I started it again.

I lost the stamina a bit but will gain soon.😎",2026-07-30_07-37-35_hk_1785389855.fit,201,2026-07-30T05:40:56.000Z,200.000,470.61,125,160,71,2.316,29.67,50.817276,4.400658
2026-07-30,Running,Morning Run,"After a break of twenty seven hot days I am back. It was so hot back in India that I could not go for running at all. Now in Brussels, the weather is nice so I started it again.

I lost the stamina a bit but will gain soon.😎",2026-07-30_07-37-35_hk_1785389855.fit,202,2026-07-30T05:40:57.000Z,201.000,473.59,125,160,72,2.327,29.67,50.817258,4.400622
2026-07-30,Running,Morning Run,"After a break of twenty seven hot days I am back. It was so hot back in India that I could not go for running at all. Now in Brussels, the weather is nice so I started it again.

I lost the stamina a bit but will gain soon.😎",2026-07-30_07-37-35_hk_1785389855.fit,203,2026-07-30T05:40:58.000Z,202.000,476.58,125,161,72,2.354,29.67,50.817258,4.400604
2026-07-30,Running,Morning Run,"After a break of twenty seven hot days I am back. It was so hot back in India that I could not go for running at all. Now in Brussels, the weather is nice so I started it again.

I lost the stamina a bit but will gain soon.😎",2026-07-30_07-37-35_hk_1785389855.fit,204,2026-07-30T05:40:59.000Z,203.000,478.81,125,161,72,2.347,29.67,50.81724,4.400568
2026-07-30,Running,Morning Run,"After a break of twenty seven hot days I am back. It was so hot back in India that I could not go for running at all. Now in Brussels, the weather is nice so I started it again.

I lost the stamina a bit but will gain soon.😎",2026-07-30_07-37-35_hk_1785389855.fit,205,2026-07-30T05:41:00.000Z,204.000,481.03,125,161,72,2.34,29.67,50.81724,4.400532
2026-07-30,Running,Morning Run,"After a break of twenty seven hot days I am back. It was so hot back in India that I could not go for running at all. Now in Brussels, the weather is nice so I started it again.

I lost the stamina a bit but will gain soon.😎",2026-07-30_07-37-35_hk_1785389855.fit,206,2026-07-30T05:41:01.000Z,205.000,483.26,125,159,72,2.342,29.67,50.817222,4.400514
2026-07-30,Running,Morning Run,"After a break of twenty seven hot days I am back. It was so hot back in India that I could not go for running at all. Now in Brussels, the weather is nice so I started it again.

I lost the stamina a bit but will gain soon.😎",2026-07-30_07-37-35_hk_1785389855.fit,207,2026-07-30T05:41:02.000Z,206.000,485.25,125,159,72,2.333,29.67,50.817222,4.400478
2026-07-30,Running,Morning Run,"After a break of twenty seven hot days I am back. It was so hot back in India that I could not go for running at all. Now in Brussels, the weather is nice so I started it again.

I lost the stamina a bit but will gain soon.😎",2026-07-30_07-37-35_hk_1785389855.fit,208,2026-07-30T05:41:03.000Z,207.000,487.24,125,159,75,2.325,29.67,50.817204,4.400442
2026-07-30,Running,Morning Run,"After a break of twenty seven hot days I am back. It was so hot back in India that I could not go for running at all. Now in Brussels, the weather is nice so I started it again.

I lost the stamina a bit but will gain soon.😎",2026-07-30_07-37-35_hk_1785389855.fit,209,2026-07-30T05:41:04.000Z,208.000,489.24,125,157,75,2.311,29.67,50.817204,4.400406
2026-07-30,Running,Morning Run,"After a break of twenty seven hot days I am back. It was so hot back in India that I could not go for running at all. Now in Brussels, the weather is nice so I started it again.

I lost the stamina a bit but will gain soon.😎",2026-07-30_07-37-35_hk_1785389855.fit,210,2026-07-30T05:41:05.000Z,209.000,491.04,125,157,75,2.251,29.67,50.817186,4.400388
2026-07-30,Running,Morning Run,"After a break of twenty seven hot days I am back. It was so hot back in India that I could not go for running at all. Now in Brussels, the weather is nice so I started it again.

I lost the stamina a bit but will gain soon.😎",2026-07-30_07-37-35_hk_1785389855.fit,211,2026-07-30T05:41:06.000Z,210.000,492.84,125,153,71,2.191,29.67,50.817186,4.400352
2026-07-30,Running,Morning Run,"After a break of twenty seven hot days I am back. It was so hot back in India that I could not go for running at all. Now in Brussels, the weather is nice so I started it again.

I lost the stamina a bit but will gain soon.😎",2026-07-30_07-37-35_hk_1785389855.fit,212,2026-07-30T05:41:07.000Z,211.000,495.11,125,153,71,2.22,29.67,50.817186,4.400316
2026-07-30,Running,Morning Run,"After a break of twenty seven hot days I am back. It was so hot back in India that I could not go for running at all. Now in Brussels, the weather is nice so I started it again.

I lost the stamina a bit but will gain soon.😎",2026-07-30_07-37-35_hk_1785389855.fit,213,2026-07-30T05:41:08.000Z,212.000,497.38,125,153,71,2.279,29.67,50.817168,4.400298
2026-07-30,Running,Morning Run,"After a break of twenty seven hot days I am back. It was so hot back in India that I could not go for running at all. Now in Brussels, the weather is nice so I started it again.

I lost the stamina a bit but will gain soon.😎",2026-07-30_07-37-35_hk_1785389855.fit,214,2026-07-30T05:41:09.000Z,213.000,499.65,125,156,73,2.279,29.67,50.817168,4.400262
2026-07-30,Running,Morning Run,"After a break of twenty seven hot days I am back. It was so hot back in India that I could not go for running at all. Now in Brussels, the weather is nice so I started it again.

I lost the stamina a bit but will gain soon.😎",2026-07-30_07-37-35_hk_1785389855.fit,215,2026-07-30T05:41:10.000Z,214.000,503.56,125,156,73,2.304,29.67,50.817168,4.400226
2026-07-30,Running,Morning Run,"After a break of twenty seven hot days I am back. It was so hot back in India that I could not go for running at all. Now in Brussels, the weather is nice so I started it again.

I lost the stamina a bit but will gain soon.😎",2026-07-30_07-37-35_hk_1785389855.fit,216,2026-07-30T05:41:11.000Z,215.000,507.48,125,159,73,2.387,29.67,50.817168,4.40019
2026-07-30,Running,Morning Run,"After a break of twenty seven hot days I am back. It was so hot back in India that I could not go for running at all. Now in Brussels, the weather is nice so I started it again.

I lost the stamina a bit but will gain soon.😎",2026-07-30_07-37-35_hk_1785389855.fit,217,2026-07-30T05:41:12.000Z,216.000,509.47,125,159,75,2.4,29.67,50.81715,4.400172
2026-07-30,Running,Morning Run,"After a break of twenty seven hot days I am back. It was so hot back in India that I could not go for running at all. Now in Brussels, the weather is nice so I started it again.

I lost the stamina a bit but will gain soon.😎",2026-07-30_07-37-35_hk_1785389855.fit,218,2026-07-30T05:41:13.000Z,217.000,511.47,125,159,75,2.381,29.67,50.81715,4.400136
2026-07-30,Running,Morning Run,"After a break of twenty seven hot days I am back. It was so hot back in India that I could not go for running at all. Now in Brussels, the weather is nice so I started it again.

I lost the stamina a bit but will gain soon.😎",2026-07-30_07-37-35_hk_1785389855.fit,219,2026-07-30T05:41:14.000Z,218.000,513.46,125,161,75,2.364,29.67,50.81715,4.4001
2026-07-30,Running,Morning Run,"After a break of twenty seven hot days I am back. It was so hot back in India that I could not go for running at all. Now in Brussels, the weather is nice so I started it again.

I lost the stamina a bit but will gain soon.😎",2026-07-30_07-37-35_hk_1785389855.fit,220,2026-07-30T05:41:15.000Z,219.000,516.4,125,161,75,2.395,29.67,50.817132,4.400064
2026-07-30,Running,Morning Run,"After a break of twenty seven hot days I am back. It was so hot back in India that I could not go for running at all. Now in Brussels, the weather is nice so I started it again.

I lost the stamina a bit but will gain soon.😎",2026-07-30_07-37-35_hk_1785389855.fit,221,2026-07-30T05:41:16.000Z,220.000,519.35,157,164,75,2.428,29.67,50.817132,4.400046
2026-07-30,Running,Morning Run,"After a break of twenty seven hot days I am back. It was so hot back in India that I could not go for running at all. Now in Brussels, the weather is nice so I started it again.

I lost the stamina a bit but will gain soon.😎",2026-07-30_07-37-35_hk_1785389855.fit,222,2026-07-30T05:41:17.000Z,221.000,521.59,157,164,75,2.428,29.67,50.817132,4.40001
2026-07-30,Running,Morning Run,"After a break of twenty seven hot days I am back. It was so hot back in India that I could not go for running at all. Now in Brussels, the weather is nice so I started it again.

I lost the stamina a bit but will gain soon.😎",2026-07-30_07-37-35_hk_1785389855.fit,223,2026-07-30T05:41:18.000Z,222.000,523.84,157,164,76,2.393,29.67,50.817114,4.399974
2026-07-30,Running,Morning Run,"After a break of twenty seven hot days I am back. It was so hot back in India that I could not go for running at all. Now in Brussels, the weather is nice so I started it again.

I lost the stamina a bit but will gain soon.😎",2026-07-30_07-37-35_hk_1785389855.fit,224,2026-07-30T05:41:19.000Z,223.000,526.09,157,167,76,2.386,29.67,50.817114,4.399938
2026-07-30,Running,Morning Run,"After a break of twenty seven hot days I am back. It was so hot back in India that I could not go for running at all. Now in Brussels, the weather is nice so I started it again.

I lost the stamina a bit but will gain soon.😎",2026-07-30_07-37-35_hk_1785389855.fit,225,2026-07-30T05:41:20.000Z,224.000,528.22,157,167,76,2.347,29.67,50.817114,4.399902
2026-07-30,Running,Morning Run,"After a break of twenty seven hot days I am back. It was so hot back in India that I could not go for running at all. Now in Brussels, the weather is nice so I started it again.

I lost the stamina a bit but will gain soon.😎",2026-07-30_07-37-35_hk_1785389855.fit,226,2026-07-30T05:41:21.000Z,225.000,530.35,158,167,74,2.343,29.67,50.817114,4.399884
2026-07-30,Running,Morning Run,"After a break of twenty seven hot days I am back. It was so hot back in India that I could not go for running at all. Now in Brussels, the weather is nice so I started it again.

I lost the stamina a bit but will gain soon.😎",2026-07-30_07-37-35_hk_1785389855.fit,227,2026-07-30T05:41:22.000Z,226.000,532.49,158,170,74,2.339,29.66,50.817114,4.399848
2026-07-30,Running,Morning Run,"After a break of twenty seven hot days I am back. It was so hot back in India that I could not go for running at all. Now in Brussels, the weather is nice so I started it again.

I lost the stamina a bit but will gain soon.😎",2026-07-30_07-37-35_hk_1785389855.fit,228,2026-07-30T05:41:23.000Z,227.000,534.34,158,170,74,2.322,29.66,50.817114,4.399812
2026-07-30,Running,Morning Run,"After a break of twenty seven hot days I am back. It was so hot back in India that I could not go for running at all. Now in Brussels, the weather is nice so I started it again.

I lost the stamina a bit but will gain soon.😎",2026-07-30_07-37-35_hk_1785389855.fit,229,2026-07-30T05:41:24.000Z,228.000,536.18,158,165,73,2.315,29.66,50.817114,4.399794
2026-07-30,Running,Morning Run,"After a break of twenty seven hot days I am back. It was so hot back in India that I could not go for running at all. Now in Brussels, the weather is nice so I started it again.

I lost the stamina a bit but will gain soon.😎",2026-07-30_07-37-35_hk_1785389855.fit,230,2026-07-30T05:41:25.000Z,229.000,538.88,158,165,73,2.347,29.66,50.817114,4.399758
2026-07-30,Running,Morning Run,"After a break of twenty seven hot days I am back. It was so hot back in India that I could not go for running at all. Now in Brussels, the weather is nice so I started it again.

I lost the stamina a bit but will gain soon.😎",2026-07-30_07-37-35_hk_1785389855.fit,231,2026-07-30T05:41:26.000Z,230.000,541.59,163,165,73,2.407,29.66,50.817114,4.39974
2026-07-30,Running,Morning Run,"After a break of twenty seven hot days I am back. It was so hot back in India that I could not go for running at all. Now in Brussels, the weather is nice so I started it again.

I lost the stamina a bit but will gain soon.😎",2026-07-30_07-37-35_hk_1785389855.fit,232,2026-07-30T05:41:27.000Z,231.000,544.29,163,171,76,2.45,29.66,50.817096,4.399704
2026-07-30,Running,Morning Run,"After a break of twenty seven hot days I am back. It was so hot back in India that I could not go for running at all. Now in Brussels, the weather is nice so I started it again.

I lost the stamina a bit but will gain soon.😎",2026-07-30_07-37-35_hk_1785389855.fit,233,2026-07-30T05:41:28.000Z,232.000,547.4,163,171,76,2.501,29.65,50.817096,4.399668
2026-07-30,Running,Morning Run,"After a break of twenty seven hot days I am back. It was so hot back in India that I could not go for running at all. Now in Brussels, the weather is nice so I started it again.

I lost the stamina a bit but will gain soon.😎",2026-07-30_07-37-35_hk_1785389855.fit,234,2026-07-30T05:41:29.000Z,233.000,550.52,163,174,76,2.544,29.65,50.817096,4.399632
2026-07-30,Running,Morning Run,"After a break of twenty seven hot days I am back. It was so hot back in India that I could not go for running at all. Now in Brussels, the weather is nice so I started it again.

I lost the stamina a bit but will gain soon.😎",2026-07-30_07-37-35_hk_1785389855.fit,235,2026-07-30T05:41:30.000Z,234.000,552.76,163,174,73,2.529,29.65,50.817096,4.399596
2026-07-30,Running,Morning Run,"After a break of twenty seven hot days I am back. It was so hot back in India that I could not go for running at all. Now in Brussels, the weather is nice so I started it again.

I lost the stamina a bit but will gain soon.😎",2026-07-30_07-37-35_hk_1785389855.fit,236,2026-07-30T05:41:31.000Z,235.000,555,164,174,73,2.449,29.65,50.817078,4.39956
2026-07-30,Running,Morning Run,"After a break of twenty seven hot days I am back. It was so hot back in India that I could not go for running at all. Now in Brussels, the weather is nice so I started it again.

I lost the stamina a bit but will gain soon.😎",2026-07-30_07-37-35_hk_1785389855.fit,237,2026-07-30T05:41:32.000Z,236.000,557.24,164,173,73,2.44,29.65,50.817078,4.399524
2026-07-30,Running,Morning Run,"After a break of twenty seven hot days I am back. It was so hot back in India that I could not go for running at all. Now in Brussels, the weather is nice so I started it again.

I lost the stamina a bit but will gain soon.😎",2026-07-30_07-37-35_hk_1785389855.fit,238,2026-07-30T05:41:33.000Z,237.000,560.62,164,173,75,2.436,29.65,50.817078,4.399488
2026-07-30,Running,Morning Run,"After a break of twenty seven hot days I am back. It was so hot back in India that I could not go for running at all. Now in Brussels, the weather is nice so I started it again.

I lost the stamina a bit but will gain soon.😎",2026-07-30_07-37-35_hk_1785389855.fit,239,2026-07-30T05:41:34.000Z,238.000,564.01,164,174,75,2.527,29.65,50.817078,4.399452
2026-07-30,Running,Morning Run,"After a break of twenty seven hot days I am back. It was so hot back in India that I could not go for running at all. Now in Brussels, the weather is nice so I started it again.

I lost the stamina a bit but will gain soon.😎",2026-07-30_07-37-35_hk_1785389855.fit,240,2026-07-30T05:41:35.000Z,239.000,565.76,164,174,75,2.491,29.64,50.817078,4.399416
2026-07-30,Running,Morning Run,"After a break of twenty seven hot days I am back. It was so hot back in India that I could not go for running at all. Now in Brussels, the weather is nice so I started it again.

I lost the stamina a bit but will gain soon.😎",2026-07-30_07-37-35_hk_1785389855.fit,241,2026-07-30T05:41:36.000Z,240.000,567.52,164,174,74,2.434,29.64,50.817078,4.39938
2026-07-30,Running,Morning Run,"After a break of twenty seven hot days I am back. It was so hot back in India that I could not go for running at all. Now in Brussels, the weather is nice so I started it again.

I lost the stamina a bit but will gain soon.😎",2026-07-30_07-37-35_hk_1785389855.fit,242,2026-07-30T05:41:37.000Z,241.000,569.27,164,173,74,2.403,29.64,50.81706,4.399344
2026-07-30,Running,Morning Run,"After a break of twenty seven hot days I am back. It was so hot back in India that I could not go for running at all. Now in Brussels, the weather is nice so I started it again.

I lost the stamina a bit but will gain soon.😎",2026-07-30_07-37-35_hk_1785389855.fit,243,2026-07-30T05:41:38.000Z,242.000,572.61,164,173,74,2.43,29.64,50.81706,4.399326
2026-07-30,Running,Morning Run,"After a break of twenty seven hot days I am back. It was so hot back in India that I could not go for running at all. Now in Brussels, the weather is nice so I started it again.

I lost the stamina a bit but will gain soon.😎",2026-07-30_07-37-35_hk_1785389855.fit,244,2026-07-30T05:41:39.000Z,243.000,575.96,164,176,73,2.482,29.64,50.81706,4.39929
2026-07-30,Running,Morning Run,"After a break of twenty seven hot days I am back. It was so hot back in India that I could not go for running at all. Now in Brussels, the weather is nice so I started it again.

I lost the stamina a bit but will gain soon.😎",2026-07-30_07-37-35_hk_1785389855.fit,245,2026-07-30T05:41:40.000Z,244.000,578.39,165,176,73,2.508,29.64,50.81706,4.399254
2026-07-30,Running,Morning Run,"After a break of twenty seven hot days I am back. It was so hot back in India that I could not go for running at all. Now in Brussels, the weather is nice so I started it again.

I lost the stamina a bit but will gain soon.😎",2026-07-30_07-37-35_hk_1785389855.fit,246,2026-07-30T05:41:41.000Z,245.000,580.82,165,176,73,2.523,29.64,50.81706,4.399218
2026-07-30,Running,Morning Run,"After a break of twenty seven hot days I am back. It was so hot back in India that I could not go for running at all. Now in Brussels, the weather is nice so I started it again.

I lost the stamina a bit but will gain soon.😎",2026-07-30_07-37-35_hk_1785389855.fit,247,2026-07-30T05:41:42.000Z,246.000,583.25,165,176,76,2.538,29.64,50.81706,4.399182
2026-07-30,Running,Morning Run,"After a break of twenty seven hot days I am back. It was so hot back in India that I could not go for running at all. Now in Brussels, the weather is nice so I started it again.

I lost the stamina a bit but will gain soon.😎",2026-07-30_07-37-35_hk_1785389855.fit,248,2026-07-30T05:41:43.000Z,247.000,585.15,165,176,76,2.541,29.64,50.81706,4.399146
2026-07-30,Running,Morning Run,"After a break of twenty seven hot days I am back. It was so hot back in India that I could not go for running at all. Now in Brussels, the weather is nice so I started it again.

I lost the stamina a bit but will gain soon.😎",2026-07-30_07-37-35_hk_1785389855.fit,249,2026-07-30T05:41:44.000Z,248.000,587.06,165,176,76,2.544,29.64,50.81706,4.39911
2026-07-30,Running,Morning Run,"After a break of twenty seven hot days I am back. It was so hot back in India that I could not go for running at all. Now in Brussels, the weather is nice so I started it again.

I lost the stamina a bit but will gain soon.😎",2026-07-30_07-37-35_hk_1785389855.fit,250,2026-07-30T05:41:45.000Z,249.000,588.96,165,176,73,2.504,29.64,50.817078,4.399074
2026-07-30,Running,Morning Run,"After a break of twenty seven hot days I am back. It was so hot back in India that I could not go for running at all. Now in Brussels, the weather is nice so I started it again.

I lost the stamina a bit but will gain soon.😎",2026-07-30_07-37-35_hk_1785389855.fit,251,2026-07-30T05:41:46.000Z,250.000,590.71,165,176,73,2.468,29.65,50.817078,4.399056
2026-07-30,Running,Morning Run,"After a break of twenty seven hot days I am back. It was so hot back in India that I could not go for running at all. Now in Brussels, the weather is nice so I started it again.

I lost the stamina a bit but will gain soon.😎",2026-07-30_07-37-35_hk_1785389855.fit,252,2026-07-30T05:41:47.000Z,251.000,592.46,165,170,73,2.422,29.65,50.817078,4.39902
2026-07-30,Running,Morning Run,"After a break of twenty seven hot days I am back. It was so hot back in India that I could not go for running at all. Now in Brussels, the weather is nice so I started it again.

I lost the stamina a bit but will gain soon.😎",2026-07-30_07-37-35_hk_1785389855.fit,253,2026-07-30T05:41:48.000Z,252.000,594.14,165,170,74,2.389,29.65,50.817078,4.399002
2026-07-30,Running,Morning Run,"After a break of twenty seven hot days I am back. It was so hot back in India that I could not go for running at all. Now in Brussels, the weather is nice so I started it again.

I lost the stamina a bit but will gain soon.😎",2026-07-30_07-37-35_hk_1785389855.fit,254,2026-07-30T05:41:49.000Z,253.000,595.83,165,170,74,2.343,29.65,50.817078,4.398984
2026-07-30,Running,Morning Run,"After a break of twenty seven hot days I am back. It was so hot back in India that I could not go for running at all. Now in Brussels, the weather is nice so I started it again.

I lost the stamina a bit but will gain soon.😎",2026-07-30_07-37-35_hk_1785389855.fit,255,2026-07-30T05:41:50.000Z,254.000,597.51,165,167,74,2.278,29.65,50.817096,4.398948
2026-07-30,Running,Morning Run,"After a break of twenty seven hot days I am back. It was so hot back in India that I could not go for running at all. Now in Brussels, the weather is nice so I started it again.

I lost the stamina a bit but will gain soon.😎",2026-07-30_07-37-35_hk_1785389855.fit,256,2026-07-30T05:41:51.000Z,255.000,600.11,166,167,75,2.292,29.65,50.817096,4.39893
2026-07-30,Running,Morning Run,"After a break of twenty seven hot days I am back. It was so hot back in India that I could not go for running at all. Now in Brussels, the weather is nice so I started it again.

I lost the stamina a bit but will gain soon.😎",2026-07-30_07-37-35_hk_1785389855.fit,257,2026-07-30T05:41:52.000Z,256.000,602.7,166,168,75,2.269,29.66,50.817096,4.398912
2026-07-30,Running,Morning Run,"After a break of twenty seven hot days I am back. It was so hot back in India that I could not go for running at all. Now in Brussels, the weather is nice so I started it again.

I lost the stamina a bit but will gain soon.😎",2026-07-30_07-37-35_hk_1785389855.fit,258,2026-07-30T05:41:53.000Z,257.000,605.6,166,168,75,2.3,29.66,50.817096,4.398876
2026-07-30,Running,Morning Run,"After a break of twenty seven hot days I am back. It was so hot back in India that I could not go for running at all. Now in Brussels, the weather is nice so I started it again.

I lost the stamina a bit but will gain soon.😎",2026-07-30_07-37-35_hk_1785389855.fit,259,2026-07-30T05:41:54.000Z,258.000,608.49,166,168,75,2.33,29.66,50.817114,4.39884
2026-07-30,Running,Morning Run,"After a break of twenty seven hot days I am back. It was so hot back in India that I could not go for running at all. Now in Brussels, the weather is nice so I started it again.

I lost the stamina a bit but will gain soon.😎",2026-07-30_07-37-35_hk_1785389855.fit,260,2026-07-30T05:41:55.000Z,259.000,611.39,166,175,75,2.308,29.66,50.817114,4.398804
2026-07-30,Running,Morning Run,"After a break of twenty seven hot days I am back. It was so hot back in India that I could not go for running at all. Now in Brussels, the weather is nice so I started it again.

I lost the stamina a bit but will gain soon.😎",2026-07-30_07-37-35_hk_1785389855.fit,261,2026-07-30T05:41:56.000Z,260.000,614.3,166,175,75,2.286,29.67,50.817114,4.398768
2026-07-30,Running,Morning Run,"After a break of twenty seven hot days I am back. It was so hot back in India that I could not go for running at all. Now in Brussels, the weather is nice so I started it again.

I lost the stamina a bit but will gain soon.😎",2026-07-30_07-37-35_hk_1785389855.fit,262,2026-07-30T05:41:57.000Z,261.000,617.21,166,176,76,2.339,29.67,50.817114,4.398732
2026-07-30,Running,Morning Run,"After a break of twenty seven hot days I am back. It was so hot back in India that I could not go for running at all. Now in Brussels, the weather is nice so I started it again.

I lost the stamina a bit but will gain soon.😎",2026-07-30_07-37-35_hk_1785389855.fit,263,2026-07-30T05:41:58.000Z,262.000,618.86,166,176,76,2.334,29.68,50.817114,4.398696
2026-07-30,Running,Morning Run,"After a break of twenty seven hot days I am back. It was so hot back in India that I could not go for running at all. Now in Brussels, the weather is nice so I started it again.

I lost the stamina a bit but will gain soon.😎",2026-07-30_07-37-35_hk_1785389855.fit,264,2026-07-30T05:41:59.000Z,263.000,620.5,166,176,76,2.328,29.68,50.817114,4.39866
2026-07-30,Running,Morning Run,"After a break of twenty seven hot days I am back. It was so hot back in India that I could not go for running at all. Now in Brussels, the weather is nice so I started it again.

I lost the stamina a bit but will gain soon.😎",2026-07-30_07-37-35_hk_1785389855.fit,265,2026-07-30T05:42:00.000Z,264.000,622.14,166,173,73,2.299,29.69,50.817114,4.398624
2026-07-30,Running,Morning Run,"After a break of twenty seven hot days I am back. It was so hot back in India that I could not go for running at all. Now in Brussels, the weather is nice so I started it again.

I lost the stamina a bit but will gain soon.😎",2026-07-30_07-37-35_hk_1785389855.fit,266,2026-07-30T05:42:01.000Z,265.000,626.66,169,173,73,2.305,29.69,50.817114,4.398588
2026-07-30,Running,Morning Run,"After a break of twenty seven hot days I am back. It was so hot back in India that I could not go for running at all. Now in Brussels, the weather is nice so I started it again.

I lost the stamina a bit but will gain soon.😎",2026-07-30_07-37-35_hk_1785389855.fit,267,2026-07-30T05:42:02.000Z,266.000,631.18,169,184,73,2.398,29.7,50.817114,4.398552
2026-07-30,Running,Morning Run,"After a break of twenty seven hot days I am back. It was so hot back in India that I could not go for running at all. Now in Brussels, the weather is nice so I started it again.

I lost the stamina a bit but will gain soon.😎",2026-07-30_07-37-35_hk_1785389855.fit,268,2026-07-30T05:42:03.000Z,267.000,632.76,169,184,75,2.361,29.7,50.817114,4.398516
2026-07-30,Running,Morning Run,"After a break of twenty seven hot days I am back. It was so hot back in India that I could not go for running at all. Now in Brussels, the weather is nice so I started it again.

I lost the stamina a bit but will gain soon.😎",2026-07-30_07-37-35_hk_1785389855.fit,269,2026-07-30T05:42:04.000Z,268.000,634.35,169,184,75,2.323,29.71,50.817132,4.39848
2026-07-30,Running,Morning Run,"After a break of twenty seven hot days I am back. It was so hot back in India that I could not go for running at all. Now in Brussels, the weather is nice so I started it again.

I lost the stamina a bit but will gain soon.😎",2026-07-30_07-37-35_hk_1785389855.fit,270,2026-07-30T05:42:05.000Z,269.000,635.93,168,183,75,2.308,29.71,50.817132,4.398444
2026-07-30,Running,Morning Run,"After a break of twenty seven hot days I am back. It was so hot back in India that I could not go for running at all. Now in Brussels, the weather is nice so I started it again.

I lost the stamina a bit but will gain soon.😎",2026-07-30_07-37-35_hk_1785389855.fit,271,2026-07-30T05:42:06.000Z,270.000,638.72,168,183,72,2.348,29.72,50.817132,4.398408
2026-07-30,Running,Morning Run,"After a break of twenty seven hot days I am back. It was so hot back in India that I could not go for running at all. Now in Brussels, the weather is nice so I started it again.

I lost the stamina a bit but will gain soon.😎",2026-07-30_07-37-35_hk_1785389855.fit,272,2026-07-30T05:42:07.000Z,271.000,641.5,168,183,72,2.419,29.72,50.817132,4.398372
2026-07-30,Running,Morning Run,"After a break of twenty seven hot days I am back. It was so hot back in India that I could not go for running at all. Now in Brussels, the weather is nice so I started it again.

I lost the stamina a bit but will gain soon.😎",2026-07-30_07-37-35_hk_1785389855.fit,273,2026-07-30T05:42:08.000Z,272.000,644.29,168,189,72,2.507,29.72,50.81715,4.398336
2026-07-30,Running,Morning Run,"After a break of twenty seven hot days I am back. It was so hot back in India that I could not go for running at all. Now in Brussels, the weather is nice so I started it again.

I lost the stamina a bit but will gain soon.😎",2026-07-30_07-37-35_hk_1785389855.fit,274,2026-07-30T05:42:09.000Z,273.000,646.79,168,189,76,2.548,29.73,50.81715,4.3983
2026-07-30,Running,Morning Run,"After a break of twenty seven hot days I am back. It was so hot back in India that I could not go for running at all. Now in Brussels, the weather is nice so I started it again.

I lost the stamina a bit but will gain soon.😎",2026-07-30_07-37-35_hk_1785389855.fit,275,2026-07-30T05:42:10.000Z,274.000,649.29,168,185,76,2.589,29.73,50.81715,4.398264
2026-07-30,Running,Morning Run,"After a break of twenty seven hot days I am back. It was so hot back in India that I could not go for running at all. Now in Brussels, the weather is nice so I started it again.

I lost the stamina a bit but will gain soon.😎",2026-07-30_07-37-35_hk_1785389855.fit,276,2026-07-30T05:42:11.000Z,275.000,652.12,168,185,76,2.601,29.74,50.81715,4.398228
2026-07-30,Running,Morning Run,"After a break of twenty seven hot days I am back. It was so hot back in India that I could not go for running at all. Now in Brussels, the weather is nice so I started it again.

I lost the stamina a bit but will gain soon.😎",2026-07-30_07-37-35_hk_1785389855.fit,277,2026-07-30T05:42:12.000Z,276.000,654.95,168,185,76,2.612,29.74,50.817168,4.398192
2026-07-30,Running,Morning Run,"After a break of twenty seven hot days I am back. It was so hot back in India that I could not go for running at all. Now in Brussels, the weather is nice so I started it again.

I lost the stamina a bit but will gain soon.😎",2026-07-30_07-37-35_hk_1785389855.fit,278,2026-07-30T05:42:13.000Z,277.000,657.79,168,191,76,2.609,29.74,50.817168,4.398156
2026-07-30,Running,Morning Run,"After a break of twenty seven hot days I am back. It was so hot back in India that I could not go for running at all. Now in Brussels, the weather is nice so I started it again.

I lost the stamina a bit but will gain soon.😎",2026-07-30_07-37-35_hk_1785389855.fit,279,2026-07-30T05:42:14.000Z,278.000,661.17,168,191,76,2.634,29.75,50.817168,4.39812
2026-07-30,Running,Morning Run,"After a break of twenty seven hot days I am back. It was so hot back in India that I could not go for running at all. Now in Brussels, the weather is nice so I started it again.

I lost the stamina a bit but will gain soon.😎",2026-07-30_07-37-35_hk_1785389855.fit,280,2026-07-30T05:42:15.000Z,279.000,664.55,168,194,79,2.645,29.75,50.817186,4.398084
2026-07-30,Running,Morning Run,"After a break of twenty seven hot days I am back. It was so hot back in India that I could not go for running at all. Now in Brussels, the weather is nice so I started it again.

I lost the stamina a bit but will gain soon.😎",2026-07-30_07-37-35_hk_1785389855.fit,281,2026-07-30T05:42:16.000Z,280.000,666.53,168,194,79,2.611,29.76,50.817186,4.398048
2026-07-30,Running,Morning Run,"After a break of twenty seven hot days I am back. It was so hot back in India that I could not go for running at all. Now in Brussels, the weather is nice so I started it again.

I lost the stamina a bit but will gain soon.😎",2026-07-30_07-37-35_hk_1785389855.fit,282,2026-07-30T05:42:17.000Z,281.000,668.51,171,194,79,2.565,29.77,50.817186,4.398012
2026-07-30,Running,Morning Run,"After a break of twenty seven hot days I am back. It was so hot back in India that I could not go for running at all. Now in Brussels, the weather is nice so I started it again.

I lost the stamina a bit but will gain soon.😎",2026-07-30_07-37-35_hk_1785389855.fit,283,2026-07-30T05:42:18.000Z,282.000,670.48,171,190,76,2.581,29.77,50.817204,4.397976
2026-07-30,Running,Morning Run,"After a break of twenty seven hot days I am back. It was so hot back in India that I could not go for running at all. Now in Brussels, the weather is nice so I started it again.

I lost the stamina a bit but will gain soon.😎",2026-07-30_07-37-35_hk_1785389855.fit,284,2026-07-30T05:42:19.000Z,283.000,673.34,171,190,76,2.695,29.78,50.817204,4.39794
2026-07-30,Running,Morning Run,"After a break of twenty seven hot days I am back. It was so hot back in India that I could not go for running at all. Now in Brussels, the weather is nice so I started it again.

I lost the stamina a bit but will gain soon.😎",2026-07-30_07-37-35_hk_1785389855.fit,285,2026-07-30T05:42:20.000Z,284.000,676.2,171,190,76,2.703,29.78,50.817204,4.397922
2026-07-30,Running,Morning Run,"After a break of twenty seven hot days I am back. It was so hot back in India that I could not go for running at all. Now in Brussels, the weather is nice so I started it again.

I lost the stamina a bit but will gain soon.😎",2026-07-30_07-37-35_hk_1785389855.fit,286,2026-07-30T05:42:21.000Z,285.000,678.28,171,190,76,2.581,29.79,50.817204,4.397886
2026-07-30,Running,Morning Run,"After a break of twenty seven hot days I am back. It was so hot back in India that I could not go for running at all. Now in Brussels, the weather is nice so I started it again.

I lost the stamina a bit but will gain soon.😎",2026-07-30_07-37-35_hk_1785389855.fit,287,2026-07-30T05:42:22.000Z,286.000,680.36,172,190,76,2.557,29.79,50.817222,4.39785
2026-07-30,Running,Morning Run,"After a break of twenty seven hot days I am back. It was so hot back in India that I could not go for running at all. Now in Brussels, the weather is nice so I started it again.

I lost the stamina a bit but will gain soon.😎",2026-07-30_07-37-35_hk_1785389855.fit,288,2026-07-30T05:42:23.000Z,287.000,682.44,172,188,76,2.441,29.79,50.817222,4.397814
2026-07-30,Running,Morning Run,"After a break of twenty seven hot days I am back. It was so hot back in India that I could not go for running at all. Now in Brussels, the weather is nice so I started it again.

I lost the stamina a bit but will gain soon.😎",2026-07-30_07-37-35_hk_1785389855.fit,289,2026-07-30T05:42:24.000Z,288.000,684.33,172,188,76,2.455,29.8,50.817222,4.397778
2026-07-30,Running,Morning Run,"After a break of twenty seven hot days I am back. It was so hot back in India that I could not go for running at all. Now in Brussels, the weather is nice so I started it again.

I lost the stamina a bit but will gain soon.😎",2026-07-30_07-37-35_hk_1785389855.fit,290,2026-07-30T05:42:25.000Z,289.000,686.22,171,188,76,2.514,29.8,50.81724,4.397742
2026-07-30,Running,Morning Run,"After a break of twenty seven hot days I am back. It was so hot back in India that I could not go for running at all. Now in Brussels, the weather is nice so I started it again.

I lost the stamina a bit but will gain soon.😎",2026-07-30_07-37-35_hk_1785389855.fit,291,2026-07-30T05:42:26.000Z,290.000,688.1,171,187,76,2.485,29.8,50.81724,4.397724
2026-07-30,Running,Morning Run,"After a break of twenty seven hot days I am back. It was so hot back in India that I could not go for running at all. Now in Brussels, the weather is nice so I started it again.

I lost the stamina a bit but will gain soon.😎",2026-07-30_07-37-35_hk_1785389855.fit,292,2026-07-30T05:42:27.000Z,291.000,691.09,171,187,74,2.494,29.81,50.81724,4.397688
2026-07-30,Running,Morning Run,"After a break of twenty seven hot days I am back. It was so hot back in India that I could not go for running at all. Now in Brussels, the weather is nice so I started it again.

I lost the stamina a bit but will gain soon.😎",2026-07-30_07-37-35_hk_1785389855.fit,293,2026-07-30T05:42:28.000Z,292.000,694.07,171,226,74,2.503,29.81,50.817258,4.397652
2026-07-30,Running,Morning Run,"After a break of twenty seven hot days I am back. It was so hot back in India that I could not go for running at all. Now in Brussels, the weather is nice so I started it again.

I lost the stamina a bit but will gain soon.😎",2026-07-30_07-37-35_hk_1785389855.fit,294,2026-07-30T05:42:29.000Z,293.000,696.24,171,226,74,2.474,29.81,50.817258,4.397634
2026-07-30,Running,Morning Run,"After a break of twenty seven hot days I am back. It was so hot back in India that I could not go for running at all. Now in Brussels, the weather is nice so I started it again.

I lost the stamina a bit but will gain soon.😎",2026-07-30_07-37-35_hk_1785389855.fit,295,2026-07-30T05:42:30.000Z,294.000,698.42,171,226,75,2.459,29.82,50.817276,4.397598
2026-07-30,Running,Morning Run,"After a break of twenty seven hot days I am back. It was so hot back in India that I could not go for running at all. Now in Brussels, the weather is nice so I started it again.

I lost the stamina a bit but will gain soon.😎",2026-07-30_07-37-35_hk_1785389855.fit,296,2026-07-30T05:42:31.000Z,295.000,700.6,171,224,75,2.443,29.82,50.817276,4.397562
2026-07-30,Running,Morning Run,"After a break of twenty seven hot days I am back. It was so hot back in India that I could not go for running at all. Now in Brussels, the weather is nice so I started it again.

I lost the stamina a bit but will gain soon.😎",2026-07-30_07-37-35_hk_1785389855.fit,297,2026-07-30T05:42:32.000Z,296.000,703.6,171,224,75,2.452,29.82,50.817294,4.397544
2026-07-30,Running,Morning Run,"After a break of twenty seven hot days I am back. It was so hot back in India that I could not go for running at all. Now in Brussels, the weather is nice so I started it again.

I lost the stamina a bit but will gain soon.😎",2026-07-30_07-37-35_hk_1785389855.fit,298,2026-07-30T05:42:33.000Z,297.000,706.61,171,220,73,2.46,29.83,50.817294,4.397508
2026-07-30,Running,Morning Run,"After a break of twenty seven hot days I am back. It was so hot back in India that I could not go for running at all. Now in Brussels, the weather is nice so I started it again.

I lost the stamina a bit but will gain soon.😎",2026-07-30_07-37-35_hk_1785389855.fit,299,2026-07-30T05:42:34.000Z,298.000,708.99,171,220,73,2.439,29.83,50.817312,4.397472
2026-07-30,Running,Morning Run,"After a break of twenty seven hot days I am back. It was so hot back in India that I could not go for running at all. Now in Brussels, the weather is nice so I started it again.

I lost the stamina a bit but will gain soon.😎",2026-07-30_07-37-35_hk_1785389855.fit,300,2026-07-30T05:42:35.000Z,299.000,711.38,171,220,73,2.391,29.84,50.817312,4.397454
2026-07-30,Running,Morning Run,"After a break of twenty seven hot days I am back. It was so hot back in India that I could not go for running at all. Now in Brussels, the weather is nice so I started it again.

I lost the stamina a bit but will gain soon.😎",2026-07-30_07-37-35_hk_1785389855.fit,301,2026-07-30T05:42:36.000Z,300.000,713.77,171,219,76,2.391,29.84,50.81733,4.397418
2026-07-30,Running,Morning Run,"After a break of twenty seven hot days I am back. It was so hot back in India that I could not go for running at all. Now in Brussels, the weather is nice so I started it again.

I lost the stamina a bit but will gain soon.😎",2026-07-30_07-37-35_hk_1785389855.fit,302,2026-07-30T05:42:37.000Z,301.000,716.35,171,219,76,2.354,29.85,50.817348,4.3974
2026-07-30,Running,Morning Run,"After a break of twenty seven hot days I am back. It was so hot back in India that I could not go for running at all. Now in Brussels, the weather is nice so I started it again.

I lost the stamina a bit but will gain soon.😎",2026-07-30_07-37-35_hk_1785389855.fit,303,2026-07-30T05:42:38.000Z,302.000,718.93,171,217,76,2.401,29.85,50.817366,4.397382
2026-07-30,Running,Morning Run,"After a break of twenty seven hot days I am back. It was so hot back in India that I could not go for running at all. Now in Brussels, the weather is nice so I started it again.

I lost the stamina a bit but will gain soon.😎",2026-07-30_07-37-35_hk_1785389855.fit,304,2026-07-30T05:42:39.000Z,303.000,721.01,171,217,76,2.406,29.86,50.817366,4.397346
2026-07-30,Running,Morning Run,"After a break of twenty seven hot days I am back. It was so hot back in India that I could not go for running at all. Now in Brussels, the weather is nice so I started it again.

I lost the stamina a bit but will gain soon.😎",2026-07-30_07-37-35_hk_1785389855.fit,305,2026-07-30T05:42:40.000Z,304.000,723.08,172,217,76,2.391,29.86,50.817384,4.397328
2026-07-30,Running,Morning Run,"After a break of twenty seven hot days I am back. It was so hot back in India that I could not go for running at all. Now in Brussels, the weather is nice so I started it again.

I lost the stamina a bit but will gain soon.😎",2026-07-30_07-37-35_hk_1785389855.fit,306,2026-07-30T05:42:41.000Z,305.000,725.16,172,217,76,2.356,29.87,50.817384,4.397292
2026-07-30,Running,Morning Run,"After a break of twenty seven hot days I am back. It was so hot back in India that I could not go for running at all. Now in Brussels, the weather is nice so I started it again.

I lost the stamina a bit but will gain soon.😎",2026-07-30_07-37-35_hk_1785389855.fit,307,2026-07-30T05:42:42.000Z,306.000,728.43,172,217,76,2.388,29.87,50.817402,4.397256
2026-07-30,Running,Morning Run,"After a break of twenty seven hot days I am back. It was so hot back in India that I could not go for running at all. Now in Brussels, the weather is nice so I started it again.

I lost the stamina a bit but will gain soon.😎",2026-07-30_07-37-35_hk_1785389855.fit,308,2026-07-30T05:42:43.000Z,307.000,731.69,172,218,76,2.444,29.88,50.81742,4.397238
2026-07-30,Running,Morning Run,"After a break of twenty seven hot days I am back. It was so hot back in India that I could not go for running at all. Now in Brussels, the weather is nice so I started it again.

I lost the stamina a bit but will gain soon.😎",2026-07-30_07-37-35_hk_1785389855.fit,309,2026-07-30T05:42:44.000Z,308.000,733.48,172,218,76,2.431,29.88,50.81742,4.397202
2026-07-30,Running,Morning Run,"After a break of twenty seven hot days I am back. It was so hot back in India that I could not go for running at all. Now in Brussels, the weather is nice so I started it again.

I lost the stamina a bit but will gain soon.😎",2026-07-30_07-37-35_hk_1785389855.fit,310,2026-07-30T05:42:45.000Z,309.000,735.28,172,218,74,2.426,29.88,50.817438,4.397184
2026-07-30,Running,Morning Run,"After a break of twenty seven hot days I am back. It was so hot back in India that I could not go for running at all. Now in Brussels, the weather is nice so I started it again.

I lost the stamina a bit but will gain soon.😎",2026-07-30_07-37-35_hk_1785389855.fit,311,2026-07-30T05:42:46.000Z,310.000,737.07,173,217,74,2.422,29.89,50.817438,4.397148
2026-07-30,Running,Morning Run,"After a break of twenty seven hot days I am back. It was so hot back in India that I could not go for running at all. Now in Brussels, the weather is nice so I started it again.

I lost the stamina a bit but will gain soon.😎",2026-07-30_07-37-35_hk_1785389855.fit,312,2026-07-30T05:42:47.000Z,311.000,739.42,173,217,74,2.443,29.89,50.817456,4.397112
2026-07-30,Running,Morning Run,"After a break of twenty seven hot days I am back. It was so hot back in India that I could not go for running at all. Now in Brussels, the weather is nice so I started it again.

I lost the stamina a bit but will gain soon.😎",2026-07-30_07-37-35_hk_1785389855.fit,313,2026-07-30T05:42:48.000Z,312.000,741.76,173,217,76,2.413,29.9,50.817456,4.397094
2026-07-30,Running,Morning Run,"After a break of twenty seven hot days I am back. It was so hot back in India that I could not go for running at all. Now in Brussels, the weather is nice so I started it again.

I lost the stamina a bit but will gain soon.😎",2026-07-30_07-37-35_hk_1785389855.fit,314,2026-07-30T05:42:49.000Z,313.000,744.11,173,218,76,2.383,29.9,50.817474,4.397058
2026-07-30,Running,Morning Run,"After a break of twenty seven hot days I am back. It was so hot back in India that I could not go for running at all. Now in Brussels, the weather is nice so I started it again.

I lost the stamina a bit but will gain soon.😎",2026-07-30_07-37-35_hk_1785389855.fit,315,2026-07-30T05:42:50.000Z,314.000,747.17,173,218,76,2.425,29.91,50.817492,4.397022
2026-07-30,Running,Morning Run,"After a break of twenty seven hot days I am back. It was so hot back in India that I could not go for running at all. Now in Brussels, the weather is nice so I started it again.

I lost the stamina a bit but will gain soon.😎",2026-07-30_07-37-35_hk_1785389855.fit,316,2026-07-30T05:42:51.000Z,315.000,750.24,173,220,73,2.468,29.91,50.817492,4.396986
2026-07-30,Running,Morning Run,"After a break of twenty seven hot days I am back. It was so hot back in India that I could not go for running at all. Now in Brussels, the weather is nice so I started it again.

I lost the stamina a bit but will gain soon.😎",2026-07-30_07-37-35_hk_1785389855.fit,317,2026-07-30T05:42:52.000Z,316.000,752.55,174,220,73,2.474,29.92,50.81751,4.396968
2026-07-30,Running,Morning Run,"After a break of twenty seven hot days I am back. It was so hot back in India that I could not go for running at all. Now in Brussels, the weather is nice so I started it again.

I lost the stamina a bit but will gain soon.😎",2026-07-30_07-37-35_hk_1785389855.fit,318,2026-07-30T05:42:53.000Z,317.000,754.86,174,220,73,2.441,29.92,50.81751,4.396932
2026-07-30,Running,Morning Run,"After a break of twenty seven hot days I am back. It was so hot back in India that I could not go for running at all. Now in Brussels, the weather is nice so I started it again.

I lost the stamina a bit but will gain soon.😎",2026-07-30_07-37-35_hk_1785389855.fit,319,2026-07-30T05:42:54.000Z,318.000,757.18,174,221,76,2.408,29.93,50.817528,4.396896
2026-07-30,Running,Morning Run,"After a break of twenty seven hot days I am back. It was so hot back in India that I could not go for running at all. Now in Brussels, the weather is nice so I started it again.

I lost the stamina a bit but will gain soon.😎",2026-07-30_07-37-35_hk_1785389855.fit,320,2026-07-30T05:42:55.000Z,319.000,760.29,174,221,76,2.443,29.94,50.817528,4.396878
2026-07-30,Running,Morning Run,"After a break of twenty seven hot days I am back. It was so hot back in India that I could not go for running at all. Now in Brussels, the weather is nice so I started it again.

I lost the stamina a bit but will gain soon.😎",2026-07-30_07-37-35_hk_1785389855.fit,321,2026-07-30T05:42:56.000Z,320.000,763.4,174,222,76,2.477,29.94,50.817546,4.396842
2026-07-30,Running,Morning Run,"After a break of twenty seven hot days I am back. It was so hot back in India that I could not go for running at all. Now in Brussels, the weather is nice so I started it again.

I lost the stamina a bit but will gain soon.😎",2026-07-30_07-37-35_hk_1785389855.fit,322,2026-07-30T05:42:57.000Z,321.000,765.66,174,222,76,2.471,29.95,50.817564,4.396806
2026-07-30,Running,Morning Run,"After a break of twenty seven hot days I am back. It was so hot back in India that I could not go for running at all. Now in Brussels, the weather is nice so I started it again.

I lost the stamina a bit but will gain soon.😎",2026-07-30_07-37-35_hk_1785389855.fit,323,2026-07-30T05:42:58.000Z,322.000,767.93,174,222,76,2.456,29.95,50.817564,4.396788
2026-07-30,Running,Morning Run,"After a break of twenty seven hot days I am back. It was so hot back in India that I could not go for running at all. Now in Brussels, the weather is nice so I started it again.

I lost the stamina a bit but will gain soon.😎",2026-07-30_07-37-35_hk_1785389855.fit,324,2026-07-30T05:42:59.000Z,323.000,770.2,174,224,76,2.441,29.96,50.817582,4.396752
2026-07-30,Running,Morning Run,"After a break of twenty seven hot days I am back. It was so hot back in India that I could not go for running at all. Now in Brussels, the weather is nice so I started it again.

I lost the stamina a bit but will gain soon.😎",2026-07-30_07-37-35_hk_1785389855.fit,325,2026-07-30T05:43:00.000Z,324.000,773.4,175,224,76,2.516,29.97,50.8176,4.396716
2026-07-30,Running,Morning Run,"After a break of twenty seven hot days I am back. It was so hot back in India that I could not go for running at all. Now in Brussels, the weather is nice so I started it again.

I lost the stamina a bit but will gain soon.😎",2026-07-30_07-37-35_hk_1785389855.fit,326,2026-07-30T05:43:01.000Z,325.000,776.6,175,227,76,2.572,29.97,50.8176,4.396698
2026-07-30,Running,Morning Run,"After a break of twenty seven hot days I am back. It was so hot back in India that I could not go for running at all. Now in Brussels, the weather is nice so I started it again.

I lost the stamina a bit but will gain soon.😎",2026-07-30_07-37-35_hk_1785389855.fit,327,2026-07-30T05:43:02.000Z,326.000,778.59,175,227,76,2.508,29.98,50.817618,4.396662
2026-07-30,Running,Morning Run,"After a break of twenty seven hot days I am back. It was so hot back in India that I could not go for running at all. Now in Brussels, the weather is nice so I started it again.

I lost the stamina a bit but will gain soon.😎",2026-07-30_07-37-35_hk_1785389855.fit,328,2026-07-30T05:43:03.000Z,327.000,780.57,175,227,74,2.483,29.99,50.817636,4.396644
2026-07-30,Running,Morning Run,"After a break of twenty seven hot days I am back. It was so hot back in India that I could not go for running at all. Now in Brussels, the weather is nice so I started it again.

I lost the stamina a bit but will gain soon.😎",2026-07-30_07-37-35_hk_1785389855.fit,329,2026-07-30T05:43:04.000Z,328.000,782.56,175,226,74,2.422,29.99,50.817636,4.396608
2026-07-30,Running,Morning Run,"After a break of twenty seven hot days I am back. It was so hot back in India that I could not go for running at all. Now in Brussels, the weather is nice so I started it again.

I lost the stamina a bit but will gain soon.😎",2026-07-30_07-37-35_hk_1785389855.fit,330,2026-07-30T05:43:05.000Z,329.000,785.94,175,226,74,2.533,30,50.817654,4.39659
2026-07-30,Running,Morning Run,"After a break of twenty seven hot days I am back. It was so hot back in India that I could not go for running at all. Now in Brussels, the weather is nice so I started it again.

I lost the stamina a bit but will gain soon.😎",2026-07-30_07-37-35_hk_1785389855.fit,331,2026-07-30T05:43:06.000Z,330.000,789.31,175,226,76,2.612,30,50.817672,4.396554
2026-07-30,Running,Morning Run,"After a break of twenty seven hot days I am back. It was so hot back in India that I could not go for running at all. Now in Brussels, the weather is nice so I started it again.

I lost the stamina a bit but will gain soon.😎",2026-07-30_07-37-35_hk_1785389855.fit,332,2026-07-30T05:43:07.000Z,331.000,790.89,175,226,76,2.574,30.01,50.81769,4.396536
2026-07-30,Running,Morning Run,"After a break of twenty seven hot days I am back. It was so hot back in India that I could not go for running at all. Now in Brussels, the weather is nice so I started it again.

I lost the stamina a bit but will gain soon.😎",2026-07-30_07-37-35_hk_1785389855.fit,333,2026-07-30T05:43:08.000Z,332.000,792.46,175,226,76,2.535,30.02,50.81769,4.3965
2026-07-30,Running,Morning Run,"After a break of twenty seven hot days I am back. It was so hot back in India that I could not go for running at all. Now in Brussels, the weather is nice so I started it again.

I lost the stamina a bit but will gain soon.😎",2026-07-30_07-37-35_hk_1785389855.fit,334,2026-07-30T05:43:09.000Z,333.000,794.04,175,224,73,2.489,30.02,50.817708,4.396482
2026-07-30,Running,Morning Run,"After a break of twenty seven hot days I am back. It was so hot back in India that I could not go for running at all. Now in Brussels, the weather is nice so I started it again.

I lost the stamina a bit but will gain soon.😎",2026-07-30_07-37-35_hk_1785389855.fit,335,2026-07-30T05:43:10.000Z,334.000,796.21,175,224,73,2.481,30.03,50.817726,4.396464
2026-07-30,Running,Morning Run,"After a break of twenty seven hot days I am back. It was so hot back in India that I could not go for running at all. Now in Brussels, the weather is nice so I started it again.

I lost the stamina a bit but will gain soon.😎",2026-07-30_07-37-35_hk_1785389855.fit,336,2026-07-30T05:43:11.000Z,335.000,798.37,175,224,73,2.438,30.04,50.817744,4.396446
2026-07-30,Running,Morning Run,"After a break of twenty seven hot days I am back. It was so hot back in India that I could not go for running at all. Now in Brussels, the weather is nice so I started it again.

I lost the stamina a bit but will gain soon.😎",2026-07-30_07-37-35_hk_1785389855.fit,337,2026-07-30T05:43:12.000Z,336.000,800.54,176,224,76,2.395,30.04,50.817744,4.39641
2026-07-30,Running,Morning Run,"After a break of twenty seven hot days I am back. It was so hot back in India that I could not go for running at all. Now in Brussels, the weather is nice so I started it again.

I lost the stamina a bit but will gain soon.😎",2026-07-30_07-37-35_hk_1785389855.fit,338,2026-07-30T05:43:13.000Z,337.000,804.29,176,224,76,2.463,30.05,50.817762,4.396392
2026-07-30,Running,Morning Run,"After a break of twenty seven hot days I am back. It was so hot back in India that I could not go for running at all. Now in Brussels, the weather is nice so I started it again.

I lost the stamina a bit but will gain soon.😎",2026-07-30_07-37-35_hk_1785389855.fit,339,2026-07-30T05:43:14.000Z,338.000,808.03,176,227,76,2.543,30.06,50.81778,4.396356
2026-07-30,Running,Morning Run,"After a break of twenty seven hot days I am back. It was so hot back in India that I could not go for running at all. Now in Brussels, the weather is nice so I started it again.

I lost the stamina a bit but will gain soon.😎",2026-07-30_07-37-35_hk_1785389855.fit,340,2026-07-30T05:43:15.000Z,339.000,810.18,176,227,75,2.524,30.06,50.817798,4.396338
2026-07-30,Running,Morning Run,"After a break of twenty seven hot days I am back. It was so hot back in India that I could not go for running at all. Now in Brussels, the weather is nice so I started it again.

I lost the stamina a bit but will gain soon.😎",2026-07-30_07-37-35_hk_1785389855.fit,341,2026-07-30T05:43:16.000Z,340.000,812.33,178,227,75,2.478,30.07,50.817798,4.396302
2026-07-30,Running,Morning Run,"After a break of twenty seven hot days I am back. It was so hot back in India that I could not go for running at all. Now in Brussels, the weather is nice so I started it again.

I lost the stamina a bit but will gain soon.😎",2026-07-30_07-37-35_hk_1785389855.fit,342,2026-07-30T05:43:17.000Z,341.000,814.48,178,229,75,2.432,30.07,50.817816,4.396266
2026-07-30,Running,Morning Run,"After a break of twenty seven hot days I am back. It was so hot back in India that I could not go for running at all. Now in Brussels, the weather is nice so I started it again.

I lost the stamina a bit but will gain soon.😎",2026-07-30_07-37-35_hk_1785389855.fit,343,2026-07-30T05:43:18.000Z,342.000,817.51,178,229,75,2.469,30.07,50.817834,4.396248
2026-07-30,Running,Morning Run,"After a break of twenty seven hot days I am back. It was so hot back in India that I could not go for running at all. Now in Brussels, the weather is nice so I started it again.

I lost the stamina a bit but will gain soon.😎",2026-07-30_07-37-35_hk_1785389855.fit,344,2026-07-30T05:43:19.000Z,343.000,820.55,178,227,75,2.518,30.08,50.817852,4.396212
2026-07-30,Running,Morning Run,"After a break of twenty seven hot days I am back. It was so hot back in India that I could not go for running at all. Now in Brussels, the weather is nice so I started it again.

I lost the stamina a bit but will gain soon.😎",2026-07-30_07-37-35_hk_1785389855.fit,345,2026-07-30T05:43:20.000Z,344.000,822.3,178,227,75,2.481,30.08,50.817852,4.396194
2026-07-30,Running,Morning Run,"After a break of twenty seven hot days I am back. It was so hot back in India that I could not go for running at all. Now in Brussels, the weather is nice so I started it again.

I lost the stamina a bit but will gain soon.😎",2026-07-30_07-37-35_hk_1785389855.fit,346,2026-07-30T05:43:21.000Z,345.000,824.05,178,227,74,2.412,30.08,50.81787,4.396176
2026-07-30,Running,Morning Run,"After a break of twenty seven hot days I am back. It was so hot back in India that I could not go for running at all. Now in Brussels, the weather is nice so I started it again.

I lost the stamina a bit but will gain soon.😎",2026-07-30_07-37-35_hk_1785389855.fit,347,2026-07-30T05:43:22.000Z,346.000,825.8,178,226,74,2.382,30.09,50.817888,4.396158
2026-07-30,Running,Morning Run,"After a break of twenty seven hot days I am back. It was so hot back in India that I could not go for running at all. Now in Brussels, the weather is nice so I started it again.

I lost the stamina a bit but will gain soon.😎",2026-07-30_07-37-35_hk_1785389855.fit,348,2026-07-30T05:43:23.000Z,347.000,829.6,178,226,74,2.429,30.09,50.817906,4.396122
2026-07-30,Running,Morning Run,"After a break of twenty seven hot days I am back. It was so hot back in India that I could not go for running at all. Now in Brussels, the weather is nice so I started it again.

I lost the stamina a bit but will gain soon.😎",2026-07-30_07-37-35_hk_1785389855.fit,349,2026-07-30T05:43:24.000Z,348.000,833.39,178,226,76,2.542,30.09,50.817924,4.396104
2026-07-30,Running,Morning Run,"After a break of twenty seven hot days I am back. It was so hot back in India that I could not go for running at all. Now in Brussels, the weather is nice so I started it again.

I lost the stamina a bit but will gain soon.😎",2026-07-30_07-37-35_hk_1785389855.fit,350,2026-07-30T05:43:25.000Z,349.000,835.56,178,226,76,2.524,30.09,50.817942,4.396086
2026-07-30,Running,Morning Run,"After a break of twenty seven hot days I am back. It was so hot back in India that I could not go for running at all. Now in Brussels, the weather is nice so I started it again.

I lost the stamina a bit but will gain soon.😎",2026-07-30_07-37-35_hk_1785389855.fit,351,2026-07-30T05:43:26.000Z,350.000,837.72,178,226,76,2.466,30.1,50.81796,4.39605
2026-07-30,Running,Morning Run,"After a break of twenty seven hot days I am back. It was so hot back in India that I could not go for running at all. Now in Brussels, the weather is nice so I started it again.

I lost the stamina a bit but will gain soon.😎",2026-07-30_07-37-35_hk_1785389855.fit,352,2026-07-30T05:43:27.000Z,351.000,839.89,178,228,76,2.408,30.1,50.81796,4.396032
2026-07-30,Running,Morning Run,"After a break of twenty seven hot days I am back. It was so hot back in India that I could not go for running at all. Now in Brussels, the weather is nice so I started it again.

I lost the stamina a bit but will gain soon.😎",2026-07-30_07-37-35_hk_1785389855.fit,353,2026-07-30T05:43:28.000Z,352.000,841.97,178,228,76,2.433,30.1,50.817978,4.395996
2026-07-30,Running,Morning Run,"After a break of twenty seven hot days I am back. It was so hot back in India that I could not go for running at all. Now in Brussels, the weather is nice so I started it again.

I lost the stamina a bit but will gain soon.😎",2026-07-30_07-37-35_hk_1785389855.fit,354,2026-07-30T05:43:29.000Z,353.000,844.06,178,228,76,2.501,30.1,50.817996,4.39596
2026-07-30,Running,Morning Run,"After a break of twenty seven hot days I am back. It was so hot back in India that I could not go for running at all. Now in Brussels, the weather is nice so I started it again.

I lost the stamina a bit but will gain soon.😎",2026-07-30_07-37-35_hk_1785389855.fit,355,2026-07-30T05:43:30.000Z,354.000,846.14,180,229,74,2.481,30.1,50.818014,4.395942
2026-07-30,Running,Morning Run,"After a break of twenty seven hot days I am back. It was so hot back in India that I could not go for running at all. Now in Brussels, the weather is nice so I started it again.

I lost the stamina a bit but will gain soon.😎",2026-07-30_07-37-35_hk_1785389855.fit,356,2026-07-30T05:43:31.000Z,355.000,850.41,180,229,74,2.602,30.1,50.818032,4.395924
2026-07-30,Running,Morning Run,"After a break of twenty seven hot days I am back. It was so hot back in India that I could not go for running at all. Now in Brussels, the weather is nice so I started it again.

I lost the stamina a bit but will gain soon.😎",2026-07-30_07-37-35_hk_1785389855.fit,357,2026-07-30T05:43:32.000Z,356.000,854.69,180,230,74,2.653,30.1,50.81805,4.395888
2026-07-30,Running,Morning Run,"After a break of twenty seven hot days I am back. It was so hot back in India that I could not go for running at all. Now in Brussels, the weather is nice so I started it again.

I lost the stamina a bit but will gain soon.😎",2026-07-30_07-37-35_hk_1785389855.fit,358,2026-07-30T05:43:33.000Z,357.000,856.89,180,230,75,2.63,30.1,50.818068,4.39587
2026-07-30,Running,Morning Run,"After a break of twenty seven hot days I am back. It was so hot back in India that I could not go for running at all. Now in Brussels, the weather is nice so I started it again.

I lost the stamina a bit but will gain soon.😎",2026-07-30_07-37-35_hk_1785389855.fit,359,2026-07-30T05:43:34.000Z,358.000,859.09,180,230,75,2.553,30.1,50.818086,4.395852
2026-07-30,Running,Morning Run,"After a break of twenty seven hot days I am back. It was so hot back in India that I could not go for running at all. Now in Brussels, the weather is nice so I started it again.

I lost the stamina a bit but will gain soon.😎",2026-07-30_07-37-35_hk_1785389855.fit,360,2026-07-30T05:43:35.000Z,359.000,861.3,180,232,75,2.556,30.1,50.818122,4.395816
2026-07-30,Running,Morning Run,"After a break of twenty seven hot days I am back. It was so hot back in India that I could not go for running at all. Now in Brussels, the weather is nice so I started it again.

I lost the stamina a bit but will gain soon.😎",2026-07-30_07-37-35_hk_1785389855.fit,361,2026-07-30T05:43:36.000Z,360.000,864.2,180,232,75,2.594,30.1,50.81814,4.395816
2026-07-30,Running,Morning Run,"After a break of twenty seven hot days I am back. It was so hot back in India that I could not go for running at all. Now in Brussels, the weather is nice so I started it again.

I lost the stamina a bit but will gain soon.😎",2026-07-30_07-37-35_hk_1785389855.fit,362,2026-07-30T05:43:37.000Z,361.000,867.1,180,227,75,2.631,30.1,50.818158,4.395798
2026-07-30,Running,Morning Run,"After a break of twenty seven hot days I am back. It was so hot back in India that I could not go for running at all. Now in Brussels, the weather is nice so I started it again.

I lost the stamina a bit but will gain soon.😎",2026-07-30_07-37-35_hk_1785389855.fit,363,2026-07-30T05:43:38.000Z,362.000,869.23,180,227,75,2.586,30.1,50.818176,4.39578
2026-07-30,Running,Morning Run,"After a break of twenty seven hot days I am back. It was so hot back in India that I could not go for running at all. Now in Brussels, the weather is nice so I started it again.

I lost the stamina a bit but will gain soon.😎",2026-07-30_07-37-35_hk_1785389855.fit,364,2026-07-30T05:43:39.000Z,363.000,871.36,180,227,76,2.541,30.1,50.818194,4.39578
2026-07-30,Running,Morning Run,"After a break of twenty seven hot days I am back. It was so hot back in India that I could not go for running at all. Now in Brussels, the weather is nice so I started it again.

I lost the stamina a bit but will gain soon.😎",2026-07-30_07-37-35_hk_1785389855.fit,365,2026-07-30T05:43:40.000Z,364.000,873.49,180,229,76,2.559,30.1,50.818212,4.395762
2026-07-30,Running,Morning Run,"After a break of twenty seven hot days I am back. It was so hot back in India that I could not go for running at all. Now in Brussels, the weather is nice so I started it again.

I lost the stamina a bit but will gain soon.😎",2026-07-30_07-37-35_hk_1785389855.fit,366,2026-07-30T05:43:41.000Z,365.000,877.11,180,229,76,2.7,30.1,50.81823,4.395744
2026-07-30,Running,Morning Run,"After a break of twenty seven hot days I am back. It was so hot back in India that I could not go for running at all. Now in Brussels, the weather is nice so I started it again.

I lost the stamina a bit but will gain soon.😎",2026-07-30_07-37-35_hk_1785389855.fit,367,2026-07-30T05:43:42.000Z,366.000,880.72,179,228,76,2.69,30.1,50.818248,4.395708
2026-07-30,Running,Morning Run,"After a break of twenty seven hot days I am back. It was so hot back in India that I could not go for running at all. Now in Brussels, the weather is nice so I started it again.

I lost the stamina a bit but will gain soon.😎",2026-07-30_07-37-35_hk_1785389855.fit,368,2026-07-30T05:43:43.000Z,367.000,882.6,179,228,76,2.65,30.09,50.818266,4.39569
2026-07-30,Running,Morning Run,"After a break of twenty seven hot days I am back. It was so hot back in India that I could not go for running at all. Now in Brussels, the weather is nice so I started it again.

I lost the stamina a bit but will gain soon.😎",2026-07-30_07-37-35_hk_1785389855.fit,369,2026-07-30T05:43:44.000Z,368.000,884.49,179,228,76,2.555,30.09,50.818284,4.395672
2026-07-30,Running,Morning Run,"After a break of twenty seven hot days I am back. It was so hot back in India that I could not go for running at all. Now in Brussels, the weather is nice so I started it again.

I lost the stamina a bit but will gain soon.😎",2026-07-30_07-37-35_hk_1785389855.fit,370,2026-07-30T05:43:45.000Z,369.000,886.38,179,148,76,2.541,30.09,50.818302,4.395654
2026-07-30,Running,Morning Run,"After a break of twenty seven hot days I am back. It was so hot back in India that I could not go for running at all. Now in Brussels, the weather is nice so I started it again.

I lost the stamina a bit but will gain soon.😎",2026-07-30_07-37-35_hk_1785389855.fit,371,2026-07-30T05:43:46.000Z,370.000,889.1,179,148,76,2.569,30.08,50.81832,4.395636
2026-07-30,Running,Morning Run,"After a break of twenty seven hot days I am back. It was so hot back in India that I could not go for running at all. Now in Brussels, the weather is nice so I started it again.

I lost the stamina a bit but will gain soon.😎",2026-07-30_07-37-35_hk_1785389855.fit,372,2026-07-30T05:43:47.000Z,371.000,891.82,179,147,76,2.596,30.08,50.818338,4.395636
2026-07-30,Running,Morning Run,"After a break of twenty seven hot days I am back. It was so hot back in India that I could not go for running at all. Now in Brussels, the weather is nice so I started it again.

I lost the stamina a bit but will gain soon.😎",2026-07-30_07-37-35_hk_1785389855.fit,373,2026-07-30T05:43:48.000Z,372.000,894.14,179,147,74,2.636,30.07,50.818356,4.395618
2026-07-30,Running,Morning Run,"After a break of twenty seven hot days I am back. It was so hot back in India that I could not go for running at all. Now in Brussels, the weather is nice so I started it again.

I lost the stamina a bit but will gain soon.😎",2026-07-30_07-37-35_hk_1785389855.fit,374,2026-07-30T05:43:49.000Z,373.000,896.46,179,147,74,2.648,30.07,50.818392,4.3956
2026-07-30,Running,Morning Run,"After a break of twenty seven hot days I am back. It was so hot back in India that I could not go for running at all. Now in Brussels, the weather is nice so I started it again.

I lost the stamina a bit but will gain soon.😎",2026-07-30_07-37-35_hk_1785389855.fit,375,2026-07-30T05:43:50.000Z,374.000,898.78,179,149,74,2.632,30.06,50.81841,4.395582
2026-07-30,Running,Morning Run,"After a break of twenty seven hot days I am back. It was so hot back in India that I could not go for running at all. Now in Brussels, the weather is nice so I started it again.

I lost the stamina a bit but will gain soon.😎",2026-07-30_07-37-35_hk_1785389855.fit,376,2026-07-30T05:43:51.000Z,375.000,900.92,179,149,75,2.526,30.06,50.818428,4.395546
2026-07-30,Running,Morning Run,"After a break of twenty seven hot days I am back. It was so hot back in India that I could not go for running at all. Now in Brussels, the weather is nice so I started it again.

I lost the stamina a bit but will gain soon.😎",2026-07-30_07-37-35_hk_1785389855.fit,377,2026-07-30T05:43:52.000Z,376.000,903.07,178,149,75,2.507,30.05,50.818428,4.395528
2026-07-30,Running,Morning Run,"After a break of twenty seven hot days I am back. It was so hot back in India that I could not go for running at all. Now in Brussels, the weather is nice so I started it again.

I lost the stamina a bit but will gain soon.😎",2026-07-30_07-37-35_hk_1785389855.fit,378,2026-07-30T05:43:53.000Z,377.000,905.21,178,148,75,2.406,30.05,50.818446,4.395492
2026-07-30,Running,Morning Run,"After a break of twenty seven hot days I am back. It was so hot back in India that I could not go for running at all. Now in Brussels, the weather is nice so I started it again.

I lost the stamina a bit but will gain soon.😎",2026-07-30_07-37-35_hk_1785389855.fit,379,2026-07-30T05:43:54.000Z,378.000,908.2,178,148,73,2.443,30.04,50.818464,4.395474
2026-07-30,Running,Morning Run,"After a break of twenty seven hot days I am back. It was so hot back in India that I could not go for running at all. Now in Brussels, the weather is nice so I started it again.

I lost the stamina a bit but will gain soon.😎",2026-07-30_07-37-35_hk_1785389855.fit,380,2026-07-30T05:43:55.000Z,379.000,911.19,179,147,73,2.481,30.03,50.818482,4.395456
2026-07-30,Running,Morning Run,"After a break of twenty seven hot days I am back. It was so hot back in India that I could not go for running at all. Now in Brussels, the weather is nice so I started it again.

I lost the stamina a bit but will gain soon.😎",2026-07-30_07-37-35_hk_1785389855.fit,381,2026-07-30T05:43:56.000Z,380.000,913.72,179,147,73,2.496,30.03,50.8185,4.395438
2026-07-30,Running,Morning Run,"After a break of twenty seven hot days I am back. It was so hot back in India that I could not go for running at all. Now in Brussels, the weather is nice so I started it again.

I lost the stamina a bit but will gain soon.😎",2026-07-30_07-37-35_hk_1785389855.fit,382,2026-07-30T05:43:57.000Z,381.000,916.24,179,147,75,2.478,30.02,50.818518,4.39542
2026-07-30,Running,Morning Run,"After a break of twenty seven hot days I am back. It was so hot back in India that I could not go for running at all. Now in Brussels, the weather is nice so I started it again.

I lost the stamina a bit but will gain soon.😎",2026-07-30_07-37-35_hk_1785389855.fit,383,2026-07-30T05:43:58.000Z,382.000,918.76,179,149,75,2.46,30.02,50.818536,4.395402
2026-07-30,Running,Morning Run,"After a break of twenty seven hot days I am back. It was so hot back in India that I could not go for running at all. Now in Brussels, the weather is nice so I started it again.

I lost the stamina a bit but will gain soon.😎",2026-07-30_07-37-35_hk_1785389855.fit,384,2026-07-30T05:43:59.000Z,383.000,921.97,179,149,75,2.53,30.01,50.818572,4.395366
2026-07-30,Running,Morning Run,"After a break of twenty seven hot days I am back. It was so hot back in India that I could not go for running at all. Now in Brussels, the weather is nice so I started it again.

I lost the stamina a bit but will gain soon.😎",2026-07-30_07-37-35_hk_1785389855.fit,385,2026-07-30T05:44:00.000Z,384.000,925.18,179,150,73,2.584,30,50.81859,4.395348
2026-07-30,Running,Morning Run,"After a break of twenty seven hot days I am back. It was so hot back in India that I could not go for running at all. Now in Brussels, the weather is nice so I started it again.

I lost the stamina a bit but will gain soon.😎",2026-07-30_07-37-35_hk_1785389855.fit,386,2026-07-30T05:44:01.000Z,385.000,927.4,179,150,73,2.515,30,50.818608,4.39533
2026-07-30,Running,Morning Run,"After a break of twenty seven hot days I am back. It was so hot back in India that I could not go for running at all. Now in Brussels, the weather is nice so I started it again.

I lost the stamina a bit but will gain soon.😎",2026-07-30_07-37-35_hk_1785389855.fit,387,2026-07-30T05:44:02.000Z,386.000,929.62,179,150,73,2.501,29.99,50.818626,4.395312
2026-07-30,Running,Morning Run,"After a break of twenty seven hot days I am back. It was so hot back in India that I could not go for running at all. Now in Brussels, the weather is nice so I started it again.

I lost the stamina a bit but will gain soon.😎",2026-07-30_07-37-35_hk_1785389855.fit,388,2026-07-30T05:44:03.000Z,387.000,931.84,179,151,76,2.434,29.98,50.818644,4.395294
2026-07-30,Running,Morning Run,"After a break of twenty seven hot days I am back. It was so hot back in India that I could not go for running at all. Now in Brussels, the weather is nice so I started it again.

I lost the stamina a bit but will gain soon.😎",2026-07-30_07-37-35_hk_1785389855.fit,389,2026-07-30T05:44:04.000Z,388.000,935.47,179,151,76,2.549,29.98,50.818662,4.395258
2026-07-30,Running,Morning Run,"After a break of twenty seven hot days I am back. It was so hot back in India that I could not go for running at all. Now in Brussels, the weather is nice so I started it again.

I lost the stamina a bit but will gain soon.😎",2026-07-30_07-37-35_hk_1785389855.fit,390,2026-07-30T05:44:05.000Z,389.000,939.1,179,152,76,2.632,29.97,50.818698,4.39524
2026-07-30,Running,Morning Run,"After a break of twenty seven hot days I am back. It was so hot back in India that I could not go for running at all. Now in Brussels, the weather is nice so I started it again.

I lost the stamina a bit but will gain soon.😎",2026-07-30_07-37-35_hk_1785389855.fit,391,2026-07-30T05:44:06.000Z,390.000,941.06,179,152,75,2.598,29.97,50.818716,4.395222
2026-07-30,Running,Morning Run,"After a break of twenty seven hot days I am back. It was so hot back in India that I could not go for running at all. Now in Brussels, the weather is nice so I started it again.

I lost the stamina a bit but will gain soon.😎",2026-07-30_07-37-35_hk_1785389855.fit,392,2026-07-30T05:44:07.000Z,391.000,943.02,179,152,75,2.56,29.96,50.818734,4.395204
2026-07-30,Running,Morning Run,"After a break of twenty seven hot days I am back. It was so hot back in India that I could not go for running at all. Now in Brussels, the weather is nice so I started it again.

I lost the stamina a bit but will gain soon.😎",2026-07-30_07-37-35_hk_1785389855.fit,393,2026-07-30T05:44:08.000Z,392.000,944.98,179,151,75,2.542,29.95,50.818752,4.395186
2026-07-30,Running,Morning Run,"After a break of twenty seven hot days I am back. It was so hot back in India that I could not go for running at all. Now in Brussels, the weather is nice so I started it again.

I lost the stamina a bit but will gain soon.😎",2026-07-30_07-37-35_hk_1785389855.fit,394,2026-07-30T05:44:09.000Z,393.000,948.24,179,151,74,2.589,29.95,50.81877,4.395168
2026-07-30,Running,Morning Run,"After a break of twenty seven hot days I am back. It was so hot back in India that I could not go for running at all. Now in Brussels, the weather is nice so I started it again.

I lost the stamina a bit but will gain soon.😎",2026-07-30_07-37-35_hk_1785389855.fit,395,2026-07-30T05:44:10.000Z,394.000,951.49,179,153,74,2.662,29.94,50.818788,4.39515
2026-07-30,Running,Morning Run,"After a break of twenty seven hot days I am back. It was so hot back in India that I could not go for running at all. Now in Brussels, the weather is nice so I started it again.

I lost the stamina a bit but will gain soon.😎",2026-07-30_07-37-35_hk_1785389855.fit,396,2026-07-30T05:44:11.000Z,395.000,953.46,178,153,74,2.652,29.93,50.818806,4.395132
2026-07-30,Running,Morning Run,"After a break of twenty seven hot days I am back. It was so hot back in India that I could not go for running at all. Now in Brussels, the weather is nice so I started it again.

I lost the stamina a bit but will gain soon.😎",2026-07-30_07-37-35_hk_1785389855.fit,397,2026-07-30T05:44:12.000Z,396.000,955.43,178,153,74,2.643,29.93,50.818824,4.395114
2026-07-30,Running,Morning Run,"After a break of twenty seven hot days I am back. It was so hot back in India that I could not go for running at all. Now in Brussels, the weather is nice so I started it again.

I lost the stamina a bit but will gain soon.😎",2026-07-30_07-37-35_hk_1785389855.fit,398,2026-07-30T05:44:13.000Z,397.000,957.4,178,153,74,2.61,29.92,50.818842,4.395096
2026-07-30,Running,Morning Run,"After a break of twenty seven hot days I am back. It was so hot back in India that I could not go for running at all. Now in Brussels, the weather is nice so I started it again.

I lost the stamina a bit but will gain soon.😎",2026-07-30_07-37-35_hk_1785389855.fit,399,2026-07-30T05:44:14.000Z,398.000,960.05,178,153,74,2.592,29.92,50.818878,4.39506
2026-07-30,Running,Morning Run,"After a break of twenty seven hot days I am back. It was so hot back in India that I could not go for running at all. Now in Brussels, the weather is nice so I started it again.

I lost the stamina a bit but will gain soon.😎",2026-07-30_07-37-35_hk_1785389855.fit,400,2026-07-30T05:44:15.000Z,399.000,962.7,178,153,75,2.575,29.91,50.818896,4.395042
2026-07-30,Running,Morning Run,"After a break of twenty seven hot days I am back. It was so hot back in India that I could not go for running at all. Now in Brussels, the weather is nice so I started it again.

I lost the stamina a bit but will gain soon.😎",2026-07-30_07-37-35_hk_1785389855.fit,401,2026-07-30T05:44:16.000Z,400.000,965.35,178,155,75,2.582,29.91,50.818914,4.395024
2026-07-30,Running,Morning Run,"After a break of twenty seven hot days I am back. It was so hot back in India that I could not go for running at all. Now in Brussels, the weather is nice so I started it again.

I lost the stamina a bit but will gain soon.😎",2026-07-30_07-37-35_hk_1785389855.fit,402,2026-07-30T05:44:17.000Z,401.000,967.63,178,155,75,2.57,29.9,50.818914,4.395006
2026-07-30,Running,Morning Run,"After a break of twenty seven hot days I am back. It was so hot back in India that I could not go for running at all. Now in Brussels, the weather is nice so I started it again.

I lost the stamina a bit but will gain soon.😎",2026-07-30_07-37-35_hk_1785389855.fit,403,2026-07-30T05:44:18.000Z,402.000,969.92,178,151,76,2.558,29.89,50.818932,4.395006
2026-07-30,Running,Morning Run,"After a break of twenty seven hot days I am back. It was so hot back in India that I could not go for running at all. Now in Brussels, the weather is nice so I started it again.

I lost the stamina a bit but will gain soon.😎",2026-07-30_07-37-35_hk_1785389855.fit,404,2026-07-30T05:44:19.000Z,403.000,971.15,178,151,76,2.495,29.89,50.81895,4.394988
2026-07-30,Running,Morning Run,"After a break of twenty seven hot days I am back. It was so hot back in India that I could not go for running at all. Now in Brussels, the weather is nice so I started it again.

I lost the stamina a bit but will gain soon.😎",2026-07-30_07-37-35_hk_1785389855.fit,405,2026-07-30T05:44:20.000Z,404.000,972.39,177,151,76,2.401,29.88,50.81895,4.39497
2026-07-30,Running,Morning Run,"After a break of twenty seven hot days I am back. It was so hot back in India that I could not go for running at all. Now in Brussels, the weather is nice so I started it again.

I lost the stamina a bit but will gain soon.😎",2026-07-30_07-37-35_hk_1785389855.fit,406,2026-07-30T05:44:21.000Z,405.000,973.62,177,145,73,2.348,29.87,50.818968,4.394952
2026-07-30,Running,Morning Run,"After a break of twenty seven hot days I am back. It was so hot back in India that I could not go for running at all. Now in Brussels, the weather is nice so I started it again.

I lost the stamina a bit but will gain soon.😎",2026-07-30_07-37-35_hk_1785389855.fit,407,2026-07-30T05:44:22.000Z,406.000,977.68,177,145,73,2.395,29.86,50.818986,4.394916
2026-07-30,Running,Morning Run,"After a break of twenty seven hot days I am back. It was so hot back in India that I could not go for running at all. Now in Brussels, the weather is nice so I started it again.

I lost the stamina a bit but will gain soon.😎",2026-07-30_07-37-35_hk_1785389855.fit,408,2026-07-30T05:44:23.000Z,407.000,981.74,177,150,73,2.482,29.86,50.819004,4.394898
2026-07-30,Running,Morning Run,"After a break of twenty seven hot days I am back. It was so hot back in India that I could not go for running at all. Now in Brussels, the weather is nice so I started it again.

I lost the stamina a bit but will gain soon.😎",2026-07-30_07-37-35_hk_1785389855.fit,409,2026-07-30T05:44:24.000Z,408.000,983.95,177,150,75,2.481,29.85,50.819022,4.394862
2026-07-30,Running,Morning Run,"After a break of twenty seven hot days I am back. It was so hot back in India that I could not go for running at all. Now in Brussels, the weather is nice so I started it again.

I lost the stamina a bit but will gain soon.😎",2026-07-30_07-37-35_hk_1785389855.fit,410,2026-07-30T05:44:25.000Z,409.000,986.15,177,150,75,2.413,29.84,50.81904,4.394844
2026-07-30,Running,Morning Run,"After a break of twenty seven hot days I am back. It was so hot back in India that I could not go for running at all. Now in Brussels, the weather is nice so I started it again.

I lost the stamina a bit but will gain soon.😎",2026-07-30_07-37-35_hk_1785389855.fit,411,2026-07-30T05:44:26.000Z,410.000,988.35,177,151,75,2.404,29.83,50.819058,4.394808
2026-07-30,Running,Morning Run,"After a break of twenty seven hot days I am back. It was so hot back in India that I could not go for running at all. Now in Brussels, the weather is nice so I started it again.

I lost the stamina a bit but will gain soon.😎",2026-07-30_07-37-35_hk_1785389855.fit,412,2026-07-30T05:44:27.000Z,411.000,991.97,177,151,75,2.424,29.82,50.819076,4.39479
2026-07-30,Running,Morning Run,"After a break of twenty seven hot days I am back. It was so hot back in India that I could not go for running at all. Now in Brussels, the weather is nice so I started it again.

I lost the stamina a bit but will gain soon.😎",2026-07-30_07-37-35_hk_1785389855.fit,413,2026-07-30T05:44:28.000Z,412.000,995.6,177,155,75,2.531,29.82,50.819094,4.394754
2026-07-30,Running,Morning Run,"After a break of twenty seven hot days I am back. It was so hot back in India that I could not go for running at all. Now in Brussels, the weather is nice so I started it again.

I lost the stamina a bit but will gain soon.😎",2026-07-30_07-37-35_hk_1785389855.fit,414,2026-07-30T05:44:29.000Z,413.000,998.01,175,155,75,2.525,29.81,50.819112,4.394736
2026-07-30,Running,Morning Run,"After a break of twenty seven hot days I am back. It was so hot back in India that I could not go for running at all. Now in Brussels, the weather is nice so I started it again.

I lost the stamina a bit but will gain soon.😎",2026-07-30_07-37-35_hk_1785389855.fit,415,2026-07-30T05:44:30.000Z,414.000,1000.42,175,155,76,2.485,29.8,50.819148,4.3947
2026-07-30,Running,Morning Run,"After a break of twenty seven hot days I am back. It was so hot back in India that I could not go for running at all. Now in Brussels, the weather is nice so I started it again.

I lost the stamina a bit but will gain soon.😎",2026-07-30_07-37-35_hk_1785389855.fit,416,2026-07-30T05:44:31.000Z,415.000,1002.83,175,158,76,2.445,29.8,50.819166,4.394682
2026-07-30,Running,Morning Run,"After a break of twenty seven hot days I am back. It was so hot back in India that I could not go for running at all. Now in Brussels, the weather is nice so I started it again.

I lost the stamina a bit but will gain soon.😎",2026-07-30_07-37-35_hk_1785389855.fit,417,2026-07-30T05:44:32.000Z,416.000,1005.46,175,158,76,2.501,29.79,50.819184,4.394646
2026-07-30,Running,Morning Run,"After a break of twenty seven hot days I am back. It was so hot back in India that I could not go for running at all. Now in Brussels, the weather is nice so I started it again.

I lost the stamina a bit but will gain soon.😎",2026-07-30_07-37-35_hk_1785389855.fit,418,2026-07-30T05:44:33.000Z,417.000,1008.09,176,158,74,2.534,29.79,50.819202,4.394628
2026-07-30,Running,Morning Run,"After a break of twenty seven hot days I am back. It was so hot back in India that I could not go for running at all. Now in Brussels, the weather is nice so I started it again.

I lost the stamina a bit but will gain soon.😎",2026-07-30_07-37-35_hk_1785389855.fit,419,2026-07-30T05:44:34.000Z,418.000,1010.72,176,161,74,2.533,29.78,50.81922,4.394592
2026-07-30,Running,Morning Run,"After a break of twenty seven hot days I am back. It was so hot back in India that I could not go for running at all. Now in Brussels, the weather is nice so I started it again.

I lost the stamina a bit but will gain soon.😎",2026-07-30_07-37-35_hk_1785389855.fit,420,2026-07-30T05:44:35.000Z,419.000,1015.4,176,161,74,2.634,29.78,50.819256,4.394556
2026-07-30,Running,Morning Run,"After a break of twenty seven hot days I am back. It was so hot back in India that I could not go for running at all. Now in Brussels, the weather is nice so I started it again.

I lost the stamina a bit but will gain soon.😎",2026-07-30_07-37-35_hk_1785389855.fit,421,2026-07-30T05:44:36.000Z,420.000,1020.09,176,165,76,2.787,29.77,50.819274,4.394538
2026-07-30,Running,Morning Run,"After a break of twenty seven hot days I am back. It was so hot back in India that I could not go for running at all. Now in Brussels, the weather is nice so I started it again.

I lost the stamina a bit but will gain soon.😎",2026-07-30_07-37-35_hk_1785389855.fit,422,2026-07-30T05:44:37.000Z,421.000,1022.7,176,165,76,2.96,29.76,50.819292,4.394502
2026-07-30,Running,Morning Run,"After a break of twenty seven hot days I am back. It was so hot back in India that I could not go for running at all. Now in Brussels, the weather is nice so I started it again.

I lost the stamina a bit but will gain soon.😎",2026-07-30_07-37-35_hk_1785389855.fit,423,2026-07-30T05:44:38.000Z,422.000,1025.32,176,165,76,3.041,29.76,50.81931,4.394484
2026-07-30,Running,Morning Run,"After a break of twenty seven hot days I am back. It was so hot back in India that I could not go for running at all. Now in Brussels, the weather is nice so I started it again.

I lost the stamina a bit but will gain soon.😎",2026-07-30_07-37-35_hk_1785389855.fit,424,2026-07-30T05:44:39.000Z,423.000,1027.93,176,167,74,2.956,29.75,50.819346,4.394466
2026-07-30,Running,Morning Run,"After a break of twenty seven hot days I am back. It was so hot back in India that I could not go for running at all. Now in Brussels, the weather is nice so I started it again.

I lost the stamina a bit but will gain soon.😎",2026-07-30_07-37-35_hk_1785389855.fit,425,2026-07-30T05:44:40.000Z,424.000,1032.07,176,167,74,2.961,29.74,50.819364,4.39443
2026-07-30,Running,Morning Run,"After a break of twenty seven hot days I am back. It was so hot back in India that I could not go for running at all. Now in Brussels, the weather is nice so I started it again.

I lost the stamina a bit but will gain soon.😎",2026-07-30_07-37-35_hk_1785389855.fit,426,2026-07-30T05:44:41.000Z,425.000,1036.22,176,168,74,3.129,29.74,50.819382,4.394412
2026-07-30,Running,Morning Run,"After a break of twenty seven hot days I am back. It was so hot back in India that I could not go for running at all. Now in Brussels, the weather is nice so I started it again.

I lost the stamina a bit but will gain soon.😎",2026-07-30_07-37-35_hk_1785389855.fit,427,2026-07-30T05:44:42.000Z,426.000,1038.55,176,168,76,3.137,29.73,50.8194,4.394394
2026-07-30,Running,Morning Run,"After a break of twenty seven hot days I am back. It was so hot back in India that I could not go for running at all. Now in Brussels, the weather is nice so I started it again.

I lost the stamina a bit but will gain soon.😎",2026-07-30_07-37-35_hk_1785389855.fit,428,2026-07-30T05:44:43.000Z,427.000,1040.88,176,168,76,3.09,29.72,50.819418,4.394358
2026-07-30,Running,Morning Run,"After a break of twenty seven hot days I am back. It was so hot back in India that I could not go for running at all. Now in Brussels, the weather is nice so I started it again.

I lost the stamina a bit but will gain soon.😎",2026-07-30_07-37-35_hk_1785389855.fit,429,2026-07-30T05:44:44.000Z,428.000,1043.21,176,168,76,3.014,29.71,50.819454,4.39434
2026-07-30,Running,Morning Run,"After a break of twenty seven hot days I am back. It was so hot back in India that I could not go for running at all. Now in Brussels, the weather is nice so I started it again.

I lost the stamina a bit but will gain soon.😎",2026-07-30_07-37-35_hk_1785389855.fit,430,2026-07-30T05:44:45.000Z,429.000,1047.25,176,168,76,3.038,29.7,50.819472,4.394322
2026-07-30,Running,Morning Run,"After a break of twenty seven hot days I am back. It was so hot back in India that I could not go for running at all. Now in Brussels, the weather is nice so I started it again.

I lost the stamina a bit but will gain soon.😎",2026-07-30_07-37-35_hk_1785389855.fit,431,2026-07-30T05:44:46.000Z,430.000,1051.29,177,168,76,3.179,29.7,50.81949,4.394286
2026-07-30,Running,Morning Run,"After a break of twenty seven hot days I am back. It was so hot back in India that I could not go for running at all. Now in Brussels, the weather is nice so I started it again.

I lost the stamina a bit but will gain soon.😎",2026-07-30_07-37-35_hk_1785389855.fit,432,2026-07-30T05:44:47.000Z,431.000,1053.8,177,168,76,3.185,29.69,50.819508,4.394268
2026-07-30,Running,Morning Run,"After a break of twenty seven hot days I am back. It was so hot back in India that I could not go for running at all. Now in Brussels, the weather is nice so I started it again.

I lost the stamina a bit but will gain soon.😎",2026-07-30_07-37-35_hk_1785389855.fit,433,2026-07-30T05:44:48.000Z,432.000,1056.31,177,168,76,3.178,29.68,50.819526,4.39425
2026-07-30,Running,Morning Run,"After a break of twenty seven hot days I am back. It was so hot back in India that I could not go for running at all. Now in Brussels, the weather is nice so I started it again.

I lost the stamina a bit but will gain soon.😎",2026-07-30_07-37-35_hk_1785389855.fit,434,2026-07-30T05:44:49.000Z,433.000,1058.82,177,168,76,3.171,29.68,50.819562,4.394214
2026-07-30,Running,Morning Run,"After a break of twenty seven hot days I am back. It was so hot back in India that I could not go for running at all. Now in Brussels, the weather is nice so I started it again.

I lost the stamina a bit but will gain soon.😎",2026-07-30_07-37-35_hk_1785389855.fit,435,2026-07-30T05:44:50.000Z,434.000,1062.55,177,168,76,3.239,29.67,50.81958,4.394196
2026-07-30,Running,Morning Run,"After a break of twenty seven hot days I am back. It was so hot back in India that I could not go for running at all. Now in Brussels, the weather is nice so I started it again.

I lost the stamina a bit but will gain soon.😎",2026-07-30_07-37-35_hk_1785389855.fit,436,2026-07-30T05:44:51.000Z,435.000,1066.27,177,166,76,3.179,29.66,50.819598,4.394178
2026-07-30,Running,Morning Run,"After a break of twenty seven hot days I am back. It was so hot back in India that I could not go for running at all. Now in Brussels, the weather is nice so I started it again.

I lost the stamina a bit but will gain soon.😎",2026-07-30_07-37-35_hk_1785389855.fit,437,2026-07-30T05:44:52.000Z,436.000,1068.64,177,166,76,3.132,29.66,50.819616,4.39416
2026-07-30,Running,Morning Run,"After a break of twenty seven hot days I am back. It was so hot back in India that I could not go for running at all. Now in Brussels, the weather is nice so I started it again.

I lost the stamina a bit but will gain soon.😎",2026-07-30_07-37-35_hk_1785389855.fit,438,2026-07-30T05:44:53.000Z,437.000,1071.01,177,166,76,2.996,29.65,50.819634,4.394124
2026-07-30,Running,Morning Run,"After a break of twenty seven hot days I am back. It was so hot back in India that I could not go for running at all. Now in Brussels, the weather is nice so I started it again.

I lost the stamina a bit but will gain soon.😎",2026-07-30_07-37-35_hk_1785389855.fit,439,2026-07-30T05:44:54.000Z,438.000,1073.39,177,167,76,2.981,29.65,50.819652,4.394106
2026-07-30,Running,Morning Run,"After a break of twenty seven hot days I am back. It was so hot back in India that I could not go for running at all. Now in Brussels, the weather is nice so I started it again.

I lost the stamina a bit but will gain soon.😎",2026-07-30_07-37-35_hk_1785389855.fit,440,2026-07-30T05:44:55.000Z,439.000,1075.85,177,167,76,2.973,29.64,50.81967,4.39407
2026-07-30,Running,Morning Run,"After a break of twenty seven hot days I am back. It was so hot back in India that I could not go for running at all. Now in Brussels, the weather is nice so I started it again.

I lost the stamina a bit but will gain soon.😎",2026-07-30_07-37-35_hk_1785389855.fit,441,2026-07-30T05:44:56.000Z,440.000,1078.31,177,167,76,2.964,29.64,50.819706,4.394052
2026-07-30,Running,Morning Run,"After a break of twenty seven hot days I am back. It was so hot back in India that I could not go for running at all. Now in Brussels, the weather is nice so I started it again.

I lost the stamina a bit but will gain soon.😎",2026-07-30_07-37-35_hk_1785389855.fit,442,2026-07-30T05:44:57.000Z,441.000,1080.78,177,169,74,2.936,29.63,50.819724,4.394016
2026-07-30,Running,Morning Run,"After a break of twenty seven hot days I am back. It was so hot back in India that I could not go for running at all. Now in Brussels, the weather is nice so I started it again.

I lost the stamina a bit but will gain soon.😎",2026-07-30_07-37-35_hk_1785389855.fit,443,2026-07-30T05:44:58.000Z,442.000,1085.09,177,169,74,2.945,29.63,50.819742,4.39398
2026-07-30,Running,Morning Run,"After a break of twenty seven hot days I am back. It was so hot back in India that I could not go for running at all. Now in Brussels, the weather is nice so I started it again.

I lost the stamina a bit but will gain soon.😎",2026-07-30_07-37-35_hk_1785389855.fit,444,2026-07-30T05:44:59.000Z,443.000,1089.4,177,171,74,2.991,29.63,50.81976,4.393962
2026-07-30,Running,Morning Run,"After a break of twenty seven hot days I am back. It was so hot back in India that I could not go for running at all. Now in Brussels, the weather is nice so I started it again.

I lost the stamina a bit but will gain soon.😎",2026-07-30_07-37-35_hk_1785389855.fit,445,2026-07-30T05:45:00.000Z,444.000,1091.49,176,171,75,2.977,29.62,50.819778,4.393926
2026-07-30,Running,Morning Run,"After a break of twenty seven hot days I am back. It was so hot back in India that I could not go for running at all. Now in Brussels, the weather is nice so I started it again.

I lost the stamina a bit but will gain soon.😎",2026-07-30_07-37-35_hk_1785389855.fit,446,2026-07-30T05:45:01.000Z,445.000,1093.59,176,171,75,2.963,29.62,50.819796,4.393908
2026-07-30,Running,Morning Run,"After a break of twenty seven hot days I am back. It was so hot back in India that I could not go for running at all. Now in Brussels, the weather is nice so I started it again.

I lost the stamina a bit but will gain soon.😎",2026-07-30_07-37-35_hk_1785389855.fit,447,2026-07-30T05:45:02.000Z,446.000,1095.68,176,171,75,2.915,29.62,50.819814,4.393872
2026-07-30,Running,Morning Run,"After a break of twenty seven hot days I am back. It was so hot back in India that I could not go for running at all. Now in Brussels, the weather is nice so I started it again.

I lost the stamina a bit but will gain soon.😎",2026-07-30_07-37-35_hk_1785389855.fit,448,2026-07-30T05:45:03.000Z,447.000,1099.65,176,171,75,2.911,29.61,50.819832,4.393854
2026-07-30,Running,Morning Run,"After a break of twenty seven hot days I am back. It was so hot back in India that I could not go for running at all. Now in Brussels, the weather is nice so I started it again.

I lost the stamina a bit but will gain soon.😎",2026-07-30_07-37-35_hk_1785389855.fit,449,2026-07-30T05:45:04.000Z,448.000,1103.62,176,172,75,2.907,29.61,50.81985,4.393818
2026-07-30,Running,Morning Run,"After a break of twenty seven hot days I am back. It was so hot back in India that I could not go for running at all. Now in Brussels, the weather is nice so I started it again.

I lost the stamina a bit but will gain soon.😎",2026-07-30_07-37-35_hk_1785389855.fit,450,2026-07-30T05:45:05.000Z,449.000,1105.85,176,172,75,2.892,29.61,50.819868,4.3938
2026-07-30,Running,Morning Run,"After a break of twenty seven hot days I am back. It was so hot back in India that I could not go for running at all. Now in Brussels, the weather is nice so I started it again.

I lost the stamina a bit but will gain soon.😎",2026-07-30_07-37-35_hk_1785389855.fit,451,2026-07-30T05:45:06.000Z,450.000,1108.08,176,172,78,2.876,29.6,50.819886,4.393764
2026-07-30,Running,Morning Run,"After a break of twenty seven hot days I am back. It was so hot back in India that I could not go for running at all. Now in Brussels, the weather is nice so I started it again.

I lost the stamina a bit but will gain soon.😎",2026-07-30_07-37-35_hk_1785389855.fit,452,2026-07-30T05:45:07.000Z,451.000,1110.31,175,171,78,2.86,29.6,50.819904,4.393746
2026-07-30,Running,Morning Run,"After a break of twenty seven hot days I am back. It was so hot back in India that I could not go for running at all. Now in Brussels, the weather is nice so I started it again.

I lost the stamina a bit but will gain soon.😎",2026-07-30_07-37-35_hk_1785389855.fit,453,2026-07-30T05:45:08.000Z,452.000,1113.77,175,171,78,2.845,29.59,50.819922,4.393728
2026-07-30,Running,Morning Run,"After a break of twenty seven hot days I am back. It was so hot back in India that I could not go for running at all. Now in Brussels, the weather is nice so I started it again.

I lost the stamina a bit but will gain soon.😎",2026-07-30_07-37-35_hk_1785389855.fit,454,2026-07-30T05:45:09.000Z,453.000,1117.22,175,173,77,2.83,29.59,50.819958,4.39371
2026-07-30,Running,Morning Run,"After a break of twenty seven hot days I am back. It was so hot back in India that I could not go for running at all. Now in Brussels, the weather is nice so I started it again.

I lost the stamina a bit but will gain soon.😎",2026-07-30_07-37-35_hk_1785389855.fit,455,2026-07-30T05:45:10.000Z,454.000,1119.82,175,173,77,2.843,29.58,50.819976,4.393692
2026-07-30,Running,Morning Run,"After a break of twenty seven hot days I am back. It was so hot back in India that I could not go for running at all. Now in Brussels, the weather is nice so I started it again.

I lost the stamina a bit but will gain soon.😎",2026-07-30_07-37-35_hk_1785389855.fit,456,2026-07-30T05:45:11.000Z,455.000,1122.43,175,173,77,2.856,29.57,50.819994,4.393674
2026-07-30,Running,Morning Run,"After a break of twenty seven hot days I am back. It was so hot back in India that I could not go for running at all. Now in Brussels, the weather is nice so I started it again.

I lost the stamina a bit but will gain soon.😎",2026-07-30_07-37-35_hk_1785389855.fit,457,2026-07-30T05:45:12.000Z,456.000,1125.03,175,173,79,2.869,29.57,50.820012,4.393656
2026-07-30,Running,Morning Run,"After a break of twenty seven hot days I am back. It was so hot back in India that I could not go for running at all. Now in Brussels, the weather is nice so I started it again.

I lost the stamina a bit but will gain soon.😎",2026-07-30_07-37-35_hk_1785389855.fit,458,2026-07-30T05:45:13.000Z,457.000,1127.79,175,173,79,2.885,29.56,50.820048,4.393638
2026-07-30,Running,Morning Run,"After a break of twenty seven hot days I am back. It was so hot back in India that I could not go for running at all. Now in Brussels, the weather is nice so I started it again.

I lost the stamina a bit but will gain soon.😎",2026-07-30_07-37-35_hk_1785389855.fit,459,2026-07-30T05:45:14.000Z,458.000,1130.54,175,172,79,2.902,29.56,50.820066,4.39362
2026-07-30,Running,Morning Run,"After a break of twenty seven hot days I am back. It was so hot back in India that I could not go for running at all. Now in Brussels, the weather is nice so I started it again.

I lost the stamina a bit but will gain soon.😎",2026-07-30_07-37-35_hk_1785389855.fit,460,2026-07-30T05:45:15.000Z,459.000,1132.74,175,172,76,2.886,29.55,50.820084,4.393602
2026-07-30,Running,Morning Run,"After a break of twenty seven hot days I am back. It was so hot back in India that I could not go for running at all. Now in Brussels, the weather is nice so I started it again.

I lost the stamina a bit but will gain soon.😎",2026-07-30_07-37-35_hk_1785389855.fit,461,2026-07-30T05:45:16.000Z,460.000,1134.93,174,172,76,2.85,29.55,50.820102,4.393584
2026-07-30,Running,Morning Run,"After a break of twenty seven hot days I am back. It was so hot back in India that I could not go for running at all. Now in Brussels, the weather is nice so I started it again.

I lost the stamina a bit but will gain soon.😎",2026-07-30_07-37-35_hk_1785389855.fit,462,2026-07-30T05:45:17.000Z,461.000,1137.12,174,172,76,2.739,29.54,50.82012,4.393566
2026-07-30,Running,Morning Run,"After a break of twenty seven hot days I am back. It was so hot back in India that I could not go for running at all. Now in Brussels, the weather is nice so I started it again.

I lost the stamina a bit but will gain soon.😎",2026-07-30_07-37-35_hk_1785389855.fit,463,2026-07-30T05:45:18.000Z,462.000,1139.57,174,172,74,2.641,29.54,50.820156,4.393548
2026-07-30,Running,Morning Run,"After a break of twenty seven hot days I am back. It was so hot back in India that I could not go for running at all. Now in Brussels, the weather is nice so I started it again.

I lost the stamina a bit but will gain soon.😎",2026-07-30_07-37-35_hk_1785389855.fit,464,2026-07-30T05:45:19.000Z,463.000,1142.03,174,172,74,2.66,29.53,50.820174,4.39353
2026-07-30,Running,Morning Run,"After a break of twenty seven hot days I am back. It was so hot back in India that I could not go for running at all. Now in Brussels, the weather is nice so I started it again.

I lost the stamina a bit but will gain soon.😎",2026-07-30_07-37-35_hk_1785389855.fit,465,2026-07-30T05:45:20.000Z,464.000,1144.48,174,172,74,2.678,29.53,50.820192,4.393512
2026-07-30,Running,Morning Run,"After a break of twenty seven hot days I am back. It was so hot back in India that I could not go for running at all. Now in Brussels, the weather is nice so I started it again.

I lost the stamina a bit but will gain soon.😎",2026-07-30_07-37-35_hk_1785389855.fit,466,2026-07-30T05:45:21.000Z,465.000,1147.42,174,172,75,2.723,29.53,50.82021,4.393476
2026-07-30,Running,Morning Run,"After a break of twenty seven hot days I am back. It was so hot back in India that I could not go for running at all. Now in Brussels, the weather is nice so I started it again.

I lost the stamina a bit but will gain soon.😎",2026-07-30_07-37-35_hk_1785389855.fit,467,2026-07-30T05:45:22.000Z,466.000,1150.37,174,171,75,2.669,29.53,50.820228,4.393458
2026-07-30,Running,Morning Run,"After a break of twenty seven hot days I am back. It was so hot back in India that I could not go for running at all. Now in Brussels, the weather is nice so I started it again.

I lost the stamina a bit but will gain soon.😎",2026-07-30_07-37-35_hk_1785389855.fit,468,2026-07-30T05:45:23.000Z,467.000,1153.6,174,171,75,2.698,29.52,50.820246,4.393422
2026-07-30,Running,Morning Run,"After a break of twenty seven hot days I am back. It was so hot back in India that I could not go for running at all. Now in Brussels, the weather is nice so I started it again.

I lost the stamina a bit but will gain soon.😎",2026-07-30_07-37-35_hk_1785389855.fit,469,2026-07-30T05:45:24.000Z,468.000,1156.84,174,171,75,2.684,29.52,50.820264,4.393386
2026-07-30,Running,Morning Run,"After a break of twenty seven hot days I am back. It was so hot back in India that I could not go for running at all. Now in Brussels, the weather is nice so I started it again.

I lost the stamina a bit but will gain soon.😎",2026-07-30_07-37-35_hk_1785389855.fit,470,2026-07-30T05:45:25.000Z,469.000,1160.07,174,176,75,2.736,29.52,50.820282,4.393368
2026-07-30,Running,Morning Run,"After a break of twenty seven hot days I am back. It was so hot back in India that I could not go for running at all. Now in Brussels, the weather is nice so I started it again.

I lost the stamina a bit but will gain soon.😎",2026-07-30_07-37-35_hk_1785389855.fit,471,2026-07-30T05:45:26.000Z,470.000,1164.36,175,176,75,2.811,29.52,50.8203,4.393332
2026-07-30,Running,Morning Run,"After a break of twenty seven hot days I am back. It was so hot back in India that I could not go for running at all. Now in Brussels, the weather is nice so I started it again.

I lost the stamina a bit but will gain soon.😎",2026-07-30_07-37-35_hk_1785389855.fit,472,2026-07-30T05:45:27.000Z,471.000,1168.65,175,181,76,2.857,29.52,50.820318,4.393296
2026-07-30,Running,Morning Run,"After a break of twenty seven hot days I am back. It was so hot back in India that I could not go for running at all. Now in Brussels, the weather is nice so I started it again.

I lost the stamina a bit but will gain soon.😎",2026-07-30_07-37-35_hk_1785389855.fit,473,2026-07-30T05:45:28.000Z,472.000,1171.09,176,181,76,2.848,29.51,50.820336,4.39326
2026-07-30,Running,Morning Run,"After a break of twenty seven hot days I am back. It was so hot back in India that I could not go for running at all. Now in Brussels, the weather is nice so I started it again.

I lost the stamina a bit but will gain soon.😎",2026-07-30_07-37-35_hk_1785389855.fit,474,2026-07-30T05:45:29.000Z,473.000,1173.53,176,181,76,2.839,29.51,50.820354,4.393224
2026-07-30,Running,Morning Run,"After a break of twenty seven hot days I am back. It was so hot back in India that I could not go for running at all. Now in Brussels, the weather is nice so I started it again.

I lost the stamina a bit but will gain soon.😎",2026-07-30_07-37-35_hk_1785389855.fit,475,2026-07-30T05:45:30.000Z,474.000,1175.97,176,182,73,2.83,29.51,50.820372,4.393206
2026-07-30,Running,Morning Run,"After a break of twenty seven hot days I am back. It was so hot back in India that I could not go for running at all. Now in Brussels, the weather is nice so I started it again.

I lost the stamina a bit but will gain soon.😎",2026-07-30_07-37-35_hk_1785389855.fit,476,2026-07-30T05:45:31.000Z,475.000,1180.33,176,182,73,2.919,29.51,50.82039,4.39317
2026-07-30,Running,Morning Run,"After a break of twenty seven hot days I am back. It was so hot back in India that I could not go for running at all. Now in Brussels, the weather is nice so I started it again.

I lost the stamina a bit but will gain soon.😎",2026-07-30_07-37-35_hk_1785389855.fit,477,2026-07-30T05:45:32.000Z,476.000,1184.69,176,182,73,3.056,29.51,50.820408,4.393152
2026-07-30,Running,Morning Run,"After a break of twenty seven hot days I am back. It was so hot back in India that I could not go for running at all. Now in Brussels, the weather is nice so I started it again.

I lost the stamina a bit but will gain soon.😎",2026-07-30_07-37-35_hk_1785389855.fit,478,2026-07-30T05:45:33.000Z,477.000,1186.86,176,182,75,3.055,29.51,50.820426,4.393116
2026-07-30,Running,Morning Run,"After a break of twenty seven hot days I am back. It was so hot back in India that I could not go for running at all. Now in Brussels, the weather is nice so I started it again.

I lost the stamina a bit but will gain soon.😎",2026-07-30_07-37-35_hk_1785389855.fit,479,2026-07-30T05:45:34.000Z,478.000,1189.04,176,182,75,3.054,29.51,50.820444,4.393098
2026-07-30,Running,Morning Run,"After a break of twenty seven hot days I am back. It was so hot back in India that I could not go for running at all. Now in Brussels, the weather is nice so I started it again.

I lost the stamina a bit but will gain soon.😎",2026-07-30_07-37-35_hk_1785389855.fit,480,2026-07-30T05:45:35.000Z,479.000,1191.22,176,179,75,3.038,29.5,50.820462,4.39308
2026-07-30,Running,Morning Run,"After a break of twenty seven hot days I am back. It was so hot back in India that I could not go for running at all. Now in Brussels, the weather is nice so I started it again.

I lost the stamina a bit but will gain soon.😎",2026-07-30_07-37-35_hk_1785389855.fit,481,2026-07-30T05:45:36.000Z,480.000,1193.99,176,179,74,3.057,29.5,50.82048,4.393044
2026-07-30,Running,Morning Run,"After a break of twenty seven hot days I am back. It was so hot back in India that I could not go for running at all. Now in Brussels, the weather is nice so I started it again.

I lost the stamina a bit but will gain soon.😎",2026-07-30_07-37-35_hk_1785389855.fit,482,2026-07-30T05:45:37.000Z,481.000,1196.76,178,179,74,3.075,29.5,50.820498,4.393026
2026-07-30,Running,Morning Run,"After a break of twenty seven hot days I am back. It was so hot back in India that I could not go for running at all. Now in Brussels, the weather is nice so I started it again.

I lost the stamina a bit but will gain soon.😎",2026-07-30_07-37-35_hk_1785389855.fit,483,2026-07-30T05:45:38.000Z,482.000,1199.53,179,179,74,3.065,29.5,50.820534,4.393008
2026-07-30,Running,Morning Run,"After a break of twenty seven hot days I am back. It was so hot back in India that I could not go for running at all. Now in Brussels, the weather is nice so I started it again.

I lost the stamina a bit but will gain soon.😎",2026-07-30_07-37-35_hk_1785389855.fit,484,2026-07-30T05:45:39.000Z,483.000,1202.33,179,179,76,3.056,29.5,50.820552,4.39299
2026-07-30,Running,Morning Run,"After a break of twenty seven hot days I am back. It was so hot back in India that I could not go for running at all. Now in Brussels, the weather is nice so I started it again.

I lost the stamina a bit but will gain soon.😎",2026-07-30_07-37-35_hk_1785389855.fit,485,2026-07-30T05:45:40.000Z,484.000,1205.12,179,174,76,3.031,29.5,50.82057,4.392972
2026-07-30,Running,Morning Run,"After a break of twenty seven hot days I am back. It was so hot back in India that I could not go for running at all. Now in Brussels, the weather is nice so I started it again.

I lost the stamina a bit but will gain soon.😎",2026-07-30_07-37-35_hk_1785389855.fit,486,2026-07-30T05:45:41.000Z,485.000,1207.36,179,174,76,2.972,29.5,50.820588,4.392954
2026-07-30,Running,Morning Run,"After a break of twenty seven hot days I am back. It was so hot back in India that I could not go for running at all. Now in Brussels, the weather is nice so I started it again.

I lost the stamina a bit but will gain soon.😎",2026-07-30_07-37-35_hk_1785389855.fit,487,2026-07-30T05:45:42.000Z,486.000,1209.6,179,174,74,2.931,29.5,50.820606,4.392936
2026-07-30,Running,Morning Run,"After a break of twenty seven hot days I am back. It was so hot back in India that I could not go for running at all. Now in Brussels, the weather is nice so I started it again.

I lost the stamina a bit but will gain soon.😎",2026-07-30_07-37-35_hk_1785389855.fit,488,2026-07-30T05:45:43.000Z,487.000,1211.83,179,211,74,2.876,29.49,50.820624,4.392936
2026-07-30,Running,Morning Run,"After a break of twenty seven hot days I am back. It was so hot back in India that I could not go for running at all. Now in Brussels, the weather is nice so I started it again.

I lost the stamina a bit but will gain soon.😎",2026-07-30_07-37-35_hk_1785389855.fit,489,2026-07-30T05:45:44.000Z,488.000,1215.52,179,211,74,2.842,29.49,50.820642,4.392918
2026-07-30,Running,Morning Run,"After a break of twenty seven hot days I am back. It was so hot back in India that I could not go for running at all. Now in Brussels, the weather is nice so I started it again.

I lost the stamina a bit but will gain soon.😎",2026-07-30_07-37-35_hk_1785389855.fit,490,2026-07-30T05:45:45.000Z,489.000,1219.21,179,203,76,2.809,29.49,50.82066,4.3929
2026-07-30,Running,Morning Run,"After a break of twenty seven hot days I am back. It was so hot back in India that I could not go for running at all. Now in Brussels, the weather is nice so I started it again.

I lost the stamina a bit but will gain soon.😎",2026-07-30_07-37-35_hk_1785389855.fit,491,2026-07-30T05:45:46.000Z,490.000,1220.96,179,203,76,2.754,29.49,50.820678,4.392882
2026-07-30,Running,Morning Run,"After a break of twenty seven hot days I am back. It was so hot back in India that I could not go for running at all. Now in Brussels, the weather is nice so I started it again.

I lost the stamina a bit but will gain soon.😎",2026-07-30_07-37-35_hk_1785389855.fit,492,2026-07-30T05:45:47.000Z,491.000,1222.72,179,203,76,2.718,29.49,50.820714,4.392864
2026-07-30,Running,Morning Run,"After a break of twenty seven hot days I am back. It was so hot back in India that I could not go for running at all. Now in Brussels, the weather is nice so I started it again.

I lost the stamina a bit but will gain soon.😎",2026-07-30_07-37-35_hk_1785389855.fit,493,2026-07-30T05:45:48.000Z,492.000,1224.48,179,199,73,2.681,29.49,50.820732,4.392828
2026-07-30,Running,Morning Run,"After a break of twenty seven hot days I am back. It was so hot back in India that I could not go for running at all. Now in Brussels, the weather is nice so I started it again.

I lost the stamina a bit but will gain soon.😎",2026-07-30_07-37-35_hk_1785389855.fit,494,2026-07-30T05:45:49.000Z,493.000,1227.8,179,199,73,2.728,29.49,50.82075,4.39281
2026-07-30,Running,Morning Run,"After a break of twenty seven hot days I am back. It was so hot back in India that I could not go for running at all. Now in Brussels, the weather is nice so I started it again.

I lost the stamina a bit but will gain soon.😎",2026-07-30_07-37-35_hk_1785389855.fit,495,2026-07-30T05:45:50.000Z,494.000,1231.13,179,198,73,2.674,29.48,50.820768,4.392792
2026-07-30,Running,Morning Run,"After a break of twenty seven hot days I am back. It was so hot back in India that I could not go for running at all. Now in Brussels, the weather is nice so I started it again.

I lost the stamina a bit but will gain soon.😎",2026-07-30_07-37-35_hk_1785389855.fit,496,2026-07-30T05:45:51.000Z,495.000,1233.42,178,198,74,2.654,29.48,50.820768,4.392756
2026-07-30,Running,Morning Run,"After a break of twenty seven hot days I am back. It was so hot back in India that I could not go for running at all. Now in Brussels, the weather is nice so I started it again.

I lost the stamina a bit but will gain soon.😎",2026-07-30_07-37-35_hk_1785389855.fit,497,2026-07-30T05:45:52.000Z,496.000,1235.7,178,198,74,2.551,29.48,50.820786,4.392738
2026-07-30,Running,Morning Run,"After a break of twenty seven hot days I am back. It was so hot back in India that I could not go for running at all. Now in Brussels, the weather is nice so I started it again.

I lost the stamina a bit but will gain soon.😎",2026-07-30_07-37-35_hk_1785389855.fit,498,2026-07-30T05:45:53.000Z,497.000,1237.99,178,194,74,2.556,29.48,50.820804,4.39272
2026-07-30,Running,Morning Run,"After a break of twenty seven hot days I am back. It was so hot back in India that I could not go for running at all. Now in Brussels, the weather is nice so I started it again.

I lost the stamina a bit but will gain soon.😎",2026-07-30_07-37-35_hk_1785389855.fit,499,2026-07-30T05:45:54.000Z,498.000,1241.03,178,194,75,2.599,29.48,50.820822,4.392702
2026-07-30,Running,Morning Run,"After a break of twenty seven hot days I am back. It was so hot back in India that I could not go for running at all. Now in Brussels, the weather is nice so I started it again.

I lost the stamina a bit but will gain soon.😎",2026-07-30_07-37-35_hk_1785389855.fit,500,2026-07-30T05:45:55.000Z,499.000,1244.07,178,192,75,2.636,29.48,50.82084,4.392666
2026-07-30,Running,Morning Run,"After a break of twenty seven hot days I am back. It was so hot back in India that I could not go for running at all. Now in Brussels, the weather is nice so I started it again.

I lost the stamina a bit but will gain soon.😎",2026-07-30_07-37-35_hk_1785389855.fit,501,2026-07-30T05:45:56.000Z,500.000,1245.92,178,192,75,2.597,29.48,50.820858,4.392648
2026-07-30,Running,Morning Run,"After a break of twenty seven hot days I am back. It was so hot back in India that I could not go for running at all. Now in Brussels, the weather is nice so I started it again.

I lost the stamina a bit but will gain soon.😎",2026-07-30_07-37-35_hk_1785389855.fit,502,2026-07-30T05:45:57.000Z,501.000,1247.78,178,192,75,2.551,29.47,50.820876,4.39263
2026-07-30,Running,Morning Run,"After a break of twenty seven hot days I am back. It was so hot back in India that I could not go for running at all. Now in Brussels, the weather is nice so I started it again.

I lost the stamina a bit but will gain soon.😎",2026-07-30_07-37-35_hk_1785389855.fit,503,2026-07-30T05:45:58.000Z,502.000,1249.63,179,189,75,2.505,29.47,50.820894,4.392612
2026-07-30,Running,Morning Run,"After a break of twenty seven hot days I am back. It was so hot back in India that I could not go for running at all. Now in Brussels, the weather is nice so I started it again.

I lost the stamina a bit but will gain soon.😎",2026-07-30_07-37-35_hk_1785389855.fit,504,2026-07-30T05:45:59.000Z,503.000,1251.66,179,189,75,2.482,29.47,50.820912,4.392594
2026-07-30,Running,Morning Run,"After a break of twenty seven hot days I am back. It was so hot back in India that I could not go for running at all. Now in Brussels, the weather is nice so I started it again.

I lost the stamina a bit but will gain soon.😎",2026-07-30_07-37-35_hk_1785389855.fit,505,2026-07-30T05:46:00.000Z,504.000,1253.69,179,189,76,2.446,29.47,50.82093,4.392576
2026-07-30,Running,Morning Run,"After a break of twenty seven hot days I am back. It was so hot back in India that I could not go for running at all. Now in Brussels, the weather is nice so I started it again.

I lost the stamina a bit but will gain soon.😎",2026-07-30_07-37-35_hk_1785389855.fit,506,2026-07-30T05:46:01.000Z,505.000,1255.72,179,188,76,2.409,29.47,50.820966,4.392576
2026-07-30,Running,Morning Run,"After a break of twenty seven hot days I am back. It was so hot back in India that I could not go for running at all. Now in Brussels, the weather is nice so I started it again.

I lost the stamina a bit but will gain soon.😎",2026-07-30_07-37-35_hk_1785389855.fit,507,2026-07-30T05:46:02.000Z,506.000,1258.48,179,188,76,2.434,29.47,50.820984,4.392558
2026-07-30,Running,Morning Run,"After a break of twenty seven hot days I am back. It was so hot back in India that I could not go for running at all. Now in Brussels, the weather is nice so I started it again.

I lost the stamina a bit but will gain soon.😎",2026-07-30_07-37-35_hk_1785389855.fit,508,2026-07-30T05:46:03.000Z,507.000,1261.23,179,190,73,2.459,29.47,50.821002,4.39254
2026-07-30,Running,Morning Run,"After a break of twenty seven hot days I am back. It was so hot back in India that I could not go for running at all. Now in Brussels, the weather is nice so I started it again.

I lost the stamina a bit but will gain soon.😎",2026-07-30_07-37-35_hk_1785389855.fit,509,2026-07-30T05:46:04.000Z,508.000,1263.83,178,190,73,2.476,29.47,50.82102,4.392522
2026-07-30,Running,Morning Run,"After a break of twenty seven hot days I am back. It was so hot back in India that I could not go for running at all. Now in Brussels, the weather is nice so I started it again.

I lost the stamina a bit but will gain soon.😎",2026-07-30_07-37-35_hk_1785389855.fit,510,2026-07-30T05:46:05.000Z,509.000,1266.42,178,190,73,2.424,29.47,50.821038,4.392522
2026-07-30,Running,Morning Run,"After a break of twenty seven hot days I am back. It was so hot back in India that I could not go for running at all. Now in Brussels, the weather is nice so I started it again.

I lost the stamina a bit but will gain soon.😎",2026-07-30_07-37-35_hk_1785389855.fit,511,2026-07-30T05:46:06.000Z,510.000,1269.01,178,192,76,2.431,29.47,50.821056,4.392504
2026-07-30,Running,Morning Run,"After a break of twenty seven hot days I am back. It was so hot back in India that I could not go for running at all. Now in Brussels, the weather is nice so I started it again.

I lost the stamina a bit but will gain soon.😎",2026-07-30_07-37-35_hk_1785389855.fit,512,2026-07-30T05:46:07.000Z,511.000,1271.79,178,192,76,2.42,29.46,50.821074,4.392486
2026-07-30,Running,Morning Run,"After a break of twenty seven hot days I am back. It was so hot back in India that I could not go for running at all. Now in Brussels, the weather is nice so I started it again.

I lost the stamina a bit but will gain soon.😎",2026-07-30_07-37-35_hk_1785389855.fit,513,2026-07-30T05:46:08.000Z,512.000,1274.58,178,191,76,2.505,29.46,50.82111,4.392486
2026-07-30,Running,Morning Run,"After a break of twenty seven hot days I am back. It was so hot back in India that I could not go for running at all. Now in Brussels, the weather is nice so I started it again.

I lost the stamina a bit but will gain soon.😎",2026-07-30_07-37-35_hk_1785389855.fit,514,2026-07-30T05:46:09.000Z,513.000,1277,178,191,74,2.501,29.46,50.821128,4.392468
2026-07-30,Running,Morning Run,"After a break of twenty seven hot days I am back. It was so hot back in India that I could not go for running at all. Now in Brussels, the weather is nice so I started it again.

I lost the stamina a bit but will gain soon.😎",2026-07-30_07-37-35_hk_1785389855.fit,515,2026-07-30T05:46:10.000Z,514.000,1279.43,179,191,74,2.459,29.45,50.821146,4.39245
2026-07-30,Running,Morning Run,"After a break of twenty seven hot days I am back. It was so hot back in India that I could not go for running at all. Now in Brussels, the weather is nice so I started it again.

I lost the stamina a bit but will gain soon.😎",2026-07-30_07-37-35_hk_1785389855.fit,516,2026-07-30T05:46:11.000Z,515.000,1281.86,179,190,74,2.416,29.45,50.821164,4.392432
2026-07-30,Running,Morning Run,"After a break of twenty seven hot days I am back. It was so hot back in India that I could not go for running at all. Now in Brussels, the weather is nice so I started it again.

I lost the stamina a bit but will gain soon.😎",2026-07-30_07-37-35_hk_1785389855.fit,517,2026-07-30T05:46:12.000Z,516.000,1285,179,190,76,2.456,29.45,50.821182,4.392432
2026-07-30,Running,Morning Run,"After a break of twenty seven hot days I am back. It was so hot back in India that I could not go for running at all. Now in Brussels, the weather is nice so I started it again.

I lost the stamina a bit but will gain soon.😎",2026-07-30_07-37-35_hk_1785389855.fit,518,2026-07-30T05:46:13.000Z,517.000,1288.14,179,189,76,2.508,29.45,50.8212,4.392396
2026-07-30,Running,Morning Run,"After a break of twenty seven hot days I am back. It was so hot back in India that I could not go for running at all. Now in Brussels, the weather is nice so I started it again.

I lost the stamina a bit but will gain soon.😎",2026-07-30_07-37-35_hk_1785389855.fit,519,2026-07-30T05:46:14.000Z,518.000,1290.1,179,189,76,2.481,29.44,50.821218,4.392378
2026-07-30,Running,Morning Run,"After a break of twenty seven hot days I am back. It was so hot back in India that I could not go for running at all. Now in Brussels, the weather is nice so I started it again.

I lost the stamina a bit but will gain soon.😎",2026-07-30_07-37-35_hk_1785389855.fit,520,2026-07-30T05:46:15.000Z,519.000,1292.06,179,189,74,2.43,29.44,50.821236,4.39236
2026-07-30,Running,Morning Run,"After a break of twenty seven hot days I am back. It was so hot back in India that I could not go for running at all. Now in Brussels, the weather is nice so I started it again.

I lost the stamina a bit but will gain soon.😎",2026-07-30_07-37-35_hk_1785389855.fit,521,2026-07-30T05:46:16.000Z,520.000,1294.01,179,186,74,2.409,29.44,50.821254,4.392342
2026-07-30,Running,Morning Run,"After a break of twenty seven hot days I am back. It was so hot back in India that I could not go for running at all. Now in Brussels, the weather is nice so I started it again.

I lost the stamina a bit but will gain soon.😎",2026-07-30_07-37-35_hk_1785389855.fit,522,2026-07-30T05:46:17.000Z,521.000,1297.55,179,186,74,2.458,29.44,50.821272,4.392324
2026-07-30,Running,Morning Run,"After a break of twenty seven hot days I am back. It was so hot back in India that I could not go for running at all. Now in Brussels, the weather is nice so I started it again.

I lost the stamina a bit but will gain soon.😎",2026-07-30_07-37-35_hk_1785389855.fit,523,2026-07-30T05:46:18.000Z,522.000,1301.08,180,180,71,2.572,29.44,50.82129,4.392306
2026-07-30,Running,Morning Run,"After a break of twenty seven hot days I am back. It was so hot back in India that I could not go for running at all. Now in Brussels, the weather is nice so I started it again.

I lost the stamina a bit but will gain soon.😎",2026-07-30_07-37-35_hk_1785389855.fit,524,2026-07-30T05:46:19.000Z,523.000,1303.56,180,180,71,2.595,29.44,50.821308,4.392288
2026-07-30,Running,Morning Run,"After a break of twenty seven hot days I am back. It was so hot back in India that I could not go for running at all. Now in Brussels, the weather is nice so I started it again.

I lost the stamina a bit but will gain soon.😎",2026-07-30_07-37-35_hk_1785389855.fit,525,2026-07-30T05:46:20.000Z,524.000,1306.03,180,180,71,2.648,29.43,50.821326,4.392252
2026-07-30,Running,Morning Run,"After a break of twenty seven hot days I am back. It was so hot back in India that I could not go for running at all. Now in Brussels, the weather is nice so I started it again.

I lost the stamina a bit but will gain soon.😎",2026-07-30_07-37-35_hk_1785389855.fit,526,2026-07-30T05:46:21.000Z,525.000,1308.5,180,181,70,2.633,29.43,50.821344,4.392234
2026-07-30,Running,Morning Run,"After a break of twenty seven hot days I am back. It was so hot back in India that I could not go for running at all. Now in Brussels, the weather is nice so I started it again.

I lost the stamina a bit but will gain soon.😎",2026-07-30_07-37-35_hk_1785389855.fit,527,2026-07-30T05:46:22.000Z,526.000,1310.6,180,181,70,2.606,29.43,50.821362,4.392216
2026-07-30,Running,Morning Run,"After a break of twenty seven hot days I am back. It was so hot back in India that I could not go for running at all. Now in Brussels, the weather is nice so I started it again.

I lost the stamina a bit but will gain soon.😎",2026-07-30_07-37-35_hk_1785389855.fit,528,2026-07-30T05:46:23.000Z,527.000,1312.7,180,181,70,2.574,29.43,50.82138,4.39218
2026-07-30,Running,Morning Run,"After a break of twenty seven hot days I am back. It was so hot back in India that I could not go for running at all. Now in Brussels, the weather is nice so I started it again.

I lost the stamina a bit but will gain soon.😎",2026-07-30_07-37-35_hk_1785389855.fit,529,2026-07-30T05:46:24.000Z,528.000,1314.81,180,182,70,2.549,29.43,50.821398,4.392162
2026-07-30,Running,Morning Run,"After a break of twenty seven hot days I am back. It was so hot back in India that I could not go for running at all. Now in Brussels, the weather is nice so I started it again.

I lost the stamina a bit but will gain soon.😎",2026-07-30_07-37-35_hk_1785389855.fit,530,2026-07-30T05:46:25.000Z,529.000,1317.46,180,182,70,2.552,29.43,50.821416,4.392144
2026-07-30,Running,Morning Run,"After a break of twenty seven hot days I am back. It was so hot back in India that I could not go for running at all. Now in Brussels, the weather is nice so I started it again.

I lost the stamina a bit but will gain soon.😎",2026-07-30_07-37-35_hk_1785389855.fit,531,2026-07-30T05:46:26.000Z,530.000,1320.12,180,180,70,2.555,29.42,50.821434,4.392126
2026-07-30,Running,Morning Run,"After a break of twenty seven hot days I am back. It was so hot back in India that I could not go for running at all. Now in Brussels, the weather is nice so I started it again.

I lost the stamina a bit but will gain soon.😎",2026-07-30_07-37-35_hk_1785389855.fit,532,2026-07-30T05:46:27.000Z,531.000,1322.08,180,180,72,2.515,29.42,50.821452,4.392108
2026-07-30,Running,Morning Run,"After a break of twenty seven hot days I am back. It was so hot back in India that I could not go for running at all. Now in Brussels, the weather is nice so I started it again.

I lost the stamina a bit but will gain soon.😎",2026-07-30_07-37-35_hk_1785389855.fit,533,2026-07-30T05:46:28.000Z,532.000,1324.05,180,180,72,2.489,29.42,50.82147,4.39209
2026-07-30,Running,Morning Run,"After a break of twenty seven hot days I am back. It was so hot back in India that I could not go for running at all. Now in Brussels, the weather is nice so I started it again.

I lost the stamina a bit but will gain soon.😎",2026-07-30_07-37-35_hk_1785389855.fit,534,2026-07-30T05:46:29.000Z,533.000,1326.02,180,179,72,2.45,29.42,50.821488,4.392072
2026-07-30,Running,Morning Run,"After a break of twenty seven hot days I am back. It was so hot back in India that I could not go for running at all. Now in Brussels, the weather is nice so I started it again.

I lost the stamina a bit but will gain soon.😎",2026-07-30_07-37-35_hk_1785389855.fit,535,2026-07-30T05:46:30.000Z,534.000,1329.43,179,179,75,2.497,29.42,50.821506,4.392054
2026-07-30,Running,Morning Run,"After a break of twenty seven hot days I am back. It was so hot back in India that I could not go for running at all. Now in Brussels, the weather is nice so I started it again.

I lost the stamina a bit but will gain soon.😎",2026-07-30_07-37-35_hk_1785389855.fit,536,2026-07-30T05:46:31.000Z,535.000,1332.85,179,181,75,2.549,29.42,50.821524,4.392018
2026-07-30,Running,Morning Run,"After a break of twenty seven hot days I am back. It was so hot back in India that I could not go for running at all. Now in Brussels, the weather is nice so I started it again.

I lost the stamina a bit but will gain soon.😎",2026-07-30_07-37-35_hk_1785389855.fit,537,2026-07-30T05:46:32.000Z,536.000,1335.19,179,181,75,2.51,29.42,50.821542,4.392
2026-07-30,Running,Morning Run,"After a break of twenty seven hot days I am back. It was so hot back in India that I could not go for running at all. Now in Brussels, the weather is nice so I started it again.

I lost the stamina a bit but will gain soon.😎",2026-07-30_07-37-35_hk_1785389855.fit,538,2026-07-30T05:46:33.000Z,537.000,1337.54,180,181,75,2.502,29.42,50.82156,4.391982
2026-07-30,Running,Morning Run,"After a break of twenty seven hot days I am back. It was so hot back in India that I could not go for running at all. Now in Brussels, the weather is nice so I started it again.

I lost the stamina a bit but will gain soon.😎",2026-07-30_07-37-35_hk_1785389855.fit,539,2026-07-30T05:46:34.000Z,538.000,1339.89,180,183,75,2.464,29.41,50.821578,4.391964
2026-07-30,Running,Morning Run,"After a break of twenty seven hot days I am back. It was so hot back in India that I could not go for running at all. Now in Brussels, the weather is nice so I started it again.

I lost the stamina a bit but will gain soon.😎",2026-07-30_07-37-35_hk_1785389855.fit,540,2026-07-30T05:46:35.000Z,539.000,1342.64,180,183,75,2.529,29.41,50.821596,4.391946
2026-07-30,Running,Morning Run,"After a break of twenty seven hot days I am back. It was so hot back in India that I could not go for running at all. Now in Brussels, the weather is nice so I started it again.

I lost the stamina a bit but will gain soon.😎",2026-07-30_07-37-35_hk_1785389855.fit,541,2026-07-30T05:46:36.000Z,540.000,1345.38,180,183,76,2.568,29.41,50.821632,4.39191
2026-07-30,Running,Morning Run,"After a break of twenty seven hot days I am back. It was so hot back in India that I could not go for running at all. Now in Brussels, the weather is nice so I started it again.

I lost the stamina a bit but will gain soon.😎",2026-07-30_07-37-35_hk_1785389855.fit,542,2026-07-30T05:46:37.000Z,541.000,1348.09,180,183,76,2.527,29.41,50.82165,4.391892
2026-07-30,Running,Morning Run,"After a break of twenty seven hot days I am back. It was so hot back in India that I could not go for running at all. Now in Brussels, the weather is nice so I started it again.

I lost the stamina a bit but will gain soon.😎",2026-07-30_07-37-35_hk_1785389855.fit,543,2026-07-30T05:46:38.000Z,542.000,1350.79,180,183,76,2.535,29.41,50.821668,4.391874
2026-07-30,Running,Morning Run,"After a break of twenty seven hot days I am back. It was so hot back in India that I could not go for running at all. Now in Brussels, the weather is nice so I started it again.

I lost the stamina a bit but will gain soon.😎",2026-07-30_07-37-35_hk_1785389855.fit,544,2026-07-30T05:46:39.000Z,543.000,1353.5,180,187,76,2.496,29.41,50.821686,4.391856
2026-07-30,Running,Morning Run,"After a break of twenty seven hot days I am back. It was so hot back in India that I could not go for running at all. Now in Brussels, the weather is nice so I started it again.

I lost the stamina a bit but will gain soon.😎",2026-07-30_07-37-35_hk_1785389855.fit,545,2026-07-30T05:46:40.000Z,544.000,1356.06,180,187,76,2.502,29.41,50.821704,4.391838
2026-07-30,Running,Morning Run,"After a break of twenty seven hot days I am back. It was so hot back in India that I could not go for running at all. Now in Brussels, the weather is nice so I started it again.

I lost the stamina a bit but will gain soon.😎",2026-07-30_07-37-35_hk_1785389855.fit,546,2026-07-30T05:46:41.000Z,545.000,1358.63,180,187,76,2.507,29.41,50.82174,4.39182
2026-07-30,Running,Morning Run,"After a break of twenty seven hot days I am back. It was so hot back in India that I could not go for running at all. Now in Brussels, the weather is nice so I started it again.

I lost the stamina a bit but will gain soon.😎",2026-07-30_07-37-35_hk_1785389855.fit,547,2026-07-30T05:46:42.000Z,546.000,1361.19,180,191,76,2.53,29.41,50.821758,4.391802
2026-07-30,Running,Morning Run,"After a break of twenty seven hot days I am back. It was so hot back in India that I could not go for running at all. Now in Brussels, the weather is nice so I started it again.

I lost the stamina a bit but will gain soon.😎",2026-07-30_07-37-35_hk_1785389855.fit,548,2026-07-30T05:46:43.000Z,547.000,1364.06,180,191,76,2.568,29.4,50.821776,4.391784
2026-07-30,Running,Morning Run,"After a break of twenty seven hot days I am back. It was so hot back in India that I could not go for running at all. Now in Brussels, the weather is nice so I started it again.

I lost the stamina a bit but will gain soon.😎",2026-07-30_07-37-35_hk_1785389855.fit,549,2026-07-30T05:46:44.000Z,548.000,1366.92,180,191,76,2.606,29.4,50.821794,4.391766
2026-07-30,Running,Morning Run,"After a break of twenty seven hot days I am back. It was so hot back in India that I could not go for running at all. Now in Brussels, the weather is nice so I started it again.

I lost the stamina a bit but will gain soon.😎",2026-07-30_07-37-35_hk_1785389855.fit,550,2026-07-30T05:46:45.000Z,549.000,1369.35,180,191,76,2.595,29.4,50.821812,4.391748
2026-07-30,Running,Morning Run,"After a break of twenty seven hot days I am back. It was so hot back in India that I could not go for running at all. Now in Brussels, the weather is nice so I started it again.

I lost the stamina a bit but will gain soon.😎",2026-07-30_07-37-35_hk_1785389855.fit,551,2026-07-30T05:46:46.000Z,550.000,1371.78,180,191,76,2.583,29.4,50.821848,4.39173
2026-07-30,Running,Morning Run,"After a break of twenty seven hot days I am back. It was so hot back in India that I could not go for running at all. Now in Brussels, the weather is nice so I started it again.

I lost the stamina a bit but will gain soon.😎",2026-07-30_07-37-35_hk_1785389855.fit,552,2026-07-30T05:46:47.000Z,551.000,1374.21,180,193,76,2.64,29.39,50.821866,4.39173
2026-07-30,Running,Morning Run,"After a break of twenty seven hot days I am back. It was so hot back in India that I could not go for running at all. Now in Brussels, the weather is nice so I started it again.

I lost the stamina a bit but will gain soon.😎",2026-07-30_07-37-35_hk_1785389855.fit,553,2026-07-30T05:46:48.000Z,552.000,1377.26,180,193,76,2.697,29.39,50.821884,4.391712
2026-07-30,Running,Morning Run,"After a break of twenty seven hot days I am back. It was so hot back in India that I could not go for running at all. Now in Brussels, the weather is nice so I started it again.

I lost the stamina a bit but will gain soon.😎",2026-07-30_07-37-35_hk_1785389855.fit,554,2026-07-30T05:46:49.000Z,553.000,1380.31,180,190,76,2.678,29.39,50.821902,4.391694
2026-07-30,Running,Morning Run,"After a break of twenty seven hot days I am back. It was so hot back in India that I could not go for running at all. Now in Brussels, the weather is nice so I started it again.

I lost the stamina a bit but will gain soon.😎",2026-07-30_07-37-35_hk_1785389855.fit,555,2026-07-30T05:46:50.000Z,554.000,1382.26,180,190,76,2.641,29.38,50.82192,4.391694
2026-07-30,Running,Morning Run,"After a break of twenty seven hot days I am back. It was so hot back in India that I could not go for running at all. Now in Brussels, the weather is nice so I started it again.

I lost the stamina a bit but will gain soon.😎",2026-07-30_07-37-35_hk_1785389855.fit,556,2026-07-30T05:46:51.000Z,555.000,1384.21,180,190,76,2.568,29.38,50.821956,4.391676
2026-07-30,Running,Morning Run,"After a break of twenty seven hot days I am back. It was so hot back in India that I could not go for running at all. Now in Brussels, the weather is nice so I started it again.

I lost the stamina a bit but will gain soon.😎",2026-07-30_07-37-35_hk_1785389855.fit,557,2026-07-30T05:46:52.000Z,556.000,1386.16,181,187,76,2.548,29.38,50.821974,4.391658
2026-07-30,Running,Morning Run,"After a break of twenty seven hot days I am back. It was so hot back in India that I could not go for running at all. Now in Brussels, the weather is nice so I started it again.

I lost the stamina a bit but will gain soon.😎",2026-07-30_07-37-35_hk_1785389855.fit,558,2026-07-30T05:46:53.000Z,557.000,1389.58,181,187,76,2.602,29.38,50.821992,4.39164
2026-07-30,Running,Morning Run,"After a break of twenty seven hot days I am back. It was so hot back in India that I could not go for running at all. Now in Brussels, the weather is nice so I started it again.

I lost the stamina a bit but will gain soon.😎",2026-07-30_07-37-35_hk_1785389855.fit,559,2026-07-30T05:46:54.000Z,558.000,1392.99,181,187,76,2.65,29.37,50.82201,4.39164
2026-07-30,Running,Morning Run,"After a break of twenty seven hot days I am back. It was so hot back in India that I could not go for running at all. Now in Brussels, the weather is nice so I started it again.

I lost the stamina a bit but will gain soon.😎",2026-07-30_07-37-35_hk_1785389855.fit,560,2026-07-30T05:46:55.000Z,559.000,1394.94,181,187,76,2.615,29.37,50.822028,4.391622
2026-07-30,Running,Morning Run,"After a break of twenty seven hot days I am back. It was so hot back in India that I could not go for running at all. Now in Brussels, the weather is nice so I started it again.

I lost the stamina a bit but will gain soon.😎",2026-07-30_07-37-35_hk_1785389855.fit,561,2026-07-30T05:46:56.000Z,560.000,1396.89,181,187,76,2.576,29.37,50.822064,4.391604
2026-07-30,Running,Morning Run,"After a break of twenty seven hot days I am back. It was so hot back in India that I could not go for running at all. Now in Brussels, the weather is nice so I started it again.

I lost the stamina a bit but will gain soon.😎",2026-07-30_07-37-35_hk_1785389855.fit,562,2026-07-30T05:46:57.000Z,561.000,1398.84,181,186,76,2.538,29.37,50.822082,4.391586
2026-07-30,Running,Morning Run,"After a break of twenty seven hot days I am back. It was so hot back in India that I could not go for running at all. Now in Brussels, the weather is nice so I started it again.

I lost the stamina a bit but will gain soon.😎",2026-07-30_07-37-35_hk_1785389855.fit,563,2026-07-30T05:46:58.000Z,562.000,1402.22,181,186,76,2.571,29.37,50.8221,4.391568
2026-07-30,Running,Morning Run,"After a break of twenty seven hot days I am back. It was so hot back in India that I could not go for running at all. Now in Brussels, the weather is nice so I started it again.

I lost the stamina a bit but will gain soon.😎",2026-07-30_07-37-35_hk_1785389855.fit,564,2026-07-30T05:46:59.000Z,563.000,1405.59,182,189,76,2.604,29.36,50.822118,4.39155
2026-07-30,Running,Morning Run,"After a break of twenty seven hot days I am back. It was so hot back in India that I could not go for running at all. Now in Brussels, the weather is nice so I started it again.

I lost the stamina a bit but will gain soon.😎",2026-07-30_07-37-35_hk_1785389855.fit,565,2026-07-30T05:47:00.000Z,564.000,1407.76,182,189,74,2.585,29.36,50.822136,4.391532
2026-07-30,Running,Morning Run,"After a break of twenty seven hot days I am back. It was so hot back in India that I could not go for running at all. Now in Brussels, the weather is nice so I started it again.

I lost the stamina a bit but will gain soon.😎",2026-07-30_07-37-35_hk_1785389855.fit,566,2026-07-30T05:47:01.000Z,565.000,1409.93,182,189,74,2.565,29.36,50.822154,4.391514
2026-07-30,Running,Morning Run,"After a break of twenty seven hot days I am back. It was so hot back in India that I could not go for running at all. Now in Brussels, the weather is nice so I started it again.

I lost the stamina a bit but will gain soon.😎",2026-07-30_07-37-35_hk_1785389855.fit,567,2026-07-30T05:47:02.000Z,566.000,1412.11,182,187,74,2.546,29.36,50.822172,4.391514
2026-07-30,Running,Morning Run,"After a break of twenty seven hot days I am back. It was so hot back in India that I could not go for running at all. Now in Brussels, the weather is nice so I started it again.

I lost the stamina a bit but will gain soon.😎",2026-07-30_07-37-35_hk_1785389855.fit,568,2026-07-30T05:47:03.000Z,567.000,1414.28,182,187,76,2.511,29.36,50.822208,4.391496
2026-07-30,Running,Morning Run,"After a break of twenty seven hot days I am back. It was so hot back in India that I could not go for running at all. Now in Brussels, the weather is nice so I started it again.

I lost the stamina a bit but will gain soon.😎",2026-07-30_07-37-35_hk_1785389855.fit,569,2026-07-30T05:47:04.000Z,568.000,1416.46,182,187,76,2.495,29.35,50.822226,4.39146
2026-07-30,Running,Morning Run,"After a break of twenty seven hot days I am back. It was so hot back in India that I could not go for running at all. Now in Brussels, the weather is nice so I started it again.

I lost the stamina a bit but will gain soon.😎",2026-07-30_07-37-35_hk_1785389855.fit,570,2026-07-30T05:47:05.000Z,569.000,1418.63,182,185,76,2.462,29.35,50.822244,4.391442
2026-07-30,Running,Morning Run,"After a break of twenty seven hot days I am back. It was so hot back in India that I could not go for running at all. Now in Brussels, the weather is nice so I started it again.

I lost the stamina a bit but will gain soon.😎",2026-07-30_07-37-35_hk_1785389855.fit,571,2026-07-30T05:47:06.000Z,570.000,1422,182,185,76,2.511,29.35,50.822244,4.391424
2026-07-30,Running,Morning Run,"After a break of twenty seven hot days I am back. It was so hot back in India that I could not go for running at all. Now in Brussels, the weather is nice so I started it again.

I lost the stamina a bit but will gain soon.😎",2026-07-30_07-37-35_hk_1785389855.fit,572,2026-07-30T05:47:07.000Z,571.000,1425.38,182,187,76,2.558,29.35,50.822262,4.391388
2026-07-30,Running,Morning Run,"After a break of twenty seven hot days I am back. It was so hot back in India that I could not go for running at all. Now in Brussels, the weather is nice so I started it again.

I lost the stamina a bit but will gain soon.😎",2026-07-30_07-37-35_hk_1785389855.fit,573,2026-07-30T05:47:08.000Z,572.000,1428.1,182,187,76,2.542,29.35,50.82228,4.39137
2026-07-30,Running,Morning Run,"After a break of twenty seven hot days I am back. It was so hot back in India that I could not go for running at all. Now in Brussels, the weather is nice so I started it again.

I lost the stamina a bit but will gain soon.😎",2026-07-30_07-37-35_hk_1785389855.fit,574,2026-07-30T05:47:09.000Z,573.000,1430.82,182,187,78,2.525,29.35,50.822298,4.391334
2026-07-30,Running,Morning Run,"After a break of twenty seven hot days I am back. It was so hot back in India that I could not go for running at all. Now in Brussels, the weather is nice so I started it again.

I lost the stamina a bit but will gain soon.😎",2026-07-30_07-37-35_hk_1785389855.fit,575,2026-07-30T05:47:10.000Z,574.000,1433.54,182,190,78,2.564,29.34,50.822316,4.391298
2026-07-30,Running,Morning Run,"After a break of twenty seven hot days I am back. It was so hot back in India that I could not go for running at all. Now in Brussels, the weather is nice so I started it again.

I lost the stamina a bit but will gain soon.😎",2026-07-30_07-37-35_hk_1785389855.fit,576,2026-07-30T05:47:11.000Z,575.000,1436.39,181,190,78,2.644,29.34,50.822334,4.39128
2026-07-30,Running,Morning Run,"After a break of twenty seven hot days I am back. It was so hot back in India that I could not go for running at all. Now in Brussels, the weather is nice so I started it again.

I lost the stamina a bit but will gain soon.😎",2026-07-30_07-37-35_hk_1785389855.fit,577,2026-07-30T05:47:12.000Z,576.000,1439.25,181,193,76,2.654,29.34,50.822352,4.391244
2026-07-30,Running,Morning Run,"After a break of twenty seven hot days I am back. It was so hot back in India that I could not go for running at all. Now in Brussels, the weather is nice so I started it again.

I lost the stamina a bit but will gain soon.😎",2026-07-30_07-37-35_hk_1785389855.fit,578,2026-07-30T05:47:13.000Z,577.000,1441.86,181,193,76,2.614,29.34,50.82237,4.391226
2026-07-30,Running,Morning Run,"After a break of twenty seven hot days I am back. It was so hot back in India that I could not go for running at all. Now in Brussels, the weather is nice so I started it again.

I lost the stamina a bit but will gain soon.😎",2026-07-30_07-37-35_hk_1785389855.fit,579,2026-07-30T05:47:14.000Z,578.000,1444.47,182,193,76,2.574,29.34,50.822388,4.39119
2026-07-30,Running,Morning Run,"After a break of twenty seven hot days I am back. It was so hot back in India that I could not go for running at all. Now in Brussels, the weather is nice so I started it again.

I lost the stamina a bit but will gain soon.😎",2026-07-30_07-37-35_hk_1785389855.fit,580,2026-07-30T05:47:15.000Z,579.000,1447.08,182,194,76,2.641,29.34,50.822406,4.391172
2026-07-30,Running,Morning Run,"After a break of twenty seven hot days I am back. It was so hot back in India that I could not go for running at all. Now in Brussels, the weather is nice so I started it again.

I lost the stamina a bit but will gain soon.😎",2026-07-30_07-37-35_hk_1785389855.fit,581,2026-07-30T05:47:16.000Z,580.000,1449.07,182,194,76,2.644,29.34,50.822424,4.391136
2026-07-30,Running,Morning Run,"After a break of twenty seven hot days I am back. It was so hot back in India that I could not go for running at all. Now in Brussels, the weather is nice so I started it again.

I lost the stamina a bit but will gain soon.😎",2026-07-30_07-37-35_hk_1785389855.fit,582,2026-07-30T05:47:17.000Z,581.000,1451.06,182,186,76,2.611,29.34,50.822442,4.391118
2026-07-30,Running,Morning Run,"After a break of twenty seven hot days I am back. It was so hot back in India that I could not go for running at all. Now in Brussels, the weather is nice so I started it again.

I lost the stamina a bit but will gain soon.😎",2026-07-30_07-37-35_hk_1785389855.fit,583,2026-07-30T05:47:18.000Z,582.000,1453.72,182,186,76,2.575,29.34,50.82246,4.3911
2026-07-30,Running,Morning Run,"After a break of twenty seven hot days I am back. It was so hot back in India that I could not go for running at all. Now in Brussels, the weather is nice so I started it again.

I lost the stamina a bit but will gain soon.😎",2026-07-30_07-37-35_hk_1785389855.fit,584,2026-07-30T05:47:19.000Z,583.000,1456.37,182,186,76,2.539,29.33,50.822478,4.391082
2026-07-30,Running,Morning Run,"After a break of twenty seven hot days I am back. It was so hot back in India that I could not go for running at all. Now in Brussels, the weather is nice so I started it again.

I lost the stamina a bit but will gain soon.😎",2026-07-30_07-37-35_hk_1785389855.fit,585,2026-07-30T05:47:20.000Z,584.000,1459.03,182,188,76,2.564,29.33,50.822496,4.391064
2026-07-30,Running,Morning Run,"After a break of twenty seven hot days I am back. It was so hot back in India that I could not go for running at all. Now in Brussels, the weather is nice so I started it again.

I lost the stamina a bit but will gain soon.😎",2026-07-30_07-37-35_hk_1785389855.fit,586,2026-07-30T05:47:21.000Z,585.000,1462.05,182,188,76,2.606,29.33,50.822514,4.391028
2026-07-30,Running,Morning Run,"After a break of twenty seven hot days I am back. It was so hot back in India that I could not go for running at all. Now in Brussels, the weather is nice so I started it again.

I lost the stamina a bit but will gain soon.😎",2026-07-30_07-37-35_hk_1785389855.fit,587,2026-07-30T05:47:22.000Z,586.000,1465.07,182,187,76,2.673,29.33,50.822532,4.39101
2026-07-30,Running,Morning Run,"After a break of twenty seven hot days I am back. It was so hot back in India that I could not go for running at all. Now in Brussels, the weather is nice so I started it again.

I lost the stamina a bit but will gain soon.😎",2026-07-30_07-37-35_hk_1785389855.fit,588,2026-07-30T05:47:23.000Z,587.000,1467.66,182,187,76,2.695,29.33,50.82255,4.390992
2026-07-30,Running,Morning Run,"After a break of twenty seven hot days I am back. It was so hot back in India that I could not go for running at all. Now in Brussels, the weather is nice so I started it again.

I lost the stamina a bit but will gain soon.😎",2026-07-30_07-37-35_hk_1785389855.fit,589,2026-07-30T05:47:24.000Z,588.000,1470.26,182,187,76,2.717,29.33,50.822568,4.390974
2026-07-30,Running,Morning Run,"After a break of twenty seven hot days I am back. It was so hot back in India that I could not go for running at all. Now in Brussels, the weather is nice so I started it again.

I lost the stamina a bit but will gain soon.😎",2026-07-30_07-37-35_hk_1785389855.fit,590,2026-07-30T05:47:25.000Z,589.000,1472.86,182,189,76,2.677,29.33,50.822586,4.390938
2026-07-30,Running,Morning Run,"After a break of twenty seven hot days I am back. It was so hot back in India that I could not go for running at all. Now in Brussels, the weather is nice so I started it again.

I lost the stamina a bit but will gain soon.😎",2026-07-30_07-37-35_hk_1785389855.fit,591,2026-07-30T05:47:26.000Z,590.000,1475.13,182,189,76,2.656,29.33,50.822604,4.39092
2026-07-30,Running,Morning Run,"After a break of twenty seven hot days I am back. It was so hot back in India that I could not go for running at all. Now in Brussels, the weather is nice so I started it again.

I lost the stamina a bit but will gain soon.😎",2026-07-30_07-37-35_hk_1785389855.fit,592,2026-07-30T05:47:27.000Z,591.000,1477.41,182,189,76,2.602,29.33,50.82264,4.390902
2026-07-30,Running,Morning Run,"After a break of twenty seven hot days I am back. It was so hot back in India that I could not go for running at all. Now in Brussels, the weather is nice so I started it again.

I lost the stamina a bit but will gain soon.😎",2026-07-30_07-37-35_hk_1785389855.fit,593,2026-07-30T05:47:28.000Z,592.000,1479.68,182,191,76,2.579,29.32,50.822658,4.390866
2026-07-30,Running,Morning Run,"After a break of twenty seven hot days I am back. It was so hot back in India that I could not go for running at all. Now in Brussels, the weather is nice so I started it again.

I lost the stamina a bit but will gain soon.😎",2026-07-30_07-37-35_hk_1785389855.fit,594,2026-07-30T05:47:29.000Z,593.000,1484.32,182,191,76,2.672,29.32,50.822676,4.390848
2026-07-30,Running,Morning Run,"After a break of twenty seven hot days I am back. It was so hot back in India that I could not go for running at all. Now in Brussels, the weather is nice so I started it again.

I lost the stamina a bit but will gain soon.😎",2026-07-30_07-37-35_hk_1785389855.fit,595,2026-07-30T05:47:30.000Z,594.000,1488.95,182,181,71,2.766,29.32,50.822712,4.39083
2026-07-30,Running,Morning Run,"After a break of twenty seven hot days I am back. It was so hot back in India that I could not go for running at all. Now in Brussels, the weather is nice so I started it again.

I lost the stamina a bit but will gain soon.😎",2026-07-30_07-37-35_hk_1785389855.fit,596,2026-07-30T05:47:31.000Z,595.000,1491.31,182,181,71,2.74,29.32,50.82273,4.390812
2026-07-30,Running,Morning Run,"After a break of twenty seven hot days I am back. It was so hot back in India that I could not go for running at all. Now in Brussels, the weather is nice so I started it again.

I lost the stamina a bit but will gain soon.😎",2026-07-30_07-37-35_hk_1785389855.fit,597,2026-07-30T05:47:32.000Z,596.000,1493.67,182,181,71,2.727,29.31,50.822748,4.390794
2026-07-30,Running,Morning Run,"After a break of twenty seven hot days I am back. It was so hot back in India that I could not go for running at all. Now in Brussels, the weather is nice so I started it again.

I lost the stamina a bit but will gain soon.😎",2026-07-30_07-37-35_hk_1785389855.fit,598,2026-07-30T05:47:33.000Z,597.000,1496.03,182,205,70,2.714,29.31,50.822766,4.390794
2026-07-30,Running,Morning Run,"After a break of twenty seven hot days I am back. It was so hot back in India that I could not go for running at all. Now in Brussels, the weather is nice so I started it again.

I lost the stamina a bit but will gain soon.😎",2026-07-30_07-37-35_hk_1785389855.fit,599,2026-07-30T05:47:34.000Z,598.000,1500.19,182,205,70,2.84,29.31,50.822802,4.390776
2026-07-30,Running,Morning Run,"After a break of twenty seven hot days I am back. It was so hot back in India that I could not go for running at all. Now in Brussels, the weather is nice so I started it again.

I lost the stamina a bit but will gain soon.😎",2026-07-30_07-37-35_hk_1785389855.fit,600,2026-07-30T05:47:35.000Z,599.000,1504.36,182,205,70,2.979,29.31,50.82282,4.390776
2026-07-30,Running,Morning Run,"After a break of twenty seven hot days I am back. It was so hot back in India that I could not go for running at all. Now in Brussels, the weather is nice so I started it again.

I lost the stamina a bit but will gain soon.😎",2026-07-30_07-37-35_hk_1785389855.fit,601,2026-07-30T05:47:36.000Z,600.000,1506.81,182,205,70,2.967,29.3,50.822838,4.390794
2026-07-30,Running,Morning Run,"After a break of twenty seven hot days I am back. It was so hot back in India that I could not go for running at all. Now in Brussels, the weather is nice so I started it again.

I lost the stamina a bit but will gain soon.😎",2026-07-30_07-37-35_hk_1785389855.fit,602,2026-07-30T05:47:37.000Z,601.000,1509.26,182,205,70,2.955,29.3,50.822874,4.390794
2026-07-30,Running,Morning Run,"After a break of twenty seven hot days I am back. It was so hot back in India that I could not go for running at all. Now in Brussels, the weather is nice so I started it again.

I lost the stamina a bit but will gain soon.😎",2026-07-30_07-37-35_hk_1785389855.fit,603,2026-07-30T05:47:38.000Z,602.000,1511.71,182,206,70,2.927,29.3,50.822892,4.390812
2026-07-30,Running,Morning Run,"After a break of twenty seven hot days I am back. It was so hot back in India that I could not go for running at all. Now in Brussels, the weather is nice so I started it again.

I lost the stamina a bit but will gain soon.😎",2026-07-30_07-37-35_hk_1785389855.fit,604,2026-07-30T05:47:39.000Z,603.000,1515.47,183,206,73,2.965,29.3,50.822928,4.390848
2026-07-30,Running,Morning Run,"After a break of twenty seven hot days I am back. It was so hot back in India that I could not go for running at all. Now in Brussels, the weather is nice so I started it again.

I lost the stamina a bit but will gain soon.😎",2026-07-30_07-37-35_hk_1785389855.fit,605,2026-07-30T05:47:40.000Z,604.000,1519.23,183,204,73,3.033,29.3,50.822946,4.390866
2026-07-30,Running,Morning Run,"After a break of twenty seven hot days I am back. It was so hot back in India that I could not go for running at all. Now in Brussels, the weather is nice so I started it again.

I lost the stamina a bit but will gain soon.😎",2026-07-30_07-37-35_hk_1785389855.fit,606,2026-07-30T05:47:41.000Z,605.000,1521.56,183,204,73,3.018,29.3,50.822964,4.390902
2026-07-30,Running,Morning Run,"After a break of twenty seven hot days I am back. It was so hot back in India that I could not go for running at all. Now in Brussels, the weather is nice so I started it again.

I lost the stamina a bit but will gain soon.😎",2026-07-30_07-37-35_hk_1785389855.fit,607,2026-07-30T05:47:42.000Z,606.000,1523.89,183,204,76,3.002,29.3,50.822982,4.390938
2026-07-30,Running,Morning Run,"After a break of twenty seven hot days I am back. It was so hot back in India that I could not go for running at all. Now in Brussels, the weather is nice so I started it again.

I lost the stamina a bit but will gain soon.😎",2026-07-30_07-37-35_hk_1785389855.fit,608,2026-07-30T05:47:43.000Z,607.000,1526.22,183,205,76,3.005,29.3,50.823,4.390974
2026-07-30,Running,Morning Run,"After a break of twenty seven hot days I am back. It was so hot back in India that I could not go for running at all. Now in Brussels, the weather is nice so I started it again.

I lost the stamina a bit but will gain soon.😎",2026-07-30_07-37-35_hk_1785389855.fit,609,2026-07-30T05:47:44.000Z,608.000,1528.97,183,205,76,3.033,29.3,50.823018,4.390992
2026-07-30,Running,Morning Run,"After a break of twenty seven hot days I am back. It was so hot back in India that I could not go for running at all. Now in Brussels, the weather is nice so I started it again.

I lost the stamina a bit but will gain soon.😎",2026-07-30_07-37-35_hk_1785389855.fit,610,2026-07-30T05:47:45.000Z,609.000,1531.72,183,205,76,3.061,29.3,50.823036,4.391028
2026-07-30,Running,Morning Run,"After a break of twenty seven hot days I am back. It was so hot back in India that I could not go for running at all. Now in Brussels, the weather is nice so I started it again.

I lost the stamina a bit but will gain soon.😎",2026-07-30_07-37-35_hk_1785389855.fit,611,2026-07-30T05:47:46.000Z,610.000,1534.47,183,210,76,2.95,29.3,50.823054,4.391064
2026-07-30,Running,Morning Run,"After a break of twenty seven hot days I am back. It was so hot back in India that I could not go for running at all. Now in Brussels, the weather is nice so I started it again.

I lost the stamina a bit but will gain soon.😎",2026-07-30_07-37-35_hk_1785389855.fit,612,2026-07-30T05:47:47.000Z,611.000,1538.59,183,210,76,3.015,29.3,50.823072,4.3911
2026-07-30,Running,Morning Run,"After a break of twenty seven hot days I am back. It was so hot back in India that I could not go for running at all. Now in Brussels, the weather is nice so I started it again.

I lost the stamina a bit but will gain soon.😎",2026-07-30_07-37-35_hk_1785389855.fit,613,2026-07-30T05:47:48.000Z,612.000,1542.71,184,214,76,3.024,29.3,50.82309,4.391118
2026-07-30,Running,Morning Run,"After a break of twenty seven hot days I am back. It was so hot back in India that I could not go for running at all. Now in Brussels, the weather is nice so I started it again.

I lost the stamina a bit but will gain soon.😎",2026-07-30_07-37-35_hk_1785389855.fit,614,2026-07-30T05:47:49.000Z,613.000,1546.01,184,214,76,3.079,29.3,50.823126,4.391154
2026-07-30,Running,Morning Run,"After a break of twenty seven hot days I am back. It was so hot back in India that I could not go for running at all. Now in Brussels, the weather is nice so I started it again.

I lost the stamina a bit but will gain soon.😎",2026-07-30_07-37-35_hk_1785389855.fit,615,2026-07-30T05:47:50.000Z,614.000,1549.3,184,214,76,3.134,29.3,50.823144,4.39119
2026-07-30,Running,Morning Run,"After a break of twenty seven hot days I am back. It was so hot back in India that I could not go for running at all. Now in Brussels, the weather is nice so I started it again.

I lost the stamina a bit but will gain soon.😎",2026-07-30_07-37-35_hk_1785389855.fit,616,2026-07-30T05:47:51.000Z,615.000,1552.6,184,218,76,3.083,29.3,50.823162,4.391226
2026-07-30,Running,Morning Run,"After a break of twenty seven hot days I am back. It was so hot back in India that I could not go for running at all. Now in Brussels, the weather is nice so I started it again.

I lost the stamina a bit but will gain soon.😎",2026-07-30_07-37-35_hk_1785389855.fit,617,2026-07-30T05:47:52.000Z,616.000,1557.57,184,218,76,3.172,29.3,50.82318,4.391262
2026-07-30,Running,Morning Run,"After a break of twenty seven hot days I am back. It was so hot back in India that I could not go for running at all. Now in Brussels, the weather is nice so I started it again.

I lost the stamina a bit but will gain soon.😎",2026-07-30_07-37-35_hk_1785389855.fit,618,2026-07-30T05:47:53.000Z,617.000,1562.53,185,225,76,3.388,29.31,50.823198,4.391298
2026-07-30,Running,Morning Run,"After a break of twenty seven hot days I am back. It was so hot back in India that I could not go for running at all. Now in Brussels, the weather is nice so I started it again.

I lost the stamina a bit but will gain soon.😎",2026-07-30_07-37-35_hk_1785389855.fit,619,2026-07-30T05:47:54.000Z,618.000,1565.58,185,225,76,3.341,29.31,50.823216,4.391334
2026-07-30,Running,Morning Run,"After a break of twenty seven hot days I am back. It was so hot back in India that I could not go for running at all. Now in Brussels, the weather is nice so I started it again.

I lost the stamina a bit but will gain soon.😎",2026-07-30_07-37-35_hk_1785389855.fit,620,2026-07-30T05:47:55.000Z,619.000,1568.64,185,225,76,3.323,29.3,50.823252,4.39137
2026-07-30,Running,Morning Run,"After a break of twenty seven hot days I am back. It was so hot back in India that I could not go for running at all. Now in Brussels, the weather is nice so I started it again.

I lost the stamina a bit but will gain soon.😎",2026-07-30_07-37-35_hk_1785389855.fit,621,2026-07-30T05:47:56.000Z,620.000,1571.69,185,225,76,3.342,29.3,50.82327,4.391388
2026-07-30,Running,Morning Run,"After a break of twenty seven hot days I am back. It was so hot back in India that I could not go for running at all. Now in Brussels, the weather is nice so I started it again.

I lost the stamina a bit but will gain soon.😎",2026-07-30_07-37-35_hk_1785389855.fit,622,2026-07-30T05:47:57.000Z,621.000,1575.26,185,225,76,3.425,29.3,50.823288,4.391424
2026-07-30,Running,Morning Run,"After a break of twenty seven hot days I am back. It was so hot back in India that I could not go for running at all. Now in Brussels, the weather is nice so I started it again.

I lost the stamina a bit but will gain soon.😎",2026-07-30_07-37-35_hk_1785389855.fit,623,2026-07-30T05:47:58.000Z,622.000,1578.82,187,224,76,3.507,29.3,50.823306,4.39146
2026-07-30,Running,Morning Run,"After a break of twenty seven hot days I am back. It was so hot back in India that I could not go for running at all. Now in Brussels, the weather is nice so I started it again.

I lost the stamina a bit but will gain soon.😎",2026-07-30_07-37-35_hk_1785389855.fit,624,2026-07-30T05:47:59.000Z,623.000,1580.96,187,224,76,3.466,29.3,50.823324,4.391496
2026-07-30,Running,Morning Run,"After a break of twenty seven hot days I am back. It was so hot back in India that I could not go for running at all. Now in Brussels, the weather is nice so I started it again.

I lost the stamina a bit but will gain soon.😎",2026-07-30_07-37-35_hk_1785389855.fit,625,2026-07-30T05:48:00.000Z,624.000,1583.1,187,224,76,3.425,29.3,50.823342,4.391532
2026-07-30,Running,Morning Run,"After a break of twenty seven hot days I am back. It was so hot back in India that I could not go for running at all. Now in Brussels, the weather is nice so I started it again.

I lost the stamina a bit but will gain soon.😎",2026-07-30_07-37-35_hk_1785389855.fit,626,2026-07-30T05:48:01.000Z,625.000,1585.23,187,221,76,3.384,29.3,50.82336,4.391568
2026-07-30,Running,Morning Run,"After a break of twenty seven hot days I am back. It was so hot back in India that I could not go for running at all. Now in Brussels, the weather is nice so I started it again.

I lost the stamina a bit but will gain soon.😎",2026-07-30_07-37-35_hk_1785389855.fit,627,2026-07-30T05:48:02.000Z,626.000,1588.7,187,221,76,3.341,29.3,50.823378,4.391604
2026-07-30,Running,Morning Run,"After a break of twenty seven hot days I am back. It was so hot back in India that I could not go for running at all. Now in Brussels, the weather is nice so I started it again.

I lost the stamina a bit but will gain soon.😎",2026-07-30_07-37-35_hk_1785389855.fit,628,2026-07-30T05:48:03.000Z,627.000,1592.17,187,220,76,3.349,29.3,50.823396,4.391622
2026-07-30,Running,Morning Run,"After a break of twenty seven hot days I am back. It was so hot back in India that I could not go for running at all. Now in Brussels, the weather is nice so I started it again.

I lost the stamina a bit but will gain soon.😎",2026-07-30_07-37-35_hk_1785389855.fit,629,2026-07-30T05:48:04.000Z,628.000,1594.8,187,220,76,3.256,29.3,50.823414,4.391658
2026-07-30,Running,Morning Run,"After a break of twenty seven hot days I am back. It was so hot back in India that I could not go for running at all. Now in Brussels, the weather is nice so I started it again.

I lost the stamina a bit but will gain soon.😎",2026-07-30_07-37-35_hk_1785389855.fit,630,2026-07-30T05:48:05.000Z,629.000,1597.44,188,220,76,3.214,29.3,50.823432,4.391694
2026-07-30,Running,Morning Run,"After a break of twenty seven hot days I am back. It was so hot back in India that I could not go for running at all. Now in Brussels, the weather is nice so I started it again.

I lost the stamina a bit but will gain soon.😎",2026-07-30_07-37-35_hk_1785389855.fit,631,2026-07-30T05:48:06.000Z,630.000,1600.07,188,219,76,3.173,29.3,50.82345,4.39173
2026-07-30,Running,Morning Run,"After a break of twenty seven hot days I am back. It was so hot back in India that I could not go for running at all. Now in Brussels, the weather is nice so I started it again.

I lost the stamina a bit but will gain soon.😎",2026-07-30_07-37-35_hk_1785389855.fit,632,2026-07-30T05:48:07.000Z,631.000,1602.3,188,219,76,3.117,29.3,50.823468,4.391748
2026-07-30,Running,Morning Run,"After a break of twenty seven hot days I am back. It was so hot back in India that I could not go for running at all. Now in Brussels, the weather is nice so I started it again.

I lost the stamina a bit but will gain soon.😎",2026-07-30_07-37-35_hk_1785389855.fit,633,2026-07-30T05:48:08.000Z,632.000,1604.53,188,219,76,3.055,29.3,50.823486,4.391784
2026-07-30,Running,Morning Run,"After a break of twenty seven hot days I am back. It was so hot back in India that I could not go for running at all. Now in Brussels, the weather is nice so I started it again.

I lost the stamina a bit but will gain soon.😎",2026-07-30_07-37-35_hk_1785389855.fit,634,2026-07-30T05:48:09.000Z,633.000,1606.76,188,223,76,3.009,29.3,50.823504,4.39182
2026-07-30,Running,Morning Run,"After a break of twenty seven hot days I am back. It was so hot back in India that I could not go for running at all. Now in Brussels, the weather is nice so I started it again.

I lost the stamina a bit but will gain soon.😎",2026-07-30_07-37-35_hk_1785389855.fit,635,2026-07-30T05:48:10.000Z,634.000,1610.64,188,223,76,2.948,29.3,50.82354,4.391838
2026-07-30,Running,Morning Run,"After a break of twenty seven hot days I am back. It was so hot back in India that I could not go for running at all. Now in Brussels, the weather is nice so I started it again.

I lost the stamina a bit but will gain soon.😎",2026-07-30_07-37-35_hk_1785389855.fit,636,2026-07-30T05:48:11.000Z,635.000,1614.51,188,222,76,2.888,29.3,50.823558,4.391856
2026-07-30,Running,Morning Run,"After a break of twenty seven hot days I am back. It was so hot back in India that I could not go for running at all. Now in Brussels, the weather is nice so I started it again.

I lost the stamina a bit but will gain soon.😎",2026-07-30_07-37-35_hk_1785389855.fit,637,2026-07-30T05:48:12.000Z,636.000,1618.02,188,222,77,2.913,29.3,50.823576,4.391892
2026-07-30,Running,Morning Run,"After a break of twenty seven hot days I am back. It was so hot back in India that I could not go for running at all. Now in Brussels, the weather is nice so I started it again.

I lost the stamina a bit but will gain soon.😎",2026-07-30_07-37-35_hk_1785389855.fit,638,2026-07-30T05:48:13.000Z,637.000,1621.53,188,222,77,2.939,29.3,50.823594,4.39191
2026-07-30,Running,Morning Run,"After a break of twenty seven hot days I am back. It was so hot back in India that I could not go for running at all. Now in Brussels, the weather is nice so I started it again.

I lost the stamina a bit but will gain soon.😎",2026-07-30_07-37-35_hk_1785389855.fit,639,2026-07-30T05:48:14.000Z,638.000,1625.05,188,227,77,2.964,29.31,50.823612,4.391946
2026-07-30,Running,Morning Run,"After a break of twenty seven hot days I am back. It was so hot back in India that I could not go for running at all. Now in Brussels, the weather is nice so I started it again.

I lost the stamina a bit but will gain soon.😎",2026-07-30_07-37-35_hk_1785389855.fit,640,2026-07-30T05:48:15.000Z,639.000,1628.81,188,227,78,2.975,29.31,50.823648,4.391964
2026-07-30,Running,Morning Run,"After a break of twenty seven hot days I am back. It was so hot back in India that I could not go for running at all. Now in Brussels, the weather is nice so I started it again.

I lost the stamina a bit but will gain soon.😎",2026-07-30_07-37-35_hk_1785389855.fit,641,2026-07-30T05:48:16.000Z,640.000,1632.58,188,229,78,3.037,29.31,50.823666,4.392
2026-07-30,Running,Morning Run,"After a break of twenty seven hot days I am back. It was so hot back in India that I could not go for running at all. Now in Brussels, the weather is nice so I started it again.

I lost the stamina a bit but will gain soon.😎",2026-07-30_07-37-35_hk_1785389855.fit,642,2026-07-30T05:48:17.000Z,641.000,1635.32,189,229,78,3.131,29.31,50.823684,4.392018
2026-07-30,Running,Morning Run,"After a break of twenty seven hot days I am back. It was so hot back in India that I could not go for running at all. Now in Brussels, the weather is nice so I started it again.

I lost the stamina a bit but will gain soon.😎",2026-07-30_07-37-35_hk_1785389855.fit,643,2026-07-30T05:48:18.000Z,642.000,1638.06,189,229,78,3.108,29.31,50.823702,4.392036
2026-07-30,Running,Morning Run,"After a break of twenty seven hot days I am back. It was so hot back in India that I could not go for running at all. Now in Brussels, the weather is nice so I started it again.

I lost the stamina a bit but will gain soon.😎",2026-07-30_07-37-35_hk_1785389855.fit,644,2026-07-30T05:48:19.000Z,643.000,1640.81,189,226,78,3.065,29.31,50.82372,4.392072
2026-07-30,Running,Morning Run,"After a break of twenty seven hot days I am back. It was so hot back in India that I could not go for running at all. Now in Brussels, the weather is nice so I started it again.

I lost the stamina a bit but will gain soon.😎",2026-07-30_07-37-35_hk_1785389855.fit,645,2026-07-30T05:48:20.000Z,644.000,1644.19,189,226,78,3.06,29.31,50.823756,4.39209
2026-07-30,Running,Morning Run,"After a break of twenty seven hot days I am back. It was so hot back in India that I could not go for running at all. Now in Brussels, the weather is nice so I started it again.

I lost the stamina a bit but will gain soon.😎",2026-07-30_07-37-35_hk_1785389855.fit,646,2026-07-30T05:48:21.000Z,645.000,1647.58,189,224,77,3.134,29.31,50.823774,4.392108
2026-07-30,Running,Morning Run,"After a break of twenty seven hot days I am back. It was so hot back in India that I could not go for running at all. Now in Brussels, the weather is nice so I started it again.

I lost the stamina a bit but will gain soon.😎",2026-07-30_07-37-35_hk_1785389855.fit,647,2026-07-30T05:48:22.000Z,646.000,1650.38,189,224,77,3.145,29.31,50.823792,4.392144
2026-07-30,Running,Morning Run,"After a break of twenty seven hot days I am back. It was so hot back in India that I could not go for running at all. Now in Brussels, the weather is nice so I started it again.

I lost the stamina a bit but will gain soon.😎",2026-07-30_07-37-35_hk_1785389855.fit,648,2026-07-30T05:48:23.000Z,647.000,1653.18,189,224,77,3.18,29.3,50.82381,4.39218
2026-07-30,Running,Morning Run,"After a break of twenty seven hot days I am back. It was so hot back in India that I could not go for running at all. Now in Brussels, the weather is nice so I started it again.

I lost the stamina a bit but will gain soon.😎",2026-07-30_07-37-35_hk_1785389855.fit,649,2026-07-30T05:48:24.000Z,648.000,1655.98,189,222,76,3.216,29.3,50.823828,4.392198
2026-07-30,Running,Morning Run,"After a break of twenty seven hot days I am back. It was so hot back in India that I could not go for running at all. Now in Brussels, the weather is nice so I started it again.

I lost the stamina a bit but will gain soon.😎",2026-07-30_07-37-35_hk_1785389855.fit,650,2026-07-30T05:48:25.000Z,649.000,1658.62,189,222,76,3.241,29.3,50.823846,4.392234
2026-07-30,Running,Morning Run,"After a break of twenty seven hot days I am back. It was so hot back in India that I could not go for running at all. Now in Brussels, the weather is nice so I started it again.

I lost the stamina a bit but will gain soon.😎",2026-07-30_07-37-35_hk_1785389855.fit,651,2026-07-30T05:48:26.000Z,650.000,1661.26,189,216,76,3.164,29.3,50.823864,4.392252
2026-07-30,Running,Morning Run,"After a break of twenty seven hot days I am back. It was so hot back in India that I could not go for running at all. Now in Brussels, the weather is nice so I started it again.

I lost the stamina a bit but will gain soon.😎",2026-07-30_07-37-35_hk_1785389855.fit,652,2026-07-30T05:48:27.000Z,651.000,1663.64,190,216,76,3.118,29.3,50.823882,4.392288
2026-07-30,Running,Morning Run,"After a break of twenty seven hot days I am back. It was so hot back in India that I could not go for running at all. Now in Brussels, the weather is nice so I started it again.

I lost the stamina a bit but will gain soon.😎",2026-07-30_07-37-35_hk_1785389855.fit,653,2026-07-30T05:48:28.000Z,652.000,1666.02,190,216,76,3.03,29.3,50.8239,4.392324
2026-07-30,Running,Morning Run,"After a break of twenty seven hot days I am back. It was so hot back in India that I could not go for running at all. Now in Brussels, the weather is nice so I started it again.

I lost the stamina a bit but will gain soon.😎",2026-07-30_07-37-35_hk_1785389855.fit,654,2026-07-30T05:48:29.000Z,653.000,1668.41,190,214,76,2.964,29.3,50.8239,4.392342
2026-07-30,Running,Morning Run,"After a break of twenty seven hot days I am back. It was so hot back in India that I could not go for running at all. Now in Brussels, the weather is nice so I started it again.

I lost the stamina a bit but will gain soon.😎",2026-07-30_07-37-35_hk_1785389855.fit,655,2026-07-30T05:48:30.000Z,654.000,1670.54,190,214,76,2.917,29.3,50.823918,4.392378
2026-07-30,Running,Morning Run,"After a break of twenty seven hot days I am back. It was so hot back in India that I could not go for running at all. Now in Brussels, the weather is nice so I started it again.

I lost the stamina a bit but will gain soon.😎",2026-07-30_07-37-35_hk_1785389855.fit,656,2026-07-30T05:48:31.000Z,655.000,1672.67,190,214,76,2.841,29.3,50.823936,4.392414
2026-07-30,Running,Morning Run,"After a break of twenty seven hot days I am back. It was so hot back in India that I could not go for running at all. Now in Brussels, the weather is nice so I started it again.

I lost the stamina a bit but will gain soon.😎",2026-07-30_07-37-35_hk_1785389855.fit,657,2026-07-30T05:48:32.000Z,656.000,1674.8,190,214,76,2.803,29.3,50.823936,4.39245
2026-07-30,Running,Morning Run,"After a break of twenty seven hot days I am back. It was so hot back in India that I could not go for running at all. Now in Brussels, the weather is nice so I started it again.

I lost the stamina a bit but will gain soon.😎",2026-07-30_07-37-35_hk_1785389855.fit,658,2026-07-30T05:48:33.000Z,657.000,1677.84,190,214,75,2.779,29.3,50.823954,4.392486
2026-07-30,Running,Morning Run,"After a break of twenty seven hot days I am back. It was so hot back in India that I could not go for running at all. Now in Brussels, the weather is nice so I started it again.

I lost the stamina a bit but will gain soon.😎",2026-07-30_07-37-35_hk_1785389855.fit,659,2026-07-30T05:48:34.000Z,658.000,1680.88,190,212,75,2.74,29.3,50.823972,4.392504
2026-07-30,Running,Morning Run,"After a break of twenty seven hot days I am back. It was so hot back in India that I could not go for running at all. Now in Brussels, the weather is nice so I started it again.

I lost the stamina a bit but will gain soon.😎",2026-07-30_07-37-35_hk_1785389855.fit,660,2026-07-30T05:48:35.000Z,659.000,1683.36,190,212,75,2.672,29.3,50.823972,4.39254
2026-07-30,Running,Morning Run,"After a break of twenty seven hot days I am back. It was so hot back in India that I could not go for running at all. Now in Brussels, the weather is nice so I started it again.

I lost the stamina a bit but will gain soon.😎",2026-07-30_07-37-35_hk_1785389855.fit,661,2026-07-30T05:48:36.000Z,660.000,1685.84,190,212,75,2.659,29.3,50.82399,4.392576
2026-07-30,Running,Morning Run,"After a break of twenty seven hot days I am back. It was so hot back in India that I could not go for running at all. Now in Brussels, the weather is nice so I started it again.

I lost the stamina a bit but will gain soon.😎",2026-07-30_07-37-35_hk_1785389855.fit,662,2026-07-30T05:48:37.000Z,661.000,1688.31,190,211,75,2.645,29.3,50.824008,4.392612
2026-07-30,Running,Morning Run,"After a break of twenty seven hot days I am back. It was so hot back in India that I could not go for running at all. Now in Brussels, the weather is nice so I started it again.

I lost the stamina a bit but will gain soon.😎",2026-07-30_07-37-35_hk_1785389855.fit,663,2026-07-30T05:48:38.000Z,662.000,1692.4,190,211,75,2.716,29.3,50.824026,4.392648
2026-07-30,Running,Morning Run,"After a break of twenty seven hot days I am back. It was so hot back in India that I could not go for running at all. Now in Brussels, the weather is nice so I started it again.

I lost the stamina a bit but will gain soon.😎",2026-07-30_07-37-35_hk_1785389855.fit,664,2026-07-30T05:48:39.000Z,663.000,1696.49,190,214,73,2.753,29.3,50.824026,4.392666
2026-07-30,Running,Morning Run,"After a break of twenty seven hot days I am back. It was so hot back in India that I could not go for running at all. Now in Brussels, the weather is nice so I started it again.

I lost the stamina a bit but will gain soon.😎",2026-07-30_07-37-35_hk_1785389855.fit,665,2026-07-30T05:48:40.000Z,664.000,1698.98,189,214,73,2.705,29.3,50.824044,4.392702
2026-07-30,Running,Morning Run,"After a break of twenty seven hot days I am back. It was so hot back in India that I could not go for running at all. Now in Brussels, the weather is nice so I started it again.

I lost the stamina a bit but will gain soon.😎",2026-07-30_07-37-35_hk_1785389855.fit,666,2026-07-30T05:48:41.000Z,665.000,1701.46,189,214,73,2.689,29.3,50.824062,4.392738
2026-07-30,Running,Morning Run,"After a break of twenty seven hot days I am back. It was so hot back in India that I could not go for running at all. Now in Brussels, the weather is nice so I started it again.

I lost the stamina a bit but will gain soon.😎",2026-07-30_07-37-35_hk_1785389855.fit,667,2026-07-30T05:48:42.000Z,666.000,1703.95,189,213,76,2.672,29.3,50.824062,4.392774
2026-07-30,Running,Morning Run,"After a break of twenty seven hot days I am back. It was so hot back in India that I could not go for running at all. Now in Brussels, the weather is nice so I started it again.

I lost the stamina a bit but will gain soon.😎",2026-07-30_07-37-35_hk_1785389855.fit,668,2026-07-30T05:48:43.000Z,667.000,1707.05,189,213,76,2.687,29.3,50.82408,4.39281
2026-07-30,Running,Morning Run,"After a break of twenty seven hot days I am back. It was so hot back in India that I could not go for running at all. Now in Brussels, the weather is nice so I started it again.

I lost the stamina a bit but will gain soon.😎",2026-07-30_07-37-35_hk_1785389855.fit,669,2026-07-30T05:48:44.000Z,668.000,1710.14,189,210,76,2.712,29.3,50.824098,4.392828
2026-07-30,Running,Morning Run,"After a break of twenty seven hot days I am back. It was so hot back in India that I could not go for running at all. Now in Brussels, the weather is nice so I started it again.

I lost the stamina a bit but will gain soon.😎",2026-07-30_07-37-35_hk_1785389855.fit,670,2026-07-30T05:48:45.000Z,669.000,1712.81,189,210,76,2.713,29.3,50.824116,4.392864
2026-07-30,Running,Morning Run,"After a break of twenty seven hot days I am back. It was so hot back in India that I could not go for running at all. Now in Brussels, the weather is nice so I started it again.

I lost the stamina a bit but will gain soon.😎",2026-07-30_07-37-35_hk_1785389855.fit,671,2026-07-30T05:48:46.000Z,670.000,1715.49,189,210,76,2.729,29.3,50.824116,4.3929
2026-07-30,Running,Morning Run,"After a break of twenty seven hot days I am back. It was so hot back in India that I could not go for running at all. Now in Brussels, the weather is nice so I started it again.

I lost the stamina a bit but will gain soon.😎",2026-07-30_07-37-35_hk_1785389855.fit,672,2026-07-30T05:48:47.000Z,671.000,1718.16,189,210,76,2.744,29.3,50.824134,4.392936
2026-07-30,Running,Morning Run,"After a break of twenty seven hot days I am back. It was so hot back in India that I could not go for running at all. Now in Brussels, the weather is nice so I started it again.

I lost the stamina a bit but will gain soon.😎",2026-07-30_07-37-35_hk_1785389855.fit,673,2026-07-30T05:48:48.000Z,672.000,1720.46,189,210,75,2.74,29.3,50.824152,4.392954
2026-07-30,Running,Morning Run,"After a break of twenty seven hot days I am back. It was so hot back in India that I could not go for running at all. Now in Brussels, the weather is nice so I started it again.

I lost the stamina a bit but will gain soon.😎",2026-07-30_07-37-35_hk_1785389855.fit,674,2026-07-30T05:48:49.000Z,673.000,1722.76,189,210,75,2.783,29.3,50.82417,4.39299
2026-07-30,Running,Morning Run,"After a break of twenty seven hot days I am back. It was so hot back in India that I could not go for running at all. Now in Brussels, the weather is nice so I started it again.

I lost the stamina a bit but will gain soon.😎",2026-07-30_07-37-35_hk_1785389855.fit,675,2026-07-30T05:48:50.000Z,674.000,1725.06,189,206,75,2.792,29.3,50.824188,4.393008
2026-07-30,Running,Morning Run,"After a break of twenty seven hot days I am back. It was so hot back in India that I could not go for running at all. Now in Brussels, the weather is nice so I started it again.

I lost the stamina a bit but will gain soon.😎",2026-07-30_07-37-35_hk_1785389855.fit,676,2026-07-30T05:48:51.000Z,675.000,1728.68,189,206,73,2.825,29.3,50.824188,4.393044
2026-07-30,Running,Morning Run,"After a break of twenty seven hot days I am back. It was so hot back in India that I could not go for running at all. Now in Brussels, the weather is nice so I started it again.

I lost the stamina a bit but will gain soon.😎",2026-07-30_07-37-35_hk_1785389855.fit,677,2026-07-30T05:48:52.000Z,676.000,1732.31,189,206,73,2.857,29.3,50.824206,4.39308
2026-07-30,Running,Morning Run,"After a break of twenty seven hot days I am back. It was so hot back in India that I could not go for running at all. Now in Brussels, the weather is nice so I started it again.

I lost the stamina a bit but will gain soon.😎",2026-07-30_07-37-35_hk_1785389855.fit,678,2026-07-30T05:48:53.000Z,677.000,1734.04,189,206,73,2.816,29.3,50.824224,4.393116
2026-07-30,Running,Morning Run,"After a break of twenty seven hot days I am back. It was so hot back in India that I could not go for running at all. Now in Brussels, the weather is nice so I started it again.

I lost the stamina a bit but will gain soon.😎",2026-07-30_07-37-35_hk_1785389855.fit,679,2026-07-30T05:48:54.000Z,678.000,1735.77,189,206,73,2.758,29.3,50.824224,4.393134
2026-07-30,Running,Morning Run,"After a break of twenty seven hot days I am back. It was so hot back in India that I could not go for running at all. Now in Brussels, the weather is nice so I started it again.

I lost the stamina a bit but will gain soon.😎",2026-07-30_07-37-35_hk_1785389855.fit,680,2026-07-30T05:48:55.000Z,679.000,1737.5,189,203,73,2.719,29.3,50.824242,4.39317
2026-07-30,Running,Morning Run,"After a break of twenty seven hot days I am back. It was so hot back in India that I could not go for running at all. Now in Brussels, the weather is nice so I started it again.

I lost the stamina a bit but will gain soon.😎",2026-07-30_07-37-35_hk_1785389855.fit,681,2026-07-30T05:48:56.000Z,680.000,1740.55,189,203,73,2.749,29.3,50.82426,4.393188
2026-07-30,Running,Morning Run,"After a break of twenty seven hot days I am back. It was so hot back in India that I could not go for running at all. Now in Brussels, the weather is nice so I started it again.

I lost the stamina a bit but will gain soon.😎",2026-07-30_07-37-35_hk_1785389855.fit,682,2026-07-30T05:48:57.000Z,681.000,1743.61,189,200,73,2.695,29.3,50.82426,4.393224
2026-07-30,Running,Morning Run,"After a break of twenty seven hot days I am back. It was so hot back in India that I could not go for running at all. Now in Brussels, the weather is nice so I started it again.

I lost the stamina a bit but will gain soon.😎",2026-07-30_07-37-35_hk_1785389855.fit,683,2026-07-30T05:48:58.000Z,682.000,1745.7,189,200,73,2.665,29.3,50.824278,4.393242
2026-07-30,Running,Morning Run,"After a break of twenty seven hot days I am back. It was so hot back in India that I could not go for running at all. Now in Brussels, the weather is nice so I started it again.

I lost the stamina a bit but will gain soon.😎",2026-07-30_07-37-35_hk_1785389855.fit,684,2026-07-30T05:48:59.000Z,683.000,1747.8,189,200,73,2.565,29.3,50.824296,4.393278
2026-07-30,Running,Morning Run,"After a break of twenty seven hot days I am back. It was so hot back in India that I could not go for running at all. Now in Brussels, the weather is nice so I started it again.

I lost the stamina a bit but will gain soon.😎",2026-07-30_07-37-35_hk_1785389855.fit,685,2026-07-30T05:49:00.000Z,684.000,1749.9,189,200,76,2.546,29.3,50.824296,4.393314
2026-07-30,Running,Morning Run,"After a break of twenty seven hot days I am back. It was so hot back in India that I could not go for running at all. Now in Brussels, the weather is nice so I started it again.

I lost the stamina a bit but will gain soon.😎",2026-07-30_07-37-35_hk_1785389855.fit,686,2026-07-30T05:49:01.000Z,685.000,1753.72,189,200,76,2.613,29.3,50.824314,4.393332
2026-07-30,Running,Morning Run,"After a break of twenty seven hot days I am back. It was so hot back in India that I could not go for running at all. Now in Brussels, the weather is nice so I started it again.

I lost the stamina a bit but will gain soon.😎",2026-07-30_07-37-35_hk_1785389855.fit,687,2026-07-30T05:49:02.000Z,686.000,1757.54,189,201,76,2.657,29.3,50.824332,4.393368
2026-07-30,Running,Morning Run,"After a break of twenty seven hot days I am back. It was so hot back in India that I could not go for running at all. Now in Brussels, the weather is nice so I started it again.

I lost the stamina a bit but will gain soon.😎",2026-07-30_07-37-35_hk_1785389855.fit,688,2026-07-30T05:49:03.000Z,687.000,1759.49,190,201,76,2.622,29.3,50.824332,4.393404
2026-07-30,Running,Morning Run,"After a break of twenty seven hot days I am back. It was so hot back in India that I could not go for running at all. Now in Brussels, the weather is nice so I started it again.

I lost the stamina a bit but will gain soon.😎",2026-07-30_07-37-35_hk_1785389855.fit,689,2026-07-30T05:49:04.000Z,688.000,1761.44,190,201,76,2.565,29.3,50.82435,4.39344
2026-07-30,Running,Morning Run,"After a break of twenty seven hot days I am back. It was so hot back in India that I could not go for running at all. Now in Brussels, the weather is nice so I started it again.

I lost the stamina a bit but will gain soon.😎",2026-07-30_07-37-35_hk_1785389855.fit,690,2026-07-30T05:49:05.000Z,689.000,1763.4,190,202,76,2.529,29.3,50.824368,4.393458
2026-07-30,Running,Morning Run,"After a break of twenty seven hot days I am back. It was so hot back in India that I could not go for running at all. Now in Brussels, the weather is nice so I started it again.

I lost the stamina a bit but will gain soon.😎",2026-07-30_07-37-35_hk_1785389855.fit,691,2026-07-30T05:49:06.000Z,690.000,1766.3,190,202,76,2.541,29.3,50.824368,4.393494
2026-07-30,Running,Morning Run,"After a break of twenty seven hot days I am back. It was so hot back in India that I could not go for running at all. Now in Brussels, the weather is nice so I started it again.

I lost the stamina a bit but will gain soon.😎",2026-07-30_07-37-35_hk_1785389855.fit,692,2026-07-30T05:49:07.000Z,691.000,1769.2,190,199,76,2.552,29.3,50.824386,4.39353
2026-07-30,Running,Morning Run,"After a break of twenty seven hot days I am back. It was so hot back in India that I could not go for running at all. Now in Brussels, the weather is nice so I started it again.

I lost the stamina a bit but will gain soon.😎",2026-07-30_07-37-35_hk_1785389855.fit,693,2026-07-30T05:49:08.000Z,692.000,1771.38,190,199,76,2.546,29.3,50.824386,4.393548
2026-07-30,Running,Morning Run,"After a break of twenty seven hot days I am back. It was so hot back in India that I could not go for running at all. Now in Brussels, the weather is nice so I started it again.

I lost the stamina a bit but will gain soon.😎",2026-07-30_07-37-35_hk_1785389855.fit,694,2026-07-30T05:49:09.000Z,693.000,1773.56,189,199,76,2.54,29.3,50.824404,4.393584
2026-07-30,Running,Morning Run,"After a break of twenty seven hot days I am back. It was so hot back in India that I could not go for running at all. Now in Brussels, the weather is nice so I started it again.

I lost the stamina a bit but will gain soon.😎",2026-07-30_07-37-35_hk_1785389855.fit,695,2026-07-30T05:49:10.000Z,694.000,1775.73,189,200,76,2.534,29.3,50.824422,4.393602
2026-07-30,Running,Morning Run,"After a break of twenty seven hot days I am back. It was so hot back in India that I could not go for running at all. Now in Brussels, the weather is nice so I started it again.

I lost the stamina a bit but will gain soon.😎",2026-07-30_07-37-35_hk_1785389855.fit,696,2026-07-30T05:49:11.000Z,695.000,1777.93,189,200,76,2.518,29.3,50.824422,4.393638
2026-07-30,Running,Morning Run,"After a break of twenty seven hot days I am back. It was so hot back in India that I could not go for running at all. Now in Brussels, the weather is nice so I started it again.

I lost the stamina a bit but will gain soon.😎",2026-07-30_07-37-35_hk_1785389855.fit,697,2026-07-30T05:49:12.000Z,696.000,1780.13,189,200,76,2.45,29.3,50.82444,4.393656
2026-07-30,Running,Morning Run,"After a break of twenty seven hot days I am back. It was so hot back in India that I could not go for running at all. Now in Brussels, the weather is nice so I started it again.

I lost the stamina a bit but will gain soon.😎",2026-07-30_07-37-35_hk_1785389855.fit,698,2026-07-30T05:49:13.000Z,697.000,1782.33,190,199,76,2.382,29.3,50.824458,4.393674
2026-07-30,Running,Morning Run,"After a break of twenty seven hot days I am back. It was so hot back in India that I could not go for running at all. Now in Brussels, the weather is nice so I started it again.

I lost the stamina a bit but will gain soon.😎",2026-07-30_07-37-35_hk_1785389855.fit,699,2026-07-30T05:49:14.000Z,698.000,1785.47,190,199,76,2.449,29.3,50.824476,4.39371
2026-07-30,Running,Morning Run,"After a break of twenty seven hot days I am back. It was so hot back in India that I could not go for running at all. Now in Brussels, the weather is nice so I started it again.

I lost the stamina a bit but will gain soon.😎",2026-07-30_07-37-35_hk_1785389855.fit,700,2026-07-30T05:49:15.000Z,699.000,1788.6,190,200,76,2.555,29.3,50.824494,4.393728
2026-07-30,Running,Morning Run,"After a break of twenty seven hot days I am back. It was so hot back in India that I could not go for running at all. Now in Brussels, the weather is nice so I started it again.

I lost the stamina a bit but will gain soon.😎",2026-07-30_07-37-35_hk_1785389855.fit,701,2026-07-30T05:49:16.000Z,700.000,1790.89,190,200,76,2.517,29.3,50.824512,4.393764
2026-07-30,Running,Morning Run,"After a break of twenty seven hot days I am back. It was so hot back in India that I could not go for running at all. Now in Brussels, the weather is nice so I started it again.

I lost the stamina a bit but will gain soon.😎",2026-07-30_07-37-35_hk_1785389855.fit,702,2026-07-30T05:49:17.000Z,701.000,1793.17,190,200,76,2.506,29.3,50.824512,4.393782
2026-07-30,Running,Morning Run,"After a break of twenty seven hot days I am back. It was so hot back in India that I could not go for running at all. Now in Brussels, the weather is nice so I started it again.

I lost the stamina a bit but will gain soon.😎",2026-07-30_07-37-35_hk_1785389855.fit,703,2026-07-30T05:49:18.000Z,702.000,1795.46,190,201,76,2.469,29.3,50.82453,4.393818
2026-07-30,Running,Morning Run,"After a break of twenty seven hot days I am back. It was so hot back in India that I could not go for running at all. Now in Brussels, the weather is nice so I started it again.

I lost the stamina a bit but will gain soon.😎",2026-07-30_07-37-35_hk_1785389855.fit,704,2026-07-30T05:49:19.000Z,703.000,1798.6,190,201,76,2.54,29.3,50.824548,4.393854
2026-07-30,Running,Morning Run,"After a break of twenty seven hot days I am back. It was so hot back in India that I could not go for running at all. Now in Brussels, the weather is nice so I started it again.

I lost the stamina a bit but will gain soon.😎",2026-07-30_07-37-35_hk_1785389855.fit,705,2026-07-30T05:49:20.000Z,704.000,1801.73,190,199,76,2.592,29.31,50.824548,4.393872
2026-07-30,Running,Morning Run,"After a break of twenty seven hot days I am back. It was so hot back in India that I could not go for running at all. Now in Brussels, the weather is nice so I started it again.

I lost the stamina a bit but will gain soon.😎",2026-07-30_07-37-35_hk_1785389855.fit,706,2026-07-30T05:49:21.000Z,705.000,1803.98,190,199,76,2.513,29.31,50.824566,4.393908
2026-07-30,Running,Morning Run,"After a break of twenty seven hot days I am back. It was so hot back in India that I could not go for running at all. Now in Brussels, the weather is nice so I started it again.

I lost the stamina a bit but will gain soon.😎",2026-07-30_07-37-35_hk_1785389855.fit,707,2026-07-30T05:49:22.000Z,706.000,1806.23,191,199,76,2.5,29.31,50.824584,4.393944
2026-07-30,Running,Morning Run,"After a break of twenty seven hot days I am back. It was so hot back in India that I could not go for running at all. Now in Brussels, the weather is nice so I started it again.

I lost the stamina a bit but will gain soon.😎",2026-07-30_07-37-35_hk_1785389855.fit,708,2026-07-30T05:49:23.000Z,707.000,1808.47,191,196,76,2.425,29.31,50.824602,4.393962
2026-07-30,Running,Morning Run,"After a break of twenty seven hot days I am back. It was so hot back in India that I could not go for running at all. Now in Brussels, the weather is nice so I started it again.

I lost the stamina a bit but will gain soon.😎",2026-07-30_07-37-35_hk_1785389855.fit,709,2026-07-30T05:49:24.000Z,708.000,1811.94,191,196,76,2.525,29.31,50.824602,4.393998
2026-07-30,Running,Morning Run,"After a break of twenty seven hot days I am back. It was so hot back in India that I could not go for running at all. Now in Brussels, the weather is nice so I started it again.

I lost the stamina a bit but will gain soon.😎",2026-07-30_07-37-35_hk_1785389855.fit,710,2026-07-30T05:49:25.000Z,709.000,1815.41,191,196,76,2.601,29.31,50.82462,4.394016
2026-07-30,Running,Morning Run,"After a break of twenty seven hot days I am back. It was so hot back in India that I could not go for running at all. Now in Brussels, the weather is nice so I started it again.

I lost the stamina a bit but will gain soon.😎",2026-07-30_07-37-35_hk_1785389855.fit,711,2026-07-30T05:49:26.000Z,710.000,1817.44,190,196,76,2.557,29.31,50.824638,4.394052
2026-07-30,Running,Morning Run,"After a break of twenty seven hot days I am back. It was so hot back in India that I could not go for running at all. Now in Brussels, the weather is nice so I started it again.

I lost the stamina a bit but will gain soon.😎",2026-07-30_07-37-35_hk_1785389855.fit,712,2026-07-30T05:49:27.000Z,711.000,1819.47,190,196,76,2.513,29.31,50.824656,4.39407
2026-07-30,Running,Morning Run,"After a break of twenty seven hot days I am back. It was so hot back in India that I could not go for running at all. Now in Brussels, the weather is nice so I started it again.

I lost the stamina a bit but will gain soon.😎",2026-07-30_07-37-35_hk_1785389855.fit,713,2026-07-30T05:49:28.000Z,712.000,1821.5,190,196,76,2.506,29.31,50.824674,4.394106
2026-07-30,Running,Morning Run,"After a break of twenty seven hot days I am back. It was so hot back in India that I could not go for running at all. Now in Brussels, the weather is nice so I started it again.

I lost the stamina a bit but will gain soon.😎",2026-07-30_07-37-35_hk_1785389855.fit,714,2026-07-30T05:49:29.000Z,713.000,1824.42,190,196,76,2.543,29.31,50.824674,4.394142
2026-07-30,Running,Morning Run,"After a break of twenty seven hot days I am back. It was so hot back in India that I could not go for running at all. Now in Brussels, the weather is nice so I started it again.

I lost the stamina a bit but will gain soon.😎",2026-07-30_07-37-35_hk_1785389855.fit,715,2026-07-30T05:49:30.000Z,714.000,1827.35,190,196,76,2.581,29.31,50.824692,4.39416
2026-07-30,Running,Morning Run,"After a break of twenty seven hot days I am back. It was so hot back in India that I could not go for running at all. Now in Brussels, the weather is nice so I started it again.

I lost the stamina a bit but will gain soon.😎",2026-07-30_07-37-35_hk_1785389855.fit,716,2026-07-30T05:49:31.000Z,715.000,1829.57,190,196,76,2.582,29.31,50.82471,4.394196
2026-07-30,Running,Morning Run,"After a break of twenty seven hot days I am back. It was so hot back in India that I could not go for running at all. Now in Brussels, the weather is nice so I started it again.

I lost the stamina a bit but will gain soon.😎",2026-07-30_07-37-35_hk_1785389855.fit,717,2026-07-30T05:49:32.000Z,716.000,1831.79,190,196,76,2.583,29.31,50.824728,4.394214
2026-07-30,Running,Morning Run,"After a break of twenty seven hot days I am back. It was so hot back in India that I could not go for running at all. Now in Brussels, the weather is nice so I started it again.

I lost the stamina a bit but will gain soon.😎",2026-07-30_07-37-35_hk_1785389855.fit,718,2026-07-30T05:49:33.000Z,717.000,1834,190,193,76,2.583,29.31,50.824746,4.394232
2026-07-30,Running,Morning Run,"After a break of twenty seven hot days I am back. It was so hot back in India that I could not go for running at all. Now in Brussels, the weather is nice so I started it again.

I lost the stamina a bit but will gain soon.😎",2026-07-30_07-37-35_hk_1785389855.fit,719,2026-07-30T05:49:34.000Z,718.000,1836.5,190,193,76,2.552,29.31,50.824764,4.39425
2026-07-30,Running,Morning Run,"After a break of twenty seven hot days I am back. It was so hot back in India that I could not go for running at all. Now in Brussels, the weather is nice so I started it again.

I lost the stamina a bit but will gain soon.😎",2026-07-30_07-37-35_hk_1785389855.fit,720,2026-07-30T05:49:35.000Z,719.000,1838.99,190,193,76,2.52,29.31,50.824782,4.394286
2026-07-30,Running,Morning Run,"After a break of twenty seven hot days I am back. It was so hot back in India that I could not go for running at all. Now in Brussels, the weather is nice so I started it again.

I lost the stamina a bit but will gain soon.😎",2026-07-30_07-37-35_hk_1785389855.fit,721,2026-07-30T05:49:36.000Z,720.000,1841.49,190,197,76,2.53,29.31,50.8248,4.394304
2026-07-30,Running,Morning Run,"After a break of twenty seven hot days I am back. It was so hot back in India that I could not go for running at all. Now in Brussels, the weather is nice so I started it again.

I lost the stamina a bit but will gain soon.😎",2026-07-30_07-37-35_hk_1785389855.fit,722,2026-07-30T05:49:37.000Z,721.000,1845.72,191,197,76,2.645,29.31,50.824836,4.394322
2026-07-30,Running,Morning Run,"After a break of twenty seven hot days I am back. It was so hot back in India that I could not go for running at all. Now in Brussels, the weather is nice so I started it again.

I lost the stamina a bit but will gain soon.😎",2026-07-30_07-37-35_hk_1785389855.fit,723,2026-07-30T05:49:38.000Z,722.000,1849.95,191,199,76,2.703,29.31,50.824854,4.39434
2026-07-30,Running,Morning Run,"After a break of twenty seven hot days I am back. It was so hot back in India that I could not go for running at all. Now in Brussels, the weather is nice so I started it again.

I lost the stamina a bit but will gain soon.😎",2026-07-30_07-37-35_hk_1785389855.fit,724,2026-07-30T05:49:39.000Z,723.000,1852,191,199,76,2.645,29.31,50.824872,4.394376
2026-07-30,Running,Morning Run,"After a break of twenty seven hot days I am back. It was so hot back in India that I could not go for running at all. Now in Brussels, the weather is nice so I started it again.

I lost the stamina a bit but will gain soon.😎",2026-07-30_07-37-35_hk_1785389855.fit,725,2026-07-30T05:49:40.000Z,724.000,1854.04,191,199,76,2.635,29.31,50.82489,4.394394
2026-07-30,Running,Morning Run,"After a break of twenty seven hot days I am back. It was so hot back in India that I could not go for running at all. Now in Brussels, the weather is nice so I started it again.

I lost the stamina a bit but will gain soon.😎",2026-07-30_07-37-35_hk_1785389855.fit,726,2026-07-30T05:49:41.000Z,725.000,1856.09,191,198,76,2.606,29.31,50.824908,4.394412
2026-07-30,Running,Morning Run,"After a break of twenty seven hot days I am back. It was so hot back in India that I could not go for running at all. Now in Brussels, the weather is nice so I started it again.

I lost the stamina a bit but will gain soon.😎",2026-07-30_07-37-35_hk_1785389855.fit,727,2026-07-30T05:49:42.000Z,726.000,1860.26,191,198,76,2.726,29.31,50.824926,4.39443
2026-07-30,Running,Morning Run,"After a break of twenty seven hot days I am back. It was so hot back in India that I could not go for running at all. Now in Brussels, the weather is nice so I started it again.

I lost the stamina a bit but will gain soon.😎",2026-07-30_07-37-35_hk_1785389855.fit,728,2026-07-30T05:49:43.000Z,727.000,1864.43,191,201,76,2.762,29.3,50.824944,4.394448
2026-07-30,Running,Morning Run,"After a break of twenty seven hot days I am back. It was so hot back in India that I could not go for running at all. Now in Brussels, the weather is nice so I started it again.

I lost the stamina a bit but will gain soon.😎",2026-07-30_07-37-35_hk_1785389855.fit,729,2026-07-30T05:49:44.000Z,728.000,1866.24,191,201,76,2.675,29.3,50.824962,4.394484
2026-07-30,Running,Morning Run,"After a break of twenty seven hot days I am back. It was so hot back in India that I could not go for running at all. Now in Brussels, the weather is nice so I started it again.

I lost the stamina a bit but will gain soon.😎",2026-07-30_07-37-35_hk_1785389855.fit,730,2026-07-30T05:49:45.000Z,729.000,1868.06,191,201,76,2.664,29.3,50.82498,4.394502
2026-07-30,Running,Morning Run,"After a break of twenty seven hot days I am back. It was so hot back in India that I could not go for running at all. Now in Brussels, the weather is nice so I started it again.

I lost the stamina a bit but will gain soon.😎",2026-07-30_07-37-35_hk_1785389855.fit,731,2026-07-30T05:49:46.000Z,730.000,1869.87,191,202,76,2.653,29.3,50.824998,4.39452
2026-07-30,Running,Morning Run,"After a break of twenty seven hot days I am back. It was so hot back in India that I could not go for running at all. Now in Brussels, the weather is nice so I started it again.

I lost the stamina a bit but will gain soon.😎",2026-07-30_07-37-35_hk_1785389855.fit,732,2026-07-30T05:49:47.000Z,731.000,1872.93,191,202,76,2.707,29.29,50.825016,4.394556
2026-07-30,Running,Morning Run,"After a break of twenty seven hot days I am back. It was so hot back in India that I could not go for running at all. Now in Brussels, the weather is nice so I started it again.

I lost the stamina a bit but will gain soon.😎",2026-07-30_07-37-35_hk_1785389855.fit,733,2026-07-30T05:49:48.000Z,732.000,1875.98,191,200,76,2.714,29.29,50.825034,4.394574
2026-07-30,Running,Morning Run,"After a break of twenty seven hot days I am back. It was so hot back in India that I could not go for running at all. Now in Brussels, the weather is nice so I started it again.

I lost the stamina a bit but will gain soon.😎",2026-07-30_07-37-35_hk_1785389855.fit,734,2026-07-30T05:49:49.000Z,733.000,1877.69,190,200,76,2.649,29.29,50.825052,4.39461
2026-07-30,Running,Morning Run,"After a break of twenty seven hot days I am back. It was so hot back in India that I could not go for running at all. Now in Brussels, the weather is nice so I started it again.

I lost the stamina a bit but will gain soon.😎",2026-07-30_07-37-35_hk_1785389855.fit,735,2026-07-30T05:49:50.000Z,734.000,1879.39,190,200,76,2.602,29.28,50.825052,4.394628
2026-07-30,Running,Morning Run,"After a break of twenty seven hot days I am back. It was so hot back in India that I could not go for running at all. Now in Brussels, the weather is nice so I started it again.

I lost the stamina a bit but will gain soon.😎",2026-07-30_07-37-35_hk_1785389855.fit,736,2026-07-30T05:49:51.000Z,735.000,1881.09,190,195,76,2.576,29.28,50.82507,4.394664
2026-07-30,Running,Morning Run,"After a break of twenty seven hot days I am back. It was so hot back in India that I could not go for running at all. Now in Brussels, the weather is nice so I started it again.

I lost the stamina a bit but will gain soon.😎",2026-07-30_07-37-35_hk_1785389855.fit,737,2026-07-30T05:49:52.000Z,736.000,1883.43,190,195,76,2.582,29.27,50.825088,4.3947
2026-07-30,Running,Morning Run,"After a break of twenty seven hot days I am back. It was so hot back in India that I could not go for running at all. Now in Brussels, the weather is nice so I started it again.

I lost the stamina a bit but will gain soon.😎",2026-07-30_07-37-35_hk_1785389855.fit,738,2026-07-30T05:49:53.000Z,737.000,1885.76,190,195,76,2.588,29.27,50.825088,4.394718
2026-07-30,Running,Morning Run,"After a break of twenty seven hot days I am back. It was so hot back in India that I could not go for running at all. Now in Brussels, the weather is nice so I started it again.

I lost the stamina a bit but will gain soon.😎",2026-07-30_07-37-35_hk_1785389855.fit,739,2026-07-30T05:49:54.000Z,738.000,1888.09,190,195,77,2.579,29.26,50.825106,4.394754
2026-07-30,Running,Morning Run,"After a break of twenty seven hot days I am back. It was so hot back in India that I could not go for running at all. Now in Brussels, the weather is nice so I started it again.

I lost the stamina a bit but will gain soon.😎",2026-07-30_07-37-35_hk_1785389855.fit,740,2026-07-30T05:49:55.000Z,739.000,1891.73,190,195,77,2.644,29.26,50.825106,4.39479
2026-07-30,Running,Morning Run,"After a break of twenty seven hot days I am back. It was so hot back in India that I could not go for running at all. Now in Brussels, the weather is nice so I started it again.

I lost the stamina a bit but will gain soon.😎",2026-07-30_07-37-35_hk_1785389855.fit,741,2026-07-30T05:49:56.000Z,740.000,1895.38,190,193,77,2.695,29.25,50.825124,4.394826
2026-07-30,Running,Morning Run,"After a break of twenty seven hot days I am back. It was so hot back in India that I could not go for running at all. Now in Brussels, the weather is nice so I started it again.

I lost the stamina a bit but will gain soon.😎",2026-07-30_07-37-35_hk_1785389855.fit,742,2026-07-30T05:49:57.000Z,741.000,1897.9,191,193,78,2.609,29.25,50.825142,4.394862
2026-07-30,Running,Morning Run,"After a break of twenty seven hot days I am back. It was so hot back in India that I could not go for running at all. Now in Brussels, the weather is nice so I started it again.

I lost the stamina a bit but will gain soon.😎",2026-07-30_07-37-35_hk_1785389855.fit,743,2026-07-30T05:49:58.000Z,742.000,1900.43,191,193,78,2.524,29.24,50.825142,4.394898
2026-07-30,Running,Morning Run,"After a break of twenty seven hot days I am back. It was so hot back in India that I could not go for running at all. Now in Brussels, the weather is nice so I started it again.

I lost the stamina a bit but will gain soon.😎",2026-07-30_07-37-35_hk_1785389855.fit,744,2026-07-30T05:49:59.000Z,743.000,1902.96,191,197,78,2.548,29.24,50.82516,4.394916
2026-07-30,Running,Morning Run,"After a break of twenty seven hot days I am back. It was so hot back in India that I could not go for running at all. Now in Brussels, the weather is nice so I started it again.

I lost the stamina a bit but will gain soon.😎",2026-07-30_07-37-35_hk_1785389855.fit,745,2026-07-30T05:50:00.000Z,744.000,1907.55,191,197,78,2.708,29.24,50.825178,4.394952
2026-07-30,Running,Morning Run,"After a break of twenty seven hot days I am back. It was so hot back in India that I could not go for running at all. Now in Brussels, the weather is nice so I started it again.

I lost the stamina a bit but will gain soon.😎",2026-07-30_07-37-35_hk_1785389855.fit,746,2026-07-30T05:50:01.000Z,745.000,1912.15,191,202,78,2.731,29.24,50.825178,4.394988
2026-07-30,Running,Morning Run,"After a break of twenty seven hot days I am back. It was so hot back in India that I could not go for running at all. Now in Brussels, the weather is nice so I started it again.

I lost the stamina a bit but will gain soon.😎",2026-07-30_07-37-35_hk_1785389855.fit,747,2026-07-30T05:50:02.000Z,746.000,1914.24,191,202,78,2.699,29.24,50.825196,4.395024
2026-07-30,Running,Morning Run,"After a break of twenty seven hot days I am back. It was so hot back in India that I could not go for running at all. Now in Brussels, the weather is nice so I started it again.

I lost the stamina a bit but will gain soon.😎",2026-07-30_07-37-35_hk_1785389855.fit,748,2026-07-30T05:50:03.000Z,747.000,1916.33,191,202,77,2.636,29.24,50.825196,4.39506
2026-07-30,Running,Morning Run,"After a break of twenty seven hot days I am back. It was so hot back in India that I could not go for running at all. Now in Brussels, the weather is nice so I started it again.

I lost the stamina a bit but will gain soon.😎",2026-07-30_07-37-35_hk_1785389855.fit,749,2026-07-30T05:50:04.000Z,748.000,1918.42,191,202,77,2.651,29.24,50.825214,4.395096
2026-07-30,Running,Morning Run,"After a break of twenty seven hot days I am back. It was so hot back in India that I could not go for running at all. Now in Brussels, the weather is nice so I started it again.

I lost the stamina a bit but will gain soon.😎",2026-07-30_07-37-35_hk_1785389855.fit,750,2026-07-30T05:50:05.000Z,749.000,1922.26,191,202,77,2.757,29.24,50.825232,4.395132
2026-07-30,Running,Morning Run,"After a break of twenty seven hot days I am back. It was so hot back in India that I could not go for running at all. Now in Brussels, the weather is nice so I started it again.

I lost the stamina a bit but will gain soon.😎",2026-07-30_07-37-35_hk_1785389855.fit,751,2026-07-30T05:50:06.000Z,750.000,1926.1,191,202,76,2.784,29.24,50.825232,4.39515
2026-07-30,Running,Morning Run,"After a break of twenty seven hot days I am back. It was so hot back in India that I could not go for running at all. Now in Brussels, the weather is nice so I started it again.

I lost the stamina a bit but will gain soon.😎",2026-07-30_07-37-35_hk_1785389855.fit,752,2026-07-30T05:50:07.000Z,751.000,1928.38,191,202,76,2.816,29.24,50.82525,4.395186
2026-07-30,Running,Morning Run,"After a break of twenty seven hot days I am back. It was so hot back in India that I could not go for running at all. Now in Brussels, the weather is nice so I started it again.

I lost the stamina a bit but will gain soon.😎",2026-07-30_07-37-35_hk_1785389855.fit,753,2026-07-30T05:50:08.000Z,752.000,1930.66,191,202,76,2.848,29.24,50.825268,4.395222
2026-07-30,Running,Morning Run,"After a break of twenty seven hot days I am back. It was so hot back in India that I could not go for running at all. Now in Brussels, the weather is nice so I started it again.

I lost the stamina a bit but will gain soon.😎",2026-07-30_07-37-35_hk_1785389855.fit,754,2026-07-30T05:50:09.000Z,753.000,1932.93,191,203,76,2.88,29.24,50.825286,4.39524
2026-07-30,Running,Morning Run,"After a break of twenty seven hot days I am back. It was so hot back in India that I could not go for running at all. Now in Brussels, the weather is nice so I started it again.

I lost the stamina a bit but will gain soon.😎",2026-07-30_07-37-35_hk_1785389855.fit,755,2026-07-30T05:50:10.000Z,754.000,1935.81,191,203,76,2.944,29.24,50.825286,4.395276
2026-07-30,Running,Morning Run,"After a break of twenty seven hot days I am back. It was so hot back in India that I could not go for running at all. Now in Brussels, the weather is nice so I started it again.

I lost the stamina a bit but will gain soon.😎",2026-07-30_07-37-35_hk_1785389855.fit,756,2026-07-30T05:50:11.000Z,755.000,1938.69,191,201,76,2.976,29.24,50.825304,4.395312
2026-07-30,Running,Morning Run,"After a break of twenty seven hot days I am back. It was so hot back in India that I could not go for running at all. Now in Brussels, the weather is nice so I started it again.

I lost the stamina a bit but will gain soon.😎",2026-07-30_07-37-35_hk_1785389855.fit,757,2026-07-30T05:50:12.000Z,756.000,1940.55,191,201,76,2.915,29.24,50.825322,4.39533
2026-07-30,Running,Morning Run,"After a break of twenty seven hot days I am back. It was so hot back in India that I could not go for running at all. Now in Brussels, the weather is nice so I started it again.

I lost the stamina a bit but will gain soon.😎",2026-07-30_07-37-35_hk_1785389855.fit,758,2026-07-30T05:50:13.000Z,757.000,1942.42,191,201,76,2.816,29.24,50.825322,4.395366
2026-07-30,Running,Morning Run,"After a break of twenty seven hot days I am back. It was so hot back in India that I could not go for running at all. Now in Brussels, the weather is nice so I started it again.

I lost the stamina a bit but will gain soon.😎",2026-07-30_07-37-35_hk_1785389855.fit,759,2026-07-30T05:50:14.000Z,758.000,1944.28,191,199,76,2.766,29.25,50.82534,4.395402
2026-07-30,Running,Morning Run,"After a break of twenty seven hot days I am back. It was so hot back in India that I could not go for running at all. Now in Brussels, the weather is nice so I started it again.

I lost the stamina a bit but will gain soon.😎",2026-07-30_07-37-35_hk_1785389855.fit,760,2026-07-30T05:50:15.000Z,759.000,1946.28,191,199,76,2.679,29.25,50.825358,4.39542
2026-07-30,Running,Morning Run,"After a break of twenty seven hot days I am back. It was so hot back in India that I could not go for running at all. Now in Brussels, the weather is nice so I started it again.

I lost the stamina a bit but will gain soon.😎",2026-07-30_07-37-35_hk_1785389855.fit,761,2026-07-30T05:50:16.000Z,760.000,1948.28,191,199,76,2.651,29.25,50.825358,4.395456
2026-07-30,Running,Morning Run,"After a break of twenty seven hot days I am back. It was so hot back in India that I could not go for running at all. Now in Brussels, the weather is nice so I started it again.

I lost the stamina a bit but will gain soon.😎",2026-07-30_07-37-35_hk_1785389855.fit,762,2026-07-30T05:50:17.000Z,761.000,1950.28,191,197,76,2.619,29.25,50.825376,4.395474
2026-07-30,Running,Morning Run,"After a break of twenty seven hot days I am back. It was so hot back in India that I could not go for running at all. Now in Brussels, the weather is nice so I started it again.

I lost the stamina a bit but will gain soon.😎",2026-07-30_07-37-35_hk_1785389855.fit,763,2026-07-30T05:50:18.000Z,762.000,1953.31,191,197,76,2.65,29.25,50.825394,4.39551
2026-07-30,Running,Morning Run,"After a break of twenty seven hot days I am back. It was so hot back in India that I could not go for running at all. Now in Brussels, the weather is nice so I started it again.

I lost the stamina a bit but will gain soon.😎",2026-07-30_07-37-35_hk_1785389855.fit,764,2026-07-30T05:50:19.000Z,763.000,1956.34,191,197,76,2.669,29.25,50.825394,4.395546
2026-07-30,Running,Morning Run,"After a break of twenty seven hot days I am back. It was so hot back in India that I could not go for running at all. Now in Brussels, the weather is nice so I started it again.

I lost the stamina a bit but will gain soon.😎",2026-07-30_07-37-35_hk_1785389855.fit,765,2026-07-30T05:50:20.000Z,764.000,1958.73,191,197,76,2.559,29.25,50.825412,4.395582
2026-07-30,Running,Morning Run,"After a break of twenty seven hot days I am back. It was so hot back in India that I could not go for running at all. Now in Brussels, the weather is nice so I started it again.

I lost the stamina a bit but will gain soon.😎",2026-07-30_07-37-35_hk_1785389855.fit,766,2026-07-30T05:50:21.000Z,765.000,1961.13,191,197,76,2.551,29.25,50.825412,4.3956
2026-07-30,Running,Morning Run,"After a break of twenty seven hot days I am back. It was so hot back in India that I could not go for running at all. Now in Brussels, the weather is nice so I started it again.

I lost the stamina a bit but will gain soon.😎",2026-07-30_07-37-35_hk_1785389855.fit,767,2026-07-30T05:50:22.000Z,766.000,1963.52,191,197,76,2.446,29.24,50.82543,4.395636
2026-07-30,Running,Morning Run,"After a break of twenty seven hot days I am back. It was so hot back in India that I could not go for running at all. Now in Brussels, the weather is nice so I started it again.

I lost the stamina a bit but will gain soon.😎",2026-07-30_07-37-35_hk_1785389855.fit,768,2026-07-30T05:50:23.000Z,767.000,1966.38,191,197,76,2.502,29.24,50.825448,4.395672
2026-07-30,Running,Morning Run,"After a break of twenty seven hot days I am back. It was so hot back in India that I could not go for running at all. Now in Brussels, the weather is nice so I started it again.

I lost the stamina a bit but will gain soon.😎",2026-07-30_07-37-35_hk_1785389855.fit,769,2026-07-30T05:50:24.000Z,768.000,1969.23,191,196,76,2.54,29.24,50.825448,4.395708
2026-07-30,Running,Morning Run,"After a break of twenty seven hot days I am back. It was so hot back in India that I could not go for running at all. Now in Brussels, the weather is nice so I started it again.

I lost the stamina a bit but will gain soon.😎",2026-07-30_07-37-35_hk_1785389855.fit,770,2026-07-30T05:50:25.000Z,769.000,1971.66,191,196,76,2.535,29.24,50.825466,4.395726
2026-07-30,Running,Morning Run,"After a break of twenty seven hot days I am back. It was so hot back in India that I could not go for running at all. Now in Brussels, the weather is nice so I started it again.

I lost the stamina a bit but will gain soon.😎",2026-07-30_07-37-35_hk_1785389855.fit,771,2026-07-30T05:50:26.000Z,770.000,1974.09,191,196,76,2.468,29.24,50.825484,4.395762
2026-07-30,Running,Morning Run,"After a break of twenty seven hot days I am back. It was so hot back in India that I could not go for running at all. Now in Brussels, the weather is nice so I started it again.

I lost the stamina a bit but will gain soon.😎",2026-07-30_07-37-35_hk_1785389855.fit,772,2026-07-30T05:50:27.000Z,771.000,1976.53,191,195,76,2.401,29.24,50.825484,4.395798
2026-07-30,Running,Morning Run,"After a break of twenty seven hot days I am back. It was so hot back in India that I could not go for running at all. Now in Brussels, the weather is nice so I started it again.

I lost the stamina a bit but will gain soon.😎",2026-07-30_07-37-35_hk_1785389855.fit,773,2026-07-30T05:50:28.000Z,772.000,1979.49,191,195,76,2.434,29.23,50.825502,4.395834
2026-07-30,Running,Morning Run,"After a break of twenty seven hot days I am back. It was so hot back in India that I could not go for running at all. Now in Brussels, the weather is nice so I started it again.

I lost the stamina a bit but will gain soon.😎",2026-07-30_07-37-35_hk_1785389855.fit,774,2026-07-30T05:50:29.000Z,773.000,1982.46,191,194,76,2.467,29.23,50.825502,4.395852
2026-07-30,Running,Morning Run,"After a break of twenty seven hot days I am back. It was so hot back in India that I could not go for running at all. Now in Brussels, the weather is nice so I started it again.

I lost the stamina a bit but will gain soon.😎",2026-07-30_07-37-35_hk_1785389855.fit,775,2026-07-30T05:50:30.000Z,774.000,1984.6,191,194,76,2.461,29.23,50.82552,4.395888
2026-07-30,Running,Morning Run,"After a break of twenty seven hot days I am back. It was so hot back in India that I could not go for running at all. Now in Brussels, the weather is nice so I started it again.

I lost the stamina a bit but will gain soon.😎",2026-07-30_07-37-35_hk_1785389855.fit,776,2026-07-30T05:50:31.000Z,775.000,1986.75,191,194,76,2.426,29.23,50.82552,4.395924
2026-07-30,Running,Morning Run,"After a break of twenty seven hot days I am back. It was so hot back in India that I could not go for running at all. Now in Brussels, the weather is nice so I started it again.

I lost the stamina a bit but will gain soon.😎",2026-07-30_07-37-35_hk_1785389855.fit,777,2026-07-30T05:50:32.000Z,776.000,1988.9,191,197,76,2.391,29.23,50.82552,4.39596
2026-07-30,Running,Morning Run,"After a break of twenty seven hot days I am back. It was so hot back in India that I could not go for running at all. Now in Brussels, the weather is nice so I started it again.

I lost the stamina a bit but will gain soon.😎",2026-07-30_07-37-35_hk_1785389855.fit,778,2026-07-30T05:50:33.000Z,777.000,1991.93,191,197,76,2.446,29.23,50.825538,4.395978
2026-07-30,Running,Morning Run,"After a break of twenty seven hot days I am back. It was so hot back in India that I could not go for running at all. Now in Brussels, the weather is nice so I started it again.

I lost the stamina a bit but will gain soon.😎",2026-07-30_07-37-35_hk_1785389855.fit,779,2026-07-30T05:50:34.000Z,778.000,1994.95,191,197,76,2.534,29.23,50.825538,4.396014
2026-07-30,Running,Morning Run,"After a break of twenty seven hot days I am back. It was so hot back in India that I could not go for running at all. Now in Brussels, the weather is nice so I started it again.

I lost the stamina a bit but will gain soon.😎",2026-07-30_07-37-35_hk_1785389855.fit,780,2026-07-30T05:50:35.000Z,779.000,1997.59,191,197,76,2.565,29.23,50.825538,4.39605
2026-07-30,Running,Morning Run,"After a break of twenty seven hot days I am back. It was so hot back in India that I could not go for running at all. Now in Brussels, the weather is nice so I started it again.

I lost the stamina a bit but will gain soon.😎",2026-07-30_07-37-35_hk_1785389855.fit,781,2026-07-30T05:50:36.000Z,780.000,2000.22,190,197,76,2.597,29.23,50.825538,4.396086
2026-07-30,Running,Morning Run,"After a break of twenty seven hot days I am back. It was so hot back in India that I could not go for running at all. Now in Brussels, the weather is nice so I started it again.

I lost the stamina a bit but will gain soon.😎",2026-07-30_07-37-35_hk_1785389855.fit,782,2026-07-30T05:50:37.000Z,781.000,2002.86,190,200,76,2.629,29.23,50.825538,4.396122
2026-07-30,Running,Morning Run,"After a break of twenty seven hot days I am back. It was so hot back in India that I could not go for running at all. Now in Brussels, the weather is nice so I started it again.

I lost the stamina a bit but will gain soon.😎",2026-07-30_07-37-35_hk_1785389855.fit,783,2026-07-30T05:50:38.000Z,782.000,2004.97,190,200,76,2.583,29.24,50.82552,4.396158
2026-07-30,Running,Morning Run,"After a break of twenty seven hot days I am back. It was so hot back in India that I could not go for running at all. Now in Brussels, the weather is nice so I started it again.

I lost the stamina a bit but will gain soon.😎",2026-07-30_07-37-35_hk_1785389855.fit,784,2026-07-30T05:50:39.000Z,783.000,2007.08,190,200,76,2.537,29.24,50.825502,4.396176
2026-07-30,Running,Morning Run,"After a break of twenty seven hot days I am back. It was so hot back in India that I could not go for running at all. Now in Brussels, the weather is nice so I started it again.

I lost the stamina a bit but will gain soon.😎",2026-07-30_07-37-35_hk_1785389855.fit,785,2026-07-30T05:50:40.000Z,784.000,2009.2,190,205,76,2.523,29.24,50.825484,4.396194
2026-07-30,Running,Morning Run,"After a break of twenty seven hot days I am back. It was so hot back in India that I could not go for running at all. Now in Brussels, the weather is nice so I started it again.

I lost the stamina a bit but will gain soon.😎",2026-07-30_07-37-35_hk_1785389855.fit,786,2026-07-30T05:50:41.000Z,785.000,2012.45,190,205,76,2.566,29.23,50.825466,4.396212
2026-07-30,Running,Morning Run,"After a break of twenty seven hot days I am back. It was so hot back in India that I could not go for running at all. Now in Brussels, the weather is nice so I started it again.

I lost the stamina a bit but will gain soon.😎",2026-07-30_07-37-35_hk_1785389855.fit,787,2026-07-30T05:50:42.000Z,786.000,2015.71,191,202,76,2.609,29.23,50.825448,4.39623
2026-07-30,Running,Morning Run,"After a break of twenty seven hot days I am back. It was so hot back in India that I could not go for running at all. Now in Brussels, the weather is nice so I started it again.

I lost the stamina a bit but will gain soon.😎",2026-07-30_07-37-35_hk_1785389855.fit,788,2026-07-30T05:50:43.000Z,787.000,2017.39,191,202,76,2.55,29.22,50.82543,4.396266
2026-07-30,Running,Morning Run,"After a break of twenty seven hot days I am back. It was so hot back in India that I could not go for running at all. Now in Brussels, the weather is nice so I started it again.

I lost the stamina a bit but will gain soon.😎",2026-07-30_07-37-35_hk_1785389855.fit,789,2026-07-30T05:50:44.000Z,788.000,2019.06,191,202,76,2.509,29.21,50.825412,4.396284
2026-07-30,Running,Morning Run,"After a break of twenty seven hot days I am back. It was so hot back in India that I could not go for running at all. Now in Brussels, the weather is nice so I started it again.

I lost the stamina a bit but will gain soon.😎",2026-07-30_07-37-35_hk_1785389855.fit,790,2026-07-30T05:50:45.000Z,789.000,2020.74,191,197,73,2.453,29.2,50.825394,4.396302
2026-07-30,Running,Morning Run,"After a break of twenty seven hot days I am back. It was so hot back in India that I could not go for running at all. Now in Brussels, the weather is nice so I started it again.

I lost the stamina a bit but will gain soon.😎",2026-07-30_07-37-35_hk_1785389855.fit,791,2026-07-30T05:50:46.000Z,790.000,42949672.95,191,197,73,65.535,29.19,50.825394,4.396338
2026-07-30,Running,Morning Run,"After a break of twenty seven hot days I am back. It was so hot back in India that I could not go for running at all. Now in Brussels, the weather is nice so I started it again.

I lost the stamina a bit but will gain soon.😎",2026-07-30_07-37-35_hk_1785389855.fit,792,2026-07-30T05:50:47.000Z,791.000,42949672.95,191,197,73,65.535,29.17,50.825376,4.396356
2026-07-30,Running,Morning Run,"After a break of twenty seven hot days I am back. It was so hot back in India that I could not go for running at all. Now in Brussels, the weather is nice so I started it again.

I lost the stamina a bit but will gain soon.😎",2026-07-30_07-37-35_hk_1785389855.fit,793,2026-07-30T05:50:48.000Z,792.000,42949672.95,191,197,70,65.535,29.15,50.825376,4.396374
2026-07-30,Running,Morning Run,"After a break of twenty seven hot days I am back. It was so hot back in India that I could not go for running at all. Now in Brussels, the weather is nice so I started it again.

I lost the stamina a bit but will gain soon.😎",2026-07-30_07-37-35_hk_1785389855.fit,794,2026-07-30T05:50:49.000Z,793.000,42949672.95,191,197,70,65.535,29.13,50.825358,4.396392
2026-07-30,Running,Morning Run,"After a break of twenty seven hot days I am back. It was so hot back in India that I could not go for running at all. Now in Brussels, the weather is nice so I started it again.

I lost the stamina a bit but will gain soon.😎",2026-07-30_07-37-35_hk_1785389855.fit,795,2026-07-30T05:50:50.000Z,794.000,42949672.95,191,200,70,65.535,29.11,50.825358,4.396428