workout_date,workout_type,title,notes,source_file,record_index,timestamp,elapsed_seconds,distance_m,heart_rate,power,cadence,speed,altitude,latitude,longitude
2026-10-02,Running,Evening Run,"Finished work a bit early today so decided to go for a run. I went for three kilometres which is nice as I am not tired. My leg muscles are also not tired so they are getting stronger.

Now I will sleep happily.",2026-10-02_18-00-48_hk_1790956848.fit,1,2026-10-02T16:00:49.000Z,0.000,0.23,,,,,29.98,50.820498,4.402926
2026-10-02,Running,Evening Run,"Finished work a bit early today so decided to go for a run. I went for three kilometres which is nice as I am not tired. My leg muscles are also not tired so they are getting stronger.

Now I will sleep happily.",2026-10-02_18-00-48_hk_1790956848.fit,2,2026-10-02T16:00:57.000Z,8.000,3.85,,,,,29.97,50.820516,4.402944
2026-10-02,Running,Evening Run,"Finished work a bit early today so decided to go for a run. I went for three kilometres which is nice as I am not tired. My leg muscles are also not tired so they are getting stronger.

Now I will sleep happily.",2026-10-02_18-00-48_hk_1790956848.fit,3,2026-10-02T16:00:58.000Z,9.000,4.31,,,,,29.96,50.820534,4.402944
2026-10-02,Running,Evening Run,"Finished work a bit early today so decided to go for a run. I went for three kilometres which is nice as I am not tired. My leg muscles are also not tired so they are getting stronger.

Now I will sleep happily.",2026-10-02_18-00-48_hk_1790956848.fit,4,2026-10-02T16:00:59.000Z,10.000,4.76,,,,,29.95,50.820534,4.402962
2026-10-02,Running,Evening Run,"Finished work a bit early today so decided to go for a run. I went for three kilometres which is nice as I am not tired. My leg muscles are also not tired so they are getting stronger.

Now I will sleep happily.",2026-10-02_18-00-48_hk_1790956848.fit,5,2026-10-02T16:01:00.000Z,11.000,5.21,,,,,29.94,50.820516,4.402962
2026-10-02,Running,Evening Run,"Finished work a bit early today so decided to go for a run. I went for three kilometres which is nice as I am not tired. My leg muscles are also not tired so they are getting stronger.

Now I will sleep happily.",2026-10-02_18-00-48_hk_1790956848.fit,6,2026-10-02T16:01:01.000Z,12.000,5.67,73,,82,,29.93,50.820516,4.40298
2026-10-02,Running,Evening Run,"Finished work a bit early today so decided to go for a run. I went for three kilometres which is nice as I am not tired. My leg muscles are also not tired so they are getting stronger.

Now I will sleep happily.",2026-10-02_18-00-48_hk_1790956848.fit,7,2026-10-02T16:01:02.000Z,13.000,6.12,73,165,82,,29.91,50.820498,4.40298
2026-10-02,Running,Evening Run,"Finished work a bit early today so decided to go for a run. I went for three kilometres which is nice as I am not tired. My leg muscles are also not tired so they are getting stronger.

Now I will sleep happily.",2026-10-02_18-00-48_hk_1790956848.fit,8,2026-10-02T16:01:03.000Z,14.000,9.27,73,165,82,,29.9,50.820498,4.402998
2026-10-02,Running,Evening Run,"Finished work a bit early today so decided to go for a run. I went for three kilometres which is nice as I am not tired. My leg muscles are also not tired so they are getting stronger.

Now I will sleep happily.",2026-10-02_18-00-48_hk_1790956848.fit,9,2026-10-02T16:01:04.000Z,15.000,12.41,74,175,77,,29.89,50.82048,4.403016
2026-10-02,Running,Evening Run,"Finished work a bit early today so decided to go for a run. I went for three kilometres which is nice as I am not tired. My leg muscles are also not tired so they are getting stronger.

Now I will sleep happily.",2026-10-02_18-00-48_hk_1790956848.fit,10,2026-10-02T16:01:05.000Z,16.000,14.44,74,175,77,,29.89,50.820462,4.403016
2026-10-02,Running,Evening Run,"Finished work a bit early today so decided to go for a run. I went for three kilometres which is nice as I am not tired. My leg muscles are also not tired so they are getting stronger.

Now I will sleep happily.",2026-10-02_18-00-48_hk_1790956848.fit,11,2026-10-02T16:01:06.000Z,17.000,16.47,74,175,77,,29.88,50.820444,4.403034
2026-10-02,Running,Evening Run,"Finished work a bit early today so decided to go for a run. I went for three kilometres which is nice as I am not tired. My leg muscles are also not tired so they are getting stronger.

Now I will sleep happily.",2026-10-02_18-00-48_hk_1790956848.fit,12,2026-10-02T16:01:07.000Z,18.000,18.51,74,179,74,,29.88,50.820408,4.403034
2026-10-02,Running,Evening Run,"Finished work a bit early today so decided to go for a run. I went for three kilometres which is nice as I am not tired. My leg muscles are also not tired so they are getting stronger.

Now I will sleep happily.",2026-10-02_18-00-48_hk_1790956848.fit,13,2026-10-02T16:01:08.000Z,19.000,22.09,74,179,74,,29.88,50.82039,4.403052
2026-10-02,Running,Evening Run,"Finished work a bit early today so decided to go for a run. I went for three kilometres which is nice as I am not tired. My leg muscles are also not tired so they are getting stronger.

Now I will sleep happily.",2026-10-02_18-00-48_hk_1790956848.fit,14,2026-10-02T16:01:09.000Z,20.000,25.68,83,184,74,,29.88,50.820372,4.403052
2026-10-02,Running,Evening Run,"Finished work a bit early today so decided to go for a run. I went for three kilometres which is nice as I am not tired. My leg muscles are also not tired so they are getting stronger.

Now I will sleep happily.",2026-10-02_18-00-48_hk_1790956848.fit,15,2026-10-02T16:01:10.000Z,21.000,27.65,83,184,76,,29.88,50.820354,4.403052
2026-10-02,Running,Evening Run,"Finished work a bit early today so decided to go for a run. I went for three kilometres which is nice as I am not tired. My leg muscles are also not tired so they are getting stronger.

Now I will sleep happily.",2026-10-02_18-00-48_hk_1790956848.fit,16,2026-10-02T16:01:11.000Z,22.000,29.62,83,184,76,,29.88,50.820336,4.40307
2026-10-02,Running,Evening Run,"Finished work a bit early today so decided to go for a run. I went for three kilometres which is nice as I am not tired. My leg muscles are also not tired so they are getting stronger.

Now I will sleep happily.",2026-10-02_18-00-48_hk_1790956848.fit,17,2026-10-02T16:01:12.000Z,23.000,31.59,83,184,76,,29.89,50.8203,4.40307
2026-10-02,Running,Evening Run,"Finished work a bit early today so decided to go for a run. I went for three kilometres which is nice as I am not tired. My leg muscles are also not tired so they are getting stronger.

Now I will sleep happily.",2026-10-02_18-00-48_hk_1790956848.fit,18,2026-10-02T16:01:13.000Z,24.000,34.61,83,184,73,,29.89,50.820282,4.403088
2026-10-02,Running,Evening Run,"Finished work a bit early today so decided to go for a run. I went for three kilometres which is nice as I am not tired. My leg muscles are also not tired so they are getting stronger.

Now I will sleep happily.",2026-10-02_18-00-48_hk_1790956848.fit,19,2026-10-02T16:01:14.000Z,25.000,37.64,83,185,73,,29.89,50.820264,4.403106
2026-10-02,Running,Evening Run,"Finished work a bit early today so decided to go for a run. I went for three kilometres which is nice as I am not tired. My leg muscles are also not tired so they are getting stronger.

Now I will sleep happily.",2026-10-02_18-00-48_hk_1790956848.fit,20,2026-10-02T16:01:15.000Z,26.000,39.92,83,185,73,,29.89,50.820246,4.403124
2026-10-02,Running,Evening Run,"Finished work a bit early today so decided to go for a run. I went for three kilometres which is nice as I am not tired. My leg muscles are also not tired so they are getting stronger.

Now I will sleep happily.",2026-10-02_18-00-48_hk_1790956848.fit,21,2026-10-02T16:01:16.000Z,27.000,42.2,83,185,75,,29.9,50.82021,4.403142
2026-10-02,Running,Evening Run,"Finished work a bit early today so decided to go for a run. I went for three kilometres which is nice as I am not tired. My leg muscles are also not tired so they are getting stronger.

Now I will sleep happily.",2026-10-02_18-00-48_hk_1790956848.fit,22,2026-10-02T16:01:17.000Z,28.000,44.48,83,184,75,,29.9,50.820192,4.403178
2026-10-02,Running,Evening Run,"Finished work a bit early today so decided to go for a run. I went for three kilometres which is nice as I am not tired. My leg muscles are also not tired so they are getting stronger.

Now I will sleep happily.",2026-10-02_18-00-48_hk_1790956848.fit,23,2026-10-02T16:01:18.000Z,29.000,47.36,83,184,75,,29.9,50.820156,4.403196
2026-10-02,Running,Evening Run,"Finished work a bit early today so decided to go for a run. I went for three kilometres which is nice as I am not tired. My leg muscles are also not tired so they are getting stronger.

Now I will sleep happily.",2026-10-02_18-00-48_hk_1790956848.fit,24,2026-10-02T16:01:19.000Z,30.000,50.24,83,183,74,,29.9,50.820138,4.403214
2026-10-02,Running,Evening Run,"Finished work a bit early today so decided to go for a run. I went for three kilometres which is nice as I am not tired. My leg muscles are also not tired so they are getting stronger.

Now I will sleep happily.",2026-10-02_18-00-48_hk_1790956848.fit,25,2026-10-02T16:01:20.000Z,31.000,52.17,83,183,74,,29.91,50.82012,4.403232
2026-10-02,Running,Evening Run,"Finished work a bit early today so decided to go for a run. I went for three kilometres which is nice as I am not tired. My leg muscles are also not tired so they are getting stronger.

Now I will sleep happily.",2026-10-02_18-00-48_hk_1790956848.fit,26,2026-10-02T16:01:21.000Z,32.000,54.09,83,183,74,2.093,29.91,50.820102,4.40325
2026-10-02,Running,Evening Run,"Finished work a bit early today so decided to go for a run. I went for three kilometres which is nice as I am not tired. My leg muscles are also not tired so they are getting stronger.

Now I will sleep happily.",2026-10-02_18-00-48_hk_1790956848.fit,27,2026-10-02T16:01:22.000Z,33.000,56.01,83,183,73,2.397,29.91,50.820066,4.403268
2026-10-02,Running,Evening Run,"Finished work a bit early today so decided to go for a run. I went for three kilometres which is nice as I am not tired. My leg muscles are also not tired so they are getting stronger.

Now I will sleep happily.",2026-10-02_18-00-48_hk_1790956848.fit,28,2026-10-02T16:01:23.000Z,34.000,58.31,104,183,73,2.485,29.92,50.820048,4.403286
2026-10-02,Running,Evening Run,"Finished work a bit early today so decided to go for a run. I went for three kilometres which is nice as I am not tired. My leg muscles are also not tired so they are getting stronger.

Now I will sleep happily.",2026-10-02_18-00-48_hk_1790956848.fit,29,2026-10-02T16:01:24.000Z,35.000,60.61,104,183,73,2.445,29.92,50.82003,4.403304
2026-10-02,Running,Evening Run,"Finished work a bit early today so decided to go for a run. I went for three kilometres which is nice as I am not tired. My leg muscles are also not tired so they are getting stronger.

Now I will sleep happily.",2026-10-02_18-00-48_hk_1790956848.fit,30,2026-10-02T16:01:25.000Z,36.000,62.91,105,183,76,2.405,29.92,50.819994,4.403322
2026-10-02,Running,Evening Run,"Finished work a bit early today so decided to go for a run. I went for three kilometres which is nice as I am not tired. My leg muscles are also not tired so they are getting stronger.

Now I will sleep happily.",2026-10-02_18-00-48_hk_1790956848.fit,31,2026-10-02T16:01:26.000Z,37.000,65.69,105,183,76,2.441,29.92,50.819976,4.403322
2026-10-02,Running,Evening Run,"Finished work a bit early today so decided to go for a run. I went for three kilometres which is nice as I am not tired. My leg muscles are also not tired so they are getting stronger.

Now I will sleep happily.",2026-10-02_18-00-48_hk_1790956848.fit,32,2026-10-02T16:01:27.000Z,38.000,68.48,105,183,76,2.477,29.93,50.819958,4.40334
2026-10-02,Running,Evening Run,"Finished work a bit early today so decided to go for a run. I went for three kilometres which is nice as I am not tired. My leg muscles are also not tired so they are getting stronger.

Now I will sleep happily.",2026-10-02_18-00-48_hk_1790956848.fit,33,2026-10-02T16:01:28.000Z,39.000,70.39,105,183,73,2.471,29.93,50.81994,4.40334
2026-10-02,Running,Evening Run,"Finished work a bit early today so decided to go for a run. I went for three kilometres which is nice as I am not tired. My leg muscles are also not tired so they are getting stronger.

Now I will sleep happily.",2026-10-02_18-00-48_hk_1790956848.fit,34,2026-10-02T16:01:29.000Z,40.000,72.3,105,183,73,2.391,29.93,50.819922,4.403358
2026-10-02,Running,Evening Run,"Finished work a bit early today so decided to go for a run. I went for three kilometres which is nice as I am not tired. My leg muscles are also not tired so they are getting stronger.

Now I will sleep happily.",2026-10-02_18-00-48_hk_1790956848.fit,35,2026-10-02T16:01:30.000Z,41.000,74.2,109,183,73,2.369,29.93,50.819904,4.403358
2026-10-02,Running,Evening Run,"Finished work a bit early today so decided to go for a run. I went for three kilometres which is nice as I am not tired. My leg muscles are also not tired so they are getting stronger.

Now I will sleep happily.",2026-10-02_18-00-48_hk_1790956848.fit,36,2026-10-02T16:01:31.000Z,42.000,77.11,109,183,73,2.338,29.93,50.819886,4.403358
2026-10-02,Running,Evening Run,"Finished work a bit early today so decided to go for a run. I went for three kilometres which is nice as I am not tired. My leg muscles are also not tired so they are getting stronger.

Now I will sleep happily.",2026-10-02_18-00-48_hk_1790956848.fit,37,2026-10-02T16:01:32.000Z,43.000,80.02,109,183,73,2.4,29.94,50.819868,4.40334
2026-10-02,Running,Evening Run,"Finished work a bit early today so decided to go for a run. I went for three kilometres which is nice as I am not tired. My leg muscles are also not tired so they are getting stronger.

Now I will sleep happily.",2026-10-02_18-00-48_hk_1790956848.fit,38,2026-10-02T16:01:33.000Z,44.000,81.34,109,183,73,2.351,29.94,50.81985,4.40334
2026-10-02,Running,Evening Run,"Finished work a bit early today so decided to go for a run. I went for three kilometres which is nice as I am not tired. My leg muscles are also not tired so they are getting stronger.

Now I will sleep happily.",2026-10-02_18-00-48_hk_1790956848.fit,39,2026-10-02T16:01:34.000Z,45.000,82.67,109,183,69,2.322,29.94,50.819832,4.40334
2026-10-02,Running,Evening Run,"Finished work a bit early today so decided to go for a run. I went for three kilometres which is nice as I am not tired. My leg muscles are also not tired so they are getting stronger.

Now I will sleep happily.",2026-10-02_18-00-48_hk_1790956848.fit,40,2026-10-02T16:01:35.000Z,46.000,83.99,111,181,69,2.278,29.94,50.819814,4.40334
2026-10-02,Running,Evening Run,"Finished work a bit early today so decided to go for a run. I went for three kilometres which is nice as I am not tired. My leg muscles are also not tired so they are getting stronger.

Now I will sleep happily.",2026-10-02_18-00-48_hk_1790956848.fit,41,2026-10-02T16:01:36.000Z,47.000,87.41,111,181,69,2.296,29.94,50.819796,4.40334
2026-10-02,Running,Evening Run,"Finished work a bit early today so decided to go for a run. I went for three kilometres which is nice as I am not tired. My leg muscles are also not tired so they are getting stronger.

Now I will sleep happily.",2026-10-02_18-00-48_hk_1790956848.fit,42,2026-10-02T16:01:37.000Z,48.000,90.83,111,181,66,2.314,29.94,50.819778,4.40334
2026-10-02,Running,Evening Run,"Finished work a bit early today so decided to go for a run. I went for three kilometres which is nice as I am not tired. My leg muscles are also not tired so they are getting stronger.

Now I will sleep happily.",2026-10-02_18-00-48_hk_1790956848.fit,43,2026-10-02T16:01:38.000Z,49.000,92.85,111,181,66,2.302,29.94,50.81976,4.40334
2026-10-02,Running,Evening Run,"Finished work a bit early today so decided to go for a run. I went for three kilometres which is nice as I am not tired. My leg muscles are also not tired so they are getting stronger.

Now I will sleep happily.",2026-10-02_18-00-48_hk_1790956848.fit,44,2026-10-02T16:01:39.000Z,50.000,94.86,111,181,66,2.29,29.94,50.819742,4.40334
2026-10-02,Running,Evening Run,"Finished work a bit early today so decided to go for a run. I went for three kilometres which is nice as I am not tired. My leg muscles are also not tired so they are getting stronger.

Now I will sleep happily.",2026-10-02_18-00-48_hk_1790956848.fit,45,2026-10-02T16:01:40.000Z,51.000,96.88,111,184,67,2.278,29.94,50.819724,4.40334
2026-10-02,Running,Evening Run,"Finished work a bit early today so decided to go for a run. I went for three kilometres which is nice as I am not tired. My leg muscles are also not tired so they are getting stronger.

Now I will sleep happily.",2026-10-02_18-00-48_hk_1790956848.fit,46,2026-10-02T16:01:41.000Z,52.000,98.8,113,184,67,2.237,29.94,50.819706,4.40334
2026-10-02,Running,Evening Run,"Finished work a bit early today so decided to go for a run. I went for three kilometres which is nice as I am not tired. My leg muscles are also not tired so they are getting stronger.

Now I will sleep happily.",2026-10-02_18-00-48_hk_1790956848.fit,47,2026-10-02T16:01:42.000Z,53.000,100.72,113,184,67,2.195,29.94,50.819688,4.40334
2026-10-02,Running,Evening Run,"Finished work a bit early today so decided to go for a run. I went for three kilometres which is nice as I am not tired. My leg muscles are also not tired so they are getting stronger.

Now I will sleep happily.",2026-10-02_18-00-48_hk_1790956848.fit,48,2026-10-02T16:01:43.000Z,54.000,102.65,113,182,68,2.195,29.94,50.81967,4.40334
2026-10-02,Running,Evening Run,"Finished work a bit early today so decided to go for a run. I went for three kilometres which is nice as I am not tired. My leg muscles are also not tired so they are getting stronger.

Now I will sleep happily.",2026-10-02_18-00-48_hk_1790956848.fit,49,2026-10-02T16:01:44.000Z,55.000,105.96,116,182,68,2.255,29.94,50.819652,4.40334
2026-10-02,Running,Evening Run,"Finished work a bit early today so decided to go for a run. I went for three kilometres which is nice as I am not tired. My leg muscles are also not tired so they are getting stronger.

Now I will sleep happily.",2026-10-02_18-00-48_hk_1790956848.fit,50,2026-10-02T16:01:45.000Z,56.000,109.27,116,181,68,2.316,29.94,50.819616,4.40334
2026-10-02,Running,Evening Run,"Finished work a bit early today so decided to go for a run. I went for three kilometres which is nice as I am not tired. My leg muscles are also not tired so they are getting stronger.

Now I will sleep happily.",2026-10-02_18-00-48_hk_1790956848.fit,51,2026-10-02T16:01:46.000Z,57.000,111.09,116,181,76,2.295,29.94,50.819598,4.40334
2026-10-02,Running,Evening Run,"Finished work a bit early today so decided to go for a run. I went for three kilometres which is nice as I am not tired. My leg muscles are also not tired so they are getting stronger.

Now I will sleep happily.",2026-10-02_18-00-48_hk_1790956848.fit,52,2026-10-02T16:01:47.000Z,58.000,112.92,116,181,76,2.273,29.94,50.81958,4.40334
2026-10-02,Running,Evening Run,"Finished work a bit early today so decided to go for a run. I went for three kilometres which is nice as I am not tired. My leg muscles are also not tired so they are getting stronger.

Now I will sleep happily.",2026-10-02_18-00-48_hk_1790956848.fit,53,2026-10-02T16:01:48.000Z,59.000,114.75,116,179,76,2.254,29.94,50.819562,4.403322
2026-10-02,Running,Evening Run,"Finished work a bit early today so decided to go for a run. I went for three kilometres which is nice as I am not tired. My leg muscles are also not tired so they are getting stronger.

Now I will sleep happily.",2026-10-02_18-00-48_hk_1790956848.fit,54,2026-10-02T16:01:49.000Z,60.000,117.61,116,179,73,2.257,29.94,50.819544,4.403322
2026-10-02,Running,Evening Run,"Finished work a bit early today so decided to go for a run. I went for three kilometres which is nice as I am not tired. My leg muscles are also not tired so they are getting stronger.

Now I will sleep happily.",2026-10-02_18-00-48_hk_1790956848.fit,55,2026-10-02T16:01:50.000Z,61.000,120.47,116,178,73,2.276,29.94,50.819526,4.403322
2026-10-02,Running,Evening Run,"Finished work a bit early today so decided to go for a run. I went for three kilometres which is nice as I am not tired. My leg muscles are also not tired so they are getting stronger.

Now I will sleep happily.",2026-10-02_18-00-48_hk_1790956848.fit,56,2026-10-02T16:01:51.000Z,62.000,122.75,116,178,73,2.293,29.94,50.819508,4.403304
2026-10-02,Running,Evening Run,"Finished work a bit early today so decided to go for a run. I went for three kilometres which is nice as I am not tired. My leg muscles are also not tired so they are getting stronger.

Now I will sleep happily.",2026-10-02_18-00-48_hk_1790956848.fit,57,2026-10-02T16:01:52.000Z,63.000,125.03,118,178,75,2.31,29.94,50.81949,4.403304
2026-10-02,Running,Evening Run,"Finished work a bit early today so decided to go for a run. I went for three kilometres which is nice as I am not tired. My leg muscles are also not tired so they are getting stronger.

Now I will sleep happily.",2026-10-02_18-00-48_hk_1790956848.fit,58,2026-10-02T16:01:53.000Z,64.000,127.31,118,179,75,2.282,29.94,50.819472,4.403304
2026-10-02,Running,Evening Run,"Finished work a bit early today so decided to go for a run. I went for three kilometres which is nice as I am not tired. My leg muscles are also not tired so they are getting stronger.

Now I will sleep happily.",2026-10-02_18-00-48_hk_1790956848.fit,59,2026-10-02T16:01:54.000Z,65.000,130.14,118,179,75,2.278,29.94,50.819454,4.403286
2026-10-02,Running,Evening Run,"Finished work a bit early today so decided to go for a run. I went for three kilometres which is nice as I am not tired. My leg muscles are also not tired so they are getting stronger.

Now I will sleep happily.",2026-10-02_18-00-48_hk_1790956848.fit,60,2026-10-02T16:01:55.000Z,66.000,132.98,118,178,74,2.396,29.94,50.819436,4.403286
2026-10-02,Running,Evening Run,"Finished work a bit early today so decided to go for a run. I went for three kilometres which is nice as I am not tired. My leg muscles are also not tired so they are getting stronger.

Now I will sleep happily.",2026-10-02_18-00-48_hk_1790956848.fit,61,2026-10-02T16:01:56.000Z,67.000,134.86,118,178,74,2.422,29.94,50.819418,4.403286
2026-10-02,Running,Evening Run,"Finished work a bit early today so decided to go for a run. I went for three kilometres which is nice as I am not tired. My leg muscles are also not tired so they are getting stronger.

Now I will sleep happily.",2026-10-02_18-00-48_hk_1790956848.fit,62,2026-10-02T16:01:57.000Z,68.000,136.73,118,178,74,2.397,29.94,50.8194,4.403286
2026-10-02,Running,Evening Run,"Finished work a bit early today so decided to go for a run. I went for three kilometres which is nice as I am not tired. My leg muscles are also not tired so they are getting stronger.

Now I will sleep happily.",2026-10-02_18-00-48_hk_1790956848.fit,63,2026-10-02T16:01:58.000Z,69.000,138.61,118,178,73,2.327,29.94,50.819382,4.403268
2026-10-02,Running,Evening Run,"Finished work a bit early today so decided to go for a run. I went for three kilometres which is nice as I am not tired. My leg muscles are also not tired so they are getting stronger.

Now I will sleep happily.",2026-10-02_18-00-48_hk_1790956848.fit,64,2026-10-02T16:01:59.000Z,70.000,141.94,118,178,73,2.323,29.94,50.819364,4.403268
2026-10-02,Running,Evening Run,"Finished work a bit early today so decided to go for a run. I went for three kilometres which is nice as I am not tired. My leg muscles are also not tired so they are getting stronger.

Now I will sleep happily.",2026-10-02_18-00-48_hk_1790956848.fit,65,2026-10-02T16:02:00.000Z,71.000,145.28,118,178,73,2.401,29.94,50.819346,4.403268
2026-10-02,Running,Evening Run,"Finished work a bit early today so decided to go for a run. I went for three kilometres which is nice as I am not tired. My leg muscles are also not tired so they are getting stronger.

Now I will sleep happily.",2026-10-02_18-00-48_hk_1790956848.fit,66,2026-10-02T16:02:01.000Z,72.000,146.72,118,178,76,2.357,29.94,50.819328,4.403268
2026-10-02,Running,Evening Run,"Finished work a bit early today so decided to go for a run. I went for three kilometres which is nice as I am not tired. My leg muscles are also not tired so they are getting stronger.

Now I will sleep happily.",2026-10-02_18-00-48_hk_1790956848.fit,67,2026-10-02T16:02:02.000Z,73.000,148.17,118,178,76,2.331,29.94,50.81931,4.40325
2026-10-02,Running,Evening Run,"Finished work a bit early today so decided to go for a run. I went for three kilometres which is nice as I am not tired. My leg muscles are also not tired so they are getting stronger.

Now I will sleep happily.",2026-10-02_18-00-48_hk_1790956848.fit,68,2026-10-02T16:02:03.000Z,74.000,149.61,118,178,76,2.31,29.93,50.819292,4.40325
2026-10-02,Running,Evening Run,"Finished work a bit early today so decided to go for a run. I went for three kilometres which is nice as I am not tired. My leg muscles are also not tired so they are getting stronger.

Now I will sleep happily.",2026-10-02_18-00-48_hk_1790956848.fit,69,2026-10-02T16:02:04.000Z,75.000,151.6,118,178,70,2.312,29.93,50.819274,4.40325
2026-10-02,Running,Evening Run,"Finished work a bit early today so decided to go for a run. I went for three kilometres which is nice as I am not tired. My leg muscles are also not tired so they are getting stronger.

Now I will sleep happily.",2026-10-02_18-00-48_hk_1790956848.fit,70,2026-10-02T16:02:05.000Z,76.000,153.58,118,178,70,2.315,29.93,50.819256,4.403232
2026-10-02,Running,Evening Run,"Finished work a bit early today so decided to go for a run. I went for three kilometres which is nice as I am not tired. My leg muscles are also not tired so they are getting stronger.

Now I will sleep happily.",2026-10-02_18-00-48_hk_1790956848.fit,71,2026-10-02T16:02:06.000Z,77.000,155.57,118,178,70,2.301,29.93,50.819238,4.403232
2026-10-02,Running,Evening Run,"Finished work a bit early today so decided to go for a run. I went for three kilometres which is nice as I am not tired. My leg muscles are also not tired so they are getting stronger.

Now I will sleep happily.",2026-10-02_18-00-48_hk_1790956848.fit,72,2026-10-02T16:02:07.000Z,78.000,159.13,118,178,71,2.312,29.93,50.81922,4.403232
2026-10-02,Running,Evening Run,"Finished work a bit early today so decided to go for a run. I went for three kilometres which is nice as I am not tired. My leg muscles are also not tired so they are getting stronger.

Now I will sleep happily.",2026-10-02_18-00-48_hk_1790956848.fit,73,2026-10-02T16:02:08.000Z,79.000,162.68,118,178,71,2.345,29.93,50.819202,4.403214
2026-10-02,Running,Evening Run,"Finished work a bit early today so decided to go for a run. I went for three kilometres which is nice as I am not tired. My leg muscles are also not tired so they are getting stronger.

Now I will sleep happily.",2026-10-02_18-00-48_hk_1790956848.fit,74,2026-10-02T16:02:09.000Z,80.000,164.62,118,178,71,2.35,29.93,50.819184,4.403214
2026-10-02,Running,Evening Run,"Finished work a bit early today so decided to go for a run. I went for three kilometres which is nice as I am not tired. My leg muscles are also not tired so they are getting stronger.

Now I will sleep happily.",2026-10-02_18-00-48_hk_1790956848.fit,75,2026-10-02T16:02:10.000Z,81.000,166.56,118,178,71,2.355,29.93,50.819166,4.403214
2026-10-02,Running,Evening Run,"Finished work a bit early today so decided to go for a run. I went for three kilometres which is nice as I am not tired. My leg muscles are also not tired so they are getting stronger.

Now I will sleep happily.",2026-10-02_18-00-48_hk_1790956848.fit,76,2026-10-02T16:02:11.000Z,82.000,168.5,118,178,71,2.313,29.93,50.819148,4.403196
2026-10-02,Running,Evening Run,"Finished work a bit early today so decided to go for a run. I went for three kilometres which is nice as I am not tired. My leg muscles are also not tired so they are getting stronger.

Now I will sleep happily.",2026-10-02_18-00-48_hk_1790956848.fit,77,2026-10-02T16:02:12.000Z,83.000,171.86,118,178,71,2.336,29.93,50.81913,4.403196
2026-10-02,Running,Evening Run,"Finished work a bit early today so decided to go for a run. I went for three kilometres which is nice as I am not tired. My leg muscles are also not tired so they are getting stronger.

Now I will sleep happily.",2026-10-02_18-00-48_hk_1790956848.fit,78,2026-10-02T16:02:13.000Z,84.000,175.23,118,179,75,2.39,29.93,50.819112,4.403178
2026-10-02,Running,Evening Run,"Finished work a bit early today so decided to go for a run. I went for three kilometres which is nice as I am not tired. My leg muscles are also not tired so they are getting stronger.

Now I will sleep happily.",2026-10-02_18-00-48_hk_1790956848.fit,79,2026-10-02T16:02:14.000Z,85.000,177.2,118,179,75,2.371,29.93,50.819094,4.403178
2026-10-02,Running,Evening Run,"Finished work a bit early today so decided to go for a run. I went for three kilometres which is nice as I am not tired. My leg muscles are also not tired so they are getting stronger.

Now I will sleep happily.",2026-10-02_18-00-48_hk_1790956848.fit,80,2026-10-02T16:02:15.000Z,86.000,179.17,118,179,75,2.357,29.93,50.819076,4.40316
2026-10-02,Running,Evening Run,"Finished work a bit early today so decided to go for a run. I went for three kilometres which is nice as I am not tired. My leg muscles are also not tired so they are getting stronger.

Now I will sleep happily.",2026-10-02_18-00-48_hk_1790956848.fit,81,2026-10-02T16:02:16.000Z,87.000,181.14,118,180,76,2.318,29.93,50.819058,4.40316
2026-10-02,Running,Evening Run,"Finished work a bit early today so decided to go for a run. I went for three kilometres which is nice as I am not tired. My leg muscles are also not tired so they are getting stronger.

Now I will sleep happily.",2026-10-02_18-00-48_hk_1790956848.fit,82,2026-10-02T16:02:17.000Z,88.000,183.97,118,180,76,2.318,29.93,50.81904,4.403142
2026-10-02,Running,Evening Run,"Finished work a bit early today so decided to go for a run. I went for three kilometres which is nice as I am not tired. My leg muscles are also not tired so they are getting stronger.

Now I will sleep happily.",2026-10-02_18-00-48_hk_1790956848.fit,83,2026-10-02T16:02:18.000Z,89.000,186.81,118,179,76,2.385,29.93,50.819022,4.403142
2026-10-02,Running,Evening Run,"Finished work a bit early today so decided to go for a run. I went for three kilometres which is nice as I am not tired. My leg muscles are also not tired so they are getting stronger.

Now I will sleep happily.",2026-10-02_18-00-48_hk_1790956848.fit,84,2026-10-02T16:02:19.000Z,90.000,189.05,118,179,73,2.402,29.92,50.819004,4.403124
2026-10-02,Running,Evening Run,"Finished work a bit early today so decided to go for a run. I went for three kilometres which is nice as I am not tired. My leg muscles are also not tired so they are getting stronger.

Now I will sleep happily.",2026-10-02_18-00-48_hk_1790956848.fit,85,2026-10-02T16:02:20.000Z,91.000,191.3,118,179,73,2.395,29.92,50.818986,4.403124
2026-10-02,Running,Evening Run,"Finished work a bit early today so decided to go for a run. I went for three kilometres which is nice as I am not tired. My leg muscles are also not tired so they are getting stronger.

Now I will sleep happily.",2026-10-02_18-00-48_hk_1790956848.fit,86,2026-10-02T16:02:21.000Z,92.000,193.54,118,179,73,2.345,29.92,50.81895,4.403124
2026-10-02,Running,Evening Run,"Finished work a bit early today so decided to go for a run. I went for three kilometres which is nice as I am not tired. My leg muscles are also not tired so they are getting stronger.

Now I will sleep happily.",2026-10-02_18-00-48_hk_1790956848.fit,87,2026-10-02T16:02:22.000Z,93.000,196.45,129,179,75,2.326,29.92,50.818932,4.403106
2026-10-02,Running,Evening Run,"Finished work a bit early today so decided to go for a run. I went for three kilometres which is nice as I am not tired. My leg muscles are also not tired so they are getting stronger.

Now I will sleep happily.",2026-10-02_18-00-48_hk_1790956848.fit,88,2026-10-02T16:02:23.000Z,94.000,199.35,129,180,75,2.437,29.92,50.818914,4.403106
2026-10-02,Running,Evening Run,"Finished work a bit early today so decided to go for a run. I went for three kilometres which is nice as I am not tired. My leg muscles are also not tired so they are getting stronger.

Now I will sleep happily.",2026-10-02_18-00-48_hk_1790956848.fit,89,2026-10-02T16:02:24.000Z,95.000,201.31,129,180,75,2.462,29.91,50.818896,4.403106
2026-10-02,Running,Evening Run,"Finished work a bit early today so decided to go for a run. I went for three kilometres which is nice as I am not tired. My leg muscles are also not tired so they are getting stronger.

Now I will sleep happily.",2026-10-02_18-00-48_hk_1790956848.fit,90,2026-10-02T16:02:25.000Z,96.000,203.26,129,180,73,2.46,29.91,50.818878,4.403088
2026-10-02,Running,Evening Run,"Finished work a bit early today so decided to go for a run. I went for three kilometres which is nice as I am not tired. My leg muscles are also not tired so they are getting stronger.

Now I will sleep happily.",2026-10-02_18-00-48_hk_1790956848.fit,91,2026-10-02T16:02:26.000Z,97.000,205.22,129,180,73,2.459,29.91,50.81886,4.40307
2026-10-02,Running,Evening Run,"Finished work a bit early today so decided to go for a run. I went for three kilometres which is nice as I am not tired. My leg muscles are also not tired so they are getting stronger.

Now I will sleep happily.",2026-10-02_18-00-48_hk_1790956848.fit,92,2026-10-02T16:02:27.000Z,98.000,207.53,129,180,73,2.474,29.91,50.818842,4.403052
2026-10-02,Running,Evening Run,"Finished work a bit early today so decided to go for a run. I went for three kilometres which is nice as I am not tired. My leg muscles are also not tired so they are getting stronger.

Now I will sleep happily.",2026-10-02_18-00-48_hk_1790956848.fit,93,2026-10-02T16:02:28.000Z,99.000,209.85,129,180,75,2.415,29.9,50.818824,4.403052
2026-10-02,Running,Evening Run,"Finished work a bit early today so decided to go for a run. I went for three kilometres which is nice as I am not tired. My leg muscles are also not tired so they are getting stronger.

Now I will sleep happily.",2026-10-02_18-00-48_hk_1790956848.fit,94,2026-10-02T16:02:29.000Z,100.000,212.16,129,181,75,2.411,29.9,50.818806,4.403034
2026-10-02,Running,Evening Run,"Finished work a bit early today so decided to go for a run. I went for three kilometres which is nice as I am not tired. My leg muscles are also not tired so they are getting stronger.

Now I will sleep happily.",2026-10-02_18-00-48_hk_1790956848.fit,95,2026-10-02T16:02:30.000Z,101.000,215.05,130,181,75,2.401,29.9,50.818788,4.403034
2026-10-02,Running,Evening Run,"Finished work a bit early today so decided to go for a run. I went for three kilometres which is nice as I am not tired. My leg muscles are also not tired so they are getting stronger.

Now I will sleep happily.",2026-10-02_18-00-48_hk_1790956848.fit,96,2026-10-02T16:02:31.000Z,102.000,217.93,130,181,74,2.446,29.9,50.818752,4.403016
2026-10-02,Running,Evening Run,"Finished work a bit early today so decided to go for a run. I went for three kilometres which is nice as I am not tired. My leg muscles are also not tired so they are getting stronger.

Now I will sleep happily.",2026-10-02_18-00-48_hk_1790956848.fit,97,2026-10-02T16:02:32.000Z,103.000,220.3,130,181,74,2.467,29.9,50.818734,4.403016
2026-10-02,Running,Evening Run,"Finished work a bit early today so decided to go for a run. I went for three kilometres which is nice as I am not tired. My leg muscles are also not tired so they are getting stronger.

Now I will sleep happily.",2026-10-02_18-00-48_hk_1790956848.fit,98,2026-10-02T16:02:33.000Z,104.000,222.67,130,181,74,2.42,29.9,50.818716,4.402998
2026-10-02,Running,Evening Run,"Finished work a bit early today so decided to go for a run. I went for three kilometres which is nice as I am not tired. My leg muscles are also not tired so they are getting stronger.

Now I will sleep happily.",2026-10-02_18-00-48_hk_1790956848.fit,99,2026-10-02T16:02:34.000Z,105.000,225.05,130,183,76,2.417,29.89,50.818698,4.40298
2026-10-02,Running,Evening Run,"Finished work a bit early today so decided to go for a run. I went for three kilometres which is nice as I am not tired. My leg muscles are also not tired so they are getting stronger.

Now I will sleep happily.",2026-10-02_18-00-48_hk_1790956848.fit,100,2026-10-02T16:02:35.000Z,106.000,228.05,130,183,76,2.421,29.89,50.81868,4.40298
2026-10-02,Running,Evening Run,"Finished work a bit early today so decided to go for a run. I went for three kilometres which is nice as I am not tired. My leg muscles are also not tired so they are getting stronger.

Now I will sleep happily.",2026-10-02_18-00-48_hk_1790956848.fit,101,2026-10-02T16:02:36.000Z,107.000,231.05,130,184,76,2.471,29.89,50.818662,4.402962
2026-10-02,Running,Evening Run,"Finished work a bit early today so decided to go for a run. I went for three kilometres which is nice as I am not tired. My leg muscles are also not tired so they are getting stronger.

Now I will sleep happily.",2026-10-02_18-00-48_hk_1790956848.fit,102,2026-10-02T16:02:37.000Z,108.000,233.39,130,184,76,2.488,29.89,50.818644,4.402944
2026-10-02,Running,Evening Run,"Finished work a bit early today so decided to go for a run. I went for three kilometres which is nice as I am not tired. My leg muscles are also not tired so they are getting stronger.

Now I will sleep happily.",2026-10-02_18-00-48_hk_1790956848.fit,103,2026-10-02T16:02:38.000Z,109.000,235.72,130,184,76,2.464,29.88,50.818626,4.402944
2026-10-02,Running,Evening Run,"Finished work a bit early today so decided to go for a run. I went for three kilometres which is nice as I am not tired. My leg muscles are also not tired so they are getting stronger.

Now I will sleep happily.",2026-10-02_18-00-48_hk_1790956848.fit,104,2026-10-02T16:02:39.000Z,110.000,238.05,130,184,76,2.44,29.88,50.818608,4.402926
2026-10-02,Running,Evening Run,"Finished work a bit early today so decided to go for a run. I went for three kilometres which is nice as I am not tired. My leg muscles are also not tired so they are getting stronger.

Now I will sleep happily.",2026-10-02_18-00-48_hk_1790956848.fit,105,2026-10-02T16:02:40.000Z,111.000,241.1,130,184,76,2.479,29.88,50.81859,4.402926
2026-10-02,Running,Evening Run,"Finished work a bit early today so decided to go for a run. I went for three kilometres which is nice as I am not tired. My leg muscles are also not tired so they are getting stronger.

Now I will sleep happily.",2026-10-02_18-00-48_hk_1790956848.fit,106,2026-10-02T16:02:41.000Z,112.000,244.15,130,185,76,2.531,29.87,50.818572,4.402908
2026-10-02,Running,Evening Run,"Finished work a bit early today so decided to go for a run. I went for three kilometres which is nice as I am not tired. My leg muscles are also not tired so they are getting stronger.

Now I will sleep happily.",2026-10-02_18-00-48_hk_1790956848.fit,107,2026-10-02T16:02:42.000Z,113.000,246.15,131,185,76,2.506,29.87,50.818554,4.40289
2026-10-02,Running,Evening Run,"Finished work a bit early today so decided to go for a run. I went for three kilometres which is nice as I am not tired. My leg muscles are also not tired so they are getting stronger.

Now I will sleep happily.",2026-10-02_18-00-48_hk_1790956848.fit,108,2026-10-02T16:02:43.000Z,114.000,248.16,131,185,75,2.462,29.87,50.818536,4.402872
2026-10-02,Running,Evening Run,"Finished work a bit early today so decided to go for a run. I went for three kilometres which is nice as I am not tired. My leg muscles are also not tired so they are getting stronger.

Now I will sleep happily.",2026-10-02_18-00-48_hk_1790956848.fit,109,2026-10-02T16:02:44.000Z,115.000,250.16,131,185,75,2.419,29.86,50.818518,4.402854
2026-10-02,Running,Evening Run,"Finished work a bit early today so decided to go for a run. I went for three kilometres which is nice as I am not tired. My leg muscles are also not tired so they are getting stronger.

Now I will sleep happily.",2026-10-02_18-00-48_hk_1790956848.fit,110,2026-10-02T16:02:45.000Z,116.000,252.47,131,185,75,2.436,29.86,50.8185,4.402854
2026-10-02,Running,Evening Run,"Finished work a bit early today so decided to go for a run. I went for three kilometres which is nice as I am not tired. My leg muscles are also not tired so they are getting stronger.

Now I will sleep happily.",2026-10-02_18-00-48_hk_1790956848.fit,111,2026-10-02T16:02:46.000Z,117.000,254.79,131,185,75,2.454,29.86,50.818482,4.402836
2026-10-02,Running,Evening Run,"Finished work a bit early today so decided to go for a run. I went for three kilometres which is nice as I am not tired. My leg muscles are also not tired so they are getting stronger.

Now I will sleep happily.",2026-10-02_18-00-48_hk_1790956848.fit,112,2026-10-02T16:02:47.000Z,118.000,257.11,131,184,75,2.471,29.86,50.818464,4.402836
2026-10-02,Running,Evening Run,"Finished work a bit early today so decided to go for a run. I went for three kilometres which is nice as I am not tired. My leg muscles are also not tired so they are getting stronger.

Now I will sleep happily.",2026-10-02_18-00-48_hk_1790956848.fit,113,2026-10-02T16:02:48.000Z,119.000,259.9,133,184,75,2.502,29.85,50.818446,4.402818
2026-10-02,Running,Evening Run,"Finished work a bit early today so decided to go for a run. I went for three kilometres which is nice as I am not tired. My leg muscles are also not tired so they are getting stronger.

Now I will sleep happily.",2026-10-02_18-00-48_hk_1790956848.fit,114,2026-10-02T16:02:49.000Z,120.000,262.68,133,182,74,2.526,29.85,50.818428,4.4028
2026-10-02,Running,Evening Run,"Finished work a bit early today so decided to go for a run. I went for three kilometres which is nice as I am not tired. My leg muscles are also not tired so they are getting stronger.

Now I will sleep happily.",2026-10-02_18-00-48_hk_1790956848.fit,115,2026-10-02T16:02:50.000Z,121.000,265.04,133,182,74,2.518,29.85,50.81841,4.402782
2026-10-02,Running,Evening Run,"Finished work a bit early today so decided to go for a run. I went for three kilometres which is nice as I am not tired. My leg muscles are also not tired so they are getting stronger.

Now I will sleep happily.",2026-10-02_18-00-48_hk_1790956848.fit,116,2026-10-02T16:02:51.000Z,122.000,267.39,133,182,74,2.492,29.85,50.818392,4.402764
2026-10-02,Running,Evening Run,"Finished work a bit early today so decided to go for a run. I went for three kilometres which is nice as I am not tired. My leg muscles are also not tired so they are getting stronger.

Now I will sleep happily.",2026-10-02_18-00-48_hk_1790956848.fit,117,2026-10-02T16:02:52.000Z,123.000,269.74,132,182,76,2.467,29.85,50.818374,4.402746
2026-10-02,Running,Evening Run,"Finished work a bit early today so decided to go for a run. I went for three kilometres which is nice as I am not tired. My leg muscles are also not tired so they are getting stronger.

Now I will sleep happily.",2026-10-02_18-00-48_hk_1790956848.fit,118,2026-10-02T16:02:53.000Z,124.000,272.65,132,182,76,2.493,29.84,50.818356,4.402728
2026-10-02,Running,Evening Run,"Finished work a bit early today so decided to go for a run. I went for three kilometres which is nice as I am not tired. My leg muscles are also not tired so they are getting stronger.

Now I will sleep happily.",2026-10-02_18-00-48_hk_1790956848.fit,119,2026-10-02T16:02:54.000Z,125.000,275.56,132,181,76,2.526,29.84,50.818338,4.40271
2026-10-02,Running,Evening Run,"Finished work a bit early today so decided to go for a run. I went for three kilometres which is nice as I am not tired. My leg muscles are also not tired so they are getting stronger.

Now I will sleep happily.",2026-10-02_18-00-48_hk_1790956848.fit,120,2026-10-02T16:02:55.000Z,126.000,277.51,132,181,76,2.498,29.84,50.81832,4.40271
2026-10-02,Running,Evening Run,"Finished work a bit early today so decided to go for a run. I went for three kilometres which is nice as I am not tired. My leg muscles are also not tired so they are getting stronger.

Now I will sleep happily.",2026-10-02_18-00-48_hk_1790956848.fit,121,2026-10-02T16:02:56.000Z,127.000,279.47,133,181,76,2.448,29.84,50.818302,4.402692
2026-10-02,Running,Evening Run,"Finished work a bit early today so decided to go for a run. I went for three kilometres which is nice as I am not tired. My leg muscles are also not tired so they are getting stronger.

Now I will sleep happily.",2026-10-02_18-00-48_hk_1790956848.fit,122,2026-10-02T16:02:57.000Z,128.000,281.42,133,180,76,2.399,29.83,50.818284,4.402674
2026-10-02,Running,Evening Run,"Finished work a bit early today so decided to go for a run. I went for three kilometres which is nice as I am not tired. My leg muscles are also not tired so they are getting stronger.

Now I will sleep happily.",2026-10-02_18-00-48_hk_1790956848.fit,123,2026-10-02T16:02:58.000Z,129.000,284.89,133,180,74,2.453,29.83,50.818266,4.402656
2026-10-02,Running,Evening Run,"Finished work a bit early today so decided to go for a run. I went for three kilometres which is nice as I am not tired. My leg muscles are also not tired so they are getting stronger.

Now I will sleep happily.",2026-10-02_18-00-48_hk_1790956848.fit,124,2026-10-02T16:02:59.000Z,130.000,288.37,133,180,74,2.516,29.83,50.818248,4.402656
2026-10-02,Running,Evening Run,"Finished work a bit early today so decided to go for a run. I went for three kilometres which is nice as I am not tired. My leg muscles are also not tired so they are getting stronger.

Now I will sleep happily.",2026-10-02_18-00-48_hk_1790956848.fit,125,2026-10-02T16:03:00.000Z,131.000,290.32,133,180,74,2.489,29.83,50.81823,4.402638
2026-10-02,Running,Evening Run,"Finished work a bit early today so decided to go for a run. I went for three kilometres which is nice as I am not tired. My leg muscles are also not tired so they are getting stronger.

Now I will sleep happily.",2026-10-02_18-00-48_hk_1790956848.fit,126,2026-10-02T16:03:01.000Z,132.000,292.28,133,180,75,2.437,29.82,50.818212,4.40262
2026-10-02,Running,Evening Run,"Finished work a bit early today so decided to go for a run. I went for three kilometres which is nice as I am not tired. My leg muscles are also not tired so they are getting stronger.

Now I will sleep happily.",2026-10-02_18-00-48_hk_1790956848.fit,127,2026-10-02T16:03:02.000Z,133.000,294.23,133,179,75,2.385,29.82,50.818194,4.402602
2026-10-02,Running,Evening Run,"Finished work a bit early today so decided to go for a run. I went for three kilometres which is nice as I am not tired. My leg muscles are also not tired so they are getting stronger.

Now I will sleep happily.",2026-10-02_18-00-48_hk_1790956848.fit,128,2026-10-02T16:03:03.000Z,134.000,297.6,135,179,75,2.45,29.82,50.818176,4.402584
2026-10-02,Running,Evening Run,"Finished work a bit early today so decided to go for a run. I went for three kilometres which is nice as I am not tired. My leg muscles are also not tired so they are getting stronger.

Now I will sleep happily.",2026-10-02_18-00-48_hk_1790956848.fit,129,2026-10-02T16:03:04.000Z,135.000,300.96,135,177,75,2.54,29.82,50.818158,4.402566
2026-10-02,Running,Evening Run,"Finished work a bit early today so decided to go for a run. I went for three kilometres which is nice as I am not tired. My leg muscles are also not tired so they are getting stronger.

Now I will sleep happily.",2026-10-02_18-00-48_hk_1790956848.fit,130,2026-10-02T16:03:05.000Z,136.000,302.91,135,177,75,2.522,29.82,50.81814,4.402548
2026-10-02,Running,Evening Run,"Finished work a bit early today so decided to go for a run. I went for three kilometres which is nice as I am not tired. My leg muscles are also not tired so they are getting stronger.

Now I will sleep happily.",2026-10-02_18-00-48_hk_1790956848.fit,131,2026-10-02T16:03:06.000Z,137.000,304.87,135,177,75,2.504,29.82,50.818122,4.40253
2026-10-02,Running,Evening Run,"Finished work a bit early today so decided to go for a run. I went for three kilometres which is nice as I am not tired. My leg muscles are also not tired so they are getting stronger.

Now I will sleep happily.",2026-10-02_18-00-48_hk_1790956848.fit,132,2026-10-02T16:03:07.000Z,138.000,306.82,135,176,76,2.478,29.81,50.818104,4.402512
2026-10-02,Running,Evening Run,"Finished work a bit early today so decided to go for a run. I went for three kilometres which is nice as I am not tired. My leg muscles are also not tired so they are getting stronger.

Now I will sleep happily.",2026-10-02_18-00-48_hk_1790956848.fit,133,2026-10-02T16:03:08.000Z,139.000,309.08,135,176,76,2.475,29.81,50.818086,4.402494
2026-10-02,Running,Evening Run,"Finished work a bit early today so decided to go for a run. I went for three kilometres which is nice as I am not tired. My leg muscles are also not tired so they are getting stronger.

Now I will sleep happily.",2026-10-02_18-00-48_hk_1790956848.fit,134,2026-10-02T16:03:09.000Z,140.000,311.34,135,176,76,2.45,29.81,50.818068,4.402476
2026-10-02,Running,Evening Run,"Finished work a bit early today so decided to go for a run. I went for three kilometres which is nice as I am not tired. My leg muscles are also not tired so they are getting stronger.

Now I will sleep happily.",2026-10-02_18-00-48_hk_1790956848.fit,135,2026-10-02T16:03:10.000Z,141.000,313.61,135,175,76,2.425,29.81,50.81805,4.402458
2026-10-02,Running,Evening Run,"Finished work a bit early today so decided to go for a run. I went for three kilometres which is nice as I am not tired. My leg muscles are also not tired so they are getting stronger.

Now I will sleep happily.",2026-10-02_18-00-48_hk_1790956848.fit,136,2026-10-02T16:03:11.000Z,142.000,316.49,135,175,76,2.45,29.8,50.81805,4.40244
2026-10-02,Running,Evening Run,"Finished work a bit early today so decided to go for a run. I went for three kilometres which is nice as I am not tired. My leg muscles are also not tired so they are getting stronger.

Now I will sleep happily.",2026-10-02_18-00-48_hk_1790956848.fit,137,2026-10-02T16:03:12.000Z,143.000,319.37,135,174,76,2.475,29.8,50.818032,4.402422
2026-10-02,Running,Evening Run,"Finished work a bit early today so decided to go for a run. I went for three kilometres which is nice as I am not tired. My leg muscles are also not tired so they are getting stronger.

Now I will sleep happily.",2026-10-02_18-00-48_hk_1790956848.fit,138,2026-10-02T16:03:13.000Z,144.000,321.26,132,174,76,2.453,29.8,50.818014,4.402404
2026-10-02,Running,Evening Run,"Finished work a bit early today so decided to go for a run. I went for three kilometres which is nice as I am not tired. My leg muscles are also not tired so they are getting stronger.

Now I will sleep happily.",2026-10-02_18-00-48_hk_1790956848.fit,139,2026-10-02T16:03:14.000Z,145.000,323.16,132,174,76,2.405,29.8,50.817996,4.402386
2026-10-02,Running,Evening Run,"Finished work a bit early today so decided to go for a run. I went for three kilometres which is nice as I am not tired. My leg muscles are also not tired so they are getting stronger.

Now I will sleep happily.",2026-10-02_18-00-48_hk_1790956848.fit,140,2026-10-02T16:03:15.000Z,146.000,325.05,132,172,76,2.382,29.79,50.817978,4.40235
2026-10-02,Running,Evening Run,"Finished work a bit early today so decided to go for a run. I went for three kilometres which is nice as I am not tired. My leg muscles are also not tired so they are getting stronger.

Now I will sleep happily.",2026-10-02_18-00-48_hk_1790956848.fit,141,2026-10-02T16:03:16.000Z,147.000,328.49,131,172,74,2.428,29.79,50.81796,4.402332
2026-10-02,Running,Evening Run,"Finished work a bit early today so decided to go for a run. I went for three kilometres which is nice as I am not tired. My leg muscles are also not tired so they are getting stronger.

Now I will sleep happily.",2026-10-02_18-00-48_hk_1790956848.fit,142,2026-10-02T16:03:17.000Z,148.000,331.94,131,172,74,2.526,29.79,50.817942,4.402314
2026-10-02,Running,Evening Run,"Finished work a bit early today so decided to go for a run. I went for three kilometres which is nice as I am not tired. My leg muscles are also not tired so they are getting stronger.

Now I will sleep happily.",2026-10-02_18-00-48_hk_1790956848.fit,143,2026-10-02T16:03:18.000Z,149.000,333.89,131,172,74,2.499,29.78,50.817942,4.402296
2026-10-02,Running,Evening Run,"Finished work a bit early today so decided to go for a run. I went for three kilometres which is nice as I am not tired. My leg muscles are also not tired so they are getting stronger.

Now I will sleep happily.",2026-10-02_18-00-48_hk_1790956848.fit,144,2026-10-02T16:03:19.000Z,150.000,335.85,131,172,75,2.426,29.78,50.817924,4.40226
2026-10-02,Running,Evening Run,"Finished work a bit early today so decided to go for a run. I went for three kilometres which is nice as I am not tired. My leg muscles are also not tired so they are getting stronger.

Now I will sleep happily.",2026-10-02_18-00-48_hk_1790956848.fit,145,2026-10-02T16:03:20.000Z,151.000,337.8,131,171,75,2.405,29.78,50.817906,4.402242
2026-10-02,Running,Evening Run,"Finished work a bit early today so decided to go for a run. I went for three kilometres which is nice as I am not tired. My leg muscles are also not tired so they are getting stronger.

Now I will sleep happily.",2026-10-02_18-00-48_hk_1790956848.fit,146,2026-10-02T16:03:21.000Z,152.000,341.22,131,171,75,2.424,29.78,50.817906,4.402224
2026-10-02,Running,Evening Run,"Finished work a bit early today so decided to go for a run. I went for three kilometres which is nice as I am not tired. My leg muscles are also not tired so they are getting stronger.

Now I will sleep happily.",2026-10-02_18-00-48_hk_1790956848.fit,147,2026-10-02T16:03:22.000Z,153.000,344.64,131,171,75,2.52,29.77,50.817888,4.402188
2026-10-02,Running,Evening Run,"Finished work a bit early today so decided to go for a run. I went for three kilometres which is nice as I am not tired. My leg muscles are also not tired so they are getting stronger.

Now I will sleep happily.",2026-10-02_18-00-48_hk_1790956848.fit,148,2026-10-02T16:03:23.000Z,154.000,346.53,132,171,75,2.49,29.77,50.81787,4.40217
2026-10-02,Running,Evening Run,"Finished work a bit early today so decided to go for a run. I went for three kilometres which is nice as I am not tired. My leg muscles are also not tired so they are getting stronger.

Now I will sleep happily.",2026-10-02_18-00-48_hk_1790956848.fit,149,2026-10-02T16:03:24.000Z,155.000,348.42,132,171,75,2.42,29.77,50.817852,4.402152
2026-10-02,Running,Evening Run,"Finished work a bit early today so decided to go for a run. I went for three kilometres which is nice as I am not tired. My leg muscles are also not tired so they are getting stronger.

Now I will sleep happily.",2026-10-02_18-00-48_hk_1790956848.fit,150,2026-10-02T16:03:25.000Z,156.000,350.31,132,170,76,2.396,29.76,50.817852,4.402134
2026-10-02,Running,Evening Run,"Finished work a bit early today so decided to go for a run. I went for three kilometres which is nice as I am not tired. My leg muscles are also not tired so they are getting stronger.

Now I will sleep happily.",2026-10-02_18-00-48_hk_1790956848.fit,151,2026-10-02T16:03:26.000Z,157.000,353.71,132,170,76,2.419,29.76,50.817834,4.402116
2026-10-02,Running,Evening Run,"Finished work a bit early today so decided to go for a run. I went for three kilometres which is nice as I am not tired. My leg muscles are also not tired so they are getting stronger.

Now I will sleep happily.",2026-10-02_18-00-48_hk_1790956848.fit,152,2026-10-02T16:03:27.000Z,158.000,357.1,132,169,76,2.514,29.76,50.817816,4.40208
2026-10-02,Running,Evening Run,"Finished work a bit early today so decided to go for a run. I went for three kilometres which is nice as I am not tired. My leg muscles are also not tired so they are getting stronger.

Now I will sleep happily.",2026-10-02_18-00-48_hk_1790956848.fit,153,2026-10-02T16:03:28.000Z,159.000,359.11,132,169,76,2.502,29.76,50.817798,4.402062
2026-10-02,Running,Evening Run,"Finished work a bit early today so decided to go for a run. I went for three kilometres which is nice as I am not tired. My leg muscles are also not tired so they are getting stronger.

Now I will sleep happily.",2026-10-02_18-00-48_hk_1790956848.fit,154,2026-10-02T16:03:29.000Z,160.000,361.13,132,169,76,2.478,29.75,50.817798,4.402026
2026-10-02,Running,Evening Run,"Finished work a bit early today so decided to go for a run. I went for three kilometres which is nice as I am not tired. My leg muscles are also not tired so they are getting stronger.

Now I will sleep happily.",2026-10-02_18-00-48_hk_1790956848.fit,155,2026-10-02T16:03:30.000Z,161.000,363.15,132,169,76,2.467,29.75,50.81778,4.402008
2026-10-02,Running,Evening Run,"Finished work a bit early today so decided to go for a run. I went for three kilometres which is nice as I am not tired. My leg muscles are also not tired so they are getting stronger.

Now I will sleep happily.",2026-10-02_18-00-48_hk_1790956848.fit,156,2026-10-02T16:03:31.000Z,162.000,365.02,132,169,76,2.448,29.75,50.817762,4.40199
2026-10-02,Running,Evening Run,"Finished work a bit early today so decided to go for a run. I went for three kilometres which is nice as I am not tired. My leg muscles are also not tired so they are getting stronger.

Now I will sleep happily.",2026-10-02_18-00-48_hk_1790956848.fit,157,2026-10-02T16:03:32.000Z,163.000,366.9,132,169,76,2.4,29.74,50.817744,4.401954
2026-10-02,Running,Evening Run,"Finished work a bit early today so decided to go for a run. I went for three kilometres which is nice as I am not tired. My leg muscles are also not tired so they are getting stronger.

Now I will sleep happily.",2026-10-02_18-00-48_hk_1790956848.fit,158,2026-10-02T16:03:33.000Z,164.000,368.77,132,168,76,2.377,29.74,50.817744,4.401936
2026-10-02,Running,Evening Run,"Finished work a bit early today so decided to go for a run. I went for three kilometres which is nice as I am not tired. My leg muscles are also not tired so they are getting stronger.

Now I will sleep happily.",2026-10-02_18-00-48_hk_1790956848.fit,159,2026-10-02T16:03:34.000Z,165.000,372.22,132,168,74,2.427,29.74,50.817726,4.401918
2026-10-02,Running,Evening Run,"Finished work a bit early today so decided to go for a run. I went for three kilometres which is nice as I am not tired. My leg muscles are also not tired so they are getting stronger.

Now I will sleep happily.",2026-10-02_18-00-48_hk_1790956848.fit,160,2026-10-02T16:03:35.000Z,166.000,375.67,132,168,74,2.531,29.74,50.817708,4.401882
2026-10-02,Running,Evening Run,"Finished work a bit early today so decided to go for a run. I went for three kilometres which is nice as I am not tired. My leg muscles are also not tired so they are getting stronger.

Now I will sleep happily.",2026-10-02_18-00-48_hk_1790956848.fit,161,2026-10-02T16:03:36.000Z,167.000,377.64,132,168,74,2.504,29.73,50.817708,4.401864
2026-10-02,Running,Evening Run,"Finished work a bit early today so decided to go for a run. I went for three kilometres which is nice as I am not tired. My leg muscles are also not tired so they are getting stronger.

Now I will sleep happily.",2026-10-02_18-00-48_hk_1790956848.fit,162,2026-10-02T16:03:37.000Z,168.000,379.61,132,168,74,2.434,29.73,50.81769,4.401846
2026-10-02,Running,Evening Run,"Finished work a bit early today so decided to go for a run. I went for three kilometres which is nice as I am not tired. My leg muscles are also not tired so they are getting stronger.

Now I will sleep happily.",2026-10-02_18-00-48_hk_1790956848.fit,163,2026-10-02T16:03:38.000Z,169.000,381.58,132,167,74,2.413,29.73,50.817672,4.401828
2026-10-02,Running,Evening Run,"Finished work a bit early today so decided to go for a run. I went for three kilometres which is nice as I am not tired. My leg muscles are also not tired so they are getting stronger.

Now I will sleep happily.",2026-10-02_18-00-48_hk_1790956848.fit,164,2026-10-02T16:03:39.000Z,170.000,385,132,167,74,2.433,29.73,50.817672,4.40181
2026-10-02,Running,Evening Run,"Finished work a bit early today so decided to go for a run. I went for three kilometres which is nice as I am not tired. My leg muscles are also not tired so they are getting stronger.

Now I will sleep happily.",2026-10-02_18-00-48_hk_1790956848.fit,165,2026-10-02T16:03:40.000Z,171.000,388.42,132,167,75,2.531,29.73,50.817654,4.401792
2026-10-02,Running,Evening Run,"Finished work a bit early today so decided to go for a run. I went for three kilometres which is nice as I am not tired. My leg muscles are also not tired so they are getting stronger.

Now I will sleep happily.",2026-10-02_18-00-48_hk_1790956848.fit,166,2026-10-02T16:03:41.000Z,172.000,390.35,133,167,75,2.503,29.72,50.817654,4.401756
2026-10-02,Running,Evening Run,"Finished work a bit early today so decided to go for a run. I went for three kilometres which is nice as I am not tired. My leg muscles are also not tired so they are getting stronger.

Now I will sleep happily.",2026-10-02_18-00-48_hk_1790956848.fit,167,2026-10-02T16:03:42.000Z,173.000,392.29,133,167,75,2.432,29.72,50.817636,4.401738
2026-10-02,Running,Evening Run,"Finished work a bit early today so decided to go for a run. I went for three kilometres which is nice as I am not tired. My leg muscles are also not tired so they are getting stronger.

Now I will sleep happily.",2026-10-02_18-00-48_hk_1790956848.fit,168,2026-10-02T16:03:43.000Z,174.000,394.23,133,166,76,2.41,29.72,50.817618,4.40172
2026-10-02,Running,Evening Run,"Finished work a bit early today so decided to go for a run. I went for three kilometres which is nice as I am not tired. My leg muscles are also not tired so they are getting stronger.

Now I will sleep happily.",2026-10-02_18-00-48_hk_1790956848.fit,169,2026-10-02T16:03:44.000Z,175.000,397.16,133,166,76,2.411,29.72,50.8176,4.401684
2026-10-02,Running,Evening Run,"Finished work a bit early today so decided to go for a run. I went for three kilometres which is nice as I am not tired. My leg muscles are also not tired so they are getting stronger.

Now I will sleep happily.",2026-10-02_18-00-48_hk_1790956848.fit,170,2026-10-02T16:03:45.000Z,176.000,400.09,133,165,76,2.46,29.72,50.8176,4.401666
2026-10-02,Running,Evening Run,"Finished work a bit early today so decided to go for a run. I went for three kilometres which is nice as I am not tired. My leg muscles are also not tired so they are getting stronger.

Now I will sleep happily.",2026-10-02_18-00-48_hk_1790956848.fit,171,2026-10-02T16:03:46.000Z,177.000,402.46,133,165,73,2.483,29.72,50.817582,4.40163
2026-10-02,Running,Evening Run,"Finished work a bit early today so decided to go for a run. I went for three kilometres which is nice as I am not tired. My leg muscles are also not tired so they are getting stronger.

Now I will sleep happily.",2026-10-02_18-00-48_hk_1790956848.fit,172,2026-10-02T16:03:47.000Z,178.000,404.84,133,165,73,2.435,29.71,50.817564,4.401612
2026-10-02,Running,Evening Run,"Finished work a bit early today so decided to go for a run. I went for three kilometres which is nice as I am not tired. My leg muscles are also not tired so they are getting stronger.

Now I will sleep happily.",2026-10-02_18-00-48_hk_1790956848.fit,173,2026-10-02T16:03:48.000Z,179.000,407.21,134,166,73,2.386,29.71,50.817564,4.401576
2026-10-02,Running,Evening Run,"Finished work a bit early today so decided to go for a run. I went for three kilometres which is nice as I am not tired. My leg muscles are also not tired so they are getting stronger.

Now I will sleep happily.",2026-10-02_18-00-48_hk_1790956848.fit,174,2026-10-02T16:03:49.000Z,180.000,409.15,134,166,75,2.382,29.71,50.817546,4.40154
2026-10-02,Running,Evening Run,"Finished work a bit early today so decided to go for a run. I went for three kilometres which is nice as I am not tired. My leg muscles are also not tired so they are getting stronger.

Now I will sleep happily.",2026-10-02_18-00-48_hk_1790956848.fit,175,2026-10-02T16:03:50.000Z,181.000,411.08,134,166,75,2.362,29.71,50.817528,4.401522
2026-10-02,Running,Evening Run,"Finished work a bit early today so decided to go for a run. I went for three kilometres which is nice as I am not tired. My leg muscles are also not tired so they are getting stronger.

Now I will sleep happily.",2026-10-02_18-00-48_hk_1790956848.fit,176,2026-10-02T16:03:51.000Z,182.000,413.02,134,166,75,2.359,29.71,50.81751,4.401486
2026-10-02,Running,Evening Run,"Finished work a bit early today so decided to go for a run. I went for three kilometres which is nice as I am not tired. My leg muscles are also not tired so they are getting stronger.

Now I will sleep happily.",2026-10-02_18-00-48_hk_1790956848.fit,177,2026-10-02T16:03:52.000Z,183.000,415.88,134,166,73,2.422,29.71,50.81751,4.401468
2026-10-02,Running,Evening Run,"Finished work a bit early today so decided to go for a run. I went for three kilometres which is nice as I am not tired. My leg muscles are also not tired so they are getting stronger.

Now I will sleep happily.",2026-10-02_18-00-48_hk_1790956848.fit,178,2026-10-02T16:03:53.000Z,184.000,418.74,134,165,73,2.469,29.71,50.817492,4.401432
2026-10-02,Running,Evening Run,"Finished work a bit early today so decided to go for a run. I went for three kilometres which is nice as I am not tired. My leg muscles are also not tired so they are getting stronger.

Now I will sleep happily.",2026-10-02_18-00-48_hk_1790956848.fit,179,2026-10-02T16:03:54.000Z,185.000,421.04,134,165,73,2.489,29.71,50.817492,4.401414
2026-10-02,Running,Evening Run,"Finished work a bit early today so decided to go for a run. I went for three kilometres which is nice as I am not tired. My leg muscles are also not tired so they are getting stronger.

Now I will sleep happily.",2026-10-02_18-00-48_hk_1790956848.fit,180,2026-10-02T16:03:55.000Z,186.000,423.34,134,165,75,2.434,29.71,50.817474,4.401396
2026-10-02,Running,Evening Run,"Finished work a bit early today so decided to go for a run. I went for three kilometres which is nice as I am not tired. My leg muscles are also not tired so they are getting stronger.

Now I will sleep happily.",2026-10-02_18-00-48_hk_1790956848.fit,181,2026-10-02T16:03:56.000Z,187.000,425.64,134,165,75,2.428,29.71,50.817474,4.40136
2026-10-02,Running,Evening Run,"Finished work a bit early today so decided to go for a run. I went for three kilometres which is nice as I am not tired. My leg muscles are also not tired so they are getting stronger.

Now I will sleep happily.",2026-10-02_18-00-48_hk_1790956848.fit,182,2026-10-02T16:03:57.000Z,188.000,428.66,134,165,75,2.43,29.71,50.817456,4.401342
2026-10-02,Running,Evening Run,"Finished work a bit early today so decided to go for a run. I went for three kilometres which is nice as I am not tired. My leg muscles are also not tired so they are getting stronger.

Now I will sleep happily.",2026-10-02_18-00-48_hk_1790956848.fit,183,2026-10-02T16:03:58.000Z,189.000,431.69,134,166,74,2.506,29.7,50.817438,4.401324
2026-10-02,Running,Evening Run,"Finished work a bit early today so decided to go for a run. I went for three kilometres which is nice as I am not tired. My leg muscles are also not tired so they are getting stronger.

Now I will sleep happily.",2026-10-02_18-00-48_hk_1790956848.fit,184,2026-10-02T16:03:59.000Z,190.000,433.66,134,166,74,2.48,29.7,50.817438,4.401288
2026-10-02,Running,Evening Run,"Finished work a bit early today so decided to go for a run. I went for three kilometres which is nice as I am not tired. My leg muscles are also not tired so they are getting stronger.

Now I will sleep happily.",2026-10-02_18-00-48_hk_1790956848.fit,185,2026-10-02T16:04:00.000Z,191.000,435.63,134,166,74,2.411,29.7,50.81742,4.40127
2026-10-02,Running,Evening Run,"Finished work a bit early today so decided to go for a run. I went for three kilometres which is nice as I am not tired. My leg muscles are also not tired so they are getting stronger.

Now I will sleep happily.",2026-10-02_18-00-48_hk_1790956848.fit,186,2026-10-02T16:04:01.000Z,192.000,437.6,134,165,73,2.391,29.7,50.81742,4.401252
2026-10-02,Running,Evening Run,"Finished work a bit early today so decided to go for a run. I went for three kilometres which is nice as I am not tired. My leg muscles are also not tired so they are getting stronger.

Now I will sleep happily.",2026-10-02_18-00-48_hk_1790956848.fit,187,2026-10-02T16:04:02.000Z,193.000,441.02,134,165,73,2.412,29.7,50.817402,4.401216
2026-10-02,Running,Evening Run,"Finished work a bit early today so decided to go for a run. I went for three kilometres which is nice as I am not tired. My leg muscles are also not tired so they are getting stronger.

Now I will sleep happily.",2026-10-02_18-00-48_hk_1790956848.fit,188,2026-10-02T16:04:03.000Z,194.000,444.44,134,160,73,2.51,29.7,50.817402,4.401198
2026-10-02,Running,Evening Run,"Finished work a bit early today so decided to go for a run. I went for three kilometres which is nice as I am not tired. My leg muscles are also not tired so they are getting stronger.

Now I will sleep happily.",2026-10-02_18-00-48_hk_1790956848.fit,189,2026-10-02T16:04:04.000Z,195.000,446.3,134,160,76,2.479,29.7,50.817384,4.401162
2026-10-02,Running,Evening Run,"Finished work a bit early today so decided to go for a run. I went for three kilometres which is nice as I am not tired. My leg muscles are also not tired so they are getting stronger.

Now I will sleep happily.",2026-10-02_18-00-48_hk_1790956848.fit,190,2026-10-02T16:04:05.000Z,196.000,448.15,134,160,76,2.428,29.7,50.817384,4.401126
2026-10-02,Running,Evening Run,"Finished work a bit early today so decided to go for a run. I went for three kilometres which is nice as I am not tired. My leg muscles are also not tired so they are getting stronger.

Now I will sleep happily.",2026-10-02_18-00-48_hk_1790956848.fit,191,2026-10-02T16:04:06.000Z,197.000,450.01,134,156,76,2.402,29.69,50.817366,4.401108
2026-10-02,Running,Evening Run,"Finished work a bit early today so decided to go for a run. I went for three kilometres which is nice as I am not tired. My leg muscles are also not tired so they are getting stronger.

Now I will sleep happily.",2026-10-02_18-00-48_hk_1790956848.fit,192,2026-10-02T16:04:07.000Z,198.000,452.85,134,156,73,2.399,29.69,50.817366,4.401072
2026-10-02,Running,Evening Run,"Finished work a bit early today so decided to go for a run. I went for three kilometres which is nice as I am not tired. My leg muscles are also not tired so they are getting stronger.

Now I will sleep happily.",2026-10-02_18-00-48_hk_1790956848.fit,193,2026-10-02T16:04:08.000Z,199.000,455.69,134,157,73,2.421,29.69,50.817348,4.401054
2026-10-02,Running,Evening Run,"Finished work a bit early today so decided to go for a run. I went for three kilometres which is nice as I am not tired. My leg muscles are also not tired so they are getting stronger.

Now I will sleep happily.",2026-10-02_18-00-48_hk_1790956848.fit,194,2026-10-02T16:04:09.000Z,200.000,457.68,134,157,73,2.403,29.69,50.817348,4.401018
2026-10-02,Running,Evening Run,"Finished work a bit early today so decided to go for a run. I went for three kilometres which is nice as I am not tired. My leg muscles are also not tired so they are getting stronger.

Now I will sleep happily.",2026-10-02_18-00-48_hk_1790956848.fit,195,2026-10-02T16:04:10.000Z,201.000,459.67,134,157,75,2.406,29.69,50.81733,4.401
2026-10-02,Running,Evening Run,"Finished work a bit early today so decided to go for a run. I went for three kilometres which is nice as I am not tired. My leg muscles are also not tired so they are getting stronger.

Now I will sleep happily.",2026-10-02_18-00-48_hk_1790956848.fit,196,2026-10-02T16:04:11.000Z,202.000,461.66,134,157,75,2.409,29.69,50.81733,4.400964
2026-10-02,Running,Evening Run,"Finished work a bit early today so decided to go for a run. I went for three kilometres which is nice as I am not tired. My leg muscles are also not tired so they are getting stronger.

Now I will sleep happily.",2026-10-02_18-00-48_hk_1790956848.fit,197,2026-10-02T16:04:12.000Z,203.000,463.49,134,157,75,2.403,29.68,50.817312,4.400946
2026-10-02,Running,Evening Run,"Finished work a bit early today so decided to go for a run. I went for three kilometres which is nice as I am not tired. My leg muscles are also not tired so they are getting stronger.

Now I will sleep happily.",2026-10-02_18-00-48_hk_1790956848.fit,198,2026-10-02T16:04:13.000Z,204.000,465.32,134,157,74,2.377,29.68,50.817312,4.40091
2026-10-02,Running,Evening Run,"Finished work a bit early today so decided to go for a run. I went for three kilometres which is nice as I am not tired. My leg muscles are also not tired so they are getting stronger.

Now I will sleep happily.",2026-10-02_18-00-48_hk_1790956848.fit,199,2026-10-02T16:04:14.000Z,205.000,467.15,134,156,74,2.33,29.68,50.817294,4.400892
2026-10-02,Running,Evening Run,"Finished work a bit early today so decided to go for a run. I went for three kilometres which is nice as I am not tired. My leg muscles are also not tired so they are getting stronger.

Now I will sleep happily.",2026-10-02_18-00-48_hk_1790956848.fit,200,2026-10-02T16:04:15.000Z,206.000,470.3,134,156,74,2.344,29.68,50.817294,4.400856
2026-10-02,Running,Evening Run,"Finished work a bit early today so decided to go for a run. I went for three kilometres which is nice as I am not tired. My leg muscles are also not tired so they are getting stronger.

Now I will sleep happily.",2026-10-02_18-00-48_hk_1790956848.fit,201,2026-10-02T16:04:16.000Z,207.000,473.45,134,158,73,2.386,29.68,50.817276,4.40082
2026-10-02,Running,Evening Run,"Finished work a bit early today so decided to go for a run. I went for three kilometres which is nice as I am not tired. My leg muscles are also not tired so they are getting stronger.

Now I will sleep happily.",2026-10-02_18-00-48_hk_1790956848.fit,202,2026-10-02T16:04:17.000Z,208.000,475.76,133,158,73,2.387,29.68,50.817276,4.400784
2026-10-02,Running,Evening Run,"Finished work a bit early today so decided to go for a run. I went for three kilometres which is nice as I am not tired. My leg muscles are also not tired so they are getting stronger.

Now I will sleep happily.",2026-10-02_18-00-48_hk_1790956848.fit,203,2026-10-02T16:04:18.000Z,209.000,478.07,133,158,73,2.383,29.68,50.817258,4.400766
2026-10-02,Running,Evening Run,"Finished work a bit early today so decided to go for a run. I went for three kilometres which is nice as I am not tired. My leg muscles are also not tired so they are getting stronger.

Now I will sleep happily.",2026-10-02_18-00-48_hk_1790956848.fit,204,2026-10-02T16:04:19.000Z,210.000,480.37,134,158,76,2.35,29.68,50.817258,4.40073
2026-10-02,Running,Evening Run,"Finished work a bit early today so decided to go for a run. I went for three kilometres which is nice as I am not tired. My leg muscles are also not tired so they are getting stronger.

Now I will sleep happily.",2026-10-02_18-00-48_hk_1790956848.fit,205,2026-10-02T16:04:20.000Z,211.000,482.82,134,158,76,2.324,29.68,50.81724,4.400694
2026-10-02,Running,Evening Run,"Finished work a bit early today so decided to go for a run. I went for three kilometres which is nice as I am not tired. My leg muscles are also not tired so they are getting stronger.

Now I will sleep happily.",2026-10-02_18-00-48_hk_1790956848.fit,206,2026-10-02T16:04:21.000Z,212.000,485.27,134,156,76,2.346,29.67,50.81724,4.400676
2026-10-02,Running,Evening Run,"Finished work a bit early today so decided to go for a run. I went for three kilometres which is nice as I am not tired. My leg muscles are also not tired so they are getting stronger.

Now I will sleep happily.",2026-10-02_18-00-48_hk_1790956848.fit,207,2026-10-02T16:04:22.000Z,213.000,487.35,134,156,74,2.351,29.67,50.817222,4.40064
2026-10-02,Running,Evening Run,"Finished work a bit early today so decided to go for a run. I went for three kilometres which is nice as I am not tired. My leg muscles are also not tired so they are getting stronger.

Now I will sleep happily.",2026-10-02_18-00-48_hk_1790956848.fit,208,2026-10-02T16:04:23.000Z,214.000,489.42,134,156,74,2.356,29.67,50.817222,4.400622
2026-10-02,Running,Evening Run,"Finished work a bit early today so decided to go for a run. I went for three kilometres which is nice as I am not tired. My leg muscles are also not tired so they are getting stronger.

Now I will sleep happily.",2026-10-02_18-00-48_hk_1790956848.fit,209,2026-10-02T16:04:24.000Z,215.000,491.5,134,156,74,2.295,29.67,50.817222,4.400586
2026-10-02,Running,Evening Run,"Finished work a bit early today so decided to go for a run. I went for three kilometres which is nice as I am not tired. My leg muscles are also not tired so they are getting stronger.

Now I will sleep happily.",2026-10-02_18-00-48_hk_1790956848.fit,210,2026-10-02T16:04:25.000Z,216.000,494.39,135,156,76,2.32,29.67,50.817204,4.40055
2026-10-02,Running,Evening Run,"Finished work a bit early today so decided to go for a run. I went for three kilometres which is nice as I am not tired. My leg muscles are also not tired so they are getting stronger.

Now I will sleep happily.",2026-10-02_18-00-48_hk_1790956848.fit,211,2026-10-02T16:04:26.000Z,217.000,497.27,135,157,76,2.317,29.67,50.817204,4.400532
2026-10-02,Running,Evening Run,"Finished work a bit early today so decided to go for a run. I went for three kilometres which is nice as I am not tired. My leg muscles are also not tired so they are getting stronger.

Now I will sleep happily.",2026-10-02_18-00-48_hk_1790956848.fit,212,2026-10-02T16:04:27.000Z,218.000,498.59,135,157,76,2.292,29.67,50.817186,4.400496
2026-10-02,Running,Evening Run,"Finished work a bit early today so decided to go for a run. I went for three kilometres which is nice as I am not tired. My leg muscles are also not tired so they are getting stronger.

Now I will sleep happily.",2026-10-02_18-00-48_hk_1790956848.fit,213,2026-10-02T16:04:28.000Z,219.000,499.91,135,157,76,2.25,29.67,50.817186,4.400478
2026-10-02,Running,Evening Run,"Finished work a bit early today so decided to go for a run. I went for three kilometres which is nice as I am not tired. My leg muscles are also not tired so they are getting stronger.

Now I will sleep happily.",2026-10-02_18-00-48_hk_1790956848.fit,214,2026-10-02T16:04:29.000Z,220.000,501.22,135,152,76,2.227,29.67,50.817168,4.400442
2026-10-02,Running,Evening Run,"Finished work a bit early today so decided to go for a run. I went for three kilometres which is nice as I am not tired. My leg muscles are also not tired so they are getting stronger.

Now I will sleep happily.",2026-10-02_18-00-48_hk_1790956848.fit,215,2026-10-02T16:04:30.000Z,221.000,503.97,136,152,76,2.223,29.67,50.817168,4.400406
2026-10-02,Running,Evening Run,"Finished work a bit early today so decided to go for a run. I went for three kilometres which is nice as I am not tired. My leg muscles are also not tired so they are getting stronger.

Now I will sleep happily.",2026-10-02_18-00-48_hk_1790956848.fit,216,2026-10-02T16:04:31.000Z,222.000,506.71,136,152,76,2.219,29.67,50.817168,4.400388
2026-10-02,Running,Evening Run,"Finished work a bit early today so decided to go for a run. I went for three kilometres which is nice as I am not tired. My leg muscles are also not tired so they are getting stronger.

Now I will sleep happily.",2026-10-02_18-00-48_hk_1790956848.fit,217,2026-10-02T16:04:32.000Z,223.000,508.53,136,152,76,2.211,29.67,50.81715,4.400352
2026-10-02,Running,Evening Run,"Finished work a bit early today so decided to go for a run. I went for three kilometres which is nice as I am not tired. My leg muscles are also not tired so they are getting stronger.

Now I will sleep happily.",2026-10-02_18-00-48_hk_1790956848.fit,218,2026-10-02T16:04:33.000Z,224.000,510.34,136,152,76,2.203,29.67,50.81715,4.400316
2026-10-02,Running,Evening Run,"Finished work a bit early today so decided to go for a run. I went for three kilometres which is nice as I am not tired. My leg muscles are also not tired so they are getting stronger.

Now I will sleep happily.",2026-10-02_18-00-48_hk_1790956848.fit,219,2026-10-02T16:04:34.000Z,225.000,512.15,136,153,74,2.195,29.67,50.81715,4.40028
2026-10-02,Running,Evening Run,"Finished work a bit early today so decided to go for a run. I went for three kilometres which is nice as I am not tired. My leg muscles are also not tired so they are getting stronger.

Now I will sleep happily.",2026-10-02_18-00-48_hk_1790956848.fit,220,2026-10-02T16:04:35.000Z,226.000,514.31,136,153,74,2.209,29.67,50.817132,4.400262
2026-10-02,Running,Evening Run,"Finished work a bit early today so decided to go for a run. I went for three kilometres which is nice as I am not tired. My leg muscles are also not tired so they are getting stronger.

Now I will sleep happily.",2026-10-02_18-00-48_hk_1790956848.fit,221,2026-10-02T16:04:36.000Z,227.000,516.47,136,153,74,2.224,29.67,50.817132,4.400226
2026-10-02,Running,Evening Run,"Finished work a bit early today so decided to go for a run. I went for three kilometres which is nice as I am not tired. My leg muscles are also not tired so they are getting stronger.

Now I will sleep happily.",2026-10-02_18-00-48_hk_1790956848.fit,222,2026-10-02T16:04:37.000Z,228.000,518.63,136,154,76,2.238,29.67,50.817132,4.40019
2026-10-02,Running,Evening Run,"Finished work a bit early today so decided to go for a run. I went for three kilometres which is nice as I am not tired. My leg muscles are also not tired so they are getting stronger.

Now I will sleep happily.",2026-10-02_18-00-48_hk_1790956848.fit,223,2026-10-02T16:04:38.000Z,229.000,521.74,137,154,76,2.236,29.66,50.817132,4.400172
2026-10-02,Running,Evening Run,"Finished work a bit early today so decided to go for a run. I went for three kilometres which is nice as I am not tired. My leg muscles are also not tired so they are getting stronger.

Now I will sleep happily.",2026-10-02_18-00-48_hk_1790956848.fit,224,2026-10-02T16:04:39.000Z,230.000,524.84,137,154,76,2.234,29.66,50.817114,4.400136
2026-10-02,Running,Evening Run,"Finished work a bit early today so decided to go for a run. I went for three kilometres which is nice as I am not tired. My leg muscles are also not tired so they are getting stronger.

Now I will sleep happily.",2026-10-02_18-00-48_hk_1790956848.fit,225,2026-10-02T16:04:40.000Z,231.000,526.9,137,154,74,2.223,29.66,50.817114,4.400118
2026-10-02,Running,Evening Run,"Finished work a bit early today so decided to go for a run. I went for three kilometres which is nice as I am not tired. My leg muscles are also not tired so they are getting stronger.

Now I will sleep happily.",2026-10-02_18-00-48_hk_1790956848.fit,226,2026-10-02T16:04:41.000Z,232.000,528.95,137,154,74,2.213,29.66,50.817114,4.400082
2026-10-02,Running,Evening Run,"Finished work a bit early today so decided to go for a run. I went for three kilometres which is nice as I am not tired. My leg muscles are also not tired so they are getting stronger.

Now I will sleep happily.",2026-10-02_18-00-48_hk_1790956848.fit,227,2026-10-02T16:04:42.000Z,233.000,531.01,137,155,74,2.202,29.66,50.817114,4.400046
2026-10-02,Running,Evening Run,"Finished work a bit early today so decided to go for a run. I went for three kilometres which is nice as I am not tired. My leg muscles are also not tired so they are getting stronger.

Now I will sleep happily.",2026-10-02_18-00-48_hk_1790956848.fit,228,2026-10-02T16:04:43.000Z,234.000,533.67,138,155,76,2.211,29.66,50.817114,4.400028
2026-10-02,Running,Evening Run,"Finished work a bit early today so decided to go for a run. I went for three kilometres which is nice as I am not tired. My leg muscles are also not tired so they are getting stronger.

Now I will sleep happily.",2026-10-02_18-00-48_hk_1790956848.fit,229,2026-10-02T16:04:44.000Z,235.000,536.33,138,156,76,2.22,29.66,50.817096,4.399992
2026-10-02,Running,Evening Run,"Finished work a bit early today so decided to go for a run. I went for three kilometres which is nice as I am not tired. My leg muscles are also not tired so they are getting stronger.

Now I will sleep happily.",2026-10-02_18-00-48_hk_1790956848.fit,230,2026-10-02T16:04:45.000Z,236.000,537.84,138,156,76,2.196,29.66,50.817096,4.399974
2026-10-02,Running,Evening Run,"Finished work a bit early today so decided to go for a run. I went for three kilometres which is nice as I am not tired. My leg muscles are also not tired so they are getting stronger.

Now I will sleep happily.",2026-10-02_18-00-48_hk_1790956848.fit,231,2026-10-02T16:04:46.000Z,237.000,539.36,138,156,75,2.167,29.66,50.817096,4.399938
2026-10-02,Running,Evening Run,"Finished work a bit early today so decided to go for a run. I went for three kilometres which is nice as I am not tired. My leg muscles are also not tired so they are getting stronger.

Now I will sleep happily.",2026-10-02_18-00-48_hk_1790956848.fit,232,2026-10-02T16:04:47.000Z,238.000,540.88,138,154,75,2.144,29.66,50.817096,4.399902
2026-10-02,Running,Evening Run,"Finished work a bit early today so decided to go for a run. I went for three kilometres which is nice as I am not tired. My leg muscles are also not tired so they are getting stronger.

Now I will sleep happily.",2026-10-02_18-00-48_hk_1790956848.fit,233,2026-10-02T16:04:48.000Z,239.000,545.13,138,154,75,2.206,29.66,50.817096,4.399866
2026-10-02,Running,Evening Run,"Finished work a bit early today so decided to go for a run. I went for three kilometres which is nice as I am not tired. My leg muscles are also not tired so they are getting stronger.

Now I will sleep happily.",2026-10-02_18-00-48_hk_1790956848.fit,234,2026-10-02T16:04:49.000Z,240.000,549.38,139,157,75,2.309,29.66,50.817096,4.39983
2026-10-02,Running,Evening Run,"Finished work a bit early today so decided to go for a run. I went for three kilometres which is nice as I am not tired. My leg muscles are also not tired so they are getting stronger.

Now I will sleep happily.",2026-10-02_18-00-48_hk_1790956848.fit,235,2026-10-02T16:04:50.000Z,241.000,550.88,139,157,75,2.317,29.66,50.817078,4.399794
2026-10-02,Running,Evening Run,"Finished work a bit early today so decided to go for a run. I went for three kilometres which is nice as I am not tired. My leg muscles are also not tired so they are getting stronger.

Now I will sleep happily.",2026-10-02_18-00-48_hk_1790956848.fit,236,2026-10-02T16:04:51.000Z,242.000,552.38,139,157,75,2.325,29.66,50.817078,4.399776
2026-10-02,Running,Evening Run,"Finished work a bit early today so decided to go for a run. I went for three kilometres which is nice as I am not tired. My leg muscles are also not tired so they are getting stronger.

Now I will sleep happily.",2026-10-02_18-00-48_hk_1790956848.fit,237,2026-10-02T16:04:52.000Z,243.000,553.88,139,154,74,2.289,29.66,50.817078,4.39974
2026-10-02,Running,Evening Run,"Finished work a bit early today so decided to go for a run. I went for three kilometres which is nice as I am not tired. My leg muscles are also not tired so they are getting stronger.

Now I will sleep happily.",2026-10-02_18-00-48_hk_1790956848.fit,238,2026-10-02T16:04:53.000Z,244.000,555.78,139,154,74,2.253,29.65,50.817078,4.399704
2026-10-02,Running,Evening Run,"Finished work a bit early today so decided to go for a run. I went for three kilometres which is nice as I am not tired. My leg muscles are also not tired so they are getting stronger.

Now I will sleep happily.",2026-10-02_18-00-48_hk_1790956848.fit,239,2026-10-02T16:04:54.000Z,245.000,557.68,139,154,74,2.216,29.65,50.817078,4.399668
2026-10-02,Running,Evening Run,"Finished work a bit early today so decided to go for a run. I went for three kilometres which is nice as I am not tired. My leg muscles are also not tired so they are getting stronger.

Now I will sleep happily.",2026-10-02_18-00-48_hk_1790956848.fit,240,2026-10-02T16:04:55.000Z,246.000,559.59,139,154,76,2.22,29.65,50.817078,4.39965
2026-10-02,Running,Evening Run,"Finished work a bit early today so decided to go for a run. I went for three kilometres which is nice as I am not tired. My leg muscles are also not tired so they are getting stronger.

Now I will sleep happily.",2026-10-02_18-00-48_hk_1790956848.fit,241,2026-10-02T16:04:56.000Z,247.000,562.48,140,154,76,2.288,29.65,50.817078,4.399614
2026-10-02,Running,Evening Run,"Finished work a bit early today so decided to go for a run. I went for three kilometres which is nice as I am not tired. My leg muscles are also not tired so they are getting stronger.

Now I will sleep happily.",2026-10-02_18-00-48_hk_1790956848.fit,242,2026-10-02T16:04:57.000Z,248.000,565.38,140,155,76,2.321,29.65,50.817078,4.399578
2026-10-02,Running,Evening Run,"Finished work a bit early today so decided to go for a run. I went for three kilometres which is nice as I am not tired. My leg muscles are also not tired so they are getting stronger.

Now I will sleep happily.",2026-10-02_18-00-48_hk_1790956848.fit,243,2026-10-02T16:04:58.000Z,249.000,566.78,140,155,76,2.287,29.65,50.817078,4.39956
2026-10-02,Running,Evening Run,"Finished work a bit early today so decided to go for a run. I went for three kilometres which is nice as I am not tired. My leg muscles are also not tired so they are getting stronger.

Now I will sleep happily.",2026-10-02_18-00-48_hk_1790956848.fit,244,2026-10-02T16:04:59.000Z,250.000,568.17,140,155,76,2.248,29.65,50.81706,4.399524
2026-10-02,Running,Evening Run,"Finished work a bit early today so decided to go for a run. I went for three kilometres which is nice as I am not tired. My leg muscles are also not tired so they are getting stronger.

Now I will sleep happily.",2026-10-02_18-00-48_hk_1790956848.fit,245,2026-10-02T16:05:00.000Z,251.000,569.57,140,152,76,2.215,29.65,50.81706,4.399488
2026-10-02,Running,Evening Run,"Finished work a bit early today so decided to go for a run. I went for three kilometres which is nice as I am not tired. My leg muscles are also not tired so they are getting stronger.

Now I will sleep happily.",2026-10-02_18-00-48_hk_1790956848.fit,246,2026-10-02T16:05:01.000Z,252.000,572.83,140,152,74,2.221,29.65,50.81706,4.39947
2026-10-02,Running,Evening Run,"Finished work a bit early today so decided to go for a run. I went for three kilometres which is nice as I am not tired. My leg muscles are also not tired so they are getting stronger.

Now I will sleep happily.",2026-10-02_18-00-48_hk_1790956848.fit,247,2026-10-02T16:05:02.000Z,253.000,576.09,139,154,74,2.228,29.65,50.81706,4.399434
2026-10-02,Running,Evening Run,"Finished work a bit early today so decided to go for a run. I went for three kilometres which is nice as I am not tired. My leg muscles are also not tired so they are getting stronger.

Now I will sleep happily.",2026-10-02_18-00-48_hk_1790956848.fit,248,2026-10-02T16:05:03.000Z,254.000,577.89,139,154,74,2.217,29.65,50.81706,4.399398
2026-10-02,Running,Evening Run,"Finished work a bit early today so decided to go for a run. I went for three kilometres which is nice as I am not tired. My leg muscles are also not tired so they are getting stronger.

Now I will sleep happily.",2026-10-02_18-00-48_hk_1790956848.fit,249,2026-10-02T16:05:04.000Z,255.000,579.69,139,154,75,2.206,29.64,50.81706,4.399362
2026-10-02,Running,Evening Run,"Finished work a bit early today so decided to go for a run. I went for three kilometres which is nice as I am not tired. My leg muscles are also not tired so they are getting stronger.

Now I will sleep happily.",2026-10-02_18-00-48_hk_1790956848.fit,250,2026-10-02T16:05:05.000Z,256.000,581.49,139,155,75,2.195,29.64,50.81706,4.399344
2026-10-02,Running,Evening Run,"Finished work a bit early today so decided to go for a run. I went for three kilometres which is nice as I am not tired. My leg muscles are also not tired so they are getting stronger.

Now I will sleep happily.",2026-10-02_18-00-48_hk_1790956848.fit,251,2026-10-02T16:05:06.000Z,257.000,584.41,139,155,75,2.206,29.64,50.81706,4.399308
2026-10-02,Running,Evening Run,"Finished work a bit early today so decided to go for a run. I went for three kilometres which is nice as I am not tired. My leg muscles are also not tired so they are getting stronger.

Now I will sleep happily.",2026-10-02_18-00-48_hk_1790956848.fit,252,2026-10-02T16:05:07.000Z,258.000,587.33,139,155,75,2.218,29.64,50.81706,4.39929
2026-10-02,Running,Evening Run,"Finished work a bit early today so decided to go for a run. I went for three kilometres which is nice as I am not tired. My leg muscles are also not tired so they are getting stronger.

Now I will sleep happily.",2026-10-02_18-00-48_hk_1790956848.fit,253,2026-10-02T16:05:08.000Z,259.000,589.48,139,155,75,2.278,29.64,50.81706,4.399254
2026-10-02,Running,Evening Run,"Finished work a bit early today so decided to go for a run. I went for three kilometres which is nice as I am not tired. My leg muscles are also not tired so they are getting stronger.

Now I will sleep happily.",2026-10-02_18-00-48_hk_1790956848.fit,254,2026-10-02T16:05:09.000Z,260.000,591.62,140,155,75,2.307,29.64,50.81706,4.399218
2026-10-02,Running,Evening Run,"Finished work a bit early today so decided to go for a run. I went for three kilometres which is nice as I am not tired. My leg muscles are also not tired so they are getting stronger.

Now I will sleep happily.",2026-10-02_18-00-48_hk_1790956848.fit,255,2026-10-02T16:05:10.000Z,261.000,593.76,140,156,76,2.299,29.64,50.81706,4.3992
2026-10-02,Running,Evening Run,"Finished work a bit early today so decided to go for a run. I went for three kilometres which is nice as I am not tired. My leg muscles are also not tired so they are getting stronger.

Now I will sleep happily.",2026-10-02_18-00-48_hk_1790956848.fit,256,2026-10-02T16:05:11.000Z,262.000,597.07,140,156,76,2.258,29.64,50.81706,4.399164
2026-10-02,Running,Evening Run,"Finished work a bit early today so decided to go for a run. I went for three kilometres which is nice as I am not tired. My leg muscles are also not tired so they are getting stronger.

Now I will sleep happily.",2026-10-02_18-00-48_hk_1790956848.fit,257,2026-10-02T16:05:12.000Z,263.000,600.38,140,157,76,2.218,29.64,50.81706,4.399128
2026-10-02,Running,Evening Run,"Finished work a bit early today so decided to go for a run. I went for three kilometres which is nice as I am not tired. My leg muscles are also not tired so they are getting stronger.

Now I will sleep happily.",2026-10-02_18-00-48_hk_1790956848.fit,258,2026-10-02T16:05:13.000Z,264.000,601.74,140,157,76,2.211,29.64,50.81706,4.39911
2026-10-02,Running,Evening Run,"Finished work a bit early today so decided to go for a run. I went for three kilometres which is nice as I am not tired. My leg muscles are also not tired so they are getting stronger.

Now I will sleep happily.",2026-10-02_18-00-48_hk_1790956848.fit,259,2026-10-02T16:05:14.000Z,265.000,603.1,140,157,76,2.205,29.64,50.81706,4.399074
2026-10-02,Running,Evening Run,"Finished work a bit early today so decided to go for a run. I went for three kilometres which is nice as I am not tired. My leg muscles are also not tired so they are getting stronger.

Now I will sleep happily.",2026-10-02_18-00-48_hk_1790956848.fit,260,2026-10-02T16:05:15.000Z,266.000,604.46,140,154,76,2.199,29.64,50.81706,4.399056
2026-10-02,Running,Evening Run,"Finished work a bit early today so decided to go for a run. I went for three kilometres which is nice as I am not tired. My leg muscles are also not tired so they are getting stronger.

Now I will sleep happily.",2026-10-02_18-00-48_hk_1790956848.fit,261,2026-10-02T16:05:16.000Z,267.000,606.32,140,154,75,2.197,29.64,50.81706,4.39902
2026-10-02,Running,Evening Run,"Finished work a bit early today so decided to go for a run. I went for three kilometres which is nice as I am not tired. My leg muscles are also not tired so they are getting stronger.

Now I will sleep happily.",2026-10-02_18-00-48_hk_1790956848.fit,262,2026-10-02T16:05:17.000Z,268.000,608.18,140,154,75,2.196,29.64,50.81706,4.398984
2026-10-02,Running,Evening Run,"Finished work a bit early today so decided to go for a run. I went for three kilometres which is nice as I am not tired. My leg muscles are also not tired so they are getting stronger.

Now I will sleep happily.",2026-10-02_18-00-48_hk_1790956848.fit,263,2026-10-02T16:05:18.000Z,269.000,610.04,140,156,75,2.194,29.65,50.81706,4.398966
2026-10-02,Running,Evening Run,"Finished work a bit early today so decided to go for a run. I went for three kilometres which is nice as I am not tired. My leg muscles are also not tired so they are getting stronger.

Now I will sleep happily.",2026-10-02_18-00-48_hk_1790956848.fit,264,2026-10-02T16:05:19.000Z,270.000,612.97,140,156,74,2.195,29.65,50.81706,4.39893
2026-10-02,Running,Evening Run,"Finished work a bit early today so decided to go for a run. I went for three kilometres which is nice as I am not tired. My leg muscles are also not tired so they are getting stronger.

Now I will sleep happily.",2026-10-02_18-00-48_hk_1790956848.fit,265,2026-10-02T16:05:20.000Z,271.000,615.89,140,157,74,2.196,29.65,50.81706,4.398894
2026-10-02,Running,Evening Run,"Finished work a bit early today so decided to go for a run. I went for three kilometres which is nice as I am not tired. My leg muscles are also not tired so they are getting stronger.

Now I will sleep happily.",2026-10-02_18-00-48_hk_1790956848.fit,266,2026-10-02T16:05:21.000Z,272.000,617.5,140,157,74,2.206,29.65,50.81706,4.398876
2026-10-02,Running,Evening Run,"Finished work a bit early today so decided to go for a run. I went for three kilometres which is nice as I am not tired. My leg muscles are also not tired so they are getting stronger.

Now I will sleep happily.",2026-10-02_18-00-48_hk_1790956848.fit,267,2026-10-02T16:05:22.000Z,273.000,619.11,140,157,74,2.215,29.65,50.81706,4.39884
2026-10-02,Running,Evening Run,"Finished work a bit early today so decided to go for a run. I went for three kilometres which is nice as I am not tired. My leg muscles are also not tired so they are getting stronger.

Now I will sleep happily.",2026-10-02_18-00-48_hk_1790956848.fit,268,2026-10-02T16:05:23.000Z,274.000,620.72,140,156,74,2.224,29.66,50.81706,4.398804
2026-10-02,Running,Evening Run,"Finished work a bit early today so decided to go for a run. I went for three kilometres which is nice as I am not tired. My leg muscles are also not tired so they are getting stronger.

Now I will sleep happily.",2026-10-02_18-00-48_hk_1790956848.fit,269,2026-10-02T16:05:24.000Z,275.000,623.53,140,156,74,2.204,29.66,50.81706,4.398786
2026-10-02,Running,Evening Run,"Finished work a bit early today so decided to go for a run. I went for three kilometres which is nice as I am not tired. My leg muscles are also not tired so they are getting stronger.

Now I will sleep happily.",2026-10-02_18-00-48_hk_1790956848.fit,270,2026-10-02T16:05:25.000Z,276.000,626.33,140,154,75,2.184,29.66,50.817078,4.39875
2026-10-02,Running,Evening Run,"Finished work a bit early today so decided to go for a run. I went for three kilometres which is nice as I am not tired. My leg muscles are also not tired so they are getting stronger.

Now I will sleep happily.",2026-10-02_18-00-48_hk_1790956848.fit,271,2026-10-02T16:05:26.000Z,277.000,628.33,140,154,75,2.193,29.67,50.817078,4.398732
2026-10-02,Running,Evening Run,"Finished work a bit early today so decided to go for a run. I went for three kilometres which is nice as I am not tired. My leg muscles are also not tired so they are getting stronger.

Now I will sleep happily.",2026-10-02_18-00-48_hk_1790956848.fit,272,2026-10-02T16:05:27.000Z,278.000,630.34,140,154,75,2.202,29.67,50.817078,4.398696
2026-10-02,Running,Evening Run,"Finished work a bit early today so decided to go for a run. I went for three kilometres which is nice as I am not tired. My leg muscles are also not tired so they are getting stronger.

Now I will sleep happily.",2026-10-02_18-00-48_hk_1790956848.fit,273,2026-10-02T16:05:28.000Z,279.000,632.34,140,158,76,2.211,29.67,50.817078,4.39866
2026-10-02,Running,Evening Run,"Finished work a bit early today so decided to go for a run. I went for three kilometres which is nice as I am not tired. My leg muscles are also not tired so they are getting stronger.

Now I will sleep happily.",2026-10-02_18-00-48_hk_1790956848.fit,274,2026-10-02T16:05:29.000Z,280.000,635.37,140,158,76,2.215,29.68,50.817078,4.398624
2026-10-02,Running,Evening Run,"Finished work a bit early today so decided to go for a run. I went for three kilometres which is nice as I am not tired. My leg muscles are also not tired so they are getting stronger.

Now I will sleep happily.",2026-10-02_18-00-48_hk_1790956848.fit,275,2026-10-02T16:05:30.000Z,281.000,638.4,140,156,76,2.22,29.68,50.817078,4.398606
2026-10-02,Running,Evening Run,"Finished work a bit early today so decided to go for a run. I went for three kilometres which is nice as I am not tired. My leg muscles are also not tired so they are getting stronger.

Now I will sleep happily.",2026-10-02_18-00-48_hk_1790956848.fit,276,2026-10-02T16:05:31.000Z,282.000,640.49,140,156,73,2.218,29.68,50.817096,4.39857
2026-10-02,Running,Evening Run,"Finished work a bit early today so decided to go for a run. I went for three kilometres which is nice as I am not tired. My leg muscles are also not tired so they are getting stronger.

Now I will sleep happily.",2026-10-02_18-00-48_hk_1790956848.fit,277,2026-10-02T16:05:32.000Z,283.000,642.59,140,156,73,2.216,29.69,50.817096,4.398534
2026-10-02,Running,Evening Run,"Finished work a bit early today so decided to go for a run. I went for three kilometres which is nice as I am not tired. My leg muscles are also not tired so they are getting stronger.

Now I will sleep happily.",2026-10-02_18-00-48_hk_1790956848.fit,278,2026-10-02T16:05:33.000Z,284.000,644.68,140,158,73,2.214,29.69,50.817096,4.398516
2026-10-02,Running,Evening Run,"Finished work a bit early today so decided to go for a run. I went for three kilometres which is nice as I am not tired. My leg muscles are also not tired so they are getting stronger.

Now I will sleep happily.",2026-10-02_18-00-48_hk_1790956848.fit,279,2026-10-02T16:05:34.000Z,285.000,647.17,140,158,75,2.178,29.7,50.817096,4.39848
2026-10-02,Running,Evening Run,"Finished work a bit early today so decided to go for a run. I went for three kilometres which is nice as I am not tired. My leg muscles are also not tired so they are getting stronger.

Now I will sleep happily.",2026-10-02_18-00-48_hk_1790956848.fit,280,2026-10-02T16:05:35.000Z,286.000,649.66,140,158,75,2.191,29.7,50.817096,4.398444
2026-10-02,Running,Evening Run,"Finished work a bit early today so decided to go for a run. I went for three kilometres which is nice as I am not tired. My leg muscles are also not tired so they are getting stronger.

Now I will sleep happily.",2026-10-02_18-00-48_hk_1790956848.fit,281,2026-10-02T16:05:36.000Z,287.000,651.32,140,158,75,2.123,29.71,50.817114,4.398426
2026-10-02,Running,Evening Run,"Finished work a bit early today so decided to go for a run. I went for three kilometres which is nice as I am not tired. My leg muscles are also not tired so they are getting stronger.

Now I will sleep happily.",2026-10-02_18-00-48_hk_1790956848.fit,282,2026-10-02T16:05:37.000Z,288.000,652.98,140,158,75,2.135,29.71,50.817114,4.39839
2026-10-02,Running,Evening Run,"Finished work a bit early today so decided to go for a run. I went for three kilometres which is nice as I am not tired. My leg muscles are also not tired so they are getting stronger.

Now I will sleep happily.",2026-10-02_18-00-48_hk_1790956848.fit,283,2026-10-02T16:05:38.000Z,289.000,654.64,140,156,75,2.182,29.71,50.817114,4.398372
2026-10-02,Running,Evening Run,"Finished work a bit early today so decided to go for a run. I went for three kilometres which is nice as I am not tired. My leg muscles are also not tired so they are getting stronger.

Now I will sleep happily.",2026-10-02_18-00-48_hk_1790956848.fit,284,2026-10-02T16:05:39.000Z,290.000,656.45,140,156,75,2.18,29.72,50.817114,4.398336
2026-10-02,Running,Evening Run,"Finished work a bit early today so decided to go for a run. I went for three kilometres which is nice as I am not tired. My leg muscles are also not tired so they are getting stronger.

Now I will sleep happily.",2026-10-02_18-00-48_hk_1790956848.fit,285,2026-10-02T16:05:40.000Z,291.000,658.26,140,156,76,2.177,29.72,50.817114,4.398318
2026-10-02,Running,Evening Run,"Finished work a bit early today so decided to go for a run. I went for three kilometres which is nice as I am not tired. My leg muscles are also not tired so they are getting stronger.

Now I will sleep happily.",2026-10-02_18-00-48_hk_1790956848.fit,286,2026-10-02T16:05:41.000Z,292.000,660.06,140,159,76,2.175,29.73,50.817114,4.398282
2026-10-02,Running,Evening Run,"Finished work a bit early today so decided to go for a run. I went for three kilometres which is nice as I am not tired. My leg muscles are also not tired so they are getting stronger.

Now I will sleep happily.",2026-10-02_18-00-48_hk_1790956848.fit,287,2026-10-02T16:05:42.000Z,293.000,662.44,140,159,76,2.183,29.73,50.817132,4.398264
2026-10-02,Running,Evening Run,"Finished work a bit early today so decided to go for a run. I went for three kilometres which is nice as I am not tired. My leg muscles are also not tired so they are getting stronger.

Now I will sleep happily.",2026-10-02_18-00-48_hk_1790956848.fit,288,2026-10-02T16:05:43.000Z,294.000,664.81,141,158,74,2.16,29.73,50.817132,4.398228
2026-10-02,Running,Evening Run,"Finished work a bit early today so decided to go for a run. I went for three kilometres which is nice as I am not tired. My leg muscles are also not tired so they are getting stronger.

Now I will sleep happily.",2026-10-02_18-00-48_hk_1790956848.fit,289,2026-10-02T16:05:44.000Z,295.000,666.7,141,158,74,2.117,29.74,50.817132,4.398192
2026-10-02,Running,Evening Run,"Finished work a bit early today so decided to go for a run. I went for three kilometres which is nice as I am not tired. My leg muscles are also not tired so they are getting stronger.

Now I will sleep happily.",2026-10-02_18-00-48_hk_1790956848.fit,290,2026-10-02T16:05:45.000Z,296.000,668.59,141,158,74,2.129,29.74,50.817132,4.398174
2026-10-02,Running,Evening Run,"Finished work a bit early today so decided to go for a run. I went for three kilometres which is nice as I am not tired. My leg muscles are also not tired so they are getting stronger.

Now I will sleep happily.",2026-10-02_18-00-48_hk_1790956848.fit,291,2026-10-02T16:05:46.000Z,297.000,670.48,141,160,76,2.14,29.75,50.817132,4.398138
2026-10-02,Running,Evening Run,"Finished work a bit early today so decided to go for a run. I went for three kilometres which is nice as I am not tired. My leg muscles are also not tired so they are getting stronger.

Now I will sleep happily.",2026-10-02_18-00-48_hk_1790956848.fit,292,2026-10-02T16:05:47.000Z,298.000,672.86,141,160,76,2.172,29.75,50.81715,4.39812
2026-10-02,Running,Evening Run,"Finished work a bit early today so decided to go for a run. I went for three kilometres which is nice as I am not tired. My leg muscles are also not tired so they are getting stronger.

Now I will sleep happily.",2026-10-02_18-00-48_hk_1790956848.fit,293,2026-10-02T16:05:48.000Z,299.000,675.25,141,159,76,2.155,29.76,50.81715,4.398084
2026-10-02,Running,Evening Run,"Finished work a bit early today so decided to go for a run. I went for three kilometres which is nice as I am not tired. My leg muscles are also not tired so they are getting stronger.

Now I will sleep happily.",2026-10-02_18-00-48_hk_1790956848.fit,294,2026-10-02T16:05:49.000Z,300.000,677.79,141,159,74,2.144,29.76,50.81715,4.398066
2026-10-02,Running,Evening Run,"Finished work a bit early today so decided to go for a run. I went for three kilometres which is nice as I am not tired. My leg muscles are also not tired so they are getting stronger.

Now I will sleep happily.",2026-10-02_18-00-48_hk_1790956848.fit,295,2026-10-02T16:05:50.000Z,301.000,680.32,141,159,74,2.166,29.76,50.817168,4.39803
2026-10-02,Running,Evening Run,"Finished work a bit early today so decided to go for a run. I went for three kilometres which is nice as I am not tired. My leg muscles are also not tired so they are getting stronger.

Now I will sleep happily.",2026-10-02_18-00-48_hk_1790956848.fit,296,2026-10-02T16:05:51.000Z,302.000,682.86,141,198,74,2.197,29.77,50.817168,4.398012
2026-10-02,Running,Evening Run,"Finished work a bit early today so decided to go for a run. I went for three kilometres which is nice as I am not tired. My leg muscles are also not tired so they are getting stronger.

Now I will sleep happily.",2026-10-02_18-00-48_hk_1790956848.fit,297,2026-10-02T16:05:52.000Z,303.000,685.17,141,198,76,2.201,29.77,50.817168,4.397976
2026-10-02,Running,Evening Run,"Finished work a bit early today so decided to go for a run. I went for three kilometres which is nice as I am not tired. My leg muscles are also not tired so they are getting stronger.

Now I will sleep happily.",2026-10-02_18-00-48_hk_1790956848.fit,298,2026-10-02T16:05:53.000Z,304.000,687.47,141,196,76,2.171,29.78,50.817168,4.397958
2026-10-02,Running,Evening Run,"Finished work a bit early today so decided to go for a run. I went for three kilometres which is nice as I am not tired. My leg muscles are also not tired so they are getting stronger.

Now I will sleep happily.",2026-10-02_18-00-48_hk_1790956848.fit,299,2026-10-02T16:05:54.000Z,305.000,688.92,141,196,76,2.105,29.78,50.817186,4.397922
2026-10-02,Running,Evening Run,"Finished work a bit early today so decided to go for a run. I went for three kilometres which is nice as I am not tired. My leg muscles are also not tired so they are getting stronger.

Now I will sleep happily.",2026-10-02_18-00-48_hk_1790956848.fit,300,2026-10-02T16:05:55.000Z,306.000,690.37,141,196,75,2.079,29.79,50.817186,4.397904
2026-10-02,Running,Evening Run,"Finished work a bit early today so decided to go for a run. I went for three kilometres which is nice as I am not tired. My leg muscles are also not tired so they are getting stronger.

Now I will sleep happily.",2026-10-02_18-00-48_hk_1790956848.fit,301,2026-10-02T16:05:56.000Z,307.000,691.81,141,194,75,2.053,29.79,50.817186,4.397868
2026-10-02,Running,Evening Run,"Finished work a bit early today so decided to go for a run. I went for three kilometres which is nice as I am not tired. My leg muscles are also not tired so they are getting stronger.

Now I will sleep happily.",2026-10-02_18-00-48_hk_1790956848.fit,302,2026-10-02T16:05:57.000Z,308.000,694.02,141,194,75,2.057,29.79,50.817204,4.39785
2026-10-02,Running,Evening Run,"Finished work a bit early today so decided to go for a run. I went for three kilometres which is nice as I am not tired. My leg muscles are also not tired so they are getting stronger.

Now I will sleep happily.",2026-10-02_18-00-48_hk_1790956848.fit,303,2026-10-02T16:05:58.000Z,309.000,696.24,141,194,75,2.062,29.8,50.817204,4.397814
2026-10-02,Running,Evening Run,"Finished work a bit early today so decided to go for a run. I went for three kilometres which is nice as I am not tired. My leg muscles are also not tired so they are getting stronger.

Now I will sleep happily.",2026-10-02_18-00-48_hk_1790956848.fit,304,2026-10-02T16:05:59.000Z,310.000,698.45,141,198,75,2.051,29.8,50.817204,4.397778
2026-10-02,Running,Evening Run,"Finished work a bit early today so decided to go for a run. I went for three kilometres which is nice as I am not tired. My leg muscles are also not tired so they are getting stronger.

Now I will sleep happily.",2026-10-02_18-00-48_hk_1790956848.fit,305,2026-10-02T16:06:00.000Z,311.000,700.96,142,198,75,2.052,29.81,50.817222,4.39776
2026-10-02,Running,Evening Run,"Finished work a bit early today so decided to go for a run. I went for three kilometres which is nice as I am not tired. My leg muscles are also not tired so they are getting stronger.

Now I will sleep happily.",2026-10-02_18-00-48_hk_1790956848.fit,306,2026-10-02T16:06:01.000Z,312.000,703.48,142,198,74,2.104,29.81,50.817222,4.397724
2026-10-02,Running,Evening Run,"Finished work a bit early today so decided to go for a run. I went for three kilometres which is nice as I am not tired. My leg muscles are also not tired so they are getting stronger.

Now I will sleep happily.",2026-10-02_18-00-48_hk_1790956848.fit,307,2026-10-02T16:06:02.000Z,313.000,705.45,142,198,74,2.117,29.82,50.81724,4.397706
2026-10-02,Running,Evening Run,"Finished work a bit early today so decided to go for a run. I went for three kilometres which is nice as I am not tired. My leg muscles are also not tired so they are getting stronger.

Now I will sleep happily.",2026-10-02_18-00-48_hk_1790956848.fit,308,2026-10-02T16:06:03.000Z,314.000,707.42,142,198,74,2.124,29.82,50.81724,4.39767
2026-10-02,Running,Evening Run,"Finished work a bit early today so decided to go for a run. I went for three kilometres which is nice as I am not tired. My leg muscles are also not tired so they are getting stronger.

Now I will sleep happily.",2026-10-02_18-00-48_hk_1790956848.fit,309,2026-10-02T16:06:04.000Z,315.000,709.39,142,197,76,2.131,29.82,50.81724,4.397634
2026-10-02,Running,Evening Run,"Finished work a bit early today so decided to go for a run. I went for three kilometres which is nice as I am not tired. My leg muscles are also not tired so they are getting stronger.

Now I will sleep happily.",2026-10-02_18-00-48_hk_1790956848.fit,310,2026-10-02T16:06:05.000Z,316.000,711.97,142,197,76,2.163,29.83,50.817258,4.397616
2026-10-02,Running,Evening Run,"Finished work a bit early today so decided to go for a run. I went for three kilometres which is nice as I am not tired. My leg muscles are also not tired so they are getting stronger.

Now I will sleep happily.",2026-10-02_18-00-48_hk_1790956848.fit,311,2026-10-02T16:06:06.000Z,317.000,714.56,142,197,76,2.172,29.83,50.817258,4.39758
2026-10-02,Running,Evening Run,"Finished work a bit early today so decided to go for a run. I went for three kilometres which is nice as I am not tired. My leg muscles are also not tired so they are getting stronger.

Now I will sleep happily.",2026-10-02_18-00-48_hk_1790956848.fit,312,2026-10-02T16:06:07.000Z,318.000,716.56,142,197,76,2.156,29.84,50.817258,4.397562
2026-10-02,Running,Evening Run,"Finished work a bit early today so decided to go for a run. I went for three kilometres which is nice as I am not tired. My leg muscles are also not tired so they are getting stronger.

Now I will sleep happily.",2026-10-02_18-00-48_hk_1790956848.fit,313,2026-10-02T16:06:08.000Z,319.000,718.56,140,197,76,2.161,29.84,50.817276,4.397526
2026-10-02,Running,Evening Run,"Finished work a bit early today so decided to go for a run. I went for three kilometres which is nice as I am not tired. My leg muscles are also not tired so they are getting stronger.

Now I will sleep happily.",2026-10-02_18-00-48_hk_1790956848.fit,314,2026-10-02T16:06:09.000Z,320.000,720.57,140,198,76,2.178,29.84,50.817276,4.39749
2026-10-02,Running,Evening Run,"Finished work a bit early today so decided to go for a run. I went for three kilometres which is nice as I am not tired. My leg muscles are also not tired so they are getting stronger.

Now I will sleep happily.",2026-10-02_18-00-48_hk_1790956848.fit,315,2026-10-02T16:06:10.000Z,321.000,722.93,140,198,76,2.177,29.85,50.817276,4.397472
2026-10-02,Running,Evening Run,"Finished work a bit early today so decided to go for a run. I went for three kilometres which is nice as I am not tired. My leg muscles are also not tired so they are getting stronger.

Now I will sleep happily.",2026-10-02_18-00-48_hk_1790956848.fit,316,2026-10-02T16:06:11.000Z,322.000,725.29,140,197,76,2.176,29.85,50.817294,4.397436
2026-10-02,Running,Evening Run,"Finished work a bit early today so decided to go for a run. I went for three kilometres which is nice as I am not tired. My leg muscles are also not tired so they are getting stronger.

Now I will sleep happily.",2026-10-02_18-00-48_hk_1790956848.fit,317,2026-10-02T16:06:12.000Z,323.000,727.3,140,197,76,2.169,29.86,50.817312,4.397418
2026-10-02,Running,Evening Run,"Finished work a bit early today so decided to go for a run. I went for three kilometres which is nice as I am not tired. My leg muscles are also not tired so they are getting stronger.

Now I will sleep happily.",2026-10-02_18-00-48_hk_1790956848.fit,318,2026-10-02T16:06:13.000Z,324.000,729.32,140,197,75,2.147,29.86,50.817312,4.3974
2026-10-02,Running,Evening Run,"Finished work a bit early today so decided to go for a run. I went for three kilometres which is nice as I am not tired. My leg muscles are also not tired so they are getting stronger.

Now I will sleep happily.",2026-10-02_18-00-48_hk_1790956848.fit,319,2026-10-02T16:06:14.000Z,325.000,731.33,140,199,75,2.125,29.86,50.81733,4.397364
2026-10-02,Running,Evening Run,"Finished work a bit early today so decided to go for a run. I went for three kilometres which is nice as I am not tired. My leg muscles are also not tired so they are getting stronger.

Now I will sleep happily.",2026-10-02_18-00-48_hk_1790956848.fit,320,2026-10-02T16:06:15.000Z,326.000,734.19,140,199,75,2.139,29.87,50.81733,4.397328
2026-10-02,Running,Evening Run,"Finished work a bit early today so decided to go for a run. I went for three kilometres which is nice as I am not tired. My leg muscles are also not tired so they are getting stronger.

Now I will sleep happily.",2026-10-02_18-00-48_hk_1790956848.fit,321,2026-10-02T16:06:16.000Z,327.000,737.05,140,199,75,2.162,29.87,50.81733,4.39731
2026-10-02,Running,Evening Run,"Finished work a bit early today so decided to go for a run. I went for three kilometres which is nice as I am not tired. My leg muscles are also not tired so they are getting stronger.

Now I will sleep happily.",2026-10-02_18-00-48_hk_1790956848.fit,322,2026-10-02T16:06:17.000Z,328.000,738.32,140,199,75,2.119,29.88,50.817348,4.397274
2026-10-02,Running,Evening Run,"Finished work a bit early today so decided to go for a run. I went for three kilometres which is nice as I am not tired. My leg muscles are also not tired so they are getting stronger.

Now I will sleep happily.",2026-10-02_18-00-48_hk_1790956848.fit,323,2026-10-02T16:06:18.000Z,329.000,739.58,141,199,75,2.111,29.88,50.817348,4.397256
2026-10-02,Running,Evening Run,"Finished work a bit early today so decided to go for a run. I went for three kilometres which is nice as I am not tired. My leg muscles are also not tired so they are getting stronger.

Now I will sleep happily.",2026-10-02_18-00-48_hk_1790956848.fit,324,2026-10-02T16:06:19.000Z,330.000,740.85,140,194,74,2.103,29.88,50.817366,4.39722
2026-10-02,Running,Evening Run,"Finished work a bit early today so decided to go for a run. I went for three kilometres which is nice as I am not tired. My leg muscles are also not tired so they are getting stronger.

Now I will sleep happily.",2026-10-02_18-00-48_hk_1790956848.fit,325,2026-10-02T16:06:20.000Z,331.000,742.55,140,194,74,2.114,29.89,50.817366,4.397202
2026-10-02,Running,Evening Run,"Finished work a bit early today so decided to go for a run. I went for three kilometres which is nice as I am not tired. My leg muscles are also not tired so they are getting stronger.

Now I will sleep happily.",2026-10-02_18-00-48_hk_1790956848.fit,326,2026-10-02T16:06:21.000Z,332.000,744.26,140,194,74,2.093,29.89,50.817384,4.397184
2026-10-02,Running,Evening Run,"Finished work a bit early today so decided to go for a run. I went for three kilometres which is nice as I am not tired. My leg muscles are also not tired so they are getting stronger.

Now I will sleep happily.",2026-10-02_18-00-48_hk_1790956848.fit,327,2026-10-02T16:06:22.000Z,333.000,745.96,140,193,76,2.077,29.9,50.817384,4.397166
2026-10-02,Running,Evening Run,"Finished work a bit early today so decided to go for a run. I went for three kilometres which is nice as I am not tired. My leg muscles are also not tired so they are getting stronger.

Now I will sleep happily.",2026-10-02_18-00-48_hk_1790956848.fit,328,2026-10-02T16:06:23.000Z,334.000,748.56,140,193,76,2.088,29.9,50.817402,4.39713
2026-10-02,Running,Evening Run,"Finished work a bit early today so decided to go for a run. I went for three kilometres which is nice as I am not tired. My leg muscles are also not tired so they are getting stronger.

Now I will sleep happily.",2026-10-02_18-00-48_hk_1790956848.fit,329,2026-10-02T16:06:24.000Z,335.000,751.16,140,193,76,2.091,29.9,50.817402,4.397112
2026-10-02,Running,Evening Run,"Finished work a bit early today so decided to go for a run. I went for three kilometres which is nice as I am not tired. My leg muscles are also not tired so they are getting stronger.

Now I will sleep happily.",2026-10-02_18-00-48_hk_1790956848.fit,330,2026-10-02T16:06:25.000Z,336.000,752.88,140,193,76,2.077,29.91,50.81742,4.397094
2026-10-02,Running,Evening Run,"Finished work a bit early today so decided to go for a run. I went for three kilometres which is nice as I am not tired. My leg muscles are also not tired so they are getting stronger.

Now I will sleep happily.",2026-10-02_18-00-48_hk_1790956848.fit,331,2026-10-02T16:06:26.000Z,337.000,754.61,140,193,76,2.045,29.91,50.81742,4.397076
2026-10-02,Running,Evening Run,"Finished work a bit early today so decided to go for a run. I went for three kilometres which is nice as I am not tired. My leg muscles are also not tired so they are getting stronger.

Now I will sleep happily.",2026-10-02_18-00-48_hk_1790956848.fit,332,2026-10-02T16:06:27.000Z,338.000,756.34,140,192,76,2.036,29.92,50.817438,4.39704
2026-10-02,Running,Evening Run,"Finished work a bit early today so decided to go for a run. I went for three kilometres which is nice as I am not tired. My leg muscles are also not tired so they are getting stronger.

Now I will sleep happily.",2026-10-02_18-00-48_hk_1790956848.fit,333,2026-10-02T16:06:28.000Z,339.000,759.09,140,192,76,2.067,29.92,50.817438,4.397022
2026-10-02,Running,Evening Run,"Finished work a bit early today so decided to go for a run. I went for three kilometres which is nice as I am not tired. My leg muscles are also not tired so they are getting stronger.

Now I will sleep happily.",2026-10-02_18-00-48_hk_1790956848.fit,334,2026-10-02T16:06:29.000Z,340.000,761.85,140,195,76,2.098,29.92,50.817456,4.397004
2026-10-02,Running,Evening Run,"Finished work a bit early today so decided to go for a run. I went for three kilometres which is nice as I am not tired. My leg muscles are also not tired so they are getting stronger.

Now I will sleep happily.",2026-10-02_18-00-48_hk_1790956848.fit,335,2026-10-02T16:06:30.000Z,341.000,763.65,139,195,76,2.067,29.93,50.817456,4.396968
2026-10-02,Running,Evening Run,"Finished work a bit early today so decided to go for a run. I went for three kilometres which is nice as I am not tired. My leg muscles are also not tired so they are getting stronger.

Now I will sleep happily.",2026-10-02_18-00-48_hk_1790956848.fit,336,2026-10-02T16:06:31.000Z,342.000,765.45,139,195,76,2.036,29.93,50.817474,4.396932
2026-10-02,Running,Evening Run,"Finished work a bit early today so decided to go for a run. I went for three kilometres which is nice as I am not tired. My leg muscles are also not tired so they are getting stronger.

Now I will sleep happily.",2026-10-02_18-00-48_hk_1790956848.fit,337,2026-10-02T16:06:32.000Z,343.000,767.25,139,194,76,2.028,29.94,50.817474,4.396914
2026-10-02,Running,Evening Run,"Finished work a bit early today so decided to go for a run. I went for three kilometres which is nice as I am not tired. My leg muscles are also not tired so they are getting stronger.

Now I will sleep happily.",2026-10-02_18-00-48_hk_1790956848.fit,338,2026-10-02T16:06:33.000Z,344.000,769.21,139,194,76,2.026,29.94,50.817492,4.396896
2026-10-02,Running,Evening Run,"Finished work a bit early today so decided to go for a run. I went for three kilometres which is nice as I am not tired. My leg muscles are also not tired so they are getting stronger.

Now I will sleep happily.",2026-10-02_18-00-48_hk_1790956848.fit,339,2026-10-02T16:06:34.000Z,345.000,771.17,139,192,76,2.024,29.95,50.817492,4.39686
2026-10-02,Running,Evening Run,"Finished work a bit early today so decided to go for a run. I went for three kilometres which is nice as I am not tired. My leg muscles are also not tired so they are getting stronger.

Now I will sleep happily.",2026-10-02_18-00-48_hk_1790956848.fit,340,2026-10-02T16:06:35.000Z,346.000,772.74,139,192,76,2.007,29.95,50.81751,4.396842
2026-10-02,Running,Evening Run,"Finished work a bit early today so decided to go for a run. I went for three kilometres which is nice as I am not tired. My leg muscles are also not tired so they are getting stronger.

Now I will sleep happily.",2026-10-02_18-00-48_hk_1790956848.fit,341,2026-10-02T16:06:36.000Z,347.000,774.31,139,192,76,1.976,29.95,50.81751,4.396824
2026-10-02,Running,Evening Run,"Finished work a bit early today so decided to go for a run. I went for three kilometres which is nice as I am not tired. My leg muscles are also not tired so they are getting stronger.

Now I will sleep happily.",2026-10-02_18-00-48_hk_1790956848.fit,342,2026-10-02T16:06:37.000Z,348.000,775.87,139,192,74,1.946,29.96,50.817528,4.396806
2026-10-02,Running,Evening Run,"Finished work a bit early today so decided to go for a run. I went for three kilometres which is nice as I am not tired. My leg muscles are also not tired so they are getting stronger.

Now I will sleep happily.",2026-10-02_18-00-48_hk_1790956848.fit,343,2026-10-02T16:06:38.000Z,349.000,778.54,139,192,74,1.971,29.96,50.817528,4.396788
2026-10-02,Running,Evening Run,"Finished work a bit early today so decided to go for a run. I went for three kilometres which is nice as I am not tired. My leg muscles are also not tired so they are getting stronger.

Now I will sleep happily.",2026-10-02_18-00-48_hk_1790956848.fit,344,2026-10-02T16:06:39.000Z,350.000,781.2,139,191,74,1.996,29.97,50.817546,4.39677
2026-10-02,Running,Evening Run,"Finished work a bit early today so decided to go for a run. I went for three kilometres which is nice as I am not tired. My leg muscles are also not tired so they are getting stronger.

Now I will sleep happily.",2026-10-02_18-00-48_hk_1790956848.fit,345,2026-10-02T16:06:40.000Z,351.000,782.61,139,191,76,1.972,29.97,50.817546,4.396752
2026-10-02,Running,Evening Run,"Finished work a bit early today so decided to go for a run. I went for three kilometres which is nice as I am not tired. My leg muscles are also not tired so they are getting stronger.

Now I will sleep happily.",2026-10-02_18-00-48_hk_1790956848.fit,346,2026-10-02T16:06:41.000Z,352.000,784.02,139,191,76,1.952,29.98,50.817564,4.396716
2026-10-02,Running,Evening Run,"Finished work a bit early today so decided to go for a run. I went for three kilometres which is nice as I am not tired. My leg muscles are also not tired so they are getting stronger.

Now I will sleep happily.",2026-10-02_18-00-48_hk_1790956848.fit,347,2026-10-02T16:06:42.000Z,353.000,785.43,139,190,76,1.898,29.98,50.817582,4.396698
2026-10-02,Running,Evening Run,"Finished work a bit early today so decided to go for a run. I went for three kilometres which is nice as I am not tired. My leg muscles are also not tired so they are getting stronger.

Now I will sleep happily.",2026-10-02_18-00-48_hk_1790956848.fit,348,2026-10-02T16:06:43.000Z,354.000,787.43,139,190,74,1.866,29.99,50.817582,4.39668
2026-10-02,Running,Evening Run,"Finished work a bit early today so decided to go for a run. I went for three kilometres which is nice as I am not tired. My leg muscles are also not tired so they are getting stronger.

Now I will sleep happily.",2026-10-02_18-00-48_hk_1790956848.fit,349,2026-10-02T16:06:44.000Z,355.000,789.43,139,190,74,1.893,29.99,50.8176,4.396662
2026-10-02,Running,Evening Run,"Finished work a bit early today so decided to go for a run. I went for three kilometres which is nice as I am not tired. My leg muscles are also not tired so they are getting stronger.

Now I will sleep happily.",2026-10-02_18-00-48_hk_1790956848.fit,350,2026-10-02T16:06:45.000Z,356.000,791.43,139,191,74,1.946,30,50.8176,4.396644
2026-10-02,Running,Evening Run,"Finished work a bit early today so decided to go for a run. I went for three kilometres which is nice as I am not tired. My leg muscles are also not tired so they are getting stronger.

Now I will sleep happily.",2026-10-02_18-00-48_hk_1790956848.fit,351,2026-10-02T16:06:46.000Z,357.000,794.11,140,191,76,1.983,30,50.817618,4.396626
2026-10-02,Running,Evening Run,"Finished work a bit early today so decided to go for a run. I went for three kilometres which is nice as I am not tired. My leg muscles are also not tired so they are getting stronger.

Now I will sleep happily.",2026-10-02_18-00-48_hk_1790956848.fit,352,2026-10-02T16:06:47.000Z,358.000,796.8,140,193,76,2.033,30.01,50.817636,4.39659
2026-10-02,Running,Evening Run,"Finished work a bit early today so decided to go for a run. I went for three kilometres which is nice as I am not tired. My leg muscles are also not tired so they are getting stronger.

Now I will sleep happily.",2026-10-02_18-00-48_hk_1790956848.fit,353,2026-10-02T16:06:48.000Z,359.000,799.01,140,193,76,2.018,30.01,50.817636,4.396572
2026-10-02,Running,Evening Run,"Finished work a bit early today so decided to go for a run. I went for three kilometres which is nice as I am not tired. My leg muscles are also not tired so they are getting stronger.

Now I will sleep happily.",2026-10-02_18-00-48_hk_1790956848.fit,354,2026-10-02T16:06:49.000Z,360.000,801.22,140,193,76,2.003,30.02,50.817654,4.396536
2026-10-02,Running,Evening Run,"Finished work a bit early today so decided to go for a run. I went for three kilometres which is nice as I am not tired. My leg muscles are also not tired so they are getting stronger.

Now I will sleep happily.",2026-10-02_18-00-48_hk_1790956848.fit,355,2026-10-02T16:06:50.000Z,361.000,803.44,140,195,76,2.022,30.02,50.817672,4.396518
2026-10-02,Running,Evening Run,"Finished work a bit early today so decided to go for a run. I went for three kilometres which is nice as I am not tired. My leg muscles are also not tired so they are getting stronger.

Now I will sleep happily.",2026-10-02_18-00-48_hk_1790956848.fit,356,2026-10-02T16:06:51.000Z,362.000,805.93,141,195,76,2.053,30.03,50.81769,4.396482
2026-10-02,Running,Evening Run,"Finished work a bit early today so decided to go for a run. I went for three kilometres which is nice as I am not tired. My leg muscles are also not tired so they are getting stronger.

Now I will sleep happily.",2026-10-02_18-00-48_hk_1790956848.fit,357,2026-10-02T16:06:52.000Z,363.000,808.42,141,195,76,2.083,30.04,50.81769,4.396464
2026-10-02,Running,Evening Run,"Finished work a bit early today so decided to go for a run. I went for three kilometres which is nice as I am not tired. My leg muscles are also not tired so they are getting stronger.

Now I will sleep happily.",2026-10-02_18-00-48_hk_1790956848.fit,358,2026-10-02T16:06:53.000Z,364.000,810.34,141,195,76,2.05,30.04,50.817708,4.396446
2026-10-02,Running,Evening Run,"Finished work a bit early today so decided to go for a run. I went for three kilometres which is nice as I am not tired. My leg muscles are also not tired so they are getting stronger.

Now I will sleep happily.",2026-10-02_18-00-48_hk_1790956848.fit,359,2026-10-02T16:06:54.000Z,365.000,812.25,141,195,76,2.016,30.05,50.817726,4.39641
2026-10-02,Running,Evening Run,"Finished work a bit early today so decided to go for a run. I went for three kilometres which is nice as I am not tired. My leg muscles are also not tired so they are getting stronger.

Now I will sleep happily.",2026-10-02_18-00-48_hk_1790956848.fit,360,2026-10-02T16:06:55.000Z,366.000,814.17,141,196,73,2.021,30.05,50.817744,4.396392
2026-10-02,Running,Evening Run,"Finished work a bit early today so decided to go for a run. I went for three kilometres which is nice as I am not tired. My leg muscles are also not tired so they are getting stronger.

Now I will sleep happily.",2026-10-02_18-00-48_hk_1790956848.fit,361,2026-10-02T16:06:56.000Z,367.000,817.3,141,196,73,2.086,30.06,50.817762,4.396374
2026-10-02,Running,Evening Run,"Finished work a bit early today so decided to go for a run. I went for three kilometres which is nice as I am not tired. My leg muscles are also not tired so they are getting stronger.

Now I will sleep happily.",2026-10-02_18-00-48_hk_1790956848.fit,362,2026-10-02T16:06:57.000Z,368.000,820.43,143,199,73,2.134,30.06,50.81778,4.396374
2026-10-02,Running,Evening Run,"Finished work a bit early today so decided to go for a run. I went for three kilometres which is nice as I am not tired. My leg muscles are also not tired so they are getting stronger.

Now I will sleep happily.",2026-10-02_18-00-48_hk_1790956848.fit,363,2026-10-02T16:06:58.000Z,369.000,822.31,143,199,76,2.131,30.07,50.81778,4.396356
2026-10-02,Running,Evening Run,"Finished work a bit early today so decided to go for a run. I went for three kilometres which is nice as I am not tired. My leg muscles are also not tired so they are getting stronger.

Now I will sleep happily.",2026-10-02_18-00-48_hk_1790956848.fit,364,2026-10-02T16:06:59.000Z,370.000,824.2,143,199,76,2.144,30.07,50.817798,4.39632
2026-10-02,Running,Evening Run,"Finished work a bit early today so decided to go for a run. I went for three kilometres which is nice as I am not tired. My leg muscles are also not tired so they are getting stronger.

Now I will sleep happily.",2026-10-02_18-00-48_hk_1790956848.fit,365,2026-10-02T16:07:00.000Z,371.000,826.08,143,201,76,2.183,30.07,50.817816,4.396302
2026-10-02,Running,Evening Run,"Finished work a bit early today so decided to go for a run. I went for three kilometres which is nice as I am not tired. My leg muscles are also not tired so they are getting stronger.

Now I will sleep happily.",2026-10-02_18-00-48_hk_1790956848.fit,366,2026-10-02T16:07:01.000Z,372.000,828.01,143,201,74,2.172,30.08,50.817834,4.396284
2026-10-02,Running,Evening Run,"Finished work a bit early today so decided to go for a run. I went for three kilometres which is nice as I am not tired. My leg muscles are also not tired so they are getting stronger.

Now I will sleep happily.",2026-10-02_18-00-48_hk_1790956848.fit,367,2026-10-02T16:07:02.000Z,373.000,829.94,143,201,74,2.142,30.08,50.817852,4.396248
2026-10-02,Running,Evening Run,"Finished work a bit early today so decided to go for a run. I went for three kilometres which is nice as I am not tired. My leg muscles are also not tired so they are getting stronger.

Now I will sleep happily.",2026-10-02_18-00-48_hk_1790956848.fit,368,2026-10-02T16:07:03.000Z,374.000,831.87,144,202,74,2.111,30.09,50.817852,4.39623
2026-10-02,Running,Evening Run,"Finished work a bit early today so decided to go for a run. I went for three kilometres which is nice as I am not tired. My leg muscles are also not tired so they are getting stronger.

Now I will sleep happily.",2026-10-02_18-00-48_hk_1790956848.fit,369,2026-10-02T16:07:04.000Z,375.000,835.21,144,202,76,2.225,30.09,50.81787,4.396212
2026-10-02,Running,Evening Run,"Finished work a bit early today so decided to go for a run. I went for three kilometres which is nice as I am not tired. My leg muscles are also not tired so they are getting stronger.

Now I will sleep happily.",2026-10-02_18-00-48_hk_1790956848.fit,370,2026-10-02T16:07:05.000Z,376.000,838.55,144,203,76,2.324,30.09,50.817888,4.396194
2026-10-02,Running,Evening Run,"Finished work a bit early today so decided to go for a run. I went for three kilometres which is nice as I am not tired. My leg muscles are also not tired so they are getting stronger.

Now I will sleep happily.",2026-10-02_18-00-48_hk_1790956848.fit,371,2026-10-02T16:07:06.000Z,377.000,840.53,144,203,76,2.322,30.1,50.817906,4.396176
2026-10-02,Running,Evening Run,"Finished work a bit early today so decided to go for a run. I went for three kilometres which is nice as I am not tired. My leg muscles are also not tired so they are getting stronger.

Now I will sleep happily.",2026-10-02_18-00-48_hk_1790956848.fit,372,2026-10-02T16:07:07.000Z,378.000,842.5,144,203,76,2.321,30.1,50.817924,4.396158
2026-10-02,Running,Evening Run,"Finished work a bit early today so decided to go for a run. I went for three kilometres which is nice as I am not tired. My leg muscles are also not tired so they are getting stronger.

Now I will sleep happily.",2026-10-02_18-00-48_hk_1790956848.fit,373,2026-10-02T16:07:08.000Z,379.000,844.47,142,203,76,2.289,30.11,50.817942,4.39614
2026-10-02,Running,Evening Run,"Finished work a bit early today so decided to go for a run. I went for three kilometres which is nice as I am not tired. My leg muscles are also not tired so they are getting stronger.

Now I will sleep happily.",2026-10-02_18-00-48_hk_1790956848.fit,374,2026-10-02T16:07:09.000Z,380.000,847.62,142,203,76,2.31,30.11,50.81796,4.396122
2026-10-02,Running,Evening Run,"Finished work a bit early today so decided to go for a run. I went for three kilometres which is nice as I am not tired. My leg muscles are also not tired so they are getting stronger.

Now I will sleep happily.",2026-10-02_18-00-48_hk_1790956848.fit,375,2026-10-02T16:07:10.000Z,381.000,850.77,140,206,76,2.353,30.11,50.817978,4.396086
2026-10-02,Running,Evening Run,"Finished work a bit early today so decided to go for a run. I went for three kilometres which is nice as I am not tired. My leg muscles are also not tired so they are getting stronger.

Now I will sleep happily.",2026-10-02_18-00-48_hk_1790956848.fit,376,2026-10-02T16:07:11.000Z,382.000,853.09,140,206,76,2.357,30.12,50.817996,4.396068
2026-10-02,Running,Evening Run,"Finished work a bit early today so decided to go for a run. I went for three kilometres which is nice as I am not tired. My leg muscles are also not tired so they are getting stronger.

Now I will sleep happily.",2026-10-02_18-00-48_hk_1790956848.fit,377,2026-10-02T16:07:12.000Z,383.000,855.4,140,206,76,2.362,30.12,50.817996,4.39605
2026-10-02,Running,Evening Run,"Finished work a bit early today so decided to go for a run. I went for three kilometres which is nice as I am not tired. My leg muscles are also not tired so they are getting stronger.

Now I will sleep happily.",2026-10-02_18-00-48_hk_1790956848.fit,378,2026-10-02T16:07:13.000Z,384.000,857.72,140,208,76,2.354,30.12,50.818014,4.396032
2026-10-02,Running,Evening Run,"Finished work a bit early today so decided to go for a run. I went for three kilometres which is nice as I am not tired. My leg muscles are also not tired so they are getting stronger.

Now I will sleep happily.",2026-10-02_18-00-48_hk_1790956848.fit,379,2026-10-02T16:07:14.000Z,385.000,860.66,140,208,76,2.396,30.12,50.818032,4.395996
2026-10-02,Running,Evening Run,"Finished work a bit early today so decided to go for a run. I went for three kilometres which is nice as I am not tired. My leg muscles are also not tired so they are getting stronger.

Now I will sleep happily.",2026-10-02_18-00-48_hk_1790956848.fit,380,2026-10-02T16:07:15.000Z,386.000,863.6,140,208,76,2.445,30.12,50.81805,4.395978
2026-10-02,Running,Evening Run,"Finished work a bit early today so decided to go for a run. I went for three kilometres which is nice as I am not tired. My leg muscles are also not tired so they are getting stronger.

Now I will sleep happily.",2026-10-02_18-00-48_hk_1790956848.fit,381,2026-10-02T16:07:16.000Z,387.000,865.53,140,208,76,2.446,30.12,50.818068,4.39596
2026-10-02,Running,Evening Run,"Finished work a bit early today so decided to go for a run. I went for three kilometres which is nice as I am not tired. My leg muscles are also not tired so they are getting stronger.

Now I will sleep happily.",2026-10-02_18-00-48_hk_1790956848.fit,382,2026-10-02T16:07:17.000Z,388.000,867.46,140,208,76,2.388,30.12,50.818086,4.395942
2026-10-02,Running,Evening Run,"Finished work a bit early today so decided to go for a run. I went for three kilometres which is nice as I am not tired. My leg muscles are also not tired so they are getting stronger.

Now I will sleep happily.",2026-10-02_18-00-48_hk_1790956848.fit,383,2026-10-02T16:07:18.000Z,389.000,869.38,142,207,76,2.367,30.12,50.818104,4.395924
2026-10-02,Running,Evening Run,"Finished work a bit early today so decided to go for a run. I went for three kilometres which is nice as I am not tired. My leg muscles are also not tired so they are getting stronger.

Now I will sleep happily.",2026-10-02_18-00-48_hk_1790956848.fit,384,2026-10-02T16:07:19.000Z,390.000,872.93,142,207,77,2.41,30.12,50.818122,4.395906
2026-10-02,Running,Evening Run,"Finished work a bit early today so decided to go for a run. I went for three kilometres which is nice as I am not tired. My leg muscles are also not tired so they are getting stronger.

Now I will sleep happily.",2026-10-02_18-00-48_hk_1790956848.fit,385,2026-10-02T16:07:20.000Z,391.000,876.48,142,208,77,2.52,30.12,50.81814,4.395888
2026-10-02,Running,Evening Run,"Finished work a bit early today so decided to go for a run. I went for three kilometres which is nice as I am not tired. My leg muscles are also not tired so they are getting stronger.

Now I will sleep happily.",2026-10-02_18-00-48_hk_1790956848.fit,386,2026-10-02T16:07:21.000Z,392.000,878.06,142,208,77,2.502,30.12,50.818158,4.39587
2026-10-02,Running,Evening Run,"Finished work a bit early today so decided to go for a run. I went for three kilometres which is nice as I am not tired. My leg muscles are also not tired so they are getting stronger.

Now I will sleep happily.",2026-10-02_18-00-48_hk_1790956848.fit,387,2026-10-02T16:07:22.000Z,393.000,879.63,142,208,78,2.458,30.12,50.818176,4.395852
2026-10-02,Running,Evening Run,"Finished work a bit early today so decided to go for a run. I went for three kilometres which is nice as I am not tired. My leg muscles are also not tired so they are getting stronger.

Now I will sleep happily.",2026-10-02_18-00-48_hk_1790956848.fit,388,2026-10-02T16:07:23.000Z,394.000,881.21,142,205,78,2.442,30.12,50.818194,4.395834
2026-10-02,Running,Evening Run,"Finished work a bit early today so decided to go for a run. I went for three kilometres which is nice as I am not tired. My leg muscles are also not tired so they are getting stronger.

Now I will sleep happily.",2026-10-02_18-00-48_hk_1790956848.fit,389,2026-10-02T16:07:24.000Z,395.000,883.63,142,205,78,2.465,30.12,50.818212,4.395816
2026-10-02,Running,Evening Run,"Finished work a bit early today so decided to go for a run. I went for three kilometres which is nice as I am not tired. My leg muscles are also not tired so they are getting stronger.

Now I will sleep happily.",2026-10-02_18-00-48_hk_1790956848.fit,390,2026-10-02T16:07:25.000Z,396.000,886.04,142,205,78,2.42,30.12,50.81823,4.395798
2026-10-02,Running,Evening Run,"Finished work a bit early today so decided to go for a run. I went for three kilometres which is nice as I am not tired. My leg muscles are also not tired so they are getting stronger.

Now I will sleep happily.",2026-10-02_18-00-48_hk_1790956848.fit,391,2026-10-02T16:07:26.000Z,397.000,888.45,142,204,78,2.42,30.11,50.818248,4.39578
2026-10-02,Running,Evening Run,"Finished work a bit early today so decided to go for a run. I went for three kilometres which is nice as I am not tired. My leg muscles are also not tired so they are getting stronger.

Now I will sleep happily.",2026-10-02_18-00-48_hk_1790956848.fit,392,2026-10-02T16:07:27.000Z,398.000,890.82,142,204,78,2.395,30.11,50.818266,4.39578
2026-10-02,Running,Evening Run,"Finished work a bit early today so decided to go for a run. I went for three kilometres which is nice as I am not tired. My leg muscles are also not tired so they are getting stronger.

Now I will sleep happily.",2026-10-02_18-00-48_hk_1790956848.fit,393,2026-10-02T16:07:28.000Z,399.000,893.2,143,201,77,2.414,30.11,50.818266,4.395762
2026-10-02,Running,Evening Run,"Finished work a bit early today so decided to go for a run. I went for three kilometres which is nice as I am not tired. My leg muscles are also not tired so they are getting stronger.

Now I will sleep happily.",2026-10-02_18-00-48_hk_1790956848.fit,394,2026-10-02T16:07:29.000Z,400.000,895.5,143,201,77,2.43,30.11,50.818284,4.395744
2026-10-02,Running,Evening Run,"Finished work a bit early today so decided to go for a run. I went for three kilometres which is nice as I am not tired. My leg muscles are also not tired so they are getting stronger.

Now I will sleep happily.",2026-10-02_18-00-48_hk_1790956848.fit,395,2026-10-02T16:07:30.000Z,401.000,897.8,143,201,77,2.389,30.11,50.818302,4.395726
2026-10-02,Running,Evening Run,"Finished work a bit early today so decided to go for a run. I went for three kilometres which is nice as I am not tired. My leg muscles are also not tired so they are getting stronger.

Now I will sleep happily.",2026-10-02_18-00-48_hk_1790956848.fit,396,2026-10-02T16:07:31.000Z,402.000,900.09,143,201,76,2.385,30.1,50.81832,4.395726
2026-10-02,Running,Evening Run,"Finished work a bit early today so decided to go for a run. I went for three kilometres which is nice as I am not tired. My leg muscles are also not tired so they are getting stronger.

Now I will sleep happily.",2026-10-02_18-00-48_hk_1790956848.fit,397,2026-10-02T16:07:32.000Z,403.000,902.12,143,201,76,2.334,30.1,50.818338,4.395708
2026-10-02,Running,Evening Run,"Finished work a bit early today so decided to go for a run. I went for three kilometres which is nice as I am not tired. My leg muscles are also not tired so they are getting stronger.

Now I will sleep happily.",2026-10-02_18-00-48_hk_1790956848.fit,398,2026-10-02T16:07:33.000Z,404.000,904.15,143,138,76,2.321,30.1,50.818356,4.39569
2026-10-02,Running,Evening Run,"Finished work a bit early today so decided to go for a run. I went for three kilometres which is nice as I am not tired. My leg muscles are also not tired so they are getting stronger.

Now I will sleep happily.",2026-10-02_18-00-48_hk_1790956848.fit,399,2026-10-02T16:07:34.000Z,405.000,906.48,143,138,76,2.322,30.09,50.818374,4.395672
2026-10-02,Running,Evening Run,"Finished work a bit early today so decided to go for a run. I went for three kilometres which is nice as I am not tired. My leg muscles are also not tired so they are getting stronger.

Now I will sleep happily.",2026-10-02_18-00-48_hk_1790956848.fit,400,2026-10-02T16:07:35.000Z,406.000,908.81,143,138,76,2.323,30.09,50.818392,4.395672
2026-10-02,Running,Evening Run,"Finished work a bit early today so decided to go for a run. I went for three kilometres which is nice as I am not tired. My leg muscles are also not tired so they are getting stronger.

Now I will sleep happily.",2026-10-02_18-00-48_hk_1790956848.fit,401,2026-10-02T16:07:36.000Z,407.000,911.15,143,139,76,2.295,30.08,50.81841,4.395654
2026-10-02,Running,Evening Run,"Finished work a bit early today so decided to go for a run. I went for three kilometres which is nice as I am not tired. My leg muscles are also not tired so they are getting stronger.

Now I will sleep happily.",2026-10-02_18-00-48_hk_1790956848.fit,402,2026-10-02T16:07:37.000Z,408.000,913.78,143,139,76,2.281,30.08,50.818428,4.395636
2026-10-02,Running,Evening Run,"Finished work a bit early today so decided to go for a run. I went for three kilometres which is nice as I am not tired. My leg muscles are also not tired so they are getting stronger.

Now I will sleep happily.",2026-10-02_18-00-48_hk_1790956848.fit,403,2026-10-02T16:07:38.000Z,409.000,916.41,143,137,76,2.313,30.08,50.818446,4.395618
2026-10-02,Running,Evening Run,"Finished work a bit early today so decided to go for a run. I went for three kilometres which is nice as I am not tired. My leg muscles are also not tired so they are getting stronger.

Now I will sleep happily.",2026-10-02_18-00-48_hk_1790956848.fit,404,2026-10-02T16:07:39.000Z,410.000,918.41,143,137,76,2.316,30.07,50.818464,4.395618
2026-10-02,Running,Evening Run,"Finished work a bit early today so decided to go for a run. I went for three kilometres which is nice as I am not tired. My leg muscles are also not tired so they are getting stronger.

Now I will sleep happily.",2026-10-02_18-00-48_hk_1790956848.fit,405,2026-10-02T16:07:40.000Z,411.000,920.4,143,137,76,2.319,30.06,50.818482,4.3956
2026-10-02,Running,Evening Run,"Finished work a bit early today so decided to go for a run. I went for three kilometres which is nice as I am not tired. My leg muscles are also not tired so they are getting stronger.

Now I will sleep happily.",2026-10-02_18-00-48_hk_1790956848.fit,406,2026-10-02T16:07:41.000Z,412.000,922.4,143,132,76,2.305,30.06,50.8185,4.395564
2026-10-02,Running,Evening Run,"Finished work a bit early today so decided to go for a run. I went for three kilometres which is nice as I am not tired. My leg muscles are also not tired so they are getting stronger.

Now I will sleep happily.",2026-10-02_18-00-48_hk_1790956848.fit,407,2026-10-02T16:07:42.000Z,413.000,925.86,143,132,76,2.301,30.05,50.818518,4.395546
2026-10-02,Running,Evening Run,"Finished work a bit early today so decided to go for a run. I went for three kilometres which is nice as I am not tired. My leg muscles are also not tired so they are getting stronger.

Now I will sleep happily.",2026-10-02_18-00-48_hk_1790956848.fit,408,2026-10-02T16:07:43.000Z,414.000,929.31,143,133,78,2.33,30.05,50.818536,4.395528
2026-10-02,Running,Evening Run,"Finished work a bit early today so decided to go for a run. I went for three kilometres which is nice as I am not tired. My leg muscles are also not tired so they are getting stronger.

Now I will sleep happily.",2026-10-02_18-00-48_hk_1790956848.fit,409,2026-10-02T16:07:44.000Z,415.000,931.45,142,133,78,2.392,30.04,50.818554,4.39551
2026-10-02,Running,Evening Run,"Finished work a bit early today so decided to go for a run. I went for three kilometres which is nice as I am not tired. My leg muscles are also not tired so they are getting stronger.

Now I will sleep happily.",2026-10-02_18-00-48_hk_1790956848.fit,410,2026-10-02T16:07:45.000Z,416.000,933.59,142,133,78,2.381,30.03,50.818572,4.395474
2026-10-02,Running,Evening Run,"Finished work a bit early today so decided to go for a run. I went for three kilometres which is nice as I am not tired. My leg muscles are also not tired so they are getting stronger.

Now I will sleep happily.",2026-10-02_18-00-48_hk_1790956848.fit,411,2026-10-02T16:07:46.000Z,417.000,935.73,142,136,77,2.368,30.03,50.81859,4.395456
2026-10-02,Running,Evening Run,"Finished work a bit early today so decided to go for a run. I went for three kilometres which is nice as I am not tired. My leg muscles are also not tired so they are getting stronger.

Now I will sleep happily.",2026-10-02_18-00-48_hk_1790956848.fit,412,2026-10-02T16:07:47.000Z,418.000,938.17,142,136,77,2.37,30.02,50.818608,4.395438
2026-10-02,Running,Evening Run,"Finished work a bit early today so decided to go for a run. I went for three kilometres which is nice as I am not tired. My leg muscles are also not tired so they are getting stronger.

Now I will sleep happily.",2026-10-02_18-00-48_hk_1790956848.fit,413,2026-10-02T16:07:48.000Z,419.000,940.61,142,136,77,2.371,30.01,50.818626,4.39542
2026-10-02,Running,Evening Run,"Finished work a bit early today so decided to go for a run. I went for three kilometres which is nice as I am not tired. My leg muscles are also not tired so they are getting stronger.

Now I will sleep happily.",2026-10-02_18-00-48_hk_1790956848.fit,414,2026-10-02T16:07:49.000Z,420.000,943.05,142,139,79,2.374,30.01,50.818644,4.395384
2026-10-02,Running,Evening Run,"Finished work a bit early today so decided to go for a run. I went for three kilometres which is nice as I am not tired. My leg muscles are also not tired so they are getting stronger.

Now I will sleep happily.",2026-10-02_18-00-48_hk_1790956848.fit,415,2026-10-02T16:07:50.000Z,421.000,946.39,142,139,79,2.423,30,50.818662,4.395366
2026-10-02,Running,Evening Run,"Finished work a bit early today so decided to go for a run. I went for three kilometres which is nice as I am not tired. My leg muscles are also not tired so they are getting stronger.

Now I will sleep happily.",2026-10-02_18-00-48_hk_1790956848.fit,416,2026-10-02T16:07:51.000Z,422.000,949.72,141,141,79,2.473,29.99,50.81868,4.395348
2026-10-02,Running,Evening Run,"Finished work a bit early today so decided to go for a run. I went for three kilometres which is nice as I am not tired. My leg muscles are also not tired so they are getting stronger.

Now I will sleep happily.",2026-10-02_18-00-48_hk_1790956848.fit,417,2026-10-02T16:07:52.000Z,423.000,951.57,141,141,76,2.451,29.99,50.818698,4.39533
2026-10-02,Running,Evening Run,"Finished work a bit early today so decided to go for a run. I went for three kilometres which is nice as I am not tired. My leg muscles are also not tired so they are getting stronger.

Now I will sleep happily.",2026-10-02_18-00-48_hk_1790956848.fit,418,2026-10-02T16:07:53.000Z,424.000,953.41,141,141,76,2.442,29.98,50.818716,4.395294
2026-10-02,Running,Evening Run,"Finished work a bit early today so decided to go for a run. I went for three kilometres which is nice as I am not tired. My leg muscles are also not tired so they are getting stronger.

Now I will sleep happily.",2026-10-02_18-00-48_hk_1790956848.fit,419,2026-10-02T16:07:54.000Z,425.000,955.25,141,138,76,2.433,29.97,50.818734,4.395276
2026-10-02,Running,Evening Run,"Finished work a bit early today so decided to go for a run. I went for three kilometres which is nice as I am not tired. My leg muscles are also not tired so they are getting stronger.

Now I will sleep happily.",2026-10-02_18-00-48_hk_1790956848.fit,420,2026-10-02T16:07:55.000Z,426.000,957.63,141,138,76,2.436,29.97,50.818752,4.395258
2026-10-02,Running,Evening Run,"Finished work a bit early today so decided to go for a run. I went for three kilometres which is nice as I am not tired. My leg muscles are also not tired so they are getting stronger.

Now I will sleep happily.",2026-10-02_18-00-48_hk_1790956848.fit,421,2026-10-02T16:07:56.000Z,427.000,960.01,141,134,76,2.438,29.96,50.81877,4.395258
2026-10-02,Running,Evening Run,"Finished work a bit early today so decided to go for a run. I went for three kilometres which is nice as I am not tired. My leg muscles are also not tired so they are getting stronger.

Now I will sleep happily.",2026-10-02_18-00-48_hk_1790956848.fit,422,2026-10-02T16:07:57.000Z,428.000,962.12,140,134,76,2.427,29.95,50.81877,4.39524
2026-10-02,Running,Evening Run,"Finished work a bit early today so decided to go for a run. I went for three kilometres which is nice as I am not tired. My leg muscles are also not tired so they are getting stronger.

Now I will sleep happily.",2026-10-02_18-00-48_hk_1790956848.fit,423,2026-10-02T16:07:58.000Z,429.000,964.22,140,134,76,2.402,29.95,50.818788,4.395222
2026-10-02,Running,Evening Run,"Finished work a bit early today so decided to go for a run. I went for three kilometres which is nice as I am not tired. My leg muscles are also not tired so they are getting stronger.

Now I will sleep happily.",2026-10-02_18-00-48_hk_1790956848.fit,424,2026-10-02T16:07:59.000Z,430.000,966.33,140,133,76,2.389,29.94,50.818806,4.395204
2026-10-02,Running,Evening Run,"Finished work a bit early today so decided to go for a run. I went for three kilometres which is nice as I am not tired. My leg muscles are also not tired so they are getting stronger.

Now I will sleep happily.",2026-10-02_18-00-48_hk_1790956848.fit,425,2026-10-02T16:08:00.000Z,431.000,969.46,140,133,76,2.431,29.94,50.818824,4.395186
2026-10-02,Running,Evening Run,"Finished work a bit early today so decided to go for a run. I went for three kilometres which is nice as I am not tired. My leg muscles are also not tired so they are getting stronger.

Now I will sleep happily.",2026-10-02_18-00-48_hk_1790956848.fit,426,2026-10-02T16:08:01.000Z,432.000,972.6,140,134,76,2.51,29.93,50.818842,4.39515
2026-10-02,Running,Evening Run,"Finished work a bit early today so decided to go for a run. I went for three kilometres which is nice as I am not tired. My leg muscles are also not tired so they are getting stronger.

Now I will sleep happily.",2026-10-02_18-00-48_hk_1790956848.fit,427,2026-10-02T16:08:02.000Z,433.000,974.8,140,134,76,2.495,29.92,50.81886,4.395132
2026-10-02,Running,Evening Run,"Finished work a bit early today so decided to go for a run. I went for three kilometres which is nice as I am not tired. My leg muscles are also not tired so they are getting stronger.

Now I will sleep happily.",2026-10-02_18-00-48_hk_1790956848.fit,428,2026-10-02T16:08:03.000Z,434.000,977,140,134,76,2.435,29.92,50.818878,4.395114
2026-10-02,Running,Evening Run,"Finished work a bit early today so decided to go for a run. I went for three kilometres which is nice as I am not tired. My leg muscles are also not tired so they are getting stronger.

Now I will sleep happily.",2026-10-02_18-00-48_hk_1790956848.fit,429,2026-10-02T16:08:04.000Z,435.000,979.2,140,137,76,2.425,29.91,50.818896,4.395096
2026-10-02,Running,Evening Run,"Finished work a bit early today so decided to go for a run. I went for three kilometres which is nice as I am not tired. My leg muscles are also not tired so they are getting stronger.

Now I will sleep happily.",2026-10-02_18-00-48_hk_1790956848.fit,430,2026-10-02T16:08:05.000Z,436.000,981.26,140,137,76,2.361,29.91,50.818914,4.395078
2026-10-02,Running,Evening Run,"Finished work a bit early today so decided to go for a run. I went for three kilometres which is nice as I am not tired. My leg muscles are also not tired so they are getting stronger.

Now I will sleep happily.",2026-10-02_18-00-48_hk_1790956848.fit,431,2026-10-02T16:08:06.000Z,437.000,983.33,140,137,76,2.358,29.9,50.818932,4.39506
2026-10-02,Running,Evening Run,"Finished work a bit early today so decided to go for a run. I went for three kilometres which is nice as I am not tired. My leg muscles are also not tired so they are getting stronger.

Now I will sleep happily.",2026-10-02_18-00-48_hk_1790956848.fit,432,2026-10-02T16:08:07.000Z,438.000,985.39,140,136,79,2.354,29.89,50.81895,4.395042
2026-10-02,Running,Evening Run,"Finished work a bit early today so decided to go for a run. I went for three kilometres which is nice as I am not tired. My leg muscles are also not tired so they are getting stronger.

Now I will sleep happily.",2026-10-02_18-00-48_hk_1790956848.fit,433,2026-10-02T16:08:08.000Z,439.000,988.41,139,136,79,2.392,29.89,50.818968,4.395024
2026-10-02,Running,Evening Run,"Finished work a bit early today so decided to go for a run. I went for three kilometres which is nice as I am not tired. My leg muscles are also not tired so they are getting stronger.

Now I will sleep happily.",2026-10-02_18-00-48_hk_1790956848.fit,434,2026-10-02T16:08:09.000Z,440.000,991.43,139,138,79,2.42,29.88,50.818986,4.395024
2026-10-02,Running,Evening Run,"Finished work a bit early today so decided to go for a run. I went for three kilometres which is nice as I am not tired. My leg muscles are also not tired so they are getting stronger.

Now I will sleep happily.",2026-10-02_18-00-48_hk_1790956848.fit,435,2026-10-02T16:08:10.000Z,441.000,993.89,139,138,77,2.421,29.88,50.819004,4.394988
2026-10-02,Running,Evening Run,"Finished work a bit early today so decided to go for a run. I went for three kilometres which is nice as I am not tired. My leg muscles are also not tired so they are getting stronger.

Now I will sleep happily.",2026-10-02_18-00-48_hk_1790956848.fit,436,2026-10-02T16:08:11.000Z,442.000,996.35,139,138,77,2.423,29.87,50.819022,4.39497
2026-10-02,Running,Evening Run,"Finished work a bit early today so decided to go for a run. I went for three kilometres which is nice as I am not tired. My leg muscles are also not tired so they are getting stronger.

Now I will sleep happily.",2026-10-02_18-00-48_hk_1790956848.fit,437,2026-10-02T16:08:12.000Z,443.000,998.82,139,140,77,2.383,29.87,50.81904,4.394952
2026-10-02,Running,Evening Run,"Finished work a bit early today so decided to go for a run. I went for three kilometres which is nice as I am not tired. My leg muscles are also not tired so they are getting stronger.

Now I will sleep happily.",2026-10-02_18-00-48_hk_1790956848.fit,438,2026-10-02T16:08:13.000Z,444.000,1001.31,139,140,78,2.345,29.86,50.819058,4.394934
2026-10-02,Running,Evening Run,"Finished work a bit early today so decided to go for a run. I went for three kilometres which is nice as I am not tired. My leg muscles are also not tired so they are getting stronger.

Now I will sleep happily.",2026-10-02_18-00-48_hk_1790956848.fit,439,2026-10-02T16:08:14.000Z,445.000,1003.81,139,138,78,2.4,29.85,50.819076,4.394916
2026-10-02,Running,Evening Run,"Finished work a bit early today so decided to go for a run. I went for three kilometres which is nice as I am not tired. My leg muscles are also not tired so they are getting stronger.

Now I will sleep happily.",2026-10-02_18-00-48_hk_1790956848.fit,440,2026-10-02T16:08:15.000Z,446.000,1005.8,139,138,78,2.407,29.85,50.819094,4.394898
2026-10-02,Running,Evening Run,"Finished work a bit early today so decided to go for a run. I went for three kilometres which is nice as I am not tired. My leg muscles are also not tired so they are getting stronger.

Now I will sleep happily.",2026-10-02_18-00-48_hk_1790956848.fit,441,2026-10-02T16:08:16.000Z,447.000,1007.8,139,138,76,2.389,29.84,50.819112,4.39488
2026-10-02,Running,Evening Run,"Finished work a bit early today so decided to go for a run. I went for three kilometres which is nice as I am not tired. My leg muscles are also not tired so they are getting stronger.

Now I will sleep happily.",2026-10-02_18-00-48_hk_1790956848.fit,442,2026-10-02T16:08:17.000Z,448.000,1009.79,139,137,76,2.371,29.84,50.81913,4.394844
2026-10-02,Running,Evening Run,"Finished work a bit early today so decided to go for a run. I went for three kilometres which is nice as I am not tired. My leg muscles are also not tired so they are getting stronger.

Now I will sleep happily.",2026-10-02_18-00-48_hk_1790956848.fit,443,2026-10-02T16:08:18.000Z,449.000,1012.02,139,137,76,2.364,29.83,50.819148,4.394826
2026-10-02,Running,Evening Run,"Finished work a bit early today so decided to go for a run. I went for three kilometres which is nice as I am not tired. My leg muscles are also not tired so they are getting stronger.

Now I will sleep happily.",2026-10-02_18-00-48_hk_1790956848.fit,444,2026-10-02T16:08:19.000Z,450.000,1014.24,139,134,76,2.382,29.82,50.819166,4.394808
2026-10-02,Running,Evening Run,"Finished work a bit early today so decided to go for a run. I went for three kilometres which is nice as I am not tired. My leg muscles are also not tired so they are getting stronger.

Now I will sleep happily.",2026-10-02_18-00-48_hk_1790956848.fit,445,2026-10-02T16:08:20.000Z,451.000,1016.45,139,134,76,2.387,29.82,50.819184,4.39479
2026-10-02,Running,Evening Run,"Finished work a bit early today so decided to go for a run. I went for three kilometres which is nice as I am not tired. My leg muscles are also not tired so they are getting stronger.

Now I will sleep happily.",2026-10-02_18-00-48_hk_1790956848.fit,446,2026-10-02T16:08:21.000Z,452.000,1018.65,139,134,76,2.378,29.81,50.819184,4.394772
2026-10-02,Running,Evening Run,"Finished work a bit early today so decided to go for a run. I went for three kilometres which is nice as I am not tired. My leg muscles are also not tired so they are getting stronger.

Now I will sleep happily.",2026-10-02_18-00-48_hk_1790956848.fit,447,2026-10-02T16:08:22.000Z,453.000,1020.86,139,134,76,2.336,29.81,50.819202,4.394754
2026-10-02,Running,Evening Run,"Finished work a bit early today so decided to go for a run. I went for three kilometres which is nice as I am not tired. My leg muscles are also not tired so they are getting stronger.

Now I will sleep happily.",2026-10-02_18-00-48_hk_1790956848.fit,448,2026-10-02T16:08:23.000Z,454.000,1024.36,141,134,76,2.353,29.8,50.81922,4.394718
2026-10-02,Running,Evening Run,"Finished work a bit early today so decided to go for a run. I went for three kilometres which is nice as I am not tired. My leg muscles are also not tired so they are getting stronger.

Now I will sleep happily.",2026-10-02_18-00-48_hk_1790956848.fit,449,2026-10-02T16:08:24.000Z,455.000,1027.86,141,138,76,2.422,29.8,50.819238,4.3947
2026-10-02,Running,Evening Run,"Finished work a bit early today so decided to go for a run. I went for three kilometres which is nice as I am not tired. My leg muscles are also not tired so they are getting stronger.

Now I will sleep happily.",2026-10-02_18-00-48_hk_1790956848.fit,450,2026-10-02T16:08:25.000Z,456.000,1030.86,141,138,76,2.46,29.79,50.819256,4.394682
2026-10-02,Running,Evening Run,"Finished work a bit early today so decided to go for a run. I went for three kilometres which is nice as I am not tired. My leg muscles are also not tired so they are getting stronger.

Now I will sleep happily.",2026-10-02_18-00-48_hk_1790956848.fit,451,2026-10-02T16:08:26.000Z,457.000,1033.87,141,138,76,2.527,29.78,50.819274,4.394646
2026-10-02,Running,Evening Run,"Finished work a bit early today so decided to go for a run. I went for three kilometres which is nice as I am not tired. My leg muscles are also not tired so they are getting stronger.

Now I will sleep happily.",2026-10-02_18-00-48_hk_1790956848.fit,452,2026-10-02T16:08:27.000Z,458.000,1036.87,141,144,76,2.574,29.78,50.819292,4.394628
2026-10-02,Running,Evening Run,"Finished work a bit early today so decided to go for a run. I went for three kilometres which is nice as I am not tired. My leg muscles are also not tired so they are getting stronger.

Now I will sleep happily.",2026-10-02_18-00-48_hk_1790956848.fit,453,2026-10-02T16:08:28.000Z,459.000,1038.45,141,144,76,2.502,29.77,50.81931,4.39461
2026-10-02,Running,Evening Run,"Finished work a bit early today so decided to go for a run. I went for three kilometres which is nice as I am not tired. My leg muscles are also not tired so they are getting stronger.

Now I will sleep happily.",2026-10-02_18-00-48_hk_1790956848.fit,454,2026-10-02T16:08:29.000Z,460.000,1040.03,141,144,76,2.458,29.77,50.819328,4.394592
2026-10-02,Running,Evening Run,"Finished work a bit early today so decided to go for a run. I went for three kilometres which is nice as I am not tired. My leg muscles are also not tired so they are getting stronger.

Now I will sleep happily.",2026-10-02_18-00-48_hk_1790956848.fit,455,2026-10-02T16:08:30.000Z,461.000,1041.6,141,141,76,2.389,29.76,50.819346,4.394574
2026-10-02,Running,Evening Run,"Finished work a bit early today so decided to go for a run. I went for three kilometres which is nice as I am not tired. My leg muscles are also not tired so they are getting stronger.

Now I will sleep happily.",2026-10-02_18-00-48_hk_1790956848.fit,456,2026-10-02T16:08:31.000Z,462.000,1044.52,141,141,76,2.411,29.76,50.819364,4.394556
2026-10-02,Running,Evening Run,"Finished work a bit early today so decided to go for a run. I went for three kilometres which is nice as I am not tired. My leg muscles are also not tired so they are getting stronger.

Now I will sleep happily.",2026-10-02_18-00-48_hk_1790956848.fit,457,2026-10-02T16:08:32.000Z,463.000,1047.44,141,141,76,2.433,29.75,50.819382,4.394538
2026-10-02,Running,Evening Run,"Finished work a bit early today so decided to go for a run. I went for three kilometres which is nice as I am not tired. My leg muscles are also not tired so they are getting stronger.

Now I will sleep happily.",2026-10-02_18-00-48_hk_1790956848.fit,458,2026-10-02T16:08:33.000Z,464.000,1049.41,139,141,76,2.409,29.75,50.8194,4.39452
2026-10-02,Running,Evening Run,"Finished work a bit early today so decided to go for a run. I went for three kilometres which is nice as I am not tired. My leg muscles are also not tired so they are getting stronger.

Now I will sleep happily.",2026-10-02_18-00-48_hk_1790956848.fit,459,2026-10-02T16:08:34.000Z,465.000,1051.38,140,141,76,2.384,29.74,50.819418,4.394502
2026-10-02,Running,Evening Run,"Finished work a bit early today so decided to go for a run. I went for three kilometres which is nice as I am not tired. My leg muscles are also not tired so they are getting stronger.

Now I will sleep happily.",2026-10-02_18-00-48_hk_1790956848.fit,460,2026-10-02T16:08:35.000Z,466.000,1053.36,140,141,76,2.366,29.74,50.819436,4.394484
2026-10-02,Running,Evening Run,"Finished work a bit early today so decided to go for a run. I went for three kilometres which is nice as I am not tired. My leg muscles are also not tired so they are getting stronger.

Now I will sleep happily.",2026-10-02_18-00-48_hk_1790956848.fit,461,2026-10-02T16:08:36.000Z,467.000,1056.07,140,141,76,2.394,29.73,50.819454,4.394466
2026-10-02,Running,Evening Run,"Finished work a bit early today so decided to go for a run. I went for three kilometres which is nice as I am not tired. My leg muscles are also not tired so they are getting stronger.

Now I will sleep happily.",2026-10-02_18-00-48_hk_1790956848.fit,462,2026-10-02T16:08:37.000Z,468.000,1058.79,140,139,76,2.428,29.72,50.819472,4.394448
2026-10-02,Running,Evening Run,"Finished work a bit early today so decided to go for a run. I went for three kilometres which is nice as I am not tired. My leg muscles are also not tired so they are getting stronger.

Now I will sleep happily.",2026-10-02_18-00-48_hk_1790956848.fit,463,2026-10-02T16:08:38.000Z,469.000,1060.67,140,139,76,2.423,29.72,50.81949,4.39443
2026-10-02,Running,Evening Run,"Finished work a bit early today so decided to go for a run. I went for three kilometres which is nice as I am not tired. My leg muscles are also not tired so they are getting stronger.

Now I will sleep happily.",2026-10-02_18-00-48_hk_1790956848.fit,464,2026-10-02T16:08:39.000Z,470.000,1062.55,140,139,76,2.406,29.72,50.819508,4.394412
2026-10-02,Running,Evening Run,"Finished work a bit early today so decided to go for a run. I went for three kilometres which is nice as I am not tired. My leg muscles are also not tired so they are getting stronger.

Now I will sleep happily.",2026-10-02_18-00-48_hk_1790956848.fit,465,2026-10-02T16:08:40.000Z,471.000,1064.43,140,139,76,2.39,29.71,50.819526,4.394394
2026-10-02,Running,Evening Run,"Finished work a bit early today so decided to go for a run. I went for three kilometres which is nice as I am not tired. My leg muscles are also not tired so they are getting stronger.

Now I will sleep happily.",2026-10-02_18-00-48_hk_1790956848.fit,466,2026-10-02T16:08:41.000Z,472.000,1067.6,138,139,76,2.436,29.71,50.819544,4.394376
2026-10-02,Running,Evening Run,"Finished work a bit early today so decided to go for a run. I went for three kilometres which is nice as I am not tired. My leg muscles are also not tired so they are getting stronger.

Now I will sleep happily.",2026-10-02_18-00-48_hk_1790956848.fit,467,2026-10-02T16:08:42.000Z,473.000,1070.76,138,136,76,2.482,29.7,50.819562,4.394358
2026-10-02,Running,Evening Run,"Finished work a bit early today so decided to go for a run. I went for three kilometres which is nice as I am not tired. My leg muscles are also not tired so they are getting stronger.

Now I will sleep happily.",2026-10-02_18-00-48_hk_1790956848.fit,468,2026-10-02T16:08:43.000Z,474.000,1072.24,138,136,76,2.447,29.7,50.81958,4.39434
2026-10-02,Running,Evening Run,"Finished work a bit early today so decided to go for a run. I went for three kilometres which is nice as I am not tired. My leg muscles are also not tired so they are getting stronger.

Now I will sleep happily.",2026-10-02_18-00-48_hk_1790956848.fit,469,2026-10-02T16:08:44.000Z,475.000,1073.71,138,136,76,2.402,29.69,50.819598,4.394322
2026-10-02,Running,Evening Run,"Finished work a bit early today so decided to go for a run. I went for three kilometres which is nice as I am not tired. My leg muscles are also not tired so they are getting stronger.

Now I will sleep happily.",2026-10-02_18-00-48_hk_1790956848.fit,470,2026-10-02T16:08:45.000Z,476.000,1075.18,138,134,76,2.31,29.69,50.819616,4.394304
2026-10-02,Running,Evening Run,"Finished work a bit early today so decided to go for a run. I went for three kilometres which is nice as I am not tired. My leg muscles are also not tired so they are getting stronger.

Now I will sleep happily.",2026-10-02_18-00-48_hk_1790956848.fit,471,2026-10-02T16:08:46.000Z,477.000,1078.39,138,134,76,2.297,29.68,50.819634,4.394286
2026-10-02,Running,Evening Run,"Finished work a bit early today so decided to go for a run. I went for three kilometres which is nice as I am not tired. My leg muscles are also not tired so they are getting stronger.

Now I will sleep happily.",2026-10-02_18-00-48_hk_1790956848.fit,472,2026-10-02T16:08:47.000Z,478.000,1081.59,138,135,76,2.306,29.68,50.819652,4.394268
2026-10-02,Running,Evening Run,"Finished work a bit early today so decided to go for a run. I went for three kilometres which is nice as I am not tired. My leg muscles are also not tired so they are getting stronger.

Now I will sleep happily.",2026-10-02_18-00-48_hk_1790956848.fit,473,2026-10-02T16:08:48.000Z,479.000,1084.25,138,135,76,2.29,29.68,50.819652,4.394232
2026-10-02,Running,Evening Run,"Finished work a bit early today so decided to go for a run. I went for three kilometres which is nice as I am not tired. My leg muscles are also not tired so they are getting stronger.

Now I will sleep happily.",2026-10-02_18-00-48_hk_1790956848.fit,474,2026-10-02T16:08:49.000Z,480.000,1086.9,138,135,76,2.274,29.67,50.81967,4.394214
2026-10-02,Running,Evening Run,"Finished work a bit early today so decided to go for a run. I went for three kilometres which is nice as I am not tired. My leg muscles are also not tired so they are getting stronger.

Now I will sleep happily.",2026-10-02_18-00-48_hk_1790956848.fit,475,2026-10-02T16:08:50.000Z,481.000,1089.55,138,141,76,2.323,29.67,50.819688,4.394196
2026-10-02,Running,Evening Run,"Finished work a bit early today so decided to go for a run. I went for three kilometres which is nice as I am not tired. My leg muscles are also not tired so they are getting stronger.

Now I will sleep happily.",2026-10-02_18-00-48_hk_1790956848.fit,476,2026-10-02T16:08:51.000Z,482.000,1091.34,138,141,76,2.333,29.66,50.819706,4.394178
2026-10-02,Running,Evening Run,"Finished work a bit early today so decided to go for a run. I went for three kilometres which is nice as I am not tired. My leg muscles are also not tired so they are getting stronger.

Now I will sleep happily.",2026-10-02_18-00-48_hk_1790956848.fit,477,2026-10-02T16:08:52.000Z,483.000,1093.14,138,141,76,2.342,29.66,50.819724,4.39416
2026-10-02,Running,Evening Run,"Finished work a bit early today so decided to go for a run. I went for three kilometres which is nice as I am not tired. My leg muscles are also not tired so they are getting stronger.

Now I will sleep happily.",2026-10-02_18-00-48_hk_1790956848.fit,478,2026-10-02T16:08:53.000Z,484.000,1094.93,138,140,76,2.291,29.65,50.819742,4.394142
2026-10-02,Running,Evening Run,"Finished work a bit early today so decided to go for a run. I went for three kilometres which is nice as I am not tired. My leg muscles are also not tired so they are getting stronger.

Now I will sleep happily.",2026-10-02_18-00-48_hk_1790956848.fit,479,2026-10-02T16:08:54.000Z,485.000,1097.18,137,140,76,2.29,29.65,50.81976,4.394124
2026-10-02,Running,Evening Run,"Finished work a bit early today so decided to go for a run. I went for three kilometres which is nice as I am not tired. My leg muscles are also not tired so they are getting stronger.

Now I will sleep happily.",2026-10-02_18-00-48_hk_1790956848.fit,480,2026-10-02T16:08:55.000Z,486.000,1099.43,137,137,76,2.274,29.64,50.819778,4.394106
2026-10-02,Running,Evening Run,"Finished work a bit early today so decided to go for a run. I went for three kilometres which is nice as I am not tired. My leg muscles are also not tired so they are getting stronger.

Now I will sleep happily.",2026-10-02_18-00-48_hk_1790956848.fit,481,2026-10-02T16:08:56.000Z,487.000,1101.93,137,137,76,2.297,29.64,50.819796,4.394088
2026-10-02,Running,Evening Run,"Finished work a bit early today so decided to go for a run. I went for three kilometres which is nice as I am not tired. My leg muscles are also not tired so they are getting stronger.

Now I will sleep happily.",2026-10-02_18-00-48_hk_1790956848.fit,482,2026-10-02T16:08:57.000Z,488.000,1104.43,137,137,76,2.321,29.63,50.819814,4.394052
2026-10-02,Running,Evening Run,"Finished work a bit early today so decided to go for a run. I went for three kilometres which is nice as I am not tired. My leg muscles are also not tired so they are getting stronger.

Now I will sleep happily.",2026-10-02_18-00-48_hk_1790956848.fit,483,2026-10-02T16:08:58.000Z,489.000,1106.92,137,140,76,2.311,29.63,50.819832,4.394034
2026-10-02,Running,Evening Run,"Finished work a bit early today so decided to go for a run. I went for three kilometres which is nice as I am not tired. My leg muscles are also not tired so they are getting stronger.

Now I will sleep happily.",2026-10-02_18-00-48_hk_1790956848.fit,484,2026-10-02T16:08:59.000Z,490.000,1109.75,137,140,76,2.316,29.62,50.81985,4.394016
2026-10-02,Running,Evening Run,"Finished work a bit early today so decided to go for a run. I went for three kilometres which is nice as I am not tired. My leg muscles are also not tired so they are getting stronger.

Now I will sleep happily.",2026-10-02_18-00-48_hk_1790956848.fit,485,2026-10-02T16:09:00.000Z,491.000,1112.58,137,140,76,2.382,29.62,50.819868,4.393998
2026-10-02,Running,Evening Run,"Finished work a bit early today so decided to go for a run. I went for three kilometres which is nice as I am not tired. My leg muscles are also not tired so they are getting stronger.

Now I will sleep happily.",2026-10-02_18-00-48_hk_1790956848.fit,486,2026-10-02T16:09:01.000Z,492.000,1114.53,137,140,76,2.386,29.61,50.819886,4.39398
2026-10-02,Running,Evening Run,"Finished work a bit early today so decided to go for a run. I went for three kilometres which is nice as I am not tired. My leg muscles are also not tired so they are getting stronger.

Now I will sleep happily.",2026-10-02_18-00-48_hk_1790956848.fit,487,2026-10-02T16:09:02.000Z,493.000,1116.48,137,140,76,2.366,29.61,50.819904,4.393962
2026-10-02,Running,Evening Run,"Finished work a bit early today so decided to go for a run. I went for three kilometres which is nice as I am not tired. My leg muscles are also not tired so they are getting stronger.

Now I will sleep happily.",2026-10-02_18-00-48_hk_1790956848.fit,488,2026-10-02T16:09:03.000Z,494.000,1118.43,137,140,76,2.311,29.6,50.819922,4.393944
2026-10-02,Running,Evening Run,"Finished work a bit early today so decided to go for a run. I went for three kilometres which is nice as I am not tired. My leg muscles are also not tired so they are getting stronger.

Now I will sleep happily.",2026-10-02_18-00-48_hk_1790956848.fit,489,2026-10-02T16:09:04.000Z,495.000,1121.15,137,140,76,2.29,29.6,50.81994,4.393926
2026-10-02,Running,Evening Run,"Finished work a bit early today so decided to go for a run. I went for three kilometres which is nice as I am not tired. My leg muscles are also not tired so they are getting stronger.

Now I will sleep happily.",2026-10-02_18-00-48_hk_1790956848.fit,490,2026-10-02T16:09:05.000Z,496.000,1123.87,137,137,76,2.389,29.6,50.819958,4.393908
2026-10-02,Running,Evening Run,"Finished work a bit early today so decided to go for a run. I went for three kilometres which is nice as I am not tired. My leg muscles are also not tired so they are getting stronger.

Now I will sleep happily.",2026-10-02_18-00-48_hk_1790956848.fit,491,2026-10-02T16:09:06.000Z,497.000,1125.52,137,137,76,2.397,29.59,50.819976,4.393908
2026-10-02,Running,Evening Run,"Finished work a bit early today so decided to go for a run. I went for three kilometres which is nice as I am not tired. My leg muscles are also not tired so they are getting stronger.

Now I will sleep happily.",2026-10-02_18-00-48_hk_1790956848.fit,492,2026-10-02T16:09:07.000Z,498.000,1127.17,137,137,75,2.363,29.59,50.819994,4.39389
2026-10-02,Running,Evening Run,"Finished work a bit early today so decided to go for a run. I went for three kilometres which is nice as I am not tired. My leg muscles are also not tired so they are getting stronger.

Now I will sleep happily.",2026-10-02_18-00-48_hk_1790956848.fit,493,2026-10-02T16:09:08.000Z,499.000,1128.81,137,135,75,2.292,29.58,50.820012,4.393872
2026-10-02,Running,Evening Run,"Finished work a bit early today so decided to go for a run. I went for three kilometres which is nice as I am not tired. My leg muscles are also not tired so they are getting stronger.

Now I will sleep happily.",2026-10-02_18-00-48_hk_1790956848.fit,494,2026-10-02T16:09:09.000Z,500.000,1131.08,137,135,75,2.291,29.58,50.82003,4.393854
2026-10-02,Running,Evening Run,"Finished work a bit early today so decided to go for a run. I went for three kilometres which is nice as I am not tired. My leg muscles are also not tired so they are getting stronger.

Now I will sleep happily.",2026-10-02_18-00-48_hk_1790956848.fit,495,2026-10-02T16:09:10.000Z,501.000,1133.34,137,135,73,2.25,29.58,50.820048,4.393836
2026-10-02,Running,Evening Run,"Finished work a bit early today so decided to go for a run. I went for three kilometres which is nice as I am not tired. My leg muscles are also not tired so they are getting stronger.

Now I will sleep happily.",2026-10-02_18-00-48_hk_1790956848.fit,496,2026-10-02T16:09:11.000Z,502.000,1135.6,137,139,73,2.233,29.57,50.820066,4.3938
2026-10-02,Running,Evening Run,"Finished work a bit early today so decided to go for a run. I went for three kilometres which is nice as I am not tired. My leg muscles are also not tired so they are getting stronger.

Now I will sleep happily.",2026-10-02_18-00-48_hk_1790956848.fit,497,2026-10-02T16:09:12.000Z,503.000,1138.98,137,139,73,2.264,29.57,50.820084,4.393782
2026-10-02,Running,Evening Run,"Finished work a bit early today so decided to go for a run. I went for three kilometres which is nice as I am not tired. My leg muscles are also not tired so they are getting stronger.

Now I will sleep happily.",2026-10-02_18-00-48_hk_1790956848.fit,498,2026-10-02T16:09:13.000Z,504.000,1142.36,136,141,73,2.319,29.57,50.820102,4.393764
2026-10-02,Running,Evening Run,"Finished work a bit early today so decided to go for a run. I went for three kilometres which is nice as I am not tired. My leg muscles are also not tired so they are getting stronger.

Now I will sleep happily.",2026-10-02_18-00-48_hk_1790956848.fit,499,2026-10-02T16:09:14.000Z,505.000,1144.28,136,141,73,2.325,29.57,50.82012,4.393746
2026-10-02,Running,Evening Run,"Finished work a bit early today so decided to go for a run. I went for three kilometres which is nice as I am not tired. My leg muscles are also not tired so they are getting stronger.

Now I will sleep happily.",2026-10-02_18-00-48_hk_1790956848.fit,500,2026-10-02T16:09:15.000Z,506.000,1146.2,136,141,73,2.33,29.56,50.820138,4.393728
2026-10-02,Running,Evening Run,"Finished work a bit early today so decided to go for a run. I went for three kilometres which is nice as I am not tired. My leg muscles are also not tired so they are getting stronger.

Now I will sleep happily.",2026-10-02_18-00-48_hk_1790956848.fit,501,2026-10-02T16:09:16.000Z,507.000,1148.12,136,141,73,2.315,29.56,50.820156,4.393728
2026-10-02,Running,Evening Run,"Finished work a bit early today so decided to go for a run. I went for three kilometres which is nice as I am not tired. My leg muscles are also not tired so they are getting stronger.

Now I will sleep happily.",2026-10-02_18-00-48_hk_1790956848.fit,502,2026-10-02T16:09:17.000Z,508.000,1151.1,136,141,73,2.349,29.56,50.820174,4.39371
2026-10-02,Running,Evening Run,"Finished work a bit early today so decided to go for a run. I went for three kilometres which is nice as I am not tired. My leg muscles are also not tired so they are getting stronger.

Now I will sleep happily.",2026-10-02_18-00-48_hk_1790956848.fit,503,2026-10-02T16:09:18.000Z,509.000,1154.08,138,141,73,2.37,29.56,50.820192,4.393692
2026-10-02,Running,Evening Run,"Finished work a bit early today so decided to go for a run. I went for three kilometres which is nice as I am not tired. My leg muscles are also not tired so they are getting stronger.

Now I will sleep happily.",2026-10-02_18-00-48_hk_1790956848.fit,504,2026-10-02T16:09:19.000Z,510.000,1155.63,138,141,76,2.327,29.55,50.82021,4.393674
2026-10-02,Running,Evening Run,"Finished work a bit early today so decided to go for a run. I went for three kilometres which is nice as I am not tired. My leg muscles are also not tired so they are getting stronger.

Now I will sleep happily.",2026-10-02_18-00-48_hk_1790956848.fit,505,2026-10-02T16:09:20.000Z,511.000,1157.18,138,141,76,2.284,29.55,50.820228,4.393656
2026-10-02,Running,Evening Run,"Finished work a bit early today so decided to go for a run. I went for three kilometres which is nice as I am not tired. My leg muscles are also not tired so they are getting stronger.

Now I will sleep happily.",2026-10-02_18-00-48_hk_1790956848.fit,506,2026-10-02T16:09:21.000Z,512.000,1158.73,138,139,76,2.253,29.55,50.820228,4.393638
2026-10-02,Running,Evening Run,"Finished work a bit early today so decided to go for a run. I went for three kilometres which is nice as I am not tired. My leg muscles are also not tired so they are getting stronger.

Now I will sleep happily.",2026-10-02_18-00-48_hk_1790956848.fit,507,2026-10-02T16:09:22.000Z,513.000,1162.22,138,139,76,2.281,29.55,50.820246,4.39362
2026-10-02,Running,Evening Run,"Finished work a bit early today so decided to go for a run. I went for three kilometres which is nice as I am not tired. My leg muscles are also not tired so they are getting stronger.

Now I will sleep happily.",2026-10-02_18-00-48_hk_1790956848.fit,508,2026-10-02T16:09:23.000Z,514.000,1165.7,138,140,76,2.326,29.55,50.820264,4.393602
2026-10-02,Running,Evening Run,"Finished work a bit early today so decided to go for a run. I went for three kilometres which is nice as I am not tired. My leg muscles are also not tired so they are getting stronger.

Now I will sleep happily.",2026-10-02_18-00-48_hk_1790956848.fit,509,2026-10-02T16:09:24.000Z,515.000,1167.54,138,140,76,2.321,29.54,50.820282,4.393584
2026-10-02,Running,Evening Run,"Finished work a bit early today so decided to go for a run. I went for three kilometres which is nice as I am not tired. My leg muscles are also not tired so they are getting stronger.

Now I will sleep happily.",2026-10-02_18-00-48_hk_1790956848.fit,510,2026-10-02T16:09:25.000Z,516.000,1169.37,138,140,76,2.316,29.54,50.8203,4.393566
2026-10-02,Running,Evening Run,"Finished work a bit early today so decided to go for a run. I went for three kilometres which is nice as I am not tired. My leg muscles are also not tired so they are getting stronger.

Now I will sleep happily.",2026-10-02_18-00-48_hk_1790956848.fit,511,2026-10-02T16:09:26.000Z,517.000,1171.21,138,141,76,2.275,29.54,50.820318,4.393548
2026-10-02,Running,Evening Run,"Finished work a bit early today so decided to go for a run. I went for three kilometres which is nice as I am not tired. My leg muscles are also not tired so they are getting stronger.

Now I will sleep happily.",2026-10-02_18-00-48_hk_1790956848.fit,512,2026-10-02T16:09:27.000Z,518.000,1174.05,138,141,76,2.281,29.54,50.820336,4.39353
2026-10-02,Running,Evening Run,"Finished work a bit early today so decided to go for a run. I went for three kilometres which is nice as I am not tired. My leg muscles are also not tired so they are getting stronger.

Now I will sleep happily.",2026-10-02_18-00-48_hk_1790956848.fit,513,2026-10-02T16:09:28.000Z,519.000,1176.9,141,140,76,2.336,29.54,50.820354,4.39353
2026-10-02,Running,Evening Run,"Finished work a bit early today so decided to go for a run. I went for three kilometres which is nice as I am not tired. My leg muscles are also not tired so they are getting stronger.

Now I will sleep happily.",2026-10-02_18-00-48_hk_1790956848.fit,514,2026-10-02T16:09:29.000Z,520.000,1178.96,141,140,76,2.388,29.53,50.820372,4.393512
2026-10-02,Running,Evening Run,"Finished work a bit early today so decided to go for a run. I went for three kilometres which is nice as I am not tired. My leg muscles are also not tired so they are getting stronger.

Now I will sleep happily.",2026-10-02_18-00-48_hk_1790956848.fit,515,2026-10-02T16:09:30.000Z,521.000,1181.03,141,140,76,2.373,29.53,50.82039,4.393494
2026-10-02,Running,Evening Run,"Finished work a bit early today so decided to go for a run. I went for three kilometres which is nice as I am not tired. My leg muscles are also not tired so they are getting stronger.

Now I will sleep happily.",2026-10-02_18-00-48_hk_1790956848.fit,516,2026-10-02T16:09:31.000Z,522.000,1183.09,141,142,76,2.364,29.53,50.820408,4.393476
2026-10-02,Running,Evening Run,"Finished work a bit early today so decided to go for a run. I went for three kilometres which is nice as I am not tired. My leg muscles are also not tired so they are getting stronger.

Now I will sleep happily.",2026-10-02_18-00-48_hk_1790956848.fit,517,2026-10-02T16:09:32.000Z,523.000,1185.21,141,142,76,2.358,29.53,50.820426,4.393458
2026-10-02,Running,Evening Run,"Finished work a bit early today so decided to go for a run. I went for three kilometres which is nice as I am not tired. My leg muscles are also not tired so they are getting stronger.

Now I will sleep happily.",2026-10-02_18-00-48_hk_1790956848.fit,518,2026-10-02T16:09:33.000Z,524.000,1187.33,141,142,76,2.351,29.53,50.820444,4.39344
2026-10-02,Running,Evening Run,"Finished work a bit early today so decided to go for a run. I went for three kilometres which is nice as I am not tired. My leg muscles are also not tired so they are getting stronger.

Now I will sleep happily.",2026-10-02_18-00-48_hk_1790956848.fit,519,2026-10-02T16:09:34.000Z,525.000,1189.44,142,142,76,2.294,29.52,50.820462,4.393422
2026-10-02,Running,Evening Run,"Finished work a bit early today so decided to go for a run. I went for three kilometres which is nice as I am not tired. My leg muscles are also not tired so they are getting stronger.

Now I will sleep happily.",2026-10-02_18-00-48_hk_1790956848.fit,520,2026-10-02T16:09:35.000Z,526.000,1192.51,142,142,76,2.28,29.52,50.82048,4.393404
2026-10-02,Running,Evening Run,"Finished work a bit early today so decided to go for a run. I went for three kilometres which is nice as I am not tired. My leg muscles are also not tired so they are getting stronger.

Now I will sleep happily.",2026-10-02_18-00-48_hk_1790956848.fit,521,2026-10-02T16:09:36.000Z,527.000,1195.58,142,143,76,2.332,29.52,50.820498,4.393386
2026-10-02,Running,Evening Run,"Finished work a bit early today so decided to go for a run. I went for three kilometres which is nice as I am not tired. My leg muscles are also not tired so they are getting stronger.

Now I will sleep happily.",2026-10-02_18-00-48_hk_1790956848.fit,522,2026-10-02T16:09:37.000Z,528.000,1197.63,142,143,79,2.338,29.52,50.820516,4.39335
2026-10-02,Running,Evening Run,"Finished work a bit early today so decided to go for a run. I went for three kilometres which is nice as I am not tired. My leg muscles are also not tired so they are getting stronger.

Now I will sleep happily.",2026-10-02_18-00-48_hk_1790956848.fit,523,2026-10-02T16:09:38.000Z,529.000,1199.68,142,143,79,2.343,29.52,50.820534,4.393332
2026-10-02,Running,Evening Run,"Finished work a bit early today so decided to go for a run. I went for three kilometres which is nice as I am not tired. My leg muscles are also not tired so they are getting stronger.

Now I will sleep happily.",2026-10-02_18-00-48_hk_1790956848.fit,524,2026-10-02T16:09:39.000Z,530.000,1201.72,142,146,79,2.301,29.51,50.820552,4.393314
2026-10-02,Running,Evening Run,"Finished work a bit early today so decided to go for a run. I went for three kilometres which is nice as I am not tired. My leg muscles are also not tired so they are getting stronger.

Now I will sleep happily.",2026-10-02_18-00-48_hk_1790956848.fit,525,2026-10-02T16:09:40.000Z,531.000,1204.65,142,146,77,2.299,29.51,50.82057,4.393296
2026-10-02,Running,Evening Run,"Finished work a bit early today so decided to go for a run. I went for three kilometres which is nice as I am not tired. My leg muscles are also not tired so they are getting stronger.

Now I will sleep happily.",2026-10-02_18-00-48_hk_1790956848.fit,526,2026-10-02T16:09:41.000Z,532.000,1207.58,142,146,77,2.4,29.51,50.820588,4.393278
2026-10-02,Running,Evening Run,"Finished work a bit early today so decided to go for a run. I went for three kilometres which is nice as I am not tired. My leg muscles are also not tired so they are getting stronger.

Now I will sleep happily.",2026-10-02_18-00-48_hk_1790956848.fit,527,2026-10-02T16:09:42.000Z,533.000,1209.61,142,146,77,2.423,29.51,50.820588,4.39326
2026-10-02,Running,Evening Run,"Finished work a bit early today so decided to go for a run. I went for three kilometres which is nice as I am not tired. My leg muscles are also not tired so they are getting stronger.

Now I will sleep happily.",2026-10-02_18-00-48_hk_1790956848.fit,528,2026-10-02T16:09:43.000Z,534.000,1211.63,143,146,78,2.404,29.51,50.820606,4.393242
2026-10-02,Running,Evening Run,"Finished work a bit early today so decided to go for a run. I went for three kilometres which is nice as I am not tired. My leg muscles are also not tired so they are getting stronger.

Now I will sleep happily.",2026-10-02_18-00-48_hk_1790956848.fit,529,2026-10-02T16:09:44.000Z,535.000,1213.66,143,147,78,2.338,29.51,50.820624,4.393224
2026-10-02,Running,Evening Run,"Finished work a bit early today so decided to go for a run. I went for three kilometres which is nice as I am not tired. My leg muscles are also not tired so they are getting stronger.

Now I will sleep happily.",2026-10-02_18-00-48_hk_1790956848.fit,530,2026-10-02T16:09:45.000Z,536.000,1216.9,143,147,78,2.327,29.5,50.820642,4.393206
2026-10-02,Running,Evening Run,"Finished work a bit early today so decided to go for a run. I went for three kilometres which is nice as I am not tired. My leg muscles are also not tired so they are getting stronger.

Now I will sleep happily.",2026-10-02_18-00-48_hk_1790956848.fit,531,2026-10-02T16:09:46.000Z,537.000,1220.14,143,148,76,2.417,29.5,50.82066,4.393188
2026-10-02,Running,Evening Run,"Finished work a bit early today so decided to go for a run. I went for three kilometres which is nice as I am not tired. My leg muscles are also not tired so they are getting stronger.

Now I will sleep happily.",2026-10-02_18-00-48_hk_1790956848.fit,532,2026-10-02T16:09:47.000Z,538.000,1221.9,143,148,76,2.414,29.5,50.820678,4.39317
2026-10-02,Running,Evening Run,"Finished work a bit early today so decided to go for a run. I went for three kilometres which is nice as I am not tired. My leg muscles are also not tired so they are getting stronger.

Now I will sleep happily.",2026-10-02_18-00-48_hk_1790956848.fit,533,2026-10-02T16:09:48.000Z,539.000,1223.67,143,148,76,2.385,29.5,50.820696,4.393152
2026-10-02,Running,Evening Run,"Finished work a bit early today so decided to go for a run. I went for three kilometres which is nice as I am not tired. My leg muscles are also not tired so they are getting stronger.

Now I will sleep happily.",2026-10-02_18-00-48_hk_1790956848.fit,534,2026-10-02T16:09:49.000Z,540.000,1225.43,143,149,76,2.335,29.5,50.820714,4.393134
2026-10-02,Running,Evening Run,"Finished work a bit early today so decided to go for a run. I went for three kilometres which is nice as I am not tired. My leg muscles are also not tired so they are getting stronger.

Now I will sleep happily.",2026-10-02_18-00-48_hk_1790956848.fit,535,2026-10-02T16:09:50.000Z,541.000,1228.39,143,149,76,2.34,29.49,50.820732,4.393116
2026-10-02,Running,Evening Run,"Finished work a bit early today so decided to go for a run. I went for three kilometres which is nice as I am not tired. My leg muscles are also not tired so they are getting stronger.

Now I will sleep happily.",2026-10-02_18-00-48_hk_1790956848.fit,536,2026-10-02T16:09:51.000Z,542.000,1231.35,143,149,76,2.396,29.49,50.82075,4.393098
2026-10-02,Running,Evening Run,"Finished work a bit early today so decided to go for a run. I went for three kilometres which is nice as I am not tired. My leg muscles are also not tired so they are getting stronger.

Now I will sleep happily.",2026-10-02_18-00-48_hk_1790956848.fit,537,2026-10-02T16:09:52.000Z,543.000,1233.5,143,149,76,2.401,29.49,50.820768,4.39308
2026-10-02,Running,Evening Run,"Finished work a bit early today so decided to go for a run. I went for three kilometres which is nice as I am not tired. My leg muscles are also not tired so they are getting stronger.

Now I will sleep happily.",2026-10-02_18-00-48_hk_1790956848.fit,538,2026-10-02T16:09:53.000Z,544.000,1235.66,143,149,76,2.403,29.49,50.820786,4.393062
2026-10-02,Running,Evening Run,"Finished work a bit early today so decided to go for a run. I went for three kilometres which is nice as I am not tired. My leg muscles are also not tired so they are getting stronger.

Now I will sleep happily.",2026-10-02_18-00-48_hk_1790956848.fit,539,2026-10-02T16:09:54.000Z,545.000,1237.82,143,148,76,2.405,29.49,50.820804,4.393044
2026-10-02,Running,Evening Run,"Finished work a bit early today so decided to go for a run. I went for three kilometres which is nice as I am not tired. My leg muscles are also not tired so they are getting stronger.

Now I will sleep happily.",2026-10-02_18-00-48_hk_1790956848.fit,540,2026-10-02T16:09:55.000Z,546.000,1239.81,144,148,78,2.399,29.49,50.820822,4.393026
2026-10-02,Running,Evening Run,"Finished work a bit early today so decided to go for a run. I went for three kilometres which is nice as I am not tired. My leg muscles are also not tired so they are getting stronger.

Now I will sleep happily.",2026-10-02_18-00-48_hk_1790956848.fit,541,2026-10-02T16:09:56.000Z,547.000,1241.8,144,148,78,2.38,29.49,50.82084,4.393008
2026-10-02,Running,Evening Run,"Finished work a bit early today so decided to go for a run. I went for three kilometres which is nice as I am not tired. My leg muscles are also not tired so they are getting stronger.

Now I will sleep happily.",2026-10-02_18-00-48_hk_1790956848.fit,542,2026-10-02T16:09:57.000Z,548.000,1243.79,144,150,78,2.331,29.48,50.820858,4.393008
2026-10-02,Running,Evening Run,"Finished work a bit early today so decided to go for a run. I went for three kilometres which is nice as I am not tired. My leg muscles are also not tired so they are getting stronger.

Now I will sleep happily.",2026-10-02_18-00-48_hk_1790956848.fit,543,2026-10-02T16:09:58.000Z,549.000,1246.35,144,150,77,2.308,29.48,50.820876,4.39299
2026-10-02,Running,Evening Run,"Finished work a bit early today so decided to go for a run. I went for three kilometres which is nice as I am not tired. My leg muscles are also not tired so they are getting stronger.

Now I will sleep happily.",2026-10-02_18-00-48_hk_1790956848.fit,544,2026-10-02T16:09:59.000Z,550.000,1248.91,144,148,77,2.331,29.48,50.820894,4.392972
2026-10-02,Running,Evening Run,"Finished work a bit early today so decided to go for a run. I went for three kilometres which is nice as I am not tired. My leg muscles are also not tired so they are getting stronger.

Now I will sleep happily.",2026-10-02_18-00-48_hk_1790956848.fit,545,2026-10-02T16:10:00.000Z,551.000,1250.47,143,148,77,2.309,29.48,50.820912,4.392954
2026-10-02,Running,Evening Run,"Finished work a bit early today so decided to go for a run. I went for three kilometres which is nice as I am not tired. My leg muscles are also not tired so they are getting stronger.

Now I will sleep happily.",2026-10-02_18-00-48_hk_1790956848.fit,546,2026-10-02T16:10:01.000Z,552.000,1252.03,143,148,77,2.287,29.48,50.82093,4.392954
2026-10-02,Running,Evening Run,"Finished work a bit early today so decided to go for a run. I went for three kilometres which is nice as I am not tired. My leg muscles are also not tired so they are getting stronger.

Now I will sleep happily.",2026-10-02_18-00-48_hk_1790956848.fit,547,2026-10-02T16:10:02.000Z,553.000,1253.59,143,147,77,2.255,29.48,50.82093,4.392936
2026-10-02,Running,Evening Run,"Finished work a bit early today so decided to go for a run. I went for three kilometres which is nice as I am not tired. My leg muscles are also not tired so they are getting stronger.

Now I will sleep happily.",2026-10-02_18-00-48_hk_1790956848.fit,548,2026-10-02T16:10:03.000Z,554.000,1257.04,143,147,77,2.278,29.47,50.820948,4.392918
2026-10-02,Running,Evening Run,"Finished work a bit early today so decided to go for a run. I went for three kilometres which is nice as I am not tired. My leg muscles are also not tired so they are getting stronger.

Now I will sleep happily.",2026-10-02_18-00-48_hk_1790956848.fit,549,2026-10-02T16:10:04.000Z,555.000,1260.49,143,146,76,2.313,29.47,50.820966,4.392918
2026-10-02,Running,Evening Run,"Finished work a bit early today so decided to go for a run. I went for three kilometres which is nice as I am not tired. My leg muscles are also not tired so they are getting stronger.

Now I will sleep happily.",2026-10-02_18-00-48_hk_1790956848.fit,550,2026-10-02T16:10:05.000Z,556.000,1262.05,143,146,76,2.292,29.47,50.820984,4.3929
2026-10-02,Running,Evening Run,"Finished work a bit early today so decided to go for a run. I went for three kilometres which is nice as I am not tired. My leg muscles are also not tired so they are getting stronger.

Now I will sleep happily.",2026-10-02_18-00-48_hk_1790956848.fit,551,2026-10-02T16:10:06.000Z,557.000,1263.61,143,146,76,2.26,29.47,50.821002,4.392882
2026-10-02,Running,Evening Run,"Finished work a bit early today so decided to go for a run. I went for three kilometres which is nice as I am not tired. My leg muscles are also not tired so they are getting stronger.

Now I will sleep happily.",2026-10-02_18-00-48_hk_1790956848.fit,552,2026-10-02T16:10:07.000Z,558.000,1265.17,144,144,76,2.24,29.47,50.82102,4.392864
2026-10-02,Running,Evening Run,"Finished work a bit early today so decided to go for a run. I went for three kilometres which is nice as I am not tired. My leg muscles are also not tired so they are getting stronger.

Now I will sleep happily.",2026-10-02_18-00-48_hk_1790956848.fit,553,2026-10-02T16:10:08.000Z,559.000,1268.29,144,144,76,2.235,29.47,50.821038,4.392846
2026-10-02,Running,Evening Run,"Finished work a bit early today so decided to go for a run. I went for three kilometres which is nice as I am not tired. My leg muscles are also not tired so they are getting stronger.

Now I will sleep happily.",2026-10-02_18-00-48_hk_1790956848.fit,554,2026-10-02T16:10:09.000Z,560.000,1271.41,144,144,76,2.229,29.47,50.821038,4.392828
2026-10-02,Running,Evening Run,"Finished work a bit early today so decided to go for a run. I went for three kilometres which is nice as I am not tired. My leg muscles are also not tired so they are getting stronger.

Now I will sleep happily.",2026-10-02_18-00-48_hk_1790956848.fit,555,2026-10-02T16:10:10.000Z,561.000,1273.22,144,144,76,2.231,29.47,50.821056,4.39281
2026-10-02,Running,Evening Run,"Finished work a bit early today so decided to go for a run. I went for three kilometres which is nice as I am not tired. My leg muscles are also not tired so they are getting stronger.

Now I will sleep happily.",2026-10-02_18-00-48_hk_1790956848.fit,556,2026-10-02T16:10:11.000Z,562.000,1275.03,144,144,76,2.233,29.47,50.821074,4.392792
2026-10-02,Running,Evening Run,"Finished work a bit early today so decided to go for a run. I went for three kilometres which is nice as I am not tired. My leg muscles are also not tired so they are getting stronger.

Now I will sleep happily.",2026-10-02_18-00-48_hk_1790956848.fit,557,2026-10-02T16:10:12.000Z,563.000,1276.85,144,146,76,2.235,29.46,50.821092,4.392774
2026-10-02,Running,Evening Run,"Finished work a bit early today so decided to go for a run. I went for three kilometres which is nice as I am not tired. My leg muscles are also not tired so they are getting stronger.

Now I will sleep happily.",2026-10-02_18-00-48_hk_1790956848.fit,558,2026-10-02T16:10:13.000Z,564.000,1278.94,144,146,76,2.198,29.46,50.82111,4.392756
2026-10-02,Running,Evening Run,"Finished work a bit early today so decided to go for a run. I went for three kilometres which is nice as I am not tired. My leg muscles are also not tired so they are getting stronger.

Now I will sleep happily.",2026-10-02_18-00-48_hk_1790956848.fit,559,2026-10-02T16:10:14.000Z,565.000,1281.04,144,146,76,2.194,29.46,50.821128,4.392738
2026-10-02,Running,Evening Run,"Finished work a bit early today so decided to go for a run. I went for three kilometres which is nice as I am not tired. My leg muscles are also not tired so they are getting stronger.

Now I will sleep happily.",2026-10-02_18-00-48_hk_1790956848.fit,560,2026-10-02T16:10:15.000Z,566.000,1283.13,144,146,76,2.158,29.46,50.821146,4.39272
2026-10-02,Running,Evening Run,"Finished work a bit early today so decided to go for a run. I went for three kilometres which is nice as I am not tired. My leg muscles are also not tired so they are getting stronger.

Now I will sleep happily.",2026-10-02_18-00-48_hk_1790956848.fit,561,2026-10-02T16:10:16.000Z,567.000,1286.58,144,146,77,2.214,29.46,50.821164,4.392702
2026-10-02,Running,Evening Run,"Finished work a bit early today so decided to go for a run. I went for three kilometres which is nice as I am not tired. My leg muscles are also not tired so they are getting stronger.

Now I will sleep happily.",2026-10-02_18-00-48_hk_1790956848.fit,562,2026-10-02T16:10:17.000Z,568.000,1290.04,144,148,77,2.283,29.46,50.821182,4.392684
2026-10-02,Running,Evening Run,"Finished work a bit early today so decided to go for a run. I went for three kilometres which is nice as I am not tired. My leg muscles are also not tired so they are getting stronger.

Now I will sleep happily.",2026-10-02_18-00-48_hk_1790956848.fit,563,2026-10-02T16:10:18.000Z,569.000,1291.81,144,148,77,2.273,29.46,50.8212,4.392666
2026-10-02,Running,Evening Run,"Finished work a bit early today so decided to go for a run. I went for three kilometres which is nice as I am not tired. My leg muscles are also not tired so they are getting stronger.

Now I will sleep happily.",2026-10-02_18-00-48_hk_1790956848.fit,564,2026-10-02T16:10:19.000Z,570.000,1293.57,144,148,77,2.251,29.46,50.821218,4.392648
2026-10-02,Running,Evening Run,"Finished work a bit early today so decided to go for a run. I went for three kilometres which is nice as I am not tired. My leg muscles are also not tired so they are getting stronger.

Now I will sleep happily.",2026-10-02_18-00-48_hk_1790956848.fit,565,2026-10-02T16:10:20.000Z,571.000,1295.34,144,149,77,2.241,29.45,50.821236,4.39263
2026-10-02,Running,Evening Run,"Finished work a bit early today so decided to go for a run. I went for three kilometres which is nice as I am not tired. My leg muscles are also not tired so they are getting stronger.

Now I will sleep happily.",2026-10-02_18-00-48_hk_1790956848.fit,566,2026-10-02T16:10:21.000Z,572.000,1298.8,144,149,77,2.28,29.45,50.821254,4.392612
2026-10-02,Running,Evening Run,"Finished work a bit early today so decided to go for a run. I went for three kilometres which is nice as I am not tired. My leg muscles are also not tired so they are getting stronger.

Now I will sleep happily.",2026-10-02_18-00-48_hk_1790956848.fit,567,2026-10-02T16:10:22.000Z,573.000,1302.25,144,151,79,2.391,29.45,50.821272,4.392594
2026-10-02,Running,Evening Run,"Finished work a bit early today so decided to go for a run. I went for three kilometres which is nice as I am not tired. My leg muscles are also not tired so they are getting stronger.

Now I will sleep happily.",2026-10-02_18-00-48_hk_1790956848.fit,568,2026-10-02T16:10:23.000Z,574.000,1303.84,144,151,79,2.393,29.45,50.82129,4.392576
2026-10-02,Running,Evening Run,"Finished work a bit early today so decided to go for a run. I went for three kilometres which is nice as I am not tired. My leg muscles are also not tired so they are getting stronger.

Now I will sleep happily.",2026-10-02_18-00-48_hk_1790956848.fit,569,2026-10-02T16:10:24.000Z,575.000,1305.43,144,151,79,2.356,29.45,50.821308,4.392558
2026-10-02,Running,Evening Run,"Finished work a bit early today so decided to go for a run. I went for three kilometres which is nice as I am not tired. My leg muscles are also not tired so they are getting stronger.

Now I will sleep happily.",2026-10-02_18-00-48_hk_1790956848.fit,570,2026-10-02T16:10:25.000Z,576.000,1307.02,144,152,76,2.323,29.45,50.821326,4.39254
2026-10-02,Running,Evening Run,"Finished work a bit early today so decided to go for a run. I went for three kilometres which is nice as I am not tired. My leg muscles are also not tired so they are getting stronger.

Now I will sleep happily.",2026-10-02_18-00-48_hk_1790956848.fit,571,2026-10-02T16:10:26.000Z,577.000,1309.94,144,152,76,2.3,29.45,50.821344,4.39254
2026-10-02,Running,Evening Run,"Finished work a bit early today so decided to go for a run. I went for three kilometres which is nice as I am not tired. My leg muscles are also not tired so they are getting stronger.

Now I will sleep happily.",2026-10-02_18-00-48_hk_1790956848.fit,572,2026-10-02T16:10:27.000Z,578.000,1312.85,144,152,76,2.309,29.44,50.821362,4.392522
2026-10-02,Running,Evening Run,"Finished work a bit early today so decided to go for a run. I went for three kilometres which is nice as I am not tired. My leg muscles are also not tired so they are getting stronger.

Now I will sleep happily.",2026-10-02_18-00-48_hk_1790956848.fit,573,2026-10-02T16:10:28.000Z,579.000,1314.86,144,152,77,2.329,29.44,50.82138,4.392504
2026-10-02,Running,Evening Run,"Finished work a bit early today so decided to go for a run. I went for three kilometres which is nice as I am not tired. My leg muscles are also not tired so they are getting stronger.

Now I will sleep happily.",2026-10-02_18-00-48_hk_1790956848.fit,574,2026-10-02T16:10:29.000Z,580.000,1316.86,144,152,77,2.349,29.44,50.821398,4.392486
2026-10-02,Running,Evening Run,"Finished work a bit early today so decided to go for a run. I went for three kilometres which is nice as I am not tired. My leg muscles are also not tired so they are getting stronger.

Now I will sleep happily.",2026-10-02_18-00-48_hk_1790956848.fit,575,2026-10-02T16:10:30.000Z,581.000,1318.86,144,152,77,2.299,29.44,50.821416,4.392468
2026-10-02,Running,Evening Run,"Finished work a bit early today so decided to go for a run. I went for three kilometres which is nice as I am not tired. My leg muscles are also not tired so they are getting stronger.

Now I will sleep happily.",2026-10-02_18-00-48_hk_1790956848.fit,576,2026-10-02T16:10:31.000Z,582.000,1321.71,144,152,78,2.287,29.44,50.821434,4.39245
2026-10-02,Running,Evening Run,"Finished work a bit early today so decided to go for a run. I went for three kilometres which is nice as I am not tired. My leg muscles are also not tired so they are getting stronger.

Now I will sleep happily.",2026-10-02_18-00-48_hk_1790956848.fit,577,2026-10-02T16:10:32.000Z,583.000,1324.56,144,154,78,2.334,29.44,50.821452,4.392432
2026-10-02,Running,Evening Run,"Finished work a bit early today so decided to go for a run. I went for three kilometres which is nice as I am not tired. My leg muscles are also not tired so they are getting stronger.

Now I will sleep happily.",2026-10-02_18-00-48_hk_1790956848.fit,578,2026-10-02T16:10:33.000Z,584.000,1326.68,144,154,78,2.347,29.44,50.82147,4.392396
2026-10-02,Running,Evening Run,"Finished work a bit early today so decided to go for a run. I went for three kilometres which is nice as I am not tired. My leg muscles are also not tired so they are getting stronger.

Now I will sleep happily.",2026-10-02_18-00-48_hk_1790956848.fit,579,2026-10-02T16:10:34.000Z,585.000,1328.79,144,154,78,2.361,29.44,50.82147,4.392378
2026-10-02,Running,Evening Run,"Finished work a bit early today so decided to go for a run. I went for three kilometres which is nice as I am not tired. My leg muscles are also not tired so they are getting stronger.

Now I will sleep happily.",2026-10-02_18-00-48_hk_1790956848.fit,580,2026-10-02T16:10:35.000Z,586.000,1330.9,144,154,78,2.362,29.43,50.821488,4.39236
2026-10-02,Running,Evening Run,"Finished work a bit early today so decided to go for a run. I went for three kilometres which is nice as I am not tired. My leg muscles are also not tired so they are getting stronger.

Now I will sleep happily.",2026-10-02_18-00-48_hk_1790956848.fit,581,2026-10-02T16:10:36.000Z,587.000,1333.1,144,154,78,2.367,29.43,50.821506,4.392342
2026-10-02,Running,Evening Run,"Finished work a bit early today so decided to go for a run. I went for three kilometres which is nice as I am not tired. My leg muscles are also not tired so they are getting stronger.

Now I will sleep happily.",2026-10-02_18-00-48_hk_1790956848.fit,582,2026-10-02T16:10:37.000Z,588.000,1335.3,144,154,79,2.371,29.43,50.821524,4.392324
2026-10-02,Running,Evening Run,"Finished work a bit early today so decided to go for a run. I went for three kilometres which is nice as I am not tired. My leg muscles are also not tired so they are getting stronger.

Now I will sleep happily.",2026-10-02_18-00-48_hk_1790956848.fit,583,2026-10-02T16:10:38.000Z,589.000,1337.5,144,156,79,2.314,29.43,50.821542,4.392306
2026-10-02,Running,Evening Run,"Finished work a bit early today so decided to go for a run. I went for three kilometres which is nice as I am not tired. My leg muscles are also not tired so they are getting stronger.

Now I will sleep happily.",2026-10-02_18-00-48_hk_1790956848.fit,584,2026-10-02T16:10:39.000Z,590.000,1340.81,144,156,79,2.308,29.43,50.82156,4.39227
2026-10-02,Running,Evening Run,"Finished work a bit early today so decided to go for a run. I went for three kilometres which is nice as I am not tired. My leg muscles are also not tired so they are getting stronger.

Now I will sleep happily.",2026-10-02_18-00-48_hk_1790956848.fit,585,2026-10-02T16:10:40.000Z,591.000,1344.12,144,160,77,2.407,29.43,50.821578,4.392252
2026-10-02,Running,Evening Run,"Finished work a bit early today so decided to go for a run. I went for three kilometres which is nice as I am not tired. My leg muscles are also not tired so they are getting stronger.

Now I will sleep happily.",2026-10-02_18-00-48_hk_1790956848.fit,586,2026-10-02T16:10:41.000Z,592.000,1346.15,144,160,77,2.42,29.43,50.821596,4.392234
2026-10-02,Running,Evening Run,"Finished work a bit early today so decided to go for a run. I went for three kilometres which is nice as I am not tired. My leg muscles are also not tired so they are getting stronger.

Now I will sleep happily.",2026-10-02_18-00-48_hk_1790956848.fit,587,2026-10-02T16:10:42.000Z,593.000,1348.19,144,160,77,2.402,29.42,50.821614,4.392198
2026-10-02,Running,Evening Run,"Finished work a bit early today so decided to go for a run. I went for three kilometres which is nice as I am not tired. My leg muscles are also not tired so they are getting stronger.

Now I will sleep happily.",2026-10-02_18-00-48_hk_1790956848.fit,588,2026-10-02T16:10:43.000Z,594.000,1350.23,143,160,79,2.338,29.42,50.821614,4.39218
2026-10-02,Running,Evening Run,"Finished work a bit early today so decided to go for a run. I went for three kilometres which is nice as I am not tired. My leg muscles are also not tired so they are getting stronger.

Now I will sleep happily.",2026-10-02_18-00-48_hk_1790956848.fit,589,2026-10-02T16:10:44.000Z,595.000,1352.93,143,160,79,2.303,29.42,50.821632,4.392162
2026-10-02,Running,Evening Run,"Finished work a bit early today so decided to go for a run. I went for three kilometres which is nice as I am not tired. My leg muscles are also not tired so they are getting stronger.

Now I will sleep happily.",2026-10-02_18-00-48_hk_1790956848.fit,590,2026-10-02T16:10:45.000Z,596.000,1355.62,143,163,79,2.39,29.42,50.82165,4.392144
2026-10-02,Running,Evening Run,"Finished work a bit early today so decided to go for a run. I went for three kilometres which is nice as I am not tired. My leg muscles are also not tired so they are getting stronger.

Now I will sleep happily.",2026-10-02_18-00-48_hk_1790956848.fit,591,2026-10-02T16:10:46.000Z,597.000,1357.99,143,163,76,2.427,29.42,50.821668,4.392126
2026-10-02,Running,Evening Run,"Finished work a bit early today so decided to go for a run. I went for three kilometres which is nice as I am not tired. My leg muscles are also not tired so they are getting stronger.

Now I will sleep happily.",2026-10-02_18-00-48_hk_1790956848.fit,592,2026-10-02T16:10:47.000Z,598.000,1360.36,143,163,76,2.401,29.42,50.821686,4.392108
2026-10-02,Running,Evening Run,"Finished work a bit early today so decided to go for a run. I went for three kilometres which is nice as I am not tired. My leg muscles are also not tired so they are getting stronger.

Now I will sleep happily.",2026-10-02_18-00-48_hk_1790956848.fit,593,2026-10-02T16:10:48.000Z,599.000,1362.73,144,164,76,2.4,29.42,50.821704,4.392072
2026-10-02,Running,Evening Run,"Finished work a bit early today so decided to go for a run. I went for three kilometres which is nice as I am not tired. My leg muscles are also not tired so they are getting stronger.

Now I will sleep happily.",2026-10-02_18-00-48_hk_1790956848.fit,594,2026-10-02T16:10:49.000Z,600.000,1365.82,144,164,77,2.427,29.41,50.821722,4.392054
2026-10-02,Running,Evening Run,"Finished work a bit early today so decided to go for a run. I went for three kilometres which is nice as I am not tired. My leg muscles are also not tired so they are getting stronger.

Now I will sleep happily.",2026-10-02_18-00-48_hk_1790956848.fit,595,2026-10-02T16:10:50.000Z,601.000,1368.9,144,163,77,2.502,29.41,50.82174,4.392036
2026-10-02,Running,Evening Run,"Finished work a bit early today so decided to go for a run. I went for three kilometres which is nice as I am not tired. My leg muscles are also not tired so they are getting stronger.

Now I will sleep happily.",2026-10-02_18-00-48_hk_1790956848.fit,596,2026-10-02T16:10:51.000Z,602.000,1370.61,144,163,77,2.464,29.41,50.821758,4.392018
2026-10-02,Running,Evening Run,"Finished work a bit early today so decided to go for a run. I went for three kilometres which is nice as I am not tired. My leg muscles are also not tired so they are getting stronger.

Now I will sleep happily.",2026-10-02_18-00-48_hk_1790956848.fit,597,2026-10-02T16:10:52.000Z,603.000,1372.32,144,163,78,2.41,29.41,50.821776,4.392
2026-10-02,Running,Evening Run,"Finished work a bit early today so decided to go for a run. I went for three kilometres which is nice as I am not tired. My leg muscles are also not tired so they are getting stronger.

Now I will sleep happily.",2026-10-02_18-00-48_hk_1790956848.fit,598,2026-10-02T16:10:53.000Z,604.000,1374.03,144,163,78,2.378,29.41,50.821794,4.391982
2026-10-02,Running,Evening Run,"Finished work a bit early today so decided to go for a run. I went for three kilometres which is nice as I am not tired. My leg muscles are also not tired so they are getting stronger.

Now I will sleep happily.",2026-10-02_18-00-48_hk_1790956848.fit,599,2026-10-02T16:10:54.000Z,605.000,1376.67,144,163,78,2.369,29.41,50.821812,4.391964
2026-10-02,Running,Evening Run,"Finished work a bit early today so decided to go for a run. I went for three kilometres which is nice as I am not tired. My leg muscles are also not tired so they are getting stronger.

Now I will sleep happily.",2026-10-02_18-00-48_hk_1790956848.fit,600,2026-10-02T16:10:55.000Z,606.000,1379.31,144,158,78,2.406,29.4,50.82183,4.391964
2026-10-02,Running,Evening Run,"Finished work a bit early today so decided to go for a run. I went for three kilometres which is nice as I am not tired. My leg muscles are also not tired so they are getting stronger.

Now I will sleep happily.",2026-10-02_18-00-48_hk_1790956848.fit,601,2026-10-02T16:10:56.000Z,607.000,1381.39,144,158,78,2.404,29.4,50.821848,4.391946
2026-10-02,Running,Evening Run,"Finished work a bit early today so decided to go for a run. I went for three kilometres which is nice as I am not tired. My leg muscles are also not tired so they are getting stronger.

Now I will sleep happily.",2026-10-02_18-00-48_hk_1790956848.fit,602,2026-10-02T16:10:57.000Z,608.000,1383.47,144,158,78,2.398,29.4,50.821866,4.391928
2026-10-02,Running,Evening Run,"Finished work a bit early today so decided to go for a run. I went for three kilometres which is nice as I am not tired. My leg muscles are also not tired so they are getting stronger.

Now I will sleep happily.",2026-10-02_18-00-48_hk_1790956848.fit,603,2026-10-02T16:10:58.000Z,609.000,1385.55,144,161,77,2.393,29.4,50.821884,4.39191
2026-10-02,Running,Evening Run,"Finished work a bit early today so decided to go for a run. I went for three kilometres which is nice as I am not tired. My leg muscles are also not tired so they are getting stronger.

Now I will sleep happily.",2026-10-02_18-00-48_hk_1790956848.fit,604,2026-10-02T16:10:59.000Z,610.000,1387.73,144,161,77,2.392,29.4,50.821902,4.391892
2026-10-02,Running,Evening Run,"Finished work a bit early today so decided to go for a run. I went for three kilometres which is nice as I am not tired. My leg muscles are also not tired so they are getting stronger.

Now I will sleep happily.",2026-10-02_18-00-48_hk_1790956848.fit,605,2026-10-02T16:11:00.000Z,611.000,1389.91,143,161,77,2.382,29.39,50.82192,4.391874
2026-10-02,Running,Evening Run,"Finished work a bit early today so decided to go for a run. I went for three kilometres which is nice as I am not tired. My leg muscles are also not tired so they are getting stronger.

Now I will sleep happily.",2026-10-02_18-00-48_hk_1790956848.fit,606,2026-10-02T16:11:01.000Z,612.000,1392.09,143,163,76,2.331,29.39,50.82192,4.391856
2026-10-02,Running,Evening Run,"Finished work a bit early today so decided to go for a run. I went for three kilometres which is nice as I am not tired. My leg muscles are also not tired so they are getting stronger.

Now I will sleep happily.",2026-10-02_18-00-48_hk_1790956848.fit,607,2026-10-02T16:11:02.000Z,613.000,1395.48,143,163,76,2.335,29.39,50.821938,4.391838
2026-10-02,Running,Evening Run,"Finished work a bit early today so decided to go for a run. I went for three kilometres which is nice as I am not tired. My leg muscles are also not tired so they are getting stronger.

Now I will sleep happily.",2026-10-02_18-00-48_hk_1790956848.fit,608,2026-10-02T16:11:03.000Z,614.000,1398.86,143,164,76,2.413,29.39,50.821956,4.39182
2026-10-02,Running,Evening Run,"Finished work a bit early today so decided to go for a run. I went for three kilometres which is nice as I am not tired. My leg muscles are also not tired so they are getting stronger.

Now I will sleep happily.",2026-10-02_18-00-48_hk_1790956848.fit,609,2026-10-02T16:11:04.000Z,615.000,1400.54,143,164,79,2.396,29.39,50.821974,4.391784
2026-10-02,Running,Evening Run,"Finished work a bit early today so decided to go for a run. I went for three kilometres which is nice as I am not tired. My leg muscles are also not tired so they are getting stronger.

Now I will sleep happily.",2026-10-02_18-00-48_hk_1790956848.fit,610,2026-10-02T16:11:05.000Z,616.000,1402.21,143,164,79,2.363,29.38,50.821992,4.391766
2026-10-02,Running,Evening Run,"Finished work a bit early today so decided to go for a run. I went for three kilometres which is nice as I am not tired. My leg muscles are also not tired so they are getting stronger.

Now I will sleep happily.",2026-10-02_18-00-48_hk_1790956848.fit,611,2026-10-02T16:11:06.000Z,617.000,1403.89,143,164,79,2.317,29.38,50.82201,4.391748
2026-10-02,Running,Evening Run,"Finished work a bit early today so decided to go for a run. I went for three kilometres which is nice as I am not tired. My leg muscles are also not tired so they are getting stronger.

Now I will sleep happily.",2026-10-02_18-00-48_hk_1790956848.fit,612,2026-10-02T16:11:07.000Z,618.000,1407.6,143,164,77,2.363,29.38,50.822028,4.39173
2026-10-02,Running,Evening Run,"Finished work a bit early today so decided to go for a run. I went for three kilometres which is nice as I am not tired. My leg muscles are also not tired so they are getting stronger.

Now I will sleep happily.",2026-10-02_18-00-48_hk_1790956848.fit,613,2026-10-02T16:11:08.000Z,619.000,1411.3,143,167,77,2.426,29.38,50.822046,4.391712
2026-10-02,Running,Evening Run,"Finished work a bit early today so decided to go for a run. I went for three kilometres which is nice as I am not tired. My leg muscles are also not tired so they are getting stronger.

Now I will sleep happily.",2026-10-02_18-00-48_hk_1790956848.fit,614,2026-10-02T16:11:09.000Z,620.000,1412.92,144,167,77,2.39,29.38,50.822064,4.391694
2026-10-02,Running,Evening Run,"Finished work a bit early today so decided to go for a run. I went for three kilometres which is nice as I am not tired. My leg muscles are also not tired so they are getting stronger.

Now I will sleep happily.",2026-10-02_18-00-48_hk_1790956848.fit,615,2026-10-02T16:11:10.000Z,621.000,1414.55,144,167,78,2.355,29.37,50.8221,4.391676
2026-10-02,Running,Evening Run,"Finished work a bit early today so decided to go for a run. I went for three kilometres which is nice as I am not tired. My leg muscles are also not tired so they are getting stronger.

Now I will sleep happily.",2026-10-02_18-00-48_hk_1790956848.fit,616,2026-10-02T16:11:11.000Z,622.000,1416.17,144,166,78,2.288,29.37,50.8221,4.391658
2026-10-02,Running,Evening Run,"Finished work a bit early today so decided to go for a run. I went for three kilometres which is nice as I am not tired. My leg muscles are also not tired so they are getting stronger.

Now I will sleep happily.",2026-10-02_18-00-48_hk_1790956848.fit,617,2026-10-02T16:11:12.000Z,623.000,1419.15,144,166,78,2.284,29.37,50.822118,4.39164
2026-10-02,Running,Evening Run,"Finished work a bit early today so decided to go for a run. I went for three kilometres which is nice as I am not tired. My leg muscles are also not tired so they are getting stronger.

Now I will sleep happily.",2026-10-02_18-00-48_hk_1790956848.fit,618,2026-10-02T16:11:13.000Z,624.000,1422.14,144,165,76,2.342,29.37,50.822136,4.391622
2026-10-02,Running,Evening Run,"Finished work a bit early today so decided to go for a run. I went for three kilometres which is nice as I am not tired. My leg muscles are also not tired so they are getting stronger.

Now I will sleep happily.",2026-10-02_18-00-48_hk_1790956848.fit,619,2026-10-02T16:11:14.000Z,625.000,1424.33,144,165,76,2.395,29.37,50.822154,4.391622
2026-10-02,Running,Evening Run,"Finished work a bit early today so decided to go for a run. I went for three kilometres which is nice as I am not tired. My leg muscles are also not tired so they are getting stronger.

Now I will sleep happily.",2026-10-02_18-00-48_hk_1790956848.fit,620,2026-10-02T16:11:15.000Z,626.000,1426.52,144,165,76,2.386,29.37,50.822172,4.391604
2026-10-02,Running,Evening Run,"Finished work a bit early today so decided to go for a run. I went for three kilometres which is nice as I am not tired. My leg muscles are also not tired so they are getting stronger.

Now I will sleep happily.",2026-10-02_18-00-48_hk_1790956848.fit,621,2026-10-02T16:11:16.000Z,627.000,1428.7,144,164,79,2.365,29.36,50.82219,4.391586
2026-10-02,Running,Evening Run,"Finished work a bit early today so decided to go for a run. I went for three kilometres which is nice as I am not tired. My leg muscles are also not tired so they are getting stronger.

Now I will sleep happily.",2026-10-02_18-00-48_hk_1790956848.fit,622,2026-10-02T16:11:17.000Z,628.000,1431.34,144,164,79,2.365,29.36,50.822208,4.391568
2026-10-02,Running,Evening Run,"Finished work a bit early today so decided to go for a run. I went for three kilometres which is nice as I am not tired. My leg muscles are also not tired so they are getting stronger.

Now I will sleep happily.",2026-10-02_18-00-48_hk_1790956848.fit,623,2026-10-02T16:11:18.000Z,629.000,1433.98,144,163,79,2.405,29.36,50.822226,4.39155
2026-10-02,Running,Evening Run,"Finished work a bit early today so decided to go for a run. I went for three kilometres which is nice as I am not tired. My leg muscles are also not tired so they are getting stronger.

Now I will sleep happily.",2026-10-02_18-00-48_hk_1790956848.fit,624,2026-10-02T16:11:19.000Z,630.000,1435.93,144,163,76,2.399,29.36,50.822244,4.391532
2026-10-02,Running,Evening Run,"Finished work a bit early today so decided to go for a run. I went for three kilometres which is nice as I am not tired. My leg muscles are also not tired so they are getting stronger.

Now I will sleep happily.",2026-10-02_18-00-48_hk_1790956848.fit,625,2026-10-02T16:11:20.000Z,631.000,1437.87,144,163,76,2.388,29.36,50.822262,4.391514
2026-10-02,Running,Evening Run,"Finished work a bit early today so decided to go for a run. I went for three kilometres which is nice as I am not tired. My leg muscles are also not tired so they are getting stronger.

Now I will sleep happily.",2026-10-02_18-00-48_hk_1790956848.fit,626,2026-10-02T16:11:21.000Z,632.000,1439.82,144,161,76,2.368,29.36,50.82228,4.391496
2026-10-02,Running,Evening Run,"Finished work a bit early today so decided to go for a run. I went for three kilometres which is nice as I am not tired. My leg muscles are also not tired so they are getting stronger.

Now I will sleep happily.",2026-10-02_18-00-48_hk_1790956848.fit,627,2026-10-02T16:11:22.000Z,633.000,1441.59,144,161,79,2.349,29.36,50.82228,4.391478
2026-10-02,Running,Evening Run,"Finished work a bit early today so decided to go for a run. I went for three kilometres which is nice as I am not tired. My leg muscles are also not tired so they are getting stronger.

Now I will sleep happily.",2026-10-02_18-00-48_hk_1790956848.fit,628,2026-10-02T16:11:23.000Z,634.000,1443.35,145,161,79,2.33,29.36,50.822298,4.39146
2026-10-02,Running,Evening Run,"Finished work a bit early today so decided to go for a run. I went for three kilometres which is nice as I am not tired. My leg muscles are also not tired so they are getting stronger.

Now I will sleep happily.",2026-10-02_18-00-48_hk_1790956848.fit,629,2026-10-02T16:11:24.000Z,635.000,1445.12,145,161,79,2.305,29.35,50.822316,4.391442
2026-10-02,Running,Evening Run,"Finished work a bit early today so decided to go for a run. I went for three kilometres which is nice as I am not tired. My leg muscles are also not tired so they are getting stronger.

Now I will sleep happily.",2026-10-02_18-00-48_hk_1790956848.fit,630,2026-10-02T16:11:25.000Z,636.000,1448.42,145,161,76,2.302,29.35,50.822334,4.391424
2026-10-02,Running,Evening Run,"Finished work a bit early today so decided to go for a run. I went for three kilometres which is nice as I am not tired. My leg muscles are also not tired so they are getting stronger.

Now I will sleep happily.",2026-10-02_18-00-48_hk_1790956848.fit,631,2026-10-02T16:11:26.000Z,637.000,1451.72,145,161,76,2.327,29.35,50.822352,4.391406
2026-10-02,Running,Evening Run,"Finished work a bit early today so decided to go for a run. I went for three kilometres which is nice as I am not tired. My leg muscles are also not tired so they are getting stronger.

Now I will sleep happily.",2026-10-02_18-00-48_hk_1790956848.fit,632,2026-10-02T16:11:27.000Z,638.000,1454,145,161,76,2.386,29.35,50.82237,4.391388
2026-10-02,Running,Evening Run,"Finished work a bit early today so decided to go for a run. I went for three kilometres which is nice as I am not tired. My leg muscles are also not tired so they are getting stronger.

Now I will sleep happily.",2026-10-02_18-00-48_hk_1790956848.fit,633,2026-10-02T16:11:28.000Z,639.000,1456.28,145,161,78,2.381,29.35,50.822388,4.39137
2026-10-02,Running,Evening Run,"Finished work a bit early today so decided to go for a run. I went for three kilometres which is nice as I am not tired. My leg muscles are also not tired so they are getting stronger.

Now I will sleep happily.",2026-10-02_18-00-48_hk_1790956848.fit,634,2026-10-02T16:11:29.000Z,640.000,1458.56,145,164,78,2.316,29.34,50.822406,4.391352
2026-10-02,Running,Evening Run,"Finished work a bit early today so decided to go for a run. I went for three kilometres which is nice as I am not tired. My leg muscles are also not tired so they are getting stronger.

Now I will sleep happily.",2026-10-02_18-00-48_hk_1790956848.fit,635,2026-10-02T16:11:30.000Z,641.000,1461.03,145,164,78,2.323,29.34,50.822424,4.391334
2026-10-02,Running,Evening Run,"Finished work a bit early today so decided to go for a run. I went for three kilometres which is nice as I am not tired. My leg muscles are also not tired so they are getting stronger.

Now I will sleep happily.",2026-10-02_18-00-48_hk_1790956848.fit,636,2026-10-02T16:11:31.000Z,642.000,1463.49,145,163,77,2.299,29.34,50.822442,4.391316
2026-10-02,Running,Evening Run,"Finished work a bit early today so decided to go for a run. I went for three kilometres which is nice as I am not tired. My leg muscles are also not tired so they are getting stronger.

Now I will sleep happily.",2026-10-02_18-00-48_hk_1790956848.fit,637,2026-10-02T16:11:32.000Z,643.000,1465.6,145,163,77,2.321,29.34,50.82246,4.391298
2026-10-02,Running,Evening Run,"Finished work a bit early today so decided to go for a run. I went for three kilometres which is nice as I am not tired. My leg muscles are also not tired so they are getting stronger.

Now I will sleep happily.",2026-10-02_18-00-48_hk_1790956848.fit,638,2026-10-02T16:11:33.000Z,644.000,1467.71,145,163,77,2.343,29.33,50.822478,4.39128
2026-10-02,Running,Evening Run,"Finished work a bit early today so decided to go for a run. I went for three kilometres which is nice as I am not tired. My leg muscles are also not tired so they are getting stronger.

Now I will sleep happily.",2026-10-02_18-00-48_hk_1790956848.fit,639,2026-10-02T16:11:34.000Z,645.000,1469.82,145,164,79,2.303,29.33,50.822496,4.391262
2026-10-02,Running,Evening Run,"Finished work a bit early today so decided to go for a run. I went for three kilometres which is nice as I am not tired. My leg muscles are also not tired so they are getting stronger.

Now I will sleep happily.",2026-10-02_18-00-48_hk_1790956848.fit,640,2026-10-02T16:11:35.000Z,646.000,1472.7,145,164,79,2.298,29.33,50.822514,4.391244
2026-10-02,Running,Evening Run,"Finished work a bit early today so decided to go for a run. I went for three kilometres which is nice as I am not tired. My leg muscles are also not tired so they are getting stronger.

Now I will sleep happily.",2026-10-02_18-00-48_hk_1790956848.fit,641,2026-10-02T16:11:36.000Z,647.000,1475.59,145,163,79,2.33,29.33,50.822532,4.391226
2026-10-02,Running,Evening Run,"Finished work a bit early today so decided to go for a run. I went for three kilometres which is nice as I am not tired. My leg muscles are also not tired so they are getting stronger.

Now I will sleep happily.",2026-10-02_18-00-48_hk_1790956848.fit,642,2026-10-02T16:11:37.000Z,648.000,1477.84,145,163,76,2.333,29.33,50.82255,4.391208
2026-10-02,Running,Evening Run,"Finished work a bit early today so decided to go for a run. I went for three kilometres which is nice as I am not tired. My leg muscles are also not tired so they are getting stronger.

Now I will sleep happily.",2026-10-02_18-00-48_hk_1790956848.fit,643,2026-10-02T16:11:38.000Z,649.000,1480.1,146,163,76,2.336,29.33,50.822568,4.39119
2026-10-02,Running,Evening Run,"Finished work a bit early today so decided to go for a run. I went for three kilometres which is nice as I am not tired. My leg muscles are also not tired so they are getting stronger.

Now I will sleep happily.",2026-10-02_18-00-48_hk_1790956848.fit,644,2026-10-02T16:11:39.000Z,650.000,1482.35,146,164,76,2.319,29.33,50.822586,4.391172
2026-10-02,Running,Evening Run,"Finished work a bit early today so decided to go for a run. I went for three kilometres which is nice as I am not tired. My leg muscles are also not tired so they are getting stronger.

Now I will sleep happily.",2026-10-02_18-00-48_hk_1790956848.fit,645,2026-10-02T16:11:40.000Z,651.000,1484.38,146,164,77,2.29,29.33,50.822604,4.391154
2026-10-02,Running,Evening Run,"Finished work a bit early today so decided to go for a run. I went for three kilometres which is nice as I am not tired. My leg muscles are also not tired so they are getting stronger.

Now I will sleep happily.",2026-10-02_18-00-48_hk_1790956848.fit,646,2026-10-02T16:11:41.000Z,652.000,1486.4,146,164,77,2.294,29.33,50.822622,4.391136
2026-10-02,Running,Evening Run,"Finished work a bit early today so decided to go for a run. I went for three kilometres which is nice as I am not tired. My leg muscles are also not tired so they are getting stronger.

Now I will sleep happily.",2026-10-02_18-00-48_hk_1790956848.fit,647,2026-10-02T16:11:42.000Z,653.000,1488.42,146,163,77,2.298,29.33,50.822622,4.391118
2026-10-02,Running,Evening Run,"Finished work a bit early today so decided to go for a run. I went for three kilometres which is nice as I am not tired. My leg muscles are also not tired so they are getting stronger.

Now I will sleep happily.",2026-10-02_18-00-48_hk_1790956848.fit,648,2026-10-02T16:11:43.000Z,654.000,1491.28,146,163,78,2.339,29.33,50.82264,4.391082
2026-10-02,Running,Evening Run,"Finished work a bit early today so decided to go for a run. I went for three kilometres which is nice as I am not tired. My leg muscles are also not tired so they are getting stronger.

Now I will sleep happily.",2026-10-02_18-00-48_hk_1790956848.fit,649,2026-10-02T16:11:44.000Z,655.000,1494.14,146,165,78,2.419,29.32,50.822658,4.391064
2026-10-02,Running,Evening Run,"Finished work a bit early today so decided to go for a run. I went for three kilometres which is nice as I am not tired. My leg muscles are also not tired so they are getting stronger.

Now I will sleep happily.",2026-10-02_18-00-48_hk_1790956848.fit,650,2026-10-02T16:11:45.000Z,656.000,1496.24,146,165,78,2.434,29.32,50.822676,4.391046
2026-10-02,Running,Evening Run,"Finished work a bit early today so decided to go for a run. I went for three kilometres which is nice as I am not tired. My leg muscles are also not tired so they are getting stronger.

Now I will sleep happily.",2026-10-02_18-00-48_hk_1790956848.fit,651,2026-10-02T16:11:46.000Z,657.000,1498.34,146,165,78,2.419,29.32,50.822694,4.391028
2026-10-02,Running,Evening Run,"Finished work a bit early today so decided to go for a run. I went for three kilometres which is nice as I am not tired. My leg muscles are also not tired so they are getting stronger.

Now I will sleep happily.",2026-10-02_18-00-48_hk_1790956848.fit,652,2026-10-02T16:11:47.000Z,658.000,1500.43,146,166,78,2.364,29.32,50.822712,4.39101
2026-10-02,Running,Evening Run,"Finished work a bit early today so decided to go for a run. I went for three kilometres which is nice as I am not tired. My leg muscles are also not tired so they are getting stronger.

Now I will sleep happily.",2026-10-02_18-00-48_hk_1790956848.fit,653,2026-10-02T16:11:48.000Z,659.000,1502.91,146,166,78,2.327,29.32,50.82273,4.390992
2026-10-02,Running,Evening Run,"Finished work a bit early today so decided to go for a run. I went for three kilometres which is nice as I am not tired. My leg muscles are also not tired so they are getting stronger.

Now I will sleep happily.",2026-10-02_18-00-48_hk_1790956848.fit,654,2026-10-02T16:11:49.000Z,660.000,1505.39,146,163,77,2.336,29.32,50.822748,4.390974
2026-10-02,Running,Evening Run,"Finished work a bit early today so decided to go for a run. I went for three kilometres which is nice as I am not tired. My leg muscles are also not tired so they are getting stronger.

Now I will sleep happily.",2026-10-02_18-00-48_hk_1790956848.fit,655,2026-10-02T16:11:50.000Z,661.000,1507.53,146,163,77,2.33,29.32,50.822766,4.390956
2026-10-02,Running,Evening Run,"Finished work a bit early today so decided to go for a run. I went for three kilometres which is nice as I am not tired. My leg muscles are also not tired so they are getting stronger.

Now I will sleep happily.",2026-10-02_18-00-48_hk_1790956848.fit,656,2026-10-02T16:11:51.000Z,662.000,1509.67,146,163,77,2.324,29.31,50.822784,4.390938
2026-10-02,Running,Evening Run,"Finished work a bit early today so decided to go for a run. I went for three kilometres which is nice as I am not tired. My leg muscles are also not tired so they are getting stronger.

Now I will sleep happily.",2026-10-02_18-00-48_hk_1790956848.fit,657,2026-10-02T16:11:52.000Z,663.000,1511.81,146,163,76,2.309,29.31,50.822802,4.39092
2026-10-02,Running,Evening Run,"Finished work a bit early today so decided to go for a run. I went for three kilometres which is nice as I am not tired. My leg muscles are also not tired so they are getting stronger.

Now I will sleep happily.",2026-10-02_18-00-48_hk_1790956848.fit,658,2026-10-02T16:11:53.000Z,664.000,1514.93,146,163,76,2.338,29.31,50.82282,4.390902
2026-10-02,Running,Evening Run,"Finished work a bit early today so decided to go for a run. I went for three kilometres which is nice as I am not tired. My leg muscles are also not tired so they are getting stronger.

Now I will sleep happily.",2026-10-02_18-00-48_hk_1790956848.fit,659,2026-10-02T16:11:54.000Z,665.000,1518.05,146,163,76,2.397,29.31,50.822838,4.390884
2026-10-02,Running,Evening Run,"Finished work a bit early today so decided to go for a run. I went for three kilometres which is nice as I am not tired. My leg muscles are also not tired so they are getting stronger.

Now I will sleep happily.",2026-10-02_18-00-48_hk_1790956848.fit,660,2026-10-02T16:11:55.000Z,666.000,1520.19,146,163,79,2.399,29.31,50.822856,4.390866
2026-10-02,Running,Evening Run,"Finished work a bit early today so decided to go for a run. I went for three kilometres which is nice as I am not tired. My leg muscles are also not tired so they are getting stronger.

Now I will sleep happily.",2026-10-02_18-00-48_hk_1790956848.fit,661,2026-10-02T16:11:56.000Z,667.000,1522.34,146,163,79,2.387,29.31,50.822874,4.390866
2026-10-02,Running,Evening Run,"Finished work a bit early today so decided to go for a run. I went for three kilometres which is nice as I am not tired. My leg muscles are also not tired so they are getting stronger.

Now I will sleep happily.",2026-10-02_18-00-48_hk_1790956848.fit,662,2026-10-02T16:11:57.000Z,668.000,1524.49,146,167,79,2.354,29.31,50.822892,4.390848
2026-10-02,Running,Evening Run,"Finished work a bit early today so decided to go for a run. I went for three kilometres which is nice as I am not tired. My leg muscles are also not tired so they are getting stronger.

Now I will sleep happily.",2026-10-02_18-00-48_hk_1790956848.fit,663,2026-10-02T16:11:58.000Z,669.000,1527.33,146,167,77,2.352,29.31,50.82291,4.390848
2026-10-02,Running,Evening Run,"Finished work a bit early today so decided to go for a run. I went for three kilometres which is nice as I am not tired. My leg muscles are also not tired so they are getting stronger.

Now I will sleep happily.",2026-10-02_18-00-48_hk_1790956848.fit,664,2026-10-02T16:11:59.000Z,670.000,1530.16,146,164,77,2.384,29.31,50.822928,4.390848
2026-10-02,Running,Evening Run,"Finished work a bit early today so decided to go for a run. I went for three kilometres which is nice as I am not tired. My leg muscles are also not tired so they are getting stronger.

Now I will sleep happily.",2026-10-02_18-00-48_hk_1790956848.fit,665,2026-10-02T16:12:00.000Z,671.000,1531.46,146,164,77,2.335,29.31,50.822946,4.390848
2026-10-02,Running,Evening Run,"Finished work a bit early today so decided to go for a run. I went for three kilometres which is nice as I am not tired. My leg muscles are also not tired so they are getting stronger.

Now I will sleep happily.",2026-10-02_18-00-48_hk_1790956848.fit,666,2026-10-02T16:12:01.000Z,672.000,1532.77,146,164,78,2.292,29.3,50.822964,4.390866
2026-10-02,Running,Evening Run,"Finished work a bit early today so decided to go for a run. I went for three kilometres which is nice as I am not tired. My leg muscles are also not tired so they are getting stronger.

Now I will sleep happily.",2026-10-02_18-00-48_hk_1790956848.fit,667,2026-10-02T16:12:02.000Z,673.000,1534.07,146,159,78,2.249,29.3,50.822982,4.390884
2026-10-02,Running,Evening Run,"Finished work a bit early today so decided to go for a run. I went for three kilometres which is nice as I am not tired. My leg muscles are also not tired so they are getting stronger.

Now I will sleep happily.",2026-10-02_18-00-48_hk_1790956848.fit,668,2026-10-02T16:12:03.000Z,674.000,1536.92,145,159,78,2.297,29.3,50.823,4.390902
2026-10-02,Running,Evening Run,"Finished work a bit early today so decided to go for a run. I went for three kilometres which is nice as I am not tired. My leg muscles are also not tired so they are getting stronger.

Now I will sleep happily.",2026-10-02_18-00-48_hk_1790956848.fit,669,2026-10-02T16:12:04.000Z,675.000,1539.77,145,159,76,2.334,29.3,50.823,4.39092
2026-10-02,Running,Evening Run,"Finished work a bit early today so decided to go for a run. I went for three kilometres which is nice as I am not tired. My leg muscles are also not tired so they are getting stronger.

Now I will sleep happily.",2026-10-02_18-00-48_hk_1790956848.fit,670,2026-10-02T16:12:05.000Z,676.000,1542.63,145,166,76,2.334,29.3,50.823018,4.390956
2026-10-02,Running,Evening Run,"Finished work a bit early today so decided to go for a run. I went for three kilometres which is nice as I am not tired. My leg muscles are also not tired so they are getting stronger.

Now I will sleep happily.",2026-10-02_18-00-48_hk_1790956848.fit,671,2026-10-02T16:12:06.000Z,677.000,1546.01,145,166,76,2.358,29.31,50.823036,4.390974
2026-10-02,Running,Evening Run,"Finished work a bit early today so decided to go for a run. I went for three kilometres which is nice as I am not tired. My leg muscles are also not tired so they are getting stronger.

Now I will sleep happily.",2026-10-02_18-00-48_hk_1790956848.fit,672,2026-10-02T16:12:07.000Z,678.000,1549.39,145,167,79,2.431,29.31,50.823036,4.39101
2026-10-02,Running,Evening Run,"Finished work a bit early today so decided to go for a run. I went for three kilometres which is nice as I am not tired. My leg muscles are also not tired so they are getting stronger.

Now I will sleep happily.",2026-10-02_18-00-48_hk_1790956848.fit,673,2026-10-02T16:12:08.000Z,679.000,1550.69,145,167,79,2.393,29.31,50.823054,4.391046
2026-10-02,Running,Evening Run,"Finished work a bit early today so decided to go for a run. I went for three kilometres which is nice as I am not tired. My leg muscles are also not tired so they are getting stronger.

Now I will sleep happily.",2026-10-02_18-00-48_hk_1790956848.fit,674,2026-10-02T16:12:09.000Z,680.000,1551.98,145,167,79,2.343,29.31,50.823054,4.391064
2026-10-02,Running,Evening Run,"Finished work a bit early today so decided to go for a run. I went for three kilometres which is nice as I am not tired. My leg muscles are also not tired so they are getting stronger.

Now I will sleep happily.",2026-10-02_18-00-48_hk_1790956848.fit,675,2026-10-02T16:12:10.000Z,681.000,1553.28,145,162,76,2.289,29.31,50.823072,4.3911
2026-10-02,Running,Evening Run,"Finished work a bit early today so decided to go for a run. I went for three kilometres which is nice as I am not tired. My leg muscles are also not tired so they are getting stronger.

Now I will sleep happily.",2026-10-02_18-00-48_hk_1790956848.fit,676,2026-10-02T16:12:11.000Z,682.000,1556.12,145,162,76,2.306,29.31,50.823072,4.391118
2026-10-02,Running,Evening Run,"Finished work a bit early today so decided to go for a run. I went for three kilometres which is nice as I am not tired. My leg muscles are also not tired so they are getting stronger.

Now I will sleep happily.",2026-10-02_18-00-48_hk_1790956848.fit,677,2026-10-02T16:12:12.000Z,683.000,1558.97,145,160,76,2.338,29.31,50.82309,4.391136
2026-10-02,Running,Evening Run,"Finished work a bit early today so decided to go for a run. I went for three kilometres which is nice as I am not tired. My leg muscles are also not tired so they are getting stronger.

Now I will sleep happily.",2026-10-02_18-00-48_hk_1790956848.fit,678,2026-10-02T16:12:13.000Z,684.000,1560.71,145,160,79,2.32,29.31,50.823108,4.391172
2026-10-02,Running,Evening Run,"Finished work a bit early today so decided to go for a run. I went for three kilometres which is nice as I am not tired. My leg muscles are also not tired so they are getting stronger.

Now I will sleep happily.",2026-10-02_18-00-48_hk_1790956848.fit,679,2026-10-02T16:12:14.000Z,685.000,1562.46,145,160,79,2.302,29.31,50.823108,4.39119
2026-10-02,Running,Evening Run,"Finished work a bit early today so decided to go for a run. I went for three kilometres which is nice as I am not tired. My leg muscles are also not tired so they are getting stronger.

Now I will sleep happily.",2026-10-02_18-00-48_hk_1790956848.fit,680,2026-10-02T16:12:15.000Z,686.000,1564.2,145,160,79,2.278,29.32,50.823126,4.391226
2026-10-02,Running,Evening Run,"Finished work a bit early today so decided to go for a run. I went for three kilometres which is nice as I am not tired. My leg muscles are also not tired so they are getting stronger.

Now I will sleep happily.",2026-10-02_18-00-48_hk_1790956848.fit,681,2026-10-02T16:12:16.000Z,687.000,1568.16,145,160,76,2.278,29.32,50.823126,4.391244
2026-10-02,Running,Evening Run,"Finished work a bit early today so decided to go for a run. I went for three kilometres which is nice as I am not tired. My leg muscles are also not tired so they are getting stronger.

Now I will sleep happily.",2026-10-02_18-00-48_hk_1790956848.fit,682,2026-10-02T16:12:17.000Z,688.000,1572.11,146,163,76,2.36,29.32,50.823144,4.39128
2026-10-02,Running,Evening Run,"Finished work a bit early today so decided to go for a run. I went for three kilometres which is nice as I am not tired. My leg muscles are also not tired so they are getting stronger.

Now I will sleep happily.",2026-10-02_18-00-48_hk_1790956848.fit,683,2026-10-02T16:12:18.000Z,689.000,1574.29,146,163,76,2.361,29.32,50.823162,4.391298
2026-10-02,Running,Evening Run,"Finished work a bit early today so decided to go for a run. I went for three kilometres which is nice as I am not tired. My leg muscles are also not tired so they are getting stronger.

Now I will sleep happily.",2026-10-02_18-00-48_hk_1790956848.fit,684,2026-10-02T16:12:19.000Z,690.000,1576.47,146,163,78,2.363,29.32,50.82318,4.391334
2026-10-02,Running,Evening Run,"Finished work a bit early today so decided to go for a run. I went for three kilometres which is nice as I am not tired. My leg muscles are also not tired so they are getting stronger.

Now I will sleep happily.",2026-10-02_18-00-48_hk_1790956848.fit,685,2026-10-02T16:12:20.000Z,691.000,1578.65,146,164,78,2.333,29.32,50.82318,4.391352
2026-10-02,Running,Evening Run,"Finished work a bit early today so decided to go for a run. I went for three kilometres which is nice as I am not tired. My leg muscles are also not tired so they are getting stronger.

Now I will sleep happily.",2026-10-02_18-00-48_hk_1790956848.fit,686,2026-10-02T16:12:21.000Z,692.000,1581.39,146,164,78,2.329,29.32,50.823198,4.391388
2026-10-02,Running,Evening Run,"Finished work a bit early today so decided to go for a run. I went for three kilometres which is nice as I am not tired. My leg muscles are also not tired so they are getting stronger.

Now I will sleep happily.",2026-10-02_18-00-48_hk_1790956848.fit,687,2026-10-02T16:12:22.000Z,693.000,1584.13,146,165,77,2.503,29.32,50.823216,4.391406
2026-10-02,Running,Evening Run,"Finished work a bit early today so decided to go for a run. I went for three kilometres which is nice as I am not tired. My leg muscles are also not tired so they are getting stronger.

Now I will sleep happily.",2026-10-02_18-00-48_hk_1790956848.fit,688,2026-10-02T16:12:23.000Z,694.000,1585.96,146,165,77,2.471,29.32,50.823234,4.391442
2026-10-02,Running,Evening Run,"Finished work a bit early today so decided to go for a run. I went for three kilometres which is nice as I am not tired. My leg muscles are also not tired so they are getting stronger.

Now I will sleep happily.",2026-10-02_18-00-48_hk_1790956848.fit,689,2026-10-02T16:12:24.000Z,695.000,1587.79,146,165,77,2.422,29.31,50.823234,4.39146
2026-10-02,Running,Evening Run,"Finished work a bit early today so decided to go for a run. I went for three kilometres which is nice as I am not tired. My leg muscles are also not tired so they are getting stronger.

Now I will sleep happily.",2026-10-02_18-00-48_hk_1790956848.fit,690,2026-10-02T16:12:25.000Z,696.000,1589.61,146,162,79,2.395,29.31,50.823252,4.391478
2026-10-02,Running,Evening Run,"Finished work a bit early today so decided to go for a run. I went for three kilometres which is nice as I am not tired. My leg muscles are also not tired so they are getting stronger.

Now I will sleep happily.",2026-10-02_18-00-48_hk_1790956848.fit,691,2026-10-02T16:12:26.000Z,697.000,1592.06,146,162,79,2.377,29.31,50.82327,4.391514
2026-10-02,Running,Evening Run,"Finished work a bit early today so decided to go for a run. I went for three kilometres which is nice as I am not tired. My leg muscles are also not tired so they are getting stronger.

Now I will sleep happily.",2026-10-02_18-00-48_hk_1790956848.fit,692,2026-10-02T16:12:27.000Z,698.000,1594.52,146,162,79,2.359,29.31,50.823288,4.391532
2026-10-02,Running,Evening Run,"Finished work a bit early today so decided to go for a run. I went for three kilometres which is nice as I am not tired. My leg muscles are also not tired so they are getting stronger.

Now I will sleep happily.",2026-10-02_18-00-48_hk_1790956848.fit,693,2026-10-02T16:12:28.000Z,699.000,1596.97,146,167,79,2.316,29.31,50.823288,4.391568
2026-10-02,Running,Evening Run,"Finished work a bit early today so decided to go for a run. I went for three kilometres which is nice as I am not tired. My leg muscles are also not tired so they are getting stronger.

Now I will sleep happily.",2026-10-02_18-00-48_hk_1790956848.fit,694,2026-10-02T16:12:29.000Z,700.000,1599.43,146,167,79,2.274,29.31,50.823306,4.391604
2026-10-02,Running,Evening Run,"Finished work a bit early today so decided to go for a run. I went for three kilometres which is nice as I am not tired. My leg muscles are also not tired so they are getting stronger.

Now I will sleep happily.",2026-10-02_18-00-48_hk_1790956848.fit,695,2026-10-02T16:12:30.000Z,701.000,1601.89,146,165,79,2.328,29.3,50.823324,4.391622
2026-10-02,Running,Evening Run,"Finished work a bit early today so decided to go for a run. I went for three kilometres which is nice as I am not tired. My leg muscles are also not tired so they are getting stronger.

Now I will sleep happily.",2026-10-02_18-00-48_hk_1790956848.fit,696,2026-10-02T16:12:31.000Z,702.000,1603.2,146,165,77,2.328,29.3,50.823324,4.391658
2026-10-02,Running,Evening Run,"Finished work a bit early today so decided to go for a run. I went for three kilometres which is nice as I am not tired. My leg muscles are also not tired so they are getting stronger.

Now I will sleep happily.",2026-10-02_18-00-48_hk_1790956848.fit,697,2026-10-02T16:12:32.000Z,703.000,1604.5,146,165,77,2.328,29.3,50.823342,4.391676
2026-10-02,Running,Evening Run,"Finished work a bit early today so decided to go for a run. I went for three kilometres which is nice as I am not tired. My leg muscles are also not tired so they are getting stronger.

Now I will sleep happily.",2026-10-02_18-00-48_hk_1790956848.fit,698,2026-10-02T16:12:33.000Z,704.000,1605.8,146,159,77,2.284,29.3,50.823342,4.391694
2026-10-02,Running,Evening Run,"Finished work a bit early today so decided to go for a run. I went for three kilometres which is nice as I am not tired. My leg muscles are also not tired so they are getting stronger.

Now I will sleep happily.",2026-10-02_18-00-48_hk_1790956848.fit,699,2026-10-02T16:12:34.000Z,705.000,1608.33,147,159,78,2.27,29.3,50.82336,4.39173
2026-10-02,Running,Evening Run,"Finished work a bit early today so decided to go for a run. I went for three kilometres which is nice as I am not tired. My leg muscles are also not tired so they are getting stronger.

Now I will sleep happily.",2026-10-02_18-00-48_hk_1790956848.fit,700,2026-10-02T16:12:35.000Z,706.000,1610.86,147,160,78,2.279,29.31,50.82336,4.391748
2026-10-02,Running,Evening Run,"Finished work a bit early today so decided to go for a run. I went for three kilometres which is nice as I am not tired. My leg muscles are also not tired so they are getting stronger.

Now I will sleep happily.",2026-10-02_18-00-48_hk_1790956848.fit,701,2026-10-02T16:12:36.000Z,707.000,1613.66,147,160,78,2.328,29.31,50.823378,4.391766
2026-10-02,Running,Evening Run,"Finished work a bit early today so decided to go for a run. I went for three kilometres which is nice as I am not tired. My leg muscles are also not tired so they are getting stronger.

Now I will sleep happily.",2026-10-02_18-00-48_hk_1790956848.fit,702,2026-10-02T16:12:37.000Z,708.000,1616.47,147,160,76,2.376,29.31,50.823378,4.391802
2026-10-02,Running,Evening Run,"Finished work a bit early today so decided to go for a run. I went for three kilometres which is nice as I am not tired. My leg muscles are also not tired so they are getting stronger.

Now I will sleep happily.",2026-10-02_18-00-48_hk_1790956848.fit,703,2026-10-02T16:12:38.000Z,709.000,1619.27,147,164,76,2.323,29.31,50.823396,4.39182
2026-10-02,Running,Evening Run,"Finished work a bit early today so decided to go for a run. I went for three kilometres which is nice as I am not tired. My leg muscles are also not tired so they are getting stronger.

Now I will sleep happily.",2026-10-02_18-00-48_hk_1790956848.fit,704,2026-10-02T16:12:39.000Z,710.000,1623,147,164,76,2.313,29.32,50.823414,4.391856
2026-10-02,Running,Evening Run,"Finished work a bit early today so decided to go for a run. I went for three kilometres which is nice as I am not tired. My leg muscles are also not tired so they are getting stronger.

Now I will sleep happily.",2026-10-02_18-00-48_hk_1790956848.fit,705,2026-10-02T16:12:40.000Z,711.000,1626.73,147,168,78,2.393,29.32,50.823414,4.391892
2026-10-02,Running,Evening Run,"Finished work a bit early today so decided to go for a run. I went for three kilometres which is nice as I am not tired. My leg muscles are also not tired so they are getting stronger.

Now I will sleep happily.",2026-10-02_18-00-48_hk_1790956848.fit,706,2026-10-02T16:12:41.000Z,712.000,1628.68,147,168,78,2.383,29.32,50.823432,4.39191
2026-10-02,Running,Evening Run,"Finished work a bit early today so decided to go for a run. I went for three kilometres which is nice as I am not tired. My leg muscles are also not tired so they are getting stronger.

Now I will sleep happily.",2026-10-02_18-00-48_hk_1790956848.fit,707,2026-10-02T16:12:42.000Z,713.000,1630.63,147,168,78,2.363,29.32,50.82345,4.391946
2026-10-02,Running,Evening Run,"Finished work a bit early today so decided to go for a run. I went for three kilometres which is nice as I am not tired. My leg muscles are also not tired so they are getting stronger.

Now I will sleep happily.",2026-10-02_18-00-48_hk_1790956848.fit,708,2026-10-02T16:12:43.000Z,714.000,1632.58,147,170,77,2.327,29.32,50.823468,4.391964
2026-10-02,Running,Evening Run,"Finished work a bit early today so decided to go for a run. I went for three kilometres which is nice as I am not tired. My leg muscles are also not tired so they are getting stronger.

Now I will sleep happily.",2026-10-02_18-00-48_hk_1790956848.fit,709,2026-10-02T16:12:44.000Z,715.000,1634.86,147,170,77,2.306,29.32,50.823486,4.392
2026-10-02,Running,Evening Run,"Finished work a bit early today so decided to go for a run. I went for three kilometres which is nice as I am not tired. My leg muscles are also not tired so they are getting stronger.

Now I will sleep happily.",2026-10-02_18-00-48_hk_1790956848.fit,710,2026-10-02T16:12:45.000Z,716.000,1637.14,147,170,77,2.327,29.32,50.823504,4.392036
2026-10-02,Running,Evening Run,"Finished work a bit early today so decided to go for a run. I went for three kilometres which is nice as I am not tired. My leg muscles are also not tired so they are getting stronger.

Now I will sleep happily.",2026-10-02_18-00-48_hk_1790956848.fit,711,2026-10-02T16:12:46.000Z,717.000,1639.42,147,175,79,2.347,29.32,50.823522,4.392054
2026-10-02,Running,Evening Run,"Finished work a bit early today so decided to go for a run. I went for three kilometres which is nice as I am not tired. My leg muscles are also not tired so they are getting stronger.

Now I will sleep happily.",2026-10-02_18-00-48_hk_1790956848.fit,712,2026-10-02T16:12:47.000Z,718.000,1642.66,147,175,79,2.409,29.32,50.82354,4.39209
2026-10-02,Running,Evening Run,"Finished work a bit early today so decided to go for a run. I went for three kilometres which is nice as I am not tired. My leg muscles are also not tired so they are getting stronger.

Now I will sleep happily.",2026-10-02_18-00-48_hk_1790956848.fit,713,2026-10-02T16:12:48.000Z,719.000,1645.89,147,177,79,2.446,29.32,50.82354,4.392108
2026-10-02,Running,Evening Run,"Finished work a bit early today so decided to go for a run. I went for three kilometres which is nice as I am not tired. My leg muscles are also not tired so they are getting stronger.

Now I will sleep happily.",2026-10-02_18-00-48_hk_1790956848.fit,714,2026-10-02T16:12:49.000Z,720.000,1648.49,147,177,76,2.453,29.32,50.823558,4.392144
2026-10-02,Running,Evening Run,"Finished work a bit early today so decided to go for a run. I went for three kilometres which is nice as I am not tired. My leg muscles are also not tired so they are getting stronger.

Now I will sleep happily.",2026-10-02_18-00-48_hk_1790956848.fit,715,2026-10-02T16:12:50.000Z,721.000,1651.1,147,177,76,2.46,29.32,50.823576,4.39218
2026-10-02,Running,Evening Run,"Finished work a bit early today so decided to go for a run. I went for three kilometres which is nice as I am not tired. My leg muscles are also not tired so they are getting stronger.

Now I will sleep happily.",2026-10-02_18-00-48_hk_1790956848.fit,716,2026-10-02T16:12:51.000Z,722.000,1653.7,147,180,76,2.525,29.32,50.823576,4.392198
2026-10-02,Running,Evening Run,"Finished work a bit early today so decided to go for a run. I went for three kilometres which is nice as I am not tired. My leg muscles are also not tired so they are getting stronger.

Now I will sleep happily.",2026-10-02_18-00-48_hk_1790956848.fit,717,2026-10-02T16:12:52.000Z,723.000,1656.42,147,180,76,2.664,29.31,50.823594,4.392234
2026-10-02,Running,Evening Run,"Finished work a bit early today so decided to go for a run. I went for three kilometres which is nice as I am not tired. My leg muscles are also not tired so they are getting stronger.

Now I will sleep happily.",2026-10-02_18-00-48_hk_1790956848.fit,718,2026-10-02T16:12:53.000Z,724.000,1659.15,147,179,76,2.674,29.31,50.823612,4.39227
2026-10-02,Running,Evening Run,"Finished work a bit early today so decided to go for a run. I went for three kilometres which is nice as I am not tired. My leg muscles are also not tired so they are getting stronger.

Now I will sleep happily.",2026-10-02_18-00-48_hk_1790956848.fit,719,2026-10-02T16:12:54.000Z,725.000,1661.9,147,179,76,2.687,29.31,50.82363,4.392306
2026-10-02,Running,Evening Run,"Finished work a bit early today so decided to go for a run. I went for three kilometres which is nice as I am not tired. My leg muscles are also not tired so they are getting stronger.

Now I will sleep happily.",2026-10-02_18-00-48_hk_1790956848.fit,720,2026-10-02T16:12:55.000Z,726.000,1664.66,147,179,76,2.684,29.31,50.823648,4.392324
2026-10-02,Running,Evening Run,"Finished work a bit early today so decided to go for a run. I went for three kilometres which is nice as I am not tired. My leg muscles are also not tired so they are getting stronger.

Now I will sleep happily.",2026-10-02_18-00-48_hk_1790956848.fit,721,2026-10-02T16:12:56.000Z,727.000,1667.42,147,183,76,2.682,29.31,50.823666,4.39236
2026-10-02,Running,Evening Run,"Finished work a bit early today so decided to go for a run. I went for three kilometres which is nice as I am not tired. My leg muscles are also not tired so they are getting stronger.

Now I will sleep happily.",2026-10-02_18-00-48_hk_1790956848.fit,722,2026-10-02T16:12:57.000Z,728.000,1670.38,147,183,76,2.69,29.31,50.823666,4.392378
2026-10-02,Running,Evening Run,"Finished work a bit early today so decided to go for a run. I went for three kilometres which is nice as I am not tired. My leg muscles are also not tired so they are getting stronger.

Now I will sleep happily.",2026-10-02_18-00-48_hk_1790956848.fit,723,2026-10-02T16:12:58.000Z,729.000,1673.33,147,180,78,2.649,29.31,50.823684,4.392414
2026-10-02,Running,Evening Run,"Finished work a bit early today so decided to go for a run. I went for three kilometres which is nice as I am not tired. My leg muscles are also not tired so they are getting stronger.

Now I will sleep happily.",2026-10-02_18-00-48_hk_1790956848.fit,724,2026-10-02T16:12:59.000Z,730.000,1675.42,147,180,78,2.621,29.31,50.823702,4.392432
2026-10-02,Running,Evening Run,"Finished work a bit early today so decided to go for a run. I went for three kilometres which is nice as I am not tired. My leg muscles are also not tired so they are getting stronger.

Now I will sleep happily.",2026-10-02_18-00-48_hk_1790956848.fit,725,2026-10-02T16:13:00.000Z,731.000,1677.51,147,180,78,2.539,29.31,50.82372,4.39245
2026-10-02,Running,Evening Run,"Finished work a bit early today so decided to go for a run. I went for three kilometres which is nice as I am not tired. My leg muscles are also not tired so they are getting stronger.

Now I will sleep happily.",2026-10-02_18-00-48_hk_1790956848.fit,726,2026-10-02T16:13:01.000Z,732.000,1679.6,147,181,76,2.546,29.31,50.823738,4.392486
2026-10-02,Running,Evening Run,"Finished work a bit early today so decided to go for a run. I went for three kilometres which is nice as I am not tired. My leg muscles are also not tired so they are getting stronger.

Now I will sleep happily.",2026-10-02_18-00-48_hk_1790956848.fit,727,2026-10-02T16:13:02.000Z,733.000,1682.97,147,181,76,2.652,29.31,50.823738,4.392504
2026-10-02,Running,Evening Run,"Finished work a bit early today so decided to go for a run. I went for three kilometres which is nice as I am not tired. My leg muscles are also not tired so they are getting stronger.

Now I will sleep happily.",2026-10-02_18-00-48_hk_1790956848.fit,728,2026-10-02T16:13:03.000Z,734.000,1686.34,147,181,76,2.71,29.31,50.823756,4.39254
2026-10-02,Running,Evening Run,"Finished work a bit early today so decided to go for a run. I went for three kilometres which is nice as I am not tired. My leg muscles are also not tired so they are getting stronger.

Now I will sleep happily.",2026-10-02_18-00-48_hk_1790956848.fit,729,2026-10-02T16:13:04.000Z,735.000,1688.17,147,181,79,2.686,29.31,50.823774,4.392576
2026-10-02,Running,Evening Run,"Finished work a bit early today so decided to go for a run. I went for three kilometres which is nice as I am not tired. My leg muscles are also not tired so they are getting stronger.

Now I will sleep happily.",2026-10-02_18-00-48_hk_1790956848.fit,730,2026-10-02T16:13:05.000Z,736.000,1690,147,181,79,2.662,29.31,50.823792,4.392594
2026-10-02,Running,Evening Run,"Finished work a bit early today so decided to go for a run. I went for three kilometres which is nice as I am not tired. My leg muscles are also not tired so they are getting stronger.

Now I will sleep happily.",2026-10-02_18-00-48_hk_1790956848.fit,731,2026-10-02T16:13:06.000Z,737.000,1691.83,147,182,79,2.621,29.31,50.82381,4.39263
2026-10-02,Running,Evening Run,"Finished work a bit early today so decided to go for a run. I went for three kilometres which is nice as I am not tired. My leg muscles are also not tired so they are getting stronger.

Now I will sleep happily.",2026-10-02_18-00-48_hk_1790956848.fit,732,2026-10-02T16:13:07.000Z,738.000,1693.57,147,182,76,2.546,29.31,50.823828,4.392648
2026-10-02,Running,Evening Run,"Finished work a bit early today so decided to go for a run. I went for three kilometres which is nice as I am not tired. My leg muscles are also not tired so they are getting stronger.

Now I will sleep happily.",2026-10-02_18-00-48_hk_1790956848.fit,733,2026-10-02T16:13:08.000Z,739.000,1695.31,147,182,76,2.507,29.31,50.823828,4.392666
2026-10-02,Running,Evening Run,"Finished work a bit early today so decided to go for a run. I went for three kilometres which is nice as I am not tired. My leg muscles are also not tired so they are getting stronger.

Now I will sleep happily.",2026-10-02_18-00-48_hk_1790956848.fit,734,2026-10-02T16:13:09.000Z,740.000,1697.05,147,177,76,2.436,29.31,50.823846,4.392702
2026-10-02,Running,Evening Run,"Finished work a bit early today so decided to go for a run. I went for three kilometres which is nice as I am not tired. My leg muscles are also not tired so they are getting stronger.

Now I will sleep happily.",2026-10-02_18-00-48_hk_1790956848.fit,735,2026-10-02T16:13:10.000Z,741.000,1700.2,147,177,77,2.462,29.31,50.823864,4.39272
2026-10-02,Running,Evening Run,"Finished work a bit early today so decided to go for a run. I went for three kilometres which is nice as I am not tired. My leg muscles are also not tired so they are getting stronger.

Now I will sleep happily.",2026-10-02_18-00-48_hk_1790956848.fit,736,2026-10-02T16:13:11.000Z,742.000,1703.35,147,175,77,2.488,29.31,50.823864,4.392738
2026-10-02,Running,Evening Run,"Finished work a bit early today so decided to go for a run. I went for three kilometres which is nice as I am not tired. My leg muscles are also not tired so they are getting stronger.

Now I will sleep happily.",2026-10-02_18-00-48_hk_1790956848.fit,737,2026-10-02T16:13:12.000Z,743.000,1704.98,147,175,77,2.442,29.31,50.823882,4.392756
2026-10-02,Running,Evening Run,"Finished work a bit early today so decided to go for a run. I went for three kilometres which is nice as I am not tired. My leg muscles are also not tired so they are getting stronger.

Now I will sleep happily.",2026-10-02_18-00-48_hk_1790956848.fit,738,2026-10-02T16:13:13.000Z,744.000,1706.62,147,175,77,2.39,29.31,50.823882,4.392792
2026-10-02,Running,Evening Run,"Finished work a bit early today so decided to go for a run. I went for three kilometres which is nice as I am not tired. My leg muscles are also not tired so they are getting stronger.

Now I will sleep happily.",2026-10-02_18-00-48_hk_1790956848.fit,739,2026-10-02T16:13:14.000Z,745.000,1708.26,147,173,77,2.356,29.31,50.8239,4.39281
2026-10-02,Running,Evening Run,"Finished work a bit early today so decided to go for a run. I went for three kilometres which is nice as I am not tired. My leg muscles are also not tired so they are getting stronger.

Now I will sleep happily.",2026-10-02_18-00-48_hk_1790956848.fit,740,2026-10-02T16:13:15.000Z,746.000,1711.42,147,173,77,2.376,29.31,50.823918,4.392828
2026-10-02,Running,Evening Run,"Finished work a bit early today so decided to go for a run. I went for three kilometres which is nice as I am not tired. My leg muscles are also not tired so they are getting stronger.

Now I will sleep happily.",2026-10-02_18-00-48_hk_1790956848.fit,741,2026-10-02T16:13:16.000Z,747.000,1714.58,147,172,78,2.394,29.31,50.823918,4.392846
2026-10-02,Running,Evening Run,"Finished work a bit early today so decided to go for a run. I went for three kilometres which is nice as I am not tired. My leg muscles are also not tired so they are getting stronger.

Now I will sleep happily.",2026-10-02_18-00-48_hk_1790956848.fit,742,2026-10-02T16:13:17.000Z,748.000,1715.84,147,172,78,2.326,29.31,50.823936,4.392882
2026-10-02,Running,Evening Run,"Finished work a bit early today so decided to go for a run. I went for three kilometres which is nice as I am not tired. My leg muscles are also not tired so they are getting stronger.

Now I will sleep happily.",2026-10-02_18-00-48_hk_1790956848.fit,743,2026-10-02T16:13:18.000Z,749.000,1717.1,147,172,78,2.28,29.31,50.823954,4.3929
2026-10-02,Running,Evening Run,"Finished work a bit early today so decided to go for a run. I went for three kilometres which is nice as I am not tired. My leg muscles are also not tired so they are getting stronger.

Now I will sleep happily.",2026-10-02_18-00-48_hk_1790956848.fit,744,2026-10-02T16:13:19.000Z,750.000,1718.36,147,161,71,2.215,29.31,50.823972,4.392918
2026-10-02,Running,Evening Run,"Finished work a bit early today so decided to go for a run. I went for three kilometres which is nice as I am not tired. My leg muscles are also not tired so they are getting stronger.

Now I will sleep happily.",2026-10-02_18-00-48_hk_1790956848.fit,745,2026-10-02T16:13:20.000Z,751.000,1720.78,147,161,71,2.191,29.31,50.823972,4.392936
2026-10-02,Running,Evening Run,"Finished work a bit early today so decided to go for a run. I went for three kilometres which is nice as I am not tired. My leg muscles are also not tired so they are getting stronger.

Now I will sleep happily.",2026-10-02_18-00-48_hk_1790956848.fit,746,2026-10-02T16:13:21.000Z,752.000,1723.19,147,157,71,2.201,29.31,50.82399,4.392954
2026-10-02,Running,Evening Run,"Finished work a bit early today so decided to go for a run. I went for three kilometres which is nice as I am not tired. My leg muscles are also not tired so they are getting stronger.

Now I will sleep happily.",2026-10-02_18-00-48_hk_1790956848.fit,747,2026-10-02T16:13:22.000Z,753.000,1725.42,147,157,70,2.17,29.31,50.824008,4.39299
2026-10-02,Running,Evening Run,"Finished work a bit early today so decided to go for a run. I went for three kilometres which is nice as I am not tired. My leg muscles are also not tired so they are getting stronger.

Now I will sleep happily.",2026-10-02_18-00-48_hk_1790956848.fit,748,2026-10-02T16:13:23.000Z,754.000,1727.65,147,157,70,2.18,29.31,50.824008,4.393008
2026-10-02,Running,Evening Run,"Finished work a bit early today so decided to go for a run. I went for three kilometres which is nice as I am not tired. My leg muscles are also not tired so they are getting stronger.

Now I will sleep happily.",2026-10-02_18-00-48_hk_1790956848.fit,749,2026-10-02T16:13:24.000Z,755.000,1729.88,147,175,70,2.186,29.31,50.824026,4.393026
2026-10-02,Running,Evening Run,"Finished work a bit early today so decided to go for a run. I went for three kilometres which is nice as I am not tired. My leg muscles are also not tired so they are getting stronger.

Now I will sleep happily.",2026-10-02_18-00-48_hk_1790956848.fit,750,2026-10-02T16:13:25.000Z,756.000,1732.99,147,175,70,2.175,29.31,50.824044,4.393062
2026-10-02,Running,Evening Run,"Finished work a bit early today so decided to go for a run. I went for three kilometres which is nice as I am not tired. My leg muscles are also not tired so they are getting stronger.

Now I will sleep happily.",2026-10-02_18-00-48_hk_1790956848.fit,751,2026-10-02T16:13:26.000Z,757.000,1736.11,147,176,70,2.214,29.31,50.824062,4.39308
2026-10-02,Running,Evening Run,"Finished work a bit early today so decided to go for a run. I went for three kilometres which is nice as I am not tired. My leg muscles are also not tired so they are getting stronger.

Now I will sleep happily.",2026-10-02_18-00-48_hk_1790956848.fit,752,2026-10-02T16:13:27.000Z,758.000,1737.97,147,176,70,2.151,29.31,50.824062,4.393098
2026-10-02,Running,Evening Run,"Finished work a bit early today so decided to go for a run. I went for three kilometres which is nice as I am not tired. My leg muscles are also not tired so they are getting stronger.

Now I will sleep happily.",2026-10-02_18-00-48_hk_1790956848.fit,753,2026-10-02T16:13:28.000Z,759.000,1739.84,147,176,73,2.153,29.31,50.82408,4.393134
2026-10-02,Running,Evening Run,"Finished work a bit early today so decided to go for a run. I went for three kilometres which is nice as I am not tired. My leg muscles are also not tired so they are getting stronger.

Now I will sleep happily.",2026-10-02_18-00-48_hk_1790956848.fit,754,2026-10-02T16:13:29.000Z,760.000,1741.7,147,176,73,2.154,29.31,50.824098,4.393152
2026-10-02,Running,Evening Run,"Finished work a bit early today so decided to go for a run. I went for three kilometres which is nice as I am not tired. My leg muscles are also not tired so they are getting stronger.

Now I will sleep happily.",2026-10-02_18-00-48_hk_1790956848.fit,755,2026-10-02T16:13:30.000Z,761.000,1743.94,147,176,73,2.19,29.31,50.824098,4.393188
2026-10-02,Running,Evening Run,"Finished work a bit early today so decided to go for a run. I went for three kilometres which is nice as I am not tired. My leg muscles are also not tired so they are getting stronger.

Now I will sleep happily.",2026-10-02_18-00-48_hk_1790956848.fit,756,2026-10-02T16:13:31.000Z,762.000,1746.17,147,176,76,2.211,29.31,50.824116,4.393206
2026-10-02,Running,Evening Run,"Finished work a bit early today so decided to go for a run. I went for three kilometres which is nice as I am not tired. My leg muscles are also not tired so they are getting stronger.

Now I will sleep happily.",2026-10-02_18-00-48_hk_1790956848.fit,757,2026-10-02T16:13:32.000Z,763.000,1748.4,147,178,76,2.233,29.31,50.824134,4.393242
2026-10-02,Running,Evening Run,"Finished work a bit early today so decided to go for a run. I went for three kilometres which is nice as I am not tired. My leg muscles are also not tired so they are getting stronger.

Now I will sleep happily.",2026-10-02_18-00-48_hk_1790956848.fit,758,2026-10-02T16:13:33.000Z,764.000,1751.35,147,178,76,2.224,29.31,50.824152,4.393278
2026-10-02,Running,Evening Run,"Finished work a bit early today so decided to go for a run. I went for three kilometres which is nice as I am not tired. My leg muscles are also not tired so they are getting stronger.

Now I will sleep happily.",2026-10-02_18-00-48_hk_1790956848.fit,759,2026-10-02T16:13:34.000Z,765.000,1754.29,148,179,76,2.215,29.31,50.824152,4.393296
2026-10-02,Running,Evening Run,"Finished work a bit early today so decided to go for a run. I went for three kilometres which is nice as I am not tired. My leg muscles are also not tired so they are getting stronger.

Now I will sleep happily.",2026-10-02_18-00-48_hk_1790956848.fit,760,2026-10-02T16:13:35.000Z,766.000,1756.26,148,179,76,2.229,29.31,50.82417,4.393332
2026-10-02,Running,Evening Run,"Finished work a bit early today so decided to go for a run. I went for three kilometres which is nice as I am not tired. My leg muscles are also not tired so they are getting stronger.

Now I will sleep happily.",2026-10-02_18-00-48_hk_1790956848.fit,761,2026-10-02T16:13:36.000Z,767.000,1758.22,148,179,76,2.244,29.31,50.824188,4.393368
2026-10-02,Running,Evening Run,"Finished work a bit early today so decided to go for a run. I went for three kilometres which is nice as I am not tired. My leg muscles are also not tired so they are getting stronger.

Now I will sleep happily.",2026-10-02_18-00-48_hk_1790956848.fit,762,2026-10-02T16:13:37.000Z,768.000,1760.19,148,180,76,2.258,29.31,50.824206,4.393386
2026-10-02,Running,Evening Run,"Finished work a bit early today so decided to go for a run. I went for three kilometres which is nice as I am not tired. My leg muscles are also not tired so they are getting stronger.

Now I will sleep happily.",2026-10-02_18-00-48_hk_1790956848.fit,763,2026-10-02T16:13:38.000Z,769.000,1763.54,148,180,76,2.266,29.31,50.824224,4.393404
2026-10-02,Running,Evening Run,"Finished work a bit early today so decided to go for a run. I went for three kilometres which is nice as I am not tired. My leg muscles are also not tired so they are getting stronger.

Now I will sleep happily.",2026-10-02_18-00-48_hk_1790956848.fit,764,2026-10-02T16:13:39.000Z,770.000,1766.88,148,181,76,2.32,29.31,50.824224,4.39344
2026-10-02,Running,Evening Run,"Finished work a bit early today so decided to go for a run. I went for three kilometres which is nice as I am not tired. My leg muscles are also not tired so they are getting stronger.

Now I will sleep happily.",2026-10-02_18-00-48_hk_1790956848.fit,765,2026-10-02T16:13:40.000Z,771.000,1768.77,148,181,79,2.401,29.31,50.824242,4.393458
2026-10-02,Running,Evening Run,"Finished work a bit early today so decided to go for a run. I went for three kilometres which is nice as I am not tired. My leg muscles are also not tired so they are getting stronger.

Now I will sleep happily.",2026-10-02_18-00-48_hk_1790956848.fit,766,2026-10-02T16:13:41.000Z,772.000,1770.66,147,181,79,2.377,29.31,50.82426,4.393476
2026-10-02,Running,Evening Run,"Finished work a bit early today so decided to go for a run. I went for three kilometres which is nice as I am not tired. My leg muscles are also not tired so they are getting stronger.

Now I will sleep happily.",2026-10-02_18-00-48_hk_1790956848.fit,767,2026-10-02T16:13:42.000Z,773.000,1772.56,147,181,79,2.354,29.31,50.824278,4.393512
2026-10-02,Running,Evening Run,"Finished work a bit early today so decided to go for a run. I went for three kilometres which is nice as I am not tired. My leg muscles are also not tired so they are getting stronger.

Now I will sleep happily.",2026-10-02_18-00-48_hk_1790956848.fit,768,2026-10-02T16:13:43.000Z,774.000,1775.89,147,181,77,2.403,29.31,50.824296,4.39353
2026-10-02,Running,Evening Run,"Finished work a bit early today so decided to go for a run. I went for three kilometres which is nice as I am not tired. My leg muscles are also not tired so they are getting stronger.

Now I will sleep happily.",2026-10-02_18-00-48_hk_1790956848.fit,769,2026-10-02T16:13:44.000Z,775.000,1779.21,147,182,77,2.455,29.31,50.824296,4.393566
2026-10-02,Running,Evening Run,"Finished work a bit early today so decided to go for a run. I went for three kilometres which is nice as I am not tired. My leg muscles are also not tired so they are getting stronger.

Now I will sleep happily.",2026-10-02_18-00-48_hk_1790956848.fit,770,2026-10-02T16:13:45.000Z,776.000,1780.92,147,182,77,2.43,29.31,50.824314,4.393584
2026-10-02,Running,Evening Run,"Finished work a bit early today so decided to go for a run. I went for three kilometres which is nice as I am not tired. My leg muscles are also not tired so they are getting stronger.

Now I will sleep happily.",2026-10-02_18-00-48_hk_1790956848.fit,771,2026-10-02T16:13:46.000Z,777.000,1782.62,147,182,78,2.397,29.31,50.824332,4.393602
2026-10-02,Running,Evening Run,"Finished work a bit early today so decided to go for a run. I went for three kilometres which is nice as I am not tired. My leg muscles are also not tired so they are getting stronger.

Now I will sleep happily.",2026-10-02_18-00-48_hk_1790956848.fit,772,2026-10-02T16:13:47.000Z,778.000,1784.33,147,183,78,2.333,29.31,50.82435,4.393638
2026-10-02,Running,Evening Run,"Finished work a bit early today so decided to go for a run. I went for three kilometres which is nice as I am not tired. My leg muscles are also not tired so they are getting stronger.

Now I will sleep happily.",2026-10-02_18-00-48_hk_1790956848.fit,773,2026-10-02T16:13:48.000Z,779.000,1786.23,147,183,78,2.278,29.31,50.824368,4.393656
2026-10-02,Running,Evening Run,"Finished work a bit early today so decided to go for a run. I went for three kilometres which is nice as I am not tired. My leg muscles are also not tired so they are getting stronger.

Now I will sleep happily.",2026-10-02_18-00-48_hk_1790956848.fit,774,2026-10-02T16:13:49.000Z,780.000,1788.13,147,183,76,2.28,29.31,50.824368,4.393674
2026-10-02,Running,Evening Run,"Finished work a bit early today so decided to go for a run. I went for three kilometres which is nice as I am not tired. My leg muscles are also not tired so they are getting stronger.

Now I will sleep happily.",2026-10-02_18-00-48_hk_1790956848.fit,775,2026-10-02T16:13:50.000Z,781.000,1790.03,147,181,76,2.281,29.31,50.824386,4.39371
2026-10-02,Running,Evening Run,"Finished work a bit early today so decided to go for a run. I went for three kilometres which is nice as I am not tired. My leg muscles are also not tired so they are getting stronger.

Now I will sleep happily.",2026-10-02_18-00-48_hk_1790956848.fit,776,2026-10-02T16:13:51.000Z,782.000,1793.13,147,181,76,2.338,29.31,50.824404,4.393728
2026-10-02,Running,Evening Run,"Finished work a bit early today so decided to go for a run. I went for three kilometres which is nice as I am not tired. My leg muscles are also not tired so they are getting stronger.

Now I will sleep happily.",2026-10-02_18-00-48_hk_1790956848.fit,777,2026-10-02T16:13:52.000Z,783.000,1796.23,147,180,79,2.384,29.31,50.824404,4.393746
2026-10-02,Running,Evening Run,"Finished work a bit early today so decided to go for a run. I went for three kilometres which is nice as I am not tired. My leg muscles are also not tired so they are getting stronger.

Now I will sleep happily.",2026-10-02_18-00-48_hk_1790956848.fit,778,2026-10-02T16:13:53.000Z,784.000,1797.16,147,180,79,2.318,29.31,50.824422,4.393782
2026-10-02,Running,Evening Run,"Finished work a bit early today so decided to go for a run. I went for three kilometres which is nice as I am not tired. My leg muscles are also not tired so they are getting stronger.

Now I will sleep happily.",2026-10-02_18-00-48_hk_1790956848.fit,779,2026-10-02T16:13:54.000Z,785.000,1798.08,147,180,79,2.257,29.31,50.824422,4.3938
2026-10-02,Running,Evening Run,"Finished work a bit early today so decided to go for a run. I went for three kilometres which is nice as I am not tired. My leg muscles are also not tired so they are getting stronger.

Now I will sleep happily.",2026-10-02_18-00-48_hk_1790956848.fit,780,2026-10-02T16:13:55.000Z,786.000,1799.01,147,170,76,2.201,29.31,50.82444,4.393818
2026-10-02,Running,Evening Run,"Finished work a bit early today so decided to go for a run. I went for three kilometres which is nice as I am not tired. My leg muscles are also not tired so they are getting stronger.

Now I will sleep happily.",2026-10-02_18-00-48_hk_1790956848.fit,781,2026-10-02T16:13:56.000Z,787.000,1802.43,147,170,76,2.221,29.31,50.82444,4.393836
2026-10-02,Running,Evening Run,"Finished work a bit early today so decided to go for a run. I went for three kilometres which is nice as I am not tired. My leg muscles are also not tired so they are getting stronger.

Now I will sleep happily.",2026-10-02_18-00-48_hk_1790956848.fit,782,2026-10-02T16:13:57.000Z,788.000,1805.84,147,167,76,2.241,29.31,50.824458,4.393872
2026-10-02,Running,Evening Run,"Finished work a bit early today so decided to go for a run. I went for three kilometres which is nice as I am not tired. My leg muscles are also not tired so they are getting stronger.

Now I will sleep happily.",2026-10-02_18-00-48_hk_1790956848.fit,783,2026-10-02T16:13:58.000Z,789.000,1806.85,147,167,76,2.2,29.31,50.824458,4.39389
2026-10-02,Running,Evening Run,"Finished work a bit early today so decided to go for a run. I went for three kilometres which is nice as I am not tired. My leg muscles are also not tired so they are getting stronger.

Now I will sleep happily.",2026-10-02_18-00-48_hk_1790956848.fit,784,2026-10-02T16:13:59.000Z,790.000,1807.87,147,167,76,2.15,29.31,50.824476,4.393908
2026-10-02,Running,Evening Run,"Finished work a bit early today so decided to go for a run. I went for three kilometres which is nice as I am not tired. My leg muscles are also not tired so they are getting stronger.

Now I will sleep happily.",2026-10-02_18-00-48_hk_1790956848.fit,785,2026-10-02T16:14:00.000Z,791.000,1808.88,148,161,76,2.111,29.31,50.824476,4.393926
2026-10-02,Running,Evening Run,"Finished work a bit early today so decided to go for a run. I went for three kilometres which is nice as I am not tired. My leg muscles are also not tired so they are getting stronger.

Now I will sleep happily.",2026-10-02_18-00-48_hk_1790956848.fit,786,2026-10-02T16:14:01.000Z,792.000,1811.6,148,161,73,2.142,29.31,50.824476,4.393944
2026-10-02,Running,Evening Run,"Finished work a bit early today so decided to go for a run. I went for three kilometres which is nice as I am not tired. My leg muscles are also not tired so they are getting stronger.

Now I will sleep happily.",2026-10-02_18-00-48_hk_1790956848.fit,787,2026-10-02T16:14:02.000Z,793.000,1814.33,148,161,73,2.116,29.31,50.824494,4.393962
2026-10-02,Running,Evening Run,"Finished work a bit early today so decided to go for a run. I went for three kilometres which is nice as I am not tired. My leg muscles are also not tired so they are getting stronger.

Now I will sleep happily.",2026-10-02_18-00-48_hk_1790956848.fit,788,2026-10-02T16:14:03.000Z,794.000,1816.09,148,161,73,2.102,29.31,50.824494,4.393998
2026-10-02,Running,Evening Run,"Finished work a bit early today so decided to go for a run. I went for three kilometres which is nice as I am not tired. My leg muscles are also not tired so they are getting stronger.

Now I will sleep happily.",2026-10-02_18-00-48_hk_1790956848.fit,789,2026-10-02T16:14:04.000Z,795.000,1817.84,148,161,73,2.038,29.31,50.824512,4.394016
2026-10-02,Running,Evening Run,"Finished work a bit early today so decided to go for a run. I went for three kilometres which is nice as I am not tired. My leg muscles are also not tired so they are getting stronger.

Now I will sleep happily.",2026-10-02_18-00-48_hk_1790956848.fit,790,2026-10-02T16:14:05.000Z,796.000,1819.6,148,162,73,2.033,29.31,50.824512,4.394052
2026-10-02,Running,Evening Run,"Finished work a bit early today so decided to go for a run. I went for three kilometres which is nice as I am not tired. My leg muscles are also not tired so they are getting stronger.

Now I will sleep happily.",2026-10-02_18-00-48_hk_1790956848.fit,791,2026-10-02T16:14:06.000Z,797.000,1822.08,148,162,73,2.057,29.32,50.824512,4.39407
2026-10-02,Running,Evening Run,"Finished work a bit early today so decided to go for a run. I went for three kilometres which is nice as I am not tired. My leg muscles are also not tired so they are getting stronger.

Now I will sleep happily.",2026-10-02_18-00-48_hk_1790956848.fit,792,2026-10-02T16:14:07.000Z,798.000,1824.56,148,160,75,2.08,29.32,50.82453,4.394088
2026-10-02,Running,Evening Run,"Finished work a bit early today so decided to go for a run. I went for three kilometres which is nice as I am not tired. My leg muscles are also not tired so they are getting stronger.

Now I will sleep happily.",2026-10-02_18-00-48_hk_1790956848.fit,793,2026-10-02T16:14:08.000Z,799.000,1826.38,148,160,75,2.02,29.32,50.82453,4.394106
2026-10-02,Running,Evening Run,"Finished work a bit early today so decided to go for a run. I went for three kilometres which is nice as I am not tired. My leg muscles are also not tired so they are getting stronger.

Now I will sleep happily.",2026-10-02_18-00-48_hk_1790956848.fit,794,2026-10-02T16:14:09.000Z,800.000,1828.19,148,160,75,2.012,29.32,50.824548,4.394124
2026-10-02,Running,Evening Run,"Finished work a bit early today so decided to go for a run. I went for three kilometres which is nice as I am not tired. My leg muscles are also not tired so they are getting stronger.

Now I will sleep happily.",2026-10-02_18-00-48_hk_1790956848.fit,795,2026-10-02T16:14:10.000Z,801.000,1830.01,148,162,76,1.954,29.32,50.824566,4.39416
2026-10-02,Running,Evening Run,"Finished work a bit early today so decided to go for a run. I went for three kilometres which is nice as I am not tired. My leg muscles are also not tired so they are getting stronger.

Now I will sleep happily.",2026-10-02_18-00-48_hk_1790956848.fit,796,2026-10-02T16:14:11.000Z,802.000,1831.59,148,162,76,1.949,29.32,50.824566,4.394178
2026-10-02,Running,Evening Run,"Finished work a bit early today so decided to go for a run. I went for three kilometres which is nice as I am not tired. My leg muscles are also not tired so they are getting stronger.

Now I will sleep happily.",2026-10-02_18-00-48_hk_1790956848.fit,797,2026-10-02T16:14:12.000Z,803.000,1833.17,147,162,76,1.944,29.32,50.824584,4.394214
2026-10-02,Running,Evening Run,"Finished work a bit early today so decided to go for a run. I went for three kilometres which is nice as I am not tired. My leg muscles are also not tired so they are getting stronger.

Now I will sleep happily.",2026-10-02_18-00-48_hk_1790956848.fit,798,2026-10-02T16:14:13.000Z,804.000,1834.74,147,161,76,1.939,29.32,50.824602,4.394232
2026-10-02,Running,Evening Run,"Finished work a bit early today so decided to go for a run. I went for three kilometres which is nice as I am not tired. My leg muscles are also not tired so they are getting stronger.

Now I will sleep happily.",2026-10-02_18-00-48_hk_1790956848.fit,799,2026-10-02T16:14:14.000Z,805.000,1837.31,148,161,76,1.965,29.32,50.824602,4.39425
2026-10-02,Running,Evening Run,"Finished work a bit early today so decided to go for a run. I went for three kilometres which is nice as I am not tired. My leg muscles are also not tired so they are getting stronger.

Now I will sleep happily.",2026-10-02_18-00-48_hk_1790956848.fit,800,2026-10-02T16:14:15.000Z,806.000,1839.88,148,158,76,1.991,29.32,50.82462,4.394286
2026-10-02,Running,Evening Run,"Finished work a bit early today so decided to go for a run. I went for three kilometres which is nice as I am not tired. My leg muscles are also not tired so they are getting stronger.

Now I will sleep happily.",2026-10-02_18-00-48_hk_1790956848.fit,801,2026-10-02T16:14:16.000Z,807.000,1840.9,148,158,78,1.957,29.32,50.824638,4.394304
2026-10-02,Running,Evening Run,"Finished work a bit early today so decided to go for a run. I went for three kilometres which is nice as I am not tired. My leg muscles are also not tired so they are getting stronger.

Now I will sleep happily.",2026-10-02_18-00-48_hk_1790956848.fit,802,2026-10-02T16:14:17.000Z,808.000,1841.92,148,158,78,1.922,29.32,50.824638,4.39434
2026-10-02,Running,Evening Run,"Finished work a bit early today so decided to go for a run. I went for three kilometres which is nice as I am not tired. My leg muscles are also not tired so they are getting stronger.

Now I will sleep happily.",2026-10-02_18-00-48_hk_1790956848.fit,803,2026-10-02T16:14:18.000Z,809.000,1842.94,148,151,78,1.89,29.32,50.824656,4.394358
2026-10-02,Running,Evening Run,"Finished work a bit early today so decided to go for a run. I went for three kilometres which is nice as I am not tired. My leg muscles are also not tired so they are getting stronger.

Now I will sleep happily.",2026-10-02_18-00-48_hk_1790956848.fit,804,2026-10-02T16:14:19.000Z,810.000,1847.1,148,151,74,1.884,29.32,50.824674,4.394376
2026-10-02,Running,Evening Run,"Finished work a bit early today so decided to go for a run. I went for three kilometres which is nice as I am not tired. My leg muscles are also not tired so they are getting stronger.

Now I will sleep happily.",2026-10-02_18-00-48_hk_1790956848.fit,805,2026-10-02T16:14:20.000Z,811.000,1851.25,148,158,74,2.09,29.32,50.824692,4.394412
2026-10-02,Running,Evening Run,"Finished work a bit early today so decided to go for a run. I went for three kilometres which is nice as I am not tired. My leg muscles are also not tired so they are getting stronger.

Now I will sleep happily.",2026-10-02_18-00-48_hk_1790956848.fit,806,2026-10-02T16:14:21.000Z,812.000,1853.08,148,158,74,2.026,29.32,50.82471,4.39443
2026-10-02,Running,Evening Run,"Finished work a bit early today so decided to go for a run. I went for three kilometres which is nice as I am not tired. My leg muscles are also not tired so they are getting stronger.

Now I will sleep happily.",2026-10-02_18-00-48_hk_1790956848.fit,807,2026-10-02T16:14:22.000Z,813.000,1854.92,147,158,75,2.019,29.32,50.824728,4.394448
2026-10-02,Running,Evening Run,"Finished work a bit early today so decided to go for a run. I went for three kilometres which is nice as I am not tired. My leg muscles are also not tired so they are getting stronger.

Now I will sleep happily.",2026-10-02_18-00-48_hk_1790956848.fit,808,2026-10-02T16:14:23.000Z,814.000,1856.75,147,160,75,1.958,29.32,50.824746,4.394484
2026-10-02,Running,Evening Run,"Finished work a bit early today so decided to go for a run. I went for three kilometres which is nice as I am not tired. My leg muscles are also not tired so they are getting stronger.

Now I will sleep happily.",2026-10-02_18-00-48_hk_1790956848.fit,809,2026-10-02T16:14:24.000Z,815.000,1859.6,147,160,75,2.114,29.32,50.824764,4.394502
2026-10-02,Running,Evening Run,"Finished work a bit early today so decided to go for a run. I went for three kilometres which is nice as I am not tired. My leg muscles are also not tired so they are getting stronger.

Now I will sleep happily.",2026-10-02_18-00-48_hk_1790956848.fit,810,2026-10-02T16:14:25.000Z,816.000,1862.46,147,160,73,2.119,29.32,50.824782,4.394538
2026-10-02,Running,Evening Run,"Finished work a bit early today so decided to go for a run. I went for three kilometres which is nice as I am not tired. My leg muscles are also not tired so they are getting stronger.

Now I will sleep happily.",2026-10-02_18-00-48_hk_1790956848.fit,811,2026-10-02T16:14:26.000Z,817.000,1864.3,147,160,73,2.108,29.32,50.8248,4.394556
2026-10-02,Running,Evening Run,"Finished work a bit early today so decided to go for a run. I went for three kilometres which is nice as I am not tired. My leg muscles are also not tired so they are getting stronger.

Now I will sleep happily.",2026-10-02_18-00-48_hk_1790956848.fit,812,2026-10-02T16:14:27.000Z,818.000,1866.15,147,160,73,2.086,29.32,50.824818,4.394574
2026-10-02,Running,Evening Run,"Finished work a bit early today so decided to go for a run. I went for three kilometres which is nice as I am not tired. My leg muscles are also not tired so they are getting stronger.

Now I will sleep happily.",2026-10-02_18-00-48_hk_1790956848.fit,813,2026-10-02T16:14:28.000Z,819.000,1867.99,147,159,79,2.089,29.32,50.824836,4.39461
2026-10-02,Running,Evening Run,"Finished work a bit early today so decided to go for a run. I went for three kilometres which is nice as I am not tired. My leg muscles are also not tired so they are getting stronger.

Now I will sleep happily.",2026-10-02_18-00-48_hk_1790956848.fit,814,2026-10-02T16:14:29.000Z,820.000,1871.69,147,159,79,2.17,29.32,50.824836,4.394628
2026-10-02,Running,Evening Run,"Finished work a bit early today so decided to go for a run. I went for three kilometres which is nice as I am not tired. My leg muscles are also not tired so they are getting stronger.

Now I will sleep happily.",2026-10-02_18-00-48_hk_1790956848.fit,815,2026-10-02T16:14:30.000Z,821.000,1875.39,147,166,79,2.21,29.32,50.824854,4.394646
2026-10-02,Running,Evening Run,"Finished work a bit early today so decided to go for a run. I went for three kilometres which is nice as I am not tired. My leg muscles are also not tired so they are getting stronger.

Now I will sleep happily.",2026-10-02_18-00-48_hk_1790956848.fit,816,2026-10-02T16:14:31.000Z,822.000,1877.59,147,166,76,2.227,29.32,50.82489,4.394664
2026-10-02,Running,Evening Run,"Finished work a bit early today so decided to go for a run. I went for three kilometres which is nice as I am not tired. My leg muscles are also not tired so they are getting stronger.

Now I will sleep happily.",2026-10-02_18-00-48_hk_1790956848.fit,817,2026-10-02T16:14:32.000Z,823.000,1879.8,147,166,76,2.244,29.32,50.824908,4.394682
2026-10-02,Running,Evening Run,"Finished work a bit early today so decided to go for a run. I went for three kilometres which is nice as I am not tired. My leg muscles are also not tired so they are getting stronger.

Now I will sleep happily.",2026-10-02_18-00-48_hk_1790956848.fit,818,2026-10-02T16:14:33.000Z,824.000,1882,147,167,76,2.291,29.32,50.824926,4.394718
2026-10-02,Running,Evening Run,"Finished work a bit early today so decided to go for a run. I went for three kilometres which is nice as I am not tired. My leg muscles are also not tired so they are getting stronger.

Now I will sleep happily.",2026-10-02_18-00-48_hk_1790956848.fit,819,2026-10-02T16:14:34.000Z,825.000,1884.97,147,167,79,2.392,29.32,50.824944,4.394736
2026-10-02,Running,Evening Run,"Finished work a bit early today so decided to go for a run. I went for three kilometres which is nice as I am not tired. My leg muscles are also not tired so they are getting stronger.

Now I will sleep happily.",2026-10-02_18-00-48_hk_1790956848.fit,820,2026-10-02T16:14:35.000Z,826.000,1887.94,147,167,79,2.411,29.32,50.824962,4.394754
2026-10-02,Running,Evening Run,"Finished work a bit early today so decided to go for a run. I went for three kilometres which is nice as I am not tired. My leg muscles are also not tired so they are getting stronger.

Now I will sleep happily.",2026-10-02_18-00-48_hk_1790956848.fit,821,2026-10-02T16:14:36.000Z,827.000,1890.91,147,167,79,2.5,29.32,50.82498,4.394772
2026-10-02,Running,Evening Run,"Finished work a bit early today so decided to go for a run. I went for three kilometres which is nice as I am not tired. My leg muscles are also not tired so they are getting stronger.

Now I will sleep happily.",2026-10-02_18-00-48_hk_1790956848.fit,822,2026-10-02T16:14:37.000Z,828.000,1892.82,147,167,76,2.545,29.32,50.824998,4.394808
2026-10-02,Running,Evening Run,"Finished work a bit early today so decided to go for a run. I went for three kilometres which is nice as I am not tired. My leg muscles are also not tired so they are getting stronger.

Now I will sleep happily.",2026-10-02_18-00-48_hk_1790956848.fit,823,2026-10-02T16:14:38.000Z,829.000,1894.73,147,161,76,2.589,29.32,50.825016,4.394826
2026-10-02,Running,Evening Run,"Finished work a bit early today so decided to go for a run. I went for three kilometres which is nice as I am not tired. My leg muscles are also not tired so they are getting stronger.

Now I will sleep happily.",2026-10-02_18-00-48_hk_1790956848.fit,824,2026-10-02T16:14:39.000Z,830.000,1896.38,147,161,76,2.545,29.32,50.825016,4.394844
2026-10-02,Running,Evening Run,"Finished work a bit early today so decided to go for a run. I went for three kilometres which is nice as I am not tired. My leg muscles are also not tired so they are getting stronger.

Now I will sleep happily.",2026-10-02_18-00-48_hk_1790956848.fit,825,2026-10-02T16:14:40.000Z,831.000,1898.02,147,161,76,2.425,29.31,50.825034,4.39488
2026-10-02,Running,Evening Run,"Finished work a bit early today so decided to go for a run. I went for three kilometres which is nice as I am not tired. My leg muscles are also not tired so they are getting stronger.

Now I will sleep happily.",2026-10-02_18-00-48_hk_1790956848.fit,826,2026-10-02T16:14:41.000Z,832.000,1899.67,147,162,76,2.39,29.31,50.825052,4.394898
2026-10-02,Running,Evening Run,"Finished work a bit early today so decided to go for a run. I went for three kilometres which is nice as I am not tired. My leg muscles are also not tired so they are getting stronger.

Now I will sleep happily.",2026-10-02_18-00-48_hk_1790956848.fit,827,2026-10-02T16:14:42.000Z,833.000,1902.85,147,162,76,2.345,29.31,50.825052,4.394916
2026-10-02,Running,Evening Run,"Finished work a bit early today so decided to go for a run. I went for three kilometres which is nice as I am not tired. My leg muscles are also not tired so they are getting stronger.

Now I will sleep happily.",2026-10-02_18-00-48_hk_1790956848.fit,828,2026-10-02T16:14:43.000Z,834.000,1906.03,147,165,76,2.434,29.31,50.82507,4.394952
2026-10-02,Running,Evening Run,"Finished work a bit early today so decided to go for a run. I went for three kilometres which is nice as I am not tired. My leg muscles are also not tired so they are getting stronger.

Now I will sleep happily.",2026-10-02_18-00-48_hk_1790956848.fit,829,2026-10-02T16:14:44.000Z,835.000,1907.58,147,165,76,2.421,29.31,50.825088,4.39497
2026-10-02,Running,Evening Run,"Finished work a bit early today so decided to go for a run. I went for three kilometres which is nice as I am not tired. My leg muscles are also not tired so they are getting stronger.

Now I will sleep happily.",2026-10-02_18-00-48_hk_1790956848.fit,830,2026-10-02T16:14:45.000Z,836.000,1909.13,147,165,76,2.381,29.31,50.825088,4.395006
2026-10-02,Running,Evening Run,"Finished work a bit early today so decided to go for a run. I went for three kilometres which is nice as I am not tired. My leg muscles are also not tired so they are getting stronger.

Now I will sleep happily.",2026-10-02_18-00-48_hk_1790956848.fit,831,2026-10-02T16:14:46.000Z,837.000,1910.68,147,163,76,2.322,29.31,50.825106,4.395024
2026-10-02,Running,Evening Run,"Finished work a bit early today so decided to go for a run. I went for three kilometres which is nice as I am not tired. My leg muscles are also not tired so they are getting stronger.

Now I will sleep happily.",2026-10-02_18-00-48_hk_1790956848.fit,832,2026-10-02T16:14:47.000Z,838.000,1913.31,147,163,76,2.311,29.31,50.825106,4.395042
2026-10-02,Running,Evening Run,"Finished work a bit early today so decided to go for a run. I went for three kilometres which is nice as I am not tired. My leg muscles are also not tired so they are getting stronger.

Now I will sleep happily.",2026-10-02_18-00-48_hk_1790956848.fit,833,2026-10-02T16:14:48.000Z,839.000,1915.93,147,162,76,2.347,29.31,50.825124,4.39506
2026-10-02,Running,Evening Run,"Finished work a bit early today so decided to go for a run. I went for three kilometres which is nice as I am not tired. My leg muscles are also not tired so they are getting stronger.

Now I will sleep happily.",2026-10-02_18-00-48_hk_1790956848.fit,834,2026-10-02T16:14:49.000Z,840.000,1918.04,147,162,76,2.383,29.31,50.825124,4.395096
2026-10-02,Running,Evening Run,"Finished work a bit early today so decided to go for a run. I went for three kilometres which is nice as I am not tired. My leg muscles are also not tired so they are getting stronger.

Now I will sleep happily.",2026-10-02_18-00-48_hk_1790956848.fit,835,2026-10-02T16:14:50.000Z,841.000,1920.15,147,162,76,2.371,29.31,50.825142,4.395114
2026-10-02,Running,Evening Run,"Finished work a bit early today so decided to go for a run. I went for three kilometres which is nice as I am not tired. My leg muscles are also not tired so they are getting stronger.

Now I will sleep happily.",2026-10-02_18-00-48_hk_1790956848.fit,836,2026-10-02T16:14:51.000Z,842.000,1922.26,147,166,76,2.299,29.31,50.825142,4.395132
2026-10-02,Running,Evening Run,"Finished work a bit early today so decided to go for a run. I went for three kilometres which is nice as I am not tired. My leg muscles are also not tired so they are getting stronger.

Now I will sleep happily.",2026-10-02_18-00-48_hk_1790956848.fit,837,2026-10-02T16:14:52.000Z,843.000,1923.69,147,166,76,2.261,29.31,50.82516,4.395168
2026-10-02,Running,Evening Run,"Finished work a bit early today so decided to go for a run. I went for three kilometres which is nice as I am not tired. My leg muscles are also not tired so they are getting stronger.

Now I will sleep happily.",2026-10-02_18-00-48_hk_1790956848.fit,838,2026-10-02T16:14:53.000Z,844.000,1925.11,147,166,76,2.226,29.31,50.825178,4.395186
2026-10-02,Running,Evening Run,"Finished work a bit early today so decided to go for a run. I went for three kilometres which is nice as I am not tired. My leg muscles are also not tired so they are getting stronger.

Now I will sleep happily.",2026-10-02_18-00-48_hk_1790956848.fit,839,2026-10-02T16:14:54.000Z,845.000,1926.53,147,161,76,2.131,29.31,50.825178,4.395204
2026-10-02,Running,Evening Run,"Finished work a bit early today so decided to go for a run. I went for three kilometres which is nice as I am not tired. My leg muscles are also not tired so they are getting stronger.

Now I will sleep happily.",2026-10-02_18-00-48_hk_1790956848.fit,840,2026-10-02T16:14:55.000Z,846.000,1929.01,147,161,77,2.142,29.31,50.825196,4.395222
2026-10-02,Running,Evening Run,"Finished work a bit early today so decided to go for a run. I went for three kilometres which is nice as I am not tired. My leg muscles are also not tired so they are getting stronger.

Now I will sleep happily.",2026-10-02_18-00-48_hk_1790956848.fit,841,2026-10-02T16:14:56.000Z,847.000,1931.49,147,159,77,2.154,29.31,50.825214,4.39524
2026-10-02,Running,Evening Run,"Finished work a bit early today so decided to go for a run. I went for three kilometres which is nice as I am not tired. My leg muscles are also not tired so they are getting stronger.

Now I will sleep happily.",2026-10-02_18-00-48_hk_1790956848.fit,842,2026-10-02T16:14:57.000Z,848.000,1932.66,147,159,77,2.111,29.32,50.825214,4.395258
2026-10-02,Running,Evening Run,"Finished work a bit early today so decided to go for a run. I went for three kilometres which is nice as I am not tired. My leg muscles are also not tired so they are getting stronger.

Now I will sleep happily.",2026-10-02_18-00-48_hk_1790956848.fit,843,2026-10-02T16:14:58.000Z,849.000,1933.84,147,159,77,2.073,29.32,50.825232,4.395276
2026-10-02,Running,Evening Run,"Finished work a bit early today so decided to go for a run. I went for three kilometres which is nice as I am not tired. My leg muscles are also not tired so they are getting stronger.

Now I will sleep happily.",2026-10-02_18-00-48_hk_1790956848.fit,844,2026-10-02T16:14:59.000Z,850.000,1935.01,147,155,77,2.002,29.32,50.82525,4.395312
2026-10-02,Running,Evening Run,"Finished work a bit early today so decided to go for a run. I went for three kilometres which is nice as I am not tired. My leg muscles are also not tired so they are getting stronger.

Now I will sleep happily.",2026-10-02_18-00-48_hk_1790956848.fit,845,2026-10-02T16:15:00.000Z,851.000,1937.77,147,155,77,2.031,29.32,50.82525,4.39533
2026-10-02,Running,Evening Run,"Finished work a bit early today so decided to go for a run. I went for three kilometres which is nice as I am not tired. My leg muscles are also not tired so they are getting stronger.

Now I will sleep happily.",2026-10-02_18-00-48_hk_1790956848.fit,846,2026-10-02T16:15:01.000Z,852.000,1940.53,147,155,78,2.023,29.32,50.825268,4.395348
2026-10-02,Running,Evening Run,"Finished work a bit early today so decided to go for a run. I went for three kilometres which is nice as I am not tired. My leg muscles are also not tired so they are getting stronger.

Now I will sleep happily.",2026-10-02_18-00-48_hk_1790956848.fit,847,2026-10-02T16:15:02.000Z,853.000,1942.52,147,155,78,1.985,29.32,50.825268,4.395384
2026-10-02,Running,Evening Run,"Finished work a bit early today so decided to go for a run. I went for three kilometres which is nice as I am not tired. My leg muscles are also not tired so they are getting stronger.

Now I will sleep happily.",2026-10-02_18-00-48_hk_1790956848.fit,848,2026-10-02T16:15:03.000Z,854.000,1944.51,147,155,78,1.988,29.32,50.825286,4.395402
2026-10-02,Running,Evening Run,"Finished work a bit early today so decided to go for a run. I went for three kilometres which is nice as I am not tired. My leg muscles are also not tired so they are getting stronger.

Now I will sleep happily.",2026-10-02_18-00-48_hk_1790956848.fit,849,2026-10-02T16:15:04.000Z,855.000,1946.5,147,159,76,2.005,29.32,50.825286,4.395438
2026-10-02,Running,Evening Run,"Finished work a bit early today so decided to go for a run. I went for three kilometres which is nice as I am not tired. My leg muscles are also not tired so they are getting stronger.

Now I will sleep happily.",2026-10-02_18-00-48_hk_1790956848.fit,850,2026-10-02T16:15:05.000Z,856.000,1949.89,147,159,76,2.093,29.32,50.825304,4.395456
2026-10-02,Running,Evening Run,"Finished work a bit early today so decided to go for a run. I went for three kilometres which is nice as I am not tired. My leg muscles are also not tired so they are getting stronger.

Now I will sleep happily.",2026-10-02_18-00-48_hk_1790956848.fit,851,2026-10-02T16:15:06.000Z,857.000,1953.28,147,162,76,2.101,29.32,50.825322,4.395492
2026-10-02,Running,Evening Run,"Finished work a bit early today so decided to go for a run. I went for three kilometres which is nice as I am not tired. My leg muscles are also not tired so they are getting stronger.

Now I will sleep happily.",2026-10-02_18-00-48_hk_1790956848.fit,852,2026-10-02T16:15:07.000Z,858.000,1954.91,146,162,76,2.083,29.32,50.825322,4.39551
2026-10-02,Running,Evening Run,"Finished work a bit early today so decided to go for a run. I went for three kilometres which is nice as I am not tired. My leg muscles are also not tired so they are getting stronger.

Now I will sleep happily.",2026-10-02_18-00-48_hk_1790956848.fit,853,2026-10-02T16:15:08.000Z,859.000,1956.55,146,162,76,2.021,29.33,50.82534,4.395528
2026-10-02,Running,Evening Run,"Finished work a bit early today so decided to go for a run. I went for three kilometres which is nice as I am not tired. My leg muscles are also not tired so they are getting stronger.

Now I will sleep happily.",2026-10-02_18-00-48_hk_1790956848.fit,854,2026-10-02T16:15:09.000Z,860.000,1958.18,146,162,76,2.024,29.33,50.825358,4.395564
2026-10-02,Running,Evening Run,"Finished work a bit early today so decided to go for a run. I went for three kilometres which is nice as I am not tired. My leg muscles are also not tired so they are getting stronger.

Now I will sleep happily.",2026-10-02_18-00-48_hk_1790956848.fit,855,2026-10-02T16:15:10.000Z,861.000,1961.81,147,162,76,2.13,29.33,50.825358,4.395582
2026-10-02,Running,Evening Run,"Finished work a bit early today so decided to go for a run. I went for three kilometres which is nice as I am not tired. My leg muscles are also not tired so they are getting stronger.

Now I will sleep happily.",2026-10-02_18-00-48_hk_1790956848.fit,856,2026-10-02T16:15:11.000Z,862.000,1965.45,147,166,76,2.173,29.33,50.825376,4.395618
2026-10-02,Running,Evening Run,"Finished work a bit early today so decided to go for a run. I went for three kilometres which is nice as I am not tired. My leg muscles are also not tired so they are getting stronger.

Now I will sleep happily.",2026-10-02_18-00-48_hk_1790956848.fit,857,2026-10-02T16:15:12.000Z,863.000,1967.13,147,166,76,2.133,29.33,50.825376,4.395636
2026-10-02,Running,Evening Run,"Finished work a bit early today so decided to go for a run. I went for three kilometres which is nice as I am not tired. My leg muscles are also not tired so they are getting stronger.

Now I will sleep happily.",2026-10-02_18-00-48_hk_1790956848.fit,858,2026-10-02T16:15:13.000Z,864.000,1968.81,147,166,78,2.115,29.32,50.825394,4.395672
2026-10-02,Running,Evening Run,"Finished work a bit early today so decided to go for a run. I went for three kilometres which is nice as I am not tired. My leg muscles are also not tired so they are getting stronger.

Now I will sleep happily.",2026-10-02_18-00-48_hk_1790956848.fit,859,2026-10-02T16:15:14.000Z,865.000,1970.49,147,163,78,2.098,29.32,50.825394,4.39569
2026-10-02,Running,Evening Run,"Finished work a bit early today so decided to go for a run. I went for three kilometres which is nice as I am not tired. My leg muscles are also not tired so they are getting stronger.

Now I will sleep happily.",2026-10-02_18-00-48_hk_1790956848.fit,860,2026-10-02T16:15:15.000Z,866.000,1972.43,147,163,78,2.09,29.32,50.825412,4.395726
2026-10-02,Running,Evening Run,"Finished work a bit early today so decided to go for a run. I went for three kilometres which is nice as I am not tired. My leg muscles are also not tired so they are getting stronger.

Now I will sleep happily.",2026-10-02_18-00-48_hk_1790956848.fit,861,2026-10-02T16:15:16.000Z,867.000,1974.37,147,163,77,2.112,29.32,50.825412,4.395762
2026-10-02,Running,Evening Run,"Finished work a bit early today so decided to go for a run. I went for three kilometres which is nice as I am not tired. My leg muscles are also not tired so they are getting stronger.

Now I will sleep happily.",2026-10-02_18-00-48_hk_1790956848.fit,862,2026-10-02T16:15:17.000Z,868.000,1976.31,146,166,77,2.133,29.32,50.82543,4.39578
2026-10-02,Running,Evening Run,"Finished work a bit early today so decided to go for a run. I went for three kilometres which is nice as I am not tired. My leg muscles are also not tired so they are getting stronger.

Now I will sleep happily.",2026-10-02_18-00-48_hk_1790956848.fit,863,2026-10-02T16:15:18.000Z,869.000,1979.65,146,166,77,2.202,29.32,50.82543,4.395816
2026-10-02,Running,Evening Run,"Finished work a bit early today so decided to go for a run. I went for three kilometres which is nice as I am not tired. My leg muscles are also not tired so they are getting stronger.

Now I will sleep happily.",2026-10-02_18-00-48_hk_1790956848.fit,864,2026-10-02T16:15:19.000Z,870.000,1982.99,146,168,79,2.287,29.32,50.825448,4.395834
2026-10-02,Running,Evening Run,"Finished work a bit early today so decided to go for a run. I went for three kilometres which is nice as I am not tired. My leg muscles are also not tired so they are getting stronger.

Now I will sleep happily.",2026-10-02_18-00-48_hk_1790956848.fit,865,2026-10-02T16:15:20.000Z,871.000,1985.06,146,168,79,2.383,29.32,50.825448,4.39587
2026-10-02,Running,Evening Run,"Finished work a bit early today so decided to go for a run. I went for three kilometres which is nice as I am not tired. My leg muscles are also not tired so they are getting stronger.

Now I will sleep happily.",2026-10-02_18-00-48_hk_1790956848.fit,866,2026-10-02T16:15:21.000Z,872.000,1987.13,146,168,79,2.369,29.32,50.825466,4.395906
2026-10-02,Running,Evening Run,"Finished work a bit early today so decided to go for a run. I went for three kilometres which is nice as I am not tired. My leg muscles are also not tired so they are getting stronger.

Now I will sleep happily.",2026-10-02_18-00-48_hk_1790956848.fit,867,2026-10-02T16:15:22.000Z,873.000,1989.21,146,171,76,2.338,29.32,50.825466,4.395924
2026-10-02,Running,Evening Run,"Finished work a bit early today so decided to go for a run. I went for three kilometres which is nice as I am not tired. My leg muscles are also not tired so they are getting stronger.

Now I will sleep happily.",2026-10-02_18-00-48_hk_1790956848.fit,868,2026-10-02T16:15:23.000Z,874.000,1993.08,146,171,76,2.407,29.31,50.825484,4.39596
2026-10-02,Running,Evening Run,"Finished work a bit early today so decided to go for a run. I went for three kilometres which is nice as I am not tired. My leg muscles are also not tired so they are getting stronger.

Now I will sleep happily.",2026-10-02_18-00-48_hk_1790956848.fit,869,2026-10-02T16:15:24.000Z,875.000,1996.95,146,174,76,2.523,29.31,50.825484,4.395978
2026-10-02,Running,Evening Run,"Finished work a bit early today so decided to go for a run. I went for three kilometres which is nice as I am not tired. My leg muscles are also not tired so they are getting stronger.

Now I will sleep happily.",2026-10-02_18-00-48_hk_1790956848.fit,870,2026-10-02T16:15:25.000Z,876.000,1998.61,146,174,76,2.481,29.31,50.825484,4.396014
2026-10-02,Running,Evening Run,"Finished work a bit early today so decided to go for a run. I went for three kilometres which is nice as I am not tired. My leg muscles are also not tired so they are getting stronger.

Now I will sleep happily.",2026-10-02_18-00-48_hk_1790956848.fit,871,2026-10-02T16:15:26.000Z,877.000,2000.26,146,174,76,2.399,29.31,50.825502,4.39605
2026-10-02,Running,Evening Run,"Finished work a bit early today so decided to go for a run. I went for three kilometres which is nice as I am not tired. My leg muscles are also not tired so they are getting stronger.

Now I will sleep happily.",2026-10-02_18-00-48_hk_1790956848.fit,872,2026-10-02T16:15:27.000Z,878.000,2001.92,146,173,76,2.365,29.31,50.825484,4.396086
2026-10-02,Running,Evening Run,"Finished work a bit early today so decided to go for a run. I went for three kilometres which is nice as I am not tired. My leg muscles are also not tired so they are getting stronger.

Now I will sleep happily.",2026-10-02_18-00-48_hk_1790956848.fit,873,2026-10-02T16:15:28.000Z,879.000,2004.52,146,173,76,2.329,29.31,50.825484,4.396104
2026-10-02,Running,Evening Run,"Finished work a bit early today so decided to go for a run. I went for three kilometres which is nice as I am not tired. My leg muscles are also not tired so they are getting stronger.

Now I will sleep happily.",2026-10-02_18-00-48_hk_1790956848.fit,874,2026-10-02T16:15:29.000Z,880.000,2007.12,146,172,76,2.408,29.31,50.825466,4.39614
2026-10-02,Running,Evening Run,"Finished work a bit early today so decided to go for a run. I went for three kilometres which is nice as I am not tired. My leg muscles are also not tired so they are getting stronger.

Now I will sleep happily.",2026-10-02_18-00-48_hk_1790956848.fit,875,2026-10-02T16:15:30.000Z,881.000,2008.9,145,172,76,2.415,29.31,50.825466,4.396158
2026-10-02,Running,Evening Run,"Finished work a bit early today so decided to go for a run. I went for three kilometres which is nice as I am not tired. My leg muscles are also not tired so they are getting stronger.

Now I will sleep happily.",2026-10-02_18-00-48_hk_1790956848.fit,876,2026-10-02T16:15:31.000Z,882.000,2010.69,145,172,76,2.387,29.31,50.825448,4.396176
2026-10-02,Running,Evening Run,"Finished work a bit early today so decided to go for a run. I went for three kilometres which is nice as I am not tired. My leg muscles are also not tired so they are getting stronger.

Now I will sleep happily.",2026-10-02_18-00-48_hk_1790956848.fit,877,2026-10-02T16:15:32.000Z,883.000,2012.47,145,171,76,2.303,29.31,50.82543,4.396212
2026-10-02,Running,Evening Run,"Finished work a bit early today so decided to go for a run. I went for three kilometres which is nice as I am not tired. My leg muscles are also not tired so they are getting stronger.

Now I will sleep happily.",2026-10-02_18-00-48_hk_1790956848.fit,878,2026-10-02T16:15:33.000Z,884.000,2015.93,145,171,76,2.295,29.31,50.825412,4.39623
2026-10-02,Running,Evening Run,"Finished work a bit early today so decided to go for a run. I went for three kilometres which is nice as I am not tired. My leg muscles are also not tired so they are getting stronger.

Now I will sleep happily.",2026-10-02_18-00-48_hk_1790956848.fit,879,2026-10-02T16:15:34.000Z,885.000,2019.39,143,172,76,2.408,29.32,50.825394,4.396248
2026-10-02,Running,Evening Run,"Finished work a bit early today so decided to go for a run. I went for three kilometres which is nice as I am not tired. My leg muscles are also not tired so they are getting stronger.

Now I will sleep happily.",2026-10-02_18-00-48_hk_1790956848.fit,880,2026-10-02T16:15:35.000Z,886.000,2021.38,143,172,76,2.423,29.32,50.825376,4.396266
2026-10-02,Running,Evening Run,"Finished work a bit early today so decided to go for a run. I went for three kilometres which is nice as I am not tired. My leg muscles are also not tired so they are getting stronger.

Now I will sleep happily.",2026-10-02_18-00-48_hk_1790956848.fit,881,2026-10-02T16:15:36.000Z,887.000,2023.38,143,172,76,2.426,29.32,50.825358,4.396284
2026-10-02,Running,Evening Run,"Finished work a bit early today so decided to go for a run. I went for three kilometres which is nice as I am not tired. My leg muscles are also not tired so they are getting stronger.

Now I will sleep happily.",2026-10-02_18-00-48_hk_1790956848.fit,882,2026-10-02T16:15:37.000Z,888.000,2025.38,143,174,76,2.429,29.31,50.82534,4.396302
2026-10-02,Running,Evening Run,"Finished work a bit early today so decided to go for a run. I went for three kilometres which is nice as I am not tired. My leg muscles are also not tired so they are getting stronger.

Now I will sleep happily.",2026-10-02_18-00-48_hk_1790956848.fit,883,2026-10-02T16:15:38.000Z,889.000,2026.92,143,174,76,2.41,29.31,50.825322,4.39632
2026-10-02,Running,Evening Run,"Finished work a bit early today so decided to go for a run. I went for three kilometres which is nice as I am not tired. My leg muscles are also not tired so they are getting stronger.

Now I will sleep happily.",2026-10-02_18-00-48_hk_1790956848.fit,884,2026-10-02T16:15:39.000Z,890.000,2028.46,143,174,76,2.371,29.31,50.825304,4.39632
2026-10-02,Running,Evening Run,"Finished work a bit early today so decided to go for a run. I went for three kilometres which is nice as I am not tired. My leg muscles are also not tired so they are getting stronger.

Now I will sleep happily.",2026-10-02_18-00-48_hk_1790956848.fit,885,2026-10-02T16:15:40.000Z,891.000,2030.01,143,170,76,2.289,29.31,50.825286,4.396338
2026-10-02,Running,Evening Run,"Finished work a bit early today so decided to go for a run. I went for three kilometres which is nice as I am not tired. My leg muscles are also not tired so they are getting stronger.

Now I will sleep happily.",2026-10-02_18-00-48_hk_1790956848.fit,886,2026-10-02T16:15:41.000Z,892.000,2032.55,143,170,76,2.3,29.31,50.825286,4.396356
2026-10-02,Running,Evening Run,"Finished work a bit early today so decided to go for a run. I went for three kilometres which is nice as I am not tired. My leg muscles are also not tired so they are getting stronger.

Now I will sleep happily.",2026-10-02_18-00-48_hk_1790956848.fit,887,2026-10-02T16:15:42.000Z,893.000,2035.1,143,169,76,2.274,29.31,50.825268,4.396374
2026-10-02,Running,Evening Run,"Finished work a bit early today so decided to go for a run. I went for three kilometres which is nice as I am not tired. My leg muscles are also not tired so they are getting stronger.

Now I will sleep happily.",2026-10-02_18-00-48_hk_1790956848.fit,888,2026-10-02T16:15:43.000Z,894.000,2036.73,143,169,76,2.247,29.31,50.82525,4.39641
2026-10-02,Running,Evening Run,"Finished work a bit early today so decided to go for a run. I went for three kilometres which is nice as I am not tired. My leg muscles are also not tired so they are getting stronger.

Now I will sleep happily.",2026-10-02_18-00-48_hk_1790956848.fit,889,2026-10-02T16:15:44.000Z,895.000,2038.36,143,169,76,2.227,29.31,50.825232,4.396428
2026-10-02,Running,Evening Run,"Finished work a bit early today so decided to go for a run. I went for three kilometres which is nice as I am not tired. My leg muscles are also not tired so they are getting stronger.

Now I will sleep happily.",2026-10-02_18-00-48_hk_1790956848.fit,890,2026-10-02T16:15:45.000Z,896.000,2039.99,143,165,76,2.208,29.31,50.825232,4.396446
2026-10-02,Running,Evening Run,"Finished work a bit early today so decided to go for a run. I went for three kilometres which is nice as I am not tired. My leg muscles are also not tired so they are getting stronger.

Now I will sleep happily.",2026-10-02_18-00-48_hk_1790956848.fit,891,2026-10-02T16:15:46.000Z,897.000,2043.59,143,165,77,2.196,29.31,50.825214,4.396464
2026-10-02,Running,Evening Run,"Finished work a bit early today so decided to go for a run. I went for three kilometres which is nice as I am not tired. My leg muscles are also not tired so they are getting stronger.

Now I will sleep happily.",2026-10-02_18-00-48_hk_1790956848.fit,892,2026-10-02T16:15:47.000Z,898.000,2047.19,143,168,77,2.184,29.31,50.825196,4.396482
2026-10-02,Running,Evening Run,"Finished work a bit early today so decided to go for a run. I went for three kilometres which is nice as I am not tired. My leg muscles are also not tired so they are getting stronger.

Now I will sleep happily.",2026-10-02_18-00-48_hk_1790956848.fit,893,2026-10-02T16:15:48.000Z,899.000,2049.05,144,168,77,2.193,29.31,50.825178,4.3965
2026-10-02,Running,Evening Run,"Finished work a bit early today so decided to go for a run. I went for three kilometres which is nice as I am not tired. My leg muscles are also not tired so they are getting stronger.

Now I will sleep happily.",2026-10-02_18-00-48_hk_1790956848.fit,894,2026-10-02T16:15:49.000Z,900.000,2050.91,144,168,78,2.202,29.32,50.825178,4.396536
2026-10-02,Running,Evening Run,"Finished work a bit early today so decided to go for a run. I went for three kilometres which is nice as I am not tired. My leg muscles are also not tired so they are getting stronger.

Now I will sleep happily.",2026-10-02_18-00-48_hk_1790956848.fit,895,2026-10-02T16:15:50.000Z,901.000,2052.76,144,169,78,2.211,29.32,50.82516,4.396554
2026-10-02,Running,Evening Run,"Finished work a bit early today so decided to go for a run. I went for three kilometres which is nice as I am not tired. My leg muscles are also not tired so they are getting stronger.

Now I will sleep happily.",2026-10-02_18-00-48_hk_1790956848.fit,896,2026-10-02T16:15:51.000Z,902.000,2055.8,144,169,78,2.23,29.32,50.825142,4.396572
2026-10-02,Running,Evening Run,"Finished work a bit early today so decided to go for a run. I went for three kilometres which is nice as I am not tired. My leg muscles are also not tired so they are getting stronger.

Now I will sleep happily.",2026-10-02_18-00-48_hk_1790956848.fit,897,2026-10-02T16:15:52.000Z,903.000,2058.83,144,168,78,2.248,29.32,50.825124,4.396608
2026-10-02,Running,Evening Run,"Finished work a bit early today so decided to go for a run. I went for three kilometres which is nice as I am not tired. My leg muscles are also not tired so they are getting stronger.

Now I will sleep happily.",2026-10-02_18-00-48_hk_1790956848.fit,898,2026-10-02T16:15:53.000Z,904.000,2061.13,144,168,78,2.293,29.32,50.825106,4.396626
2026-10-02,Running,Evening Run,"Finished work a bit early today so decided to go for a run. I went for three kilometres which is nice as I am not tired. My leg muscles are also not tired so they are getting stronger.

Now I will sleep happily.",2026-10-02_18-00-48_hk_1790956848.fit,899,2026-10-02T16:15:54.000Z,905.000,2063.43,144,168,78,2.316,29.32,50.825088,4.396644
2026-10-02,Running,Evening Run,"Finished work a bit early today so decided to go for a run. I went for three kilometres which is nice as I am not tired. My leg muscles are also not tired so they are getting stronger.

Now I will sleep happily.",2026-10-02_18-00-48_hk_1790956848.fit,900,2026-10-02T16:15:55.000Z,906.000,2065.73,144,172,77,2.315,29.32,50.82507,4.39668
2026-10-02,Running,Evening Run,"Finished work a bit early today so decided to go for a run. I went for three kilometres which is nice as I am not tired. My leg muscles are also not tired so they are getting stronger.

Now I will sleep happily.",2026-10-02_18-00-48_hk_1790956848.fit,901,2026-10-02T16:15:56.000Z,907.000,2067.54,144,172,77,2.244,29.32,50.82507,4.396698
2026-10-02,Running,Evening Run,"Finished work a bit early today so decided to go for a run. I went for three kilometres which is nice as I am not tired. My leg muscles are also not tired so they are getting stronger.

Now I will sleep happily.",2026-10-02_18-00-48_hk_1790956848.fit,902,2026-10-02T16:15:57.000Z,908.000,2069.35,144,172,77,2.226,29.32,50.825052,4.396734
2026-10-02,Running,Evening Run,"Finished work a bit early today so decided to go for a run. I went for three kilometres which is nice as I am not tired. My leg muscles are also not tired so they are getting stronger.

Now I will sleep happily.",2026-10-02_18-00-48_hk_1790956848.fit,903,2026-10-02T16:15:58.000Z,909.000,2071.15,146,171,76,2.157,29.31,50.825034,4.396752
2026-10-02,Running,Evening Run,"Finished work a bit early today so decided to go for a run. I went for three kilometres which is nice as I am not tired. My leg muscles are also not tired so they are getting stronger.

Now I will sleep happily.",2026-10-02_18-00-48_hk_1790956848.fit,904,2026-10-02T16:15:59.000Z,910.000,2073.89,146,171,76,2.196,29.31,50.825016,4.396788
2026-10-02,Running,Evening Run,"Finished work a bit early today so decided to go for a run. I went for three kilometres which is nice as I am not tired. My leg muscles are also not tired so they are getting stronger.

Now I will sleep happily.",2026-10-02_18-00-48_hk_1790956848.fit,905,2026-10-02T16:16:00.000Z,911.000,2076.62,146,173,76,2.228,29.31,50.824998,4.396806
2026-10-02,Running,Evening Run,"Finished work a bit early today so decided to go for a run. I went for three kilometres which is nice as I am not tired. My leg muscles are also not tired so they are getting stronger.

Now I will sleep happily.",2026-10-02_18-00-48_hk_1790956848.fit,906,2026-10-02T16:16:01.000Z,912.000,2078.68,147,173,76,2.283,29.31,50.824998,4.396824
2026-10-02,Running,Evening Run,"Finished work a bit early today so decided to go for a run. I went for three kilometres which is nice as I am not tired. My leg muscles are also not tired so they are getting stronger.

Now I will sleep happily.",2026-10-02_18-00-48_hk_1790956848.fit,907,2026-10-02T16:16:02.000Z,913.000,2080.74,147,173,76,2.306,29.31,50.82498,4.39686
2026-10-02,Running,Evening Run,"Finished work a bit early today so decided to go for a run. I went for three kilometres which is nice as I am not tired. My leg muscles are also not tired so they are getting stronger.

Now I will sleep happily.",2026-10-02_18-00-48_hk_1790956848.fit,908,2026-10-02T16:16:03.000Z,914.000,2082.79,147,172,76,2.284,29.31,50.824962,4.396878
2026-10-02,Running,Evening Run,"Finished work a bit early today so decided to go for a run. I went for three kilometres which is nice as I am not tired. My leg muscles are also not tired so they are getting stronger.

Now I will sleep happily.",2026-10-02_18-00-48_hk_1790956848.fit,909,2026-10-02T16:16:04.000Z,915.000,2084.49,147,172,77,2.258,29.31,50.824944,4.396896
2026-10-02,Running,Evening Run,"Finished work a bit early today so decided to go for a run. I went for three kilometres which is nice as I am not tired. My leg muscles are also not tired so they are getting stronger.

Now I will sleep happily.",2026-10-02_18-00-48_hk_1790956848.fit,910,2026-10-02T16:16:05.000Z,916.000,2086.18,147,165,77,2.221,29.31,50.824926,4.396914
2026-10-02,Running,Evening Run,"Finished work a bit early today so decided to go for a run. I went for three kilometres which is nice as I am not tired. My leg muscles are also not tired so they are getting stronger.

Now I will sleep happily.",2026-10-02_18-00-48_hk_1790956848.fit,911,2026-10-02T16:16:06.000Z,917.000,2087.79,147,165,77,2.22,29.31,50.824926,4.39695
2026-10-02,Running,Evening Run,"Finished work a bit early today so decided to go for a run. I went for three kilometres which is nice as I am not tired. My leg muscles are also not tired so they are getting stronger.

Now I will sleep happily.",2026-10-02_18-00-48_hk_1790956848.fit,912,2026-10-02T16:16:07.000Z,918.000,2089.4,147,165,78,2.219,29.31,50.824908,4.396968
2026-10-02,Running,Evening Run,"Finished work a bit early today so decided to go for a run. I went for three kilometres which is nice as I am not tired. My leg muscles are also not tired so they are getting stronger.

Now I will sleep happily.",2026-10-02_18-00-48_hk_1790956848.fit,913,2026-10-02T16:16:08.000Z,919.000,2091.01,147,165,78,2.218,29.31,50.82489,4.396986
2026-10-02,Running,Evening Run,"Finished work a bit early today so decided to go for a run. I went for three kilometres which is nice as I am not tired. My leg muscles are also not tired so they are getting stronger.

Now I will sleep happily.",2026-10-02_18-00-48_hk_1790956848.fit,914,2026-10-02T16:16:09.000Z,920.000,2095.58,147,165,78,2.26,29.31,50.824872,4.397004
2026-10-02,Running,Evening Run,"Finished work a bit early today so decided to go for a run. I went for three kilometres which is nice as I am not tired. My leg muscles are also not tired so they are getting stronger.

Now I will sleep happily.",2026-10-02_18-00-48_hk_1790956848.fit,915,2026-10-02T16:16:10.000Z,921.000,2100.15,147,173,78,2.323,29.31,50.824854,4.39704
2026-10-02,Running,Evening Run,"Finished work a bit early today so decided to go for a run. I went for three kilometres which is nice as I am not tired. My leg muscles are also not tired so they are getting stronger.

Now I will sleep happily.",2026-10-02_18-00-48_hk_1790956848.fit,916,2026-10-02T16:16:11.000Z,922.000,2101.65,147,173,78,2.306,29.31,50.824836,4.397058
2026-10-02,Running,Evening Run,"Finished work a bit early today so decided to go for a run. I went for three kilometres which is nice as I am not tired. My leg muscles are also not tired so they are getting stronger.

Now I will sleep happily.",2026-10-02_18-00-48_hk_1790956848.fit,917,2026-10-02T16:16:12.000Z,923.000,2103.15,147,173,78,2.29,29.31,50.824818,4.397076
2026-10-02,Running,Evening Run,"Finished work a bit early today so decided to go for a run. I went for three kilometres which is nice as I am not tired. My leg muscles are also not tired so they are getting stronger.

Now I will sleep happily.",2026-10-02_18-00-48_hk_1790956848.fit,918,2026-10-02T16:16:13.000Z,924.000,2104.64,147,171,76,2.256,29.31,50.8248,4.397112
2026-10-02,Running,Evening Run,"Finished work a bit early today so decided to go for a run. I went for three kilometres which is nice as I am not tired. My leg muscles are also not tired so they are getting stronger.

Now I will sleep happily.",2026-10-02_18-00-48_hk_1790956848.fit,919,2026-10-02T16:16:14.000Z,925.000,2107.28,147,171,76,2.238,29.31,50.8248,4.39713
2026-10-02,Running,Evening Run,"Finished work a bit early today so decided to go for a run. I went for three kilometres which is nice as I am not tired. My leg muscles are also not tired so they are getting stronger.

Now I will sleep happily.",2026-10-02_18-00-48_hk_1790956848.fit,920,2026-10-02T16:16:15.000Z,926.000,2109.92,147,168,76,2.221,29.31,50.824782,4.397148
2026-10-02,Running,Evening Run,"Finished work a bit early today so decided to go for a run. I went for three kilometres which is nice as I am not tired. My leg muscles are also not tired so they are getting stronger.

Now I will sleep happily.",2026-10-02_18-00-48_hk_1790956848.fit,921,2026-10-02T16:16:16.000Z,927.000,2111.4,147,168,76,2.186,29.32,50.824764,4.397166
2026-10-02,Running,Evening Run,"Finished work a bit early today so decided to go for a run. I went for three kilometres which is nice as I am not tired. My leg muscles are also not tired so they are getting stronger.

Now I will sleep happily.",2026-10-02_18-00-48_hk_1790956848.fit,922,2026-10-02T16:16:17.000Z,928.000,2112.88,147,168,76,2.156,29.32,50.824746,4.397202
2026-10-02,Running,Evening Run,"Finished work a bit early today so decided to go for a run. I went for three kilometres which is nice as I am not tired. My leg muscles are also not tired so they are getting stronger.

Now I will sleep happily.",2026-10-02_18-00-48_hk_1790956848.fit,923,2026-10-02T16:16:18.000Z,929.000,2114.37,147,166,76,2.122,29.32,50.824728,4.39722
2026-10-02,Running,Evening Run,"Finished work a bit early today so decided to go for a run. I went for three kilometres which is nice as I am not tired. My leg muscles are also not tired so they are getting stronger.

Now I will sleep happily.",2026-10-02_18-00-48_hk_1790956848.fit,924,2026-10-02T16:16:19.000Z,930.000,2116.28,147,166,76,2.106,29.32,50.824728,4.397238
2026-10-02,Running,Evening Run,"Finished work a bit early today so decided to go for a run. I went for three kilometres which is nice as I am not tired. My leg muscles are also not tired so they are getting stronger.

Now I will sleep happily.",2026-10-02_18-00-48_hk_1790956848.fit,925,2026-10-02T16:16:20.000Z,931.000,2118.2,147,166,76,2.111,29.32,50.82471,4.397256
2026-10-02,Running,Evening Run,"Finished work a bit early today so decided to go for a run. I went for three kilometres which is nice as I am not tired. My leg muscles are also not tired so they are getting stronger.

Now I will sleep happily.",2026-10-02_18-00-48_hk_1790956848.fit,926,2026-10-02T16:16:21.000Z,932.000,2120.11,147,166,76,2.115,29.32,50.824692,4.397274
2026-10-02,Running,Evening Run,"Finished work a bit early today so decided to go for a run. I went for three kilometres which is nice as I am not tired. My leg muscles are also not tired so they are getting stronger.

Now I will sleep happily.",2026-10-02_18-00-48_hk_1790956848.fit,927,2026-10-02T16:16:22.000Z,933.000,2123.99,147,166,77,2.178,29.32,50.824674,4.39731
2026-10-02,Running,Evening Run,"Finished work a bit early today so decided to go for a run. I went for three kilometres which is nice as I am not tired. My leg muscles are also not tired so they are getting stronger.

Now I will sleep happily.",2026-10-02_18-00-48_hk_1790956848.fit,928,2026-10-02T16:16:23.000Z,934.000,2127.87,147,168,77,2.228,29.32,50.824656,4.397328
2026-10-02,Running,Evening Run,"Finished work a bit early today so decided to go for a run. I went for three kilometres which is nice as I am not tired. My leg muscles are also not tired so they are getting stronger.

Now I will sleep happily.",2026-10-02_18-00-48_hk_1790956848.fit,929,2026-10-02T16:16:24.000Z,935.000,2129.65,148,168,77,2.216,29.32,50.824656,4.397346
2026-10-02,Running,Evening Run,"Finished work a bit early today so decided to go for a run. I went for three kilometres which is nice as I am not tired. My leg muscles are also not tired so they are getting stronger.

Now I will sleep happily.",2026-10-02_18-00-48_hk_1790956848.fit,930,2026-10-02T16:16:25.000Z,936.000,2131.44,148,168,77,2.204,29.33,50.824638,4.397364
2026-10-02,Running,Evening Run,"Finished work a bit early today so decided to go for a run. I went for three kilometres which is nice as I am not tired. My leg muscles are also not tired so they are getting stronger.

Now I will sleep happily.",2026-10-02_18-00-48_hk_1790956848.fit,931,2026-10-02T16:16:26.000Z,937.000,2133.22,148,169,77,2.192,29.33,50.82462,4.397382
2026-10-02,Running,Evening Run,"Finished work a bit early today so decided to go for a run. I went for three kilometres which is nice as I am not tired. My leg muscles are also not tired so they are getting stronger.

Now I will sleep happily.",2026-10-02_18-00-48_hk_1790956848.fit,932,2026-10-02T16:16:27.000Z,938.000,2135.64,148,169,77,2.224,29.33,50.824602,4.397418
2026-10-02,Running,Evening Run,"Finished work a bit early today so decided to go for a run. I went for three kilometres which is nice as I am not tired. My leg muscles are also not tired so they are getting stronger.

Now I will sleep happily.",2026-10-02_18-00-48_hk_1790956848.fit,933,2026-10-02T16:16:28.000Z,939.000,2138.06,148,166,78,2.285,29.33,50.824602,4.397436
2026-10-02,Running,Evening Run,"Finished work a bit early today so decided to go for a run. I went for three kilometres which is nice as I am not tired. My leg muscles are also not tired so they are getting stronger.

Now I will sleep happily.",2026-10-02_18-00-48_hk_1790956848.fit,934,2026-10-02T16:16:29.000Z,940.000,2139.77,148,166,78,2.29,29.33,50.824584,4.397454
2026-10-02,Running,Evening Run,"Finished work a bit early today so decided to go for a run. I went for three kilometres which is nice as I am not tired. My leg muscles are also not tired so they are getting stronger.

Now I will sleep happily.",2026-10-02_18-00-48_hk_1790956848.fit,935,2026-10-02T16:16:30.000Z,941.000,2141.48,148,166,78,2.294,29.33,50.824566,4.397472
2026-10-02,Running,Evening Run,"Finished work a bit early today so decided to go for a run. I went for three kilometres which is nice as I am not tired. My leg muscles are also not tired so they are getting stronger.

Now I will sleep happily.",2026-10-02_18-00-48_hk_1790956848.fit,936,2026-10-02T16:16:31.000Z,942.000,2143.19,148,167,76,2.269,29.33,50.824566,4.39749
2026-10-02,Running,Evening Run,"Finished work a bit early today so decided to go for a run. I went for three kilometres which is nice as I am not tired. My leg muscles are also not tired so they are getting stronger.

Now I will sleep happily.",2026-10-02_18-00-48_hk_1790956848.fit,937,2026-10-02T16:16:32.000Z,943.000,2146.73,148,167,76,2.224,29.33,50.824548,4.397508
2026-10-02,Running,Evening Run,"Finished work a bit early today so decided to go for a run. I went for three kilometres which is nice as I am not tired. My leg muscles are also not tired so they are getting stronger.

Now I will sleep happily.",2026-10-02_18-00-48_hk_1790956848.fit,938,2026-10-02T16:16:33.000Z,944.000,2150.27,147,167,76,2.179,29.33,50.82453,4.397526
2026-10-02,Running,Evening Run,"Finished work a bit early today so decided to go for a run. I went for three kilometres which is nice as I am not tired. My leg muscles are also not tired so they are getting stronger.

Now I will sleep happily.",2026-10-02_18-00-48_hk_1790956848.fit,939,2026-10-02T16:16:34.000Z,945.000,2152.42,147,167,76,2.207,29.33,50.824512,4.397562
2026-10-02,Running,Evening Run,"Finished work a bit early today so decided to go for a run. I went for three kilometres which is nice as I am not tired. My leg muscles are also not tired so they are getting stronger.

Now I will sleep happily.",2026-10-02_18-00-48_hk_1790956848.fit,940,2026-10-02T16:16:35.000Z,946.000,2154.56,147,167,76,2.235,29.33,50.824494,4.39758
2026-10-02,Running,Evening Run,"Finished work a bit early today so decided to go for a run. I went for three kilometres which is nice as I am not tired. My leg muscles are also not tired so they are getting stronger.

Now I will sleep happily.",2026-10-02_18-00-48_hk_1790956848.fit,941,2026-10-02T16:16:36.000Z,947.000,2156.7,147,168,76,2.263,29.33,50.824494,4.397598
2026-10-02,Running,Evening Run,"Finished work a bit early today so decided to go for a run. I went for three kilometres which is nice as I am not tired. My leg muscles are also not tired so they are getting stronger.

Now I will sleep happily.",2026-10-02_18-00-48_hk_1790956848.fit,942,2026-10-02T16:16:37.000Z,948.000,2159.18,147,168,78,2.256,29.34,50.824476,4.397616
2026-10-02,Running,Evening Run,"Finished work a bit early today so decided to go for a run. I went for three kilometres which is nice as I am not tired. My leg muscles are also not tired so they are getting stronger.

Now I will sleep happily.",2026-10-02_18-00-48_hk_1790956848.fit,943,2026-10-02T16:16:38.000Z,949.000,2161.65,147,168,78,2.284,29.34,50.824458,4.397634
2026-10-02,Running,Evening Run,"Finished work a bit early today so decided to go for a run. I went for three kilometres which is nice as I am not tired. My leg muscles are also not tired so they are getting stronger.

Now I will sleep happily.",2026-10-02_18-00-48_hk_1790956848.fit,944,2026-10-02T16:16:39.000Z,950.000,2163.36,147,168,78,2.294,29.34,50.82444,4.39767
2026-10-02,Running,Evening Run,"Finished work a bit early today so decided to go for a run. I went for three kilometres which is nice as I am not tired. My leg muscles are also not tired so they are getting stronger.

Now I will sleep happily.",2026-10-02_18-00-48_hk_1790956848.fit,945,2026-10-02T16:16:40.000Z,951.000,2165.07,147,168,78,2.305,29.34,50.824422,4.397688
2026-10-02,Running,Evening Run,"Finished work a bit early today so decided to go for a run. I went for three kilometres which is nice as I am not tired. My leg muscles are also not tired so they are getting stronger.

Now I will sleep happily.",2026-10-02_18-00-48_hk_1790956848.fit,946,2026-10-02T16:16:41.000Z,952.000,2166.78,147,165,78,2.295,29.34,50.824422,4.397706
2026-10-02,Running,Evening Run,"Finished work a bit early today so decided to go for a run. I went for three kilometres which is nice as I am not tired. My leg muscles are also not tired so they are getting stronger.

Now I will sleep happily.",2026-10-02_18-00-48_hk_1790956848.fit,947,2026-10-02T16:16:42.000Z,953.000,2168.66,147,165,78,2.293,29.34,50.824404,4.397724
2026-10-02,Running,Evening Run,"Finished work a bit early today so decided to go for a run. I went for three kilometres which is nice as I am not tired. My leg muscles are also not tired so they are getting stronger.

Now I will sleep happily.",2026-10-02_18-00-48_hk_1790956848.fit,948,2026-10-02T16:16:43.000Z,954.000,2170.53,146,165,77,2.291,29.34,50.824386,4.397742
2026-10-02,Running,Evening Run,"Finished work a bit early today so decided to go for a run. I went for three kilometres which is nice as I am not tired. My leg muscles are also not tired so they are getting stronger.

Now I will sleep happily.",2026-10-02_18-00-48_hk_1790956848.fit,949,2026-10-02T16:16:44.000Z,955.000,2172.4,146,164,77,2.273,29.35,50.824386,4.39776
2026-10-02,Running,Evening Run,"Finished work a bit early today so decided to go for a run. I went for three kilometres which is nice as I am not tired. My leg muscles are also not tired so they are getting stronger.

Now I will sleep happily.",2026-10-02_18-00-48_hk_1790956848.fit,950,2026-10-02T16:16:45.000Z,956.000,2175.67,146,164,77,2.247,29.35,50.824368,4.397778
2026-10-02,Running,Evening Run,"Finished work a bit early today so decided to go for a run. I went for three kilometres which is nice as I am not tired. My leg muscles are also not tired so they are getting stronger.

Now I will sleep happily.",2026-10-02_18-00-48_hk_1790956848.fit,951,2026-10-02T16:16:46.000Z,957.000,2178.95,146,164,76,2.221,29.35,50.82435,4.397796
2026-10-02,Running,Evening Run,"Finished work a bit early today so decided to go for a run. I went for three kilometres which is nice as I am not tired. My leg muscles are also not tired so they are getting stronger.

Now I will sleep happily.",2026-10-02_18-00-48_hk_1790956848.fit,952,2026-10-02T16:16:47.000Z,958.000,2180.64,146,164,76,2.217,29.35,50.824332,4.397814
2026-10-02,Running,Evening Run,"Finished work a bit early today so decided to go for a run. I went for three kilometres which is nice as I am not tired. My leg muscles are also not tired so they are getting stronger.

Now I will sleep happily.",2026-10-02_18-00-48_hk_1790956848.fit,953,2026-10-02T16:16:48.000Z,959.000,2182.33,148,164,76,2.213,29.35,50.824314,4.39785
2026-10-02,Running,Evening Run,"Finished work a bit early today so decided to go for a run. I went for three kilometres which is nice as I am not tired. My leg muscles are also not tired so they are getting stronger.

Now I will sleep happily.",2026-10-02_18-00-48_hk_1790956848.fit,954,2026-10-02T16:16:49.000Z,960.000,2184.01,148,163,76,2.209,29.35,50.824314,4.397868
2026-10-02,Running,Evening Run,"Finished work a bit early today so decided to go for a run. I went for three kilometres which is nice as I am not tired. My leg muscles are also not tired so they are getting stronger.

Now I will sleep happily.",2026-10-02_18-00-48_hk_1790956848.fit,955,2026-10-02T16:16:50.000Z,961.000,2186.37,148,163,76,2.206,29.35,50.824296,4.397886
2026-10-02,Running,Evening Run,"Finished work a bit early today so decided to go for a run. I went for three kilometres which is nice as I am not tired. My leg muscles are also not tired so they are getting stronger.

Now I will sleep happily.",2026-10-02_18-00-48_hk_1790956848.fit,956,2026-10-02T16:16:51.000Z,962.000,2188.72,148,159,76,2.202,29.35,50.824278,4.397904
2026-10-02,Running,Evening Run,"Finished work a bit early today so decided to go for a run. I went for three kilometres which is nice as I am not tired. My leg muscles are also not tired so they are getting stronger.

Now I will sleep happily.",2026-10-02_18-00-48_hk_1790956848.fit,957,2026-10-02T16:16:52.000Z,963.000,2190.99,148,159,76,2.227,29.35,50.82426,4.397922
2026-10-02,Running,Evening Run,"Finished work a bit early today so decided to go for a run. I went for three kilometres which is nice as I am not tired. My leg muscles are also not tired so they are getting stronger.

Now I will sleep happily.",2026-10-02_18-00-48_hk_1790956848.fit,958,2026-10-02T16:16:53.000Z,964.000,2193.26,152,159,76,2.276,29.35,50.824242,4.39794
2026-10-02,Running,Evening Run,"Finished work a bit early today so decided to go for a run. I went for three kilometres which is nice as I am not tired. My leg muscles are also not tired so they are getting stronger.

Now I will sleep happily.",2026-10-02_18-00-48_hk_1790956848.fit,959,2026-10-02T16:16:54.000Z,965.000,2195.52,152,150,76,2.275,29.36,50.824242,4.397958
2026-10-02,Running,Evening Run,"Finished work a bit early today so decided to go for a run. I went for three kilometres which is nice as I am not tired. My leg muscles are also not tired so they are getting stronger.

Now I will sleep happily.",2026-10-02_18-00-48_hk_1790956848.fit,960,2026-10-02T16:16:55.000Z,966.000,2198.38,152,150,70,2.246,29.36,50.824224,4.397976
2026-10-02,Running,Evening Run,"Finished work a bit early today so decided to go for a run. I went for three kilometres which is nice as I am not tired. My leg muscles are also not tired so they are getting stronger.

Now I will sleep happily.",2026-10-02_18-00-48_hk_1790956848.fit,961,2026-10-02T16:16:56.000Z,967.000,2201.24,152,158,70,2.216,29.36,50.824206,4.398012
2026-10-02,Running,Evening Run,"Finished work a bit early today so decided to go for a run. I went for three kilometres which is nice as I am not tired. My leg muscles are also not tired so they are getting stronger.

Now I will sleep happily.",2026-10-02_18-00-48_hk_1790956848.fit,962,2026-10-02T16:16:57.000Z,968.000,2203.06,152,158,70,2.202,29.36,50.824188,4.39803
2026-10-02,Running,Evening Run,"Finished work a bit early today so decided to go for a run. I went for three kilometres which is nice as I am not tired. My leg muscles are also not tired so they are getting stronger.

Now I will sleep happily.",2026-10-02_18-00-48_hk_1790956848.fit,963,2026-10-02T16:16:58.000Z,969.000,2204.87,151,158,70,2.188,29.36,50.82417,4.398048
2026-10-02,Running,Evening Run,"Finished work a bit early today so decided to go for a run. I went for three kilometres which is nice as I am not tired. My leg muscles are also not tired so they are getting stronger.

Now I will sleep happily.",2026-10-02_18-00-48_hk_1790956848.fit,964,2026-10-02T16:16:59.000Z,970.000,2206.69,151,164,70,2.172,29.36,50.824152,4.398066
2026-10-02,Running,Evening Run,"Finished work a bit early today so decided to go for a run. I went for three kilometres which is nice as I am not tired. My leg muscles are also not tired so they are getting stronger.

Now I will sleep happily.",2026-10-02_18-00-48_hk_1790956848.fit,965,2026-10-02T16:17:00.000Z,971.000,2208.56,151,164,70,2.161,29.36,50.824152,4.398084
2026-10-02,Running,Evening Run,"Finished work a bit early today so decided to go for a run. I went for three kilometres which is nice as I am not tired. My leg muscles are also not tired so they are getting stronger.

Now I will sleep happily.",2026-10-02_18-00-48_hk_1790956848.fit,966,2026-10-02T16:17:01.000Z,972.000,2210.44,151,164,70,2.136,29.36,50.824134,4.39812
2026-10-02,Running,Evening Run,"Finished work a bit early today so decided to go for a run. I went for three kilometres which is nice as I am not tired. My leg muscles are also not tired so they are getting stronger.

Now I will sleep happily.",2026-10-02_18-00-48_hk_1790956848.fit,967,2026-10-02T16:17:02.000Z,973.000,2212.31,151,161,70,2.111,29.36,50.824116,4.398138
2026-10-02,Running,Evening Run,"Finished work a bit early today so decided to go for a run. I went for three kilometres which is nice as I am not tired. My leg muscles are also not tired so they are getting stronger.

Now I will sleep happily.",2026-10-02_18-00-48_hk_1790956848.fit,968,2026-10-02T16:17:03.000Z,974.000,2214.87,155,161,70,2.146,29.36,50.824098,4.398156
2026-10-02,Running,Evening Run,"Finished work a bit early today so decided to go for a run. I went for three kilometres which is nice as I am not tired. My leg muscles are also not tired so they are getting stronger.

Now I will sleep happily.",2026-10-02_18-00-48_hk_1790956848.fit,969,2026-10-02T16:17:04.000Z,975.000,2217.43,155,158,76,2.202,29.36,50.824098,4.398174
2026-10-02,Running,Evening Run,"Finished work a bit early today so decided to go for a run. I went for three kilometres which is nice as I am not tired. My leg muscles are also not tired so they are getting stronger.

Now I will sleep happily.",2026-10-02_18-00-48_hk_1790956848.fit,970,2026-10-02T16:17:05.000Z,976.000,2219.55,155,158,76,2.213,29.36,50.82408,4.398192
2026-10-02,Running,Evening Run,"Finished work a bit early today so decided to go for a run. I went for three kilometres which is nice as I am not tired. My leg muscles are also not tired so they are getting stronger.

Now I will sleep happily.",2026-10-02_18-00-48_hk_1790956848.fit,971,2026-10-02T16:17:06.000Z,977.000,2221.67,155,158,76,2.224,29.36,50.824062,4.39821
2026-10-02,Running,Evening Run,"Finished work a bit early today so decided to go for a run. I went for three kilometres which is nice as I am not tired. My leg muscles are also not tired so they are getting stronger.

Now I will sleep happily.",2026-10-02_18-00-48_hk_1790956848.fit,972,2026-10-02T16:17:07.000Z,978.000,2223.8,155,160,76,2.235,29.37,50.824044,4.398246
2026-10-02,Running,Evening Run,"Finished work a bit early today so decided to go for a run. I went for three kilometres which is nice as I am not tired. My leg muscles are also not tired so they are getting stronger.

Now I will sleep happily.",2026-10-02_18-00-48_hk_1790956848.fit,973,2026-10-02T16:17:08.000Z,979.000,2226.42,155,160,76,2.206,29.37,50.824026,4.398264
2026-10-02,Running,Evening Run,"Finished work a bit early today so decided to go for a run. I went for three kilometres which is nice as I am not tired. My leg muscles are also not tired so they are getting stronger.

Now I will sleep happily.",2026-10-02_18-00-48_hk_1790956848.fit,974,2026-10-02T16:17:09.000Z,980.000,2229.05,155,160,76,2.178,29.37,50.824026,4.398282
2026-10-02,Running,Evening Run,"Finished work a bit early today so decided to go for a run. I went for three kilometres which is nice as I am not tired. My leg muscles are also not tired so they are getting stronger.

Now I will sleep happily.",2026-10-02_18-00-48_hk_1790956848.fit,975,2026-10-02T16:17:10.000Z,981.000,2231.13,154,160,76,2.195,29.37,50.824008,4.3983
2026-10-02,Running,Evening Run,"Finished work a bit early today so decided to go for a run. I went for three kilometres which is nice as I am not tired. My leg muscles are also not tired so they are getting stronger.

Now I will sleep happily.",2026-10-02_18-00-48_hk_1790956848.fit,976,2026-10-02T16:17:11.000Z,982.000,2233.22,154,160,76,2.213,29.37,50.82399,4.398318
2026-10-02,Running,Evening Run,"Finished work a bit early today so decided to go for a run. I went for three kilometres which is nice as I am not tired. My leg muscles are also not tired so they are getting stronger.

Now I will sleep happily.",2026-10-02_18-00-48_hk_1790956848.fit,977,2026-10-02T16:17:12.000Z,983.000,2235.3,154,161,76,2.23,29.37,50.823972,4.398336
2026-10-02,Running,Evening Run,"Finished work a bit early today so decided to go for a run. I went for three kilometres which is nice as I am not tired. My leg muscles are also not tired so they are getting stronger.

Now I will sleep happily.",2026-10-02_18-00-48_hk_1790956848.fit,978,2026-10-02T16:17:13.000Z,984.000,2237.74,154,161,76,2.234,29.37,50.823954,4.398372
2026-10-02,Running,Evening Run,"Finished work a bit early today so decided to go for a run. I went for three kilometres which is nice as I am not tired. My leg muscles are also not tired so they are getting stronger.

Now I will sleep happily.",2026-10-02_18-00-48_hk_1790956848.fit,979,2026-10-02T16:17:14.000Z,985.000,2240.18,154,161,76,2.237,29.37,50.823936,4.39839
2026-10-02,Running,Evening Run,"Finished work a bit early today so decided to go for a run. I went for three kilometres which is nice as I am not tired. My leg muscles are also not tired so they are getting stronger.

Now I will sleep happily.",2026-10-02_18-00-48_hk_1790956848.fit,980,2026-10-02T16:17:15.000Z,986.000,2242.15,154,161,76,2.224,29.37,50.823936,4.398408
2026-10-02,Running,Evening Run,"Finished work a bit early today so decided to go for a run. I went for three kilometres which is nice as I am not tired. My leg muscles are also not tired so they are getting stronger.

Now I will sleep happily.",2026-10-02_18-00-48_hk_1790956848.fit,981,2026-10-02T16:17:16.000Z,987.000,2244.11,154,161,76,2.211,29.37,50.823918,4.398426
2026-10-02,Running,Evening Run,"Finished work a bit early today so decided to go for a run. I went for three kilometres which is nice as I am not tired. My leg muscles are also not tired so they are getting stronger.

Now I will sleep happily.",2026-10-02_18-00-48_hk_1790956848.fit,982,2026-10-02T16:17:17.000Z,988.000,2246.07,154,160,76,2.198,29.38,50.8239,4.398444
2026-10-02,Running,Evening Run,"Finished work a bit early today so decided to go for a run. I went for three kilometres which is nice as I am not tired. My leg muscles are also not tired so they are getting stronger.

Now I will sleep happily.",2026-10-02_18-00-48_hk_1790956848.fit,983,2026-10-02T16:17:18.000Z,989.000,2248.45,154,160,76,2.177,29.38,50.823882,4.398462
2026-10-02,Running,Evening Run,"Finished work a bit early today so decided to go for a run. I went for three kilometres which is nice as I am not tired. My leg muscles are also not tired so they are getting stronger.

Now I will sleep happily.",2026-10-02_18-00-48_hk_1790956848.fit,984,2026-10-02T16:17:19.000Z,990.000,2250.82,154,159,76,2.185,29.38,50.823882,4.39848
2026-10-02,Running,Evening Run,"Finished work a bit early today so decided to go for a run. I went for three kilometres which is nice as I am not tired. My leg muscles are also not tired so they are getting stronger.

Now I will sleep happily.",2026-10-02_18-00-48_hk_1790956848.fit,985,2026-10-02T16:17:20.000Z,991.000,2252.72,154,159,76,2.145,29.38,50.823864,4.398498
2026-10-02,Running,Evening Run,"Finished work a bit early today so decided to go for a run. I went for three kilometres which is nice as I am not tired. My leg muscles are also not tired so they are getting stronger.

Now I will sleep happily.",2026-10-02_18-00-48_hk_1790956848.fit,986,2026-10-02T16:17:21.000Z,992.000,2254.63,154,159,76,2.149,29.38,50.823846,4.398516
2026-10-02,Running,Evening Run,"Finished work a bit early today so decided to go for a run. I went for three kilometres which is nice as I am not tired. My leg muscles are also not tired so they are getting stronger.

Now I will sleep happily.",2026-10-02_18-00-48_hk_1790956848.fit,987,2026-10-02T16:17:22.000Z,993.000,2256.53,154,160,76,2.152,29.38,50.823828,4.398534
2026-10-02,Running,Evening Run,"Finished work a bit early today so decided to go for a run. I went for three kilometres which is nice as I am not tired. My leg muscles are also not tired so they are getting stronger.

Now I will sleep happily.",2026-10-02_18-00-48_hk_1790956848.fit,988,2026-10-02T16:17:23.000Z,994.000,2258.72,155,160,76,2.181,29.38,50.82381,4.39857
2026-10-02,Running,Evening Run,"Finished work a bit early today so decided to go for a run. I went for three kilometres which is nice as I am not tired. My leg muscles are also not tired so they are getting stronger.

Now I will sleep happily.",2026-10-02_18-00-48_hk_1790956848.fit,989,2026-10-02T16:17:24.000Z,995.000,2260.9,155,160,76,2.194,29.38,50.82381,4.398588
2026-10-02,Running,Evening Run,"Finished work a bit early today so decided to go for a run. I went for three kilometres which is nice as I am not tired. My leg muscles are also not tired so they are getting stronger.

Now I will sleep happily.",2026-10-02_18-00-48_hk_1790956848.fit,990,2026-10-02T16:17:25.000Z,996.000,2263.08,155,163,79,2.208,29.38,50.823792,4.398606
2026-10-02,Running,Evening Run,"Finished work a bit early today so decided to go for a run. I went for three kilometres which is nice as I am not tired. My leg muscles are also not tired so they are getting stronger.

Now I will sleep happily.",2026-10-02_18-00-48_hk_1790956848.fit,991,2026-10-02T16:17:26.000Z,997.000,2265.47,155,163,79,2.2,29.39,50.823774,4.398624
2026-10-02,Running,Evening Run,"Finished work a bit early today so decided to go for a run. I went for three kilometres which is nice as I am not tired. My leg muscles are also not tired so they are getting stronger.

Now I will sleep happily.",2026-10-02_18-00-48_hk_1790956848.fit,992,2026-10-02T16:17:27.000Z,998.000,2267.85,155,162,79,2.192,29.39,50.823756,4.398642
2026-10-02,Running,Evening Run,"Finished work a bit early today so decided to go for a run. I went for three kilometres which is nice as I am not tired. My leg muscles are also not tired so they are getting stronger.

Now I will sleep happily.",2026-10-02_18-00-48_hk_1790956848.fit,993,2026-10-02T16:17:28.000Z,999.000,2269.87,155,162,77,2.188,29.39,50.823738,4.39866
2026-10-02,Running,Evening Run,"Finished work a bit early today so decided to go for a run. I went for three kilometres which is nice as I am not tired. My leg muscles are also not tired so they are getting stronger.

Now I will sleep happily.",2026-10-02_18-00-48_hk_1790956848.fit,994,2026-10-02T16:17:29.000Z,1000.000,2271.89,155,162,77,2.183,29.39,50.823738,4.398678
2026-10-02,Running,Evening Run,"Finished work a bit early today so decided to go for a run. I went for three kilometres which is nice as I am not tired. My leg muscles are also not tired so they are getting stronger.

Now I will sleep happily.",2026-10-02_18-00-48_hk_1790956848.fit,995,2026-10-02T16:17:30.000Z,1001.000,2273.92,155,163,77,2.179,29.39,50.82372,4.398714
2026-10-02,Running,Evening Run,"Finished work a bit early today so decided to go for a run. I went for three kilometres which is nice as I am not tired. My leg muscles are also not tired so they are getting stronger.

Now I will sleep happily.",2026-10-02_18-00-48_hk_1790956848.fit,996,2026-10-02T16:17:31.000Z,1002.000,2277.05,155,163,78,2.201,29.39,50.823702,4.398732
2026-10-02,Running,Evening Run,"Finished work a bit early today so decided to go for a run. I went for three kilometres which is nice as I am not tired. My leg muscles are also not tired so they are getting stronger.

Now I will sleep happily.",2026-10-02_18-00-48_hk_1790956848.fit,997,2026-10-02T16:17:32.000Z,1003.000,2280.18,155,166,78,2.223,29.39,50.823684,4.39875
2026-10-02,Running,Evening Run,"Finished work a bit early today so decided to go for a run. I went for three kilometres which is nice as I am not tired. My leg muscles are also not tired so they are getting stronger.

Now I will sleep happily.",2026-10-02_18-00-48_hk_1790956848.fit,998,2026-10-02T16:17:33.000Z,1004.000,2282.14,155,166,78,2.218,29.39,50.823666,4.398768
2026-10-02,Running,Evening Run,"Finished work a bit early today so decided to go for a run. I went for three kilometres which is nice as I am not tired. My leg muscles are also not tired so they are getting stronger.

Now I will sleep happily.",2026-10-02_18-00-48_hk_1790956848.fit,999,2026-10-02T16:17:34.000Z,1005.000,2284.1,156,166,76,2.212,29.39,50.823648,4.398786
2026-10-02,Running,Evening Run,"Finished work a bit early today so decided to go for a run. I went for three kilometres which is nice as I am not tired. My leg muscles are also not tired so they are getting stronger.

Now I will sleep happily.",2026-10-02_18-00-48_hk_1790956848.fit,1000,2026-10-02T16:17:35.000Z,1006.000,2286.07,156,166,76,2.207,29.4,50.82363,4.398804
2026-10-02,Running,Evening Run,"Finished work a bit early today so decided to go for a run. I went for three kilometres which is nice as I am not tired. My leg muscles are also not tired so they are getting stronger.

Now I will sleep happily.",2026-10-02_18-00-48_hk_1790956848.fit,1001,2026-10-02T16:17:36.000Z,1007.000,2288.37,156,166,76,2.201,29.4,50.823612,4.398822
2026-10-02,Running,Evening Run,"Finished work a bit early today so decided to go for a run. I went for three kilometres which is nice as I am not tired. My leg muscles are also not tired so they are getting stronger.

Now I will sleep happily.",2026-10-02_18-00-48_hk_1790956848.fit,1002,2026-10-02T16:17:37.000Z,1008.000,2290.67,156,164,76,2.195,29.4,50.823594,4.39884
2026-10-02,Running,Evening Run,"Finished work a bit early today so decided to go for a run. I went for three kilometres which is nice as I am not tired. My leg muscles are also not tired so they are getting stronger.

Now I will sleep happily.",2026-10-02_18-00-48_hk_1790956848.fit,1003,2026-10-02T16:17:38.000Z,1009.000,2293.1,156,164,76,2.215,29.4,50.823576,4.398876
2026-10-02,Running,Evening Run,"Finished work a bit early today so decided to go for a run. I went for three kilometres which is nice as I am not tired. My leg muscles are also not tired so they are getting stronger.

Now I will sleep happily.",2026-10-02_18-00-48_hk_1790956848.fit,1004,2026-10-02T16:17:39.000Z,1010.000,2295.53,156,164,76,2.236,29.4,50.823576,4.398894
2026-10-02,Running,Evening Run,"Finished work a bit early today so decided to go for a run. I went for three kilometres which is nice as I am not tired. My leg muscles are also not tired so they are getting stronger.

Now I will sleep happily.",2026-10-02_18-00-48_hk_1790956848.fit,1005,2026-10-02T16:17:40.000Z,1011.000,2297.96,156,174,76,2.256,29.4,50.823558,4.398912
2026-10-02,Running,Evening Run,"Finished work a bit early today so decided to go for a run. I went for three kilometres which is nice as I am not tired. My leg muscles are also not tired so they are getting stronger.

Now I will sleep happily.",2026-10-02_18-00-48_hk_1790956848.fit,1006,2026-10-02T16:17:41.000Z,1012.000,2300.69,156,174,76,2.272,29.4,50.82354,4.39893
2026-10-02,Running,Evening Run,"Finished work a bit early today so decided to go for a run. I went for three kilometres which is nice as I am not tired. My leg muscles are also not tired so they are getting stronger.

Now I will sleep happily.",2026-10-02_18-00-48_hk_1790956848.fit,1007,2026-10-02T16:17:42.000Z,1013.000,2303.43,156,174,76,2.305,29.4,50.823522,4.398966
2026-10-02,Running,Evening Run,"Finished work a bit early today so decided to go for a run. I went for three kilometres which is nice as I am not tired. My leg muscles are also not tired so they are getting stronger.

Now I will sleep happily.",2026-10-02_18-00-48_hk_1790956848.fit,1008,2026-10-02T16:17:43.000Z,1014.000,2305.06,158,174,76,2.293,29.41,50.823504,4.398984
2026-10-02,Running,Evening Run,"Finished work a bit early today so decided to go for a run. I went for three kilometres which is nice as I am not tired. My leg muscles are also not tired so they are getting stronger.

Now I will sleep happily.",2026-10-02_18-00-48_hk_1790956848.fit,1009,2026-10-02T16:17:44.000Z,1015.000,2306.7,158,174,76,2.28,29.41,50.823486,4.399002
2026-10-02,Running,Evening Run,"Finished work a bit early today so decided to go for a run. I went for three kilometres which is nice as I am not tired. My leg muscles are also not tired so they are getting stronger.

Now I will sleep happily.",2026-10-02_18-00-48_hk_1790956848.fit,1010,2026-10-02T16:17:45.000Z,1016.000,2308.33,158,173,76,2.252,29.41,50.823486,4.39902
2026-10-02,Running,Evening Run,"Finished work a bit early today so decided to go for a run. I went for three kilometres which is nice as I am not tired. My leg muscles are also not tired so they are getting stronger.

Now I will sleep happily.",2026-10-02_18-00-48_hk_1790956848.fit,1011,2026-10-02T16:17:46.000Z,1017.000,2310.18,158,173,76,2.237,29.41,50.823468,4.399038
2026-10-02,Running,Evening Run,"Finished work a bit early today so decided to go for a run. I went for three kilometres which is nice as I am not tired. My leg muscles are also not tired so they are getting stronger.

Now I will sleep happily.",2026-10-02_18-00-48_hk_1790956848.fit,1012,2026-10-02T16:17:47.000Z,1018.000,2312.02,158,173,76,2.223,29.41,50.82345,4.399056
2026-10-02,Running,Evening Run,"Finished work a bit early today so decided to go for a run. I went for three kilometres which is nice as I am not tired. My leg muscles are also not tired so they are getting stronger.

Now I will sleep happily.",2026-10-02_18-00-48_hk_1790956848.fit,1013,2026-10-02T16:17:48.000Z,1019.000,2313.86,158,174,76,2.208,29.41,50.823432,4.399074
2026-10-02,Running,Evening Run,"Finished work a bit early today so decided to go for a run. I went for three kilometres which is nice as I am not tired. My leg muscles are also not tired so they are getting stronger.

Now I will sleep happily.",2026-10-02_18-00-48_hk_1790956848.fit,1014,2026-10-02T16:17:49.000Z,1020.000,2316.76,158,174,76,2.23,29.41,50.823432,4.399092
2026-10-02,Running,Evening Run,"Finished work a bit early today so decided to go for a run. I went for three kilometres which is nice as I am not tired. My leg muscles are also not tired so they are getting stronger.

Now I will sleep happily.",2026-10-02_18-00-48_hk_1790956848.fit,1015,2026-10-02T16:17:50.000Z,1021.000,2319.65,158,174,76,2.252,29.42,50.823414,4.39911
2026-10-02,Running,Evening Run,"Finished work a bit early today so decided to go for a run. I went for three kilometres which is nice as I am not tired. My leg muscles are also not tired so they are getting stronger.

Now I will sleep happily.",2026-10-02_18-00-48_hk_1790956848.fit,1016,2026-10-02T16:17:51.000Z,1022.000,2321.96,158,174,76,2.276,29.42,50.823396,4.399146
2026-10-02,Running,Evening Run,"Finished work a bit early today so decided to go for a run. I went for three kilometres which is nice as I am not tired. My leg muscles are also not tired so they are getting stronger.

Now I will sleep happily.",2026-10-02_18-00-48_hk_1790956848.fit,1017,2026-10-02T16:17:52.000Z,1023.000,2324.27,158,174,78,2.289,29.42,50.823378,4.399164
2026-10-02,Running,Evening Run,"Finished work a bit early today so decided to go for a run. I went for three kilometres which is nice as I am not tired. My leg muscles are also not tired so they are getting stronger.

Now I will sleep happily.",2026-10-02_18-00-48_hk_1790956848.fit,1018,2026-10-02T16:17:53.000Z,1024.000,2326.58,158,174,78,2.29,29.42,50.823378,4.399182
2026-10-02,Running,Evening Run,"Finished work a bit early today so decided to go for a run. I went for three kilometres which is nice as I am not tired. My leg muscles are also not tired so they are getting stronger.

Now I will sleep happily.",2026-10-02_18-00-48_hk_1790956848.fit,1019,2026-10-02T16:17:54.000Z,1025.000,2329.38,158,174,78,2.275,29.42,50.82336,4.3992
2026-10-02,Running,Evening Run,"Finished work a bit early today so decided to go for a run. I went for three kilometres which is nice as I am not tired. My leg muscles are also not tired so they are getting stronger.

Now I will sleep happily.",2026-10-02_18-00-48_hk_1790956848.fit,1020,2026-10-02T16:17:55.000Z,1026.000,2332.18,158,175,77,2.275,29.43,50.823342,4.399218
2026-10-02,Running,Evening Run,"Finished work a bit early today so decided to go for a run. I went for three kilometres which is nice as I am not tired. My leg muscles are also not tired so they are getting stronger.

Now I will sleep happily.",2026-10-02_18-00-48_hk_1790956848.fit,1021,2026-10-02T16:17:56.000Z,1027.000,2334.15,158,175,77,2.275,29.43,50.823324,4.399236
2026-10-02,Running,Evening Run,"Finished work a bit early today so decided to go for a run. I went for three kilometres which is nice as I am not tired. My leg muscles are also not tired so they are getting stronger.

Now I will sleep happily.",2026-10-02_18-00-48_hk_1790956848.fit,1022,2026-10-02T16:17:57.000Z,1028.000,2336.12,157,175,77,2.275,29.43,50.823306,4.399272
2026-10-02,Running,Evening Run,"Finished work a bit early today so decided to go for a run. I went for three kilometres which is nice as I am not tired. My leg muscles are also not tired so they are getting stronger.

Now I will sleep happily.",2026-10-02_18-00-48_hk_1790956848.fit,1023,2026-10-02T16:17:58.000Z,1029.000,2338.09,157,175,79,2.262,29.43,50.823288,4.39929
2026-10-02,Running,Evening Run,"Finished work a bit early today so decided to go for a run. I went for three kilometres which is nice as I am not tired. My leg muscles are also not tired so they are getting stronger.

Now I will sleep happily.",2026-10-02_18-00-48_hk_1790956848.fit,1024,2026-10-02T16:17:59.000Z,1030.000,2341.17,157,175,79,2.295,29.43,50.82327,4.399308
2026-10-02,Running,Evening Run,"Finished work a bit early today so decided to go for a run. I went for three kilometres which is nice as I am not tired. My leg muscles are also not tired so they are getting stronger.

Now I will sleep happily.",2026-10-02_18-00-48_hk_1790956848.fit,1025,2026-10-02T16:18:00.000Z,1031.000,2344.25,156,178,79,2.325,29.43,50.82327,4.399344
2026-10-02,Running,Evening Run,"Finished work a bit early today so decided to go for a run. I went for three kilometres which is nice as I am not tired. My leg muscles are also not tired so they are getting stronger.

Now I will sleep happily.",2026-10-02_18-00-48_hk_1790956848.fit,1026,2026-10-02T16:18:01.000Z,1032.000,2346.23,156,178,76,2.305,29.43,50.823252,4.399362
2026-10-02,Running,Evening Run,"Finished work a bit early today so decided to go for a run. I went for three kilometres which is nice as I am not tired. My leg muscles are also not tired so they are getting stronger.

Now I will sleep happily.",2026-10-02_18-00-48_hk_1790956848.fit,1027,2026-10-02T16:18:02.000Z,1033.000,2348.22,156,178,76,2.284,29.43,50.823234,4.39938
2026-10-02,Running,Evening Run,"Finished work a bit early today so decided to go for a run. I went for three kilometres which is nice as I am not tired. My leg muscles are also not tired so they are getting stronger.

Now I will sleep happily.",2026-10-02_18-00-48_hk_1790956848.fit,1028,2026-10-02T16:18:03.000Z,1034.000,2350.2,156,179,76,2.271,29.43,50.823216,4.399416
2026-10-02,Running,Evening Run,"Finished work a bit early today so decided to go for a run. I went for three kilometres which is nice as I am not tired. My leg muscles are also not tired so they are getting stronger.

Now I will sleep happily.",2026-10-02_18-00-48_hk_1790956848.fit,1029,2026-10-02T16:18:04.000Z,1035.000,2351.89,156,179,76,2.226,29.43,50.823198,4.399434
2026-10-02,Running,Evening Run,"Finished work a bit early today so decided to go for a run. I went for three kilometres which is nice as I am not tired. My leg muscles are also not tired so they are getting stronger.

Now I will sleep happily.",2026-10-02_18-00-48_hk_1790956848.fit,1030,2026-10-02T16:18:05.000Z,1036.000,2353.58,156,179,76,2.181,29.43,50.823198,4.399452
2026-10-02,Running,Evening Run,"Finished work a bit early today so decided to go for a run. I went for three kilometres which is nice as I am not tired. My leg muscles are also not tired so they are getting stronger.

Now I will sleep happily.",2026-10-02_18-00-48_hk_1790956848.fit,1031,2026-10-02T16:18:06.000Z,1037.000,2355.27,156,179,76,2.183,29.43,50.82318,4.39947
2026-10-02,Running,Evening Run,"Finished work a bit early today so decided to go for a run. I went for three kilometres which is nice as I am not tired. My leg muscles are also not tired so they are getting stronger.

Now I will sleep happily.",2026-10-02_18-00-48_hk_1790956848.fit,1032,2026-10-02T16:18:07.000Z,1038.000,2358.03,156,179,76,2.232,29.43,50.823162,4.399488
2026-10-02,Running,Evening Run,"Finished work a bit early today so decided to go for a run. I went for three kilometres which is nice as I am not tired. My leg muscles are also not tired so they are getting stronger.

Now I will sleep happily.",2026-10-02_18-00-48_hk_1790956848.fit,1033,2026-10-02T16:18:08.000Z,1039.000,2360.79,156,178,76,2.301,29.44,50.823144,4.399506
2026-10-02,Running,Evening Run,"Finished work a bit early today so decided to go for a run. I went for three kilometres which is nice as I am not tired. My leg muscles are also not tired so they are getting stronger.

Now I will sleep happily.",2026-10-02_18-00-48_hk_1790956848.fit,1034,2026-10-02T16:18:09.000Z,1040.000,2362.97,157,178,76,2.316,29.44,50.823126,4.399524
2026-10-02,Running,Evening Run,"Finished work a bit early today so decided to go for a run. I went for three kilometres which is nice as I am not tired. My leg muscles are also not tired so they are getting stronger.

Now I will sleep happily.",2026-10-02_18-00-48_hk_1790956848.fit,1035,2026-10-02T16:18:10.000Z,1041.000,2365.15,157,178,78,2.331,29.44,50.823108,4.39956
2026-10-02,Running,Evening Run,"Finished work a bit early today so decided to go for a run. I went for three kilometres which is nice as I am not tired. My leg muscles are also not tired so they are getting stronger.

Now I will sleep happily.",2026-10-02_18-00-48_hk_1790956848.fit,1036,2026-10-02T16:18:11.000Z,1042.000,2367.32,157,180,78,2.299,29.44,50.82309,4.399578
2026-10-02,Running,Evening Run,"Finished work a bit early today so decided to go for a run. I went for three kilometres which is nice as I am not tired. My leg muscles are also not tired so they are getting stronger.

Now I will sleep happily.",2026-10-02_18-00-48_hk_1790956848.fit,1037,2026-10-02T16:18:12.000Z,1043.000,2370.21,157,180,78,2.298,29.44,50.82309,4.399596
2026-10-02,Running,Evening Run,"Finished work a bit early today so decided to go for a run. I went for three kilometres which is nice as I am not tired. My leg muscles are also not tired so they are getting stronger.

Now I will sleep happily.",2026-10-02_18-00-48_hk_1790956848.fit,1038,2026-10-02T16:18:13.000Z,1044.000,2373.1,157,180,77,2.324,29.44,50.823072,4.399614
2026-10-02,Running,Evening Run,"Finished work a bit early today so decided to go for a run. I went for three kilometres which is nice as I am not tired. My leg muscles are also not tired so they are getting stronger.

Now I will sleep happily.",2026-10-02_18-00-48_hk_1790956848.fit,1039,2026-10-02T16:18:14.000Z,1045.000,2375,158,180,77,2.306,29.45,50.823054,4.399632
2026-10-02,Running,Evening Run,"Finished work a bit early today so decided to go for a run. I went for three kilometres which is nice as I am not tired. My leg muscles are also not tired so they are getting stronger.

Now I will sleep happily.",2026-10-02_18-00-48_hk_1790956848.fit,1040,2026-10-02T16:18:15.000Z,1046.000,2376.91,158,180,77,2.288,29.45,50.823036,4.39965
2026-10-02,Running,Evening Run,"Finished work a bit early today so decided to go for a run. I went for three kilometres which is nice as I am not tired. My leg muscles are also not tired so they are getting stronger.

Now I will sleep happily.",2026-10-02_18-00-48_hk_1790956848.fit,1041,2026-10-02T16:18:16.000Z,1047.000,2378.82,158,180,79,2.271,29.45,50.823018,4.399686
2026-10-02,Running,Evening Run,"Finished work a bit early today so decided to go for a run. I went for three kilometres which is nice as I am not tired. My leg muscles are also not tired so they are getting stronger.

Now I will sleep happily.",2026-10-02_18-00-48_hk_1790956848.fit,1042,2026-10-02T16:18:17.000Z,1048.000,2381.49,158,180,79,2.266,29.45,50.823018,4.399704
2026-10-02,Running,Evening Run,"Finished work a bit early today so decided to go for a run. I went for three kilometres which is nice as I am not tired. My leg muscles are also not tired so they are getting stronger.

Now I will sleep happily.",2026-10-02_18-00-48_hk_1790956848.fit,1043,2026-10-02T16:18:18.000Z,1049.000,2384.17,158,180,79,2.274,29.45,50.823,4.399722
2026-10-02,Running,Evening Run,"Finished work a bit early today so decided to go for a run. I went for three kilometres which is nice as I am not tired. My leg muscles are also not tired so they are getting stronger.

Now I will sleep happily.",2026-10-02_18-00-48_hk_1790956848.fit,1044,2026-10-02T16:18:19.000Z,1050.000,2386.32,158,180,76,2.282,29.45,50.822982,4.39974
2026-10-02,Running,Evening Run,"Finished work a bit early today so decided to go for a run. I went for three kilometres which is nice as I am not tired. My leg muscles are also not tired so they are getting stronger.

Now I will sleep happily.",2026-10-02_18-00-48_hk_1790956848.fit,1045,2026-10-02T16:18:20.000Z,1051.000,2388.47,157,180,76,2.29,29.46,50.822964,4.399758
2026-10-02,Running,Evening Run,"Finished work a bit early today so decided to go for a run. I went for three kilometres which is nice as I am not tired. My leg muscles are also not tired so they are getting stronger.

Now I will sleep happily.",2026-10-02_18-00-48_hk_1790956848.fit,1046,2026-10-02T16:18:21.000Z,1052.000,2390.62,157,181,76,2.284,29.46,50.822946,4.399776
2026-10-02,Running,Evening Run,"Finished work a bit early today so decided to go for a run. I went for three kilometres which is nice as I am not tired. My leg muscles are also not tired so they are getting stronger.

Now I will sleep happily.",2026-10-02_18-00-48_hk_1790956848.fit,1047,2026-10-02T16:18:22.000Z,1053.000,2394.05,157,181,77,2.299,29.46,50.822928,4.399794
2026-10-02,Running,Evening Run,"Finished work a bit early today so decided to go for a run. I went for three kilometres which is nice as I am not tired. My leg muscles are also not tired so they are getting stronger.

Now I will sleep happily.",2026-10-02_18-00-48_hk_1790956848.fit,1048,2026-10-02T16:18:23.000Z,1054.000,2397.48,157,182,77,2.329,29.46,50.82291,4.399812
2026-10-02,Running,Evening Run,"Finished work a bit early today so decided to go for a run. I went for three kilometres which is nice as I am not tired. My leg muscles are also not tired so they are getting stronger.

Now I will sleep happily.",2026-10-02_18-00-48_hk_1790956848.fit,1049,2026-10-02T16:18:24.000Z,1055.000,2398.9,157,182,77,2.304,29.46,50.822892,4.399848
2026-10-02,Running,Evening Run,"Finished work a bit early today so decided to go for a run. I went for three kilometres which is nice as I am not tired. My leg muscles are also not tired so they are getting stronger.

Now I will sleep happily.",2026-10-02_18-00-48_hk_1790956848.fit,1050,2026-10-02T16:18:25.000Z,1056.000,2400.31,157,182,78,2.278,29.46,50.822874,4.399866
2026-10-02,Running,Evening Run,"Finished work a bit early today so decided to go for a run. I went for three kilometres which is nice as I am not tired. My leg muscles are also not tired so they are getting stronger.

Now I will sleep happily.",2026-10-02_18-00-48_hk_1790956848.fit,1051,2026-10-02T16:18:26.000Z,1057.000,2401.73,157,178,78,2.241,29.47,50.822874,4.399884
2026-10-02,Running,Evening Run,"Finished work a bit early today so decided to go for a run. I went for three kilometres which is nice as I am not tired. My leg muscles are also not tired so they are getting stronger.

Now I will sleep happily.",2026-10-02_18-00-48_hk_1790956848.fit,1052,2026-10-02T16:18:27.000Z,1058.000,2403.74,158,178,78,2.28,29.47,50.822856,4.399902
2026-10-02,Running,Evening Run,"Finished work a bit early today so decided to go for a run. I went for three kilometres which is nice as I am not tired. My leg muscles are also not tired so they are getting stronger.

Now I will sleep happily.",2026-10-02_18-00-48_hk_1790956848.fit,1053,2026-10-02T16:18:28.000Z,1059.000,2405.75,158,178,78,2.295,29.47,50.822838,4.39992
2026-10-02,Running,Evening Run,"Finished work a bit early today so decided to go for a run. I went for three kilometres which is nice as I am not tired. My leg muscles are also not tired so they are getting stronger.

Now I will sleep happily.",2026-10-02_18-00-48_hk_1790956848.fit,1054,2026-10-02T16:18:29.000Z,1060.000,2407.77,158,179,78,2.282,29.48,50.82282,4.399938
2026-10-02,Running,Evening Run,"Finished work a bit early today so decided to go for a run. I went for three kilometres which is nice as I am not tired. My leg muscles are also not tired so they are getting stronger.

Now I will sleep happily.",2026-10-02_18-00-48_hk_1790956848.fit,1055,2026-10-02T16:18:30.000Z,1061.000,2410.9,158,179,78,2.278,29.48,50.82282,4.399956
2026-10-02,Running,Evening Run,"Finished work a bit early today so decided to go for a run. I went for three kilometres which is nice as I am not tired. My leg muscles are also not tired so they are getting stronger.

Now I will sleep happily.",2026-10-02_18-00-48_hk_1790956848.fit,1056,2026-10-02T16:18:31.000Z,1062.000,2414.04,158,179,79,2.322,29.48,50.822802,4.399992
2026-10-02,Running,Evening Run,"Finished work a bit early today so decided to go for a run. I went for three kilometres which is nice as I am not tired. My leg muscles are also not tired so they are getting stronger.

Now I will sleep happily.",2026-10-02_18-00-48_hk_1790956848.fit,1057,2026-10-02T16:18:32.000Z,1063.000,2416.02,158,179,79,2.312,29.48,50.822784,4.40001
2026-10-02,Running,Evening Run,"Finished work a bit early today so decided to go for a run. I went for three kilometres which is nice as I am not tired. My leg muscles are also not tired so they are getting stronger.

Now I will sleep happily.",2026-10-02_18-00-48_hk_1790956848.fit,1058,2026-10-02T16:18:33.000Z,1064.000,2418,158,179,79,2.303,29.49,50.822766,4.400028
2026-10-02,Running,Evening Run,"Finished work a bit early today so decided to go for a run. I went for three kilometres which is nice as I am not tired. My leg muscles are also not tired so they are getting stronger.

Now I will sleep happily.",2026-10-02_18-00-48_hk_1790956848.fit,1059,2026-10-02T16:18:34.000Z,1065.000,2419.97,158,180,76,2.289,29.49,50.822748,4.400046
2026-10-02,Running,Evening Run,"Finished work a bit early today so decided to go for a run. I went for three kilometres which is nice as I am not tired. My leg muscles are also not tired so they are getting stronger.

Now I will sleep happily.",2026-10-02_18-00-48_hk_1790956848.fit,1060,2026-10-02T16:18:35.000Z,1066.000,2422.74,158,180,76,2.284,29.49,50.822748,4.400064
2026-10-02,Running,Evening Run,"Finished work a bit early today so decided to go for a run. I went for three kilometres which is nice as I am not tired. My leg muscles are also not tired so they are getting stronger.

Now I will sleep happily.",2026-10-02_18-00-48_hk_1790956848.fit,1061,2026-10-02T16:18:36.000Z,1067.000,2425.51,158,180,76,2.296,29.49,50.82273,4.4001
2026-10-02,Running,Evening Run,"Finished work a bit early today so decided to go for a run. I went for three kilometres which is nice as I am not tired. My leg muscles are also not tired so they are getting stronger.

Now I will sleep happily.",2026-10-02_18-00-48_hk_1790956848.fit,1062,2026-10-02T16:18:37.000Z,1068.000,2427.52,158,180,79,2.3,29.5,50.822712,4.400118
2026-10-02,Running,Evening Run,"Finished work a bit early today so decided to go for a run. I went for three kilometres which is nice as I am not tired. My leg muscles are also not tired so they are getting stronger.

Now I will sleep happily.",2026-10-02_18-00-48_hk_1790956848.fit,1063,2026-10-02T16:18:38.000Z,1069.000,2429.53,160,180,79,2.305,29.5,50.822694,4.400136
2026-10-02,Running,Evening Run,"Finished work a bit early today so decided to go for a run. I went for three kilometres which is nice as I am not tired. My leg muscles are also not tired so they are getting stronger.

Now I will sleep happily.",2026-10-02_18-00-48_hk_1790956848.fit,1064,2026-10-02T16:18:39.000Z,1070.000,2431.54,160,180,79,2.275,29.5,50.822676,4.400154
2026-10-02,Running,Evening Run,"Finished work a bit early today so decided to go for a run. I went for three kilometres which is nice as I am not tired. My leg muscles are also not tired so they are getting stronger.

Now I will sleep happily.",2026-10-02_18-00-48_hk_1790956848.fit,1065,2026-10-02T16:18:40.000Z,1071.000,2434.09,160,180,78,2.287,29.51,50.822676,4.400172
2026-10-02,Running,Evening Run,"Finished work a bit early today so decided to go for a run. I went for three kilometres which is nice as I am not tired. My leg muscles are also not tired so they are getting stronger.

Now I will sleep happily.",2026-10-02_18-00-48_hk_1790956848.fit,1066,2026-10-02T16:18:41.000Z,1072.000,2436.64,160,179,78,2.287,29.51,50.822658,4.400208
2026-10-02,Running,Evening Run,"Finished work a bit early today so decided to go for a run. I went for three kilometres which is nice as I am not tired. My leg muscles are also not tired so they are getting stronger.

Now I will sleep happily.",2026-10-02_18-00-48_hk_1790956848.fit,1067,2026-10-02T16:18:42.000Z,1073.000,2438.82,160,179,78,2.289,29.51,50.82264,4.400226
2026-10-02,Running,Evening Run,"Finished work a bit early today so decided to go for a run. I went for three kilometres which is nice as I am not tired. My leg muscles are also not tired so they are getting stronger.

Now I will sleep happily.",2026-10-02_18-00-48_hk_1790956848.fit,1068,2026-10-02T16:18:43.000Z,1074.000,2441.01,160,179,78,2.291,29.52,50.822622,4.400244
2026-10-02,Running,Evening Run,"Finished work a bit early today so decided to go for a run. I went for three kilometres which is nice as I am not tired. My leg muscles are also not tired so they are getting stronger.

Now I will sleep happily.",2026-10-02_18-00-48_hk_1790956848.fit,1069,2026-10-02T16:18:44.000Z,1075.000,2443.2,160,180,78,2.286,29.52,50.822604,4.400262
2026-10-02,Running,Evening Run,"Finished work a bit early today so decided to go for a run. I went for three kilometres which is nice as I am not tired. My leg muscles are also not tired so they are getting stronger.

Now I will sleep happily.",2026-10-02_18-00-48_hk_1790956848.fit,1070,2026-10-02T16:18:45.000Z,1076.000,2445.32,161,180,78,2.229,29.52,50.822604,4.400298
2026-10-02,Running,Evening Run,"Finished work a bit early today so decided to go for a run. I went for three kilometres which is nice as I am not tired. My leg muscles are also not tired so they are getting stronger.

Now I will sleep happily.",2026-10-02_18-00-48_hk_1790956848.fit,1071,2026-10-02T16:18:46.000Z,1077.000,2447.43,161,178,77,2.224,29.53,50.822586,4.400316
2026-10-02,Running,Evening Run,"Finished work a bit early today so decided to go for a run. I went for three kilometres which is nice as I am not tired. My leg muscles are also not tired so they are getting stronger.

Now I will sleep happily.",2026-10-02_18-00-48_hk_1790956848.fit,1072,2026-10-02T16:18:47.000Z,1078.000,2449.45,161,178,77,2.198,29.53,50.822568,4.400334
2026-10-02,Running,Evening Run,"Finished work a bit early today so decided to go for a run. I went for three kilometres which is nice as I am not tired. My leg muscles are also not tired so they are getting stronger.

Now I will sleep happily.",2026-10-02_18-00-48_hk_1790956848.fit,1073,2026-10-02T16:18:48.000Z,1079.000,2451.47,161,178,77,2.224,29.53,50.82255,4.400352
2026-10-02,Running,Evening Run,"Finished work a bit early today so decided to go for a run. I went for three kilometres which is nice as I am not tired. My leg muscles are also not tired so they are getting stronger.

Now I will sleep happily.",2026-10-02_18-00-48_hk_1790956848.fit,1074,2026-10-02T16:18:49.000Z,1080.000,2453.49,162,179,76,2.251,29.53,50.822532,4.40037
2026-10-02,Running,Evening Run,"Finished work a bit early today so decided to go for a run. I went for three kilometres which is nice as I am not tired. My leg muscles are also not tired so they are getting stronger.

Now I will sleep happily.",2026-10-02_18-00-48_hk_1790956848.fit,1075,2026-10-02T16:18:50.000Z,1081.000,2455.89,162,179,76,2.279,29.54,50.822532,4.400388
2026-10-02,Running,Evening Run,"Finished work a bit early today so decided to go for a run. I went for three kilometres which is nice as I am not tired. My leg muscles are also not tired so they are getting stronger.

Now I will sleep happily.",2026-10-02_18-00-48_hk_1790956848.fit,1076,2026-10-02T16:18:51.000Z,1082.000,2458.29,162,179,76,2.297,29.54,50.822514,4.400406
2026-10-02,Running,Evening Run,"Finished work a bit early today so decided to go for a run. I went for three kilometres which is nice as I am not tired. My leg muscles are also not tired so they are getting stronger.

Now I will sleep happily.",2026-10-02_18-00-48_hk_1790956848.fit,1077,2026-10-02T16:18:52.000Z,1083.000,2460.69,162,183,79,2.301,29.54,50.822496,4.400424
2026-10-02,Running,Evening Run,"Finished work a bit early today so decided to go for a run. I went for three kilometres which is nice as I am not tired. My leg muscles are also not tired so they are getting stronger.

Now I will sleep happily.",2026-10-02_18-00-48_hk_1790956848.fit,1078,2026-10-02T16:18:53.000Z,1084.000,2463.62,162,183,79,2.292,29.55,50.822478,4.40046
2026-10-02,Running,Evening Run,"Finished work a bit early today so decided to go for a run. I went for three kilometres which is nice as I am not tired. My leg muscles are also not tired so they are getting stronger.

Now I will sleep happily.",2026-10-02_18-00-48_hk_1790956848.fit,1079,2026-10-02T16:18:54.000Z,1085.000,2466.55,162,185,79,2.297,29.55,50.82246,4.400478
2026-10-02,Running,Evening Run,"Finished work a bit early today so decided to go for a run. I went for three kilometres which is nice as I am not tired. My leg muscles are also not tired so they are getting stronger.

Now I will sleep happily.",2026-10-02_18-00-48_hk_1790956848.fit,1080,2026-10-02T16:18:55.000Z,1086.000,2468.93,162,185,77,2.315,29.55,50.822442,4.400496
2026-10-02,Running,Evening Run,"Finished work a bit early today so decided to go for a run. I went for three kilometres which is nice as I am not tired. My leg muscles are also not tired so they are getting stronger.

Now I will sleep happily.",2026-10-02_18-00-48_hk_1790956848.fit,1081,2026-10-02T16:18:56.000Z,1087.000,2471.3,162,185,77,2.333,29.56,50.822424,4.400514
2026-10-02,Running,Evening Run,"Finished work a bit early today so decided to go for a run. I went for three kilometres which is nice as I am not tired. My leg muscles are also not tired so they are getting stronger.

Now I will sleep happily.",2026-10-02_18-00-48_hk_1790956848.fit,1082,2026-10-02T16:18:57.000Z,1088.000,2473.68,162,187,77,2.315,29.56,50.822406,4.400532
2026-10-02,Running,Evening Run,"Finished work a bit early today so decided to go for a run. I went for three kilometres which is nice as I am not tired. My leg muscles are also not tired so they are getting stronger.

Now I will sleep happily.",2026-10-02_18-00-48_hk_1790956848.fit,1083,2026-10-02T16:18:58.000Z,1089.000,2476.84,161,187,79,2.334,29.56,50.822388,4.40055
2026-10-02,Running,Evening Run,"Finished work a bit early today so decided to go for a run. I went for three kilometres which is nice as I am not tired. My leg muscles are also not tired so they are getting stronger.

Now I will sleep happily.",2026-10-02_18-00-48_hk_1790956848.fit,1084,2026-10-02T16:18:59.000Z,1090.000,2480.01,161,188,79,2.404,29.57,50.82237,4.400568
2026-10-02,Running,Evening Run,"Finished work a bit early today so decided to go for a run. I went for three kilometres which is nice as I am not tired. My leg muscles are also not tired so they are getting stronger.

Now I will sleep happily.",2026-10-02_18-00-48_hk_1790956848.fit,1085,2026-10-02T16:19:00.000Z,1091.000,2481.91,161,188,79,2.398,29.57,50.822352,4.400604
2026-10-02,Running,Evening Run,"Finished work a bit early today so decided to go for a run. I went for three kilometres which is nice as I am not tired. My leg muscles are also not tired so they are getting stronger.

Now I will sleep happily.",2026-10-02_18-00-48_hk_1790956848.fit,1086,2026-10-02T16:19:01.000Z,1092.000,2483.8,161,188,78,2.376,29.57,50.822334,4.400622
2026-10-02,Running,Evening Run,"Finished work a bit early today so decided to go for a run. I went for three kilometres which is nice as I am not tired. My leg muscles are also not tired so they are getting stronger.

Now I will sleep happily.",2026-10-02_18-00-48_hk_1790956848.fit,1087,2026-10-02T16:19:02.000Z,1093.000,2485.7,159,188,78,2.346,29.58,50.822316,4.40064
2026-10-02,Running,Evening Run,"Finished work a bit early today so decided to go for a run. I went for three kilometres which is nice as I am not tired. My leg muscles are also not tired so they are getting stronger.

Now I will sleep happily.",2026-10-02_18-00-48_hk_1790956848.fit,1088,2026-10-02T16:19:03.000Z,1094.000,2488.33,159,188,78,2.349,29.58,50.822298,4.400676
2026-10-02,Running,Evening Run,"Finished work a bit early today so decided to go for a run. I went for three kilometres which is nice as I am not tired. My leg muscles are also not tired so they are getting stronger.

Now I will sleep happily.",2026-10-02_18-00-48_hk_1790956848.fit,1089,2026-10-02T16:19:04.000Z,1095.000,2490.96,159,188,78,2.37,29.58,50.822298,4.400694
2026-10-02,Running,Evening Run,"Finished work a bit early today so decided to go for a run. I went for three kilometres which is nice as I am not tired. My leg muscles are also not tired so they are getting stronger.

Now I will sleep happily.",2026-10-02_18-00-48_hk_1790956848.fit,1090,2026-10-02T16:19:05.000Z,1096.000,2493.02,159,188,78,2.364,29.58,50.82228,4.400712
2026-10-02,Running,Evening Run,"Finished work a bit early today so decided to go for a run. I went for three kilometres which is nice as I am not tired. My leg muscles are also not tired so they are getting stronger.

Now I will sleep happily.",2026-10-02_18-00-48_hk_1790956848.fit,1091,2026-10-02T16:19:06.000Z,1097.000,2495.08,161,188,78,2.358,29.59,50.822262,4.400748
2026-10-02,Running,Evening Run,"Finished work a bit early today so decided to go for a run. I went for three kilometres which is nice as I am not tired. My leg muscles are also not tired so they are getting stronger.

Now I will sleep happily.",2026-10-02_18-00-48_hk_1790956848.fit,1092,2026-10-02T16:19:07.000Z,1098.000,2497.15,161,188,79,2.356,29.59,50.822244,4.400766
2026-10-02,Running,Evening Run,"Finished work a bit early today so decided to go for a run. I went for three kilometres which is nice as I am not tired. My leg muscles are also not tired so they are getting stronger.

Now I will sleep happily.",2026-10-02_18-00-48_hk_1790956848.fit,1093,2026-10-02T16:19:08.000Z,1099.000,2498.83,161,188,79,2.336,29.59,50.822244,4.400802
2026-10-02,Running,Evening Run,"Finished work a bit early today so decided to go for a run. I went for three kilometres which is nice as I am not tired. My leg muscles are also not tired so they are getting stronger.

Now I will sleep happily.",2026-10-02_18-00-48_hk_1790956848.fit,1094,2026-10-02T16:19:09.000Z,1100.000,2500.52,161,188,79,2.321,29.59,50.822226,4.40082
2026-10-02,Running,Evening Run,"Finished work a bit early today so decided to go for a run. I went for three kilometres which is nice as I am not tired. My leg muscles are also not tired so they are getting stronger.

Now I will sleep happily.",2026-10-02_18-00-48_hk_1790956848.fit,1095,2026-10-02T16:19:10.000Z,1101.000,2502.2,161,188,76,2.306,29.6,50.822208,4.400856
2026-10-02,Running,Evening Run,"Finished work a bit early today so decided to go for a run. I went for three kilometres which is nice as I am not tired. My leg muscles are also not tired so they are getting stronger.

Now I will sleep happily.",2026-10-02_18-00-48_hk_1790956848.fit,1096,2026-10-02T16:19:11.000Z,1102.000,2505.24,161,188,76,2.352,29.6,50.822208,4.400874
2026-10-02,Running,Evening Run,"Finished work a bit early today so decided to go for a run. I went for three kilometres which is nice as I am not tired. My leg muscles are also not tired so they are getting stronger.

Now I will sleep happily.",2026-10-02_18-00-48_hk_1790956848.fit,1097,2026-10-02T16:19:12.000Z,1103.000,2508.28,161,188,76,2.381,29.6,50.82219,4.40091
2026-10-02,Running,Evening Run,"Finished work a bit early today so decided to go for a run. I went for three kilometres which is nice as I am not tired. My leg muscles are also not tired so they are getting stronger.

Now I will sleep happily.",2026-10-02_18-00-48_hk_1790956848.fit,1098,2026-10-02T16:19:13.000Z,1104.000,2510.14,161,188,79,2.357,29.6,50.822172,4.400928
2026-10-02,Running,Evening Run,"Finished work a bit early today so decided to go for a run. I went for three kilometres which is nice as I am not tired. My leg muscles are also not tired so they are getting stronger.

Now I will sleep happily.",2026-10-02_18-00-48_hk_1790956848.fit,1099,2026-10-02T16:19:14.000Z,1105.000,2512,161,188,79,2.332,29.6,50.822172,4.400946
2026-10-02,Running,Evening Run,"Finished work a bit early today so decided to go for a run. I went for three kilometres which is nice as I am not tired. My leg muscles are also not tired so they are getting stronger.

Now I will sleep happily.",2026-10-02_18-00-48_hk_1790956848.fit,1100,2026-10-02T16:19:15.000Z,1106.000,2513.87,161,189,79,2.284,29.6,50.822154,4.400982
2026-10-02,Running,Evening Run,"Finished work a bit early today so decided to go for a run. I went for three kilometres which is nice as I am not tired. My leg muscles are also not tired so they are getting stronger.

Now I will sleep happily.",2026-10-02_18-00-48_hk_1790956848.fit,1101,2026-10-02T16:19:16.000Z,1107.000,2517.33,161,189,76,2.308,29.61,50.822136,4.401
2026-10-02,Running,Evening Run,"Finished work a bit early today so decided to go for a run. I went for three kilometres which is nice as I am not tired. My leg muscles are also not tired so they are getting stronger.

Now I will sleep happily.",2026-10-02_18-00-48_hk_1790956848.fit,1102,2026-10-02T16:19:17.000Z,1108.000,2520.8,161,193,76,2.358,29.61,50.822118,4.401018
2026-10-02,Running,Evening Run,"Finished work a bit early today so decided to go for a run. I went for three kilometres which is nice as I am not tired. My leg muscles are also not tired so they are getting stronger.

Now I will sleep happily.",2026-10-02_18-00-48_hk_1790956848.fit,1103,2026-10-02T16:19:18.000Z,1109.000,2522.75,162,193,76,2.339,29.61,50.8221,4.401054
2026-10-02,Running,Evening Run,"Finished work a bit early today so decided to go for a run. I went for three kilometres which is nice as I am not tired. My leg muscles are also not tired so they are getting stronger.

Now I will sleep happily.",2026-10-02_18-00-48_hk_1790956848.fit,1104,2026-10-02T16:19:19.000Z,1110.000,2524.71,162,193,78,2.319,29.61,50.8221,4.401072
2026-10-02,Running,Evening Run,"Finished work a bit early today so decided to go for a run. I went for three kilometres which is nice as I am not tired. My leg muscles are also not tired so they are getting stronger.

Now I will sleep happily.",2026-10-02_18-00-48_hk_1790956848.fit,1105,2026-10-02T16:19:20.000Z,1111.000,2526.66,162,192,78,2.304,29.62,50.822082,4.40109
2026-10-02,Running,Evening Run,"Finished work a bit early today so decided to go for a run. I went for three kilometres which is nice as I am not tired. My leg muscles are also not tired so they are getting stronger.

Now I will sleep happily.",2026-10-02_18-00-48_hk_1790956848.fit,1106,2026-10-02T16:19:21.000Z,1112.000,2530.23,162,192,78,2.283,29.62,50.822064,4.401108
2026-10-02,Running,Evening Run,"Finished work a bit early today so decided to go for a run. I went for three kilometres which is nice as I am not tired. My leg muscles are also not tired so they are getting stronger.

Now I will sleep happily.",2026-10-02_18-00-48_hk_1790956848.fit,1107,2026-10-02T16:19:22.000Z,1113.000,2533.8,163,198,77,2.359,29.62,50.822046,4.401144
2026-10-02,Running,Evening Run,"Finished work a bit early today so decided to go for a run. I went for three kilometres which is nice as I am not tired. My leg muscles are also not tired so they are getting stronger.

Now I will sleep happily.",2026-10-02_18-00-48_hk_1790956848.fit,1108,2026-10-02T16:19:23.000Z,1114.000,2535.53,163,198,77,2.351,29.62,50.822028,4.401162
2026-10-02,Running,Evening Run,"Finished work a bit early today so decided to go for a run. I went for three kilometres which is nice as I am not tired. My leg muscles are also not tired so they are getting stronger.

Now I will sleep happily.",2026-10-02_18-00-48_hk_1790956848.fit,1109,2026-10-02T16:19:24.000Z,1115.000,2537.26,163,198,77,2.344,29.63,50.82201,4.40118
2026-10-02,Running,Evening Run,"Finished work a bit early today so decided to go for a run. I went for three kilometres which is nice as I am not tired. My leg muscles are also not tired so they are getting stronger.

Now I will sleep happily.",2026-10-02_18-00-48_hk_1790956848.fit,1110,2026-10-02T16:19:25.000Z,1116.000,2538.99,163,194,79,2.303,29.63,50.82201,4.401198
2026-10-02,Running,Evening Run,"Finished work a bit early today so decided to go for a run. I went for three kilometres which is nice as I am not tired. My leg muscles are also not tired so they are getting stronger.

Now I will sleep happily.",2026-10-02_18-00-48_hk_1790956848.fit,1111,2026-10-02T16:19:26.000Z,1117.000,2541.28,163,194,79,2.287,29.63,50.821992,4.401216
2026-10-02,Running,Evening Run,"Finished work a bit early today so decided to go for a run. I went for three kilometres which is nice as I am not tired. My leg muscles are also not tired so they are getting stronger.

Now I will sleep happily.",2026-10-02_18-00-48_hk_1790956848.fit,1112,2026-10-02T16:19:27.000Z,1118.000,2543.57,163,192,79,2.298,29.63,50.821974,4.401234
2026-10-02,Running,Evening Run,"Finished work a bit early today so decided to go for a run. I went for three kilometres which is nice as I am not tired. My leg muscles are also not tired so they are getting stronger.

Now I will sleep happily.",2026-10-02_18-00-48_hk_1790956848.fit,1113,2026-10-02T16:19:28.000Z,1119.000,2545.58,163,192,76,2.295,29.64,50.821956,4.40127
2026-10-02,Running,Evening Run,"Finished work a bit early today so decided to go for a run. I went for three kilometres which is nice as I am not tired. My leg muscles are also not tired so they are getting stronger.

Now I will sleep happily.",2026-10-02_18-00-48_hk_1790956848.fit,1114,2026-10-02T16:19:29.000Z,1120.000,2547.59,164,192,76,2.293,29.64,50.821938,4.401288
2026-10-02,Running,Evening Run,"Finished work a bit early today so decided to go for a run. I went for three kilometres which is nice as I am not tired. My leg muscles are also not tired so they are getting stronger.

Now I will sleep happily.",2026-10-02_18-00-48_hk_1790956848.fit,1115,2026-10-02T16:19:30.000Z,1121.000,2549.6,164,192,76,2.307,29.64,50.821938,4.401306
2026-10-02,Running,Evening Run,"Finished work a bit early today so decided to go for a run. I went for three kilometres which is nice as I am not tired. My leg muscles are also not tired so they are getting stronger.

Now I will sleep happily.",2026-10-02_18-00-48_hk_1790956848.fit,1116,2026-10-02T16:19:31.000Z,1122.000,2551.51,164,192,77,2.318,29.64,50.82192,4.401324
2026-10-02,Running,Evening Run,"Finished work a bit early today so decided to go for a run. I went for three kilometres which is nice as I am not tired. My leg muscles are also not tired so they are getting stronger.

Now I will sleep happily.",2026-10-02_18-00-48_hk_1790956848.fit,1117,2026-10-02T16:19:32.000Z,1123.000,2553.41,164,192,77,2.328,29.65,50.821902,4.401342
2026-10-02,Running,Evening Run,"Finished work a bit early today so decided to go for a run. I went for three kilometres which is nice as I am not tired. My leg muscles are also not tired so they are getting stronger.

Now I will sleep happily.",2026-10-02_18-00-48_hk_1790956848.fit,1118,2026-10-02T16:19:33.000Z,1124.000,2555.32,164,191,77,2.277,29.65,50.821884,4.40136
2026-10-02,Running,Evening Run,"Finished work a bit early today so decided to go for a run. I went for three kilometres which is nice as I am not tired. My leg muscles are also not tired so they are getting stronger.

Now I will sleep happily.",2026-10-02_18-00-48_hk_1790956848.fit,1119,2026-10-02T16:19:34.000Z,1125.000,2558.45,164,191,78,2.28,29.65,50.821866,4.401378
2026-10-02,Running,Evening Run,"Finished work a bit early today so decided to go for a run. I went for three kilometres which is nice as I am not tired. My leg muscles are also not tired so they are getting stronger.

Now I will sleep happily.",2026-10-02_18-00-48_hk_1790956848.fit,1120,2026-10-02T16:19:35.000Z,1126.000,2561.57,164,192,78,2.338,29.65,50.821848,4.401396
2026-10-02,Running,Evening Run,"Finished work a bit early today so decided to go for a run. I went for three kilometres which is nice as I am not tired. My leg muscles are also not tired so they are getting stronger.

Now I will sleep happily.",2026-10-02_18-00-48_hk_1790956848.fit,1121,2026-10-02T16:19:36.000Z,1127.000,2563.78,164,192,78,2.353,29.66,50.821848,4.401432
2026-10-02,Running,Evening Run,"Finished work a bit early today so decided to go for a run. I went for three kilometres which is nice as I am not tired. My leg muscles are also not tired so they are getting stronger.

Now I will sleep happily.",2026-10-02_18-00-48_hk_1790956848.fit,1122,2026-10-02T16:19:37.000Z,1128.000,2565.98,164,192,78,2.369,29.66,50.82183,4.40145
2026-10-02,Running,Evening Run,"Finished work a bit early today so decided to go for a run. I went for three kilometres which is nice as I am not tired. My leg muscles are also not tired so they are getting stronger.

Now I will sleep happily.",2026-10-02_18-00-48_hk_1790956848.fit,1123,2026-10-02T16:19:38.000Z,1129.000,2568.19,164,194,78,2.312,29.66,50.821812,4.401468
2026-10-02,Running,Evening Run,"Finished work a bit early today so decided to go for a run. I went for three kilometres which is nice as I am not tired. My leg muscles are also not tired so they are getting stronger.

Now I will sleep happily.",2026-10-02_18-00-48_hk_1790956848.fit,1124,2026-10-02T16:19:39.000Z,1130.000,2570.96,163,194,78,2.28,29.66,50.821794,4.401486
2026-10-02,Running,Evening Run,"Finished work a bit early today so decided to go for a run. I went for three kilometres which is nice as I am not tired. My leg muscles are also not tired so they are getting stronger.

Now I will sleep happily.",2026-10-02_18-00-48_hk_1790956848.fit,1125,2026-10-02T16:19:40.000Z,1131.000,2573.74,163,196,77,2.318,29.67,50.821776,4.401522
2026-10-02,Running,Evening Run,"Finished work a bit early today so decided to go for a run. I went for three kilometres which is nice as I am not tired. My leg muscles are also not tired so they are getting stronger.

Now I will sleep happily.",2026-10-02_18-00-48_hk_1790956848.fit,1126,2026-10-02T16:19:41.000Z,1132.000,2575.5,163,196,77,2.309,29.67,50.821758,4.40154
2026-10-02,Running,Evening Run,"Finished work a bit early today so decided to go for a run. I went for three kilometres which is nice as I am not tired. My leg muscles are also not tired so they are getting stronger.

Now I will sleep happily.",2026-10-02_18-00-48_hk_1790956848.fit,1127,2026-10-02T16:19:42.000Z,1133.000,2577.25,163,196,77,2.3,29.67,50.821758,4.401558
2026-10-02,Running,Evening Run,"Finished work a bit early today so decided to go for a run. I went for three kilometres which is nice as I am not tired. My leg muscles are also not tired so they are getting stronger.

Now I will sleep happily.",2026-10-02_18-00-48_hk_1790956848.fit,1128,2026-10-02T16:19:43.000Z,1134.000,2579,163,194,76,2.276,29.68,50.82174,4.401594
2026-10-02,Running,Evening Run,"Finished work a bit early today so decided to go for a run. I went for three kilometres which is nice as I am not tired. My leg muscles are also not tired so they are getting stronger.

Now I will sleep happily.",2026-10-02_18-00-48_hk_1790956848.fit,1129,2026-10-02T16:19:44.000Z,1135.000,2582.39,163,194,76,2.268,29.68,50.821722,4.401612
2026-10-02,Running,Evening Run,"Finished work a bit early today so decided to go for a run. I went for three kilometres which is nice as I am not tired. My leg muscles are also not tired so they are getting stronger.

Now I will sleep happily.",2026-10-02_18-00-48_hk_1790956848.fit,1130,2026-10-02T16:19:45.000Z,1136.000,2585.77,163,194,76,2.284,29.68,50.821704,4.40163
2026-10-02,Running,Evening Run,"Finished work a bit early today so decided to go for a run. I went for three kilometres which is nice as I am not tired. My leg muscles are also not tired so they are getting stronger.

Now I will sleep happily.",2026-10-02_18-00-48_hk_1790956848.fit,1131,2026-10-02T16:19:46.000Z,1137.000,2587.74,163,194,79,2.295,29.69,50.821704,4.401648
2026-10-02,Running,Evening Run,"Finished work a bit early today so decided to go for a run. I went for three kilometres which is nice as I am not tired. My leg muscles are also not tired so they are getting stronger.

Now I will sleep happily.",2026-10-02_18-00-48_hk_1790956848.fit,1132,2026-10-02T16:19:47.000Z,1138.000,2589.71,163,194,79,2.305,29.69,50.821686,4.401684
2026-10-02,Running,Evening Run,"Finished work a bit early today so decided to go for a run. I went for three kilometres which is nice as I am not tired. My leg muscles are also not tired so they are getting stronger.

Now I will sleep happily.",2026-10-02_18-00-48_hk_1790956848.fit,1133,2026-10-02T16:19:48.000Z,1139.000,2591.68,164,196,79,2.291,29.69,50.821668,4.401702
2026-10-02,Running,Evening Run,"Finished work a bit early today so decided to go for a run. I went for three kilometres which is nice as I am not tired. My leg muscles are also not tired so they are getting stronger.

Now I will sleep happily.",2026-10-02_18-00-48_hk_1790956848.fit,1134,2026-10-02T16:19:49.000Z,1140.000,2594.82,164,196,77,2.33,29.7,50.82165,4.40172
2026-10-02,Running,Evening Run,"Finished work a bit early today so decided to go for a run. I went for three kilometres which is nice as I am not tired. My leg muscles are also not tired so they are getting stronger.

Now I will sleep happily.",2026-10-02_18-00-48_hk_1790956848.fit,1135,2026-10-02T16:19:50.000Z,1141.000,2597.96,164,197,77,2.399,29.7,50.821632,4.401738
2026-10-02,Running,Evening Run,"Finished work a bit early today so decided to go for a run. I went for three kilometres which is nice as I am not tired. My leg muscles are also not tired so they are getting stronger.

Now I will sleep happily.",2026-10-02_18-00-48_hk_1790956848.fit,1136,2026-10-02T16:19:51.000Z,1142.000,2599.96,164,197,77,2.398,29.7,50.821614,4.401774
2026-10-02,Running,Evening Run,"Finished work a bit early today so decided to go for a run. I went for three kilometres which is nice as I am not tired. My leg muscles are also not tired so they are getting stronger.

Now I will sleep happily.",2026-10-02_18-00-48_hk_1790956848.fit,1137,2026-10-02T16:19:52.000Z,1143.000,2601.97,164,197,79,2.403,29.7,50.821614,4.401792
2026-10-02,Running,Evening Run,"Finished work a bit early today so decided to go for a run. I went for three kilometres which is nice as I am not tired. My leg muscles are also not tired so they are getting stronger.

Now I will sleep happily.",2026-10-02_18-00-48_hk_1790956848.fit,1138,2026-10-02T16:19:53.000Z,1144.000,2603.97,165,198,79,2.407,29.71,50.821596,4.40181
2026-10-02,Running,Evening Run,"Finished work a bit early today so decided to go for a run. I went for three kilometres which is nice as I am not tired. My leg muscles are also not tired so they are getting stronger.

Now I will sleep happily.",2026-10-02_18-00-48_hk_1790956848.fit,1139,2026-10-02T16:19:54.000Z,1145.000,2605.91,165,198,79,2.409,29.71,50.821578,4.401828
2026-10-02,Running,Evening Run,"Finished work a bit early today so decided to go for a run. I went for three kilometres which is nice as I am not tired. My leg muscles are also not tired so they are getting stronger.

Now I will sleep happily.",2026-10-02_18-00-48_hk_1790956848.fit,1140,2026-10-02T16:19:55.000Z,1146.000,2607.86,165,198,77,2.388,29.71,50.82156,4.401864
2026-10-02,Running,Evening Run,"Finished work a bit early today so decided to go for a run. I went for three kilometres which is nice as I am not tired. My leg muscles are also not tired so they are getting stronger.

Now I will sleep happily.",2026-10-02_18-00-48_hk_1790956848.fit,1141,2026-10-02T16:19:56.000Z,1147.000,2609.8,165,199,77,2.334,29.72,50.821542,4.401882
2026-10-02,Running,Evening Run,"Finished work a bit early today so decided to go for a run. I went for three kilometres which is nice as I am not tired. My leg muscles are also not tired so they are getting stronger.

Now I will sleep happily.",2026-10-02_18-00-48_hk_1790956848.fit,1142,2026-10-02T16:19:57.000Z,1148.000,2612.78,165,199,77,2.328,29.72,50.821524,4.4019
2026-10-02,Running,Evening Run,"Finished work a bit early today so decided to go for a run. I went for three kilometres which is nice as I am not tired. My leg muscles are also not tired so they are getting stronger.

Now I will sleep happily.",2026-10-02_18-00-48_hk_1790956848.fit,1143,2026-10-02T16:19:58.000Z,1149.000,2615.76,165,199,79,2.363,29.72,50.821506,4.401918
2026-10-02,Running,Evening Run,"Finished work a bit early today so decided to go for a run. I went for three kilometres which is nice as I am not tired. My leg muscles are also not tired so they are getting stronger.

Now I will sleep happily.",2026-10-02_18-00-48_hk_1790956848.fit,1144,2026-10-02T16:19:59.000Z,1150.000,2617.79,166,199,79,2.355,29.73,50.821506,4.401936
2026-10-02,Running,Evening Run,"Finished work a bit early today so decided to go for a run. I went for three kilometres which is nice as I am not tired. My leg muscles are also not tired so they are getting stronger.

Now I will sleep happily.",2026-10-02_18-00-48_hk_1790956848.fit,1145,2026-10-02T16:20:00.000Z,1151.000,2619.82,166,199,79,2.347,29.73,50.821488,4.401972
2026-10-02,Running,Evening Run,"Finished work a bit early today so decided to go for a run. I went for three kilometres which is nice as I am not tired. My leg muscles are also not tired so they are getting stronger.

Now I will sleep happily.",2026-10-02_18-00-48_hk_1790956848.fit,1146,2026-10-02T16:20:01.000Z,1152.000,2621.86,166,198,79,2.313,29.73,50.82147,4.40199
2026-10-02,Running,Evening Run,"Finished work a bit early today so decided to go for a run. I went for three kilometres which is nice as I am not tired. My leg muscles are also not tired so they are getting stronger.

Now I will sleep happily.",2026-10-02_18-00-48_hk_1790956848.fit,1147,2026-10-02T16:20:02.000Z,1153.000,2625.04,166,198,79,2.332,29.74,50.821452,4.402008
2026-10-02,Running,Evening Run,"Finished work a bit early today so decided to go for a run. I went for three kilometres which is nice as I am not tired. My leg muscles are also not tired so they are getting stronger.

Now I will sleep happily.",2026-10-02_18-00-48_hk_1790956848.fit,1148,2026-10-02T16:20:03.000Z,1154.000,2628.22,166,201,79,2.427,29.74,50.821434,4.402026
2026-10-02,Running,Evening Run,"Finished work a bit early today so decided to go for a run. I went for three kilometres which is nice as I am not tired. My leg muscles are also not tired so they are getting stronger.

Now I will sleep happily.",2026-10-02_18-00-48_hk_1790956848.fit,1149,2026-10-02T16:20:04.000Z,1155.000,2630.28,166,201,77,2.442,29.74,50.821434,4.402062
2026-10-02,Running,Evening Run,"Finished work a bit early today so decided to go for a run. I went for three kilometres which is nice as I am not tired. My leg muscles are also not tired so they are getting stronger.

Now I will sleep happily.",2026-10-02_18-00-48_hk_1790956848.fit,1150,2026-10-02T16:20:05.000Z,1156.000,2632.35,165,201,77,2.425,29.74,50.821416,4.40208
2026-10-02,Running,Evening Run,"Finished work a bit early today so decided to go for a run. I went for three kilometres which is nice as I am not tired. My leg muscles are also not tired so they are getting stronger.

Now I will sleep happily.",2026-10-02_18-00-48_hk_1790956848.fit,1151,2026-10-02T16:20:06.000Z,1157.000,2634.41,165,200,77,2.364,29.75,50.821398,4.402098
2026-10-02,Running,Evening Run,"Finished work a bit early today so decided to go for a run. I went for three kilometres which is nice as I am not tired. My leg muscles are also not tired so they are getting stronger.

Now I will sleep happily.",2026-10-02_18-00-48_hk_1790956848.fit,1152,2026-10-02T16:20:07.000Z,1158.000,2636.9,165,200,78,2.324,29.75,50.82138,4.402116
2026-10-02,Running,Evening Run,"Finished work a bit early today so decided to go for a run. I went for three kilometres which is nice as I am not tired. My leg muscles are also not tired so they are getting stronger.

Now I will sleep happily.",2026-10-02_18-00-48_hk_1790956848.fit,1153,2026-10-02T16:20:08.000Z,1159.000,2639.39,165,199,78,2.348,29.75,50.821362,4.402134
2026-10-02,Running,Evening Run,"Finished work a bit early today so decided to go for a run. I went for three kilometres which is nice as I am not tired. My leg muscles are also not tired so they are getting stronger.

Now I will sleep happily.",2026-10-02_18-00-48_hk_1790956848.fit,1154,2026-10-02T16:20:09.000Z,1160.000,2641.37,165,199,78,2.348,29.75,50.821344,4.40217
2026-10-02,Running,Evening Run,"Finished work a bit early today so decided to go for a run. I went for three kilometres which is nice as I am not tired. My leg muscles are also not tired so they are getting stronger.

Now I will sleep happily.",2026-10-02_18-00-48_hk_1790956848.fit,1155,2026-10-02T16:20:10.000Z,1161.000,2643.34,165,199,76,2.348,29.76,50.821326,4.402188
2026-10-02,Running,Evening Run,"Finished work a bit early today so decided to go for a run. I went for three kilometres which is nice as I am not tired. My leg muscles are also not tired so they are getting stronger.

Now I will sleep happily.",2026-10-02_18-00-48_hk_1790956848.fit,1156,2026-10-02T16:20:11.000Z,1162.000,2645.31,165,197,76,2.295,29.76,50.821326,4.402206
2026-10-02,Running,Evening Run,"Finished work a bit early today so decided to go for a run. I went for three kilometres which is nice as I am not tired. My leg muscles are also not tired so they are getting stronger.

Now I will sleep happily.",2026-10-02_18-00-48_hk_1790956848.fit,1157,2026-10-02T16:20:12.000Z,1163.000,2646.8,165,197,76,2.26,29.76,50.821308,4.402224
2026-10-02,Running,Evening Run,"Finished work a bit early today so decided to go for a run. I went for three kilometres which is nice as I am not tired. My leg muscles are also not tired so they are getting stronger.

Now I will sleep happily.",2026-10-02_18-00-48_hk_1790956848.fit,1158,2026-10-02T16:20:13.000Z,1164.000,2648.29,165,197,76,2.188,29.77,50.82129,4.402242
2026-10-02,Running,Evening Run,"Finished work a bit early today so decided to go for a run. I went for three kilometres which is nice as I am not tired. My leg muscles are also not tired so they are getting stronger.

Now I will sleep happily.",2026-10-02_18-00-48_hk_1790956848.fit,1159,2026-10-02T16:20:14.000Z,1165.000,2649.78,165,193,76,2.159,29.77,50.821272,4.40226
2026-10-02,Running,Evening Run,"Finished work a bit early today so decided to go for a run. I went for three kilometres which is nice as I am not tired. My leg muscles are also not tired so they are getting stronger.

Now I will sleep happily.",2026-10-02_18-00-48_hk_1790956848.fit,1160,2026-10-02T16:20:15.000Z,1166.000,2653.2,165,193,76,2.228,29.77,50.821272,4.402278
2026-10-02,Running,Evening Run,"Finished work a bit early today so decided to go for a run. I went for three kilometres which is nice as I am not tired. My leg muscles are also not tired so they are getting stronger.

Now I will sleep happily.",2026-10-02_18-00-48_hk_1790956848.fit,1161,2026-10-02T16:20:16.000Z,1167.000,2656.63,165,194,76,2.305,29.77,50.821254,4.402296
2026-10-02,Running,Evening Run,"Finished work a bit early today so decided to go for a run. I went for three kilometres which is nice as I am not tired. My leg muscles are also not tired so they are getting stronger.

Now I will sleep happily.",2026-10-02_18-00-48_hk_1790956848.fit,1162,2026-10-02T16:20:17.000Z,1168.000,2658.47,165,194,76,2.301,29.77,50.821236,4.402314
2026-10-02,Running,Evening Run,"Finished work a bit early today so decided to go for a run. I went for three kilometres which is nice as I am not tired. My leg muscles are also not tired so they are getting stronger.

Now I will sleep happily.",2026-10-02_18-00-48_hk_1790956848.fit,1163,2026-10-02T16:20:18.000Z,1169.000,2660.3,165,194,76,2.296,29.78,50.821218,4.402332
2026-10-02,Running,Evening Run,"Finished work a bit early today so decided to go for a run. I went for three kilometres which is nice as I am not tired. My leg muscles are also not tired so they are getting stronger.

Now I will sleep happily.",2026-10-02_18-00-48_hk_1790956848.fit,1164,2026-10-02T16:20:19.000Z,1170.000,2662.14,165,191,79,2.276,29.78,50.8212,4.40235
2026-10-02,Running,Evening Run,"Finished work a bit early today so decided to go for a run. I went for three kilometres which is nice as I am not tired. My leg muscles are also not tired so they are getting stronger.

Now I will sleep happily.",2026-10-02_18-00-48_hk_1790956848.fit,1165,2026-10-02T16:20:20.000Z,1171.000,2664.97,165,191,79,2.269,29.78,50.821182,4.402368
2026-10-02,Running,Evening Run,"Finished work a bit early today so decided to go for a run. I went for three kilometres which is nice as I am not tired. My leg muscles are also not tired so they are getting stronger.

Now I will sleep happily.",2026-10-02_18-00-48_hk_1790956848.fit,1166,2026-10-02T16:20:21.000Z,1172.000,2667.79,166,193,79,2.273,29.78,50.821164,4.402404
2026-10-02,Running,Evening Run,"Finished work a bit early today so decided to go for a run. I went for three kilometres which is nice as I am not tired. My leg muscles are also not tired so they are getting stronger.

Now I will sleep happily.",2026-10-02_18-00-48_hk_1790956848.fit,1167,2026-10-02T16:20:22.000Z,1173.000,2669.96,166,193,77,2.279,29.79,50.821164,4.402422
2026-10-02,Running,Evening Run,"Finished work a bit early today so decided to go for a run. I went for three kilometres which is nice as I am not tired. My leg muscles are also not tired so they are getting stronger.

Now I will sleep happily.",2026-10-02_18-00-48_hk_1790956848.fit,1168,2026-10-02T16:20:23.000Z,1174.000,2672.12,166,193,77,2.285,29.79,50.821146,4.40244
2026-10-02,Running,Evening Run,"Finished work a bit early today so decided to go for a run. I went for three kilometres which is nice as I am not tired. My leg muscles are also not tired so they are getting stronger.

Now I will sleep happily.",2026-10-02_18-00-48_hk_1790956848.fit,1169,2026-10-02T16:20:24.000Z,1175.000,2674.29,166,195,77,2.28,29.79,50.821128,4.402458
2026-10-02,Running,Evening Run,"Finished work a bit early today so decided to go for a run. I went for three kilometres which is nice as I am not tired. My leg muscles are also not tired so they are getting stronger.

Now I will sleep happily.",2026-10-02_18-00-48_hk_1790956848.fit,1170,2026-10-02T16:20:25.000Z,1176.000,2677.53,166,195,79,2.282,29.8,50.82111,4.402476
2026-10-02,Running,Evening Run,"Finished work a bit early today so decided to go for a run. I went for three kilometres which is nice as I am not tired. My leg muscles are also not tired so they are getting stronger.

Now I will sleep happily.",2026-10-02_18-00-48_hk_1790956848.fit,1171,2026-10-02T16:20:26.000Z,1177.000,2680.77,166,193,79,2.295,29.8,50.821092,4.402494
2026-10-02,Running,Evening Run,"Finished work a bit early today so decided to go for a run. I went for three kilometres which is nice as I am not tired. My leg muscles are also not tired so they are getting stronger.

Now I will sleep happily.",2026-10-02_18-00-48_hk_1790956848.fit,1172,2026-10-02T16:20:27.000Z,1178.000,2682.55,166,193,79,2.282,29.8,50.821074,4.402512
2026-10-02,Running,Evening Run,"Finished work a bit early today so decided to go for a run. I went for three kilometres which is nice as I am not tired. My leg muscles are also not tired so they are getting stronger.

Now I will sleep happily.",2026-10-02_18-00-48_hk_1790956848.fit,1173,2026-10-02T16:20:28.000Z,1179.000,2684.33,166,193,78,2.26,29.8,50.821056,4.40253
2026-10-02,Running,Evening Run,"Finished work a bit early today so decided to go for a run. I went for three kilometres which is nice as I am not tired. My leg muscles are also not tired so they are getting stronger.

Now I will sleep happily.",2026-10-02_18-00-48_hk_1790956848.fit,1174,2026-10-02T16:20:29.000Z,1180.000,2686.1,166,192,78,2.248,29.81,50.821038,4.40253
2026-10-02,Running,Evening Run,"Finished work a bit early today so decided to go for a run. I went for three kilometres which is nice as I am not tired. My leg muscles are also not tired so they are getting stronger.

Now I will sleep happily.",2026-10-02_18-00-48_hk_1790956848.fit,1175,2026-10-02T16:20:30.000Z,1181.000,2688.67,166,192,78,2.251,29.81,50.82102,4.402548
2026-10-02,Running,Evening Run,"Finished work a bit early today so decided to go for a run. I went for three kilometres which is nice as I am not tired. My leg muscles are also not tired so they are getting stronger.

Now I will sleep happily.",2026-10-02_18-00-48_hk_1790956848.fit,1176,2026-10-02T16:20:31.000Z,1182.000,2691.23,166,189,78,2.254,29.81,50.821002,4.402566
2026-10-02,Running,Evening Run,"Finished work a bit early today so decided to go for a run. I went for three kilometres which is nice as I am not tired. My leg muscles are also not tired so they are getting stronger.

Now I will sleep happily.",2026-10-02_18-00-48_hk_1790956848.fit,1177,2026-10-02T16:20:32.000Z,1183.000,2692.96,166,189,78,2.243,29.81,50.820984,4.402584
2026-10-02,Running,Evening Run,"Finished work a bit early today so decided to go for a run. I went for three kilometres which is nice as I am not tired. My leg muscles are also not tired so they are getting stronger.

Now I will sleep happily.",2026-10-02_18-00-48_hk_1790956848.fit,1178,2026-10-02T16:20:33.000Z,1184.000,2694.69,166,189,78,2.233,29.82,50.820966,4.402602
2026-10-02,Running,Evening Run,"Finished work a bit early today so decided to go for a run. I went for three kilometres which is nice as I am not tired. My leg muscles are also not tired so they are getting stronger.

Now I will sleep happily.",2026-10-02_18-00-48_hk_1790956848.fit,1179,2026-10-02T16:20:34.000Z,1185.000,2696.42,165,189,77,2.222,29.82,50.820948,4.40262
2026-10-02,Running,Evening Run,"Finished work a bit early today so decided to go for a run. I went for three kilometres which is nice as I am not tired. My leg muscles are also not tired so they are getting stronger.

Now I will sleep happily.",2026-10-02_18-00-48_hk_1790956848.fit,1180,2026-10-02T16:20:35.000Z,1186.000,2698.76,165,189,77,2.294,29.82,50.820948,4.402638
2026-10-02,Running,Evening Run,"Finished work a bit early today so decided to go for a run. I went for three kilometres which is nice as I am not tired. My leg muscles are also not tired so they are getting stronger.

Now I will sleep happily.",2026-10-02_18-00-48_hk_1790956848.fit,1181,2026-10-02T16:20:36.000Z,1187.000,2701.11,165,189,77,2.333,29.83,50.82093,4.402656
2026-10-02,Running,Evening Run,"Finished work a bit early today so decided to go for a run. I went for three kilometres which is nice as I am not tired. My leg muscles are also not tired so they are getting stronger.

Now I will sleep happily.",2026-10-02_18-00-48_hk_1790956848.fit,1182,2026-10-02T16:20:37.000Z,1188.000,2703.45,165,191,76,2.284,29.83,50.820912,4.402674
2026-10-02,Running,Evening Run,"Finished work a bit early today so decided to go for a run. I went for three kilometres which is nice as I am not tired. My leg muscles are also not tired so they are getting stronger.

Now I will sleep happily.",2026-10-02_18-00-48_hk_1790956848.fit,1183,2026-10-02T16:20:38.000Z,1189.000,2706.4,165,191,76,2.313,29.83,50.820894,4.402692
2026-10-02,Running,Evening Run,"Finished work a bit early today so decided to go for a run. I went for three kilometres which is nice as I am not tired. My leg muscles are also not tired so they are getting stronger.

Now I will sleep happily.",2026-10-02_18-00-48_hk_1790956848.fit,1184,2026-10-02T16:20:39.000Z,1190.000,2709.34,165,193,76,2.312,29.84,50.820876,4.40271
2026-10-02,Running,Evening Run,"Finished work a bit early today so decided to go for a run. I went for three kilometres which is nice as I am not tired. My leg muscles are also not tired so they are getting stronger.

Now I will sleep happily.",2026-10-02_18-00-48_hk_1790956848.fit,1185,2026-10-02T16:20:40.000Z,1191.000,2711.49,165,193,76,2.327,29.84,50.820858,4.402728
2026-10-02,Running,Evening Run,"Finished work a bit early today so decided to go for a run. I went for three kilometres which is nice as I am not tired. My leg muscles are also not tired so they are getting stronger.

Now I will sleep happily.",2026-10-02_18-00-48_hk_1790956848.fit,1186,2026-10-02T16:20:41.000Z,1192.000,2713.64,165,193,76,2.341,29.84,50.82084,4.402746
2026-10-02,Running,Evening Run,"Finished work a bit early today so decided to go for a run. I went for three kilometres which is nice as I am not tired. My leg muscles are also not tired so they are getting stronger.

Now I will sleep happily.",2026-10-02_18-00-48_hk_1790956848.fit,1187,2026-10-02T16:20:42.000Z,1193.000,2715.79,165,194,76,2.31,29.85,50.820822,4.402764
2026-10-02,Running,Evening Run,"Finished work a bit early today so decided to go for a run. I went for three kilometres which is nice as I am not tired. My leg muscles are also not tired so they are getting stronger.

Now I will sleep happily.",2026-10-02_18-00-48_hk_1790956848.fit,1188,2026-10-02T16:20:43.000Z,1194.000,2718.84,165,194,77,2.32,29.85,50.820804,4.402782
2026-10-02,Running,Evening Run,"Finished work a bit early today so decided to go for a run. I went for three kilometres which is nice as I am not tired. My leg muscles are also not tired so they are getting stronger.

Now I will sleep happily.",2026-10-02_18-00-48_hk_1790956848.fit,1189,2026-10-02T16:20:44.000Z,1195.000,2721.88,165,194,77,2.36,29.85,50.820786,4.402782
2026-10-02,Running,Evening Run,"Finished work a bit early today so decided to go for a run. I went for three kilometres which is nice as I am not tired. My leg muscles are also not tired so they are getting stronger.

Now I will sleep happily.",2026-10-02_18-00-48_hk_1790956848.fit,1190,2026-10-02T16:20:45.000Z,1196.000,2723.58,165,194,77,2.339,29.85,50.820768,4.4028
2026-10-02,Running,Evening Run,"Finished work a bit early today so decided to go for a run. I went for three kilometres which is nice as I am not tired. My leg muscles are also not tired so they are getting stronger.

Now I will sleep happily.",2026-10-02_18-00-48_hk_1790956848.fit,1191,2026-10-02T16:20:46.000Z,1197.000,2725.28,165,194,78,2.318,29.86,50.82075,4.402818
2026-10-02,Running,Evening Run,"Finished work a bit early today so decided to go for a run. I went for three kilometres which is nice as I am not tired. My leg muscles are also not tired so they are getting stronger.

Now I will sleep happily.",2026-10-02_18-00-48_hk_1790956848.fit,1192,2026-10-02T16:20:47.000Z,1198.000,2726.98,165,194,78,2.291,29.86,50.820732,4.402836
2026-10-02,Running,Evening Run,"Finished work a bit early today so decided to go for a run. I went for three kilometres which is nice as I am not tired. My leg muscles are also not tired so they are getting stronger.

Now I will sleep happily.",2026-10-02_18-00-48_hk_1790956848.fit,1193,2026-10-02T16:20:48.000Z,1199.000,2730.6,165,194,78,2.307,29.86,50.820714,4.402854
2026-10-02,Running,Evening Run,"Finished work a bit early today so decided to go for a run. I went for three kilometres which is nice as I am not tired. My leg muscles are also not tired so they are getting stronger.

Now I will sleep happily.",2026-10-02_18-00-48_hk_1790956848.fit,1194,2026-10-02T16:20:49.000Z,1200.000,2734.22,165,197,78,2.349,29.87,50.820678,4.402872
2026-10-02,Running,Evening Run,"Finished work a bit early today so decided to go for a run. I went for three kilometres which is nice as I am not tired. My leg muscles are also not tired so they are getting stronger.

Now I will sleep happily.",2026-10-02_18-00-48_hk_1790956848.fit,1195,2026-10-02T16:20:50.000Z,1201.000,2736.21,165,197,78,2.386,29.87,50.82066,4.402872
2026-10-02,Running,Evening Run,"Finished work a bit early today so decided to go for a run. I went for three kilometres which is nice as I am not tired. My leg muscles are also not tired so they are getting stronger.

Now I will sleep happily.",2026-10-02_18-00-48_hk_1790956848.fit,1196,2026-10-02T16:20:51.000Z,1202.000,2738.21,165,197,78,2.368,29.87,50.820642,4.40289
2026-10-02,Running,Evening Run,"Finished work a bit early today so decided to go for a run. I went for three kilometres which is nice as I am not tired. My leg muscles are also not tired so they are getting stronger.

Now I will sleep happily.",2026-10-02_18-00-48_hk_1790956848.fit,1197,2026-10-02T16:20:52.000Z,1203.000,2740.2,165,197,79,2.342,29.87,50.820624,4.402908
2026-10-02,Running,Evening Run,"Finished work a bit early today so decided to go for a run. I went for three kilometres which is nice as I am not tired. My leg muscles are also not tired so they are getting stronger.

Now I will sleep happily.",2026-10-02_18-00-48_hk_1790956848.fit,1198,2026-10-02T16:20:53.000Z,1204.000,2742.98,165,197,79,2.382,29.88,50.820606,4.402926
2026-10-02,Running,Evening Run,"Finished work a bit early today so decided to go for a run. I went for three kilometres which is nice as I am not tired. My leg muscles are also not tired so they are getting stronger.

Now I will sleep happily.",2026-10-02_18-00-48_hk_1790956848.fit,1199,2026-10-02T16:20:54.000Z,1205.000,2745.77,166,197,79,2.433,29.88,50.820588,4.402944
2026-10-02,Running,Evening Run,"Finished work a bit early today so decided to go for a run. I went for three kilometres which is nice as I am not tired. My leg muscles are also not tired so they are getting stronger.

Now I will sleep happily.",2026-10-02_18-00-48_hk_1790956848.fit,1200,2026-10-02T16:20:55.000Z,1206.000,2747.55,166,197,76,2.435,29.88,50.82057,4.402944
2026-10-02,Running,Evening Run,"Finished work a bit early today so decided to go for a run. I went for three kilometres which is nice as I am not tired. My leg muscles are also not tired so they are getting stronger.

Now I will sleep happily.",2026-10-02_18-00-48_hk_1790956848.fit,1201,2026-10-02T16:20:56.000Z,1207.000,2749.33,166,197,76,2.408,29.88,50.820552,4.402962
2026-10-02,Running,Evening Run,"Finished work a bit early today so decided to go for a run. I went for three kilometres which is nice as I am not tired. My leg muscles are also not tired so they are getting stronger.

Now I will sleep happily.",2026-10-02_18-00-48_hk_1790956848.fit,1202,2026-10-02T16:20:57.000Z,1208.000,2751.1,166,195,76,2.379,29.89,50.820534,4.40298
2026-10-02,Running,Evening Run,"Finished work a bit early today so decided to go for a run. I went for three kilometres which is nice as I am not tired. My leg muscles are also not tired so they are getting stronger.

Now I will sleep happily.",2026-10-02_18-00-48_hk_1790956848.fit,1203,2026-10-02T16:20:58.000Z,1209.000,2753.37,166,195,79,2.376,29.89,50.820498,4.40298
2026-10-02,Running,Evening Run,"Finished work a bit early today so decided to go for a run. I went for three kilometres which is nice as I am not tired. My leg muscles are also not tired so they are getting stronger.

Now I will sleep happily.",2026-10-02_18-00-48_hk_1790956848.fit,1204,2026-10-02T16:20:59.000Z,1210.000,2755.64,166,195,79,2.372,29.89,50.82048,4.402998
2026-10-02,Running,Evening Run,"Finished work a bit early today so decided to go for a run. I went for three kilometres which is nice as I am not tired. My leg muscles are also not tired so they are getting stronger.

Now I will sleep happily.",2026-10-02_18-00-48_hk_1790956848.fit,1205,2026-10-02T16:21:00.000Z,1211.000,2757.91,166,197,79,2.342,29.9,50.820462,4.402998
2026-10-02,Running,Evening Run,"Finished work a bit early today so decided to go for a run. I went for three kilometres which is nice as I am not tired. My leg muscles are also not tired so they are getting stronger.

Now I will sleep happily.",2026-10-02_18-00-48_hk_1790956848.fit,1206,2026-10-02T16:21:01.000Z,1212.000,2761.31,165,197,79,2.362,29.9,50.820444,4.403016
2026-10-02,Running,Evening Run,"Finished work a bit early today so decided to go for a run. I went for three kilometres which is nice as I am not tired. My leg muscles are also not tired so they are getting stronger.

Now I will sleep happily.",2026-10-02_18-00-48_hk_1790956848.fit,1207,2026-10-02T16:21:02.000Z,1213.000,2764.71,165,198,79,2.432,29.9,50.820426,4.403016
2026-10-02,Running,Evening Run,"Finished work a bit early today so decided to go for a run. I went for three kilometres which is nice as I am not tired. My leg muscles are also not tired so they are getting stronger.

Now I will sleep happily.",2026-10-02_18-00-48_hk_1790956848.fit,1208,2026-10-02T16:21:03.000Z,1214.000,2766.67,165,198,79,2.423,29.91,50.820408,4.403034
2026-10-02,Running,Evening Run,"Finished work a bit early today so decided to go for a run. I went for three kilometres which is nice as I am not tired. My leg muscles are also not tired so they are getting stronger.

Now I will sleep happily.",2026-10-02_18-00-48_hk_1790956848.fit,1209,2026-10-02T16:21:04.000Z,1215.000,2768.64,165,198,79,2.402,29.91,50.82039,4.403034
2026-10-02,Running,Evening Run,"Finished work a bit early today so decided to go for a run. I went for three kilometres which is nice as I am not tired. My leg muscles are also not tired so they are getting stronger.

Now I will sleep happily.",2026-10-02_18-00-48_hk_1790956848.fit,1210,2026-10-02T16:21:05.000Z,1216.000,2770.6,165,199,79,2.353,29.91,50.820372,4.403052
2026-10-02,Running,Evening Run,"Finished work a bit early today so decided to go for a run. I went for three kilometres which is nice as I am not tired. My leg muscles are also not tired so they are getting stronger.

Now I will sleep happily.",2026-10-02_18-00-48_hk_1790956848.fit,1211,2026-10-02T16:21:06.000Z,1217.000,2773.07,165,199,79,2.327,29.91,50.820336,4.403052
2026-10-02,Running,Evening Run,"Finished work a bit early today so decided to go for a run. I went for three kilometres which is nice as I am not tired. My leg muscles are also not tired so they are getting stronger.

Now I will sleep happily.",2026-10-02_18-00-48_hk_1790956848.fit,1212,2026-10-02T16:21:07.000Z,1218.000,2775.53,166,199,79,2.393,29.92,50.820318,4.40307
2026-10-02,Running,Evening Run,"Finished work a bit early today so decided to go for a run. I went for three kilometres which is nice as I am not tired. My leg muscles are also not tired so they are getting stronger.

Now I will sleep happily.",2026-10-02_18-00-48_hk_1790956848.fit,1213,2026-10-02T16:21:08.000Z,1219.000,2777.51,166,199,79,2.406,29.92,50.8203,4.403088
2026-10-02,Running,Evening Run,"Finished work a bit early today so decided to go for a run. I went for three kilometres which is nice as I am not tired. My leg muscles are also not tired so they are getting stronger.

Now I will sleep happily.",2026-10-02_18-00-48_hk_1790956848.fit,1214,2026-10-02T16:21:09.000Z,1220.000,2779.49,166,199,79,2.387,29.92,50.820282,4.403088
2026-10-02,Running,Evening Run,"Finished work a bit early today so decided to go for a run. I went for three kilometres which is nice as I am not tired. My leg muscles are also not tired so they are getting stronger.

Now I will sleep happily.",2026-10-02_18-00-48_hk_1790956848.fit,1215,2026-10-02T16:21:10.000Z,1221.000,2781.48,166,198,79,2.312,29.92,50.820264,4.403106
2026-10-02,Running,Evening Run,"Finished work a bit early today so decided to go for a run. I went for three kilometres which is nice as I am not tired. My leg muscles are also not tired so they are getting stronger.

Now I will sleep happily.",2026-10-02_18-00-48_hk_1790956848.fit,1216,2026-10-02T16:21:11.000Z,1222.000,2784.46,166,198,79,2.283,29.93,50.820246,4.403124
2026-10-02,Running,Evening Run,"Finished work a bit early today so decided to go for a run. I went for three kilometres which is nice as I am not tired. My leg muscles are also not tired so they are getting stronger.

Now I will sleep happily.",2026-10-02_18-00-48_hk_1790956848.fit,1217,2026-10-02T16:21:12.000Z,1223.000,2787.44,166,199,79,2.329,29.93,50.820228,4.403124
2026-10-02,Running,Evening Run,"Finished work a bit early today so decided to go for a run. I went for three kilometres which is nice as I am not tired. My leg muscles are also not tired so they are getting stronger.

Now I will sleep happily.",2026-10-02_18-00-48_hk_1790956848.fit,1218,2026-10-02T16:21:13.000Z,1224.000,2789.36,166,199,76,2.325,29.93,50.820192,4.403142
2026-10-02,Running,Evening Run,"Finished work a bit early today so decided to go for a run. I went for three kilometres which is nice as I am not tired. My leg muscles are also not tired so they are getting stronger.

Now I will sleep happily.",2026-10-02_18-00-48_hk_1790956848.fit,1219,2026-10-02T16:21:14.000Z,1225.000,2791.27,166,199,76,2.321,29.93,50.820174,4.403142
2026-10-02,Running,Evening Run,"Finished work a bit early today so decided to go for a run. I went for three kilometres which is nice as I am not tired. My leg muscles are also not tired so they are getting stronger.

Now I will sleep happily.",2026-10-02_18-00-48_hk_1790956848.fit,1220,2026-10-02T16:21:15.000Z,1226.000,2793.18,166,198,76,2.281,29.94,50.820156,4.403142
2026-10-02,Running,Evening Run,"Finished work a bit early today so decided to go for a run. I went for three kilometres which is nice as I am not tired. My leg muscles are also not tired so they are getting stronger.

Now I will sleep happily.",2026-10-02_18-00-48_hk_1790956848.fit,1221,2026-10-02T16:21:16.000Z,1227.000,2795.94,166,198,79,2.28,29.94,50.820138,4.40316
2026-10-02,Running,Evening Run,"Finished work a bit early today so decided to go for a run. I went for three kilometres which is nice as I am not tired. My leg muscles are also not tired so they are getting stronger.

Now I will sleep happily.",2026-10-02_18-00-48_hk_1790956848.fit,1222,2026-10-02T16:21:17.000Z,1228.000,2798.69,165,197,79,2.325,29.94,50.82012,4.40316
2026-10-02,Running,Evening Run,"Finished work a bit early today so decided to go for a run. I went for three kilometres which is nice as I am not tired. My leg muscles are also not tired so they are getting stronger.

Now I will sleep happily.",2026-10-02_18-00-48_hk_1790956848.fit,1223,2026-10-02T16:21:18.000Z,1229.000,2800.42,165,197,79,2.322,29.95,50.820102,4.40316
2026-10-02,Running,Evening Run,"Finished work a bit early today so decided to go for a run. I went for three kilometres which is nice as I am not tired. My leg muscles are also not tired so they are getting stronger.

Now I will sleep happily.",2026-10-02_18-00-48_hk_1790956848.fit,1224,2026-10-02T16:21:19.000Z,1230.000,2802.14,165,197,79,2.32,29.95,50.820084,4.403178
2026-10-02,Running,Evening Run,"Finished work a bit early today so decided to go for a run. I went for three kilometres which is nice as I am not tired. My leg muscles are also not tired so they are getting stronger.

Now I will sleep happily.",2026-10-02_18-00-48_hk_1790956848.fit,1225,2026-10-02T16:21:20.000Z,1231.000,2803.86,165,195,79,2.295,29.95,50.820066,4.403178
2026-10-02,Running,Evening Run,"Finished work a bit early today so decided to go for a run. I went for three kilometres which is nice as I am not tired. My leg muscles are also not tired so they are getting stronger.

Now I will sleep happily.",2026-10-02_18-00-48_hk_1790956848.fit,1226,2026-10-02T16:21:21.000Z,1232.000,2805.82,165,195,79,2.281,29.95,50.820048,4.403178
2026-10-02,Running,Evening Run,"Finished work a bit early today so decided to go for a run. I went for three kilometres which is nice as I am not tired. My leg muscles are also not tired so they are getting stronger.

Now I will sleep happily.",2026-10-02_18-00-48_hk_1790956848.fit,1227,2026-10-02T16:21:22.000Z,1233.000,2807.77,168,195,79,2.267,29.96,50.82003,4.403196
2026-10-02,Running,Evening Run,"Finished work a bit early today so decided to go for a run. I went for three kilometres which is nice as I am not tired. My leg muscles are also not tired so they are getting stronger.

Now I will sleep happily.",2026-10-02_18-00-48_hk_1790956848.fit,1228,2026-10-02T16:21:23.000Z,1234.000,2809.73,168,197,79,2.253,29.96,50.819994,4.403196
2026-10-02,Running,Evening Run,"Finished work a bit early today so decided to go for a run. I went for three kilometres which is nice as I am not tired. My leg muscles are also not tired so they are getting stronger.

Now I will sleep happily.",2026-10-02_18-00-48_hk_1790956848.fit,1229,2026-10-02T16:21:24.000Z,1235.000,2813.16,168,197,79,2.254,29.96,50.819976,4.403196
2026-10-02,Running,Evening Run,"Finished work a bit early today so decided to go for a run. I went for three kilometres which is nice as I am not tired. My leg muscles are also not tired so they are getting stronger.

Now I will sleep happily.",2026-10-02_18-00-48_hk_1790956848.fit,1230,2026-10-02T16:21:25.000Z,1236.000,2816.6,168,200,79,2.256,29.96,50.819958,4.403214
2026-10-02,Running,Evening Run,"Finished work a bit early today so decided to go for a run. I went for three kilometres which is nice as I am not tired. My leg muscles are also not tired so they are getting stronger.

Now I will sleep happily.",2026-10-02_18-00-48_hk_1790956848.fit,1231,2026-10-02T16:21:26.000Z,1237.000,2818.28,168,200,79,2.244,29.97,50.81994,4.403214
2026-10-02,Running,Evening Run,"Finished work a bit early today so decided to go for a run. I went for three kilometres which is nice as I am not tired. My leg muscles are also not tired so they are getting stronger.

Now I will sleep happily.",2026-10-02_18-00-48_hk_1790956848.fit,1232,2026-10-02T16:21:27.000Z,1238.000,2819.97,169,200,79,2.232,29.97,50.819922,4.403214
2026-10-02,Running,Evening Run,"Finished work a bit early today so decided to go for a run. I went for three kilometres which is nice as I am not tired. My leg muscles are also not tired so they are getting stronger.

Now I will sleep happily.",2026-10-02_18-00-48_hk_1790956848.fit,1233,2026-10-02T16:21:28.000Z,1239.000,2821.66,169,197,76,2.22,29.97,50.819904,4.403232
2026-10-02,Running,Evening Run,"Finished work a bit early today so decided to go for a run. I went for three kilometres which is nice as I am not tired. My leg muscles are also not tired so they are getting stronger.

Now I will sleep happily.",2026-10-02_18-00-48_hk_1790956848.fit,1234,2026-10-02T16:21:29.000Z,1240.000,2825.55,168,197,76,2.274,29.97,50.819886,4.403232
2026-10-02,Running,Evening Run,"Finished work a bit early today so decided to go for a run. I went for three kilometres which is nice as I am not tired. My leg muscles are also not tired so they are getting stronger.

Now I will sleep happily.",2026-10-02_18-00-48_hk_1790956848.fit,1235,2026-10-02T16:21:30.000Z,1241.000,2829.45,168,203,76,2.361,29.97,50.81985,4.403232
2026-10-02,Running,Evening Run,"Finished work a bit early today so decided to go for a run. I went for three kilometres which is nice as I am not tired. My leg muscles are also not tired so they are getting stronger.

Now I will sleep happily.",2026-10-02_18-00-48_hk_1790956848.fit,1236,2026-10-02T16:21:31.000Z,1242.000,2831.37,168,203,77,2.358,29.98,50.819832,4.40325
2026-10-02,Running,Evening Run,"Finished work a bit early today so decided to go for a run. I went for three kilometres which is nice as I am not tired. My leg muscles are also not tired so they are getting stronger.

Now I will sleep happily.",2026-10-02_18-00-48_hk_1790956848.fit,1237,2026-10-02T16:21:32.000Z,1243.000,2833.29,168,203,77,2.355,29.98,50.819814,4.40325
2026-10-02,Running,Evening Run,"Finished work a bit early today so decided to go for a run. I went for three kilometres which is nice as I am not tired. My leg muscles are also not tired so they are getting stronger.

Now I will sleep happily.",2026-10-02_18-00-48_hk_1790956848.fit,1238,2026-10-02T16:21:33.000Z,1244.000,2835.21,168,202,77,2.307,29.98,50.819796,4.40325
2026-10-02,Running,Evening Run,"Finished work a bit early today so decided to go for a run. I went for three kilometres which is nice as I am not tired. My leg muscles are also not tired so they are getting stronger.

Now I will sleep happily.",2026-10-02_18-00-48_hk_1790956848.fit,1239,2026-10-02T16:21:34.000Z,1245.000,2837.75,168,202,78,2.287,29.98,50.819778,4.40325
2026-10-02,Running,Evening Run,"Finished work a bit early today so decided to go for a run. I went for three kilometres which is nice as I am not tired. My leg muscles are also not tired so they are getting stronger.

Now I will sleep happily.",2026-10-02_18-00-48_hk_1790956848.fit,1240,2026-10-02T16:21:35.000Z,1246.000,2840.29,168,200,78,2.315,29.98,50.81976,4.40325
2026-10-02,Running,Evening Run,"Finished work a bit early today so decided to go for a run. I went for three kilometres which is nice as I am not tired. My leg muscles are also not tired so they are getting stronger.

Now I will sleep happily.",2026-10-02_18-00-48_hk_1790956848.fit,1241,2026-10-02T16:21:36.000Z,1247.000,2842.55,168,200,78,2.331,29.98,50.819724,4.403268
2026-10-02,Running,Evening Run,"Finished work a bit early today so decided to go for a run. I went for three kilometres which is nice as I am not tired. My leg muscles are also not tired so they are getting stronger.

Now I will sleep happily.",2026-10-02_18-00-48_hk_1790956848.fit,1242,2026-10-02T16:21:37.000Z,1248.000,2844.81,168,200,78,2.347,29.98,50.819706,4.403268
2026-10-02,Running,Evening Run,"Finished work a bit early today so decided to go for a run. I went for three kilometres which is nice as I am not tired. My leg muscles are also not tired so they are getting stronger.

Now I will sleep happily.",2026-10-02_18-00-48_hk_1790956848.fit,1243,2026-10-02T16:21:38.000Z,1249.000,2847.07,168,203,78,2.324,29.98,50.819688,4.403268
2026-10-02,Running,Evening Run,"Finished work a bit early today so decided to go for a run. I went for three kilometres which is nice as I am not tired. My leg muscles are also not tired so they are getting stronger.

Now I will sleep happily.",2026-10-02_18-00-48_hk_1790956848.fit,1244,2026-10-02T16:21:39.000Z,1250.000,2849.28,168,203,78,2.299,29.98,50.81967,4.403268
2026-10-02,Running,Evening Run,"Finished work a bit early today so decided to go for a run. I went for three kilometres which is nice as I am not tired. My leg muscles are also not tired so they are getting stronger.

Now I will sleep happily.",2026-10-02_18-00-48_hk_1790956848.fit,1245,2026-10-02T16:21:40.000Z,1251.000,2851.48,167,203,79,2.321,29.98,50.819634,4.403268
2026-10-02,Running,Evening Run,"Finished work a bit early today so decided to go for a run. I went for three kilometres which is nice as I am not tired. My leg muscles are also not tired so they are getting stronger.

Now I will sleep happily.",2026-10-02_18-00-48_hk_1790956848.fit,1246,2026-10-02T16:21:41.000Z,1252.000,2853.69,167,203,79,2.343,29.98,50.819616,4.403268
2026-10-02,Running,Evening Run,"Finished work a bit early today so decided to go for a run. I went for three kilometres which is nice as I am not tired. My leg muscles are also not tired so they are getting stronger.

Now I will sleep happily.",2026-10-02_18-00-48_hk_1790956848.fit,1247,2026-10-02T16:21:42.000Z,1253.000,2856.29,167,203,79,2.404,29.98,50.819598,4.403268
2026-10-02,Running,Evening Run,"Finished work a bit early today so decided to go for a run. I went for three kilometres which is nice as I am not tired. My leg muscles are also not tired so they are getting stronger.

Now I will sleep happily.",2026-10-02_18-00-48_hk_1790956848.fit,1248,2026-10-02T16:21:43.000Z,1254.000,2858.89,167,200,72,2.434,29.98,50.81958,4.403268
2026-10-02,Running,Evening Run,"Finished work a bit early today so decided to go for a run. I went for three kilometres which is nice as I am not tired. My leg muscles are also not tired so they are getting stronger.

Now I will sleep happily.",2026-10-02_18-00-48_hk_1790956848.fit,1249,2026-10-02T16:21:44.000Z,1255.000,2861.18,167,200,72,2.45,29.98,50.819562,4.403286
2026-10-02,Running,Evening Run,"Finished work a bit early today so decided to go for a run. I went for three kilometres which is nice as I am not tired. My leg muscles are also not tired so they are getting stronger.

Now I will sleep happily.",2026-10-02_18-00-48_hk_1790956848.fit,1250,2026-10-02T16:21:45.000Z,1256.000,2863.47,167,200,72,2.395,29.98,50.819544,4.403286
2026-10-02,Running,Evening Run,"Finished work a bit early today so decided to go for a run. I went for three kilometres which is nice as I am not tired. My leg muscles are also not tired so they are getting stronger.

Now I will sleep happily.",2026-10-02_18-00-48_hk_1790956848.fit,1251,2026-10-02T16:21:46.000Z,1257.000,2865.76,167,202,73,2.391,29.98,50.819508,4.403286
2026-10-02,Running,Evening Run,"Finished work a bit early today so decided to go for a run. I went for three kilometres which is nice as I am not tired. My leg muscles are also not tired so they are getting stronger.

Now I will sleep happily.",2026-10-02_18-00-48_hk_1790956848.fit,1252,2026-10-02T16:21:47.000Z,1258.000,2868.01,167,202,73,2.337,29.98,50.81949,4.403286
2026-10-02,Running,Evening Run,"Finished work a bit early today so decided to go for a run. I went for three kilometres which is nice as I am not tired. My leg muscles are also not tired so they are getting stronger.

Now I will sleep happily.",2026-10-02_18-00-48_hk_1790956848.fit,1253,2026-10-02T16:21:48.000Z,1259.000,2870.27,167,198,73,2.395,29.98,50.819472,4.403286
2026-10-02,Running,Evening Run,"Finished work a bit early today so decided to go for a run. I went for three kilometres which is nice as I am not tired. My leg muscles are also not tired so they are getting stronger.

Now I will sleep happily.",2026-10-02_18-00-48_hk_1790956848.fit,1254,2026-10-02T16:21:49.000Z,1260.000,2872.23,167,198,73,2.408,29.98,50.819454,4.403286
2026-10-02,Running,Evening Run,"Finished work a bit early today so decided to go for a run. I went for three kilometres which is nice as I am not tired. My leg muscles are also not tired so they are getting stronger.

Now I will sleep happily.",2026-10-02_18-00-48_hk_1790956848.fit,1255,2026-10-02T16:21:50.000Z,1261.000,2874.18,167,198,73,2.387,29.98,50.819418,4.403286
2026-10-02,Running,Evening Run,"Finished work a bit early today so decided to go for a run. I went for three kilometres which is nice as I am not tired. My leg muscles are also not tired so they are getting stronger.

Now I will sleep happily.",2026-10-02_18-00-48_hk_1790956848.fit,1256,2026-10-02T16:21:51.000Z,1262.000,2876.13,167,199,73,2.299,29.98,50.8194,4.403286
2026-10-02,Running,Evening Run,"Finished work a bit early today so decided to go for a run. I went for three kilometres which is nice as I am not tired. My leg muscles are also not tired so they are getting stronger.

Now I will sleep happily.",2026-10-02_18-00-48_hk_1790956848.fit,1257,2026-10-02T16:21:52.000Z,1263.000,2879.74,165,199,73,2.286,29.98,50.819382,4.403286
2026-10-02,Running,Evening Run,"Finished work a bit early today so decided to go for a run. I went for three kilometres which is nice as I am not tired. My leg muscles are also not tired so they are getting stronger.

Now I will sleep happily.",2026-10-02_18-00-48_hk_1790956848.fit,1258,2026-10-02T16:21:53.000Z,1264.000,2883.35,165,202,73,2.384,29.98,50.819364,4.403286
2026-10-02,Running,Evening Run,"Finished work a bit early today so decided to go for a run. I went for three kilometres which is nice as I am not tired. My leg muscles are also not tired so they are getting stronger.

Now I will sleep happily.",2026-10-02_18-00-48_hk_1790956848.fit,1259,2026-10-02T16:21:54.000Z,1265.000,2885.99,165,202,73,2.418,29.98,50.819346,4.403286
2026-10-02,Running,Evening Run,"Finished work a bit early today so decided to go for a run. I went for three kilometres which is nice as I am not tired. My leg muscles are also not tired so they are getting stronger.

Now I will sleep happily.",2026-10-02_18-00-48_hk_1790956848.fit,1260,2026-10-02T16:21:55.000Z,1266.000,2888.64,165,202,79,2.423,29.98,50.81931,4.403286
2026-10-02,Running,Evening Run,"Finished work a bit early today so decided to go for a run. I went for three kilometres which is nice as I am not tired. My leg muscles are also not tired so they are getting stronger.

Now I will sleep happily.",2026-10-02_18-00-48_hk_1790956848.fit,1261,2026-10-02T16:21:56.000Z,1267.000,2891.28,165,204,79,2.428,29.98,50.819292,4.403286
2026-10-02,Running,Evening Run,"Finished work a bit early today so decided to go for a run. I went for three kilometres which is nice as I am not tired. My leg muscles are also not tired so they are getting stronger.

Now I will sleep happily.",2026-10-02_18-00-48_hk_1790956848.fit,1262,2026-10-02T16:21:57.000Z,1268.000,2894.1,165,204,79,2.455,29.97,50.819274,4.403268
2026-10-02,Running,Evening Run,"Finished work a bit early today so decided to go for a run. I went for three kilometres which is nice as I am not tired. My leg muscles are also not tired so they are getting stronger.

Now I will sleep happily.",2026-10-02_18-00-48_hk_1790956848.fit,1263,2026-10-02T16:21:58.000Z,1269.000,2896.92,165,203,77,2.482,29.97,50.819256,4.403268
2026-10-02,Running,Evening Run,"Finished work a bit early today so decided to go for a run. I went for three kilometres which is nice as I am not tired. My leg muscles are also not tired so they are getting stronger.

Now I will sleep happily.",2026-10-02_18-00-48_hk_1790956848.fit,1264,2026-10-02T16:21:59.000Z,1270.000,2898.93,165,203,77,2.469,29.97,50.819238,4.403268
2026-10-02,Running,Evening Run,"Finished work a bit early today so decided to go for a run. I went for three kilometres which is nice as I am not tired. My leg muscles are also not tired so they are getting stronger.

Now I will sleep happily.",2026-10-02_18-00-48_hk_1790956848.fit,1265,2026-10-02T16:22:00.000Z,1271.000,2900.93,165,203,77,2.46,29.97,50.81922,4.40325
2026-10-02,Running,Evening Run,"Finished work a bit early today so decided to go for a run. I went for three kilometres which is nice as I am not tired. My leg muscles are also not tired so they are getting stronger.

Now I will sleep happily.",2026-10-02_18-00-48_hk_1790956848.fit,1266,2026-10-02T16:22:01.000Z,1272.000,2902.93,165,200,79,2.45,29.97,50.819184,4.40325
2026-10-02,Running,Evening Run,"Finished work a bit early today so decided to go for a run. I went for three kilometres which is nice as I am not tired. My leg muscles are also not tired so they are getting stronger.

Now I will sleep happily.",2026-10-02_18-00-48_hk_1790956848.fit,1267,2026-10-02T16:22:02.000Z,1273.000,2904.98,165,200,79,2.442,29.97,50.819166,4.40325
2026-10-02,Running,Evening Run,"Finished work a bit early today so decided to go for a run. I went for three kilometres which is nice as I am not tired. My leg muscles are also not tired so they are getting stronger.

Now I will sleep happily.",2026-10-02_18-00-48_hk_1790956848.fit,1268,2026-10-02T16:22:03.000Z,1274.000,2907.02,165,200,79,2.416,29.97,50.819148,4.403232
2026-10-02,Running,Evening Run,"Finished work a bit early today so decided to go for a run. I went for three kilometres which is nice as I am not tired. My leg muscles are also not tired so they are getting stronger.

Now I will sleep happily.",2026-10-02_18-00-48_hk_1790956848.fit,1269,2026-10-02T16:22:04.000Z,1275.000,2909.06,165,198,79,2.389,29.97,50.81913,4.403232
2026-10-02,Running,Evening Run,"Finished work a bit early today so decided to go for a run. I went for three kilometres which is nice as I am not tired. My leg muscles are also not tired so they are getting stronger.

Now I will sleep happily.",2026-10-02_18-00-48_hk_1790956848.fit,1270,2026-10-02T16:22:05.000Z,1276.000,2911.6,165,198,79,2.401,29.97,50.819112,4.403232
2026-10-02,Running,Evening Run,"Finished work a bit early today so decided to go for a run. I went for three kilometres which is nice as I am not tired. My leg muscles are also not tired so they are getting stronger.

Now I will sleep happily.",2026-10-02_18-00-48_hk_1790956848.fit,1271,2026-10-02T16:22:06.000Z,1277.000,2914.14,167,197,79,2.413,29.97,50.819094,4.403214
2026-10-02,Running,Evening Run,"Finished work a bit early today so decided to go for a run. I went for three kilometres which is nice as I am not tired. My leg muscles are also not tired so they are getting stronger.

Now I will sleep happily.",2026-10-02_18-00-48_hk_1790956848.fit,1272,2026-10-02T16:22:07.000Z,1278.000,2916.14,167,197,77,2.399,29.97,50.819076,4.403214
2026-10-02,Running,Evening Run,"Finished work a bit early today so decided to go for a run. I went for three kilometres which is nice as I am not tired. My leg muscles are also not tired so they are getting stronger.

Now I will sleep happily.",2026-10-02_18-00-48_hk_1790956848.fit,1273,2026-10-02T16:22:08.000Z,1279.000,2918.13,167,197,77,2.387,29.97,50.81904,4.403196
2026-10-02,Running,Evening Run,"Finished work a bit early today so decided to go for a run. I went for three kilometres which is nice as I am not tired. My leg muscles are also not tired so they are getting stronger.

Now I will sleep happily.",2026-10-02_18-00-48_hk_1790956848.fit,1274,2026-10-02T16:22:09.000Z,1280.000,2920.13,167,195,77,2.369,29.97,50.819022,4.403196
2026-10-02,Running,Evening Run,"Finished work a bit early today so decided to go for a run. I went for three kilometres which is nice as I am not tired. My leg muscles are also not tired so they are getting stronger.

Now I will sleep happily.",2026-10-02_18-00-48_hk_1790956848.fit,1275,2026-10-02T16:22:10.000Z,1281.000,2923.56,167,195,79,2.445,29.97,50.819004,4.403178
2026-10-02,Running,Evening Run,"Finished work a bit early today so decided to go for a run. I went for three kilometres which is nice as I am not tired. My leg muscles are also not tired so they are getting stronger.

Now I will sleep happily.",2026-10-02_18-00-48_hk_1790956848.fit,1276,2026-10-02T16:22:11.000Z,1282.000,2927,165,195,79,2.543,29.97,50.818986,4.40316
2026-10-02,Running,Evening Run,"Finished work a bit early today so decided to go for a run. I went for three kilometres which is nice as I am not tired. My leg muscles are also not tired so they are getting stronger.

Now I will sleep happily.",2026-10-02_18-00-48_hk_1790956848.fit,1277,2026-10-02T16:22:12.000Z,1283.000,2928.83,165,195,79,2.51,29.96,50.818968,4.40316
2026-10-02,Running,Evening Run,"Finished work a bit early today so decided to go for a run. I went for three kilometres which is nice as I am not tired. My leg muscles are also not tired so they are getting stronger.

Now I will sleep happily.",2026-10-02_18-00-48_hk_1790956848.fit,1278,2026-10-02T16:22:13.000Z,1284.000,2930.66,165,195,78,2.425,29.96,50.81895,4.403142
2026-10-02,Running,Evening Run,"Finished work a bit early today so decided to go for a run. I went for three kilometres which is nice as I am not tired. My leg muscles are also not tired so they are getting stronger.

Now I will sleep happily.",2026-10-02_18-00-48_hk_1790956848.fit,1279,2026-10-02T16:22:14.000Z,1285.000,2932.5,165,195,78,2.398,29.96,50.818932,4.403124
2026-10-02,Running,Evening Run,"Finished work a bit early today so decided to go for a run. I went for three kilometres which is nice as I am not tired. My leg muscles are also not tired so they are getting stronger.

Now I will sleep happily.",2026-10-02_18-00-48_hk_1790956848.fit,1280,2026-10-02T16:22:15.000Z,1286.000,2935.44,165,195,78,2.368,29.96,50.818914,4.403124
2026-10-02,Running,Evening Run,"Finished work a bit early today so decided to go for a run. I went for three kilometres which is nice as I am not tired. My leg muscles are also not tired so they are getting stronger.

Now I will sleep happily.",2026-10-02_18-00-48_hk_1790956848.fit,1281,2026-10-02T16:22:16.000Z,1287.000,2938.38,165,193,78,2.381,29.96,50.818878,4.403106
2026-10-02,Running,Evening Run,"Finished work a bit early today so decided to go for a run. I went for three kilometres which is nice as I am not tired. My leg muscles are also not tired so they are getting stronger.

Now I will sleep happily.",2026-10-02_18-00-48_hk_1790956848.fit,1282,2026-10-02T16:22:17.000Z,1288.000,2940.71,165,193,78,2.367,29.96,50.81886,4.403106
2026-10-02,Running,Evening Run,"Finished work a bit early today so decided to go for a run. I went for three kilometres which is nice as I am not tired. My leg muscles are also not tired so they are getting stronger.

Now I will sleep happily.",2026-10-02_18-00-48_hk_1790956848.fit,1283,2026-10-02T16:22:18.000Z,1289.000,2943.04,166,193,78,2.353,29.95,50.818842,4.403088
2026-10-02,Running,Evening Run,"Finished work a bit early today so decided to go for a run. I went for three kilometres which is nice as I am not tired. My leg muscles are also not tired so they are getting stronger.

Now I will sleep happily.",2026-10-02_18-00-48_hk_1790956848.fit,1284,2026-10-02T16:22:19.000Z,1290.000,2945.37,166,193,79,2.331,29.95,50.818824,4.40307
2026-10-02,Running,Evening Run,"Finished work a bit early today so decided to go for a run. I went for three kilometres which is nice as I am not tired. My leg muscles are also not tired so they are getting stronger.

Now I will sleep happily.",2026-10-02_18-00-48_hk_1790956848.fit,1285,2026-10-02T16:22:20.000Z,1291.000,2948.11,166,193,79,2.327,29.94,50.818806,4.40307
2026-10-02,Running,Evening Run,"Finished work a bit early today so decided to go for a run. I went for three kilometres which is nice as I am not tired. My leg muscles are also not tired so they are getting stronger.

Now I will sleep happily.",2026-10-02_18-00-48_hk_1790956848.fit,1286,2026-10-02T16:22:21.000Z,1292.000,2950.84,167,192,79,2.36,29.94,50.818788,4.403052
2026-10-02,Running,Evening Run,"Finished work a bit early today so decided to go for a run. I went for three kilometres which is nice as I am not tired. My leg muscles are also not tired so they are getting stronger.

Now I will sleep happily.",2026-10-02_18-00-48_hk_1790956848.fit,1287,2026-10-02T16:22:22.000Z,1293.000,2953.12,167,192,76,2.39,29.93,50.81877,4.403052
2026-10-02,Running,Evening Run,"Finished work a bit early today so decided to go for a run. I went for three kilometres which is nice as I am not tired. My leg muscles are also not tired so they are getting stronger.

Now I will sleep happily.",2026-10-02_18-00-48_hk_1790956848.fit,1288,2026-10-02T16:22:23.000Z,1294.000,2955.39,167,192,76,2.401,29.92,50.818734,4.403034
2026-10-02,Running,Evening Run,"Finished work a bit early today so decided to go for a run. I went for three kilometres which is nice as I am not tired. My leg muscles are also not tired so they are getting stronger.

Now I will sleep happily.",2026-10-02_18-00-48_hk_1790956848.fit,1289,2026-10-02T16:22:24.000Z,1295.000,2957.67,167,194,76,2.412,29.91,50.818716,4.403016
2026-10-02,Running,Evening Run,"Finished work a bit early today so decided to go for a run. I went for three kilometres which is nice as I am not tired. My leg muscles are also not tired so they are getting stronger.

Now I will sleep happily.",2026-10-02_18-00-48_hk_1790956848.fit,1290,2026-10-02T16:22:25.000Z,1296.000,2959.65,167,194,79,2.409,29.9,50.818698,4.402998
2026-10-02,Running,Evening Run,"Finished work a bit early today so decided to go for a run. I went for three kilometres which is nice as I am not tired. My leg muscles are also not tired so they are getting stronger.

Now I will sleep happily.",2026-10-02_18-00-48_hk_1790956848.fit,1291,2026-10-02T16:22:26.000Z,1297.000,2961.62,167,194,79,2.382,29.88,50.81868,4.402998
2026-10-02,Running,Evening Run,"Finished work a bit early today so decided to go for a run. I went for three kilometres which is nice as I am not tired. My leg muscles are also not tired so they are getting stronger.

Now I will sleep happily.",2026-10-02_18-00-48_hk_1790956848.fit,1292,2026-10-02T16:22:27.000Z,1298.000,2963.59,167,192,79,2.363,29.87,50.818662,4.40298
2026-10-02,Running,Evening Run,"Finished work a bit early today so decided to go for a run. I went for three kilometres which is nice as I am not tired. My leg muscles are also not tired so they are getting stronger.

Now I will sleep happily.",2026-10-02_18-00-48_hk_1790956848.fit,1293,2026-10-02T16:22:28.000Z,1299.000,2967.06,168,192,78,2.425,29.86,50.818644,4.40298
2026-10-02,Running,Evening Run,"Finished work a bit early today so decided to go for a run. I went for three kilometres which is nice as I am not tired. My leg muscles are also not tired so they are getting stronger.

Now I will sleep happily.",2026-10-02_18-00-48_hk_1790956848.fit,1294,2026-10-02T16:22:29.000Z,1300.000,2970.53,168,196,78,2.52,29.85,50.818626,4.402962
2026-10-02,Running,Evening Run,"Finished work a bit early today so decided to go for a run. I went for three kilometres which is nice as I am not tired. My leg muscles are also not tired so they are getting stronger.

Now I will sleep happily.",2026-10-02_18-00-48_hk_1790956848.fit,1295,2026-10-02T16:22:30.000Z,1301.000,2972.65,168,196,78,2.501,29.84,50.81859,4.402944
2026-10-02,Running,Evening Run,"Finished work a bit early today so decided to go for a run. I went for three kilometres which is nice as I am not tired. My leg muscles are also not tired so they are getting stronger.

Now I will sleep happily.",2026-10-02_18-00-48_hk_1790956848.fit,1296,2026-10-02T16:22:31.000Z,1302.000,2974.77,168,196,78,2.438,29.84,50.818572,4.402944
2026-10-02,Running,Evening Run,"Finished work a bit early today so decided to go for a run. I went for three kilometres which is nice as I am not tired. My leg muscles are also not tired so they are getting stronger.

Now I will sleep happily.",2026-10-02_18-00-48_hk_1790956848.fit,1297,2026-10-02T16:22:32.000Z,1303.000,2976.89,168,194,78,2.424,29.83,50.818554,4.402926
2026-10-02,Running,Evening Run,"Finished work a bit early today so decided to go for a run. I went for three kilometres which is nice as I am not tired. My leg muscles are also not tired so they are getting stronger.

Now I will sleep happily.",2026-10-02_18-00-48_hk_1790956848.fit,1298,2026-10-02T16:22:33.000Z,1304.000,2979.84,168,194,78,2.429,29.83,50.818536,4.402908
2026-10-02,Running,Evening Run,"Finished work a bit early today so decided to go for a run. I went for three kilometres which is nice as I am not tired. My leg muscles are also not tired so they are getting stronger.

Now I will sleep happily.",2026-10-02_18-00-48_hk_1790956848.fit,1299,2026-10-02T16:22:34.000Z,1305.000,2982.8,168,187,79,2.515,29.82,50.818518,4.40289
2026-10-02,Running,Evening Run,"Finished work a bit early today so decided to go for a run. I went for three kilometres which is nice as I am not tired. My leg muscles are also not tired so they are getting stronger.

Now I will sleep happily.",2026-10-02_18-00-48_hk_1790956848.fit,1300,2026-10-02T16:22:35.000Z,1306.000,2984.57,168,187,79,2.48,29.82,50.8185,4.40289
2026-10-02,Running,Evening Run,"Finished work a bit early today so decided to go for a run. I went for three kilometres which is nice as I am not tired. My leg muscles are also not tired so they are getting stronger.

Now I will sleep happily.",2026-10-02_18-00-48_hk_1790956848.fit,1301,2026-10-02T16:22:36.000Z,1307.000,2986.34,168,187,79,2.424,29.81,50.818482,4.402872
2026-10-02,Running,Evening Run,"Finished work a bit early today so decided to go for a run. I went for three kilometres which is nice as I am not tired. My leg muscles are also not tired so they are getting stronger.

Now I will sleep happily.",2026-10-02_18-00-48_hk_1790956848.fit,1302,2026-10-02T16:22:37.000Z,1308.000,2988.1,168,184,76,2.394,29.81,50.818446,4.402854
2026-10-02,Running,Evening Run,"Finished work a bit early today so decided to go for a run. I went for three kilometres which is nice as I am not tired. My leg muscles are also not tired so they are getting stronger.

Now I will sleep happily.",2026-10-02_18-00-48_hk_1790956848.fit,1303,2026-10-02T16:22:38.000Z,1309.000,2991.48,168,184,76,2.418,29.8,50.818428,4.402854
2026-10-02,Running,Evening Run,"Finished work a bit early today so decided to go for a run. I went for three kilometres which is nice as I am not tired. My leg muscles are also not tired so they are getting stronger.

Now I will sleep happily.",2026-10-02_18-00-48_hk_1790956848.fit,1304,2026-10-02T16:22:39.000Z,1310.000,2994.85,168,185,76,2.467,29.8,50.81841,4.402836
2026-10-02,Running,Evening Run,"Finished work a bit early today so decided to go for a run. I went for three kilometres which is nice as I am not tired. My leg muscles are also not tired so they are getting stronger.

Now I will sleep happily.",2026-10-02_18-00-48_hk_1790956848.fit,1305,2026-10-02T16:22:40.000Z,1311.000,2996.84,168,185,79,2.451,29.79,50.818392,4.402836
2026-10-02,Running,Evening Run,"Finished work a bit early today so decided to go for a run. I went for three kilometres which is nice as I am not tired. My leg muscles are also not tired so they are getting stronger.

Now I will sleep happily.",2026-10-02_18-00-48_hk_1790956848.fit,1306,2026-10-02T16:22:41.000Z,1312.000,2998.83,168,185,79,2.415,29.78,50.818374,4.402818
2026-10-02,Running,Evening Run,"Finished work a bit early today so decided to go for a run. I went for three kilometres which is nice as I am not tired. My leg muscles are also not tired so they are getting stronger.

Now I will sleep happily.",2026-10-02_18-00-48_hk_1790956848.fit,1307,2026-10-02T16:22:42.000Z,1313.000,3000.82,168,183,79,2.396,29.78,50.818356,4.4028
2026-10-02,Running,Evening Run,"Finished work a bit early today so decided to go for a run. I went for three kilometres which is nice as I am not tired. My leg muscles are also not tired so they are getting stronger.

Now I will sleep happily.",2026-10-02_18-00-48_hk_1790956848.fit,1308,2026-10-02T16:22:43.000Z,1314.000,3002.56,168,183,78,2.351,29.77,50.818338,4.402782
2026-10-02,Running,Evening Run,"Finished work a bit early today so decided to go for a run. I went for three kilometres which is nice as I am not tired. My leg muscles are also not tired so they are getting stronger.

Now I will sleep happily.",2026-10-02_18-00-48_hk_1790956848.fit,1309,2026-10-02T16:22:44.000Z,1315.000,3004.3,168,183,78,2.326,29.76,50.81832,4.402746
2026-10-02,Running,Evening Run,"Finished work a bit early today so decided to go for a run. I went for three kilometres which is nice as I am not tired. My leg muscles are also not tired so they are getting stronger.

Now I will sleep happily.",2026-10-02_18-00-48_hk_1790956848.fit,1310,2026-10-02T16:22:45.000Z,1316.000,3006.03,168,144,78,2.302,29.76,50.818302,4.402728
2026-10-02,Running,Evening Run,"Finished work a bit early today so decided to go for a run. I went for three kilometres which is nice as I am not tired. My leg muscles are also not tired so they are getting stronger.

Now I will sleep happily.",2026-10-02_18-00-48_hk_1790956848.fit,1311,2026-10-02T16:22:46.000Z,1317.000,3009.01,168,144,77,2.334,29.74,50.818284,4.40271
2026-10-02,Running,Evening Run,"Finished work a bit early today so decided to go for a run. I went for three kilometres which is nice as I am not tired. My leg muscles are also not tired so they are getting stronger.

Now I will sleep happily.",2026-10-02_18-00-48_hk_1790956848.fit,1312,2026-10-02T16:22:47.000Z,1318.000,3011.99,168,145,77,2.399,29.73,50.818266,4.402692
2026-10-02,Running,Evening Run,"Finished work a bit early today so decided to go for a run. I went for three kilometres which is nice as I am not tired. My leg muscles are also not tired so they are getting stronger.

Now I will sleep happily.",2026-10-02_18-00-48_hk_1790956848.fit,1313,2026-10-02T16:22:48.000Z,1319.000,3013.53,166,145,77,2.36,29.71,50.818266,4.402674
2026-10-02,Running,Evening Run,"Finished work a bit early today so decided to go for a run. I went for three kilometres which is nice as I am not tired. My leg muscles are also not tired so they are getting stronger.

Now I will sleep happily.",2026-10-02_18-00-48_hk_1790956848.fit,1314,2026-10-02T16:22:49.000Z,1320.000,3015.07,166,145,76,2.34,29.69,50.818248,4.402656
2026-10-02,Running,Evening Run,"Finished work a bit early today so decided to go for a run. I went for three kilometres which is nice as I am not tired. My leg muscles are also not tired so they are getting stronger.

Now I will sleep happily.",2026-10-02_18-00-48_hk_1790956848.fit,1315,2026-10-02T16:22:50.000Z,1321.000,3016.61,166,144,76,2.305,29.67,50.81823,4.402656
2026-10-02,Running,Evening Run,"Finished work a bit early today so decided to go for a run. I went for three kilometres which is nice as I am not tired. My leg muscles are also not tired so they are getting stronger.

Now I will sleep happily.",2026-10-02_18-00-48_hk_1790956848.fit,1316,2026-10-02T16:22:51.000Z,1322.000,3018.42,166,144,76,2.233,29.65,50.81823,4.402638
2026-10-02,Running,Evening Run,"Finished work a bit early today so decided to go for a run. I went for three kilometres which is nice as I am not tired. My leg muscles are also not tired so they are getting stronger.

Now I will sleep happily.",2026-10-02_18-00-48_hk_1790956848.fit,1317,2026-10-02T16:22:52.000Z,1323.000,3020.22,166,144,69,2.215,29.62,50.818212,4.402638
2026-10-02,Running,Evening Run,"Finished work a bit early today so decided to go for a run. I went for three kilometres which is nice as I am not tired. My leg muscles are also not tired so they are getting stronger.

Now I will sleep happily.",2026-10-02_18-00-48_hk_1790956848.fit,1318,2026-10-02T16:22:53.000Z,1324.000,42949672.95,166,144,69,65.535,29.59,50.818194,4.40262
2026-10-02,Running,Evening Run,"Finished work a bit early today so decided to go for a run. I went for three kilometres which is nice as I am not tired. My leg muscles are also not tired so they are getting stronger.

Now I will sleep happily.",2026-10-02_18-00-48_hk_1790956848.fit,1319,2026-10-02T16:22:54.000Z,1325.000,42949672.95,166,144,69,65.535,29.56,50.818176,4.40262
2026-10-02,Running,Evening Run,"Finished work a bit early today so decided to go for a run. I went for three kilometres which is nice as I am not tired. My leg muscles are also not tired so they are getting stronger.

Now I will sleep happily.",2026-10-02_18-00-48_hk_1790956848.fit,1320,2026-10-02T16:22:55.000Z,1326.000,42949672.95,166,144,66,65.535,29.53,50.818176,4.402602